time,d1,d2,d3,el1,el2,el3,target_x,target_y
0.05091600000014296,4.016,1.796,3.872,3.859553860227889,1.4119192611477471,3.709485678635247,,
0.10124202400038484,4.016,1.796,3.872,3.859553860227889,1.4119192611477471,3.709485678635247,,
0.1513535240001147,4.016,1.796,3.872,3.859553860227889,1.4119192611477471,3.709485678635247,,
0.2016758010004196,3.9959999999999996,1.776,3.842,3.838738855405509,1.3863895556444443,3.6781604097700797,,
0.2518615220005813,3.9959999999999996,1.776,3.842,3.838738855405509,1.3863895556444443,3.6781604097700797,,
0.302024669000275,3.9959999999999996,1.806,3.842,3.838738855405509,1.4246178434934753,3.6781604097700797,,
0.3523559479999676,3.976,1.806,3.892,3.817915137873025,1.4246178434934753,3.730357087464952,,
0.40259798700026295,3.976,1.806,3.892,3.817915137873025,1.4246178434934753,3.730357087464952,,
0.45278060200053005,3.976,1.866,3.892,3.817915137873025,1.4999519992319754,3.730357087464952,,
0.50297382700046,4.016,1.866,3.872,3.859553860227889,1.4999519992319754,3.709485678635247,,
0.5532767250006145,4.016,1.866,3.872,3.859553860227889,1.4999519992319754,3.709485678635247,,
0.6034565139998449,4.006,1.8760000000000001,3.872,3.8491474380698905,1.5123742922967185,3.709485678635247,,
0.6538016970007448,4.006,1.8760000000000001,3.872,3.8491474380698905,1.5123742922967185,3.709485678635247,,
0.7039875150003354,4.006,1.8760000000000001,3.872,3.8491474380698905,1.5123742922967185,3.709485678635247,,
0.754193677999865,3.9959999999999996,1.756,3.872,3.838738855405509,1.360674832573896,3.709485678635247,,
0.8045148669998525,3.9959999999999996,1.756,3.872,3.838738855405509,1.360674832573896,3.709485678635247,,
0.854749785000422,3.9959999999999996,1.756,3.872,3.838738855405509,1.360674832573896,3.709485678635247,,
0.9048467270004039,3.9859999999999998,1.786,3.842,3.8283280946125813,1.3991769008956658,3.6781604097700797,,
0.9551770320003925,3.9859999999999998,1.786,3.842,3.8283280946125813,1.3991769008956658,3.6781604097700797,,
1.0052484300003925,3.9859999999999998,1.786,3.842,3.8283280946125813,1.3991769008956658,3.6781604097700797,,
1.0555373430006512,3.9959999999999996,1.786,3.872,3.838738855405509,1.3991769008956658,3.709485678635247,,
1.1058524820000457,3.9959999999999996,1.786,3.872,3.838738855405509,1.3991769008956658,3.709485678635247,,
1.1561844070001825,3.9959999999999996,1.786,3.872,3.838738855405509,1.3991769008956658,3.709485678635247,,
1.2065237249998972,3.9859999999999998,1.776,3.862,3.8283280946125813,1.3863895556444443,3.6990463635915676,,
1.2568180600001142,3.9859999999999998,1.776,3.862,3.8283280946125813,1.3863895556444443,3.6990463635915676,,
1.306907097000476,3.9859999999999998,1.856,3.862,3.8283280946125813,1.4874931932617372,3.6990463635915676,,
1.3572438569999576,3.9859999999999998,1.856,3.862,3.8283280946125813,1.4874931932617372,3.6990463635915676,,
1.4075938370006043,3.9859999999999998,1.856,3.862,3.8283280946125813,1.4874931932617372,3.6990463635915676,,
1.4579239089998737,3.9859999999999998,1.836,3.862,3.8283280946125813,1.4624623072065823,3.6990463635915676,,
1.5082002070003,3.976,1.836,3.852,3.817915137873025,1.4624623072065823,3.6886046142138897,,
1.5585293990006903,3.976,1.836,3.852,3.817915137873025,1.4624623072065823,3.6886046142138897,,
1.6086174330002905,3.9859999999999998,1.756,3.852,3.8283280946125813,1.360674832573896,3.6886046142138897,,
1.6589940230005595,3.9859999999999998,1.756,3.872,3.8283280946125813,1.360674832573896,3.709485678635247,,
1.7091957660004482,3.9859999999999998,1.756,3.872,3.8283280946125813,1.360674832573896,3.709485678635247,1.0,1.0
1.759530543999972,3.976,1.836,3.872,3.817915137873025,1.4624623072065823,3.709485678635247,,
1.8098717700004272,3.976,1.836,3.862,3.817915137873025,1.4624623072065823,3.6990463635915676,,
1.8601834669998425,3.976,1.836,3.862,3.817915137873025,1.4624623072065823,3.6990463635915676,,
1.9105078130005495,3.976,1.836,3.862,3.817915137873025,1.4624623072065823,3.6990463635915676,,
1.960842262999904,3.976,1.836,3.862,3.817915137873025,1.4624623072065823,3.6990463635915676,,
2.0109334920007313,3.976,1.836,3.862,3.817915137873025,1.4624623072065823,3.6990463635915676,,
2.061267916000361,3.9859999999999998,1.846,3.872,3.8283280946125813,1.474996949149387,3.709485678635247,,
2.1115989670006456,3.9859999999999998,1.846,3.872,3.8283280946125813,1.474996949149387,3.709485678635247,,
2.161720295000123,3.9859999999999998,1.846,3.872,3.8283280946125813,1.474996949149387,3.709485678635247,,
2.2120417710002584,3.9859999999999998,1.756,3.872,3.8283280946125813,1.360674832573896,3.709485678635247,,
2.2623429960003705,3.9859999999999998,1.756,3.872,3.8283280946125813,1.360674832573896,3.709485678635247,,
2.3126842179999585,3.9859999999999998,1.756,3.872,3.8283280946125813,1.360674832573896,3.709485678635247,,
2.362829399000475,3.9859999999999998,1.766,3.872,3.8283280946125813,1.3735559690089079,3.709485678635247,,
2.4131255190004595,3.9859999999999998,1.766,3.872,3.8283280946125813,1.3735559690089079,3.709485678635247,,
2.463452507000511,3.9859999999999998,1.836,3.872,3.8283280946125813,1.4624623072065823,3.709485678635247,,
2.5138053529999524,3.976,1.836,3.872,3.817915137873025,1.4624623072065823,3.709485678635247,,
2.5641145600002346,3.976,1.836,3.872,3.817915137873025,1.4624623072065823,3.709485678635247,,
2.6144418419999056,3.976,1.846,3.872,3.817915137873025,1.474996949149387,3.709485678635247,,
2.664617969000574,3.966,1.846,3.912,3.807499967170059,1.474996949149387,3.751219001871258,,
2.7147030260002794,3.966,1.846,3.912,3.807499967170059,1.474996949149387,3.751219001871258,,
2.764815012999861,3.936,1.856,3.912,3.7762409880726624,1.4874931932617372,3.751219001871258,,
2.815114134000396,3.936,1.856,3.852,3.7762409880726624,1.4874931932617372,3.6886046142138897,,
2.8654616310004712,3.936,1.856,3.852,3.7762409880726624,1.4874931932617372,3.6886046142138897,,
2.915801436000038,3.9160000000000004,1.836,3.852,3.755390259347223,1.4624623072065823,3.6886046142138897,,
2.9659901149998404,3.9160000000000004,1.836,3.912,3.755390259347223,1.4624623072065823,3.751219001871258,,
3.0163080700003775,3.9160000000000004,1.836,3.912,3.755390259347223,1.4624623072065823,3.751219001871258,,
3.0664488120000897,3.896,1.8760000000000001,3.9019999999999997,3.7345302248073984,1.5123742922967185,3.7407892215413576,,
3.116582075000224,3.896,1.8760000000000001,3.9019999999999997,3.7345302248073984,1.5123742922967185,3.7407892215413576,,
3.1667001920004623,3.896,1.8760000000000001,3.9019999999999997,3.7345302248073984,1.5123742922967185,3.7407892215413576,,
3.217011518000618,3.8760000000000003,1.946,3.8819999999999997,3.7136607276378926,1.5983791790435709,3.7199225798395315,,
3.267356884000037,3.8760000000000003,1.946,3.8819999999999997,3.7136607276378926,1.5983791790435709,3.7199225798395315,,
3.3176819540003635,3.8760000000000003,1.946,3.8819999999999997,3.7136607276378926,1.5983791790435709,3.7199225798395315,,
3.368018048000522,3.846,1.916,3.9019999999999997,3.6823383874923827,1.5617157231711536,3.7407892215413576,,
3.4183649750002587,3.846,1.916,3.9019999999999997,3.6823383874923827,1.5617157231711536,3.7407892215413576,,
3.468705389000206,3.846,1.946,3.9019999999999997,3.6823383874923827,1.5983791790435709,3.7407892215413576,,
3.519053339000493,3.846,1.946,3.912,3.6823383874923827,1.5983791790435709,3.751219001871258,,
3.5692369429998507,3.846,1.946,3.912,3.6823383874923827,1.5983791790435709,3.751219001871258,,
3.6195650939998814,3.846,1.836,3.912,3.6823383874923827,1.4624623072065823,3.751219001871258,,
3.6699111450006967,3.806,1.836,3.9219999999999997,3.640540619193803,1.4624623072065823,3.7616464480330944,,
3.7200149830005103,3.806,1.836,3.9219999999999997,3.640540619193803,1.4624623072065823,3.7616464480330944,,
3.7702115629999753,3.806,1.896,3.9219999999999997,3.640540619193803,1.5371128780932126,3.7616464480330944,,
3.820539576000556,3.806,1.896,3.912,3.640540619193803,1.5371128780932126,3.751219001871258,,
3.8708808430001227,3.806,1.896,3.912,3.640540619193803,1.5371128780932126,3.751219001871258,,
3.9212167559999216,3.7859999999999996,1.886,3.912,3.619626500068757,1.524760964872855,3.751219001871258,,
3.971362355000565,3.7859999999999996,1.886,3.9619999999999997,3.619626500068757,1.524760964872855,3.8033332749050532,,
4.021727493000071,3.7859999999999996,1.886,3.9619999999999997,3.619626500068757,1.524760964872855,3.8033332749050532,,
4.072047014000418,3.7560000000000002,1.976,3.952,3.588235778206332,1.634770931965699,3.792914974000867,,
4.1223647990000245,3.7560000000000002,1.976,3.952,3.588235778206332,1.634770931965699,3.792914974000867,,
4.172633586000302,3.7560000000000002,1.976,3.952,3.588235778206332,1.634770931965699,3.792914974000867,,
4.223003095999957,3.776,1.926,3.952,3.6091655545291905,1.5739682334786809,3.792914974000867,,
4.273175824000646,3.776,1.926,3.952,3.6091655545291905,1.5739682334786809,3.792914974000867,,
4.323362423000617,3.776,1.926,3.952,3.6091655545291905,1.5739682334786809,3.792914974000867,,
4.373657416000242,3.776,1.926,3.952,3.6091655545291905,1.5739682334786809,3.792914974000867,,
4.424010090000593,3.776,1.926,3.952,3.6091655545291905,1.5739682334786809,3.792914974000867,,
4.474149785000009,3.776,1.926,3.952,3.6091655545291905,1.5739682334786809,3.792914974000867,,
4.524447907000649,3.7359999999999998,1.926,3.972,3.567295334003059,1.5739682334786809,3.813749336283128,,
4.574615725000513,3.7359999999999998,1.926,3.972,3.567295334003059,1.5739682334786809,3.813749336283128,,
4.624798198999997,3.7359999999999998,2.026,3.972,3.567295334003059,1.694867546447214,3.813749336283128,,
4.67493628900047,3.726,2.026,3.952,3.556821052569274,1.694867546447214,3.792914974000867,,
4.725265932000184,3.726,2.026,3.952,3.556821052569274,1.694867546447214,3.792914974000867,,
4.775424068000575,3.726,1.966,3.952,3.556821052569274,1.6226694056399782,3.792914974000867,,
4.825766110000586,3.6959999999999997,1.966,4.0120000000000005,3.5253816814637244,1.6226694056399782,3.855391549505705,,
4.8760972210002365,3.6959999999999997,1.966,4.0120000000000005,3.5253816814637244,1.6226694056399782,3.855391549505705,,
4.926428233000479,3.6959999999999997,1.966,4.0120000000000005,3.5253816814637244,1.6226694056399782,3.855391549505705,,
4.976765793000595,3.6959999999999997,1.966,4.0120000000000005,3.5253816814637244,1.6226694056399782,3.855391549505705,,
5.027100108000013,3.6959999999999997,1.966,4.0120000000000005,3.5253816814637244,1.6226694056399782,3.855391549505705,,
5.077212844000314,3.5759999999999996,2.066,4.0120000000000005,3.3993640581732336,1.7424855810020348,3.855391549505705,,
5.127545227000155,3.5759999999999996,2.066,4.0120000000000005,3.3993640581732336,1.7424855810020348,3.855391549505705,,
5.177725448000274,3.5759999999999996,2.066,4.0120000000000005,3.3993640581732336,1.7424855810020348,3.855391549505705,,
5.228017679000004,3.5759999999999996,2.086,4.022,3.3993640581732336,1.7661528812648126,3.8657966837380364,,
5.2783355100000335,3.5759999999999996,2.086,4.022,3.3993640581732336,1.7661528812648126,3.8657966837380364,,
5.328665683000509,3.5759999999999996,2.086,4.022,3.3993640581732336,1.7661528812648126,3.8657966837380364,,
5.378805790000115,3.4959999999999996,2.1359999999999997,4.032,3.31510422158942,1.8249372591955042,3.876199685258746,,
5.429089492999992,3.4959999999999996,2.1359999999999997,4.032,3.31510422158942,1.8249372591955042,3.876199685258746,,
5.479416552000657,3.4959999999999996,2.1359999999999997,4.032,3.31510422158942,1.8249372591955042,3.876199685258746,,
5.529773337000734,3.526,2.166,4.062,3.3467261614897623,1.859961289919766,3.9073960638768117,,
5.580100296000637,3.526,2.166,4.062,3.3467261614897623,1.859961289919766,3.9073960638768117,,
5.630280369000502,3.526,2.1159999999999997,4.062,3.3467261614897623,1.801487163429148,3.9073960638768117,,
5.6806103750004695,3.4859999999999998,2.1159999999999997,4.0520000000000005,3.3045568538005208,1.801487163429148,3.8969993584808305,,
5.7309893770006965,3.4859999999999998,2.1159999999999997,4.0520000000000005,3.3045568538005208,1.801487163429148,3.8969993584808305,,
5.7812794120000035,3.4859999999999998,2.186,4.0520000000000005,3.3045568538005208,1.883214273522798,3.8969993584808305,,
5.831620212000416,3.4959999999999996,2.186,4.082,3.31510422158942,1.883214273522798,3.9281832951123854,,
5.881993233000685,3.4959999999999996,2.186,4.082,3.31510422158942,1.883214273522798,3.9281832951123854,,
5.932194897000045,3.4459999999999997,2.1959999999999997,4.082,3.262332907598487,1.894812919525302,3.9281832951123854,,
5.982316671000262,3.4459999999999997,2.1959999999999997,4.072,3.262332907598487,1.894812919525302,3.917790703955483,,
6.032647228999849,3.4459999999999997,2.1959999999999997,4.072,3.262332907598487,1.894812919525302,3.917790703955483,,
6.082993476999945,3.4160000000000004,2.166,4.072,3.230627802765277,1.859961289919766,3.917790703955483,,
6.1333345330003795,3.4160000000000004,2.166,4.112,3.230627802765277,1.859961289919766,3.9593489363783028,,
6.183672030000707,3.4160000000000004,2.166,4.112,3.230627802765277,1.859961289919766,3.9593489363783028,,
6.23386779700013,3.386,2.1959999999999997,4.082,3.1988898074175673,1.894812919525302,3.9281832951123854,,
6.284208887000204,3.386,2.1959999999999997,4.082,3.1988898074175673,1.894812919525302,3.9281832951123854,,
6.334335708000253,3.386,2.1959999999999997,4.082,3.1988898074175673,1.894812919525302,3.9281832951123854,,
6.384474633000536,3.3259999999999996,2.246,4.122,3.1353111488335568,1.952540908662351,3.9697334923140617,,
6.4348123230001875,3.3259999999999996,2.246,4.122,3.1353111488335568,1.952540908662351,3.9697334923140617,,
6.485159457000009,3.3259999999999996,2.246,4.122,3.1353111488335568,1.952540908662351,3.9697334923140617,,
6.535502503000316,3.2859999999999996,2.246,4.132,3.092845938613819,1.952540908662351,3.9801160787092624,,
6.585683829000118,3.2859999999999996,2.246,4.132,3.092845938613819,1.952540908662351,3.9801160787092624,,
6.635863866999898,3.2859999999999996,2.2659999999999996,4.132,3.092845938613819,1.9755141103014167,3.9801160787092624,,
6.686198858000353,3.266,2.2659999999999996,4.152,3.071588514107969,1.9755141103014167,4.0008754042084345,,
6.736539360000279,3.266,2.2659999999999996,4.152,3.071588514107969,1.9755141103014167,4.0008754042084345,,
6.78683635500056,3.266,2.2859999999999996,4.152,3.071588514107969,1.998423378566213,4.0008754042084345,,
6.83715491500061,3.2359999999999998,2.2859999999999996,4.172,3.039670376866544,1.998423378566213,4.021627033925448,,
6.88749759700022,3.2359999999999998,2.2859999999999996,4.172,3.039670376866544,1.998423378566213,4.021627033925448,,
6.937639832000059,3.2359999999999998,2.3859999999999997,4.172,3.039670376866544,2.112083331689353,4.021627033925448,,
6.988005238000369,3.2359999999999998,2.3859999999999997,4.152,3.039670376866544,2.112083331689353,4.0008754042084345,,
7.038132884000333,3.2359999999999998,2.3859999999999997,4.152,3.039670376866544,2.112083331689353,4.0008754042084345,,
7.088483507000092,3.2060000000000004,2.4059999999999997,4.152,3.007712752242142,2.134651259573797,4.0008754042084345,,
7.138790026000606,3.2060000000000004,2.4059999999999997,4.152,3.007712752242142,2.134651259573797,4.0008754042084345,,
7.189126009000574,3.2060000000000004,2.4059999999999997,4.152,3.007712752242142,2.134651259573797,4.0008754042084345,,
7.23921468700064,3.2060000000000004,2.396,4.192,3.007712752242142,2.123373730646586,4.042371086379874,,
7.289546501000586,3.2060000000000004,2.396,4.192,3.007712752242142,2.123373730646586,4.042371086379874,,
7.339635938999891,3.2060000000000004,2.396,4.192,3.007712752242142,2.123373730646586,4.042371086379874,,
7.389819425000496,3.186,2.436,4.172,2.9863851057758777,2.1684086330763397,4.021627033925448,,
7.440121337000164,3.186,2.436,4.172,2.9863851057758777,2.1684086330763397,4.021627033925448,,
7.490449736000301,3.186,2.436,4.172,2.9863851057758777,2.1684086330763397,4.021627033925448,,
7.540608885000438,3.1260000000000003,2.4459999999999997,4.192,2.922289513378167,2.1796366669699787,4.042371086379874,,
7.59098398200058,3.1260000000000003,2.4459999999999997,4.192,2.922289513378167,2.1796366669699787,4.042371086379874,,
7.641323546999956,3.1260000000000003,2.4459999999999997,4.192,2.922289513378167,2.1796366669699787,4.042371086379874,,
7.691659239000728,3.1260000000000003,2.4459999999999997,4.192,2.922289513378167,2.1796366669699787,4.042371086379874,,
7.741814654999871,3.1260000000000003,2.4459999999999997,4.192,2.922289513378167,2.1796366669699787,4.042371086379874,,
7.7921364800004085,3.1260000000000003,2.4459999999999997,4.192,2.922289513378167,2.1796366669699787,4.042371086379874,,
7.842461666000418,3.0860000000000003,2.4459999999999997,4.252,2.879461060684794,2.1796366669699787,4.104558928800998,,
7.892798221000703,3.0860000000000003,2.4459999999999997,4.252,2.879461060684794,2.1796366669699787,4.104558928800998,,
7.943119731000479,3.0860000000000003,2.4459999999999997,4.252,2.879461060684794,2.1796366669699787,4.104558928800998,,
7.993431859000339,3.0860000000000003,2.4459999999999997,4.252,2.879461060684794,2.1796366669699787,4.104558928800998,,
8.043759982000665,3.0860000000000003,2.4459999999999997,4.252,2.879461060684794,2.1796366669699787,4.104558928800998,,
8.094092136000654,3.0359999999999996,2.496,4.252,2.825808910736888,2.2356019323663148,4.104558928800998,,
8.144421592000072,3.0359999999999996,2.496,4.252,2.825808910736888,2.2356019323663148,4.104558928800998,,
8.194772032999936,3.0359999999999996,2.496,4.252,2.825808910736888,2.2356019323663148,4.104558928800998,,
8.24509723400024,2.9959999999999996,2.546,4.252,2.7827892482184127,2.2912913389615035,4.104558928800998,,
8.295431164000547,2.9959999999999996,2.546,4.252,2.7827892482184127,2.2912913389615035,4.104558928800998,,
8.34562722100054,2.9959999999999996,2.546,4.252,2.7827892482184127,2.2912913389615035,4.104558928800998,,
8.395978257000024,3.016,2.5559999999999996,4.272,2.8043102538770563,2.3023978804715743,4.125273809094374,,
8.446319872000458,3.016,2.5559999999999996,4.272,2.8043102538770563,2.3023978804715743,4.125273809094374,,
8.496647457000108,3.016,2.5559999999999996,4.272,2.8043102538770563,2.3023978804715743,4.125273809094374,,
8.546995561000585,2.9560000000000004,2.586,4.272,2.739678083279129,2.335657509139557,4.125273809094374,,
8.597319106000214,2.9560000000000004,2.586,4.272,2.739678083279129,2.335657509139557,4.125273809094374,,
8.64764036700035,2.9560000000000004,2.586,4.272,2.739678083279129,2.335657509139557,4.125273809094374,,
8.697999551000066,2.9459999999999997,2.6359999999999997,4.272,2.7288854867876005,2.3908985758496737,4.125273809094374,,
8.748318803000075,2.9459999999999997,2.6359999999999997,4.272,2.7288854867876005,2.3908985758496737,4.125273809094374,,
8.7986764770003,2.9459999999999997,2.646,4.272,2.7288854867876005,2.401919232613786,4.125273809094374,,
8.849026253000375,2.896,2.646,4.352,2.6748300880616696,2.401919232613786,4.208064163008925,,
8.89936491500066,2.896,2.646,4.352,2.6748300880616696,2.401919232613786,4.208064163008925,,
8.949725925000166,2.896,2.646,4.352,2.6748300880616696,2.401919232613786,4.208064163008925,,
8.999889884999902,2.8760000000000003,2.646,4.352,2.6531633948929723,2.401919232613786,4.208064163008925,,
9.050232141999913,2.8760000000000003,2.646,4.352,2.6531633948929723,2.401919232613786,4.208064163008925,,
9.100550183999985,2.8760000000000003,2.646,4.352,2.6531633948929723,2.401919232613786,4.208064163008925,,
9.150885734999974,2.8760000000000003,2.646,4.352,2.6531633948929723,2.401919232613786,4.208064163008925,,
9.201023561000511,2.8760000000000003,2.646,4.352,2.6531633948929723,2.401919232613786,4.208064163008925,,
9.251196292000714,2.816,2.7359999999999998,4.352,2.5880023183915424,2.5007190965800214,4.208064163008925,,
9.301392289999967,2.816,2.7359999999999998,4.382,2.5880023183915424,2.5007190965800214,4.239082919689116,,
9.351710865999848,2.816,2.7359999999999998,4.382,2.5880023183915424,2.5007190965800214,4.239082919689116,,
9.402040396000302,2.7960000000000003,2.756,4.402,2.566226022781314,2.522585181911604,4.25975398350656,,
9.452384725000229,2.7960000000000003,2.756,4.402,2.566226022781314,2.522585181911604,4.25975398350656,,
9.50253238500045,2.7960000000000003,2.756,4.402,2.566226022781314,2.522585181911604,4.25975398350656,,
9.552676737000183,2.7560000000000002,2.756,4.402,2.5225851819116043,2.522585181911604,4.25975398350656,,
9.603022835000047,2.7560000000000002,2.756,4.402,2.5225851819116043,2.522585181911604,4.25975398350656,,
9.653357042000607,2.7560000000000002,2.756,4.402,2.5225851819116043,2.522585181911604,4.25975398350656,,
9.703692069000681,2.7359999999999998,2.796,4.402,2.5007190965800214,2.5662260227813136,4.25975398350656,,
9.753836085999865,2.7359999999999998,2.796,4.402,2.5007190965800214,2.5662260227813136,4.25975398350656,,
9.804001542000151,2.7359999999999998,2.7859999999999996,4.402,2.5007190965800214,2.5553269849473272,4.25975398350656,,
9.854312518999905,2.7359999999999998,2.7859999999999996,4.482,2.5007190965800214,2.5553269849473272,4.342375386813075,,
9.90465169900017,2.7359999999999998,2.7859999999999996,4.482,2.5007190965800214,2.5553269849473272,4.342375386813075,,
9.955013385000711,2.7359999999999998,2.8059999999999996,4.482,2.5007190965800214,2.5771177699127366,4.342375386813075,,
10.0053576600003,2.7359999999999998,2.8059999999999996,4.462,2.5007190965800214,2.5771177699127366,4.321729283516032,,
10.055755600999873,2.7359999999999998,2.8059999999999996,4.462,2.5007190965800214,2.5771177699127366,4.321729283516032,,
10.105971184000737,2.686,2.8659999999999997,4.462,2.4459141440369487,2.6423201925580475,4.321729283516032,,
10.156024796000565,2.686,2.8659999999999997,4.502,2.4459141440369487,2.6423201925580475,4.363015470978759,,
10.206242397000096,2.686,2.8659999999999997,4.502,2.4459141440369487,2.6423201925580475,4.363015470978759,,
10.256380243999956,2.6559999999999997,2.896,4.502,2.4129309977701388,2.6748300880616696,4.363015470978759,,
10.306697392000387,2.6559999999999997,2.896,4.502,2.4129309977701388,2.6748300880616696,4.363015470978759,,
10.357037663000483,2.6559999999999997,2.896,4.502,2.4129309977701388,2.6748300880616696,4.363015470978759,,
10.40721698300058,2.6660000000000004,2.8459999999999996,4.502,2.423933992500621,2.6206136685898587,4.363015470978759,,
10.457544965000125,2.6660000000000004,2.8459999999999996,4.502,2.423933992500621,2.6206136685898587,4.363015470978759,,
10.507831304999854,2.6660000000000004,2.8459999999999996,4.502,2.423933992500621,2.6206136685898587,4.363015470978759,,
10.558167314999992,2.596,2.936,4.502,2.346724525801868,2.7180868271635474,4.363015470978759,,
10.608305958000528,2.596,2.936,4.502,2.346724525801868,2.7180868271635474,4.363015470978759,,
10.658493980999992,2.596,2.936,4.502,2.346724525801868,2.7180868271635474,4.363015470978759,,
10.708617225000125,2.5759999999999996,2.9459999999999997,4.542,2.3245808224279916,2.7288854867876005,4.404277920386042,,
10.758887740000318,2.5759999999999996,2.9459999999999997,4.542,2.3245808224279916,2.7288854867876005,4.404277920386042,,
10.809016593000706,2.5759999999999996,2.9459999999999997,4.542,2.3245808224279916,2.7288854867876005,4.404277920386042,,
10.859150732000671,2.556,2.9659999999999997,4.522,2.302397880471575,2.7504646880118275,4.383649621034966,,
10.909482295000089,2.556,2.9659999999999997,4.522,2.302397880471575,2.7504646880118275,4.383649621034966,,
10.959798491000583,2.556,2.9659999999999997,4.522,2.302397880471575,2.7504646880118275,4.383649621034966,,
11.00999386300009,2.556,2.9659999999999997,4.522,2.302397880471575,2.7504646880118275,4.383649621034966,,
11.060195420000127,2.556,2.9659999999999997,4.522,2.302397880471575,2.7504646880118275,4.383649621034966,,
11.110526872000264,2.556,3.026,4.522,2.302397880471575,2.815062343892227,4.383649621034966,,
11.1606666280004,2.5359999999999996,3.026,4.602,2.280174554721633,2.815062343892227,4.466128524796393,,
11.2110204720002,2.5359999999999996,3.026,4.602,2.280174554721633,2.815062343892227,4.466128524796393,,
11.261294060000182,2.4859999999999998,3.0359999999999996,4.602,2.224431612794603,2.825808910736888,4.466128524796393,,
11.311417642999913,2.4859999999999998,3.0359999999999996,4.622,2.224431612794603,2.825808910736888,4.486734224355171,,
11.361577562000093,2.4859999999999998,3.0359999999999996,4.622,2.224431612794603,2.825808910736888,4.486734224355171,,
11.411909550000018,2.466,3.0959999999999996,4.622,2.202057219965004,2.8901757732013458,4.486734224355171,,
11.462249494999924,2.466,3.0959999999999996,4.602,2.202057219965004,2.8901757732013458,4.466128524796393,,
11.512376616000438,2.466,3.0959999999999996,4.602,2.202057219965004,2.8901757732013458,4.466128524796393,,
11.562669083999936,2.476,3.0959999999999996,4.632,2.2132500988365504,2.8901757732013458,4.497035023212517,,
11.613008605000687,2.476,3.0959999999999996,4.632,2.2132500988365504,2.8901757732013458,4.497035023212517,,
11.663338037000358,2.476,3.0959999999999996,4.632,2.2132500988365504,2.8901757732013458,4.497035023212517,,
11.713633990000744,2.4459999999999997,3.146,4.602,2.1796366669699787,2.943673894982255,4.466128524796393,,
11.763975333999952,2.4459999999999997,3.146,4.602,2.1796366669699787,2.943673894982255,4.466128524796393,,
11.81411532400034,2.4459999999999997,3.146,4.602,2.1796366669699787,2.943673894982255,4.466128524796393,,
11.864220404000662,2.426,3.2159999999999997,4.672,2.1571685145115578,3.018369758661122,4.538224763054382,,
11.914393429000484,2.426,3.2159999999999997,4.672,2.1571685145115578,3.018369758661122,4.538224763054382,,
11.964593276999949,2.426,3.146,4.672,2.1571685145115578,2.943673894982255,4.538224763054382,,
12.014720027000294,2.3659999999999997,3.146,4.632,2.0894630889297847,2.943673894982255,4.497035023212517,,
12.065042805000303,2.3659999999999997,3.146,4.632,2.0894630889297847,2.943673894982255,4.497035023212517,,
12.115351752000606,2.3659999999999997,3.2359999999999998,4.632,2.0894630889297847,3.039670376866544,4.497035023212517,,
12.165666885000064,2.346,3.2359999999999998,4.672,2.0667888135946546,3.039670376866544,4.538224763054382,,
12.215999022000688,2.346,3.2359999999999998,4.672,2.0667888135946546,3.039670376866544,4.538224763054382,,
12.266150901000401,2.3259999999999996,3.246,4.672,2.0440587075717755,3.0503140821889145,4.538224763054382,,
12.316447799999878,2.3259999999999996,3.246,4.712,2.0440587075717755,3.0503140821889145,4.579393409612238,,
12.366754269000012,2.3259999999999996,3.246,4.712,2.0440587075717755,3.0503140821889145,4.579393409612238,,
12.417061134000505,2.306,3.2659999999999996,4.712,2.021270887337964,3.0715885141079684,4.579393409612238,,
12.467204254000535,2.306,3.2659999999999996,4.692,2.021270887337964,3.0715885141079684,4.558811687271147,,
12.51745210900026,2.306,3.2659999999999996,4.692,2.021270887337964,3.0715885141079684,4.558811687271147,,
12.567570479000096,2.2960000000000003,3.2859999999999996,4.752,2.0098547211179225,3.092845938613819,4.620541526704419,,
12.617895782000232,2.2960000000000003,3.2859999999999996,4.752,2.0098547211179225,3.092845938613819,4.620541526704419,,
12.668169813000532,2.2960000000000003,3.2859999999999996,4.752,2.0098547211179225,3.092845938613819,4.620541526704419,,
12.71834096800012,2.316,3.2659999999999996,4.732,2.0326721329324116,3.0715885141079684,4.599969999902174,,
12.768679144000089,2.316,3.2659999999999996,4.732,2.0326721329324116,3.0715885141079684,4.599969999902174,,
12.819028490000164,2.316,3.2659999999999996,4.732,2.0326721329324116,3.0715885141079684,4.599969999902174,,
12.869191781000154,2.3259999999999996,3.296,4.792,2.0440587075717755,3.1034683823103464,4.661669657965909,,
12.919309013000202,2.3259999999999996,3.296,4.792,2.0440587075717755,3.1034683823103464,4.661669657965909,,
12.969475613000213,2.3259999999999996,3.296,4.792,2.0440587075717755,3.1034683823103464,4.661669657965909,,
13.019617506000031,2.2359999999999998,3.3659999999999997,4.732,1.941029623679144,3.177712384719548,4.599969999902174,,
13.069764333999956,2.2359999999999998,3.3659999999999997,4.732,1.941029623679144,3.177712384719548,4.599969999902174,,
13.120108220000475,2.2359999999999998,3.396,4.732,1.941029623679144,3.209472853912305,4.599969999902174,,
13.170208851000098,2.226,3.396,4.732,1.9295014900227467,3.209472853912305,4.599969999902174,,
13.220534431000488,2.226,3.396,4.732,1.9295014900227467,3.209472853912305,4.599969999902174,,
13.270828811000683,2.226,3.4059999999999997,4.732,1.9295014900227467,3.2200521734903607,4.599969999902174,,
13.320981294000376,2.266,3.4059999999999997,4.752,1.9755141103014173,3.2200521734903607,4.620541526704419,,
13.37117398600003,2.266,3.4059999999999997,4.752,1.9755141103014173,3.2200521734903607,4.620541526704419,,
13.42151690100036,2.2459999999999996,3.4059999999999997,4.752,1.9525409086623506,3.2200521734903607,4.620541526704419,,
13.471846645999904,2.2459999999999996,3.4059999999999997,4.772,1.9525409086623506,3.2200521734903607,4.641108057350098,,
13.52218205400004,2.2459999999999996,3.4059999999999997,4.772,1.9525409086623506,3.2200521734903607,4.641108057350098,,
13.572495116000027,2.2359999999999998,3.3859999999999997,4.772,1.941029623679144,3.1988898074175665,4.641108057350098,,
13.622828756000672,2.2359999999999998,3.3859999999999997,4.772,1.941029623679144,3.1988898074175665,4.641108057350098,,
13.6731675179999,2.2359999999999998,3.3859999999999997,4.772,1.941029623679144,3.1988898074175665,4.641108057350098,,
13.723349040999892,2.276,3.396,4.832,1.9869765977484484,3.209472853912305,4.702778327754775,,
13.773570420000397,2.276,3.396,4.832,1.9869765977484484,3.209472853912305,4.702778327754775,,
13.823683943000106,2.276,3.396,4.832,1.9869765977484484,3.209472853912305,4.702778327754775,,
13.873820600000727,2.2359999999999998,3.396,4.772,1.941029623679144,3.209472853912305,4.641108057350098,,
13.92397216200061,2.2359999999999998,3.396,4.772,1.941029623679144,3.209472853912305,4.641108057350098,,
13.974300225000661,2.2359999999999998,3.396,4.772,1.941029623679144,3.209472853912305,4.641108057350098,,
14.024624119000691,2.2359999999999998,3.396,4.772,1.941029623679144,3.209472853912305,4.641108057350098,,
14.074933173000318,2.2359999999999998,3.396,4.772,1.941029623679144,3.209472853912305,4.641108057350098,,
14.125274484000329,2.2359999999999998,3.3859999999999997,4.772,1.941029623679144,3.1988898074175665,4.641108057350098,,
14.175638648000131,2.2359999999999998,3.3859999999999997,4.792,1.941029623679144,3.1988898074175665,4.661669657965909,,
14.225971976000437,2.2359999999999998,3.3859999999999997,4.792,1.941029623679144,3.1988898074175665,4.661669657965909,,
14.276231470999846,2.2359999999999998,3.416,4.792,1.941029623679144,3.2306278027652766,4.661669657965909,,
14.32642582400058,2.216,3.416,4.792,1.9179562038795364,3.2306278027652766,4.661669657965909,,
14.376755453999976,2.216,3.416,4.792,1.9179562038795364,3.2306278027652766,4.661669657965909,,
14.427027778000593,2.226,3.396,4.792,1.9295014900227467,3.209472853912305,4.661669657965909,,
14.477343537000706,2.226,3.396,4.772,1.9295014900227467,3.209472853912305,4.641108057350098,,
14.527471570000671,2.226,3.396,4.772,1.9295014900227467,3.209472853912305,4.641108057350098,,
14.577817981000408,2.2359999999999998,3.3459999999999996,4.772,1.941029623679144,3.156519602346863,4.641108057350098,,
14.628114160000223,2.2359999999999998,3.3459999999999996,4.792,1.941029623679144,3.156519602346863,4.661669657965909,,
14.678329115999986,2.2359999999999998,3.3459999999999996,4.792,1.941029623679144,3.156519602346863,4.661669657965909,1.0,3.0
14.728679707000083,2.226,3.396,4.812,1.9295014900227467,3.209472853912305,4.6822263935012804,,
14.77901340400058,2.226,3.396,4.812,1.9295014900227467,3.209472853912305,4.6822263935012804,,
14.829352720000315,2.226,3.396,4.812,1.9295014900227467,3.209472853912305,4.6822263935012804,,
14.879672793000282,2.226,3.356,4.792,1.9295014900227467,3.167117932758425,4.661669657965909,,
14.93000715800008,2.226,3.356,4.792,1.9295014900227467,3.167117932758425,4.661669657965909,,
14.980354246000388,2.226,3.356,4.792,1.9295014900227467,3.167117932758425,4.661669657965909,,
15.030691193000166,2.2459999999999996,3.336,4.732,1.9525409086623506,3.1459173542863454,4.599969999902174,,
15.081034675999945,2.2459999999999996,3.336,4.732,1.9525409086623506,3.1459173542863454,4.599969999902174,,
15.131383443000232,2.2459999999999996,3.3659999999999997,4.732,1.9525409086623506,3.177712384719548,4.599969999902174,,
15.18171567599984,2.2359999999999998,3.3659999999999997,4.832,1.941029623679144,3.177712384719548,4.702778327754775,,
15.232057605000591,2.2359999999999998,3.3659999999999997,4.832,1.941029623679144,3.177712384719548,4.702778327754775,,
15.28238069300005,2.2359999999999998,3.3659999999999997,4.832,1.941029623679144,3.177712384719548,4.702778327754775,,
15.332737982000253,2.2359999999999998,3.3659999999999997,4.752,1.941029623679144,3.177712384719548,4.620541526704419,,
15.38308074700035,2.2359999999999998,3.3659999999999997,4.752,1.941029623679144,3.177712384719548,4.620541526704419,,
15.433294514000409,2.216,3.3459999999999996,4.752,1.9179562038795364,3.156519602346863,4.620541526704419,,
15.48358844500035,2.216,3.3459999999999996,4.752,1.9179562038795364,3.156519602346863,4.620541526704419,,
15.533918410000297,2.216,3.3459999999999996,4.752,1.9179562038795364,3.156519602346863,4.620541526704419,,
15.584251338000286,2.216,3.3659999999999997,4.752,1.9179562038795364,3.177712384719548,4.620541526704419,,
15.634591376000571,2.216,3.3659999999999997,4.752,1.9179562038795364,3.177712384719548,4.620541526704419,,
15.684924215000137,2.216,3.3659999999999997,4.752,1.9179562038795364,3.177712384719548,4.620541526704419,,
15.735247195000738,2.206,3.3259999999999996,4.712,1.9063934536186387,3.1353111488335568,4.579393409612238,,
15.785579399000198,2.206,3.3259999999999996,4.712,1.9063934536186387,3.1353111488335568,4.579393409612238,,
15.83569098099997,2.206,3.3259999999999996,4.712,1.9063934536186387,3.1353111488335568,4.579393409612238,,
15.886014753999916,2.186,3.3859999999999997,4.712,1.883214273522798,3.1988898074175665,4.579393409612238,,
15.936362479000309,2.186,3.3859999999999997,4.712,1.883214273522798,3.1988898074175665,4.579393409612238,,
15.986474801999975,2.186,3.3859999999999997,4.712,1.883214273522798,3.1988898074175665,4.579393409612238,,
16.036821567000516,2.186,3.3859999999999997,4.692,1.883214273522798,3.1988898074175665,4.558811687271147,,
16.0869780740004,2.186,3.3859999999999997,4.692,1.883214273522798,3.1988898074175665,4.558811687271147,,
16.13738651099993,2.186,3.3859999999999997,4.692,1.883214273522798,3.1988898074175665,4.558811687271147,,
16.18768325900055,2.136,3.436,4.652,1.8249372591955046,3.2517681344154905,4.517632565846851,,
16.237802548000218,2.136,3.436,4.652,1.8249372591955046,3.2517681344154905,4.517632565846851,,
16.28815529900021,2.136,3.4659999999999997,4.652,1.8249372591955046,3.2834518421929073,4.517632565846851,,
16.33849543100041,2.136,3.4659999999999997,4.652,1.8249372591955046,3.2834518421929073,4.517632565846851,,
16.388825404000272,2.136,3.4659999999999997,4.652,1.8249372591955046,3.2834518421929073,4.517632565846851,,
16.43906931299989,2.136,3.4259999999999997,4.652,1.8249372591955046,3.241199777860044,4.517632565846851,,
16.48919005500011,2.126,3.4259999999999997,4.632,1.8132225456352562,3.241199777860044,4.497035023212517,,
16.539510949000032,2.126,3.4259999999999997,4.632,1.8132225456352562,3.241199777860044,4.497035023212517,,
16.589845424000487,2.0860000000000003,3.4259999999999997,4.632,1.766152881264813,3.241199777860044,4.497035023212517,,
16.640153983000346,2.0860000000000003,3.4259999999999997,4.622,1.766152881264813,3.241199777860044,4.486734224355171,,
16.69049609800004,2.0860000000000003,3.4259999999999997,4.622,1.766152881264813,3.241199777860044,4.486734224355171,,
16.7408286509999,2.106,3.4259999999999997,4.622,1.789730706000207,3.241199777860044,4.486734224355171,,
16.7909752810001,2.106,3.4259999999999997,4.602,1.789730706000207,3.241199777860044,4.466128524796393,,
16.84127111700036,2.106,3.4259999999999997,4.602,1.789730706000207,3.241199777860044,4.466128524796393,,
16.89161256100033,2.076,3.4259999999999997,4.522,1.7543306415838493,3.241199777860044,4.383649621034966,,
16.941971062999983,2.076,3.4259999999999997,4.522,1.7543306415838493,3.241199777860044,4.383649621034966,,
16.99225800900058,2.076,3.4259999999999997,4.522,1.7543306415838493,3.241199777860044,4.383649621034966,,
17.04257752400008,2.076,3.4259999999999997,4.522,1.7543306415838493,3.241199777860044,4.383649621034966,,
17.092901706000703,2.076,3.4259999999999997,4.522,1.7543306415838493,3.241199777860044,4.383649621034966,,
17.143239453000206,2.076,3.4259999999999997,4.522,1.7543306415838493,3.241199777860044,4.383649621034966,,
17.193378773000404,2.036,3.4659999999999997,4.522,1.7068087180466358,3.2834518421929073,4.383649621034966,,
17.24350066900024,2.036,3.4659999999999997,4.522,1.7068087180466358,3.2834518421929073,4.383649621034966,,
17.293640619000143,2.036,3.5159999999999996,4.522,1.7068087180466358,3.3361888435758544,4.383649621034966,,
17.343987083000684,2.016,3.5159999999999996,4.482,1.682901066610869,3.3361888435758544,4.342375386813075,,
17.39432086600027,2.016,3.5159999999999996,4.482,1.682901066610869,3.3361888435758544,4.342375386813075,,
17.44446736700047,2.016,3.526,4.482,1.682901066610869,3.3467261614897623,4.342375386813075,,
17.494812974000524,2.026,3.526,4.442,1.694867546447214,3.3467261614897623,4.301077074408224,,
17.545128142000067,2.026,3.526,4.442,1.694867546447214,3.3467261614897623,4.301077074408224,,
17.595463996000035,1.996,3.526,4.442,1.6588899903248557,3.3467261614897623,4.301077074408224,,
17.64580609099994,1.996,3.526,4.502,1.6588899903248557,3.3467261614897623,4.363015470978759,,
17.696140462000585,1.996,3.526,4.502,1.6588899903248557,3.3467261614897623,4.363015470978759,,
17.746292025000002,2.0060000000000002,3.506,4.502,1.6709087347907428,3.3256482074927884,4.363015470978759,,
17.796629247000055,2.0060000000000002,3.506,4.422,1.6709087347907428,3.3256482074927884,4.280418671111507,,
17.84698926300007,2.0060000000000002,3.506,4.422,1.6709087347907428,3.3256482074927884,4.280418671111507,,
17.89731018100065,1.996,3.566,4.402,1.6588899903248557,3.388842870361504,4.25975398350656,,
17.947644876000595,1.996,3.566,4.402,1.6588899903248557,3.388842870361504,4.25975398350656,,
17.998008492000736,1.996,3.566,4.402,1.6588899903248557,3.388842870361504,4.25975398350656,,
18.04825634200006,1.966,3.5759999999999996,4.382,1.6226694056399782,3.3993640581732336,4.239082919689116,,
18.098398795999856,1.966,3.5759999999999996,4.382,1.6226694056399782,3.3993640581732336,4.239082919689116,,
18.148693615999946,1.966,3.5759999999999996,4.382,1.6226694056399782,3.3993640581732336,4.239082919689116,,
18.19903735600019,1.966,3.5959999999999996,4.382,1.6226694056399782,3.42039705297499,4.239082919689116,,
18.24936429399986,1.966,3.5959999999999996,4.382,1.6226694056399782,3.42039705297499,4.239082919689116,,
18.299743343000046,1.966,3.666,4.382,1.6226694056399782,3.493916999586567,4.239082919689116,,
18.350074050999865,1.946,3.666,4.312,1.5983791790435709,3.493916999586567,4.166682613302818,,
18.400428660000216,1.946,3.666,4.312,1.5983791790435709,3.493916999586567,4.166682613302818,,
18.450773417000164,1.946,3.6559999999999997,4.312,1.5983791790435709,3.4834230291481965,4.166682613302818,,
18.50111852400005,1.986,3.6559999999999997,4.312,1.6468442549312305,3.4834230291481965,4.166682613302818,,
18.55145637900023,1.986,3.6559999999999997,4.312,1.6468442549312305,3.4834230291481965,4.166682613302818,,
18.601789694000217,1.986,3.646,4.312,1.6468442549312305,3.4729261437583148,4.166682613302818,,
18.65212949600027,1.986,3.646,4.272,1.6468442549312305,3.4729261437583148,4.125273809094374,,
18.702479077000135,1.986,3.646,4.272,1.6468442549312305,3.4729261437583148,4.125273809094374,,
18.75261778500044,1.946,3.6959999999999997,4.272,1.5983791790435709,3.5253816814637244,4.125273809094374,,
18.80299455400018,1.946,3.6959999999999997,4.272,1.5983791790435709,3.5253816814637244,4.125273809094374,,
18.853315149000082,1.946,3.6959999999999997,4.272,1.5983791790435709,3.5253816814637244,4.125273809094374,,
18.90363271500064,1.946,3.6959999999999997,4.212,1.5983791790435709,3.5253816814637244,4.063107677628049,,
18.953749795000476,1.946,3.6959999999999997,4.212,1.5983791790435709,3.5253816814637244,4.063107677628049,,
19.003848012000162,1.946,3.6959999999999997,4.212,1.5983791790435709,3.5253816814637244,4.063107677628049,,
19.05413966300057,1.886,3.7359999999999998,4.212,1.524760964872855,3.567295334003059,4.063107677628049,,
19.10449178500039,1.886,3.7359999999999998,4.212,1.524760964872855,3.567295334003059,4.063107677628049,,
19.15463860300042,1.886,3.7359999999999998,4.212,1.524760964872855,3.567295334003059,4.063107677628049,,
19.205005827000605,1.896,3.7659999999999996,4.212,1.5371128780932126,3.598701988217418,4.063107677628049,,
19.25512001700008,1.896,3.7659999999999996,4.212,1.5371128780932126,3.598701988217418,4.063107677628049,,
19.305442393000703,1.896,3.7659999999999996,4.212,1.5371128780932126,3.598701988217418,4.063107677628049,,
19.35577502600063,1.926,3.776,4.212,1.5739682334786809,3.6091655545291905,4.063107677628049,,
19.406111733000216,1.926,3.776,4.212,1.5739682334786809,3.6091655545291905,4.063107677628049,,
19.456439436999972,1.926,3.776,4.212,1.5739682334786809,3.6091655545291905,4.063107677628049,,
19.506779194000046,1.926,3.776,4.212,1.5739682334786809,3.6091655545291905,4.063107677628049,,
19.557087103999947,1.926,3.776,4.212,1.5739682334786809,3.6091655545291905,4.063107677628049,,
19.607306651000727,1.926,3.8659999999999997,4.212,1.5739682334786809,3.7032223805761375,4.063107677628049,,
19.657627299000524,1.906,3.8659999999999997,4.172,1.5494308632526974,3.7032223805761375,4.021627033925448,,
19.707974556999943,1.906,3.8659999999999997,4.172,1.5494308632526974,3.7032223805761375,4.021627033925448,,
19.758272247000605,1.906,3.8859999999999997,4.172,1.5494308632526974,3.7240966689923605,4.021627033925448,,
19.80861338700015,1.906,3.8859999999999997,4.132,1.5494308632526974,3.7240966689923605,3.9801160787092624,,
19.858965483000247,1.906,3.8859999999999997,4.132,1.5494308632526974,3.7240966689923605,3.9801160787092624,,
19.90937289500016,1.906,3.8459999999999996,4.132,1.5494308632526974,3.682338387492382,3.9801160787092624,,
19.959509977999915,1.906,3.8459999999999996,4.152,1.5494308632526974,3.682338387492382,4.0008754042084345,,
20.009651123000367,1.906,3.8459999999999996,4.152,1.5494308632526974,3.682338387492382,4.0008754042084345,,
20.05998813899987,1.906,3.8459999999999996,4.152,1.5494308632526974,3.682338387492382,4.0008754042084345,,
20.110319968000113,1.906,3.8459999999999996,4.152,1.5494308632526974,3.682338387492382,4.0008754042084345,,
20.160460945000523,1.906,3.8459999999999996,4.152,1.5494308632526974,3.682338387492382,4.0008754042084345,,
20.21062359500047,1.936,3.8659999999999997,4.132,1.5861891438286921,3.7032223805761375,3.9801160787092624,,
20.260767017000035,1.936,3.8659999999999997,4.132,1.5861891438286921,3.7032223805761375,3.9801160787092624,,
20.311096114000065,1.936,3.8659999999999997,4.132,1.5861891438286921,3.7032223805761375,3.9801160787092624,,
20.361415828000645,1.896,3.896,4.062,1.5371128780932126,3.7345302248073984,3.9073960638768117,,
20.411802829000408,1.896,3.896,4.062,1.5371128780932126,3.7345302248073984,3.9073960638768117,,
20.46213848500065,1.896,3.896,4.062,1.5371128780932126,3.7345302248073984,3.9073960638768117,,
20.51246982900011,1.926,3.896,4.0520000000000005,1.5739682334786809,3.7345302248073984,3.8969993584808305,,
20.562827086000652,1.926,3.896,4.0520000000000005,1.5739682334786809,3.7345302248073984,3.8969993584808305,,
20.613156915000218,1.926,3.9459999999999997,4.0520000000000005,1.5739682334786809,3.786662910796259,3.8969993584808305,,
20.663340028000675,1.8659999999999999,3.9459999999999997,4.072,1.4999519992319752,3.786662910796259,3.917790703955483,,
20.713679504000538,1.8659999999999999,3.9459999999999997,4.072,1.4999519992319752,3.786662910796259,3.917790703955483,,
20.764012986000125,1.876,4.016,4.072,1.5123742922967183,3.859553860227889,3.917790703955483,,
20.81434719200024,1.876,4.016,4.032,1.5123742922967183,3.859553860227889,3.876199685258746,,
20.864678881000145,1.876,4.016,4.032,1.5123742922967183,3.859553860227889,3.876199685258746,,
20.914804973000173,1.926,4.056,4.032,1.5739682334786809,3.90115828953402,3.876199685258746,,
20.965012420000676,1.926,4.056,3.972,1.5739682334786809,3.90115828953402,3.813749336283128,,
21.015211560000353,1.926,4.056,3.972,1.5739682334786809,3.90115828953402,3.813749336283128,,
21.065351932999874,1.926,4.016,3.952,1.5739682334786809,3.859553860227889,3.792914974000867,,
21.115683349999927,1.926,4.016,3.952,1.5739682334786809,3.859553860227889,3.792914974000867,,
21.16602064900053,1.926,4.016,3.952,1.5739682334786809,3.859553860227889,3.792914974000867,,
21.216220662000524,1.896,4.056,3.9619999999999997,1.5371128780932126,3.90115828953402,3.8033332749050532,,
21.26656162600011,1.896,4.056,3.9619999999999997,1.5371128780932126,3.90115828953402,3.8033332749050532,,
21.3166968860005,1.896,4.056,3.9619999999999997,1.5371128780932126,3.90115828953402,3.8033332749050532,,
21.367030761000024,1.936,4.0760000000000005,3.9819999999999998,1.5861891438286921,3.9219479853766552,3.824163176434813,,
21.41738610900029,1.936,4.0760000000000005,3.9819999999999998,1.5861891438286921,3.9219479853766552,3.824163176434813,,
21.467500407000443,1.936,4.1160000000000005,3.9819999999999998,1.5861891438286921,3.963502996088183,3.824163176434813,,
21.51786066600016,1.936,4.1160000000000005,3.8819999999999997,1.5861891438286921,3.963502996088183,3.7199225798395315,,
21.568012151000403,1.936,4.1160000000000005,3.8819999999999997,1.5861891438286921,3.963502996088183,3.7199225798395315,,
21.618343652000476,1.936,4.0760000000000005,3.8819999999999997,1.5861891438286921,3.9219479853766552,3.7199225798395315,,
21.668661352000527,1.906,4.0760000000000005,3.912,1.5494308632526974,3.9219479853766552,3.751219001871258,,
21.71902168900033,1.906,4.0760000000000005,3.912,1.5494308632526974,3.9219479853766552,3.751219001871258,,
21.769287910000457,1.926,4.136,3.912,1.5739682334786809,3.9842685652450687,3.751219001871258,,
21.819630925000638,1.926,4.136,3.9019999999999997,1.5739682334786809,3.9842685652450687,3.7407892215413576,,
21.869994280000356,1.926,4.136,3.9019999999999997,1.5739682334786809,3.9842685652450687,3.7407892215413576,,
21.920324694000556,1.926,4.1160000000000005,3.9019999999999997,1.5739682334786809,3.963502996088183,3.7407892215413576,,
21.970660071000566,1.926,4.1160000000000005,3.872,1.5739682334786809,3.963502996088183,3.709485678635247,,
22.020748024000568,1.926,4.1160000000000005,3.872,1.5739682334786809,3.963502996088183,3.709485678635247,,
22.07091560200024,1.976,4.236000000000001,3.852,1.634770931965699,4.087981898198671,3.6886046142138897,,
22.12125739700059,1.976,4.236000000000001,3.852,1.634770931965699,4.087981898198671,3.6886046142138897,,
22.171350411000276,1.976,4.236000000000001,3.852,1.634770931965699,4.087981898198671,3.6886046142138897,,
22.22145474900026,1.946,4.236000000000001,3.842,1.5983791790435709,4.087981898198671,3.6781604097700797,,
22.27177967300031,1.946,4.236000000000001,3.842,1.5983791790435709,4.087981898198671,3.6781604097700797,,
22.322106988000087,1.946,4.236000000000001,3.842,1.5983791790435709,4.087981898198671,3.6781604097700797,,
22.372454449000543,1.966,4.2860000000000005,3.842,1.6226694056399782,4.1397700419226195,3.6781604097700797,,
22.422791057000723,1.966,4.2860000000000005,3.842,1.6226694056399782,4.1397700419226195,3.6781604097700797,,
22.473124898000606,1.966,4.2860000000000005,3.842,1.6226694056399782,4.1397700419226195,3.6781604097700797,,
22.523449598000298,1.966,4.306,3.842,1.6226694056399782,4.160473050026884,3.6781604097700797,,
22.573607064000498,1.966,4.306,3.842,1.6226694056399782,4.160473050026884,3.6781604097700797,,
22.623969265000596,1.966,4.346,3.842,1.6226694056399782,4.2018586363655785,3.6781604097700797,,
22.674277486000392,1.956,4.346,3.802,1.6105390401974116,4.2018586363655785,3.6363586181783556,,
22.724396937000165,1.956,4.346,3.802,1.6105390401974116,4.2018586363655785,3.6363586181783556,,
22.77473424300024,1.956,4.3660000000000005,3.802,1.6105390401974116,4.222541414835384,3.6363586181783556,,
22.825079545000335,1.956,4.3660000000000005,3.772,1.6105390401974116,4.222541414835384,3.6049804437749726,,
22.87541368500024,1.956,4.3660000000000005,3.772,1.6105390401974116,4.222541414835384,3.6049804437749726,,
22.925792725000065,1.996,4.386,3.772,1.6588899903248557,4.243217647022128,3.6049804437749726,,
22.976102164000622,1.996,4.386,3.722,1.6588899903248557,4.243217647022128,3.5526305746587274,,
23.02624572900004,1.996,4.386,3.722,1.6588899903248557,4.243217647022128,3.5526305746587274,,
23.07658446700043,1.996,4.386,3.722,1.6588899903248557,4.243217647022128,3.5526305746587274,,
23.126728734000608,1.996,4.386,3.722,1.6588899903248557,4.243217647022128,3.5526305746587274,,
23.177060134000385,1.996,4.386,3.722,1.6588899903248557,4.243217647022128,3.5526305746587274,,
23.227378282000245,1.946,4.466,3.682,1.5983791790435709,4.325858989842365,3.510701354430479,,
23.277708155000255,1.946,4.466,3.682,1.5983791790435709,4.325858989842365,3.510701354430479,,
23.328041552000286,1.946,4.466,3.682,1.5983791790435709,4.325858989842365,3.510701354430479,,
23.37837709300038,1.936,4.446000000000001,3.722,1.5861891438286921,4.305208008911998,3.5526305746587274,,
23.42871394500071,1.936,4.446000000000001,3.722,1.5861891438286921,4.305208008911998,3.5526305746587274,,
23.479052761000275,1.936,4.446000000000001,3.722,1.5861891438286921,4.305208008911998,3.5526305746587274,,
23.52939219200016,1.976,4.516,3.722,1.634770931965699,4.377459994106171,3.5526305746587274,,
23.579730651999853,1.976,4.516,3.722,1.634770931965699,4.377459994106171,3.5526305746587274,,
23.630061040000328,1.976,4.516,3.722,1.634770931965699,4.377459994106171,3.5526305746587274,,
23.680405129000064,1.996,4.516,3.682,1.6588899903248557,4.377459994106171,3.510701354430479,,
23.73073612600001,1.996,4.516,3.682,1.6588899903248557,4.377459994106171,3.510701354430479,,
23.781076541000402,1.996,4.556,3.682,1.6588899903248557,4.418714292642148,3.510701354430479,,
23.831407893000687,2.0060000000000002,4.556,3.682,1.6709087347907428,4.418714292642148,3.510701354430479,,
23.881783620000533,2.0060000000000002,4.556,3.682,1.6709087347907428,4.418714292642148,3.510701354430479,,
23.93210968099993,1.986,4.556,3.682,1.6468442549312305,4.418714292642148,3.510701354430479,,
23.9824590799999,1.986,4.556,3.6919999999999997,1.6468442549312305,4.418714292642148,3.521187867751449,,
24.032802391000587,1.986,4.556,3.6919999999999997,1.6468442549312305,4.418714292642148,3.521187867751449,,
24.083115245000045,2.026,4.5760000000000005,3.6919999999999997,1.694867546447214,4.439332832757644,3.521187867751449,,
24.13346843799991,2.026,4.5760000000000005,3.6519999999999997,1.694867546447214,4.439332832757644,3.479224626263731,,
24.183811391000745,2.026,4.5760000000000005,3.6519999999999997,1.694867546447214,4.439332832757644,3.479224626263731,,
24.234109081000497,2.056,4.6160000000000005,3.682,1.730617230932363,4.480553090858316,3.510701354430479,,
24.284456198000044,2.056,4.6160000000000005,3.682,1.730617230932363,4.480553090858316,3.510701354430479,,
24.33462429500014,2.056,4.6160000000000005,3.682,1.730617230932363,4.480553090858316,3.510701354430479,,
24.384983524000745,2.016,4.6160000000000005,3.662,1.682901066610869,4.480553090858316,3.4897197595222456,,
24.43532757000048,2.016,4.6160000000000005,3.662,1.682901066610869,4.480553090858316,3.4897197595222456,,
24.485661051000534,2.016,4.6160000000000005,3.662,1.682901066610869,4.480553090858316,3.4897197595222456,,
24.536007680000694,2.026,4.5760000000000005,3.662,1.694867546447214,4.439332832757644,3.4897197595222456,,
24.586287191999872,2.026,4.5760000000000005,3.662,1.694867546447214,4.439332832757644,3.4897197595222456,,
24.63641350099988,2.026,4.5760000000000005,3.662,1.694867546447214,4.439332832757644,3.4897197595222456,,
24.686526365000645,2.016,4.5760000000000005,3.6719999999999997,1.682901066610869,4.439332832757644,3.5002119935798173,,
24.73686158200053,2.016,4.5760000000000005,3.6719999999999997,1.682901066610869,4.439332832757644,3.5002119935798173,,
24.787012751000475,2.016,4.5760000000000005,3.6719999999999997,1.682901066610869,4.439332832757644,3.5002119935798173,,
24.837203856000087,2.036,4.5760000000000005,3.622,1.7068087180466358,4.439332832757644,3.4477215664841614,,
24.88753550399997,2.036,4.5760000000000005,3.622,1.7068087180466358,4.439332832757644,3.4477215664841614,,
24.937679925999873,2.036,4.5360000000000005,3.622,1.7068087180466358,4.398090040006003,3.4477215664841614,,
24.988012449000053,2.036,4.5360000000000005,3.6519999999999997,1.7068087180466358,4.398090040006003,3.479224626263731,,
25.038347239999894,2.036,4.5360000000000005,3.6519999999999997,1.7068087180466358,4.398090040006003,3.479224626263731,,
25.08848656900045,2.056,4.556,3.6519999999999997,1.730617230932363,4.418714292642148,3.479224626263731,,
25.138833439000337,2.056,4.556,3.642,1.730617230932363,4.418714292642148,3.4687265674884205,,
25.189174883000305,2.056,4.556,3.642,1.730617230932363,4.418714292642148,3.4687265674884205,,
25.239317068000673,2.0060000000000002,4.5360000000000005,3.6519999999999997,1.6709087347907428,4.398090040006003,3.479224626263731,,
25.28967260399986,2.0060000000000002,4.5360000000000005,3.6519999999999997,1.6709087347907428,4.398090040006003,3.479224626263731,,
25.339812206000715,2.0060000000000002,4.5360000000000005,3.6519999999999997,1.6709087347907428,4.398090040006003,3.479224626263731,,
25.3902109390001,2.016,4.5760000000000005,3.642,1.682901066610869,4.439332832757644,3.4687265674884205,,
25.440342096000677,2.016,4.5760000000000005,3.642,1.682901066610869,4.439332832757644,3.4687265674884205,,
25.490454026000407,2.016,4.5760000000000005,3.642,1.682901066610869,4.439332832757644,3.4687265674884205,,
25.540782891000163,2.056,4.556,3.662,1.730617230932363,4.418714292642148,3.4897197595222456,,
25.59106188900023,2.056,4.556,3.662,1.730617230932363,4.418714292642148,3.4897197595222456,,
25.64126000200031,2.056,4.556,3.662,1.730617230932363,4.418714292642148,3.4897197595222456,,
25.691400295000676,2.036,4.5760000000000005,3.6519999999999997,1.7068087180466358,4.439332832757644,3.479224626263731,,
25.741719900000135,2.036,4.5760000000000005,3.6519999999999997,1.7068087180466358,4.439332832757644,3.479224626263731,,
25.79202045400052,2.036,4.5760000000000005,3.6519999999999997,1.7068087180466358,4.439332832757644,3.479224626263731,,
25.84238079700026,2.0060000000000002,4.5760000000000005,3.662,1.6709087347907428,4.439332832757644,3.4897197595222456,,
25.89268643000014,2.0060000000000002,4.5760000000000005,3.662,1.6709087347907428,4.439332832757644,3.4897197595222456,,
25.94302272799996,2.0060000000000002,4.5760000000000005,3.662,1.6709087347907428,4.439332832757644,3.4897197595222456,,
25.99311034600032,2.0060000000000002,4.5760000000000005,3.662,1.6709087347907428,4.439332832757644,3.4897197595222456,,
26.04343625799993,2.0060000000000002,4.5760000000000005,3.662,1.6709087347907428,4.439332832757644,3.4897197595222456,,
26.093584650000594,2.0060000000000002,4.5760000000000005,3.662,1.6709087347907428,4.439332832757644,3.4897197595222456,,
26.143731357999968,2.0060000000000002,4.5760000000000005,3.662,1.6709087347907428,4.439332832757644,3.4897197595222456,,
26.19405934600036,2.0060000000000002,4.5760000000000005,3.662,1.6709087347907428,4.439332832757644,3.4897197595222456,,
26.24438232400007,2.036,4.5760000000000005,3.662,1.7068087180466358,4.439332832757644,3.4897197595222456,,
26.294709423999848,2.036,4.5760000000000005,3.6519999999999997,1.7068087180466358,4.439332832757644,3.479224626263731,,
26.3450364979999,2.036,4.5760000000000005,3.6519999999999997,1.7068087180466358,4.439332832757644,3.479224626263731,,
26.39537003300029,2.066,4.5760000000000005,3.642,1.7424855810020348,4.439332832757644,3.4687265674884205,,
26.445514116000595,2.066,4.5760000000000005,3.642,1.7424855810020348,4.439332832757644,3.4687265674884205,,
26.4958588770005,2.066,4.5760000000000005,3.642,1.7424855810020348,4.439332832757644,3.4687265674884205,3.0,3.0
26.54620350999994,2.106,4.5760000000000005,3.662,1.789730706000207,4.439332832757644,3.4897197595222456,,
26.59655063399987,2.106,4.5760000000000005,3.662,1.789730706000207,4.439332832757644,3.4897197595222456,,
26.6468913839999,2.106,4.5760000000000005,3.662,1.789730706000207,4.439332832757644,3.4897197595222456,,
26.69718849000037,2.276,4.466,3.6319999999999997,1.9869765977484484,4.325858989842365,3.4582255565535336,,
26.74749962400074,2.276,4.466,3.6319999999999997,1.9869765977484484,4.325858989842365,3.4582255565535336,,
26.79780377499992,2.276,4.446000000000001,3.6319999999999997,1.9869765977484484,4.305208008911998,3.4582255565535336,,
26.848118288000478,2.1159999999999997,4.446000000000001,3.642,1.801487163429148,4.305208008911998,3.4687265674884205,,
26.89843539499998,2.1159999999999997,4.446000000000001,3.642,1.801487163429148,4.305208008911998,3.4687265674884205,,
26.948751759000515,2.1159999999999997,4.466,3.642,1.801487163429148,4.325858989842365,3.4687265674884205,,
26.999086630999955,2.4160000000000004,4.466,3.6519999999999997,2.1459161213803304,4.325858989842365,3.479224626263731,,
27.049434919000305,2.4160000000000004,4.466,3.6519999999999997,2.1459161213803304,4.325858989842365,3.479224626263731,,
27.099649180000597,2.8760000000000003,4.516,3.6519999999999997,2.6531633948929723,4.377459994106171,3.479224626263731,,
27.1499933770001,2.8760000000000003,4.516,3.662,2.6531633948929723,4.377459994106171,3.4897197595222456,,
27.200323875000322,2.8760000000000003,4.516,3.662,2.6531633948929723,4.377459994106171,3.4897197595222456,,
27.250446153000667,2.6559999999999997,4.466,3.662,2.4129309977701388,4.325858989842365,3.4897197595222456,,
27.300773611000295,2.6559999999999997,4.466,3.6519999999999997,2.4129309977701388,4.325858989842365,3.479224626263731,,
27.351072964000195,2.6559999999999997,4.466,3.6519999999999997,2.4129309977701388,4.325858989842365,3.479224626263731,,
27.40121448700029,2.5460000000000003,4.406000000000001,3.622,2.291291338961504,4.26388742815755,3.4477215664841614,,
27.451530837000064,2.5460000000000003,4.406000000000001,3.622,2.291291338961504,4.26388742815755,3.4477215664841614,,
27.501669992000643,2.5460000000000003,4.406000000000001,3.622,2.291291338961504,4.26388742815755,3.4477215664841614,,
27.55202525599998,2.6660000000000004,4.516,3.622,2.423933992500621,4.377459994106171,3.4477215664841614,,
27.602367303999927,2.6660000000000004,4.516,3.622,2.423933992500621,4.377459994106171,3.4477215664841614,,
27.652702841000064,2.6660000000000004,4.516,3.622,2.423933992500621,4.377459994106171,3.4477215664841614,,
27.70305903999997,2.0860000000000003,4.446000000000001,3.622,1.766152881264813,4.305208008911998,3.4477215664841614,,
27.75338245400053,2.0860000000000003,4.446000000000001,3.622,1.766152881264813,4.305208008911998,3.4477215664841614,,
27.803524175999883,2.0860000000000003,4.516,3.622,1.766152881264813,4.377459994106171,3.4477215664841614,,
27.853865609999957,2.076,4.516,3.682,1.7543306415838493,4.377459994106171,3.510701354430479,,
27.904198787000496,2.076,4.516,3.682,1.7543306415838493,4.377459994106171,3.510701354430479,,
27.95434079200004,2.076,4.446000000000001,3.682,1.7543306415838493,4.305208008911998,3.510701354430479,,
28.00467734599988,2.036,4.446000000000001,3.682,1.7068087180466358,4.305208008911998,3.510701354430479,,
28.05479630300033,2.036,4.446000000000001,3.682,1.7068087180466358,4.305208008911998,3.510701354430479,,
28.10512059300072,2.026,4.516,3.682,1.694867546447214,4.377459994106171,3.510701354430479,,
28.155416225999943,2.026,4.516,3.6719999999999997,1.694867546447214,4.377459994106171,3.5002119935798173,,
28.205711126000097,2.026,4.516,3.6719999999999997,1.694867546447214,4.377459994106171,3.5002119935798173,,
28.255878896000468,2.066,4.446000000000001,3.6719999999999997,1.7424855810020348,4.305208008911998,3.5002119935798173,,
28.306211178000012,2.066,4.446000000000001,3.6519999999999997,1.7424855810020348,4.305208008911998,3.479224626263731,,
28.356534425000063,2.066,4.446000000000001,3.6519999999999997,1.7424855810020348,4.305208008911998,3.479224626263731,,
28.406623913000658,2.106,4.426,3.622,1.789730706000207,4.2845508516062685,3.4477215664841614,,
28.4569973560001,2.106,4.426,3.622,1.789730706000207,4.2845508516062685,3.4477215664841614,,
28.507217508000394,2.106,4.426,3.622,1.789730706000207,4.2845508516062685,3.4477215664841614,,
28.557537437000065,2.036,4.426,3.622,1.7068087180466358,4.2845508516062685,3.4477215664841614,,
28.607875725000667,2.036,4.426,3.622,1.7068087180466358,4.2845508516062685,3.4477215664841614,,
28.6580099290004,2.036,4.426,3.622,1.7068087180466358,4.2845508516062685,3.4477215664841614,,
28.708335560000705,2.1159999999999997,4.346,3.622,1.801487163429148,4.2018586363655785,3.4477215664841614,,
28.75862242400035,2.1159999999999997,4.346,3.622,1.801487163429148,4.2018586363655785,3.4477215664841614,,
28.808981211000173,2.1159999999999997,4.346,3.622,1.801487163429148,4.2018586363655785,3.4477215664841614,,
28.859311150000394,2.096,4.3660000000000005,3.622,1.7779527552778225,4.222541414835384,3.4477215664841614,,
28.909640347000277,2.096,4.3660000000000005,3.622,1.7779527552778225,4.222541414835384,3.4477215664841614,,
28.9600112600001,2.096,4.3260000000000005,3.622,1.7779527552778225,4.1811692144662125,3.4477215664841614,,
29.010342240000682,2.126,4.3260000000000005,3.582,1.8132225456352562,4.1811692144662125,3.405675263438955,,
29.060639678999905,2.126,4.3260000000000005,3.582,1.8132225456352562,4.1811692144662125,3.405675263438955,,
29.110987138000382,2.126,4.3260000000000005,3.582,1.8132225456352562,4.1811692144662125,3.405675263438955,,
29.161185967000165,2.126,4.3260000000000005,3.582,1.8132225456352562,4.1811692144662125,3.405675263438955,,
29.211527920000663,2.126,4.3260000000000005,3.582,1.8132225456352562,4.1811692144662125,3.405675263438955,,
29.26169771200057,2.146,4.266,3.582,1.8366316996066465,4.119060086961587,3.405675263438955,,
29.312040671999966,2.146,4.266,3.552,1.8366316996066465,4.119060086961587,3.3741078820926873,,
29.36236258200006,2.146,4.266,3.552,1.8366316996066465,4.119060086961587,3.3741078820926873,,
29.41270183800043,2.146,4.196000000000001,3.552,1.8366316996066465,4.0465189978548235,3.3741078820926873,,
29.462997061999886,2.146,4.196000000000001,3.602,1.8366316996066465,4.0465189978548235,3.426704539349723,,
29.513185587000407,2.146,4.196000000000001,3.602,1.8366316996066465,4.0465189978548235,3.426704539349723,,
29.563512995000565,2.1159999999999997,4.216,3.542,1.801487163429148,4.067254110576323,3.3635790461946926,,
29.613845072000004,2.1159999999999997,4.216,3.542,1.801487163429148,4.067254110576323,3.3635790461946926,,
29.664176742000564,2.1159999999999997,4.216,3.542,1.801487163429148,4.067254110576323,3.3635790461946926,,
29.71452410100028,2.186,4.176,3.562,1.883214273522798,4.025776446848483,3.384633510440975,,
29.76486251999995,2.186,4.176,3.562,1.883214273522798,4.025776446848483,3.384633510440975,,
29.8151790790007,2.186,4.176,3.562,1.883214273522798,4.025776446848483,3.384633510440975,,
29.865528273000564,2.2359999999999998,4.176,3.552,1.941029623679144,4.025776446848483,3.3741078820926873,,
29.915870455000004,2.2359999999999998,4.176,3.552,1.941029623679144,4.025776446848483,3.3741078820926873,,
29.966212565000205,2.2359999999999998,4.056,3.552,1.941029623679144,3.90115828953402,3.3741078820926873,,
30.01656204000028,2.226,4.056,3.532,1.9295014900227467,3.90115828953402,3.3530469725311036,,
30.06690481700025,2.226,4.056,3.532,1.9295014900227467,3.90115828953402,3.3530469725311036,,
30.117068236000705,2.226,4.0760000000000005,3.532,1.9295014900227467,3.9219479853766552,3.3530469725311036,,
30.167400934000398,2.306,4.0760000000000005,3.532,2.021270887337964,3.9219479853766552,3.3530469725311036,,
30.217740968000726,2.306,4.0760000000000005,3.532,2.021270887337964,3.9219479853766552,3.3530469725311036,,
30.268013300999883,2.3360000000000003,4.0760000000000005,3.532,2.055430855076376,3.9219479853766552,3.3530469725311036,,
30.318206052000278,2.3360000000000003,4.0760000000000005,3.532,2.055430855076376,3.9219479853766552,3.3530469725311036,,
30.368437527000424,2.3360000000000003,4.0760000000000005,3.532,2.055430855076376,3.9219479853766552,3.3530469725311036,,
30.418559383000684,2.3360000000000003,3.956,3.532,2.055430855076376,3.797082564285375,3.3530469725311036,,
30.46888811700046,2.3360000000000003,3.956,3.502,2.055430855076376,3.797082564285375,3.321431016896181,,
30.519063304000156,2.3360000000000003,3.956,3.502,2.055430855076376,3.797082564285375,3.321431016896181,,
30.569207581000228,2.3360000000000003,3.976,3.512,2.055430855076376,3.817915137873025,3.331972989086196,,
30.6195553080006,2.3360000000000003,3.976,3.512,2.055430855076376,3.817915137873025,3.331972989086196,,
30.669902979000653,2.3360000000000003,3.976,3.512,2.055430855076376,3.817915137873025,3.331972989086196,,
30.720211423000364,2.3659999999999997,3.9059999999999997,3.502,2.0894630889297847,3.7449614150215216,3.321431016896181,,
30.77055257900065,2.3659999999999997,3.9059999999999997,3.502,2.0894630889297847,3.7449614150215216,3.321431016896181,,
30.820854921999853,2.3659999999999997,3.9059999999999997,3.502,2.0894630889297847,3.7449614150215216,3.321431016896181,,
30.871191736000583,2.346,3.896,3.452,2.0667888135946546,3.7345302248073984,3.2686700659442516,,
30.921527801000593,2.346,3.896,3.452,2.0667888135946546,3.7345302248073984,3.2686700659442516,,
30.971643212000345,2.346,3.916,3.452,2.0667888135946546,3.7553902593472226,3.2686700659442516,,
31.021809370000483,2.3659999999999997,3.916,3.4419999999999997,2.0894630889297847,3.7553902593472226,3.258107426098777,,
31.072110445999897,2.3659999999999997,3.916,3.4419999999999997,2.0894630889297847,3.7553902593472226,3.258107426098777,,
31.122431174000667,2.3659999999999997,3.796,3.4419999999999997,2.0894630889297847,3.630084847493237,3.258107426098777,,
31.17276578900055,2.3760000000000003,3.796,3.472,2.100779855196637,3.630084847493237,3.2897847953931576,,
31.2231067040002,2.3760000000000003,3.796,3.472,2.100779855196637,3.630084847493237,3.2897847953931576,,
31.273252371000126,2.396,3.896,3.472,2.123373730646586,3.7345302248073984,3.2897847953931576,,
31.323575581000114,2.396,3.896,3.4619999999999997,2.123373730646586,3.7345302248073984,3.279229177718446,,
31.373913240000547,2.396,3.896,3.4619999999999997,2.123373730646586,3.7345302248073984,3.279229177718446,,
31.424270242000603,2.4459999999999997,3.816,3.4619999999999997,2.1796366669699787,3.6509938372996467,3.279229177718446,,
31.47462101400015,2.4459999999999997,3.816,3.432,2.1796366669699787,3.6509938372996467,3.247541223756828,,
31.524981331000163,2.4459999999999997,3.816,3.432,2.1796366669699787,3.6509938372996467,3.247541223756828,,
31.575285640000402,2.4459999999999997,3.7659999999999996,3.4219999999999997,2.1796366669699787,3.598701988217418,3.2369714240320375,,
31.62562782600071,2.4459999999999997,3.7659999999999996,3.4219999999999997,2.1796366669699787,3.598701988217418,3.2369714240320375,,
31.67590218300029,2.4459999999999997,3.7659999999999996,3.4219999999999997,2.1796366669699787,3.598701988217418,3.2369714240320375,,
31.72621052500017,2.516,3.7359999999999998,3.4419999999999997,2.257909652754069,3.567295334003059,3.258107426098777,,
31.776323525000407,2.516,3.7359999999999998,3.4419999999999997,2.257909652754069,3.567295334003059,3.258107426098777,,
31.826530400000593,2.516,3.7359999999999998,3.4419999999999997,2.257909652754069,3.567295334003059,3.258107426098777,,
31.87667212500037,2.5359999999999996,3.6559999999999997,3.372,2.280174554721633,3.4834230291481965,3.184067210345912,,
31.92700920200059,2.5359999999999996,3.6559999999999997,3.372,2.280174554721633,3.4834230291481965,3.184067210345912,,
31.977201194000372,2.5359999999999996,3.6559999999999997,3.372,2.280174554721633,3.4834230291481965,3.184067210345912,,
32.027440863000265,2.566,3.686,3.392,2.3134943267706536,3.514896300035038,3.2052400846114475,,
32.07776641500004,2.566,3.686,3.392,2.3134943267706536,3.514896300035038,3.2052400846114475,,
32.12790997100001,2.566,3.686,3.392,2.3134943267706536,3.514896300035038,3.2052400846114475,,
32.178011308999885,2.566,3.686,3.392,2.3134943267706536,3.514896300035038,3.2052400846114475,,
32.22818920500049,2.566,3.686,3.392,2.3134943267706536,3.514896300035038,3.2052400846114475,,
32.278517355000076,2.566,3.6359999999999997,3.392,2.3134943267706536,3.4624263169055305,3.2052400846114475,,
32.328858102000595,2.6959999999999997,3.6359999999999997,3.4019999999999997,2.4568915319972917,3.4624263169055305,3.2158208905347943,,
32.379196747000606,2.6959999999999997,3.6359999999999997,3.4019999999999997,2.4568915319972917,3.4624263169055305,3.2158208905347943,,
32.429508532,2.636,3.586,3.4019999999999997,2.390898575849674,3.4098821093990916,3.2158208905347943,,
32.479850204000286,2.636,3.586,3.392,2.390898575849674,3.4098821093990916,3.2052400846114475,,
32.530186712000614,2.636,3.586,3.392,2.390898575849674,3.4098821093990916,3.2052400846114475,,
32.580529657000625,2.6559999999999997,3.5759999999999996,3.392,2.4129309977701388,3.3993640581732336,3.2052400846114475,,
32.63085455700002,2.6559999999999997,3.5759999999999996,3.4019999999999997,2.4129309977701388,3.3993640581732336,3.2158208905347943,,
32.681217334000394,2.6559999999999997,3.5759999999999996,3.4019999999999997,2.4129309977701388,3.3993640581732336,3.2158208905347943,,
32.731566577000194,2.7060000000000004,3.4859999999999998,3.372,2.467860611947118,3.3045568538005208,3.184067210345912,,
32.781906055000036,2.7060000000000004,3.4859999999999998,3.372,2.467860611947118,3.3045568538005208,3.184067210345912,,
32.83223441100017,2.7060000000000004,3.4859999999999998,3.372,2.467860611947118,3.3045568538005208,3.184067210345912,,
32.88258501300061,2.8659999999999997,3.4459999999999997,3.392,2.6423201925580475,3.262332907598487,3.2052400846114475,,
32.93292368099992,2.8659999999999997,3.4459999999999997,3.392,2.6423201925580475,3.262332907598487,3.2052400846114475,,
32.98325560000012,2.8659999999999997,3.4459999999999997,3.392,2.6423201925580475,3.262332907598487,3.2052400846114475,,
33.03359113700026,2.896,3.456,3.372,2.6748300880616696,3.272894132109989,3.184067210345912,,
33.08393101399997,2.896,3.456,3.372,2.6748300880616696,3.272894132109989,3.184067210345912,,
33.13424368000051,2.896,3.4459999999999997,3.372,2.6748300880616696,3.262332907598487,3.184067210345912,,
33.18460159799997,3.0060000000000002,3.4459999999999997,3.372,2.7935525769170697,3.262332907598487,3.184067210345912,,
33.23493197100015,3.0060000000000002,3.4459999999999997,3.372,2.7935525769170697,3.262332907598487,3.184067210345912,,
33.285259573000076,3.0060000000000002,3.4459999999999997,3.372,2.7935525769170697,3.262332907598487,3.184067210345912,,
33.335406599000635,2.936,3.4459999999999997,3.372,2.7180868271635474,3.262332907598487,3.184067210345912,,
33.38576031899993,2.936,3.4459999999999997,3.372,2.7180868271635474,3.262332907598487,3.184067210345912,,
33.436097655000594,2.9059999999999997,3.336,3.372,2.685653737919317,3.1459173542863454,3.184067210345912,,
33.486416086000645,2.9059999999999997,3.336,3.3819999999999997,2.685653737919317,3.1459173542863454,3.1946555369867338,,
33.536755154000275,2.9059999999999997,3.336,3.3819999999999997,2.685653737919317,3.1459173542863454,3.1946555369867338,,
33.58703214800062,3.0759999999999996,3.316,3.3819999999999997,2.868741187350298,3.124700945690643,3.1946555369867338,,
33.6373494620002,3.0759999999999996,3.316,3.372,2.868741187350298,3.124700945690643,3.184067210345912,,
33.687639237999974,3.0759999999999996,3.316,3.372,2.868741187350298,3.124700945690643,3.184067210345912,,
33.738003028000094,2.9160000000000004,3.226,3.3819999999999997,2.696471027101905,3.029022284500396,3.1946555369867338,,
33.78834742900017,2.9160000000000004,3.226,3.3819999999999997,2.696471027101905,3.029022284500396,3.1946555369867338,,
33.83862954000051,2.9160000000000004,3.226,3.3819999999999997,2.696471027101905,3.029022284500396,3.1946555369867338,,
33.888905817000705,3.4959999999999996,3.226,3.3819999999999997,3.31510422158942,3.029022284500396,3.1946555369867338,,
33.93923676600025,3.4959999999999996,3.226,3.3819999999999997,3.31510422158942,3.029022284500396,3.1946555369867338,,
33.98954344000049,3.4959999999999996,3.226,3.3819999999999997,3.31510422158942,3.029022284500396,3.1946555369867338,,
34.03987979500016,2.976,3.206,3.372,2.761245371204812,3.0077127522421416,3.184067210345912,,
34.0902171000007,2.976,3.206,3.372,2.761245371204812,3.0077127522421416,3.184067210345912,,
34.1403408619999,2.976,3.206,3.372,2.761245371204812,3.0077127522421416,3.184067210345912,,
34.190588370000114,2.896,3.206,3.352,2.6748300880616696,3.0077127522421416,3.1628790681908785,,
34.24086578200058,2.896,3.206,3.352,2.6748300880616696,3.0077127522421416,3.1628790681908785,,
34.291193613999894,2.896,3.1359999999999997,3.352,2.6748300880616696,2.932984145882824,3.1628790681908785,,
34.341526425000666,2.926,3.1359999999999997,3.3819999999999997,2.7072820318540884,2.932984145882824,3.1946555369867338,,
34.39186641800006,2.926,3.1359999999999997,3.3819999999999997,2.7072820318540884,2.932984145882824,3.1946555369867338,,
34.4422082050005,2.976,3.106,3.3819999999999997,2.761245371204812,2.9008853820859586,3.1946555369867338,,
34.49256963900007,2.976,3.106,3.4019999999999997,2.761245371204812,2.9008853820859586,3.2158208905347943,,
34.54268387400043,2.976,3.106,3.4019999999999997,2.761245371204812,2.9008853820859586,3.2158208905347943,,
34.59301522400074,2.9859999999999998,3.046,3.4019999999999997,2.7720202019465874,2.8365500171863705,3.2158208905347943,,
34.64336282500062,2.9859999999999998,3.046,3.412,2.7720202019465874,2.8365500171863705,3.226397991568926,,
34.693699445000675,2.9859999999999998,3.046,3.412,2.7720202019465874,2.8365500171863705,3.226397991568926,,
34.74381346100017,2.9859999999999998,3.046,3.3819999999999997,2.7720202019465874,2.8365500171863705,3.1946555369867338,,
34.79396663600073,2.9859999999999998,3.046,3.3819999999999997,2.7720202019465874,2.8365500171863705,3.1946555369867338,,
34.84427497800061,2.9859999999999998,3.046,3.3819999999999997,2.7720202019465874,2.8365500171863705,3.1946555369867338,,
34.894527716000084,3.0460000000000003,3.046,3.432,2.836550017186371,2.8365500171863705,3.247541223756828,,
34.94487049200052,3.0460000000000003,3.046,3.432,2.836550017186371,2.8365500171863705,3.247541223756828,,
34.99520335700072,3.0460000000000003,3.046,3.432,2.836550017186371,2.8365500171863705,3.247541223756828,,
35.04553469300026,3.0460000000000003,2.9659999999999997,3.4419999999999997,2.836550017186371,2.7504646880118275,3.258107426098777,,
35.095648993000395,3.0460000000000003,2.9659999999999997,3.4419999999999997,2.836550017186371,2.7504646880118275,3.258107426098777,,
35.14601417300037,3.0460000000000003,2.9659999999999997,3.4419999999999997,2.836550017186371,2.7504646880118275,3.258107426098777,,
35.19634690900057,3.0460000000000003,2.9659999999999997,3.4419999999999997,2.836550017186371,2.7504646880118275,3.258107426098777,,
35.24647433000064,3.0460000000000003,2.9659999999999997,3.4419999999999997,2.836550017186371,2.7504646880118275,3.258107426098777,,
35.296806813999865,3.0460000000000003,2.9459999999999997,3.4419999999999997,2.836550017186371,2.7288854867876005,3.258107426098777,,
35.34710911500042,3.1159999999999997,2.9459999999999997,3.4419999999999997,2.9115899436562143,2.7288854867876005,3.258107426098777,,
35.39742521300013,3.1159999999999997,2.9459999999999997,3.4419999999999997,2.9115899436562143,2.7288854867876005,3.258107426098777,,
35.44752445300037,3.1159999999999997,2.916,3.4419999999999997,2.9115899436562143,2.6964710271019046,3.258107426098777,,
35.49785820299985,3.1159999999999997,2.916,3.4219999999999997,2.9115899436562143,2.6964710271019046,3.2369714240320375,,
35.54819789500016,3.1159999999999997,2.916,3.4219999999999997,2.9115899436562143,2.6964710271019046,3.2369714240320375,,
35.59838720800053,3.1260000000000003,2.9259999999999997,3.4219999999999997,2.922289513378167,2.707282031854088,3.2369714240320375,,
35.64876345399989,3.1260000000000003,2.9259999999999997,3.4619999999999997,2.922289513378167,2.707282031854088,3.279229177718446,,
35.699066818000574,3.1260000000000003,2.9259999999999997,3.4619999999999997,2.922289513378167,2.707282031854088,3.279229177718446,,
35.74925021499985,3.176,2.816,3.4619999999999997,2.975714368013167,2.5880023183915424,3.279229177718446,,
35.79940596100005,3.176,2.816,3.502,2.975714368013167,2.5880023183915424,3.321431016896181,,
35.84973970400006,3.176,2.816,3.502,2.975714368013167,2.5880023183915424,3.321431016896181,,
35.90003668100053,3.2359999999999998,2.796,3.522,3.039670376866544,2.5662260227813136,3.3425116304958458,,
35.95037525099997,3.2359999999999998,2.796,3.522,3.039670376866544,2.5662260227813136,3.3425116304958458,,
36.00046570500035,3.2359999999999998,2.796,3.522,3.039670376866544,2.5662260227813136,3.3425116304958458,,
36.050813930000004,3.1959999999999997,2.746,3.4819999999999998,2.997051217446909,2.5116560274050266,3.300336952494396,,
36.10115646000031,3.1959999999999997,2.746,3.4819999999999998,2.997051217446909,2.5116560274050266,3.300336952494396,,
36.15148944200064,3.1959999999999997,2.746,3.4819999999999998,2.997051217446909,2.5116560274050266,3.300336952494396,,
36.20181840400073,3.2359999999999998,2.776,3.542,3.039670376866544,2.544420562721501,3.3635790461946926,,
36.252138973,3.2359999999999998,2.776,3.542,3.039670376866544,2.544420562721501,3.3635790461946926,,
36.302466808000645,3.2359999999999998,2.746,3.542,3.039670376866544,2.5116560274050266,3.3635790461946926,,
36.35280128800059,3.2859999999999996,2.746,3.542,3.092845938613819,2.5116560274050266,3.3635790461946926,,
36.40313194900045,3.2859999999999996,2.746,3.542,3.092845938613819,2.5116560274050266,3.3635790461946926,,
36.45345975000055,3.2859999999999996,2.6559999999999997,3.542,3.092845938613819,2.4129309977701388,3.3635790461946926,,
36.50379711200003,3.396,2.6559999999999997,3.562,3.209472853912305,2.4129309977701388,3.384633510440975,,
36.55413393100025,3.396,2.6559999999999997,3.562,3.209472853912305,2.4129309977701388,3.384633510440975,,
36.60447517100056,3.3259999999999996,2.6359999999999997,3.562,3.1353111488335568,2.3908985758496737,3.384633510440975,,
36.65481416000057,3.3259999999999996,2.6359999999999997,3.532,3.1353111488335568,2.3908985758496737,3.3530469725311036,,
36.705154455999946,3.3259999999999996,2.6359999999999997,3.532,3.1353111488335568,2.3908985758496737,3.3530469725311036,,
36.75544298300065,3.3259999999999996,2.6359999999999997,3.532,3.1353111488335568,2.3908985758496737,3.3530469725311036,,
36.8057782650003,3.3259999999999996,2.6359999999999997,3.562,3.1353111488335568,2.3908985758496737,3.384633510440975,,
36.85610956600067,3.3259999999999996,2.6359999999999997,3.562,3.1353111488335568,2.3908985758496737,3.384633510440975,,
36.906448441000066,3.396,2.6559999999999997,3.592,3.209472853912305,2.4129309977701388,3.416191446625906,,
36.95679105799991,3.396,2.6559999999999997,3.592,3.209472853912305,2.4129309977701388,3.416191446625906,,
37.00689787700048,3.396,2.6559999999999997,3.592,3.209472853912305,2.4129309977701388,3.416191446625906,,
37.05717000700042,3.3760000000000003,2.5759999999999996,3.622,3.188302996893489,2.3245808224279916,3.4477215664841614,,
37.107417221000105,3.3760000000000003,2.5759999999999996,3.622,3.188302996893489,2.3245808224279916,3.4477215664841614,,
37.15758618600012,3.3760000000000003,2.5759999999999996,3.622,3.188302996893489,2.3245808224279916,3.4477215664841614,,
37.20792033100042,3.4059999999999997,2.586,3.602,3.2200521734903607,2.335657509139557,3.426704539349723,,
37.25825063299999,3.4059999999999997,2.586,3.602,3.2200521734903607,2.335657509139557,3.426704539349723,,
37.30839372399987,3.4059999999999997,2.5159999999999996,3.602,3.2200521734903607,2.2579096527540683,3.426704539349723,,
37.35872583000037,3.3760000000000003,2.5159999999999996,3.662,3.188302996893489,2.2579096527540683,3.4897197595222456,,
37.409059731000525,3.3760000000000003,2.5159999999999996,3.662,3.188302996893489,2.2579096527540683,3.4897197595222456,,
37.459391795000556,3.3760000000000003,2.546,3.662,3.188302996893489,2.2912913389615035,3.4897197595222456,,
37.509787071000574,3.4459999999999997,2.546,3.612,3.262332907598487,2.2912913389615035,3.437214569967956,,
37.560081973000706,3.4459999999999997,2.546,3.612,3.262332907598487,2.2912913389615035,3.437214569967956,,
37.6102099740001,3.426,2.5159999999999996,3.612,3.2411997778600443,2.2579096527540683,3.437214569967956,,
37.66053402800026,3.426,2.5159999999999996,3.642,3.2411997778600443,2.2579096527540683,3.4687265674884205,,
37.71086266600014,3.426,2.5159999999999996,3.642,3.2411997778600443,2.2579096527540683,3.4687265674884205,,
37.76118266100002,3.4859999999999998,2.416,3.642,3.3045568538005208,2.14591612138033,3.4687265674884205,,
37.811526528000286,3.4859999999999998,2.416,3.662,3.3045568538005208,2.14591612138033,3.4897197595222456,,
37.86184894500002,3.4859999999999998,2.416,3.662,3.3045568538005208,2.14591612138033,3.4897197595222456,,
37.912009061999925,3.526,2.4259999999999997,3.702,3.3467261614897623,2.1571685145115573,3.5316715589080476,,
37.96234739400006,3.526,2.4259999999999997,3.702,3.3467261614897623,2.1571685145115573,3.5316715589080476,,
38.01249105600073,3.526,2.4259999999999997,3.702,3.3467261614897623,2.1571685145115573,3.5316715589080476,,
38.06265528699987,3.556,2.4259999999999997,3.722,3.378318516658842,2.1571685145115573,3.5526305746587274,,
38.11278541699994,3.556,2.4259999999999997,3.722,3.378318516658842,2.1571685145115573,3.5526305746587274,,
38.16286617300011,3.556,2.4259999999999997,3.722,3.378318516658842,2.1571685145115573,3.5526305746587274,,
38.21314537900071,3.556,2.4259999999999997,3.722,3.378318516658842,2.1571685145115573,3.5526305746587274,,
38.26326492499993,3.556,2.4259999999999997,3.722,3.378318516658842,2.1571685145115573,3.5526305746587274,,
38.31345401599992,3.556,2.3459999999999996,3.722,3.378318516658842,2.066788813594654,3.5526305746587274,,
38.36378755300029,3.566,2.3459999999999996,3.6919999999999997,3.388842870361504,2.066788813594654,3.521187867751449,,
38.414117053000155,3.566,2.3459999999999996,3.6919999999999997,3.388842870361504,2.066788813594654,3.521187867751449,,
38.464361060000556,3.566,2.256,3.6919999999999997,3.388842870361504,1.964035641224466,3.521187867751449,,
38.51469904800069,3.6159999999999997,2.256,3.6919999999999997,3.4414177311102465,1.964035641224466,3.521187867751449,,
38.565029976000005,3.6159999999999997,2.256,3.6919999999999997,3.4414177311102465,1.964035641224466,3.521187867751449,,
38.61524151499998,3.6159999999999997,2.256,3.6919999999999997,3.4414177311102465,1.964035641224466,3.521187867751449,,
38.665385965000496,3.6559999999999997,2.256,3.772,3.4834230291481965,1.964035641224466,3.6049804437749726,,
38.715516742000545,3.6559999999999997,2.256,3.772,3.4834230291481965,1.964035641224466,3.6049804437749726,,
38.76568582500022,3.6959999999999997,2.1959999999999997,3.772,3.5253816814637244,1.894812919525302,3.6049804437749726,,
38.8159932690005,3.6959999999999997,2.1959999999999997,3.802,3.5253816814637244,1.894812919525302,3.6363586181783556,,
38.866330414000004,3.6959999999999997,2.1959999999999997,3.802,3.5253816814637244,1.894812919525302,3.6363586181783556,,
38.916652421000435,3.7560000000000002,2.206,3.802,3.588235778206332,1.9063934536186387,3.6363586181783556,,
38.96698383000057,3.7560000000000002,2.206,3.792,3.588235778206332,1.9063934536186387,3.62590181885831,,
39.017317010000625,3.7560000000000002,2.206,3.792,3.588235778206332,1.9063934536186387,3.62590181885831,,
39.0676567670007,3.7359999999999998,2.166,3.772,3.567295334003059,1.859961289919766,3.6049804437749726,,
39.117783188999965,3.7359999999999998,2.166,3.772,3.567295334003059,1.859961289919766,3.6049804437749726,,
39.168113145999996,3.7359999999999998,2.166,3.772,3.567295334003059,1.859961289919766,3.6049804437749726,,
39.21845043600024,3.766,2.146,3.772,3.5987019882174183,1.8366316996066465,3.6049804437749726,,
39.2687949430001,3.766,2.146,3.772,3.5987019882174183,1.8366316996066465,3.6049804437749726,,
39.31914594000045,3.766,2.146,3.772,3.5987019882174183,1.8366316996066465,3.6049804437749726,,
39.36946562600042,3.9560000000000004,2.0959999999999996,3.8819999999999997,3.7970825642853754,1.777952755277822,3.7199225798395315,,
39.41981443900022,3.9560000000000004,2.0959999999999996,3.8819999999999997,3.7970825642853754,1.777952755277822,3.7199225798395315,,
39.4701354660001,3.9560000000000004,2.046,3.8819999999999997,3.7970825642853754,1.7187251089106714,3.7199225798395315,,
39.52047706600024,3.846,2.046,3.8819999999999997,3.6823383874923827,1.7187251089106714,3.7199225798395315,,
39.57082381300006,3.846,2.046,3.8819999999999997,3.6823383874923827,1.7187251089106714,3.7199225798395315,,
39.621163284999966,3.846,2.0559999999999996,3.8819999999999997,3.6823383874923827,1.7306172309323624,3.7199225798395315,,
39.67150084000059,3.8360000000000003,2.0559999999999996,3.772,3.67189269995734,1.7306172309323624,3.6049804437749726,,
39.721843313000136,3.8360000000000003,2.0559999999999996,3.772,3.67189269995734,1.7306172309323624,3.6049804437749726,,
39.77217788899998,3.9059999999999997,2.006,3.772,3.7449614150215216,1.6709087347907423,3.6049804437749726,,
39.822524040000644,3.9059999999999997,2.006,3.972,3.7449614150215216,1.6709087347907423,3.813749336283128,,
39.87285245700059,3.9059999999999997,2.006,3.972,3.7449614150215216,1.6709087347907423,3.813749336283128,,
39.923203336999904,3.9059999999999997,2.006,3.972,3.7449614150215216,1.6709087347907423,3.813749336283128,,
39.97354744899985,3.9059999999999997,2.006,3.9219999999999997,3.7449614150215216,1.6709087347907423,3.7616464480330944,,
40.02369265300058,3.9059999999999997,2.006,3.9219999999999997,3.7449614150215216,1.6709087347907423,3.7616464480330944,,
40.074033675000464,3.9059999999999997,1.986,3.9419999999999997,3.7449614150215216,1.6468442549312305,3.782494415065275,,
40.12435098400056,3.9059999999999997,1.986,3.9419999999999997,3.7449614150215216,1.6468442549312305,3.782494415065275,,
40.174500619000355,3.9059999999999997,1.986,3.9419999999999997,3.7449614150215216,1.6468442549312305,3.782494415065275,,
40.22464757299986,4.116,1.886,3.9019999999999997,3.9635029960881822,1.524760964872855,3.7407892215413576,,
40.27479305500037,4.116,1.886,3.9019999999999997,3.9635029960881822,1.524760964872855,3.7407892215413576,,
40.325124207000044,4.116,1.886,3.9019999999999997,3.9635029960881822,1.524760964872855,3.7407892215413576,,
40.37544340000022,4.136,1.906,3.972,3.9842685652450687,1.5494308632526974,3.813749336283128,,
40.42578221200074,4.136,1.906,3.972,3.9842685652450687,1.5494308632526974,3.813749336283128,,
40.47592662800071,4.136,1.896,3.972,3.9842685652450687,1.5371128780932126,3.813749336283128,,
40.52626027600036,4.226,1.896,3.9419999999999997,4.077618913042267,1.5371128780932126,3.782494415065275,,
40.57659308700022,4.226,1.896,3.9419999999999997,4.077618913042267,1.5371128780932126,3.782494415065275,,
40.626928633000716,4.226,1.786,3.9419999999999997,4.077618913042267,1.3991769008956658,3.782494415065275,,
40.67723798299994,4.176,1.786,3.912,4.025776446848483,1.3991769008956658,3.751219001871258,,
40.72758219000025,4.176,1.786,3.912,4.025776446848483,1.3991769008956658,3.751219001871258,,
40.77772477400049,4.216,1.776,3.912,4.067254110576323,1.3863895556444443,3.751219001871258,,
40.82806415200048,4.216,1.776,3.932,4.067254110576323,1.3863895556444443,3.772071579384463,,
40.87824411800011,4.216,1.776,3.932,4.067254110576323,1.3863895556444443,3.772071579384463,,
40.928601839000294,4.186,1.856,3.932,4.036148659303818,1.4874931932617372,3.772071579384463,,
40.978780680000455,4.186,1.856,3.912,4.036148659303818,1.4874931932617372,3.751219001871258,,
41.02913609999996,4.186,1.856,3.912,4.036148659303818,1.4874931932617372,3.751219001871258,,
41.07947814900035,4.186,1.786,3.932,4.036148659303818,1.3991769008956658,3.772071579384463,,
41.12977800099998,4.186,1.786,3.932,4.036148659303818,1.3991769008956658,3.772071579384463,,
41.180107765000685,4.186,1.786,3.932,4.036148659303818,1.3991769008956658,3.772071579384463,,
41.23045412100055,4.186,1.786,3.932,4.036148659303818,1.3991769008956658,3.772071579384463,,
41.28078951600037,4.186,1.786,3.932,4.036148659303818,1.3991769008956658,3.772071579384463,,
41.331078551000246,4.186,1.786,3.932,4.036148659303818,1.3991769008956658,3.772071579384463,,
41.38141758900019,4.196,1.856,3.932,4.046518997854823,1.4874931932617372,3.772071579384463,,
41.43175987500035,4.196,1.856,3.932,4.046518997854823,1.4874931932617372,3.772071579384463,,
41.48206073200072,4.196,1.756,3.932,4.046518997854823,1.360674832573896,3.772071579384463,,
41.53240354300033,4.196,1.756,3.9619999999999997,4.046518997854823,1.360674832573896,3.8033332749050532,,
41.58273023400034,4.196,1.756,3.9619999999999997,4.046518997854823,1.360674832573896,3.8033332749050532,,
41.63305850600045,4.196,1.746,3.9619999999999997,4.046518997854823,1.347744782961522,3.8033332749050532,,
41.683294133000345,4.2459999999999996,1.746,3.9619999999999997,4.098343079831165,1.347744782961522,3.8033332749050532,,
41.733592538000266,4.2459999999999996,1.746,3.9619999999999997,4.098343079831165,1.347744782961522,3.8033332749050532,,
41.78390100500019,4.196,1.846,3.9619999999999997,4.046518997854823,1.474996949149387,3.8033332749050532,,
41.83424306100005,4.196,1.846,3.9419999999999997,4.046518997854823,1.474996949149387,3.782494415065275,,
41.8844111340004,4.196,1.846,3.9419999999999997,4.046518997854823,1.474996949149387,3.782494415065275,,
41.93474594200052,4.226,1.756,3.9419999999999997,4.077618913042267,1.360674832573896,3.782494415065275,,
41.98505157100044,4.226,1.756,3.9619999999999997,4.077618913042267,1.360674832573896,3.8033332749050532,,
42.03521515600005,4.226,1.756,3.9619999999999997,4.077618913042267,1.360674832573896,3.8033332749050532,,
42.08532253800058,4.536,1.766,3.852,4.398090040006002,1.3735559690089079,3.6886046142138897,,
42.135676054000214,4.536,1.766,3.852,4.398090040006002,1.3735559690089079,3.6886046142138897,,
42.18578078700011,4.536,1.766,3.852,4.398090040006002,1.3735559690089079,3.6886046142138897,,
42.236117776000356,4.236,1.786,3.852,4.08798189819867,1.3991769008956658,3.6886046142138897,,
42.28628597600073,4.236,1.786,3.852,4.08798189819867,1.3991769008956658,3.6886046142138897,,
42.33660581799995,4.236,1.786,3.852,4.08798189819867,1.3991769008956658,3.6886046142138897,,
42.386968071999945,4.236,1.786,3.852,4.08798189819867,1.3991769008956658,3.6886046142138897,,
42.43727748499987,4.236,1.786,3.852,4.08798189819867,1.3991769008956658,3.6886046142138897,,
42.48742377899998,4.236,1.786,3.852,4.08798189819867,1.3991769008956658,3.6886046142138897,1.0,1.0
42.53776047700012,4.286,1.756,3.872,4.139770041922619,1.360674832573896,3.709485678635247,,
42.58810881000045,4.286,1.756,3.872,4.139770041922619,1.360674832573896,3.709485678635247,,
42.638439103000565,4.286,1.756,3.872,4.139770041922619,1.360674832573896,3.709485678635247,,
42.68876846600051,3.9959999999999996,1.756,3.872,3.838738855405509,1.360674832573896,3.709485678635247,,
42.73911143500027,3.9959999999999996,1.756,3.872,3.838738855405509,1.360674832573896,3.709485678635247,,
42.78944397600026,3.9959999999999996,1.766,3.872,3.838738855405509,1.3735559690089079,3.709485678635247,,
42.839773540999886,3.976,1.766,3.872,3.817915137873025,1.3735559690089079,3.709485678635247,,
42.89009847700072,3.976,1.766,3.872,3.817915137873025,1.3735559690089079,3.709485678635247,,
42.940442371000245,3.9459999999999997,1.786,3.872,3.786662910796259,1.3991769008956658,3.709485678635247,,
42.990741749000335,3.9459999999999997,1.786,3.862,3.786662910796259,1.3991769008956658,3.6990463635915676,,
43.04108975700001,3.9459999999999997,1.786,3.862,3.786662910796259,1.3991769008956658,3.6990463635915676,,
43.09143272500023,4.026,1.756,3.862,3.8699581393084856,1.360674832573896,3.6990463635915676,,
43.141767883000284,4.026,1.756,3.842,3.8699581393084856,1.360674832573896,3.6781604097700797,,
43.192110149000655,4.026,1.756,3.842,3.8699581393084856,1.360674832573896,3.6781604097700797,,
43.24245861700001,3.9859999999999998,1.806,3.862,3.8283280946125813,1.4246178434934753,3.6990463635915676,,
43.292789068000275,3.9859999999999998,1.806,3.862,3.8283280946125813,1.4246178434934753,3.6990463635915676,,
43.342915019999964,3.9859999999999998,1.806,3.862,3.8283280946125813,1.4246178434934753,3.6990463635915676,,
43.39301938400058,3.976,1.796,3.872,3.817915137873025,1.4119192611477471,3.709485678635247,,
43.44313909799985,3.976,1.796,3.872,3.817915137873025,1.4119192611477471,3.709485678635247,,
43.49322838600074,3.976,1.796,3.872,3.817915137873025,1.4119192611477471,3.709485678635247,,
43.543563312000515,3.976,1.826,3.872,3.817915137873025,1.4498882715575019,3.709485678635247,,
43.59391417400002,3.976,1.826,3.872,3.817915137873025,1.4498882715575019,3.709485678635247,,
43.64425312500043,3.976,1.826,3.872,3.817915137873025,1.4498882715575019,3.709485678635247,,
43.69457265000074,3.976,1.826,3.872,3.817915137873025,1.4498882715575019,3.709485678635247,,
43.74487663400032,3.976,1.826,3.872,3.817915137873025,1.4498882715575019,3.709485678635247,,
43.79520560099991,3.976,1.836,3.872,3.817915137873025,1.4624623072065823,3.709485678635247,,
43.84550090199991,3.9459999999999997,1.836,3.862,3.786662910796259,1.4624623072065823,3.6990463635915676,,
43.89584023000043,3.9459999999999997,1.836,3.862,3.786662910796259,1.4624623072065823,3.6990463635915676,,
43.94617997200021,3.9459999999999997,1.786,3.862,3.786662910796259,1.3991769008956658,3.6990463635915676,,
43.996515092000664,3.9459999999999997,1.786,3.852,3.786662910796259,1.3991769008956658,3.6886046142138897,,
44.04669692200059,3.9459999999999997,1.786,3.852,3.786662910796259,1.3991769008956658,3.6886046142138897,,
44.09688039499997,3.886,1.946,3.852,3.724096668992361,1.5983791790435709,3.6886046142138897,,
44.147210572000404,3.886,1.946,3.852,3.724096668992361,1.5983791790435709,3.6886046142138897,,
44.1975293760006,3.886,1.946,3.852,3.724096668992361,1.5983791790435709,3.6886046142138897,,
44.247875112000656,3.886,1.946,3.852,3.724096668992361,1.5983791790435709,3.6886046142138897,,
44.29820589800056,3.886,1.946,3.852,3.724096668992361,1.5983791790435709,3.6886046142138897,,
44.348526652000146,3.886,1.946,3.852,3.724096668992361,1.5983791790435709,3.6886046142138897,,
44.3986936350002,3.816,2.006,3.9419999999999997,3.6509938372996467,1.6709087347907423,3.782494415065275,,
44.44902948000072,3.816,2.006,3.9419999999999997,3.6509938372996467,1.6709087347907423,3.782494415065275,,
44.49916115399992,3.816,2.006,3.9419999999999997,3.6509938372996467,1.6709087347907423,3.782494415065275,,
44.549489455000185,3.7859999999999996,1.846,3.912,3.619626500068757,1.474996949149387,3.751219001871258,,
44.59972606700012,3.7859999999999996,1.846,3.912,3.619626500068757,1.474996949149387,3.751219001871258,,
44.64981794400046,3.7859999999999996,1.8760000000000001,3.912,3.619626500068757,1.5123742922967185,3.751219001871258,,
44.70014342800005,3.776,1.8760000000000001,3.9419999999999997,3.6091655545291905,1.5123742922967185,3.782494415065275,,
44.750335053000526,3.776,1.8760000000000001,3.9419999999999997,3.6091655545291905,1.5123742922967185,3.782494415065275,,
44.800476328000514,3.776,1.946,3.9419999999999997,3.6091655545291905,1.5983791790435709,3.782494415065275,,
44.8507829400005,3.766,1.946,3.9219999999999997,3.5987019882174183,1.5983791790435709,3.7616464480330944,,
44.901119246000235,3.766,1.946,3.9219999999999997,3.5987019882174183,1.5983791790435709,3.7616464480330944,,
44.95121109600041,3.776,1.946,3.9219999999999997,3.6091655545291905,1.5983791790435709,3.7616464480330944,,
45.00153709300048,3.776,1.946,3.972,3.6091655545291905,1.5983791790435709,3.813749336283128,,
45.05184285799987,3.776,1.946,3.972,3.6091655545291905,1.5983791790435709,3.813749336283128,,
45.10217752800054,3.7060000000000004,1.956,3.972,3.5358642507879177,1.6105390401974116,3.813749336283128,,
45.15230033300031,3.7060000000000004,1.956,3.9419999999999997,3.5358642507879177,1.6105390401974116,3.782494415065275,,
45.20261756000036,3.7060000000000004,1.956,3.9419999999999997,3.5358642507879177,1.6105390401974116,3.782494415065275,,
45.25298395200025,3.7359999999999998,2.0159999999999996,3.9419999999999997,3.567295334003059,1.6829010666108684,3.782494415065275,,
45.303315182000006,3.7359999999999998,2.0159999999999996,3.952,3.567295334003059,1.6829010666108684,3.792914974000867,,
45.35364763800044,3.7359999999999998,2.0159999999999996,3.952,3.567295334003059,1.6829010666108684,3.792914974000867,,
45.40401870000005,3.6660000000000004,2.006,3.9419999999999997,3.4939169995865673,1.6709087347907423,3.782494415065275,,
45.454189492000296,3.6660000000000004,2.006,3.9419999999999997,3.4939169995865673,1.6709087347907423,3.782494415065275,,
45.50433454599988,3.6660000000000004,2.006,3.9419999999999997,3.4939169995865673,1.6709087347907423,3.782494415065275,,
45.55447763000029,3.646,1.986,3.952,3.4729261437583148,1.6468442549312305,3.792914974000867,,
45.60481606900066,3.646,1.986,3.952,3.4729261437583148,1.6468442549312305,3.792914974000867,,
45.6551562450004,3.646,1.986,3.952,3.4729261437583148,1.6468442549312305,3.792914974000867,,
45.70550606800043,3.6260000000000003,2.0559999999999996,3.9619999999999997,3.451923521748418,1.7306172309323624,3.8033332749050532,,
45.755831667000166,3.6260000000000003,2.0559999999999996,3.9619999999999997,3.451923521748418,1.7306172309323624,3.8033332749050532,,
45.80598725800064,3.6260000000000003,2.0359999999999996,3.9619999999999997,3.451923521748418,1.7068087180466351,3.8033332749050532,,
45.85615706000044,3.596,2.0359999999999996,4.022,3.4203970529749905,1.7068087180466351,3.8657966837380364,,
45.90650480400018,3.596,2.0359999999999996,4.022,3.4203970529749905,1.7068087180466351,3.8657966837380364,,
45.95682634000059,3.596,2.0359999999999996,4.022,3.4203970529749905,1.7068087180466351,3.8657966837380364,,
46.00691416800055,3.5359999999999996,2.0359999999999996,4.032,3.357260192478384,1.7068087180466351,3.876199685258746,,
46.057085428999926,3.5359999999999996,2.0359999999999996,4.032,3.357260192478384,1.7068087180466351,3.876199685258746,,
46.107228266000675,3.5359999999999996,2.106,4.032,3.357260192478384,1.789730706000207,3.876199685258746,,
46.157541795000725,3.5359999999999996,2.106,4.022,3.357260192478384,1.789730706000207,3.8657966837380364,,
46.207891065000695,3.5359999999999996,2.106,4.022,3.357260192478384,1.789730706000207,3.8657966837380364,,
46.2580115159999,3.4859999999999998,2.1759999999999997,4.022,3.3045568538005208,1.8715971788822505,3.8657966837380364,,
46.30833283799984,3.4859999999999998,2.1759999999999997,4.022,3.3045568538005208,1.8715971788822505,3.8657966837380364,,
46.35868056600066,3.4859999999999998,2.1759999999999997,4.022,3.3045568538005208,1.8715971788822505,3.8657966837380364,,
46.40882493800018,3.4859999999999998,2.206,4.082,3.3045568538005208,1.9063934536186387,3.9281832951123854,,
46.45913818000008,3.4859999999999998,2.206,4.082,3.3045568538005208,1.9063934536186387,3.9281832951123854,,
46.50928058499994,3.4859999999999998,2.206,4.082,3.3045568538005208,1.9063934536186387,3.9281832951123854,,
46.55960356600008,3.4959999999999996,2.106,4.082,3.31510422158942,1.789730706000207,3.9281832951123854,,
46.60996807799984,3.4959999999999996,2.106,4.082,3.31510422158942,1.789730706000207,3.9281832951123854,,
46.66007531100058,3.4959999999999996,2.106,4.082,3.31510422158942,1.789730706000207,3.9281832951123854,,
46.71040193600038,3.4959999999999996,2.106,4.082,3.31510422158942,1.789730706000207,3.9281832951123854,,
46.76077739500033,3.4959999999999996,2.106,4.082,3.31510422158942,1.789730706000207,3.9281832951123854,,
46.810886180000125,3.4959999999999996,2.106,4.082,3.31510422158942,1.789730706000207,3.9281832951123854,,
46.86120051200032,3.4160000000000004,2.106,4.072,3.230627802765277,1.789730706000207,3.917790703955483,,
46.91147944800014,3.4160000000000004,2.106,4.072,3.230627802765277,1.789730706000207,3.917790703955483,,
46.96183504700002,3.4160000000000004,2.186,4.072,3.230627802765277,1.883214273522798,3.917790703955483,,
47.01197504500033,3.476,2.186,4.072,3.29400607163982,1.883214273522798,3.917790703955483,,
47.06229654500021,3.476,2.186,4.072,3.29400607163982,1.883214273522798,3.917790703955483,,
47.11238747200059,3.4560000000000004,2.226,4.072,3.2728941321099896,1.9295014900227467,3.917790703955483,,
47.16252967499986,3.4560000000000004,2.226,4.152,3.2728941321099896,1.9295014900227467,4.0008754042084345,,
47.21282582100048,3.4560000000000004,2.226,4.152,3.2728941321099896,1.9295014900227467,4.0008754042084345,,
47.26318148000064,3.4560000000000004,2.226,4.152,3.2728941321099896,1.9295014900227467,4.0008754042084345,,
47.313514294000015,3.4560000000000004,2.226,4.152,3.2728941321099896,1.9295014900227467,4.0008754042084345,,
47.363854747000005,3.4560000000000004,2.226,4.152,3.2728941321099896,1.9295014900227467,4.0008754042084345,,
47.4139511379999,3.3659999999999997,2.146,4.132,3.177712384719548,1.8366316996066465,3.9801160787092624,,
47.46428835000006,3.3659999999999997,2.146,4.132,3.177712384719548,1.8366316996066465,3.9801160787092624,,
47.514379567000105,3.3659999999999997,2.146,4.132,3.177712384719548,1.8366316996066465,3.9801160787092624,,
47.56473203400037,3.346,2.1759999999999997,4.122,3.1565196023468634,1.8715971788822505,3.9697334923140617,,
47.61508659500032,3.346,2.1759999999999997,4.122,3.1565196023468634,1.8715971788822505,3.9697334923140617,,
47.66538332200071,3.346,2.1759999999999997,4.122,3.1565196023468634,1.8715971788822505,3.9697334923140617,,
47.715709732000505,3.316,2.3259999999999996,4.152,3.124700945690643,2.0440587075717755,4.0008754042084345,,
47.76604683200003,3.316,2.3259999999999996,4.152,3.124700945690643,2.0440587075717755,4.0008754042084345,,
47.816400659000465,3.316,2.3259999999999996,4.152,3.124700945690643,2.0440587075717755,4.0008754042084345,,
47.866746444000455,3.2960000000000003,2.276,4.152,3.103468382310347,1.9869765977484484,4.0008754042084345,,
47.917075267000655,3.2960000000000003,2.276,4.152,3.103468382310347,1.9869765977484484,4.0008754042084345,,
47.96741212899997,3.2960000000000003,2.2659999999999996,4.152,3.103468382310347,1.9755141103014167,4.0008754042084345,,
48.017758794000656,3.266,2.2659999999999996,4.152,3.071588514107969,1.9755141103014167,4.0008754042084345,,
48.06808853500024,3.266,2.2659999999999996,4.152,3.071588514107969,1.9755141103014167,4.0008754042084345,,
48.118428726000275,3.266,2.276,4.152,3.071588514107969,1.9869765977484484,4.0008754042084345,,
48.16872198600049,3.2359999999999998,2.276,4.152,3.039670376866544,1.9869765977484484,4.0008754042084345,,
48.2188654950005,3.2359999999999998,2.276,4.152,3.039670376866544,1.9869765977484484,4.0008754042084345,,
48.26920018200053,3.2060000000000004,2.296,4.152,3.007712752242142,2.0098547211179216,4.0008754042084345,,
48.31955428499987,3.2060000000000004,2.296,4.152,3.007712752242142,2.0098547211179216,4.0008754042084345,,
48.369890777000364,3.2060000000000004,2.296,4.152,3.007712752242142,2.0098547211179216,4.0008754042084345,,
48.42005106800025,3.1959999999999997,2.3659999999999997,4.152,2.997051217446909,2.0894630889297847,4.0008754042084345,,
48.47020164600053,3.1959999999999997,2.3659999999999997,4.172,2.997051217446909,2.0894630889297847,4.021627033925448,,
48.520541056000184,3.1959999999999997,2.3659999999999997,4.172,2.997051217446909,2.0894630889297847,4.021627033925448,,
48.57087175700053,3.1660000000000004,2.3859999999999997,4.232,2.9650389542129125,2.112083331689353,4.083836921327785,,
48.6211691819999,3.1660000000000004,2.3859999999999997,4.232,2.9650389542129125,2.112083331689353,4.083836921327785,,
48.671499807000146,3.1660000000000004,2.3859999999999997,4.232,2.9650389542129125,2.112083331689353,4.083836921327785,,
48.72164162700028,3.1260000000000003,2.3459999999999996,4.232,2.922289513378167,2.066788813594654,4.083836921327785,,
48.771993631999976,3.1260000000000003,2.3459999999999996,4.232,2.922289513378167,2.066788813594654,4.083836921327785,,
48.82221435300016,3.1260000000000003,2.3459999999999996,4.232,2.922289513378167,2.066788813594654,4.083836921327785,,
48.8725108360004,3.136,2.4259999999999997,4.232,2.9329841458828243,2.1571685145115573,4.083836921327785,,
48.922840178000115,3.136,2.4259999999999997,4.232,2.9329841458828243,2.1571685145115573,4.083836921327785,,
48.973169524000696,3.136,2.416,4.232,2.9329841458828243,2.14591612138033,4.083836921327785,,
49.02349294600026,3.0759999999999996,2.416,4.232,2.868741187350298,2.14591612138033,4.083836921327785,,
49.0738203990004,3.0759999999999996,2.416,4.232,2.868741187350298,2.14591612138033,4.083836921327785,,
49.124159023000175,3.0759999999999996,2.4459999999999997,4.232,2.868741187350298,2.1796366669699787,4.083836921327785,,
49.17448897200029,3.0460000000000003,2.4459999999999997,4.292,2.836550017186371,2.1796366669699787,4.145981669038106,,
49.22479616600049,3.0460000000000003,2.4459999999999997,4.292,2.836550017186371,2.1796366669699787,4.145981669038106,,
49.27495727800033,3.0460000000000003,2.496,4.292,2.836550017186371,2.2356019323663148,4.145981669038106,,
49.32517086200005,3.0460000000000003,2.496,4.332,2.836550017186371,2.2356019323663148,4.187376744454695,,
49.37550657100019,3.0460000000000003,2.496,4.332,2.836550017186371,2.2356019323663148,4.187376744454695,,
49.425716384000225,3.016,2.496,4.332,2.8043102538770563,2.2356019323663148,4.187376744454695,,
49.47585811499994,3.016,2.496,4.312,2.8043102538770563,2.2356019323663148,4.166682613302818,,
49.526183493000644,3.016,2.496,4.312,2.8043102538770563,2.2356019323663148,4.166682613302818,,
49.57632621399989,2.9859999999999998,2.5159999999999996,4.272,2.7720202019465874,2.2579096527540683,4.125273809094374,,
49.6266250890003,2.9859999999999998,2.5159999999999996,4.272,2.7720202019465874,2.2579096527540683,4.125273809094374,,
49.67676691700035,2.9859999999999998,2.5159999999999996,4.272,2.7720202019465874,2.2579096527540683,4.125273809094374,,
49.72710379599994,2.9959999999999996,2.506,4.352,2.7827892482184127,2.246761224518529,4.208064163008925,,
49.77742138600024,2.9959999999999996,2.506,4.352,2.7827892482184127,2.246761224518529,4.208064163008925,,
49.82783236600062,2.9959999999999996,2.506,4.352,2.7827892482184127,2.246761224518529,4.208064163008925,,
49.878180431000146,2.936,2.506,4.352,2.7180868271635474,2.246761224518529,4.208064163008925,,
49.92852721100007,2.936,2.506,4.352,2.7180868271635474,2.246761224518529,4.208064163008925,,
49.97867071000019,2.936,2.6559999999999997,4.352,2.7180868271635474,2.4129309977701388,4.208064163008925,,
50.029008675000114,2.9059999999999997,2.6559999999999997,4.382,2.685653737919317,2.4129309977701388,4.239082919689116,,
50.07918207000057,2.9059999999999997,2.6559999999999997,4.382,2.685653737919317,2.4129309977701388,4.239082919689116,,
50.129502032000346,2.9059999999999997,2.6959999999999997,4.382,2.685653737919317,2.4568915319972917,4.239082919689116,,
50.179822988000524,2.886,2.6959999999999997,4.402,2.664,2.4568915319972917,4.25975398350656,,
50.23015088900047,2.886,2.6959999999999997,4.402,2.664,2.4568915319972917,4.25975398350656,,
50.28045679600018,2.886,2.6959999999999997,4.402,2.664,2.4568915319972917,4.25975398350656,,
50.330792604000635,2.886,2.6959999999999997,4.402,2.664,2.4568915319972917,4.25975398350656,,
50.381127295000624,2.886,2.6959999999999997,4.402,2.664,2.4568915319972917,4.25975398350656,,
50.43145385000025,2.8259999999999996,2.756,4.402,2.5988797586652597,2.522585181911604,4.25975398350656,,
50.48180697200041,2.8259999999999996,2.756,4.382,2.5988797586652597,2.522585181911604,4.239082919689116,,
50.5321401150004,2.8259999999999996,2.756,4.382,2.5988797586652597,2.522585181911604,4.239082919689116,,
50.58226347800064,2.776,2.706,4.442,2.544420562721501,2.4678606119471174,4.301077074408224,,
50.63238406800065,2.776,2.706,4.442,2.544420562721501,2.4678606119471174,4.301077074408224,,
50.68246719000035,2.776,2.706,4.442,2.544420562721501,2.4678606119471174,4.301077074408224,,
50.732791664000615,2.816,2.7359999999999998,4.462,2.5880023183915424,2.5007190965800214,4.321729283516032,,
50.78310438600056,2.816,2.7359999999999998,4.462,2.5880023183915424,2.5007190965800214,4.321729283516032,,
50.83345931400072,2.816,2.7359999999999998,4.462,2.5880023183915424,2.5007190965800214,4.321729283516032,,
50.88379959500071,2.766,2.756,4.502,2.533506660737248,2.522585181911604,4.363015470978759,,
50.93413029800013,2.766,2.756,4.502,2.533506660737248,2.522585181911604,4.363015470978759,,
50.98428386500018,2.766,2.756,4.502,2.533506660737248,2.522585181911604,4.363015470978759,,
51.03442109900061,2.716,2.836,4.442,2.4788214941782316,2.6097501796148994,4.301077074408224,,
51.08458751800026,2.716,2.836,4.442,2.4788214941782316,2.6097501796148994,4.301077074408224,,
51.13491696900019,2.716,2.836,4.442,2.4788214941782316,2.6097501796148994,4.301077074408224,,
51.18503282900019,2.6959999999999997,2.836,4.482,2.4568915319972917,2.6097501796148994,4.342375386813075,,
51.235326792000706,2.6959999999999997,2.836,4.482,2.4568915319972917,2.6097501796148994,4.342375386813075,,
51.28567609000038,2.6959999999999997,2.8459999999999996,4.482,2.4568915319972917,2.6206136685898587,4.342375386813075,,
51.336061433000395,2.646,2.8459999999999996,4.502,2.401919232613786,2.6206136685898587,4.363015470978759,,
51.38620661300047,2.646,2.8459999999999996,4.502,2.401919232613786,2.6206136685898587,4.363015470978759,,
51.43654888000037,2.6959999999999997,2.9059999999999997,4.502,2.4568915319972917,2.685653737919317,4.363015470978759,,
51.48687048500051,2.6959999999999997,2.9059999999999997,4.542,2.4568915319972917,2.685653737919317,4.404277920386042,,
51.53701887600073,2.6959999999999997,2.9059999999999997,4.542,2.4568915319972917,2.685653737919317,4.404277920386042,,
51.58731191200059,2.636,2.916,4.542,2.390898575849674,2.6964710271019046,4.404277920386042,,
51.63764404599988,2.636,2.916,4.522,2.390898575849674,2.6964710271019046,4.383649621034966,,
51.68801644399991,2.636,2.916,4.522,2.390898575849674,2.6964710271019046,4.383649621034966,,
51.738344903000325,2.6260000000000003,2.936,4.542,2.379868903952485,2.7180868271635474,4.404277920386042,,
51.7886423760001,2.6260000000000003,2.936,4.542,2.379868903952485,2.7180868271635474,4.404277920386042,,
51.83899937700062,2.6260000000000003,2.936,4.542,2.379868903952485,2.7180868271635474,4.404277920386042,,
51.88917271800074,2.6159999999999997,2.9659999999999997,4.582,2.3688300909942863,2.7504646880118275,4.445517292734333,,
51.93950925600075,2.6159999999999997,2.9659999999999997,4.582,2.3688300909942863,2.7504646880118275,4.445517292734333,,
51.98984240700065,2.6159999999999997,2.9659999999999997,4.582,2.3688300909942863,2.7504646880118275,4.445517292734333,,
52.03997950200028,2.556,2.976,4.562,2.302397880471575,2.761245371204812,4.424900450857624,,
52.09020862299985,2.556,2.976,4.562,2.302397880471575,2.761245371204812,4.424900450857624,,
52.14044569900034,2.556,3.006,4.562,2.302397880471575,2.7935525769170693,4.424900450857624,,
52.19080115399993,2.526,3.006,4.562,2.269047377204804,2.7935525769170693,4.424900450857624,,
52.241011682000135,2.526,3.006,4.562,2.269047377204804,2.7935525769170693,4.424900450857624,,
52.29120408200015,2.526,2.9859999999999998,4.562,2.269047377204804,2.7720202019465874,4.424900450857624,,
52.34154199900058,2.566,2.9859999999999998,4.562,2.3134943267706536,2.7720202019465874,4.424900450857624,,
52.391886413000066,2.566,2.9859999999999998,4.562,2.3134943267706536,2.7720202019465874,4.424900450857624,,
52.44210724799996,2.5060000000000002,2.9859999999999998,4.562,2.2467612245185293,2.7720202019465874,4.424900450857624,,
52.49243253300028,2.5060000000000002,2.9859999999999998,4.602,2.2467612245185293,2.7720202019465874,4.466128524796393,,
52.542758833000335,2.5060000000000002,2.9859999999999998,4.602,2.2467612245185293,2.7720202019465874,4.466128524796393,,
52.59310554400054,2.516,3.0359999999999996,4.602,2.257909652754069,2.825808910736888,4.466128524796393,,
52.64328306800053,2.516,3.0359999999999996,4.632,2.257909652754069,2.825808910736888,4.497035023212517,,
52.69357937800032,2.516,3.0359999999999996,4.632,2.257909652754069,2.825808910736888,4.497035023212517,,
52.74375831500038,2.466,3.0759999999999996,4.622,2.202057219965004,2.868741187350298,4.486734224355171,,
52.79409274600039,2.466,3.0759999999999996,4.622,2.202057219965004,2.868741187350298,4.486734224355171,,
52.84427411500019,2.466,3.0759999999999996,4.622,2.202057219965004,2.868741187350298,4.486734224355171,,
52.8945902760006,2.426,3.1359999999999997,4.602,2.1571685145115578,2.932984145882824,4.466128524796393,,
52.94493464700008,2.426,3.1359999999999997,4.602,2.1571685145115578,2.932984145882824,4.466128524796393,,
52.9952659139999,2.426,3.1359999999999997,4.602,2.1571685145115578,2.932984145882824,4.466128524796393,,
53.045438204000675,2.4160000000000004,3.166,4.652,2.1459161213803304,2.965038954212912,4.517632565846851,,
53.09556121800051,2.4160000000000004,3.166,4.652,2.1459161213803304,2.965038954212912,4.517632565846851,,
53.14566709100018,2.4160000000000004,3.146,4.652,2.1459161213803304,2.943673894982255,4.517632565846851,,
53.19600577100027,2.4160000000000004,3.146,4.652,2.1459161213803304,2.943673894982255,4.517632565846851,,
53.24620805399991,2.4160000000000004,3.146,4.652,2.1459161213803304,2.943673894982255,4.517632565846851,,
53.29642012000022,2.4160000000000004,3.146,4.652,2.1459161213803304,2.943673894982255,4.517632565846851,,
53.34676835100072,2.4160000000000004,3.146,4.652,2.1459161213803304,2.943673894982255,4.517632565846851,,
53.397098832000665,2.4160000000000004,3.146,4.652,2.1459161213803304,2.943673894982255,4.517632565846851,,
53.447255176,2.3659999999999997,3.256,4.652,2.0894630889297847,3.060953446232072,4.517632565846851,,
53.49760908400003,2.3659999999999997,3.256,4.712,2.0894630889297847,3.060953446232072,4.579393409612238,,
53.547979060000216,2.3659999999999997,3.256,4.712,2.0894630889297847,3.060953446232072,4.579393409612238,,
53.59831472699989,2.316,3.226,4.712,2.0326721329324116,3.029022284500396,4.579393409612238,,
53.64849318600045,2.316,3.226,4.712,2.0326721329324116,3.029022284500396,4.579393409612238,,
53.698788102000435,2.316,3.226,4.712,2.0326721329324116,3.029022284500396,4.579393409612238,,
53.74898274099996,2.316,3.256,4.712,2.0326721329324116,3.060953446232072,4.579393409612238,,
53.79932390400063,2.316,3.256,4.712,2.0326721329324116,3.060953446232072,4.579393409612238,,
53.849453425999855,2.316,3.256,4.712,2.0326721329324116,3.060953446232072,4.579393409612238,,
53.89979754600063,2.2960000000000003,3.3059999999999996,4.792,2.0098547211179225,3.1140867039952496,4.661669657965909,,
53.950122044000636,2.2960000000000003,3.3059999999999996,4.792,2.0098547211179225,3.1140867039952496,4.661669657965909,,
54.00031099300031,2.2960000000000003,3.3059999999999996,4.792,2.0098547211179225,3.1140867039952496,4.661669657965909,,
54.05049876200064,2.276,3.2859999999999996,4.792,1.9869765977484484,3.092845938613819,4.661669657965909,,
54.100807333000375,2.276,3.2859999999999996,4.792,1.9869765977484484,3.092845938613819,4.661669657965909,,
54.151142300000174,2.276,3.2859999999999996,4.792,1.9869765977484484,3.092845938613819,4.661669657965909,,
54.20147944600012,2.266,3.336,4.772,1.9755141103014173,3.1459173542863454,4.641108057350098,,
54.2516725129999,2.266,3.336,4.772,1.9755141103014173,3.1459173542863454,4.641108057350098,,
54.30201310400025,2.266,3.296,4.772,1.9755141103014173,3.1034683823103464,4.641108057350098,,
54.35220007699991,2.2560000000000002,3.296,4.772,1.9640356412244664,3.1034683823103464,4.641108057350098,,
54.40254461299992,2.2560000000000002,3.296,4.772,1.9640356412244664,3.1034683823103464,4.641108057350098,,
54.452870742000414,2.2560000000000002,3.3459999999999996,4.772,1.9640356412244664,3.156519602346863,4.641108057350098,,
54.503053944000385,2.2359999999999998,3.3459999999999996,4.792,1.941029623679144,3.156519602346863,4.661669657965909,,
54.553388954000184,2.2359999999999998,3.3459999999999996,4.792,1.941029623679144,3.156519602346863,4.661669657965909,,
54.60362880299999,2.2359999999999998,3.396,4.792,1.941029623679144,3.209472853912305,4.661669657965909,,
54.65376010300042,2.2359999999999998,3.396,4.792,1.941029623679144,3.209472853912305,4.661669657965909,,
54.704089526000644,2.2359999999999998,3.396,4.792,1.941029623679144,3.209472853912305,4.661669657965909,,
54.75423194300038,2.226,3.4059999999999997,4.792,1.9295014900227467,3.2200521734903607,4.661669657965909,,
54.80457052700058,2.226,3.4059999999999997,4.882,1.9295014900227467,3.2200521734903607,4.754137566373106,,
54.85469475800073,2.226,3.4059999999999997,4.882,1.9295014900227467,3.2200521734903607,4.754137566373106,,
54.90502228300011,2.216,3.3659999999999997,4.832,1.9179562038795364,3.177712384719548,4.702778327754775,,
54.955348229000265,2.216,3.3659999999999997,4.832,1.9179562038795364,3.177712384719548,4.702778327754775,,
55.0054907370004,2.216,3.3659999999999997,4.832,1.9179562038795364,3.177712384719548,4.702778327754775,,
55.05568179400052,2.226,3.4059999999999997,4.832,1.9295014900227467,3.2200521734903607,4.702778327754775,,
55.10581141400053,2.226,3.4059999999999997,4.832,1.9295014900227467,3.2200521734903607,4.702778327754775,,
55.155925144999856,2.226,3.4059999999999997,4.832,1.9295014900227467,3.2200521734903607,4.702778327754775,,
55.206252173000394,2.2359999999999998,3.4259999999999997,4.792,1.941029623679144,3.241199777860044,4.661669657965909,,
55.258021980000194,2.2359999999999998,3.4259999999999997,4.792,1.941029623679144,3.241199777860044,4.661669657965909,,
55.30812354600039,2.2359999999999998,3.3859999999999997,4.792,1.941029623679144,3.1988898074175665,4.661669657965909,,
55.35824973700073,2.2359999999999998,3.3859999999999997,4.832,1.941029623679144,3.1988898074175665,4.702778327754775,,
55.40860515900022,2.2359999999999998,3.3859999999999997,4.832,1.941029623679144,3.1988898074175665,4.702778327754775,1.0,3.0
55.458749950999845,2.2359999999999998,3.356,4.832,1.941029623679144,3.167117932758425,4.702778327754775,,
55.50886191900008,2.216,3.356,4.752,1.9179562038795364,3.167117932758425,4.620541526704419,,
55.55919849900056,2.216,3.356,4.752,1.9179562038795364,3.167117932758425,4.620541526704419,,
55.60952662900036,2.226,3.3659999999999997,4.752,1.9295014900227467,3.177712384719548,4.620541526704419,,
55.65986700900066,2.226,3.3659999999999997,4.772,1.9295014900227467,3.177712384719548,4.641108057350098,,
55.71016977799991,2.226,3.3659999999999997,4.772,1.9295014900227467,3.177712384719548,4.641108057350098,,
55.76028688899987,2.2359999999999998,3.416,4.772,1.941029623679144,3.2306278027652766,4.641108057350098,,
55.810541894999915,2.2359999999999998,3.416,4.792,1.941029623679144,3.2306278027652766,4.661669657965909,,
55.860674634000134,2.2359999999999998,3.416,4.792,1.941029623679144,3.2306278027652766,4.661669657965909,,
55.910976408999886,2.1959999999999997,3.4059999999999997,4.812,1.894812919525302,3.2200521734903607,4.6822263935012804,,
55.96130208700015,2.1959999999999997,3.4059999999999997,4.812,1.894812919525302,3.2200521734903607,4.6822263935012804,,
56.011625414000264,2.1959999999999997,3.4059999999999997,4.812,1.894812919525302,3.2200521734903607,4.6822263935012804,,
56.06199599899992,2.1959999999999997,3.416,4.732,1.894812919525302,3.2306278027652766,4.599969999902174,,
56.112198443000125,2.1959999999999997,3.416,4.732,1.894812919525302,3.2306278027652766,4.599969999902174,,
56.16236725300041,2.1959999999999997,3.416,4.732,1.894812919525302,3.2306278027652766,4.599969999902174,,
56.21248429300067,2.1559999999999997,3.396,4.692,1.8483062516801696,3.209472853912305,4.558811687271147,,
56.262820822999856,2.1559999999999997,3.396,4.692,1.8483062516801696,3.209472853912305,4.558811687271147,,
56.313198662000104,2.1559999999999997,3.396,4.692,1.8483062516801696,3.209472853912305,4.558811687271147,,
56.36351889100024,2.1559999999999997,3.396,4.692,1.8483062516801696,3.209472853912305,4.558811687271147,,
56.413633238999864,2.1559999999999997,3.396,4.692,1.8483062516801696,3.209472853912305,4.558811687271147,,
56.46399041800032,2.1559999999999997,3.456,4.692,1.8483062516801696,3.272894132109989,4.558811687271147,,
56.51414998300061,2.0860000000000003,3.456,4.692,1.766152881264813,3.272894132109989,4.558811687271147,,
56.56448636700043,2.0860000000000003,3.456,4.692,1.766152881264813,3.272894132109989,4.558811687271147,,
56.61479010899984,2.0860000000000003,3.456,4.692,1.766152881264813,3.272894132109989,4.558811687271147,,
56.66511768700002,2.096,3.456,4.652,1.7779527552778225,3.272894132109989,4.517632565846851,,
56.71544051100045,2.096,3.456,4.652,1.7779527552778225,3.272894132109989,4.517632565846851,,
56.765559487000246,2.076,3.416,4.652,1.7543306415838493,3.2306278027652766,4.517632565846851,,
56.81586756700017,2.076,3.416,4.622,1.7543306415838493,3.2306278027652766,4.486734224355171,,
56.866208714000095,2.076,3.416,4.622,1.7543306415838493,3.2306278027652766,4.486734224355171,,
56.91643315800047,2.076,3.4659999999999997,4.622,1.7543306415838493,3.2834518421929073,4.486734224355171,,
56.966756043000714,2.076,3.4659999999999997,4.622,1.7543306415838493,3.2834518421929073,4.486734224355171,,
57.01711736600009,2.076,3.4659999999999997,4.622,1.7543306415838493,3.2834518421929073,4.486734224355171,,
57.06747914500011,2.106,3.476,4.582,1.789730706000207,3.29400607163982,4.445517292734333,,
57.11762672600071,2.106,3.476,4.582,1.789730706000207,3.29400607163982,4.445517292734333,,
57.16800896600034,2.106,3.476,4.582,1.789730706000207,3.29400607163982,4.445517292734333,,
57.21834340800069,2.076,3.4859999999999998,4.522,1.7543306415838493,3.3045568538005208,4.383649621034966,,
57.26867143400068,2.076,3.4859999999999998,4.522,1.7543306415838493,3.3045568538005208,4.383649621034966,,
57.31900264600063,2.076,3.4859999999999998,4.522,1.7543306415838493,3.3045568538005208,4.383649621034966,,
57.36933464899994,2.066,3.5359999999999996,4.542,1.7424855810020348,3.357260192478384,4.404277920386042,,
57.41962395000064,2.066,3.5359999999999996,4.542,1.7424855810020348,3.357260192478384,4.404277920386042,,
57.47001629400074,2.066,3.5159999999999996,4.542,1.7424855810020348,3.3361888435758544,4.404277920386042,,
57.52033518100052,2.066,3.5159999999999996,4.482,1.7424855810020348,3.3361888435758544,4.342375386813075,,
57.57067788899985,2.066,3.5159999999999996,4.482,1.7424855810020348,3.3361888435758544,4.342375386813075,,
57.62103017700065,2.066,3.566,4.482,1.7424855810020348,3.388842870361504,4.342375386813075,,
57.6713650669999,2.0060000000000002,3.566,4.482,1.6709087347907428,3.388842870361504,4.342375386813075,,
57.72147977500026,2.0060000000000002,3.566,4.482,1.6709087347907428,3.388842870361504,4.342375386813075,,
57.771832428999915,1.996,3.5759999999999996,4.482,1.6588899903248557,3.3993640581732336,4.342375386813075,,
57.822183532000054,1.996,3.5759999999999996,4.462,1.6588899903248557,3.3993640581732336,4.321729283516032,,
57.872525710000446,1.996,3.5759999999999996,4.462,1.6588899903248557,3.3993640581732336,4.321729283516032,,
57.92285379400073,1.986,3.566,4.462,1.6468442549312305,3.388842870361504,4.321729283516032,,
57.97300688999985,1.986,3.566,4.462,1.6468442549312305,3.388842870361504,4.321729283516032,,
58.02333338800054,1.986,3.566,4.462,1.6468442549312305,3.388842870361504,4.321729283516032,,
58.07368820100055,1.986,3.546,4.402,1.6468442549312305,3.3677909673850004,4.25975398350656,,
58.12401821799995,1.986,3.546,4.402,1.6468442549312305,3.3677909673850004,4.25975398350656,,
58.17435688600017,1.986,3.546,4.402,1.6468442549312305,3.3677909673850004,4.25975398350656,,
58.22454138100056,1.986,3.586,4.402,1.6468442549312305,3.4098821093990916,4.25975398350656,,
58.27487277199998,1.986,3.586,4.402,1.6468442549312305,3.4098821093990916,4.25975398350656,,
58.325212513000224,1.986,3.586,4.402,1.6468442549312305,3.4098821093990916,4.25975398350656,,
58.37555715600047,1.946,3.6359999999999997,4.352,1.5983791790435709,3.4624263169055305,4.208064163008925,,
58.425877288000265,1.946,3.6359999999999997,4.352,1.5983791790435709,3.4624263169055305,4.208064163008925,,
58.47602203400038,1.946,3.606,4.352,1.5983791790435709,3.430908917473619,4.208064163008925,,
58.52637364200018,1.976,3.606,4.372,1.634770931965699,3.430908917473619,4.228744967481487,,
58.576532693000445,1.976,3.606,4.372,1.634770931965699,3.430908917473619,4.228744967481487,,
58.62686632100031,1.976,3.6159999999999997,4.372,1.634770931965699,3.4414177311102465,4.228744967481487,,
58.677207998000085,1.976,3.6159999999999997,4.312,1.634770931965699,3.4414177311102465,4.166682613302818,,
58.72755176800001,1.976,3.6159999999999997,4.312,1.634770931965699,3.4414177311102465,4.166682613302818,,
58.77769438500036,1.966,3.706,4.312,1.6226694056399782,3.535864250787917,4.166682613302818,,
58.82802059599999,1.966,3.706,4.252,1.6226694056399782,3.535864250787917,4.104558928800998,,
58.87836144100038,1.966,3.706,4.252,1.6226694056399782,3.535864250787917,4.104558928800998,,
58.928699071000665,1.936,3.6759999999999997,4.252,1.5861891438286921,3.5044080812599434,4.104558928800998,,
58.9790220040004,1.936,3.6759999999999997,4.292,1.5861891438286921,3.5044080812599434,4.145981669038106,,
59.029339008000534,1.936,3.6759999999999997,4.292,1.5861891438286921,3.5044080812599434,4.145981669038106,,
59.079482803000246,1.896,3.756,4.312,1.5371128780932126,3.5882357782063314,4.166682613302818,,
59.12982024100074,1.896,3.756,4.312,1.5371128780932126,3.5882357782063314,4.166682613302818,,
59.17993314500018,1.896,3.756,4.312,1.5371128780932126,3.5882357782063314,4.166682613302818,,
59.23002368700054,1.896,3.756,4.272,1.5371128780932126,3.5882357782063314,4.125273809094374,,
59.28038151100009,1.896,3.756,4.272,1.5371128780932126,3.5882357782063314,4.125273809094374,,
59.33074078900063,1.896,3.756,4.272,1.5371128780932126,3.5882357782063314,4.125273809094374,,
59.38107261599998,1.896,3.756,4.272,1.5371128780932126,3.5882357782063314,4.125273809094374,,
59.43139186600001,1.896,3.756,4.272,1.5371128780932126,3.5882357782063314,4.125273809094374,,
59.48148493200006,1.896,3.7359999999999998,4.272,1.5371128780932126,3.567295334003059,4.125273809094374,,
59.53182220100007,1.936,3.7359999999999998,4.232,1.5861891438286921,3.567295334003059,4.083836921327785,,
59.58216532999995,1.936,3.7359999999999998,4.232,1.5861891438286921,3.567295334003059,4.083836921327785,,
59.632310716000575,1.936,3.7359999999999998,4.232,1.5861891438286921,3.567295334003059,4.083836921327785,,
59.68262922099984,1.936,3.7359999999999998,4.192,1.5861891438286921,3.567295334003059,4.042371086379874,,
59.73299196500011,1.936,3.7359999999999998,4.192,1.5861891438286921,3.567295334003059,4.042371086379874,,
59.78308514499986,1.906,3.756,4.192,1.5494308632526974,3.5882357782063314,4.042371086379874,,
59.83341750799991,1.906,3.756,4.172,1.5494308632526974,3.5882357782063314,4.021627033925448,,
59.883788815000116,1.906,3.756,4.172,1.5494308632526974,3.5882357782063314,4.021627033925448,,
59.93411778400059,1.956,3.796,4.172,1.6105390401974116,3.630084847493237,4.021627033925448,,
59.9844811640005,1.956,3.796,4.152,1.6105390401974116,3.630084847493237,4.0008754042084345,,
60.03482809400066,1.956,3.796,4.152,1.6105390401974116,3.630084847493237,4.0008754042084345,,
60.084928357000535,1.896,3.8259999999999996,4.172,1.5371128780932126,3.6614445236818756,4.021627033925448,,
60.135270720000335,1.896,3.8259999999999996,4.172,1.5371128780932126,3.6614445236818756,4.021627033925448,,
60.18541753499994,1.896,3.8259999999999996,4.172,1.5371128780932126,3.6614445236818756,4.021627033925448,,
60.2355640830001,1.946,3.936,4.0920000000000005,1.5983791790435709,3.7762409880726624,3.9385738535667962,,
60.28570797000066,1.946,3.936,4.0920000000000005,1.5983791790435709,3.7762409880726624,3.9385738535667962,,
60.33603178800058,1.946,3.936,4.0920000000000005,1.5983791790435709,3.7762409880726624,3.9385738535667962,,
60.38625008300005,1.946,3.9459999999999997,4.0920000000000005,1.5983791790435709,3.786662910796259,3.9385738535667962,,
60.43639604800046,1.946,3.9459999999999997,4.0920000000000005,1.5983791790435709,3.786662910796259,3.9385738535667962,,
60.48671710100007,1.946,3.9459999999999997,4.0920000000000005,1.5983791790435709,3.786662910796259,3.9385738535667962,,
60.537047423999866,1.946,3.936,4.072,1.5983791790435709,3.7762409880726624,3.917790703955483,,
60.587372662000234,1.946,3.936,4.072,1.5983791790435709,3.7762409880726624,3.917790703955483,,
60.63770837900029,1.946,3.976,4.072,1.5983791790435709,3.817915137873025,3.917790703955483,,
60.68803893400036,1.876,3.976,4.082,1.5123742922967183,3.817915137873025,3.9281832951123854,,
60.7383849150001,1.876,3.976,4.082,1.5123742922967183,3.817915137873025,3.9281832951123854,,
60.78871257599985,1.876,3.9459999999999997,4.082,1.5123742922967183,3.786662910796259,3.9281832951123854,,
60.839039268000306,1.896,3.9459999999999997,4.082,1.5371128780932126,3.786662910796259,3.9281832951123854,,
60.88937590700061,1.896,3.9459999999999997,4.082,1.5371128780932126,3.786662910796259,3.9281832951123854,,
60.93952202299988,1.936,3.9459999999999997,4.082,1.5861891438286921,3.786662910796259,3.9281832951123854,,
60.98964477100071,1.936,3.9459999999999997,4.0520000000000005,1.5861891438286921,3.786662910796259,3.8969993584808305,,
61.040002080000704,1.936,3.9459999999999997,4.0520000000000005,1.5861891438286921,3.786662910796259,3.8969993584808305,,
61.09032140900035,1.896,4.006,4.0520000000000005,1.5371128780932126,3.8491474380698905,3.8969993584808305,,
61.14063961000011,1.896,4.006,4.0520000000000005,1.5371128780932126,3.8491474380698905,3.8969993584808305,,
61.19099616800031,1.896,4.006,4.0520000000000005,1.5371128780932126,3.8491474380698905,3.8969993584808305,,
61.241316682000615,1.876,4.0360000000000005,4.022,1.5123742922967183,3.880360292550165,3.8657966837380364,,
61.29146112299986,1.876,4.0360000000000005,4.022,1.5123742922967183,3.880360292550165,3.8657966837380364,,
61.341794425000444,1.876,4.0360000000000005,4.022,1.5123742922967183,3.880360292550165,3.8657966837380364,,
61.392117731000326,1.936,4.0760000000000005,4.022,1.5861891438286921,3.9219479853766552,3.8657966837380364,,
61.44246506200034,1.936,4.0760000000000005,4.022,1.5861891438286921,3.9219479853766552,3.8657966837380364,,
61.49268604700046,1.936,4.0760000000000005,4.022,1.5861891438286921,3.9219479853766552,3.8657966837380364,,
61.54303069800062,1.896,4.096,3.9419999999999997,1.5371128780932126,3.942729511391822,3.782494415065275,,
61.5933473390005,1.896,4.096,3.9419999999999997,1.5371128780932126,3.942729511391822,3.782494415065275,,
61.6436780920003,1.896,4.1160000000000005,3.9419999999999997,1.5371128780932126,3.963502996088183,3.782494415065275,,
61.69401861999995,1.906,4.1160000000000005,3.9219999999999997,1.5494308632526974,3.963502996088183,3.7616464480330944,,
61.744175367000025,1.906,4.1160000000000005,3.9219999999999997,1.5494308632526974,3.963502996088183,3.7616464480330944,,
61.79431577200012,1.906,4.156000000000001,3.9219999999999997,1.5494308632526974,4.005026341985781,3.7616464480330944,,
61.84446083600051,1.986,4.156000000000001,3.9419999999999997,1.6468442549312305,4.005026341985781,3.782494415065275,,
61.89483992500027,1.986,4.156000000000001,3.9419999999999997,1.6468442549312305,4.005026341985781,3.782494415065275,,
61.94499057900066,1.936,4.1160000000000005,3.9419999999999997,1.5861891438286921,3.963502996088183,3.782494415065275,,
61.995315623999886,1.936,4.1160000000000005,3.9419999999999997,1.5861891438286921,3.963502996088183,3.782494415065275,,
62.04544256900044,1.936,4.1160000000000005,3.9419999999999997,1.5861891438286921,3.963502996088183,3.782494415065275,,
62.09577693900064,1.936,4.196000000000001,3.9419999999999997,1.5861891438286921,4.0465189978548235,3.782494415065275,,
62.14611362300002,1.936,4.196000000000001,3.9019999999999997,1.5861891438286921,4.0465189978548235,3.7407892215413576,,
62.196441257000515,1.936,4.196000000000001,3.9019999999999997,1.5861891438286921,4.0465189978548235,3.7407892215413576,,
62.24678601699998,1.936,4.216,3.9019999999999997,1.5861891438286921,4.067254110576323,3.7407892215413576,,
62.29712371400001,1.936,4.216,3.9019999999999997,1.5861891438286921,4.067254110576323,3.7407892215413576,,
62.34745905100044,1.936,4.216,3.9019999999999997,1.5861891438286921,4.067254110576323,3.7407892215413576,,
62.39778875600041,1.936,4.216,3.9019999999999997,1.5861891438286921,4.067254110576323,3.7407892215413576,,
62.44811885400031,1.936,4.216,3.9019999999999997,1.5861891438286921,4.067254110576323,3.7407892215413576,,
62.498454333000154,1.936,4.216,3.9019999999999997,1.5861891438286921,4.067254110576323,3.7407892215413576,,
62.54880149500059,1.946,4.2860000000000005,3.892,1.5983791790435709,4.1397700419226195,3.730357087464952,,
62.59893245400053,1.946,4.2860000000000005,3.892,1.5983791790435709,4.1397700419226195,3.730357087464952,,
62.64897158200074,1.946,4.3260000000000005,3.892,1.5983791790435709,4.1811692144662125,3.730357087464952,,
62.699212892000105,1.946,4.3260000000000005,3.852,1.5983791790435709,4.1811692144662125,3.6886046142138897,,
62.74957462600014,1.946,4.3260000000000005,3.852,1.5983791790435709,4.1811692144662125,3.6886046142138897,,
62.79991547300051,1.946,4.486000000000001,3.852,1.5983791790435709,4.346503882432409,3.6886046142138897,,
62.85026531600033,1.946,4.486000000000001,3.872,1.5983791790435709,4.346503882432409,3.709485678635247,,
62.90039152100053,1.946,4.486000000000001,3.872,1.5983791790435709,4.346503882432409,3.709485678635247,,
62.95057447799991,1.946,4.466,3.872,1.5983791790435709,4.325858989842365,3.709485678635247,,
63.000885600999936,1.956,4.466,3.822,1.6105390401974116,4.325858989842365,3.6572645515466884,,
63.0512071130006,1.956,4.466,3.822,1.6105390401974116,4.325858989842365,3.6572645515466884,,
63.10154272999989,1.986,4.516,3.822,1.6468442549312305,4.377459994106171,3.6572645515466884,,
63.15165944199998,1.986,4.516,3.802,1.6468442549312305,4.377459994106171,3.6363586181783556,,
63.202012128000206,1.986,4.516,3.802,1.6468442549312305,4.377459994106171,3.6363586181783556,,
63.25233713099988,1.976,4.506,3.802,1.634770931965699,4.367142773026776,3.6363586181783556,,
63.30247931099984,1.976,4.506,3.792,1.634770931965699,4.367142773026776,3.62590181885831,,
63.352600793999954,1.976,4.506,3.792,1.634770931965699,4.367142773026776,3.62590181885831,,
63.40293065200058,1.976,4.486000000000001,3.752,1.634770931965699,4.346503882432409,3.584048548778322,,
63.453272182000546,1.976,4.486000000000001,3.752,1.634770931965699,4.346503882432409,3.584048548778322,,
63.50361344200064,1.976,4.486000000000001,3.752,1.634770931965699,4.346503882432409,3.584048548778322,,
63.55397029000051,1.976,4.446000000000001,3.7319999999999998,1.634770931965699,4.305208008911998,3.5631059484668706,,
63.60429128800024,1.976,4.446000000000001,3.7319999999999998,1.634770931965699,4.305208008911998,3.5631059484668706,,
63.65442288000031,1.976,4.446000000000001,3.7319999999999998,1.634770931965699,4.305208008911998,3.5631059484668706,,
63.70472367599996,1.966,4.516,3.7119999999999997,1.6226694056399782,4.377459994106171,3.542152452958511,,
63.75505746900035,1.966,4.516,3.7119999999999997,1.6226694056399782,4.377459994106171,3.542152452958511,,
63.805377102999955,1.966,4.466,3.7119999999999997,1.6226694056399782,4.325858989842365,3.542152452958511,,
63.85550289100047,1.966,4.466,3.7319999999999998,1.6226694056399782,4.325858989842365,3.5631059484668706,,
63.905830337000225,1.966,4.466,3.7319999999999998,1.6226694056399782,4.325858989842365,3.5631059484668706,,
63.95615663800072,1.966,4.556,3.7319999999999998,1.6226694056399782,4.418714292642148,3.5631059484668706,,
64.00646436900024,1.986,4.556,3.7119999999999997,1.6468442549312305,4.418714292642148,3.542152452958511,,
64.05659704500067,1.986,4.556,3.7119999999999997,1.6468442549312305,4.418714292642148,3.542152452958511,,
64.10692231900066,2.016,4.6160000000000005,3.7119999999999997,1.682901066610869,4.480553090858316,3.542152452958511,,
64.15725470699999,2.016,4.6160000000000005,3.702,1.682901066610869,4.480553090858316,3.5316715589080476,,
64.20759462300066,2.016,4.6160000000000005,3.702,1.682901066610869,4.480553090858316,3.5316715589080476,,
64.25789618100043,2.026,4.6160000000000005,3.702,1.694867546447214,4.480553090858316,3.5316715589080476,,
64.30823070000042,2.026,4.6160000000000005,3.6919999999999997,1.694867546447214,4.480553090858316,3.521187867751449,,
64.35857294700054,2.026,4.6160000000000005,3.6919999999999997,1.694867546447214,4.480553090858316,3.521187867751449,,
64.40871605400025,2.0060000000000002,4.596,3.662,1.6709087347907428,4.459945739580247,3.4897197595222456,,
64.45905347999997,2.0060000000000002,4.596,3.662,1.6709087347907428,4.459945739580247,3.4897197595222456,,
64.50919723200059,2.0060000000000002,4.596,3.662,1.6709087347907428,4.459945739580247,3.4897197595222456,,
64.55945971700021,2.026,4.636,3.6519999999999997,1.694867546447214,4.501154962895635,3.479224626263731,,
64.60963112900026,2.026,4.636,3.6519999999999997,1.694867546447214,4.501154962895635,3.479224626263731,,
64.6599893370003,2.026,4.636,3.6519999999999997,1.694867546447214,4.501154962895635,3.479224626263731,,
64.71033336400069,2.0060000000000002,4.676,3.6719999999999997,1.6709087347907428,4.542342567442486,3.5002119935798173,,
64.76069064600051,2.0060000000000002,4.676,3.6719999999999997,1.6709087347907428,4.542342567442486,3.5002119935798173,,
64.81102253400059,2.0060000000000002,4.636,3.6719999999999997,1.6709087347907428,4.501154962895635,3.5002119935798173,,
64.8613722680002,2.0060000000000002,4.636,3.642,1.6709087347907428,4.501154962895635,3.4687265674884205,,
64.9117146540002,2.0060000000000002,4.636,3.642,1.6709087347907428,4.501154962895635,3.4687265674884205,,
64.96187934000045,2.0060000000000002,4.636,3.642,1.6709087347907428,4.501154962895635,3.4687265674884205,,
65.01202758900035,2.0060000000000002,4.636,3.6719999999999997,1.6709087347907428,4.501154962895635,3.5002119935798173,,
65.06236215300032,2.0060000000000002,4.636,3.6719999999999997,1.6709087347907428,4.501154962895635,3.5002119935798173,,
65.11263855400011,1.986,4.656000000000001,3.6719999999999997,1.6468442549312305,4.521751430585278,3.5002119935798173,,
65.16275650600073,1.986,4.656000000000001,3.642,1.6468442549312305,4.521751430585278,3.4687265674884205,,
65.21290961900013,1.986,4.656000000000001,3.642,1.6468442549312305,4.521751430585278,3.4687265674884205,,
65.26301017500009,1.986,4.636,3.642,1.6468442549312305,4.501154962895635,3.4687265674884205,,
65.31335050600046,1.986,4.636,3.662,1.6468442549312305,4.501154962895635,3.4897197595222456,,
65.36365036799998,1.986,4.636,3.662,1.6468442549312305,4.501154962895635,3.4897197595222456,,
65.4140058740004,1.986,4.636,3.662,1.6468442549312305,4.501154962895635,3.4897197595222456,,
65.46435336500053,1.986,4.636,3.662,1.6468442549312305,4.501154962895635,3.4897197595222456,,
65.51469189900035,1.986,4.636,3.662,1.6468442549312305,4.501154962895635,3.4897197595222456,,
65.56490925800063,1.986,4.636,3.6919999999999997,1.6468442549312305,4.501154962895635,3.521187867751449,,
65.61516699300046,1.986,4.636,3.6919999999999997,1.6468442549312305,4.501154962895635,3.521187867751449,,
65.66550706999988,1.986,4.636,3.6919999999999997,1.6468442549312305,4.501154962895635,3.521187867751449,,
65.71585126199989,2.036,4.676,3.6519999999999997,1.7068087180466358,4.542342567442486,3.479224626263731,,
65.76618653100013,2.036,4.676,3.6519999999999997,1.7068087180466358,4.542342567442486,3.479224626263731,,
65.81644191400028,2.036,4.676,3.6519999999999997,1.7068087180466358,4.542342567442486,3.479224626263731,3.0,3.0
65.86678235300042,2.026,4.676,3.642,1.694867546447214,4.542342567442486,3.4687265674884205,,
65.91698474800069,2.026,4.676,3.642,1.694867546447214,4.542342567442486,3.4687265674884205,,
65.96710297700065,2.026,4.6160000000000005,3.642,1.694867546447214,4.480553090858316,3.4687265674884205,,
66.01743547000024,2.076,4.6160000000000005,3.642,1.7543306415838493,4.480553090858316,3.4687265674884205,,
66.0677710480004,2.076,4.6160000000000005,3.642,1.7543306415838493,4.480553090858316,3.4687265674884205,,
66.11789392300034,2.076,4.5360000000000005,3.642,1.7543306415838493,4.398090040006003,3.4687265674884205,,
66.16821533200073,2.066,4.5360000000000005,3.662,1.7424855810020348,4.398090040006003,3.4897197595222456,,
66.21853115700014,2.066,4.5360000000000005,3.662,1.7424855810020348,4.398090040006003,3.4897197595222456,,
66.26886771299996,2.056,4.466,3.662,1.730617230932363,4.325858989842365,3.4897197595222456,,
66.31918695100012,2.056,4.466,3.6319999999999997,1.730617230932363,4.325858989842365,3.4582255565535336,,
66.36932805700053,2.056,4.466,3.6319999999999997,1.730617230932363,4.325858989842365,3.4582255565535336,,
66.41944690800028,2.066,4.446000000000001,3.6319999999999997,1.7424855810020348,4.305208008911998,3.4582255565535336,,
66.46978837400002,2.066,4.446000000000001,3.6519999999999997,1.7424855810020348,4.305208008911998,3.479224626263731,,
66.51990989000024,2.066,4.446000000000001,3.6519999999999997,1.7424855810020348,4.305208008911998,3.479224626263731,,
66.57019403100003,2.076,4.406000000000001,3.662,1.7543306415838493,4.26388742815755,3.4897197595222456,,
66.62053972900048,2.076,4.406000000000001,3.662,1.7543306415838493,4.26388742815755,3.4897197595222456,,
66.6708685399999,2.076,4.406000000000001,3.662,1.7543306415838493,4.26388742815755,3.4897197595222456,,
66.72113639500003,2.0860000000000003,4.446000000000001,3.642,1.766152881264813,4.305208008911998,3.4687265674884205,,
66.77127985100014,2.0860000000000003,4.446000000000001,3.642,1.766152881264813,4.305208008911998,3.4687265674884205,,
66.8214162560007,2.0860000000000003,4.446000000000001,3.642,1.766152881264813,4.305208008911998,3.4687265674884205,,
66.87175699100044,2.096,4.446000000000001,3.6719999999999997,1.7779527552778225,4.305208008911998,3.5002119935798173,,
66.92208659700009,2.096,4.446000000000001,3.6719999999999997,1.7779527552778225,4.305208008911998,3.5002119935798173,,
66.97241923000001,2.096,4.406000000000001,3.6719999999999997,1.7779527552778225,4.26388742815755,3.5002119935798173,,
67.02259330200013,2.066,4.406000000000001,3.6319999999999997,1.7424855810020348,4.26388742815755,3.4582255565535336,,
67.07270349900045,2.066,4.406000000000001,3.6319999999999997,1.7424855810020348,4.26388742815755,3.4582255565535336,,
67.12288257100045,2.066,4.386,3.6319999999999997,1.7424855810020348,4.243217647022128,3.4582255565535336,,
67.17321003400048,2.126,4.386,3.642,1.8132225456352562,4.243217647022128,3.4687265674884205,,
67.22355124200021,2.126,4.386,3.642,1.8132225456352562,4.243217647022128,3.4687265674884205,,
67.27369279400045,2.136,4.406000000000001,3.642,1.8249372591955046,4.26388742815755,3.4687265674884205,,
67.3238242440002,2.136,4.406000000000001,3.622,1.8249372591955046,4.26388742815755,3.4477215664841614,,
67.37401296200005,2.136,4.406000000000001,3.622,1.8249372591955046,4.26388742815755,3.4477215664841614,,
67.42435657199985,2.126,4.3660000000000005,3.622,1.8132225456352562,4.222541414835384,3.4477215664841614,,
67.47466214399992,2.126,4.3660000000000005,3.622,1.8132225456352562,4.222541414835384,3.4477215664841614,,
67.52477684299993,2.126,4.3660000000000005,3.622,1.8132225456352562,4.222541414835384,3.4477215664841614,,
67.57491498800027,2.126,4.346,3.622,1.8132225456352562,4.2018586363655785,3.4477215664841614,,
67.62523174500075,2.126,4.346,3.622,1.8132225456352562,4.2018586363655785,3.4477215664841614,,
67.67553661900001,2.126,4.346,3.622,1.8132225456352562,4.2018586363655785,3.4477215664841614,,
67.72586388900072,2.216,4.2860000000000005,3.622,1.9179562038795364,4.1397700419226195,3.4477215664841614,,
67.7760172950002,2.216,4.2860000000000005,3.622,1.9179562038795364,4.1397700419226195,3.4477215664841614,,
67.82634723699994,2.216,4.2860000000000005,3.622,1.9179562038795364,4.1397700419226195,3.4477215664841614,,
67.87646501200015,2.2359999999999998,4.346,3.592,1.941029623679144,4.2018586363655785,3.416191446625906,,
67.92660234300001,2.2359999999999998,4.346,3.592,1.941029623679144,4.2018586363655785,3.416191446625906,,
67.97670962700067,2.2359999999999998,4.266,3.592,1.941029623679144,4.119060086961587,3.416191446625906,,
68.02683151100064,2.266,4.266,3.612,1.9755141103014173,4.119060086961587,3.437214569967956,,
68.07711789000041,2.266,4.266,3.612,1.9755141103014173,4.119060086961587,3.437214569967956,,
68.12726077100069,2.266,4.256,3.612,1.9755141103014173,4.1087024715839435,3.437214569967956,,
68.17759530700005,2.226,4.256,3.572,1.9295014900227467,4.1087024715839435,3.3951559610715973,,
68.22793471600016,2.226,4.256,3.572,1.9295014900227467,4.1087024715839435,3.3951559610715973,,
68.27830461400026,2.226,4.236000000000001,3.572,1.9295014900227467,4.087981898198671,3.3951559610715973,,
68.32863212800021,2.186,4.236000000000001,3.582,1.883214273522798,4.087981898198671,3.405675263438955,,
68.37899105100041,2.186,4.236000000000001,3.582,1.883214273522798,4.087981898198671,3.405675263438955,,
68.42933030099994,2.186,4.236000000000001,3.582,1.883214273522798,4.087981898198671,3.405675263438955,,
68.47965862399997,2.186,4.236000000000001,3.582,1.883214273522798,4.087981898198671,3.405675263438955,,
68.5297764400002,2.186,4.236000000000001,3.582,1.883214273522798,4.087981898198671,3.405675263438955,,
68.58020335600031,2.216,4.1160000000000005,3.582,1.9179562038795364,3.963502996088183,3.405675263438955,,
68.63033406300019,2.216,4.1160000000000005,3.572,1.9179562038795364,3.963502996088183,3.3951559610715973,,
68.6804794540003,2.216,4.1160000000000005,3.572,1.9179562038795364,3.963502996088183,3.3951559610715973,,
68.73081378300049,2.226,4.096,3.572,1.9295014900227467,3.942729511391822,3.3951559610715973,,
68.78114806200028,2.226,4.096,3.572,1.9295014900227467,3.942729511391822,3.3951559610715973,,
68.83148927799994,2.226,4.096,3.572,1.9295014900227467,3.942729511391822,3.3951559610715973,,
68.88161263200072,2.2459999999999996,4.156000000000001,3.542,1.9525409086623506,4.005026341985781,3.3635790461946926,,
68.93175246600003,2.2459999999999996,4.156000000000001,3.542,1.9525409086623506,4.005026341985781,3.3635790461946926,,
68.98208241200064,2.2459999999999996,4.156000000000001,3.542,1.9525409086623506,4.005026341985781,3.3635790461946926,,
69.03222535500026,2.276,4.136,3.542,1.9869765977484484,3.9842685652450687,3.3635790461946926,,
69.08253592600067,2.276,4.136,3.542,1.9869765977484484,3.9842685652450687,3.3635790461946926,,
69.13286846500068,2.276,4.0760000000000005,3.542,1.9869765977484484,3.9219479853766552,3.3635790461946926,,
69.18308989100024,2.2560000000000002,4.0760000000000005,3.552,1.9640356412244664,3.9219479853766552,3.3741078820926873,,
69.23340471500069,2.2560000000000002,4.0760000000000005,3.552,1.9640356412244664,3.9219479853766552,3.3741078820926873,,
69.28355015099987,2.2560000000000002,4.0760000000000005,3.552,1.9640356412244664,3.9219479853766552,3.3741078820926873,,
69.33389004699984,2.2560000000000002,4.0760000000000005,3.502,1.9640356412244664,3.9219479853766552,3.321431016896181,,
69.38423286500074,2.2560000000000002,4.0760000000000005,3.502,1.9640356412244664,3.9219479853766552,3.321431016896181,,
69.43441649099987,2.2960000000000003,4.0360000000000005,3.502,2.0098547211179225,3.880360292550165,3.321431016896181,,
69.4846049480002,2.2960000000000003,4.0360000000000005,3.542,2.0098547211179225,3.880360292550165,3.3635790461946926,,
69.53493467800035,2.2960000000000003,4.0360000000000005,3.542,2.0098547211179225,3.880360292550165,3.3635790461946926,,
69.58524439700068,2.276,3.9859999999999998,3.542,1.9869765977484484,3.8283280946125813,3.3635790461946926,,
69.6355746600002,2.276,3.9859999999999998,3.4619999999999997,1.9869765977484484,3.8283280946125813,3.279229177718446,,
69.68591167600061,2.276,3.9859999999999998,3.4619999999999997,1.9869765977484484,3.8283280946125813,3.279229177718446,,
69.73626393700033,2.316,3.936,3.4819999999999998,2.0326721329324116,3.7762409880726624,3.300336952494396,,
69.78660383900024,2.316,3.936,3.4819999999999998,2.0326721329324116,3.7762409880726624,3.300336952494396,,
69.8367489480006,2.316,3.936,3.4819999999999998,2.0326721329324116,3.7762409880726624,3.300336952494396,,
69.88711166600024,2.316,3.9859999999999998,3.4619999999999997,2.0326721329324116,3.8283280946125813,3.279229177718446,,
69.93725712800006,2.316,3.9859999999999998,3.4619999999999997,2.0326721329324116,3.8283280946125813,3.279229177718446,,
69.98758937599996,2.316,3.9859999999999998,3.4619999999999997,2.0326721329324116,3.8283280946125813,3.279229177718446,,
70.03792146500018,2.3360000000000003,3.9659999999999997,3.4619999999999997,2.055430855076376,3.8074999671700587,3.279229177718446,,
70.08817082699989,2.3360000000000003,3.9659999999999997,3.4619999999999997,2.055430855076376,3.8074999671700587,3.279229177718446,,
70.13849261199994,2.3360000000000003,3.9059999999999997,3.4619999999999997,2.055430855076376,3.7449614150215216,3.279229177718446,,
70.18880683099997,2.3760000000000003,3.9059999999999997,3.432,2.100779855196637,3.7449614150215216,3.247541223756828,,
70.23914529100057,2.3760000000000003,3.9059999999999997,3.432,2.100779855196637,3.7449614150215216,3.247541223756828,,
70.28947332999996,2.3760000000000003,3.9059999999999997,3.432,2.100779855196637,3.7449614150215216,3.247541223756828,,
70.3398175580005,2.386,3.9059999999999997,3.452,2.112083331689354,3.7449614150215216,3.2686700659442516,,
70.39015509500041,2.386,3.9059999999999997,3.452,2.112083331689354,3.7449614150215216,3.2686700659442516,,
70.4402989680002,2.346,3.816,3.452,2.0667888135946546,3.6509938372996467,3.2686700659442516,,
70.49064166600056,2.346,3.816,3.4619999999999997,2.0667888135946546,3.6509938372996467,3.279229177718446,,
70.54101543400066,2.346,3.816,3.4619999999999997,2.0667888135946546,3.6509938372996467,3.279229177718446,,
70.5911766019999,2.426,3.8659999999999997,3.4619999999999997,2.1571685145115578,3.7032223805761375,3.279229177718446,,
70.64129030200002,2.426,3.8659999999999997,3.452,2.1571685145115578,3.7032223805761375,3.2686700659442516,,
70.69160648700017,2.426,3.8659999999999997,3.452,2.1571685145115578,3.7032223805761375,3.2686700659442516,,
70.74171239400039,2.4059999999999997,3.8259999999999996,3.452,2.134651259573797,3.6614445236818756,3.2686700659442516,,
70.79205242100034,2.4059999999999997,3.8259999999999996,3.452,2.134651259573797,3.6614445236818756,3.2686700659442516,,
70.84237569400011,2.4059999999999997,3.8259999999999996,3.452,2.134651259573797,3.6614445236818756,3.2686700659442516,,
70.8926985320004,2.466,3.756,3.4219999999999997,2.202057219965004,3.5882357782063314,3.2369714240320375,,
70.94303494300038,2.466,3.756,3.4219999999999997,2.202057219965004,3.5882357782063314,3.2369714240320375,,
70.99315215200022,2.466,3.756,3.4219999999999997,2.202057219965004,3.5882357782063314,3.2369714240320375,,
71.04348912000023,2.436,3.7359999999999998,3.392,2.1684086330763397,3.567295334003059,3.2052400846114475,,
71.09378816300068,2.436,3.7359999999999998,3.392,2.1684086330763397,3.567295334003059,3.2052400846114475,,
71.14423192499999,2.436,3.7359999999999998,3.392,2.1684086330763397,3.567295334003059,3.2052400846114475,,
71.19456450500002,2.4560000000000004,3.746,3.3819999999999997,2.190852801992868,3.5777669012947166,3.1946555369867338,,
71.24489134600026,2.4560000000000004,3.746,3.3819999999999997,2.190852801992868,3.5777669012947166,3.1946555369867338,,
71.29516122299992,2.4560000000000004,3.746,3.3819999999999997,2.190852801992868,3.5777669012947166,3.1946555369867338,,
71.34549237300052,2.466,3.746,3.4219999999999997,2.202057219965004,3.5777669012947166,3.2369714240320375,,
71.39582582000003,2.466,3.746,3.4219999999999997,2.202057219965004,3.5777669012947166,3.2369714240320375,,
71.44617250900046,2.466,3.746,3.4219999999999997,2.202057219965004,3.5777669012947166,3.2369714240320375,,
71.49631556200075,2.466,3.746,3.4219999999999997,2.202057219965004,3.5777669012947166,3.2369714240320375,,
71.54645991699999,2.466,3.746,3.4219999999999997,2.202057219965004,3.5777669012947166,3.2369714240320375,,
71.5967934700002,2.476,3.7159999999999997,3.4219999999999997,2.2132500988365504,3.54634403294435,3.2369714240320375,,
71.64713113200014,2.476,3.7159999999999997,3.4219999999999997,2.2132500988365504,3.54634403294435,3.2369714240320375,,
71.69727577499998,2.476,3.7159999999999997,3.4219999999999997,2.2132500988365504,3.54634403294435,3.2369714240320375,,
71.74741805500071,2.476,3.5959999999999996,3.4219999999999997,2.2132500988365504,3.42039705297499,3.2369714240320375,,
71.79777013900002,2.476,3.5959999999999996,3.412,2.2132500988365504,3.42039705297499,3.226397991568926,,
71.84806705500068,2.476,3.5959999999999996,3.412,2.2132500988365504,3.42039705297499,3.226397991568926,,
71.89819732700016,2.4560000000000004,3.646,3.4219999999999997,2.190852801992868,3.4729261437583148,3.2369714240320375,,
71.94852574900051,2.4560000000000004,3.646,3.4219999999999997,2.190852801992868,3.4729261437583148,3.2369714240320375,,
71.99888851300057,2.4560000000000004,3.646,3.4219999999999997,2.190852801992868,3.4729261437583148,3.2369714240320375,,
72.04904460099988,2.5060000000000002,3.5359999999999996,3.392,2.2467612245185293,3.357260192478384,3.2052400846114475,,
72.09919028200056,2.5060000000000002,3.5359999999999996,3.392,2.2467612245185293,3.357260192478384,3.2052400846114475,,
72.14953612099998,2.5060000000000002,3.5359999999999996,3.392,2.2467612245185293,3.357260192478384,3.2052400846114475,,
72.19986777600025,2.526,3.586,3.412,2.269047377204804,3.4098821093990916,3.226397991568926,,
72.25000151099994,2.526,3.586,3.412,2.269047377204804,3.4098821093990916,3.226397991568926,,
72.30033993600046,2.526,3.546,3.412,2.269047377204804,3.3677909673850004,3.226397991568926,,
72.35067844100013,2.516,3.546,3.4419999999999997,2.257909652754069,3.3677909673850004,3.258107426098777,,
72.40101575800054,2.516,3.546,3.4419999999999997,2.257909652754069,3.3677909673850004,3.258107426098777,,
72.45123542000056,2.516,3.526,3.4419999999999997,2.257909652754069,3.3467261614897623,3.258107426098777,,
72.50135548400067,2.556,3.526,3.392,2.302397880471575,3.3467261614897623,3.2052400846114475,,
72.5514951210007,2.556,3.526,3.392,2.302397880471575,3.3467261614897623,3.2052400846114475,,
72.60184667500016,2.5860000000000003,3.506,3.392,2.3356575091395575,3.3256482074927884,3.2052400846114475,,
72.65218125000047,2.5860000000000003,3.506,3.4019999999999997,2.3356575091395575,3.3256482074927884,3.2158208905347943,,
72.70232408399988,2.5860000000000003,3.506,3.4019999999999997,2.3356575091395575,3.3256482074927884,3.2158208905347943,,
72.75246848300048,2.596,3.5359999999999996,3.4019999999999997,2.346724525801868,3.357260192478384,3.2158208905347943,,
72.80279492800037,2.596,3.5359999999999996,3.392,2.346724525801868,3.357260192478384,3.2052400846114475,,
72.85293574000025,2.596,3.5359999999999996,3.392,2.346724525801868,3.357260192478384,3.2052400846114475,,
72.90306850300021,2.5860000000000003,3.4459999999999997,3.4219999999999997,2.3356575091395575,3.262332907598487,3.2369714240320375,,
72.95319416300026,2.5860000000000003,3.4459999999999997,3.4219999999999997,2.3356575091395575,3.262332907598487,3.2369714240320375,,
73.00332827900002,2.5860000000000003,3.4459999999999997,3.4219999999999997,2.3356575091395575,3.262332907598487,3.2369714240320375,,
73.05363784200017,2.636,3.4259999999999997,3.392,2.390898575849674,3.241199777860044,3.2052400846114475,,
73.10399173899987,2.636,3.4259999999999997,3.392,2.390898575849674,3.241199777860044,3.2052400846114475,,
73.15411263100032,2.636,3.4259999999999997,3.392,2.390898575849674,3.241199777860044,3.2052400846114475,,
73.20432143700054,2.6660000000000004,3.4259999999999997,3.3819999999999997,2.423933992500621,3.241199777860044,3.1946555369867338,,
73.25466593500005,2.6660000000000004,3.4259999999999997,3.3819999999999997,2.423933992500621,3.241199777860044,3.1946555369867338,,
73.30478030999984,2.6660000000000004,3.4059999999999997,3.3819999999999997,2.423933992500621,3.2200521734903607,3.1946555369867338,,
73.35492857200006,2.676,3.4059999999999997,3.3819999999999997,2.434928335701074,3.2200521734903607,3.1946555369867338,,
73.40526499400039,2.676,3.4059999999999997,3.3819999999999997,2.434928335701074,3.2200521734903607,3.1946555369867338,,
73.45560298200053,2.676,3.3259999999999996,3.3819999999999997,2.434928335701074,3.1353111488335568,3.1946555369867338,,
73.50593341400054,2.686,3.3259999999999996,3.4219999999999997,2.4459141440369487,3.1353111488335568,3.2369714240320375,,
73.55627275500046,2.686,3.3259999999999996,3.4219999999999997,2.4459141440369487,3.1353111488335568,3.2369714240320375,,
73.60640420400068,2.686,3.336,3.4219999999999997,2.4459141440369487,3.1459173542863454,3.2369714240320375,,
73.65674484400006,2.686,3.336,3.3819999999999997,2.4459141440369487,3.1459173542863454,3.1946555369867338,,
73.70707610099998,2.686,3.336,3.3819999999999997,2.4459141440369487,3.1459173542863454,3.1946555369867338,,
73.75739331000023,2.6959999999999997,3.336,3.3819999999999997,2.4568915319972917,3.1459173542863454,3.1946555369867338,,
73.80773990200032,2.6959999999999997,3.336,3.412,2.4568915319972917,3.1459173542863454,3.226397991568926,,
73.85808954999993,2.6959999999999997,3.336,3.412,2.4568915319972917,3.1459173542863454,3.226397991568926,,
73.90841407600055,2.7060000000000004,3.316,3.412,2.467860611947118,3.124700945690643,3.226397991568926,,
73.95853067000007,2.7060000000000004,3.316,3.4219999999999997,2.467860611947118,3.124700945690643,3.2369714240320375,,
74.00864436200027,2.7060000000000004,3.316,3.4219999999999997,2.467860611947118,3.124700945690643,3.2369714240320375,,
74.058782049,2.686,3.2659999999999996,3.4219999999999997,2.4459141440369487,3.0715885141079684,3.2369714240320375,,
74.10891748500035,2.686,3.2659999999999996,3.4219999999999997,2.4459141440369487,3.0715885141079684,3.2369714240320375,,
74.1592405070005,2.686,3.2659999999999996,3.4219999999999997,2.4459141440369487,3.0715885141079684,3.2369714240320375,,
74.2095438590004,2.686,3.256,3.412,2.4459141440369487,3.060953446232072,3.226397991568926,,
74.25984332999997,2.686,3.256,3.412,2.4459141440369487,3.060953446232072,3.226397991568926,,
74.31018908600072,2.686,3.256,3.412,2.4459141440369487,3.060953446232072,3.226397991568926,,
74.36052508900048,2.686,3.276,3.4419999999999997,2.4459141440369487,3.0822193302878365,3.258107426098777,,
74.41082970300067,2.686,3.276,3.4419999999999997,2.4459141440369487,3.0822193302878365,3.258107426098777,,
74.46116852500018,2.686,3.276,3.4419999999999997,2.4459141440369487,3.0822193302878365,3.258107426098777,,
74.51139784299994,2.686,3.276,3.4419999999999997,2.4459141440369487,3.0822193302878365,3.258107426098777,,
74.5617377110002,2.686,3.276,3.4419999999999997,2.4459141440369487,3.0822193302878365,3.258107426098777,,
74.61205915600021,2.686,3.256,3.4419999999999997,2.4459141440369487,3.060953446232072,3.258107426098777,,
74.66238989300018,2.7859999999999996,3.256,3.4019999999999997,2.5553269849473272,3.060953446232072,3.2158208905347943,,
74.71271996300038,2.7859999999999996,3.256,3.4019999999999997,2.5553269849473272,3.060953446232072,3.2158208905347943,,
74.76286361400071,2.7960000000000003,3.166,3.4019999999999997,2.566226022781314,2.965038954212912,3.2158208905347943,,
74.81321155000023,2.7960000000000003,3.166,3.4019999999999997,2.566226022781314,2.965038954212912,3.2158208905347943,,
74.86353270400014,2.7960000000000003,3.166,3.4019999999999997,2.566226022781314,2.965038954212912,3.2158208905347943,,
74.91382591000001,2.816,3.1359999999999997,3.4019999999999997,2.5880023183915424,2.932984145882824,3.2158208905347943,,
74.9641694740003,2.816,3.1359999999999997,3.392,2.5880023183915424,2.932984145882824,3.2052400846114475,,
75.01436915400063,2.816,3.1359999999999997,3.392,2.5880023183915424,2.932984145882824,3.2052400846114475,,
75.06472775400016,2.8360000000000003,3.1959999999999997,3.432,2.6097501796149,2.997051217446909,3.247541223756828,,
75.11486002699985,2.8360000000000003,3.1959999999999997,3.432,2.6097501796149,2.997051217446909,3.247541223756828,,
75.16518397100026,2.8360000000000003,3.1959999999999997,3.432,2.6097501796149,2.997051217446909,3.247541223756828,,
75.21543905199997,2.8659999999999997,3.146,3.452,2.6423201925580475,2.943673894982255,3.2686700659442516,,
75.26578305000021,2.8659999999999997,3.146,3.452,2.6423201925580475,2.943673894982255,3.2686700659442516,,
75.31611015399994,2.8659999999999997,3.146,3.452,2.6423201925580475,2.943673894982255,3.2686700659442516,,
75.36624117000065,2.886,3.0559999999999996,3.4419999999999997,2.664,2.8472857250370915,3.258107426098777,,
75.41636891300004,2.886,3.0559999999999996,3.4419999999999997,2.664,2.8472857250370915,3.258107426098777,,
75.4665061880005,2.886,3.0559999999999996,3.4419999999999997,2.664,2.8472857250370915,3.258107426098777,,
75.5168550060007,2.9160000000000004,3.0559999999999996,3.4219999999999997,2.696471027101905,2.8472857250370915,3.2369714240320375,,
75.56699692200073,2.9160000000000004,3.0559999999999996,3.4219999999999997,2.696471027101905,2.8472857250370915,3.2369714240320375,,
75.61732595900048,2.9160000000000004,3.0959999999999996,3.4219999999999997,2.696471027101905,2.8901757732013458,3.2369714240320375,,
75.66766442700009,2.896,3.0959999999999996,3.4419999999999997,2.6748300880616696,2.8901757732013458,3.258107426098777,,
75.71777916500014,2.896,3.0959999999999996,3.4419999999999997,2.6748300880616696,2.8901757732013458,3.258107426098777,,
75.76810096100053,2.936,3.0359999999999996,3.4419999999999997,2.7180868271635474,2.825808910736888,3.258107426098777,,
75.81844035700033,2.936,3.0359999999999996,3.4419999999999997,2.7180868271635474,2.825808910736888,3.258107426098777,,
75.86877133400048,2.936,3.0359999999999996,3.4419999999999997,2.7180868271635474,2.825808910736888,3.258107426098777,,
75.91910714000005,2.976,3.0959999999999996,3.4419999999999997,2.761245371204812,2.8901757732013458,3.258107426098777,,
75.96945946699998,2.976,3.0959999999999996,3.412,2.761245371204812,2.8901757732013458,3.226397991568926,,
76.01956817700011,2.976,3.0959999999999996,3.412,2.761245371204812,2.8901757732013458,3.226397991568926,,
76.06965148800009,2.9859999999999998,3.026,3.472,2.7720202019465874,2.815062343892227,3.2897847953931576,,
76.12000293100027,2.9859999999999998,3.026,3.472,2.7720202019465874,2.815062343892227,3.2897847953931576,,
76.17020024800058,2.9859999999999998,3.026,3.472,2.7720202019465874,2.815062343892227,3.2897847953931576,,
76.22034054899996,2.9859999999999998,3.066,3.452,2.7720202019465874,2.8580160951261275,3.2686700659442516,,
76.2705081060003,2.9859999999999998,3.066,3.452,2.7720202019465874,2.8580160951261275,3.2686700659442516,,
76.32063954300065,2.9859999999999998,3.066,3.452,2.7720202019465874,2.8580160951261275,3.2686700659442516,,
76.37099083200064,3.0060000000000002,2.9459999999999997,3.432,2.7935525769170697,2.7288854867876005,3.247541223756828,,
76.42133846400066,3.0060000000000002,2.9459999999999997,3.432,2.7935525769170697,2.7288854867876005,3.247541223756828,,
76.47168309800054,3.0060000000000002,2.9459999999999997,3.432,2.7935525769170697,2.7288854867876005,3.247541223756828,,
76.52202359200055,3.026,2.9259999999999997,3.4619999999999997,2.815062343892227,2.707282031854088,3.279229177718446,,
76.57236531400031,3.026,2.9259999999999997,3.4619999999999997,2.815062343892227,2.707282031854088,3.279229177718446,,
76.62270507599987,3.026,2.836,3.4619999999999997,2.815062343892227,2.6097501796148994,3.279229177718446,,
76.67304823500035,3.0359999999999996,2.836,3.452,2.825808910736888,2.6097501796148994,3.2686700659442516,,
76.72338182100066,3.0359999999999996,2.836,3.452,2.825808910736888,2.6097501796148994,3.2686700659442516,,
76.77373927400004,3.0359999999999996,2.9259999999999997,3.452,2.825808910736888,2.707282031854088,3.2686700659442516,,
76.82407348900051,3.056,2.9259999999999997,3.4819999999999998,2.847285725037092,2.707282031854088,3.300336952494396,,
76.87421190700024,3.056,2.9259999999999997,3.4819999999999998,2.847285725037092,2.707282031854088,3.300336952494396,,
76.92434257400055,3.066,2.796,3.4819999999999998,2.8580160951261275,2.5662260227813136,3.300336952494396,,
76.97444968499985,3.066,2.796,3.472,2.8580160951261275,2.5662260227813136,3.2897847953931576,,
77.0245738650001,3.066,2.796,3.472,2.8580160951261275,2.5662260227813136,3.2897847953931576,,
77.07489987000008,3.096,2.836,3.472,2.890175773201346,2.6097501796148994,3.2897847953931576,,
77.12524636499984,3.096,2.836,3.4819999999999998,2.890175773201346,2.6097501796148994,3.300336952494396,,
77.17558082899995,3.096,2.836,3.4819999999999998,2.890175773201346,2.6097501796148994,3.300336952494396,,
77.22597837000012,3.1159999999999997,2.7659999999999996,3.472,2.9115899436562143,2.533506660737247,3.2897847953931576,,
77.27630210400002,3.1159999999999997,2.7659999999999996,3.472,2.9115899436562143,2.533506660737247,3.2897847953931576,,
77.32662377999986,3.1159999999999997,2.7659999999999996,3.472,2.9115899436562143,2.533506660737247,3.2897847953931576,,
77.37697897199996,3.1159999999999997,2.8059999999999996,3.502,2.9115899436562143,2.5771177699127366,3.321431016896181,,
77.42728946100033,3.1159999999999997,2.8059999999999996,3.502,2.9115899436562143,2.5771177699127366,3.321431016896181,,
77.477630761,3.1159999999999997,2.8059999999999996,3.502,2.9115899436562143,2.5771177699127366,3.321431016896181,,
77.52800385000046,3.1159999999999997,2.8059999999999996,3.502,2.9115899436562143,2.5771177699127366,3.321431016896181,,
77.57814339300057,3.1159999999999997,2.8059999999999996,3.502,2.9115899436562143,2.5771177699127366,3.321431016896181,,
77.62825710800007,3.1159999999999997,2.746,3.502,2.9115899436562143,2.5116560274050266,3.321431016896181,,
77.67837761400006,3.186,2.746,3.532,2.9863851057758777,2.5116560274050266,3.3530469725311036,,
77.72859855200022,3.186,2.746,3.532,2.9863851057758777,2.5116560274050266,3.3530469725311036,,
77.77890289900006,3.186,2.706,3.532,2.9863851057758777,2.4678606119471174,3.3530469725311036,,
77.82923455000036,3.186,2.706,3.522,2.9863851057758777,2.4678606119471174,3.3425116304958458,,
77.87959354600025,3.186,2.706,3.522,2.9863851057758777,2.4678606119471174,3.3425116304958458,,
77.92973664600049,3.2060000000000004,2.706,3.522,3.007712752242142,2.4678606119471174,3.3425116304958458,,
77.98007040700031,3.2060000000000004,2.706,3.522,3.007712752242142,2.4678606119471174,3.3425116304958458,,
78.03041112400024,3.2060000000000004,2.706,3.522,3.007712752242142,2.4678606119471174,3.3425116304958458,,
78.08059798800059,3.2359999999999998,2.7159999999999997,3.522,3.039670376866544,2.478821494178231,3.3425116304958458,,
78.13086537900017,3.2359999999999998,2.7159999999999997,3.542,3.039670376866544,2.478821494178231,3.3635790461946926,,
78.18120527000065,3.2359999999999998,2.7159999999999997,3.542,3.039670376866544,2.478821494178231,3.3635790461946926,,
78.23134766100065,3.2359999999999998,2.706,3.542,3.039670376866544,2.4678606119471174,3.3635790461946926,,
78.28168241599997,3.2359999999999998,2.706,3.542,3.039670376866544,2.4678606119471174,3.3635790461946926,,
78.33182669300004,3.2359999999999998,2.706,3.542,3.039670376866544,2.4678606119471174,3.3635790461946926,,
78.38221631700071,3.2459999999999996,2.6359999999999997,3.542,3.050314082188914,2.3908985758496737,3.3635790461946926,,
78.4324692400005,3.2459999999999996,2.6359999999999997,3.542,3.050314082188914,2.3908985758496737,3.3635790461946926,,
78.48281227400003,3.2459999999999996,2.6359999999999997,3.542,3.050314082188914,2.3908985758496737,3.3635790461946926,,
78.5331440050004,3.2560000000000002,2.6159999999999997,3.542,3.060953446232072,2.3688300909942863,3.3635790461946926,,
78.58348418900005,3.2560000000000002,2.6159999999999997,3.542,3.060953446232072,2.3688300909942863,3.3635790461946926,,
78.63357708600051,3.2560000000000002,2.5559999999999996,3.542,3.060953446232072,2.3023978804715743,3.3635790461946926,,
78.68391251499997,3.276,2.5559999999999996,3.532,3.0822193302878365,2.3023978804715743,3.3530469725311036,,
78.73424186800003,3.276,2.5559999999999996,3.532,3.0822193302878365,2.3023978804715743,3.3530469725311036,,
78.78458799200052,3.276,2.506,3.532,3.0822193302878365,2.246761224518529,3.3530469725311036,,
78.83491611299996,3.306,2.506,3.602,3.11408670399525,2.246761224518529,3.426704539349723,,
78.88521675100037,3.306,2.506,3.602,3.11408670399525,2.246761224518529,3.426704539349723,,
78.93530792799993,3.3259999999999996,2.5559999999999996,3.602,3.1353111488335568,2.3023978804715743,3.426704539349723,,
78.98562788000072,3.3259999999999996,2.5559999999999996,3.572,3.1353111488335568,2.3023978804715743,3.3951559610715973,,
79.0360156630004,3.3259999999999996,2.5559999999999996,3.572,3.1353111488335568,2.3023978804715743,3.3951559610715973,,
79.08621508299984,3.306,2.546,3.572,3.11408670399525,2.2912913389615035,3.3951559610715973,,
79.13652203600031,3.306,2.546,3.572,3.11408670399525,2.2912913389615035,3.3951559610715973,,
79.18682038600036,3.306,2.546,3.572,3.11408670399525,2.2912913389615035,3.3951559610715973,,
79.23691810900073,3.3659999999999997,2.526,3.562,3.177712384719548,2.269047377204804,3.384633510440975,,
79.28726061399993,3.3659999999999997,2.526,3.562,3.177712384719548,2.269047377204804,3.384633510440975,,
79.3373510700003,3.3659999999999997,2.526,3.562,3.177712384719548,2.269047377204804,3.384633510440975,,
79.3874977860005,3.3659999999999997,2.436,3.602,3.177712384719548,2.1684086330763397,3.426704539349723,,
79.437638935,3.3659999999999997,2.436,3.602,3.177712384719548,2.1684086330763397,3.426704539349723,,
79.48800531800043,3.3659999999999997,2.436,3.602,3.177712384719548,2.1684086330763397,3.426704539349723,,
79.53830902400023,3.3659999999999997,2.416,3.572,3.177712384719548,2.14591612138033,3.3951559610715973,,
79.58860934200038,3.3659999999999997,2.416,3.572,3.177712384719548,2.14591612138033,3.3951559610715973,,
79.6389167590005,3.3659999999999997,2.416,3.572,3.177712384719548,2.14591612138033,3.3951559610715973,,
79.68926772900068,3.386,2.3659999999999997,3.602,3.1988898074175673,2.0894630889297847,3.426704539349723,,
79.73958549500003,3.386,2.3659999999999997,3.602,3.1988898074175673,2.0894630889297847,3.426704539349723,,
79.78991880600006,3.386,2.436,3.602,3.1988898074175673,2.1684086330763397,3.426704539349723,,
79.8402644860007,3.4059999999999997,2.436,3.602,3.2200521734903607,2.1684086330763397,3.426704539349723,,
79.89059361,3.4059999999999997,2.436,3.602,3.2200521734903607,2.1684086330763397,3.426704539349723,,
79.94089107700074,3.4059999999999997,2.4259999999999997,3.602,3.2200521734903607,2.1571685145115573,3.426704539349723,,
79.99123005399997,3.476,2.4259999999999997,3.612,3.29400607163982,2.1571685145115573,3.437214569967956,,
80.04155913000068,3.476,2.4259999999999997,3.612,3.29400607163982,2.1571685145115573,3.437214569967956,,
80.09189942400008,3.4560000000000004,2.276,3.612,3.2728941321099896,1.9869765977484484,3.437214569967956,,
80.14223422500072,3.4560000000000004,2.276,3.612,3.2728941321099896,1.9869765977484484,3.437214569967956,,
80.19235070400009,3.4560000000000004,2.276,3.612,3.2728941321099896,1.9869765977484484,3.437214569967956,,
80.24267250499997,3.4859999999999998,2.396,3.612,3.3045568538005208,2.123373730646586,3.437214569967956,,
80.29301136100003,3.4859999999999998,2.396,3.6319999999999997,3.3045568538005208,2.123373730646586,3.4582255565535336,,
80.34334819200012,3.4859999999999998,2.396,3.6319999999999997,3.3045568538005208,2.123373730646586,3.4582255565535336,,
80.39368444000047,3.5060000000000002,2.3259999999999996,3.622,3.325648207492789,2.0440587075717755,3.4477215664841614,,
80.444021583,3.5060000000000002,2.3259999999999996,3.622,3.325648207492789,2.0440587075717755,3.4477215664841614,,
80.49435515300047,3.5060000000000002,2.3259999999999996,3.622,3.325648207492789,2.0440587075717755,3.4477215664841614,,
80.54466312500062,3.5060000000000002,2.3259999999999996,3.622,3.325648207492789,2.0440587075717755,3.4477215664841614,,
80.59502077100024,3.5060000000000002,2.3259999999999996,3.622,3.325648207492789,2.0440587075717755,3.4477215664841614,,
80.64535109600001,3.5060000000000002,2.3259999999999996,3.622,3.325648207492789,2.0440587075717755,3.4477215664841614,,
80.69546824000008,3.5460000000000003,2.356,3.622,3.367790967385001,2.0781328157747763,3.4477215664841614,,
80.74581317200045,3.5460000000000003,2.356,3.622,3.367790967385001,2.0781328157747763,3.4477215664841614,,
80.79614606500036,3.5460000000000003,2.256,3.622,3.367790967385001,1.964035641224466,3.4477215664841614,,
80.84647034600039,3.5860000000000003,2.256,3.642,3.409882109399092,1.964035641224466,3.4687265674884205,,
80.89681535399995,3.5860000000000003,2.256,3.642,3.409882109399092,1.964035641224466,3.4687265674884205,,
80.94709846600017,3.5860000000000003,2.3059999999999996,3.642,3.409882109399092,2.0212708873379635,3.4687265674884205,,
80.99720675400022,3.5860000000000003,2.3059999999999996,3.6519999999999997,3.409882109399092,2.0212708873379635,3.479224626263731,,
81.04753747799987,3.5860000000000003,2.3059999999999996,3.6519999999999997,3.409882109399092,2.0212708873379635,3.479224626263731,,
81.09787064500051,3.6159999999999997,2.2859999999999996,3.6519999999999997,3.4414177311102465,1.998423378566213,3.479224626263731,,
81.14820715699989,3.6159999999999997,2.2859999999999996,3.662,3.4414177311102465,1.998423378566213,3.4897197595222456,,
81.19841734800048,3.6159999999999997,2.2859999999999996,3.662,3.4414177311102465,1.998423378566213,3.4897197595222456,,
81.24881238099988,3.596,2.2159999999999997,3.662,3.4203970529749905,1.9179562038795355,3.4897197595222456,,
81.29898192000019,3.596,2.2159999999999997,3.6519999999999997,3.4203970529749905,1.9179562038795355,3.479224626263731,,
81.34919844700016,3.596,2.2159999999999997,3.6519999999999997,3.4203970529749905,1.9179562038795355,3.479224626263731,,
81.39934194500074,3.6260000000000003,2.256,3.6719999999999997,3.451923521748418,1.964035641224466,3.5002119935798173,,
81.44964893399992,3.6260000000000003,2.256,3.6719999999999997,3.451923521748418,1.964035641224466,3.5002119935798173,,
81.49977539300016,3.6260000000000003,2.256,3.6719999999999997,3.451923521748418,1.964035641224466,3.5002119935798173,,
81.5501021580003,3.6260000000000003,2.1559999999999997,3.662,3.451923521748418,1.8483062516801696,3.4897197595222456,,
81.60028584300017,3.6260000000000003,2.1559999999999997,3.662,3.451923521748418,1.8483062516801696,3.4897197595222456,,
81.65061442500064,3.6260000000000003,2.1559999999999997,3.662,3.451923521748418,1.8483062516801696,3.4897197595222456,,
81.70099244799985,3.6559999999999997,2.086,3.662,3.4834230291481965,1.7661528812648126,3.4897197595222456,,
81.75132455200037,3.6559999999999997,2.086,3.662,3.4834230291481965,1.7661528812648126,3.4897197595222456,,
81.80141566800012,3.6559999999999997,2.1359999999999997,3.662,3.4834230291481965,1.8249372591955042,3.4897197595222456,,
81.85174311500032,3.6559999999999997,2.1359999999999997,3.6719999999999997,3.4834230291481965,1.8249372591955042,3.5002119935798173,,
81.90211582100073,3.6559999999999997,2.1359999999999997,3.6719999999999997,3.4834230291481965,1.8249372591955042,3.5002119935798173,,
81.95245840700045,3.6559999999999997,2.066,3.6719999999999997,3.4834230291481965,1.7424855810020348,3.5002119935798173,,
82.00279058100023,3.686,2.066,3.6719999999999997,3.514896300035038,1.7424855810020348,3.5002119935798173,,
82.053131742,3.686,2.066,3.6719999999999997,3.514896300035038,1.7424855810020348,3.5002119935798173,,
82.10347443200044,3.686,2.066,3.6719999999999997,3.514896300035038,1.7424855810020348,3.5002119935798173,,
82.15380164900034,3.686,2.066,3.6719999999999997,3.514896300035038,1.7424855810020348,3.5002119935798173,,
82.2041178670006,3.686,2.066,3.6719999999999997,3.514896300035038,1.7424855810020348,3.5002119935798173,,
82.25447523599996,3.6959999999999997,2.0559999999999996,3.6719999999999997,3.5253816814637244,1.7306172309323624,3.5002119935798173,,
82.3048038220004,3.6959999999999997,2.0559999999999996,3.722,3.5253816814637244,1.7306172309323624,3.5526305746587274,,
82.35513315600019,3.6959999999999997,2.0559999999999996,3.722,3.5253816814637244,1.7306172309323624,3.5526305746587274,,
82.40522396400047,3.6959999999999997,1.996,3.7119999999999997,3.5253816814637244,1.6588899903248557,3.542152452958511,,
82.45556140000008,3.6959999999999997,1.996,3.7119999999999997,3.5253816814637244,1.6588899903248557,3.542152452958511,,
82.50565311800074,3.6959999999999997,1.996,3.7119999999999997,3.5253816814637244,1.6588899903248557,3.542152452958511,,
82.55602905100022,3.726,2.066,3.762,3.556821052569274,1.7424855810020348,3.594515822749985,,
82.60635874000036,3.726,2.066,3.762,3.556821052569274,1.7424855810020348,3.594515822749985,,
82.65669067199997,3.726,2.066,3.762,3.556821052569274,1.7424855810020348,3.594515822749985,,
82.70702735900068,3.7359999999999998,2.026,3.6919999999999997,3.567295334003059,1.694867546447214,3.521187867751449,,
82.75734978200035,3.7359999999999998,2.026,3.6919999999999997,3.567295334003059,1.694867546447214,3.521187867751449,,
82.80768182700012,3.7359999999999998,2.026,3.6919999999999997,3.567295334003059,1.694867546447214,3.521187867751449,,
82.85801206300039,3.7459999999999996,2.006,3.752,3.577766901294716,1.6709087347907423,3.584048548778322,,
82.9083551370004,3.7459999999999996,2.006,3.752,3.577766901294716,1.6709087347907423,3.584048548778322,,
82.95869921700069,3.7459999999999996,1.956,3.752,3.577766901294716,1.6105390401974116,3.584048548778322,,
83.00891534099992,3.776,1.956,3.762,3.6091655545291905,1.6105390401974116,3.594515822749985,,
83.05923291599993,3.776,1.956,3.762,3.6091655545291905,1.6105390401974116,3.594515822749985,,
83.10958536999988,3.776,1.896,3.762,3.6091655545291905,1.5371128780932126,3.594515822749985,,
83.15992172999995,3.806,1.896,3.782,3.640540619193803,1.5371128780932126,3.615442434889539,,
83.21010465100062,3.806,1.896,3.782,3.640540619193803,1.5371128780932126,3.615442434889539,,
83.26043684800061,3.7960000000000003,1.996,3.782,3.6300848474932375,1.6588899903248557,3.615442434889539,,
83.31077872900005,3.7960000000000003,1.996,3.7319999999999998,3.6300848474932375,1.6588899903248557,3.5631059484668706,,
83.36097216300004,3.7960000000000003,1.996,3.7319999999999998,3.6300848474932375,1.6588899903248557,3.5631059484668706,,
83.41111931600062,3.7960000000000003,1.906,3.7319999999999998,3.6300848474932375,1.5494308632526974,3.5631059484668706,,
83.46145861000059,3.7960000000000003,1.906,3.792,3.6300848474932375,1.5494308632526974,3.62590181885831,,
83.51179381100064,3.7960000000000003,1.906,3.792,3.6300848474932375,1.5494308632526974,3.62590181885831,,
83.5620877930005,3.7960000000000003,1.906,3.792,3.6300848474932375,1.5494308632526974,3.62590181885831,,
83.6122508389999,3.7960000000000003,1.906,3.792,3.6300848474932375,1.5494308632526974,3.62590181885831,,
83.66259278800044,3.7960000000000003,1.906,3.792,3.6300848474932375,1.5494308632526974,3.62590181885831,,
83.71291841200036,3.8360000000000003,1.866,3.772,3.67189269995734,1.4999519992319754,3.6049804437749726,,
83.76323496800069,3.8360000000000003,1.866,3.772,3.67189269995734,1.4999519992319754,3.6049804437749726,,
83.81340195700068,3.8360000000000003,1.866,3.772,3.67189269995734,1.4999519992319754,3.6049804437749726,,
83.86378648200025,3.896,1.846,3.792,3.7345302248073984,1.474996949149387,3.62590181885831,,
83.91410194400032,3.896,1.846,3.792,3.7345302248073984,1.474996949149387,3.62590181885831,,
83.96445859600044,3.896,1.846,3.792,3.7345302248073984,1.474996949149387,3.62590181885831,,
84.01462983500005,3.896,1.846,3.792,3.7345302248073984,1.474996949149387,3.62590181885831,,
84.06501054900036,3.896,1.846,3.792,3.7345302248073984,1.474996949149387,3.62590181885831,,
84.11536335400069,3.896,1.806,3.792,3.7345302248073984,1.4246178434934753,3.62590181885831,,
84.16570108900032,3.936,1.806,3.822,3.7762409880726624,1.4246178434934753,3.6572645515466884,,
84.21599741099999,3.936,1.806,3.822,3.7762409880726624,1.4246178434934753,3.6572645515466884,,
84.26631540700055,3.936,1.806,3.822,3.7762409880726624,1.4246178434934753,3.6572645515466884,,
84.3166538180003,3.936,1.806,3.812,3.7762409880726624,1.4246178434934753,3.646812855083189,,
84.36702922800032,3.936,1.806,3.812,3.7762409880726624,1.4246178434934753,3.646812855083189,,
84.4172652920006,3.936,1.896,3.812,3.7762409880726624,1.5371128780932126,3.646812855083189,,
84.46759168400058,3.936,1.896,3.832,3.7762409880726624,1.5371128780932126,3.6677137292869517,,
84.51792301800015,3.936,1.896,3.832,3.7762409880726624,1.5371128780932126,3.6677137292869517,,
84.56822069000009,3.9459999999999997,1.846,3.852,3.786662910796259,1.474996949149387,3.6886046142138897,,
84.61854307300018,3.9459999999999997,1.846,3.852,3.786662910796259,1.474996949149387,3.6886046142138897,,
84.66865904699989,3.9459999999999997,1.846,3.852,3.786662910796259,1.474996949149387,3.6886046142138897,,
84.7187757390002,3.966,1.776,3.832,3.807499967170059,1.3863895556444443,3.6677137292869517,,
84.76910637800029,3.966,1.776,3.832,3.807499967170059,1.3863895556444443,3.6677137292869517,,
84.81946319500003,3.966,1.776,3.832,3.807499967170059,1.3863895556444443,3.6677137292869517,,
84.86980012599997,3.966,1.796,3.862,3.807499967170059,1.4119192611477471,3.6990463635915676,,
84.92013422000036,3.966,1.796,3.862,3.807499967170059,1.4119192611477471,3.6990463635915676,,
84.97027619300025,3.966,1.806,3.862,3.807499967170059,1.4246178434934753,3.6990463635915676,,
85.02046207600051,3.9959999999999996,1.806,3.862,3.838738855405509,1.4246178434934753,3.6990463635915676,,
85.07077583099999,3.9959999999999996,1.806,3.862,3.838738855405509,1.4246178434934753,3.6990463635915676,,
85.12108913400061,3.9959999999999996,1.796,3.862,3.838738855405509,1.4119192611477471,3.6990463635915676,,
85.17125164200024,4.006,1.796,3.872,3.8491474380698905,1.4119192611477471,3.709485678635247,,
85.22160248399996,4.006,1.796,3.872,3.8491474380698905,1.4119192611477471,3.709485678635247,,
85.27169397299986,4.006,1.806,3.872,3.8491474380698905,1.4246178434934753,3.709485678635247,,
85.3220451240004,4.006,1.806,3.872,3.8491474380698905,1.4246178434934753,3.709485678635247,,
85.37220860400066,4.006,1.806,3.872,3.8491474380698905,1.4246178434934753,3.709485678635247,,
85.42233872100041,3.9959999999999996,1.786,3.872,3.838738855405509,1.3991769008956658,3.709485678635247,,
85.47247770700051,3.9959999999999996,1.786,3.872,3.838738855405509,1.3991769008956658,3.709485678635247,,
85.52281927700005,3.9959999999999996,1.786,3.872,3.838738855405509,1.3991769008956658,3.709485678635247,,
85.57301626800017,3.9959999999999996,1.786,3.872,3.838738855405509,1.3991769008956658,3.709485678635247,,
85.62334916000054,3.9959999999999996,1.786,3.872,3.838738855405509,1.3991769008956658,3.709485678635247,,
85.67368286700002,3.9959999999999996,1.786,3.872,3.838738855405509,1.3991769008956658,3.709485678635247,,
85.72402359600073,3.9859999999999998,1.756,3.872,3.8283280946125813,1.360674832573896,3.709485678635247,,
85.77433879799992,3.9859999999999998,1.756,3.872,3.8283280946125813,1.360674832573896,3.709485678635247,,
85.82463376000032,3.9859999999999998,1.756,3.872,3.8283280946125813,1.360674832573896,3.709485678635247,,
85.8750008500001,4.036,1.776,3.892,3.880360292550164,1.3863895556444443,3.730357087464952,,
85.92523134400017,4.036,1.776,3.892,3.880360292550164,1.3863895556444443,3.730357087464952,,
85.97555192300024,4.036,1.776,3.892,3.880360292550164,1.3863895556444443,3.730357087464952,1.0,1.0
86.025893129,3.9859999999999998,1.766,3.872,3.8283280946125813,1.3735559690089079,3.709485678635247,,
86.07621426100013,3.9859999999999998,1.766,3.872,3.8283280946125813,1.3735559690089079,3.709485678635247,,
86.1263415809999,3.9859999999999998,1.726,3.872,3.8283280946125813,1.3217321967781521,3.709485678635247,,
86.17665951700019,3.9959999999999996,1.726,3.872,3.838738855405509,1.3217321967781521,3.709485678635247,,
86.22701559699999,3.9959999999999996,1.726,3.872,3.838738855405509,1.3217321967781521,3.709485678635247,,
86.2773621590004,3.9959999999999996,1.8760000000000001,3.872,3.838738855405509,1.5123742922967185,3.709485678635247,,
86.32769234199986,3.976,1.8760000000000001,3.8819999999999997,3.817915137873025,1.5123742922967185,3.7199225798395315,,
86.37783405500068,3.976,1.8760000000000001,3.8819999999999997,3.817915137873025,1.5123742922967185,3.7199225798395315,,
86.42815682699984,3.9859999999999998,1.806,3.8819999999999997,3.8283280946125813,1.4246178434934753,3.7199225798395315,,
86.47850488099994,3.9859999999999998,1.806,3.872,3.8283280946125813,1.4246178434934753,3.709485678635247,,
86.52884954399997,3.9859999999999998,1.806,3.872,3.8283280946125813,1.4246178434934753,3.709485678635247,,
86.5791691100003,3.9859999999999998,1.806,3.872,3.8283280946125813,1.4246178434934753,3.709485678635247,,
86.62950096900022,3.9859999999999998,1.806,3.872,3.8283280946125813,1.4246178434934753,3.709485678635247,,
86.67982202300027,3.9859999999999998,1.806,3.872,3.8283280946125813,1.4246178434934753,3.709485678635247,,
86.73016699600066,3.926,1.806,3.9019999999999997,3.765816777274221,1.4246178434934753,3.7407892215413576,,
86.7804974440005,3.926,1.806,3.9019999999999997,3.765816777274221,1.4246178434934753,3.7407892215413576,,
86.83062515500023,3.926,1.806,3.9019999999999997,3.765816777274221,1.4246178434934753,3.7407892215413576,,
86.88073864500075,3.9059999999999997,1.836,3.912,3.7449614150215216,1.4624623072065823,3.751219001871258,,
86.93089702799989,3.9059999999999997,1.836,3.912,3.7449614150215216,1.4624623072065823,3.751219001871258,,
86.98101948400017,3.9059999999999997,1.836,3.912,3.7449614150215216,1.4624623072065823,3.751219001871258,,
87.03117640100027,3.846,1.786,3.9419999999999997,3.6823383874923827,1.3991769008956658,3.782494415065275,,
87.08150135200049,3.846,1.786,3.9419999999999997,3.6823383874923827,1.3991769008956658,3.782494415065275,,
87.13178744900051,3.846,1.896,3.9419999999999997,3.6823383874923827,1.5371128780932126,3.782494415065275,,
87.18212623999989,3.8360000000000003,1.896,3.9219999999999997,3.67189269995734,1.5371128780932126,3.7616464480330944,,
87.23230841900022,3.8360000000000003,1.896,3.9219999999999997,3.67189269995734,1.5371128780932126,3.7616464480330944,,
87.28263962000074,3.8360000000000003,1.906,3.9219999999999997,3.67189269995734,1.5494308632526974,3.7616464480330944,,
87.33298759100035,3.806,1.906,3.932,3.640540619193803,1.5494308632526974,3.772071579384463,,
87.38334336400021,3.806,1.906,3.932,3.640540619193803,1.5494308632526974,3.772071579384463,,
87.43368377600018,3.776,1.946,3.932,3.6091655545291905,1.5983791790435709,3.772071579384463,,
87.48401771299996,3.776,1.946,3.932,3.6091655545291905,1.5983791790435709,3.772071579384463,,
87.53423796400057,3.776,1.946,3.932,3.6091655545291905,1.5983791790435709,3.772071579384463,,
87.58439960900068,3.776,1.896,3.932,3.6091655545291905,1.5371128780932126,3.772071579384463,,
87.63457573899996,3.776,1.896,3.9619999999999997,3.6091655545291905,1.5371128780932126,3.8033332749050532,,
87.6849052610005,3.776,1.896,3.9619999999999997,3.6091655545291905,1.5371128780932126,3.8033332749050532,,
87.73516845700033,3.7359999999999998,1.956,3.9819999999999998,3.567295334003059,1.6105390401974116,3.824163176434813,,
87.78550856400034,3.7359999999999998,1.956,3.9819999999999998,3.567295334003059,1.6105390401974116,3.824163176434813,,
87.83564754000054,3.7359999999999998,1.956,3.9819999999999998,3.567295334003059,1.6105390401974116,3.824163176434813,,
87.88601873000061,3.7359999999999998,1.976,4.002,3.567295334003059,1.634770931965699,3.8449842652473882,,
87.9363489110001,3.7359999999999998,1.976,4.002,3.567295334003059,1.634770931965699,3.8449842652473882,,
87.98645345800014,3.7359999999999998,1.976,4.002,3.567295334003059,1.634770931965699,3.8449842652473882,,
88.03672704700057,3.7359999999999998,1.976,4.002,3.567295334003059,1.634770931965699,3.8449842652473882,,
88.0870109940006,3.7359999999999998,1.976,4.002,3.567295334003059,1.634770931965699,3.8449842652473882,,
88.1371023010006,3.7359999999999998,2.046,4.002,3.567295334003059,1.7187251089106714,3.8449842652473882,,
88.18728005699995,3.6959999999999997,2.046,4.002,3.5253816814637244,1.7187251089106714,3.8449842652473882,,
88.23761755300075,3.6959999999999997,2.046,4.002,3.5253816814637244,1.7187251089106714,3.8449842652473882,,
88.28797932999987,3.6959999999999997,2.0359999999999996,4.002,3.5253816814637244,1.7068087180466351,3.8449842652473882,,
88.33830978500009,3.676,2.0359999999999996,4.022,3.504408081259944,1.7068087180466351,3.8657966837380364,,
88.38869016100034,3.676,2.0359999999999996,4.022,3.504408081259944,1.7068087180466351,3.8657966837380364,,
88.43878386200049,3.596,2.046,4.022,3.4203970529749905,1.7187251089106714,3.8657966837380364,,
88.48911756000052,3.596,2.046,4.0520000000000005,3.4203970529749905,1.7187251089106714,3.8969993584808305,,
88.53943816500032,3.596,2.046,4.0520000000000005,3.4203970529749905,1.7187251089106714,3.8969993584808305,,
88.5895850450006,3.6559999999999997,2.086,4.0520000000000005,3.4834230291481965,1.7661528812648126,3.8969993584808305,,
88.63991925900064,3.6559999999999997,2.086,4.0520000000000005,3.4834230291481965,1.7661528812648126,3.8969993584808305,,
88.69025351500022,3.6559999999999997,2.086,4.0520000000000005,3.4834230291481965,1.7661528812648126,3.8969993584808305,,
88.74034301300071,3.6159999999999997,2.0359999999999996,4.032,3.4414177311102465,1.7068087180466351,3.876199685258746,,
88.7906853530003,3.6159999999999997,2.0359999999999996,4.032,3.4414177311102465,1.7068087180466351,3.876199685258746,,
88.84077271200022,3.6159999999999997,2.0359999999999996,4.032,3.4414177311102465,1.7068087180466351,3.876199685258746,,
88.89110690000052,3.5759999999999996,2.066,4.082,3.3993640581732336,1.7424855810020348,3.9281832951123854,,
88.94143383700066,3.5759999999999996,2.066,4.082,3.3993640581732336,1.7424855810020348,3.9281832951123854,,
88.99178522900002,3.5759999999999996,2.066,4.082,3.3993640581732336,1.7424855810020348,3.9281832951123854,,
89.04211330900034,3.5759999999999996,2.0959999999999996,4.082,3.3993640581732336,1.777952755277822,3.9281832951123854,,
89.09243506800067,3.5759999999999996,2.0959999999999996,4.082,3.3993640581732336,1.777952755277822,3.9281832951123854,,
89.14278249100062,3.5759999999999996,2.0959999999999996,4.082,3.3993640581732336,1.777952755277822,3.9281832951123854,,
89.19311177200052,3.556,2.106,4.072,3.378318516658842,1.789730706000207,3.917790703955483,,
89.2434470369999,3.556,2.106,4.072,3.378318516658842,1.789730706000207,3.917790703955483,,
89.29359155400016,3.556,2.0959999999999996,4.072,3.378318516658842,1.777952755277822,3.917790703955483,,
89.34388697099985,3.516,2.0959999999999996,4.082,3.336188843575855,1.777952755277822,3.9281832951123854,,
89.39424803400016,3.516,2.0959999999999996,4.082,3.336188843575855,1.777952755277822,3.9281832951123854,,
89.44458980000036,3.516,2.2159999999999997,4.082,3.336188843575855,1.9179562038795355,3.9281832951123854,,
89.49493531900043,3.4859999999999998,2.2159999999999997,4.122,3.3045568538005208,1.9179562038795355,3.9697334923140617,,
89.54527594299998,3.4859999999999998,2.2159999999999997,4.122,3.3045568538005208,1.9179562038795355,3.9697334923140617,,
89.59546148100071,3.4859999999999998,2.2159999999999997,4.122,3.3045568538005208,1.9179562038795355,3.9697334923140617,,
89.64577121900038,3.4859999999999998,2.2159999999999997,4.122,3.3045568538005208,1.9179562038795355,3.9697334923140617,,
89.69609825899988,3.4859999999999998,2.2159999999999997,4.122,3.3045568538005208,1.9179562038795355,3.9697334923140617,,
89.74641357900055,3.436,2.166,4.122,3.2517681344154905,1.859961289919766,3.9697334923140617,,
89.79676102300073,3.436,2.166,4.102,3.2517681344154905,1.859961289919766,3.9489623953641293,,
89.84705402300006,3.436,2.166,4.102,3.2517681344154905,1.859961289919766,3.9489623953641293,,
89.89717275700059,3.426,2.1559999999999997,4.102,3.2411997778600443,1.8483062516801696,3.9489623953641293,,
89.94750245000068,3.426,2.1559999999999997,4.102,3.2411997778600443,1.8483062516801696,3.9489623953641293,,
89.99783843000023,3.426,2.1559999999999997,4.102,3.2411997778600443,1.8483062516801696,3.9489623953641293,,
90.04811375900044,3.396,2.146,4.132,3.209472853912305,1.8366316996066465,3.9801160787092624,,
90.09823990400037,3.396,2.146,4.132,3.209472853912305,1.8366316996066465,3.9801160787092624,,
90.1485732300007,3.396,2.146,4.132,3.209472853912305,1.8366316996066465,3.9801160787092624,,
90.19891726600054,3.3659999999999997,2.2159999999999997,4.132,3.177712384719548,1.9179562038795355,3.9801160787092624,,
90.24925961100053,3.3659999999999997,2.2159999999999997,4.132,3.177712384719548,1.9179562038795355,3.9801160787092624,,
90.29959772500024,3.3659999999999997,2.276,4.132,3.177712384719548,1.9869765977484484,3.9801160787092624,,
90.34993599800055,3.346,2.276,4.132,3.1565196023468634,1.9869765977484484,3.9801160787092624,,
90.40025892500034,3.346,2.276,4.132,3.1565196023468634,1.9869765977484484,3.9801160787092624,,
90.45058290799989,3.346,2.316,4.132,3.1565196023468634,2.0326721329324116,3.9801160787092624,,
90.50075298800039,3.2960000000000003,2.316,4.132,3.103468382310347,2.0326721329324116,3.9801160787092624,,
90.55110180400061,3.2960000000000003,2.316,4.132,3.103468382310347,2.0326721329324116,3.9801160787092624,,
90.60124291400007,3.276,2.256,4.132,3.0822193302878365,1.964035641224466,3.9801160787092624,,
90.65155128700007,3.276,2.256,4.152,3.0822193302878365,1.964035641224466,4.0008754042084345,,
90.70187587600049,3.276,2.256,4.152,3.0822193302878365,1.964035641224466,4.0008754042084345,,
90.75203190499997,3.2359999999999998,2.3459999999999996,4.152,3.039670376866544,2.066788813594654,4.0008754042084345,,
90.80234254900006,3.2359999999999998,2.3459999999999996,4.172,3.039670376866544,2.066788813594654,4.021627033925448,,
90.85270106200005,3.2359999999999998,2.3459999999999996,4.172,3.039670376866544,2.066788813594654,4.021627033925448,,
90.90284362000057,3.216,2.2359999999999998,4.192,3.0183697586611222,1.941029623679144,4.042371086379874,,
90.95318074100032,3.216,2.2359999999999998,4.192,3.0183697586611222,1.941029623679144,4.042371086379874,,
91.00330910200046,3.216,2.2359999999999998,4.192,3.0183697586611222,1.941029623679144,4.042371086379874,,
91.05347043700021,3.2060000000000004,2.356,4.172,3.007712752242142,2.0781328157747763,4.021627033925448,,
91.10381589200006,3.2060000000000004,2.356,4.172,3.007712752242142,2.0781328157747763,4.021627033925448,,
91.15398222800013,3.2060000000000004,2.356,4.172,3.007712752242142,2.0781328157747763,4.021627033925448,,
91.20431475700025,3.186,2.3659999999999997,4.232,2.9863851057758777,2.0894630889297847,4.083836921327785,,
91.25445449800009,3.186,2.3659999999999997,4.232,2.9863851057758777,2.0894630889297847,4.083836921327785,,
91.304552349,3.186,2.416,4.232,2.9863851057758777,2.14591612138033,4.083836921327785,,
91.35490181500063,3.1559999999999997,2.416,4.232,2.9543588136852974,2.14591612138033,4.083836921327785,,
91.4052382660002,3.1559999999999997,2.416,4.232,2.9543588136852974,2.14591612138033,4.083836921327785,,
91.45555872500063,3.1559999999999997,2.456,4.232,2.9543588136852974,2.1908528019928677,4.083836921327785,,
91.50570207500004,3.1159999999999997,2.456,4.232,2.9115899436562143,2.1908528019928677,4.083836921327785,,
91.55604486199991,3.1159999999999997,2.456,4.232,2.9115899436562143,2.1908528019928677,4.083836921327785,,
91.60622083500039,3.1159999999999997,2.476,4.232,2.9115899436562143,2.2132500988365504,4.083836921327785,,
91.65636325000014,3.056,2.476,4.272,2.847285725037092,2.2132500988365504,4.125273809094374,,
91.7064939740003,3.056,2.476,4.272,2.847285725037092,2.2132500988365504,4.125273809094374,,
91.75668378299997,3.056,2.4459999999999997,4.272,2.847285725037092,2.1796366669699787,4.125273809094374,,
91.80703235600049,3.056,2.4459999999999997,4.272,2.847285725037092,2.1796366669699787,4.125273809094374,,
91.8573543450002,3.056,2.4459999999999997,4.272,2.847285725037092,2.1796366669699787,4.125273809094374,,
91.907682819,3.066,2.526,4.272,2.8580160951261275,2.269047377204804,4.125273809094374,,
91.9579836640005,3.066,2.526,4.232,2.8580160951261275,2.269047377204804,4.083836921327785,,
92.00819589399998,3.066,2.526,4.232,2.8580160951261275,2.269047377204804,4.083836921327785,,
92.05833973500012,3.0460000000000003,2.5159999999999996,4.272,2.836550017186371,2.2579096527540683,4.125273809094374,,
92.10853152000072,3.0460000000000003,2.5159999999999996,4.272,2.836550017186371,2.2579096527540683,4.125273809094374,,
92.15867771000012,3.0460000000000003,2.5159999999999996,4.272,2.836550017186371,2.2579096527540683,4.125273809094374,,
92.20902739100075,3.0359999999999996,2.4459999999999997,4.292,2.825808910736888,2.1796366669699787,4.145981669038106,,
92.25932563100014,3.0359999999999996,2.4459999999999997,4.292,2.825808910736888,2.1796366669699787,4.145981669038106,,
92.30951541400009,3.0359999999999996,2.4459999999999997,4.292,2.825808910736888,2.1796366669699787,4.145981669038106,,
92.35969520400067,2.9959999999999996,2.506,4.312,2.7827892482184127,2.246761224518529,4.166682613302818,,
92.40980436000063,2.9959999999999996,2.506,4.312,2.7827892482184127,2.246761224518529,4.166682613302818,,
92.45993417800037,2.9959999999999996,2.666,4.312,2.7827892482184127,2.4239339925006207,4.166682613302818,,
92.51022560599995,2.9859999999999998,2.666,4.312,2.7720202019465874,2.4239339925006207,4.166682613302818,,
92.56041898900003,2.9859999999999998,2.666,4.312,2.7720202019465874,2.4239339925006207,4.166682613302818,,
92.61076820900053,2.9859999999999998,2.666,4.312,2.7720202019465874,2.4239339925006207,4.166682613302818,,
92.66109834500003,2.9859999999999998,2.666,4.312,2.7720202019465874,2.4239339925006207,4.166682613302818,,
92.71143891000065,2.9859999999999998,2.666,4.312,2.7720202019465874,2.4239339925006207,4.166682613302818,,
92.76157755400072,2.9059999999999997,2.606,4.312,2.685653737919317,2.3577820085834906,4.166682613302818,,
92.81192866099991,2.9059999999999997,2.606,4.332,2.685653737919317,2.3577820085834906,4.187376744454695,,
92.8622512259999,2.9059999999999997,2.606,4.332,2.685653737919317,2.3577820085834906,4.187376744454695,,
92.91243641500023,2.9059999999999997,2.7359999999999998,4.332,2.685653737919317,2.5007190965800214,4.187376744454695,,
92.9627773430002,2.9059999999999997,2.7359999999999998,4.352,2.685653737919317,2.5007190965800214,4.208064163008925,,
93.01309628099989,2.9059999999999997,2.7359999999999998,4.352,2.685653737919317,2.5007190965800214,4.208064163008925,,
93.06324025400045,2.8659999999999997,2.666,4.352,2.6423201925580475,2.4239339925006207,4.208064163008925,,
93.11340597100025,2.8659999999999997,2.666,4.352,2.6423201925580475,2.4239339925006207,4.208064163008925,,
93.16354351600057,2.8659999999999997,2.666,4.352,2.6423201925580475,2.4239339925006207,4.208064163008925,,
93.21386880600039,2.846,2.7359999999999998,4.382,2.620613668589859,2.5007190965800214,4.239082919689116,,
93.26415988600002,2.846,2.7359999999999998,4.382,2.620613668589859,2.5007190965800214,4.239082919689116,,
93.31447911099986,2.846,2.7359999999999998,4.382,2.620613668589859,2.5007190965800214,4.239082919689116,,
93.36462049200054,2.8360000000000003,2.666,4.402,2.6097501796149,2.4239339925006207,4.25975398350656,,
93.4149006030002,2.8360000000000003,2.666,4.402,2.6097501796149,2.4239339925006207,4.25975398350656,,
93.46498020700074,2.8360000000000003,2.7359999999999998,4.402,2.6097501796149,2.5007190965800214,4.25975398350656,,
93.51532479100024,2.7960000000000003,2.7359999999999998,4.442,2.566226022781314,2.5007190965800214,4.301077074408224,,
93.56566588199985,2.7960000000000003,2.7359999999999998,4.442,2.566226022781314,2.5007190965800214,4.301077074408224,,
93.61600963399997,2.7960000000000003,2.8059999999999996,4.442,2.566226022781314,2.5771177699127366,4.301077074408224,,
93.66633230000025,2.766,2.8059999999999996,4.442,2.533506660737248,2.5771177699127366,4.301077074408224,,
93.7166501010006,2.766,2.8059999999999996,4.442,2.533506660737248,2.5771177699127366,4.301077074408224,,
93.76674447900041,2.7459999999999996,2.8059999999999996,4.442,2.511656027405026,2.5771177699127366,4.301077074408224,,
93.81707965100031,2.7459999999999996,2.8059999999999996,4.442,2.511656027405026,2.5771177699127366,4.301077074408224,,
93.86739998400026,2.7459999999999996,2.8059999999999996,4.442,2.511656027405026,2.5771177699127366,4.301077074408224,,
93.91777439799989,2.716,2.7859999999999996,4.442,2.4788214941782316,2.5553269849473272,4.301077074408224,,
93.96807473700028,2.716,2.7859999999999996,4.482,2.4788214941782316,2.5553269849473272,4.342375386813075,,
94.01840419700056,2.716,2.7859999999999996,4.482,2.4788214941782316,2.5553269849473272,4.342375386813075,,
94.06849916700048,2.686,2.856,4.482,2.4459141440369487,2.631470311441875,4.342375386813075,,
94.1188408650005,2.686,2.856,4.482,2.4459141440369487,2.631470311441875,4.342375386813075,,
94.1689321240001,2.686,2.856,4.482,2.4459141440369487,2.631470311441875,4.342375386813075,,
94.21906907599987,2.7060000000000004,2.8659999999999997,4.502,2.467860611947118,2.6423201925580475,4.363015470978759,,
94.26939003200005,2.7060000000000004,2.8659999999999997,4.502,2.467860611947118,2.6423201925580475,4.363015470978759,,
94.3195360260006,2.7060000000000004,2.8659999999999997,4.502,2.467860611947118,2.6423201925580475,4.363015470978759,,
94.36971724600062,2.676,2.916,4.502,2.434928335701074,2.6964710271019046,4.363015470978759,,
94.41984746100024,2.676,2.916,4.502,2.434928335701074,2.6964710271019046,4.363015470978759,,
94.47016930300015,2.676,2.916,4.502,2.434928335701074,2.6964710271019046,4.363015470978759,,
94.52050969599986,2.6660000000000004,2.896,4.522,2.423933992500621,2.6748300880616696,4.383649621034966,,
94.57084383700021,2.6660000000000004,2.896,4.522,2.423933992500621,2.6748300880616696,4.383649621034966,,
94.6209950980001,2.6660000000000004,2.8859999999999997,4.522,2.423933992500621,2.6639999999999997,4.383649621034966,,
94.67120633300055,2.636,2.8859999999999997,4.542,2.390898575849674,2.6639999999999997,4.404277920386042,,
94.72138909300065,2.636,2.8859999999999997,4.542,2.390898575849674,2.6639999999999997,4.404277920386042,,
94.7718050250005,2.636,2.936,4.542,2.390898575849674,2.7180868271635474,4.404277920386042,,
94.82210238000062,2.6260000000000003,2.936,4.542,2.379868903952485,2.7180868271635474,4.404277920386042,,
94.87243557700003,2.6260000000000003,2.936,4.542,2.379868903952485,2.7180868271635474,4.404277920386042,,
94.92258096200021,2.556,2.996,4.542,2.302397880471575,2.7827892482184127,4.404277920386042,,
94.97276542700001,2.556,2.996,4.542,2.302397880471575,2.7827892482184127,4.404277920386042,,
95.02308810000068,2.556,2.996,4.542,2.302397880471575,2.7827892482184127,4.404277920386042,,
95.07341069700033,2.5460000000000003,3.0159999999999996,4.542,2.291291338961504,2.804310253877056,4.404277920386042,,
95.12375001000055,2.5460000000000003,3.0159999999999996,4.562,2.291291338961504,2.804310253877056,4.424900450857624,,
95.17409392599984,2.5460000000000003,3.0159999999999996,4.562,2.291291338961504,2.804310253877056,4.424900450857624,,
95.22442843800036,2.5460000000000003,3.006,4.562,2.291291338961504,2.7935525769170693,4.424900450857624,,
95.27477756100052,2.5460000000000003,3.006,4.562,2.291291338961504,2.7935525769170693,4.424900450857624,,
95.32510566500059,2.5460000000000003,3.006,4.562,2.291291338961504,2.7935525769170693,4.424900450857624,,
95.37528865100012,2.4560000000000004,3.006,4.602,2.190852801992868,2.7935525769170693,4.466128524796393,,
95.42540124600055,2.4560000000000004,3.006,4.602,2.190852801992868,2.7935525769170693,4.466128524796393,,
95.47571526499996,2.4560000000000004,3.006,4.602,2.190852801992868,2.7935525769170693,4.466128524796393,,
95.52589706500021,2.476,3.066,4.602,2.2132500988365504,2.8580160951261275,4.466128524796393,,
95.57604000100037,2.476,3.066,4.602,2.2132500988365504,2.8580160951261275,4.466128524796393,,
95.6263808370004,2.476,3.066,4.602,2.2132500988365504,2.8580160951261275,4.466128524796393,,
95.67669300200032,2.476,3.066,4.602,2.2132500988365504,2.8580160951261275,4.466128524796393,,
95.72704292800063,2.476,3.066,4.602,2.2132500988365504,2.8580160951261275,4.466128524796393,,
95.77718181700038,2.476,3.1359999999999997,4.602,2.2132500988365504,2.932984145882824,4.466128524796393,,
95.82751973700033,2.4059999999999997,3.1359999999999997,4.652,2.134651259573797,2.932984145882824,4.517632565846851,,
95.87765869000032,2.4059999999999997,3.1359999999999997,4.652,2.134651259573797,2.932984145882824,4.517632565846851,,
95.9277726700002,2.4160000000000004,3.146,4.652,2.1459161213803304,2.943673894982255,4.517632565846851,,
95.97788791499988,2.4160000000000004,3.146,4.652,2.1459161213803304,2.943673894982255,4.517632565846851,,
96.02820125800008,2.4160000000000004,3.146,4.652,2.1459161213803304,2.943673894982255,4.517632565846851,,
96.07853578499999,2.4160000000000004,3.1959999999999997,4.652,2.1459161213803304,2.997051217446909,4.517632565846851,,
96.1287217500003,2.4160000000000004,3.1959999999999997,4.672,2.1459161213803304,2.997051217446909,4.538224763054382,,
96.17906898199999,2.4160000000000004,3.1959999999999997,4.672,2.1459161213803304,2.997051217446909,4.538224763054382,,
96.22938812600023,2.3659999999999997,3.1959999999999997,4.752,2.0894630889297847,2.997051217446909,4.620541526704419,,
96.2797270860001,2.3659999999999997,3.1959999999999997,4.752,2.0894630889297847,2.997051217446909,4.620541526704419,,
96.3300498510007,2.3659999999999997,3.1959999999999997,4.752,2.0894630889297847,2.997051217446909,4.620541526704419,,
96.38041160900048,2.306,3.256,4.692,2.021270887337964,3.060953446232072,4.558811687271147,,
96.43054056100027,2.306,3.256,4.692,2.021270887337964,3.060953446232072,4.558811687271147,,
96.48088027300037,2.306,3.256,4.692,2.021270887337964,3.060953446232072,4.558811687271147,,
96.53121890300008,2.2859999999999996,3.2659999999999996,4.692,1.998423378566213,3.0715885141079684,4.558811687271147,,
96.5815554790006,2.2859999999999996,3.2659999999999996,4.692,1.998423378566213,3.0715885141079684,4.558811687271147,,
96.63222776600014,2.2859999999999996,3.2659999999999996,4.692,1.998423378566213,3.0715885141079684,4.558811687271147,,
96.68237405400032,2.276,3.276,4.712,1.9869765977484484,3.0822193302878365,4.579393409612238,,
96.73266223600058,2.276,3.276,4.712,1.9869765977484484,3.0822193302878365,4.579393409612238,,
96.7830161060001,2.276,3.2859999999999996,4.712,1.9869765977484484,3.092845938613819,4.579393409612238,,
96.83334983400073,2.2859999999999996,3.2859999999999996,4.732,1.998423378566213,3.092845938613819,4.599969999902174,,
96.88368907099994,2.2859999999999996,3.2859999999999996,4.732,1.998423378566213,3.092845938613819,4.599969999902174,,
96.93389131700042,2.2859999999999996,3.336,4.732,1.998423378566213,3.1459173542863454,4.599969999902174,,
96.98422965700047,2.2560000000000002,3.336,4.752,1.9640356412244664,3.1459173542863454,4.620541526704419,,
97.03435581500071,2.2560000000000002,3.336,4.752,1.9640356412244664,3.1459173542863454,4.620541526704419,,
97.08468935600013,2.2560000000000002,3.3459999999999996,4.752,1.9640356412244664,3.156519602346863,4.620541526704419,,
97.13499570500062,2.2560000000000002,3.3459999999999996,4.752,1.9640356412244664,3.156519602346863,4.620541526704419,,
97.1851627900005,2.2560000000000002,3.3459999999999996,4.752,1.9640356412244664,3.156519602346863,4.620541526704419,,
97.23544760599998,2.2359999999999998,3.3059999999999996,4.752,1.941029623679144,3.1140867039952496,4.620541526704419,,
97.28559069200037,2.2359999999999998,3.3059999999999996,4.732,1.941029623679144,3.1140867039952496,4.599969999902174,,
97.33597442300015,2.2359999999999998,3.3059999999999996,4.732,1.941029623679144,3.1140867039952496,4.599969999902174,,
97.38626290299999,2.2359999999999998,3.356,4.772,1.941029623679144,3.167117932758425,4.641108057350098,,
97.43657904700012,2.2359999999999998,3.356,4.772,1.941029623679144,3.167117932758425,4.641108057350098,,
97.4869250290003,2.2359999999999998,3.356,4.772,1.941029623679144,3.167117932758425,4.641108057350098,,
97.53725050100002,2.2560000000000002,3.336,4.752,1.9640356412244664,3.1459173542863454,4.620541526704419,,
97.58757624200007,2.2560000000000002,3.336,4.752,1.9640356412244664,3.1459173542863454,4.620541526704419,,
97.63770492100048,2.2560000000000002,3.336,4.752,1.9640356412244664,3.1459173542863454,4.620541526704419,,
97.6880308890004,2.2560000000000002,3.3459999999999996,4.772,1.9640356412244664,3.156519602346863,4.641108057350098,,
97.73815722600011,2.2560000000000002,3.3459999999999996,4.772,1.9640356412244664,3.156519602346863,4.641108057350098,,
97.78831889100002,2.2560000000000002,3.3659999999999997,4.772,1.9640356412244664,3.177712384719548,4.641108057350098,,
97.83861889200034,2.2560000000000002,3.3659999999999997,4.812,1.9640356412244664,3.177712384719548,4.6822263935012804,,
97.88900898000065,2.2560000000000002,3.3659999999999997,4.812,1.9640356412244664,3.177712384719548,4.6822263935012804,,
97.93919386800007,2.2560000000000002,3.356,4.812,1.9640356412244664,3.167117932758425,4.6822263935012804,,
97.98933838799985,2.2359999999999998,3.356,4.752,1.941029623679144,3.167117932758425,4.620541526704419,,
98.039714388,2.2359999999999998,3.356,4.752,1.941029623679144,3.167117932758425,4.620541526704419,,
98.08985234800002,2.226,3.3859999999999997,4.752,1.9295014900227467,3.1988898074175665,4.620541526704419,,
98.1401783450001,2.226,3.3859999999999997,4.812,1.9295014900227467,3.1988898074175665,4.6822263935012804,,
98.19051838799987,2.226,3.3859999999999997,4.812,1.9295014900227467,3.1988898074175665,4.6822263935012804,,
98.24081457500051,2.2359999999999998,3.3659999999999997,4.812,1.941029623679144,3.177712384719548,4.6822263935012804,,
98.29115183800059,2.2359999999999998,3.3659999999999997,4.792,1.941029623679144,3.177712384719548,4.661669657965909,,
98.34139304300061,2.2359999999999998,3.3659999999999997,4.792,1.941029623679144,3.177712384719548,4.661669657965909,,
98.39153368700045,2.226,3.316,4.772,1.9295014900227467,3.124700945690643,4.641108057350098,,
98.44167640700016,2.226,3.316,4.772,1.9295014900227467,3.124700945690643,4.641108057350098,,
98.49181391999991,2.226,3.316,4.772,1.9295014900227467,3.124700945690643,4.641108057350098,,
98.54192969799988,2.2359999999999998,3.336,4.752,1.941029623679144,3.1459173542863454,4.620541526704419,1.0,3.0
98.59197015900008,2.2359999999999998,3.336,4.752,1.941029623679144,3.1459173542863454,4.620541526704419,,
98.64217408700006,2.2359999999999998,3.336,4.752,1.941029623679144,3.1459173542863454,4.620541526704419,,
98.69231419400057,2.2359999999999998,3.336,4.752,1.941029623679144,3.1459173542863454,4.620541526704419,,
98.74245304900069,2.2359999999999998,3.336,4.752,1.941029623679144,3.1459173542863454,4.620541526704419,,
98.79254611200031,2.2359999999999998,3.336,4.752,1.941029623679144,3.1459173542863454,4.620541526704419,,
98.8426340750002,2.2359999999999998,3.336,4.772,1.941029623679144,3.1459173542863454,4.641108057350098,,
98.89272183400044,2.2359999999999998,3.336,4.772,1.941029623679144,3.1459173542863454,4.641108057350098,,
98.94281528100055,2.2359999999999998,3.3659999999999997,4.772,1.941029623679144,3.177712384719548,4.641108057350098,,
98.99298086599993,2.226,3.3659999999999997,4.792,1.9295014900227467,3.177712384719548,4.661669657965909,,
99.0432810530001,2.226,3.3659999999999997,4.792,1.9295014900227467,3.177712384719548,4.661669657965909,,
99.09366723499988,2.226,3.356,4.792,1.9295014900227467,3.167117932758425,4.661669657965909,,
99.14401369100051,2.226,3.356,4.772,1.9295014900227467,3.167117932758425,4.641108057350098,,
99.19433292800022,2.226,3.356,4.772,1.9295014900227467,3.167117932758425,4.641108057350098,,
99.24465283400059,2.216,3.3459999999999996,4.772,1.9179562038795364,3.156519602346863,4.641108057350098,,
99.29510213499998,2.216,3.3459999999999996,4.772,1.9179562038795364,3.156519602346863,4.641108057350098,,
99.34536459500032,2.216,3.3459999999999996,4.772,1.9179562038795364,3.156519602346863,4.641108057350098,,
99.39583242800018,2.176,3.436,4.772,1.871597178882251,3.2517681344154905,4.641108057350098,,
99.4461230070001,2.176,3.436,4.752,1.871597178882251,3.2517681344154905,4.620541526704419,,
99.4962350270007,2.176,3.436,4.752,1.871597178882251,3.2517681344154905,4.620541526704419,,
99.54637152300074,2.1959999999999997,3.336,4.712,1.894812919525302,3.1459173542863454,4.579393409612238,,
99.59646897600032,2.1959999999999997,3.336,4.712,1.894812919525302,3.1459173542863454,4.579393409612238,,
99.64660601200012,2.1959999999999997,3.336,4.712,1.894812919525302,3.1459173542863454,4.579393409612238,,
99.69674791000034,2.186,3.416,4.692,1.883214273522798,3.2306278027652766,4.558811687271147,,
99.74707792200024,2.186,3.416,4.692,1.883214273522798,3.2306278027652766,4.558811687271147,,
99.7974091850001,2.186,3.416,4.692,1.883214273522798,3.2306278027652766,4.558811687271147,,
99.84755331199995,2.186,3.356,4.692,1.883214273522798,3.167117932758425,4.558811687271147,,
99.89770120400044,2.186,3.356,4.692,1.883214273522798,3.167117932758425,4.558811687271147,,
99.94800500700057,2.186,3.456,4.692,1.883214273522798,3.272894132109989,4.558811687271147,,
99.9983005439999,2.146,3.456,4.652,1.8366316996066465,3.272894132109989,4.517632565846851,,
100.04863644099987,2.146,3.456,4.652,1.8366316996066465,3.272894132109989,4.517632565846851,,
100.09901545299999,2.146,3.4459999999999997,4.652,1.8366316996066465,3.262332907598487,4.517632565846851,,
100.14937548000034,2.0860000000000003,3.4459999999999997,4.632,1.766152881264813,3.262332907598487,4.497035023212517,,
100.1997158410004,2.0860000000000003,3.4459999999999997,4.632,1.766152881264813,3.262332907598487,4.497035023212517,,
100.24987427100041,2.106,3.3859999999999997,4.632,1.789730706000207,3.1988898074175665,4.497035023212517,,
100.30021034900074,2.106,3.3859999999999997,4.632,1.789730706000207,3.1988898074175665,4.497035023212517,,
100.35037823600032,2.106,3.3859999999999997,4.632,1.789730706000207,3.1988898074175665,4.497035023212517,,
100.4005617290004,2.1159999999999997,3.436,4.632,1.801487163429148,3.2517681344154905,4.497035023212517,,
100.45070503399984,2.1159999999999997,3.436,4.602,1.801487163429148,3.2517681344154905,4.466128524796393,,
100.50082225999995,2.1159999999999997,3.436,4.602,1.801487163429148,3.2517681344154905,4.466128524796393,,
100.55097351600034,2.0860000000000003,3.4659999999999997,4.582,1.766152881264813,3.2834518421929073,4.445517292734333,,
100.60109266100062,2.0860000000000003,3.4659999999999997,4.582,1.766152881264813,3.2834518421929073,4.445517292734333,,
100.65121176000048,2.0860000000000003,3.4659999999999997,4.582,1.766152881264813,3.2834518421929073,4.445517292734333,,
100.70154115200057,2.0860000000000003,3.416,4.542,1.766152881264813,3.2306278027652766,4.404277920386042,,
100.75184265700045,2.0860000000000003,3.416,4.542,1.766152881264813,3.2306278027652766,4.404277920386042,,
100.80217742000059,2.0860000000000003,3.416,4.542,1.766152881264813,3.2306278027652766,4.404277920386042,,
100.8525179520002,2.056,3.396,4.522,1.730617230932363,3.209472853912305,4.383649621034966,,
100.90283760200055,2.056,3.396,4.522,1.730617230932363,3.209472853912305,4.383649621034966,,
100.9529295250004,2.056,3.506,4.522,1.730617230932363,3.3256482074927884,4.383649621034966,,
101.0029814340005,2.066,3.506,4.482,1.7424855810020348,3.3256482074927884,4.342375386813075,,
101.05317484700026,2.066,3.506,4.482,1.7424855810020348,3.3256482074927884,4.342375386813075,,
101.1035162900007,2.066,3.506,4.482,1.7424855810020348,3.3256482074927884,4.342375386813075,,
101.15363691400034,2.036,3.506,4.462,1.7068087180466358,3.3256482074927884,4.321729283516032,,
101.20398394299991,2.036,3.506,4.462,1.7068087180466358,3.3256482074927884,4.321729283516032,,
101.2540738860007,2.016,3.5159999999999996,4.462,1.682901066610869,3.3361888435758544,4.321729283516032,,
101.3044024890005,2.016,3.5159999999999996,4.442,1.682901066610869,3.3361888435758544,4.301077074408224,,
101.35473107899998,2.016,3.5159999999999996,4.442,1.682901066610869,3.3361888435758544,4.301077074408224,,
101.40505245500026,1.986,3.506,4.442,1.6468442549312305,3.3256482074927884,4.301077074408224,,
101.45539448399995,1.986,3.506,4.442,1.6468442549312305,3.3256482074927884,4.301077074408224,,
101.50558290300069,1.986,3.506,4.442,1.6468442549312305,3.3256482074927884,4.301077074408224,,
101.55580815100075,1.976,3.546,4.442,1.634770931965699,3.3677909673850004,4.301077074408224,,
101.60596281400012,1.976,3.546,4.422,1.634770931965699,3.3677909673850004,4.280418671111507,,
101.6560719070003,1.976,3.546,4.422,1.634770931965699,3.3677909673850004,4.280418671111507,,
101.70622211299997,1.976,3.546,4.422,1.634770931965699,3.3677909673850004,4.280418671111507,,
101.75635713800057,1.976,3.546,4.422,1.634770931965699,3.3677909673850004,4.280418671111507,,
101.80648501999985,1.976,3.546,4.422,1.634770931965699,3.3677909673850004,4.280418671111507,,
101.85683356000027,1.966,3.6559999999999997,4.402,1.6226694056399782,3.4834230291481965,4.25975398350656,,
101.90717330700045,1.966,3.6559999999999997,4.402,1.6226694056399782,3.4834230291481965,4.25975398350656,,
101.95749136500035,1.966,3.6559999999999997,4.402,1.6226694056399782,3.4834230291481965,4.25975398350656,,
102.00763192900013,1.986,3.6159999999999997,4.382,1.6468442549312305,3.4414177311102465,4.239082919689116,,
102.05780049100031,1.986,3.6159999999999997,4.382,1.6468442549312305,3.4414177311102465,4.239082919689116,,
102.10811445499985,1.986,3.5959999999999996,4.382,1.6468442549312305,3.42039705297499,4.239082919689116,,
102.1584533360001,1.956,3.5959999999999996,4.332,1.6105390401974116,3.42039705297499,4.187376744454695,,
102.20879109500038,1.956,3.5959999999999996,4.332,1.6105390401974116,3.42039705297499,4.187376744454695,,
102.25891635700009,1.956,3.6159999999999997,4.332,1.6105390401974116,3.4414177311102465,4.187376744454695,,
102.30899789700015,1.936,3.6159999999999997,4.312,1.5861891438286921,3.4414177311102465,4.166682613302818,,
102.3593257170005,1.936,3.6159999999999997,4.312,1.5861891438286921,3.4414177311102465,4.166682613302818,,
102.4094757490002,1.956,3.6159999999999997,4.312,1.6105390401974116,3.4414177311102465,4.166682613302818,,
102.4595975330003,1.956,3.6159999999999997,4.352,1.6105390401974116,3.4414177311102465,4.208064163008925,,
102.50993260700034,1.956,3.6159999999999997,4.352,1.6105390401974116,3.4414177311102465,4.208064163008925,,
102.56023951400039,1.986,3.6559999999999997,4.352,1.6468442549312305,3.4834230291481965,4.208064163008925,,
102.61056391300008,1.986,3.6559999999999997,4.292,1.6468442549312305,3.4834230291481965,4.145981669038106,,
102.66088275499988,1.986,3.6559999999999997,4.292,1.6468442549312305,3.4834230291481965,4.145981669038106,,
102.71102411799984,1.966,3.6559999999999997,4.272,1.6226694056399782,3.4834230291481965,4.125273809094374,,
102.76135602900013,1.966,3.6559999999999997,4.272,1.6226694056399782,3.4834230291481965,4.125273809094374,,
102.81153954300044,1.966,3.6559999999999997,4.272,1.6226694056399782,3.4834230291481965,4.125273809094374,,
102.86186479600019,1.956,3.706,4.252,1.6105390401974116,3.535864250787917,4.104558928800998,,
102.91219114000069,1.956,3.706,4.252,1.6105390401974116,3.535864250787917,4.104558928800998,,
102.96252109099987,1.956,3.706,4.252,1.6105390401974116,3.535864250787917,4.104558928800998,,
103.01265003500066,1.946,3.706,4.252,1.5983791790435709,3.535864250787917,4.104558928800998,,
103.06278251999993,1.946,3.706,4.252,1.5983791790435709,3.535864250787917,4.104558928800998,,
103.11288483099997,1.946,3.7359999999999998,4.252,1.5983791790435709,3.567295334003059,4.104558928800998,,
103.16321446300026,1.946,3.7359999999999998,4.192,1.5983791790435709,3.567295334003059,4.042371086379874,,
103.2133575050002,1.946,3.7359999999999998,4.192,1.5983791790435709,3.567295334003059,4.042371086379874,,
103.26368882299994,1.946,3.706,4.192,1.5983791790435709,3.535864250787917,4.042371086379874,,
103.31380012499994,1.986,3.706,4.212,1.6468442549312305,3.535864250787917,4.063107677628049,,
103.36413336300029,1.986,3.706,4.212,1.6468442549312305,3.535864250787917,4.063107677628049,,
103.41424025500055,1.946,3.7359999999999998,4.212,1.5983791790435709,3.567295334003059,4.063107677628049,,
103.46438566000052,1.946,3.7359999999999998,4.172,1.5983791790435709,3.567295334003059,4.021627033925448,,
103.51474680699994,1.946,3.7359999999999998,4.172,1.5983791790435709,3.567295334003059,4.021627033925448,,
103.56504880500052,1.936,3.7859999999999996,4.172,1.5861891438286921,3.619626500068757,4.021627033925448,,
103.61516232900067,1.936,3.7859999999999996,4.172,1.5861891438286921,3.619626500068757,4.021627033925448,,
103.6652985540004,1.936,3.7859999999999996,4.172,1.5861891438286921,3.619626500068757,4.021627033925448,,
103.71565531000033,1.896,3.776,4.172,1.5371128780932126,3.6091655545291905,4.021627033925448,,
103.76602408200051,1.896,3.776,4.152,1.5371128780932126,3.6091655545291905,4.0008754042084345,,
103.81637314100044,1.896,3.776,4.152,1.5371128780932126,3.6091655545291905,4.0008754042084345,,
103.86669178800003,1.956,3.8259999999999996,4.132,1.6105390401974116,3.6614445236818756,3.9801160787092624,,
103.91715766200014,1.956,3.8259999999999996,4.132,1.6105390401974116,3.6614445236818756,3.9801160787092624,,
103.96739698000056,1.956,3.8259999999999996,4.132,1.6105390401974116,3.6614445236818756,3.9801160787092624,,
104.01773710199996,1.896,3.896,4.132,1.5371128780932126,3.7345302248073984,3.9801160787092624,,
104.06803366500026,1.896,3.896,4.132,1.5371128780932126,3.7345302248073984,3.9801160787092624,,
104.11845456100036,1.896,3.896,4.132,1.5371128780932126,3.7345302248073984,3.9801160787092624,,
104.16853643300055,1.896,3.9259999999999997,4.132,1.5371128780932126,3.7658167772742206,3.9801160787092624,,
104.21867662800014,1.896,3.9259999999999997,4.132,1.5371128780932126,3.7658167772742206,3.9801160787092624,,
104.26903023400064,1.896,3.896,4.132,1.5371128780932126,3.7345302248073984,3.9801160787092624,,
104.3193611380002,1.896,3.896,4.0920000000000005,1.5371128780932126,3.7345302248073984,3.9385738535667962,,
104.36953916200036,1.896,3.896,4.0920000000000005,1.5371128780932126,3.7345302248073984,3.9385738535667962,,
104.4196765100005,1.896,3.936,4.0920000000000005,1.5371128780932126,3.7762409880726624,3.9385738535667962,,
104.4700094939999,1.896,3.936,4.0920000000000005,1.5371128780932126,3.7762409880726624,3.9385738535667962,,
104.52032766100001,1.896,3.936,4.0920000000000005,1.5371128780932126,3.7762409880726624,3.9385738535667962,,
104.57046942700072,1.896,3.9059999999999997,4.0920000000000005,1.5371128780932126,3.7449614150215216,3.9385738535667962,,
104.62080082500052,1.896,3.9059999999999997,4.072,1.5371128780932126,3.7449614150215216,3.917790703955483,,
104.67113801699998,1.896,3.9059999999999997,4.072,1.5371128780932126,3.7449614150215216,3.917790703955483,,
104.72148201400069,1.896,3.9059999999999997,4.072,1.5371128780932126,3.7449614150215216,3.917790703955483,,
104.77181748300063,1.896,3.9059999999999997,4.072,1.5371128780932126,3.7449614150215216,3.917790703955483,,
104.82198530700043,1.896,3.9059999999999997,4.072,1.5371128780932126,3.7449614150215216,3.917790703955483,,
104.8722051120003,1.906,3.956,4.0120000000000005,1.5494308632526974,3.797082564285375,3.855391549505705,,
104.9225223680005,1.906,3.956,4.0120000000000005,1.5494308632526974,3.797082564285375,3.855391549505705,,
104.9726828540006,1.906,3.956,4.0120000000000005,1.5494308632526974,3.797082564285375,3.855391549505705,,
105.02280768299988,1.936,4.016,4.002,1.5861891438286921,3.859553860227889,3.8449842652473882,,
105.07312900600027,1.936,4.016,4.002,1.5861891438286921,3.859553860227889,3.8449842652473882,,
105.12331285100026,1.936,4.016,4.002,1.5861891438286921,3.859553860227889,3.8449842652473882,,
105.17343749800057,1.906,4.1160000000000005,3.9819999999999998,1.5494308632526974,3.963502996088183,3.824163176434813,,
105.22361410099984,1.906,4.1160000000000005,3.9819999999999998,1.5494308632526974,3.963502996088183,3.824163176434813,,
105.27373650800018,1.906,4.1160000000000005,3.9819999999999998,1.5494308632526974,3.963502996088183,3.824163176434813,,
105.32405591099996,1.896,4.1160000000000005,3.9819999999999998,1.5371128780932126,3.963502996088183,3.824163176434813,,
105.3742206650004,1.896,4.1160000000000005,3.9819999999999998,1.5371128780932126,3.963502996088183,3.824163176434813,,
105.42454618400006,1.896,4.136,3.9819999999999998,1.5371128780932126,3.9842685652450687,3.824163176434813,,
105.47469034900041,1.906,4.136,3.912,1.5494308632526974,3.9842685652450687,3.751219001871258,,
105.52483013500023,1.906,4.136,3.912,1.5494308632526974,3.9842685652450687,3.751219001871258,,
105.57493325399992,1.976,4.136,3.912,1.634770931965699,3.9842685652450687,3.751219001871258,,
105.62519939400045,1.976,4.136,3.932,1.634770931965699,3.9842685652450687,3.772071579384463,,
105.67534464600067,1.976,4.136,3.932,1.634770931965699,3.9842685652450687,3.772071579384463,,
105.72566984900004,1.966,4.156000000000001,3.932,1.6226694056399782,4.005026341985781,3.772071579384463,,
105.77580370000032,1.966,4.156000000000001,3.9219999999999997,1.6226694056399782,4.005026341985781,3.7616464480330944,,
105.82615187400006,1.966,4.156000000000001,3.9219999999999997,1.6226694056399782,4.005026341985781,3.7616464480330944,,
105.8762542250006,1.976,4.1160000000000005,3.9019999999999997,1.634770931965699,3.963502996088183,3.7407892215413576,,
105.92658129900065,1.976,4.1160000000000005,3.9019999999999997,1.634770931965699,3.963502996088183,3.7407892215413576,,
105.97669056900031,1.976,4.1160000000000005,3.9019999999999997,1.634770931965699,3.963502996088183,3.7407892215413576,,
106.02677469599985,1.976,4.176,3.9019999999999997,1.634770931965699,4.025776446848483,3.7407892215413576,,
106.07709991400043,1.976,4.176,3.9019999999999997,1.634770931965699,4.025776446848483,3.7407892215413576,,
106.12742928500029,1.976,4.176,3.9019999999999997,1.634770931965699,4.025776446848483,3.7407892215413576,,
106.1777548,1.976,4.256,3.862,1.634770931965699,4.1087024715839435,3.6990463635915676,,
106.22798402800072,1.976,4.256,3.862,1.634770931965699,4.1087024715839435,3.6990463635915676,,
106.27821137499996,1.976,4.256,3.862,1.634770931965699,4.1087024715839435,3.6990463635915676,,
106.32853225600047,1.906,4.256,3.862,1.5494308632526974,4.1087024715839435,3.6990463635915676,,
106.37871980700038,1.906,4.256,3.862,1.5494308632526974,4.1087024715839435,3.6990463635915676,,
106.42885993000073,1.906,4.3260000000000005,3.862,1.5494308632526974,4.1811692144662125,3.6990463635915676,,
106.4791496329999,1.966,4.3260000000000005,3.862,1.6226694056399782,4.1811692144662125,3.6990463635915676,,
106.52949188500043,1.966,4.3260000000000005,3.862,1.6226694056399782,4.1811692144662125,3.6990463635915676,,
106.57961413200064,1.966,4.3260000000000005,3.862,1.6226694056399782,4.1811692144662125,3.6990463635915676,,
106.62999652800045,1.926,4.3260000000000005,3.832,1.5739682334786809,4.1811692144662125,3.6677137292869517,,
106.68031456300014,1.926,4.3260000000000005,3.832,1.5739682334786809,4.1811692144662125,3.6677137292869517,,
106.73045628700038,1.966,4.306,3.832,1.6226694056399782,4.160473050026884,3.6677137292869517,,
106.78058518200032,1.966,4.306,3.812,1.6226694056399782,4.160473050026884,3.646812855083189,,
106.83092027300063,1.966,4.306,3.812,1.6226694056399782,4.160473050026884,3.646812855083189,,
106.88123860399992,1.946,4.3660000000000005,3.812,1.5983791790435709,4.222541414835384,3.646812855083189,,
106.93158411600052,1.946,4.3660000000000005,3.792,1.5983791790435709,4.222541414835384,3.62590181885831,,
106.98189482100042,1.946,4.3660000000000005,3.792,1.5983791790435709,4.222541414835384,3.62590181885831,,
107.0320087200007,1.956,4.426,3.772,1.6105390401974116,4.2845508516062685,3.6049804437749726,,
107.08233214900065,1.956,4.426,3.772,1.6105390401974116,4.2845508516062685,3.6049804437749726,,
107.13267152200024,1.956,4.426,3.772,1.6105390401974116,4.2845508516062685,3.6049804437749726,,
107.18279555900062,1.926,4.406000000000001,3.772,1.5739682334786809,4.26388742815755,3.6049804437749726,,
107.23309120600061,1.926,4.406000000000001,3.772,1.5739682334786809,4.26388742815755,3.6049804437749726,,
107.28343312900051,1.926,4.406000000000001,3.772,1.5739682334786809,4.26388742815755,3.6049804437749726,,
107.333792464,1.976,4.486000000000001,3.702,1.634770931965699,4.346503882432409,3.5316715589080476,,
107.3841215020002,1.976,4.486000000000001,3.702,1.634770931965699,4.346503882432409,3.5316715589080476,,
107.4342606250002,1.976,4.446000000000001,3.702,1.634770931965699,4.305208008911998,3.5316715589080476,,
107.48459578600068,1.986,4.446000000000001,3.7319999999999998,1.6468442549312305,4.305208008911998,3.5631059484668706,,
107.53493201600031,1.986,4.446000000000001,3.7319999999999998,1.6468442549312305,4.305208008911998,3.5631059484668706,,
107.5850715610004,1.986,4.426,3.7319999999999998,1.6468442549312305,4.2845508516062685,3.5631059484668706,,
107.63538042100026,1.996,4.426,3.6919999999999997,1.6588899903248557,4.2845508516062685,3.521187867751449,,
107.68572109600063,1.996,4.426,3.6919999999999997,1.6588899903248557,4.2845508516062685,3.521187867751449,,
107.73586422600056,1.996,4.426,3.6919999999999997,1.6588899903248557,4.2845508516062685,3.521187867751449,,
107.78618949600059,1.996,4.426,3.6919999999999997,1.6588899903248557,4.2845508516062685,3.521187867751449,,
107.8365189720007,1.996,4.426,3.6919999999999997,1.6588899903248557,4.2845508516062685,3.521187867751449,,
107.88662997700067,2.036,4.426,3.6919999999999997,1.7068087180466358,4.2845508516062685,3.521187867751449,,
107.93698226300057,2.036,4.426,3.702,1.7068087180466358,4.2845508516062685,3.5316715589080476,,
107.98717059699993,2.036,4.426,3.702,1.7068087180466358,4.2845508516062685,3.5316715589080476,,
108.03725875200053,2.036,4.466,3.662,1.7068087180466358,4.325858989842365,3.4897197595222456,,
108.08759481900051,2.036,4.466,3.662,1.7068087180466358,4.325858989842365,3.4897197595222456,,
108.13768470800005,2.036,4.466,3.662,1.7068087180466358,4.325858989842365,3.4897197595222456,,
108.18801599000017,2.026,4.466,3.642,1.694867546447214,4.325858989842365,3.4687265674884205,,
108.23835106600018,2.026,4.466,3.642,1.694867546447214,4.325858989842365,3.4687265674884205,,
108.28847157200016,2.026,4.466,3.642,1.694867546447214,4.325858989842365,3.4687265674884205,,
108.33859198800019,2.026,4.516,3.642,1.694867546447214,4.377459994106171,3.4687265674884205,,
108.38891824200073,2.026,4.516,3.642,1.694867546447214,4.377459994106171,3.4687265674884205,,
108.43932619000043,2.026,4.516,3.642,1.694867546447214,4.377459994106171,3.4687265674884205,,
108.4896439310005,2.096,4.486000000000001,3.6319999999999997,1.7779527552778225,4.346503882432409,3.4582255565535336,,
108.54001477100064,2.096,4.486000000000001,3.6319999999999997,1.7779527552778225,4.346503882432409,3.4582255565535336,,
108.59022771200034,2.096,4.466,3.6319999999999997,1.7779527552778225,4.325858989842365,3.4582255565535336,,
108.64057013799993,2.066,4.466,3.6519999999999997,1.7424855810020348,4.325858989842365,3.479224626263731,,
108.69088248000025,2.066,4.466,3.6519999999999997,1.7424855810020348,4.325858989842365,3.479224626263731,,
108.74119772199992,2.066,4.486000000000001,3.6519999999999997,1.7424855810020348,4.346503882432409,3.479224626263731,,
108.79152281200004,2.056,4.486000000000001,3.642,1.730617230932363,4.346503882432409,3.4687265674884205,,
108.84182131600028,2.056,4.486000000000001,3.642,1.730617230932363,4.346503882432409,3.4687265674884205,,
108.89215080099984,2.026,4.486000000000001,3.642,1.694867546447214,4.346503882432409,3.4687265674884205,,
108.9425708280005,2.026,4.486000000000001,3.642,1.694867546447214,4.346503882432409,3.4687265674884205,,
108.992867467,2.026,4.486000000000001,3.642,1.694867546447214,4.346503882432409,3.4687265674884205,,
109.04302158100018,2.066,4.516,3.642,1.7424855810020348,4.377459994106171,3.4687265674884205,,
109.09334058200056,2.066,4.516,3.6319999999999997,1.7424855810020348,4.377459994106171,3.4582255565535336,,
109.14366518600036,2.066,4.516,3.6319999999999997,1.7424855810020348,4.377459994106171,3.4582255565535336,,
109.19401721200029,2.026,4.486000000000001,3.6319999999999997,1.694867546447214,4.346503882432409,3.4582255565535336,,
109.24436185500053,2.026,4.486000000000001,3.6319999999999997,1.694867546447214,4.346503882432409,3.4582255565535336,,
109.2945300070005,2.026,4.486000000000001,3.6319999999999997,1.694867546447214,4.346503882432409,3.4582255565535336,,
109.34471289500016,2.056,4.446000000000001,3.642,1.730617230932363,4.305208008911998,3.4687265674884205,,
109.39504330900036,2.056,4.446000000000001,3.642,1.730617230932363,4.305208008911998,3.4687265674884205,,
109.44519466200018,2.056,4.446000000000001,3.642,1.730617230932363,4.305208008911998,3.4687265674884205,,
109.49530646400035,2.056,4.516,3.642,1.730617230932363,4.377459994106171,3.4687265674884205,,
109.54548479599998,2.056,4.516,3.642,1.730617230932363,4.377459994106171,3.4687265674884205,,
109.59562810500029,2.056,4.506,3.642,1.730617230932363,4.367142773026776,3.4687265674884205,,
109.64601743599997,2.026,4.506,3.6919999999999997,1.694867546447214,4.367142773026776,3.521187867751449,,
109.69623058200068,2.026,4.506,3.6919999999999997,1.694867546447214,4.367142773026776,3.521187867751449,,
109.74637491800058,2.026,4.506,3.6919999999999997,1.694867546447214,4.367142773026776,3.521187867751449,,
109.796562257,2.066,4.506,3.622,1.7424855810020348,4.367142773026776,3.4477215664841614,,
109.84689803499987,2.066,4.506,3.622,1.7424855810020348,4.367142773026776,3.4477215664841614,,
109.89721408400055,2.066,4.516,3.622,1.7424855810020348,4.377459994106171,3.4477215664841614,,
109.94755323500067,2.066,4.516,3.622,1.7424855810020348,4.377459994106171,3.4477215664841614,,
109.99791344100049,2.066,4.516,3.622,1.7424855810020348,4.377459994106171,3.4477215664841614,,
110.04823267700067,2.066,4.486000000000001,3.622,1.7424855810020348,4.346503882432409,3.4477215664841614,,
110.09837481100021,2.066,4.486000000000001,3.622,1.7424855810020348,4.346503882432409,3.4477215664841614,,
110.14852031999999,2.066,4.486000000000001,3.622,1.7424855810020348,4.346503882432409,3.4477215664841614,,
110.19879852900067,2.066,4.486000000000001,3.662,1.7424855810020348,4.346503882432409,3.4897197595222456,,
110.24909498099987,2.066,4.486000000000001,3.662,1.7424855810020348,4.346503882432409,3.4897197595222456,,
110.29928107700016,2.066,4.486000000000001,3.662,1.7424855810020348,4.346503882432409,3.4897197595222456,,
110.34960079800021,2.036,4.486000000000001,3.642,1.7068087180466358,4.346503882432409,3.4687265674884205,,
110.39991883099992,2.036,4.486000000000001,3.642,1.7068087180466358,4.346503882432409,3.4687265674884205,,
110.45024962500065,2.036,4.486000000000001,3.642,1.7068087180466358,4.346503882432409,3.4687265674884205,,
110.50037594700007,2.056,4.446000000000001,3.6319999999999997,1.730617230932363,4.305208008911998,3.4582255565535336,,
110.55076437500065,2.056,4.446000000000001,3.6319999999999997,1.730617230932363,4.305208008911998,3.4582255565535336,,
110.60086535600021,2.056,4.516,3.6319999999999997,1.730617230932363,4.377459994106171,3.4582255565535336,,
110.65119193100054,2.056,4.516,3.622,1.730617230932363,4.377459994106171,3.4477215664841614,3.0,3.0
110.70149605900042,2.056,4.516,3.622,1.730617230932363,4.377459994106171,3.4477215664841614,,
110.75162372600062,2.056,4.516,3.622,1.730617230932363,4.377459994106171,3.4477215664841614,,
110.80198599400046,2.056,4.516,3.622,1.730617230932363,4.377459994106171,3.4477215664841614,,
110.85230389700064,2.056,4.516,3.622,1.730617230932363,4.377459994106171,3.4477215664841614,,
110.90239112900053,1.996,4.486000000000001,3.622,1.6588899903248557,4.346503882432409,3.4477215664841614,,
110.9526874560006,1.996,4.486000000000001,3.6319999999999997,1.6588899903248557,4.346503882432409,3.4582255565535336,,
111.00282897299985,1.996,4.486000000000001,3.6319999999999997,1.6588899903248557,4.346503882432409,3.4582255565535336,,
111.05318095300026,2.026,4.516,3.6319999999999997,1.694867546447214,4.377459994106171,3.4582255565535336,,
111.10350890600057,2.026,4.516,3.6319999999999997,1.694867546447214,4.377459994106171,3.4582255565535336,,
111.1536656850003,2.026,4.516,3.6319999999999997,1.694867546447214,4.377459994106171,3.4582255565535336,,
111.20398000700061,2.066,4.426,3.6319999999999997,1.7424855810020348,4.2845508516062685,3.4582255565535336,,
111.25432577399988,2.066,4.426,3.622,1.7424855810020348,4.2845508516062685,3.4477215664841614,,
111.30465058500067,2.066,4.426,3.622,1.7424855810020348,4.2845508516062685,3.4477215664841614,,
111.35502315400026,2.066,4.446000000000001,3.622,1.7424855810020348,4.305208008911998,3.4477215664841614,,
111.40533488500023,2.066,4.446000000000001,3.622,1.7424855810020348,4.305208008911998,3.4477215664841614,,
111.45568427200033,2.066,4.446000000000001,3.622,1.7424855810020348,4.305208008911998,3.4477215664841614,,
111.5060251900004,2.066,4.406000000000001,3.622,1.7424855810020348,4.26388742815755,3.4477215664841614,,
111.55633102400043,2.066,4.406000000000001,3.622,1.7424855810020348,4.26388742815755,3.4477215664841614,,
111.60661484400043,2.066,4.406000000000001,3.622,1.7424855810020348,4.26388742815755,3.4477215664841614,,
111.65670448299988,2.066,4.3660000000000005,3.622,1.7424855810020348,4.222541414835384,3.4477215664841614,,
111.70703640200009,2.066,4.3660000000000005,3.622,1.7424855810020348,4.222541414835384,3.4477215664841614,,
111.75736155400045,2.066,4.386,3.622,1.7424855810020348,4.243217647022128,3.4477215664841614,,
111.80753953800013,2.106,4.386,3.622,1.789730706000207,4.243217647022128,3.4477215664841614,,
111.85789223700067,2.106,4.386,3.622,1.789730706000207,4.243217647022128,3.4477215664841614,,
111.90822831100013,2.106,4.346,3.622,1.789730706000207,4.2018586363655785,3.4477215664841614,,
111.95857890100069,2.1159999999999997,4.346,3.602,1.801487163429148,4.2018586363655785,3.426704539349723,,
112.00893466300022,2.1159999999999997,4.346,3.602,1.801487163429148,4.2018586363655785,3.426704539349723,,
112.0592661540004,2.136,4.266,3.602,1.8249372591955046,4.119060086961587,3.426704539349723,,
112.10957926800074,2.136,4.266,3.622,1.8249372591955046,4.119060086961587,3.4477215664841614,,
112.15990515000067,2.136,4.266,3.622,1.8249372591955046,4.119060086961587,3.4477215664841614,,
112.2102160150007,2.096,4.266,3.622,1.7779527552778225,4.119060086961587,3.4477215664841614,,
112.26045944999987,2.096,4.266,3.592,1.7779527552778225,4.119060086961587,3.416191446625906,,
112.31062775700047,2.096,4.266,3.592,1.7779527552778225,4.119060086961587,3.416191446625906,,
112.36098287799996,2.106,4.236000000000001,3.562,1.789730706000207,4.087981898198671,3.384633510440975,,
112.41133272000025,2.106,4.236000000000001,3.562,1.789730706000207,4.087981898198671,3.384633510440975,,
112.46165738900072,2.106,4.236000000000001,3.562,1.789730706000207,4.087981898198671,3.384633510440975,,
112.51201954899989,2.066,4.256,3.582,1.7424855810020348,4.1087024715839435,3.405675263438955,,
112.56236076500045,2.066,4.256,3.582,1.7424855810020348,4.1087024715839435,3.405675263438955,,
112.6124766590001,2.066,4.256,3.582,1.7424855810020348,4.1087024715839435,3.405675263438955,,
112.66261705000034,2.1159999999999997,4.176,3.562,1.801487163429148,4.025776446848483,3.384633510440975,,
112.71279984500052,2.1159999999999997,4.176,3.562,1.801487163429148,4.025776446848483,3.384633510440975,,
112.76312256700021,2.1159999999999997,4.216,3.562,1.801487163429148,4.067254110576323,3.384633510440975,,
112.81345395000062,2.126,4.216,3.542,1.8132225456352562,4.067254110576323,3.3635790461946926,,
112.86379421200036,2.126,4.216,3.542,1.8132225456352562,4.067254110576323,3.3635790461946926,,
112.91412763700009,2.126,4.1160000000000005,3.542,1.8132225456352562,3.963502996088183,3.3635790461946926,,
112.96444409500054,2.126,4.1160000000000005,3.542,1.8132225456352562,3.963502996088183,3.3635790461946926,,
113.01459184500072,2.126,4.1160000000000005,3.542,1.8132225456352562,3.963502996088183,3.3635790461946926,,
113.06492618300035,2.126,4.1160000000000005,3.542,1.8132225456352562,3.963502996088183,3.3635790461946926,,
113.11523852800019,2.126,4.1160000000000005,3.552,1.8132225456352562,3.963502996088183,3.3741078820926873,,
113.16557879700031,2.126,4.1160000000000005,3.552,1.8132225456352562,3.963502996088183,3.3741078820926873,,
113.21591142200032,2.1559999999999997,4.1160000000000005,3.552,1.8483062516801696,3.963502996088183,3.3741078820926873,,
113.26602016200013,2.1559999999999997,4.1160000000000005,3.512,1.8483062516801696,3.963502996088183,3.331972989086196,,
113.31621353100036,2.1559999999999997,4.1160000000000005,3.512,1.8483062516801696,3.963502996088183,3.331972989086196,,
113.36635667600058,2.216,4.156000000000001,3.532,1.9179562038795364,4.005026341985781,3.3530469725311036,,
113.41653995600063,2.216,4.156000000000001,3.532,1.9179562038795364,4.005026341985781,3.3530469725311036,,
113.4666809270002,2.216,4.156000000000001,3.532,1.9179562038795364,4.005026341985781,3.3530469725311036,,
113.51702980800019,2.206,4.1160000000000005,3.522,1.9063934536186387,3.963502996088183,3.3425116304958458,,
113.5673652810001,2.206,4.1160000000000005,3.522,1.9063934536186387,3.963502996088183,3.3425116304958458,,
113.61769479099985,2.206,4.1160000000000005,3.522,1.9063934536186387,3.963502996088183,3.3425116304958458,,
113.66803161600001,2.2359999999999998,4.0360000000000005,3.522,1.941029623679144,3.880360292550165,3.3425116304958458,,
113.7183750840004,2.2359999999999998,4.0360000000000005,3.522,1.941029623679144,3.880360292550165,3.3425116304958458,,
113.76868858099988,2.2359999999999998,4.0360000000000005,3.522,1.941029623679144,3.880360292550165,3.3425116304958458,,
113.81902361500033,2.2359999999999998,4.0360000000000005,3.522,1.941029623679144,3.880360292550165,3.3425116304958458,,
113.86935553700005,2.2359999999999998,4.0360000000000005,3.522,1.941029623679144,3.880360292550165,3.3425116304958458,,
113.91970453700014,2.2359999999999998,3.996,3.522,1.941029623679144,3.8387388554055093,3.3425116304958458,,
113.970048442,2.2560000000000002,3.996,3.502,1.9640356412244664,3.8387388554055093,3.321431016896181,,
114.02038491300027,2.2560000000000002,3.996,3.502,1.9640356412244664,3.8387388554055093,3.321431016896181,,
114.07047589500053,2.266,3.956,3.502,1.9755141103014173,3.797082564285375,3.321431016896181,,
114.12079424200056,2.266,3.956,3.522,1.9755141103014173,3.797082564285375,3.3425116304958458,,
114.17112226000063,2.266,3.956,3.522,1.9755141103014173,3.797082564285375,3.3425116304958458,,
114.22144418700009,2.2359999999999998,3.9659999999999997,3.522,1.941029623679144,3.8074999671700587,3.3425116304958458,,
114.27179551900008,2.2359999999999998,3.9659999999999997,3.472,1.941029623679144,3.8074999671700587,3.2897847953931576,,
114.32213460999992,2.2359999999999998,3.9659999999999997,3.472,1.941029623679144,3.8074999671700587,3.2897847953931576,,
114.37222757200016,2.276,3.936,3.472,1.9869765977484484,3.7762409880726624,3.2897847953931576,,
114.42254896300074,2.276,3.936,3.472,1.9869765977484484,3.7762409880726624,3.2897847953931576,,
114.47263970499989,2.276,3.936,3.472,1.9869765977484484,3.7762409880726624,3.2897847953931576,,
114.52301100300065,2.2859999999999996,3.8659999999999997,3.4619999999999997,1.998423378566213,3.7032223805761375,3.279229177718446,,
114.57335523800066,2.2859999999999996,3.8659999999999997,3.4619999999999997,1.998423378566213,3.7032223805761375,3.279229177718446,,
114.6236766080001,2.2859999999999996,3.8659999999999997,3.4619999999999997,1.998423378566213,3.7032223805761375,3.279229177718446,,
114.6740183210004,2.2960000000000003,3.8859999999999997,3.4419999999999997,2.0098547211179225,3.7240966689923605,3.258107426098777,,
114.72429883899986,2.2960000000000003,3.8859999999999997,3.4419999999999997,2.0098547211179225,3.7240966689923605,3.258107426098777,,
114.77465376500004,2.2960000000000003,3.8859999999999997,3.4419999999999997,2.0098547211179225,3.7240966689923605,3.258107426098777,,
114.8249925150003,2.3360000000000003,3.8659999999999997,3.4219999999999997,2.055430855076376,3.7032223805761375,3.2369714240320375,,
114.87531214800038,2.3360000000000003,3.8659999999999997,3.4219999999999997,2.055430855076376,3.7032223805761375,3.2369714240320375,,
114.92564163499992,2.3360000000000003,3.8059999999999996,3.4219999999999997,2.055430855076376,3.6405406191938026,3.2369714240320375,,
114.97600525400048,2.3360000000000003,3.8059999999999996,3.4419999999999997,2.055430855076376,3.6405406191938026,3.258107426098777,,
115.0261703619999,2.3360000000000003,3.8059999999999996,3.4419999999999997,2.055430855076376,3.6405406191938026,3.258107426098777,,
115.07651019100012,2.3360000000000003,3.796,3.4419999999999997,2.055430855076376,3.630084847493237,3.258107426098777,,
115.12684539100064,2.3760000000000003,3.796,3.4619999999999997,2.100779855196637,3.630084847493237,3.279229177718446,,
115.17714091000016,2.3760000000000003,3.796,3.4619999999999997,2.100779855196637,3.630084847493237,3.279229177718446,,
115.22745723900061,2.386,3.776,3.4619999999999997,2.112083331689354,3.6091655545291905,3.279229177718446,,
115.27779355400071,2.386,3.776,3.432,2.112083331689354,3.6091655545291905,3.247541223756828,,
115.32809728300072,2.386,3.776,3.432,2.112083331689354,3.6091655545291905,3.247541223756828,,
115.3783121610004,2.396,3.756,3.432,2.123373730646586,3.5882357782063314,3.247541223756828,,
115.42862826300006,2.396,3.756,3.3819999999999997,2.123373730646586,3.5882357782063314,3.1946555369867338,,
115.47893267600011,2.396,3.756,3.3819999999999997,2.123373730646586,3.5882357782063314,3.1946555369867338,,
115.52927350600021,2.4059999999999997,3.756,3.412,2.134651259573797,3.5882357782063314,3.226397991568926,,
115.5795731750004,2.4059999999999997,3.756,3.412,2.134651259573797,3.5882357782063314,3.226397991568926,,
115.62991549900016,2.4059999999999997,3.756,3.412,2.134651259573797,3.5882357782063314,3.226397991568926,,
115.68021267800032,2.426,3.7159999999999997,3.4019999999999997,2.1571685145115578,3.54634403294435,3.2158208905347943,,
115.73055271000067,2.426,3.7159999999999997,3.4019999999999997,2.1571685145115578,3.54634403294435,3.2158208905347943,,
115.78086758100017,2.426,3.7159999999999997,3.4019999999999997,2.1571685145115578,3.54634403294435,3.2158208905347943,,
115.83104983800058,2.4459999999999997,3.7359999999999998,3.412,2.1796366669699787,3.567295334003059,3.226397991568926,,
115.88125742900047,2.4459999999999997,3.7359999999999998,3.412,2.1796366669699787,3.567295334003059,3.226397991568926,,
115.93139415800033,2.4459999999999997,3.686,3.412,2.1796366669699787,3.514896300035038,3.226397991568926,,
115.98152259400013,2.4560000000000004,3.686,3.392,2.190852801992868,3.514896300035038,3.2052400846114475,,
116.03185354700054,2.4560000000000004,3.686,3.392,2.190852801992868,3.514896300035038,3.2052400846114475,,
116.08218487800059,2.4560000000000004,3.6559999999999997,3.392,2.190852801992868,3.4834230291481965,3.2052400846114475,,
116.13253167099992,2.476,3.6559999999999997,3.3819999999999997,2.2132500988365504,3.4834230291481965,3.1946555369867338,,
116.18263713600027,2.476,3.6559999999999997,3.3819999999999997,2.2132500988365504,3.4834230291481965,3.1946555369867338,,
116.2329900600007,2.5060000000000002,3.6759999999999997,3.3819999999999997,2.2467612245185293,3.5044080812599434,3.1946555369867338,,
116.28330965199984,2.5060000000000002,3.6759999999999997,3.3819999999999997,2.2467612245185293,3.5044080812599434,3.1946555369867338,,
116.33366797600047,2.5060000000000002,3.6759999999999997,3.3819999999999997,2.2467612245185293,3.5044080812599434,3.1946555369867338,,
116.38402042600046,2.5460000000000003,3.5159999999999996,3.3819999999999997,2.291291338961504,3.3361888435758544,3.1946555369867338,,
116.4343650890005,2.5460000000000003,3.5159999999999996,3.412,2.291291338961504,3.3361888435758544,3.226397991568926,,
116.48470332700072,2.5460000000000003,3.5159999999999996,3.412,2.291291338961504,3.3361888435758544,3.226397991568926,,
116.53504141200028,2.5460000000000003,3.506,3.3819999999999997,2.291291338961504,3.3256482074927884,3.1946555369867338,,
116.58536361300048,2.5460000000000003,3.506,3.3819999999999997,2.291291338961504,3.3256482074927884,3.1946555369867338,,
116.63569087199994,2.5460000000000003,3.506,3.3819999999999997,2.291291338961504,3.3256482074927884,3.1946555369867338,,
116.68582936700022,2.566,3.6359999999999997,3.4019999999999997,2.3134943267706536,3.4624263169055305,3.2158208905347943,,
116.73611364499993,2.566,3.6359999999999997,3.4019999999999997,2.3134943267706536,3.4624263169055305,3.2158208905347943,,
116.78644368300047,2.566,3.6359999999999997,3.4019999999999997,2.3134943267706536,3.4624263169055305,3.2158208905347943,,
116.83677690500008,2.566,3.6359999999999997,3.4019999999999997,2.3134943267706536,3.4624263169055305,3.2158208905347943,,
116.88710491700022,2.566,3.6359999999999997,3.4019999999999997,2.3134943267706536,3.4624263169055305,3.2158208905347943,,
116.93739091000043,2.566,3.476,3.4019999999999997,2.3134943267706536,3.29400607163982,3.2158208905347943,,
116.98772188100065,2.646,3.476,3.4019999999999997,2.401919232613786,3.29400607163982,3.2158208905347943,,
117.03786930300066,2.646,3.476,3.4019999999999997,2.401919232613786,3.29400607163982,3.2158208905347943,,
117.08819085200048,2.646,3.4859999999999998,3.4019999999999997,2.401919232613786,3.3045568538005208,3.2158208905347943,,
117.13852142500036,2.6159999999999997,3.4859999999999998,3.412,2.3688300909942863,3.3045568538005208,3.226397991568926,,
117.1888821980001,2.6159999999999997,3.4859999999999998,3.412,2.3688300909942863,3.3045568538005208,3.226397991568926,,
117.23922346100062,2.636,3.4059999999999997,3.412,2.390898575849674,3.2200521734903607,3.226397991568926,,
117.28957148500012,2.636,3.4059999999999997,3.3819999999999997,2.390898575849674,3.2200521734903607,3.1946555369867338,,
117.33991954900011,2.636,3.4059999999999997,3.3819999999999997,2.390898575849674,3.2200521734903607,3.1946555369867338,,
117.39025532800042,2.646,3.3459999999999996,3.3819999999999997,2.401919232613786,3.156519602346863,3.1946555369867338,,
117.44051358300021,2.646,3.3459999999999996,3.432,2.401919232613786,3.156519602346863,3.247541223756828,,
117.49083834700014,2.646,3.3459999999999996,3.432,2.401919232613786,3.156519602346863,3.247541223756828,,
117.54092924900033,2.6660000000000004,3.3859999999999997,3.392,2.423933992500621,3.1988898074175665,3.2052400846114475,,
117.59128160100045,2.6660000000000004,3.3859999999999997,3.392,2.423933992500621,3.1988898074175665,3.2052400846114475,,
117.64137208600005,2.6660000000000004,3.3859999999999997,3.392,2.423933992500621,3.1988898074175665,3.2052400846114475,,
117.69148481400043,2.676,3.396,3.3819999999999997,2.434928335701074,3.209472853912305,3.1946555369867338,,
117.74181186199985,2.676,3.396,3.3819999999999997,2.434928335701074,3.209472853912305,3.1946555369867338,,
117.79196120699999,2.676,3.396,3.3819999999999997,2.434928335701074,3.209472853912305,3.1946555369867338,,
117.84227324699987,2.726,3.3659999999999997,3.4019999999999997,2.489774286958559,3.177712384719548,3.2158208905347943,,
117.89261417800026,2.726,3.3659999999999997,3.4019999999999997,2.489774286958559,3.177712384719548,3.2158208905347943,,
117.94275961499989,2.726,3.3659999999999997,3.4019999999999997,2.489774286958559,3.177712384719548,3.2158208905347943,,
117.99310647699986,2.726,3.316,3.412,2.489774286958559,3.124700945690643,3.226397991568926,,
118.04344153800048,2.726,3.316,3.412,2.489774286958559,3.124700945690643,3.226397991568926,,
118.09378800600007,2.726,3.296,3.412,2.489774286958559,3.1034683823103464,3.226397991568926,,
118.14393429300071,2.7060000000000004,3.296,3.4019999999999997,2.467860611947118,3.1034683823103464,3.2158208905347943,,
118.1942554090001,2.7060000000000004,3.296,3.4019999999999997,2.467860611947118,3.1034683823103464,3.2158208905347943,,
118.24458983300065,2.7060000000000004,3.256,3.4019999999999997,2.467860611947118,3.060953446232072,3.2158208905347943,,
118.29496479099998,2.7359999999999998,3.256,3.4219999999999997,2.5007190965800214,3.060953446232072,3.2369714240320375,,
118.34529083600046,2.7359999999999998,3.256,3.4219999999999997,2.5007190965800214,3.060953446232072,3.2369714240320375,,
118.39561468100055,2.7359999999999998,3.226,3.4219999999999997,2.5007190965800214,3.029022284500396,3.2369714240320375,,
118.44596216300033,2.7359999999999998,3.226,3.372,2.5007190965800214,3.029022284500396,3.184067210345912,,
118.49614729600034,2.7359999999999998,3.226,3.372,2.5007190965800214,3.029022284500396,3.184067210345912,,
118.54645043400069,2.766,3.2359999999999998,3.372,2.533506660737248,3.039670376866544,3.184067210345912,,
118.5967579650005,2.766,3.2359999999999998,3.4219999999999997,2.533506660737248,3.039670376866544,3.2369714240320375,,
118.64690378400064,2.766,3.2359999999999998,3.4219999999999997,2.533506660737248,3.039670376866544,3.2369714240320375,,
118.69706138099991,2.776,3.256,3.372,2.544420562721501,3.060953446232072,3.184067210345912,,
118.74739795700043,2.776,3.256,3.372,2.544420562721501,3.060953446232072,3.184067210345912,,
118.79768271800003,2.776,3.256,3.372,2.544420562721501,3.060953446232072,3.184067210345912,,
118.84801971800061,2.7859999999999996,3.3059999999999996,3.3819999999999997,2.5553269849473272,3.1140867039952496,3.1946555369867338,,
118.89831205700011,2.7859999999999996,3.3059999999999996,3.3819999999999997,2.5553269849473272,3.1140867039952496,3.1946555369867338,,
118.94865854799991,2.7859999999999996,3.3059999999999996,3.3819999999999997,2.5553269849473272,3.1140867039952496,3.1946555369867338,,
118.99899929000003,2.816,3.2659999999999996,3.4019999999999997,2.5880023183915424,3.0715885141079684,3.2158208905347943,,
119.04933838500074,2.816,3.2659999999999996,3.4019999999999997,2.5880023183915424,3.0715885141079684,3.2158208905347943,,
119.09963378900011,2.816,3.256,3.4019999999999997,2.5880023183915424,3.060953446232072,3.2158208905347943,,
119.1499936930004,2.8360000000000003,3.256,3.432,2.6097501796149,3.060953446232072,3.247541223756828,,
119.20032881200041,2.8360000000000003,3.256,3.432,2.6097501796149,3.060953446232072,3.247541223756828,,
119.25044653800069,2.8360000000000003,3.226,3.432,2.6097501796149,3.029022284500396,3.247541223756828,,
119.3007718910003,2.8659999999999997,3.226,3.432,2.6423201925580475,3.029022284500396,3.247541223756828,,
119.35091869700045,2.8659999999999997,3.226,3.432,2.6423201925580475,3.029022284500396,3.247541223756828,,
119.40124213400031,2.896,3.1559999999999997,3.432,2.6748300880616696,2.9543588136852974,3.247541223756828,,
119.45154012500007,2.896,3.1559999999999997,3.412,2.6748300880616696,2.9543588136852974,3.226397991568926,,
119.50182626800051,2.896,3.1559999999999997,3.412,2.6748300880616696,2.9543588136852974,3.226397991568926,,
119.55201439600023,2.9160000000000004,3.146,3.412,2.696471027101905,2.943673894982255,3.226397991568926,,
119.60234582800058,2.9160000000000004,3.146,3.4219999999999997,2.696471027101905,2.943673894982255,3.2369714240320375,,
119.65263444300035,2.9160000000000004,3.146,3.4219999999999997,2.696471027101905,2.943673894982255,3.2369714240320375,,
119.70276207799998,2.926,3.026,3.412,2.7072820318540884,2.815062343892227,3.226397991568926,,
119.75310985700071,2.926,3.026,3.412,2.7072820318540884,2.815062343892227,3.226397991568926,,
119.80325229400023,2.926,3.026,3.412,2.7072820318540884,2.815062343892227,3.226397991568926,,
119.85357045700039,2.926,3.026,3.412,2.7072820318540884,2.815062343892227,3.226397991568926,,
119.90369421200012,2.926,3.026,3.412,2.7072820318540884,2.815062343892227,3.226397991568926,,
119.95403912700021,2.926,3.026,3.412,2.7072820318540884,2.815062343892227,3.226397991568926,,
120.00433724800041,2.9459999999999997,3.046,3.432,2.7288854867876005,2.8365500171863705,3.247541223756828,,
120.05468904000008,2.9459999999999997,3.046,3.432,2.7288854867876005,2.8365500171863705,3.247541223756828,,
120.10477885799992,2.9459999999999997,2.9659999999999997,3.432,2.7288854867876005,2.7504646880118275,3.247541223756828,,
120.15512212500016,2.9859999999999998,2.9659999999999997,3.4419999999999997,2.7720202019465874,2.7504646880118275,3.258107426098777,,
120.20547205399998,2.9859999999999998,2.9659999999999997,3.4419999999999997,2.7720202019465874,2.7504646880118275,3.258107426098777,,
120.25581198300006,2.9859999999999998,3.0359999999999996,3.4419999999999997,2.7720202019465874,2.825808910736888,3.258107426098777,,
120.30616368900064,2.966,3.0359999999999996,3.4219999999999997,2.750464688011828,2.825808910736888,3.2369714240320375,,
120.35650765800074,2.966,3.0359999999999996,3.4219999999999997,2.750464688011828,2.825808910736888,3.2369714240320375,,
120.40659847999996,2.9859999999999998,2.996,3.4219999999999997,2.7720202019465874,2.7827892482184127,3.2369714240320375,,
120.45693457200014,2.9859999999999998,2.996,3.432,2.7720202019465874,2.7827892482184127,3.247541223756828,,
120.50727674900008,2.9859999999999998,2.996,3.432,2.7720202019465874,2.7827892482184127,3.247541223756828,,
120.55761887300014,3.0060000000000002,2.976,3.432,2.7935525769170697,2.761245371204812,3.247541223756828,,
120.60773307199997,3.0060000000000002,2.976,3.4419999999999997,2.7935525769170697,2.761245371204812,3.258107426098777,,
120.65802617700047,3.0060000000000002,2.976,3.4419999999999997,2.7935525769170697,2.761245371204812,3.258107426098777,,
120.70811648800009,3.016,2.956,3.432,2.8043102538770563,2.7396780832791285,3.247541223756828,,
120.75846076500056,3.016,2.956,3.432,2.8043102538770563,2.7396780832791285,3.247541223756828,,
120.80855586000052,3.016,2.956,3.432,2.8043102538770563,2.7396780832791285,3.247541223756828,,
120.85867912200047,2.9959999999999996,2.916,3.4619999999999997,2.7827892482184127,2.6964710271019046,3.279229177718446,,
120.90881916499984,2.9959999999999996,2.916,3.4619999999999997,2.7827892482184127,2.6964710271019046,3.279229177718446,,
120.95916041300006,2.9959999999999996,2.916,3.4619999999999997,2.7827892482184127,2.6964710271019046,3.279229177718446,,
121.0092528210007,3.016,2.9059999999999997,3.4619999999999997,2.8043102538770563,2.685653737919317,3.279229177718446,,
121.05938974000037,3.016,2.9059999999999997,3.4619999999999997,2.8043102538770563,2.685653737919317,3.279229177718446,,
121.10975156099994,3.016,2.9059999999999997,3.4619999999999997,2.8043102538770563,2.685653737919317,3.279229177718446,,
121.15989630600052,3.026,2.8259999999999996,3.4419999999999997,2.815062343892227,2.5988797586652597,3.258107426098777,,
121.21002228599991,3.026,2.8259999999999996,3.4419999999999997,2.815062343892227,2.5988797586652597,3.258107426098777,,
121.26020099500056,3.026,2.916,3.4419999999999997,2.815062343892227,2.6964710271019046,3.258107426098777,,
121.31033712699991,3.056,2.916,3.4619999999999997,2.847285725037092,2.6964710271019046,3.279229177718446,,
121.3606725059999,3.056,2.916,3.4619999999999997,2.847285725037092,2.6964710271019046,3.279229177718446,,
121.41082221800025,3.056,2.776,3.4619999999999997,2.847285725037092,2.544420562721501,3.279229177718446,,
121.4611407350003,3.0460000000000003,2.776,3.472,2.836550017186371,2.544420562721501,3.2897847953931576,,
121.51128410799993,3.0460000000000003,2.776,3.472,2.836550017186371,2.544420562721501,3.2897847953931576,,
121.56162156700066,3.096,2.776,3.472,2.890175773201346,2.544420562721501,3.2897847953931576,,
121.61174742999992,3.096,2.776,3.522,2.890175773201346,2.544420562721501,3.3425116304958458,,
121.66185945400048,3.096,2.776,3.522,2.890175773201346,2.544420562721501,3.3425116304958458,,
121.71218036400023,3.096,2.796,3.522,2.890175773201346,2.5662260227813136,3.3425116304958458,,
121.76250331100073,3.096,2.796,3.502,2.890175773201346,2.5662260227813136,3.321431016896181,,
121.81281087500065,3.096,2.796,3.502,2.890175773201346,2.5662260227813136,3.321431016896181,,
121.86315002300034,3.1159999999999997,2.776,3.502,2.9115899436562143,2.544420562721501,3.321431016896181,,
121.91347946299993,3.1159999999999997,2.776,3.502,2.9115899436562143,2.544420562721501,3.321431016896181,,
121.96381452100013,3.1159999999999997,2.776,3.502,2.9115899436562143,2.544420562721501,3.321431016896181,,
122.01393629999984,3.1559999999999997,2.756,3.512,2.9543588136852974,2.522585181911604,3.331972989086196,,
122.06427126200015,3.1559999999999997,2.756,3.512,2.9543588136852974,2.522585181911604,3.331972989086196,,
122.11463097100022,3.1559999999999997,2.756,3.512,2.9543588136852974,2.522585181911604,3.331972989086196,,
122.16499694200047,3.176,2.686,3.522,2.975714368013167,2.4459141440369487,3.3425116304958458,,
122.21512393000012,3.176,2.686,3.522,2.975714368013167,2.4459141440369487,3.3425116304958458,,
122.265262549,3.176,2.686,3.522,2.975714368013167,2.4459141440369487,3.3425116304958458,,
122.31558739899992,3.1559999999999997,2.686,3.502,2.9543588136852974,2.4459141440369487,3.321431016896181,,
122.36597727500066,3.1559999999999997,2.686,3.502,2.9543588136852974,2.4459141440369487,3.321431016896181,,
122.41626027700022,3.1559999999999997,2.7659999999999996,3.502,2.9543588136852974,2.533506660737247,3.321431016896181,,
122.46655624400046,3.226,2.7659999999999996,3.532,3.029022284500396,2.533506660737247,3.3530469725311036,,
122.51688728600038,3.226,2.7659999999999996,3.532,3.029022284500396,2.533506660737247,3.3530469725311036,,
122.56719995100048,3.2060000000000004,2.7159999999999997,3.532,3.007712752242142,2.478821494178231,3.3530469725311036,,
122.6175319009999,3.2060000000000004,2.7159999999999997,3.542,3.007712752242142,2.478821494178231,3.3635790461946926,,
122.66787612700045,3.2060000000000004,2.7159999999999997,3.542,3.007712752242142,2.478821494178231,3.3635790461946926,,
122.71822256399992,3.2060000000000004,2.666,3.542,3.007712752242142,2.4239339925006207,3.3635790461946926,,
122.76856453800065,3.2060000000000004,2.666,3.552,3.007712752242142,2.4239339925006207,3.3741078820926873,,
122.81889724300072,3.2060000000000004,2.666,3.552,3.007712752242142,2.4239339925006207,3.3741078820926873,,
122.86901072199998,3.2060000000000004,2.666,3.552,3.007712752242142,2.4239339925006207,3.3741078820926873,,
122.91930447200048,3.2060000000000004,2.666,3.552,3.007712752242142,2.4239339925006207,3.3741078820926873,,
122.96962635,3.2060000000000004,2.666,3.552,3.007712752242142,2.4239339925006207,3.3741078820926873,,
123.01975476400003,3.2560000000000002,2.706,3.552,3.060953446232072,2.4678606119471174,3.3741078820926873,,
123.07007053699999,3.2560000000000002,2.706,3.552,3.060953446232072,2.4678606119471174,3.3741078820926873,,
123.12040703799994,3.2560000000000002,2.706,3.552,3.060953446232072,2.4678606119471174,3.3741078820926873,,
123.1707488030006,3.2560000000000002,2.706,3.552,3.060953446232072,2.4678606119471174,3.3741078820926873,,
123.22110913300003,3.2560000000000002,2.706,3.552,3.060953446232072,2.4678606119471174,3.3741078820926873,,
123.271291475,3.2560000000000002,2.706,3.552,3.060953446232072,2.4678606119471174,3.3741078820926873,,
123.32143589499992,3.2859999999999996,2.6159999999999997,3.542,3.092845938613819,2.3688300909942863,3.3635790461946926,,
123.37178755500008,3.2859999999999996,2.6159999999999997,3.542,3.092845938613819,2.3688300909942863,3.3635790461946926,,
123.42214884500027,3.2859999999999996,2.526,3.542,3.092845938613819,2.269047377204804,3.3635790461946926,,
123.47244376600065,3.306,2.526,3.562,3.11408670399525,2.269047377204804,3.384633510440975,,
123.52279553600056,3.306,2.526,3.562,3.11408670399525,2.269047377204804,3.384633510440975,,
123.57314759600013,3.306,2.4459999999999997,3.562,3.11408670399525,2.1796366669699787,3.384633510440975,,
123.62353121500018,3.2859999999999996,2.4459999999999997,3.552,3.092845938613819,2.1796366669699787,3.3741078820926873,,
123.67387971800053,3.2859999999999996,2.4459999999999997,3.552,3.092845938613819,2.1796366669699787,3.3741078820926873,,
123.72405528700074,3.316,2.5359999999999996,3.552,3.124700945690643,2.280174554721633,3.3741078820926873,,
123.7743809880003,3.316,2.5359999999999996,3.562,3.124700945690643,2.280174554721633,3.384633510440975,,
123.82467277600063,3.316,2.5359999999999996,3.562,3.124700945690643,2.280174554721633,3.384633510440975,,
123.87492277000001,3.3259999999999996,2.5359999999999996,3.562,3.1353111488335568,2.280174554721633,3.384633510440975,,
123.92525272400053,3.3259999999999996,2.5359999999999996,3.552,3.1353111488335568,2.280174554721633,3.3741078820926873,,
123.9755563560002,3.3259999999999996,2.5359999999999996,3.552,3.1353111488335568,2.280174554721633,3.3741078820926873,,
124.02588408500014,3.2960000000000003,2.5959999999999996,3.592,3.103468382310347,2.346724525801867,3.416191446625906,,
124.07620051899994,3.2960000000000003,2.5959999999999996,3.592,3.103468382310347,2.346724525801867,3.416191446625906,,
124.12653986500027,3.2960000000000003,2.5959999999999996,3.592,3.103468382310347,2.346724525801867,3.416191446625906,,
124.17678496900044,3.346,2.4859999999999998,3.562,3.1565196023468634,2.224431612794603,3.384633510440975,,
124.22699310999997,3.346,2.4859999999999998,3.562,3.1565196023468634,2.224431612794603,3.384633510440975,,
124.27715152400015,3.346,2.4859999999999998,3.562,3.1565196023468634,2.224431612794603,3.384633510440975,,
124.3274991570006,3.3760000000000003,2.506,3.592,3.188302996893489,2.246761224518529,3.416191446625906,,
124.37784045199987,3.3760000000000003,2.506,3.592,3.188302996893489,2.246761224518529,3.416191446625906,,
124.42800795200037,3.3760000000000003,2.506,3.592,3.188302996893489,2.246761224518529,3.416191446625906,,
124.47835223499987,3.3659999999999997,2.506,3.592,3.177712384719548,2.246761224518529,3.416191446625906,,
124.5286709080001,3.3659999999999997,2.506,3.592,3.177712384719548,2.246761224518529,3.416191446625906,,
124.57902385500074,3.3659999999999997,2.4259999999999997,3.592,3.177712384719548,2.1571685145115573,3.416191446625906,,
124.62937028299984,3.386,2.4259999999999997,3.602,3.1988898074175673,2.1571685145115573,3.426704539349723,,
124.67969304100006,3.386,2.4259999999999997,3.602,3.1988898074175673,2.1571685145115573,3.426704539349723,,
124.73002232300041,3.4059999999999997,2.4859999999999998,3.602,3.2200521734903607,2.224431612794603,3.426704539349723,,
124.78025104100016,3.4059999999999997,2.4859999999999998,3.582,3.2200521734903607,2.224431612794603,3.405675263438955,,
124.8305748140001,3.4059999999999997,2.4859999999999998,3.582,3.2200521734903607,2.224431612794603,3.405675263438955,,
124.88086289800049,3.436,2.4859999999999998,3.582,3.2517681344154905,2.224431612794603,3.405675263438955,,
124.93120368900054,3.436,2.4859999999999998,3.6319999999999997,3.2517681344154905,2.224431612794603,3.4582255565535336,,
124.98154087400053,3.436,2.4859999999999998,3.6319999999999997,3.2517681344154905,2.224431612794603,3.4582255565535336,,
125.03188316500018,3.4560000000000004,2.4059999999999997,3.592,3.2728941321099896,2.134651259573797,3.416191446625906,,
125.0820519480003,3.4560000000000004,2.4059999999999997,3.592,3.2728941321099896,2.134651259573797,3.416191446625906,,
125.13219801000014,3.4560000000000004,2.4059999999999997,3.592,3.2728941321099896,2.134651259573797,3.416191446625906,,
125.18234454400044,3.436,2.2659999999999996,3.622,3.2517681344154905,1.9755141103014167,3.4477215664841614,,
125.23266765500011,3.436,2.2659999999999996,3.622,3.2517681344154905,1.9755141103014167,3.4477215664841614,,
125.28303077300006,3.436,2.2659999999999996,3.622,3.2517681344154905,1.9755141103014167,3.4477215664841614,,
125.33319216500058,3.4959999999999996,2.356,3.622,3.31510422158942,2.0781328157747763,3.4477215664841614,,
125.38331413700053,3.4959999999999996,2.356,3.622,3.31510422158942,2.0781328157747763,3.4477215664841614,,
125.43345241899988,3.4959999999999996,2.356,3.622,3.31510422158942,2.0781328157747763,3.4477215664841614,,
125.48359976900065,3.4959999999999996,2.356,3.642,3.31510422158942,2.0781328157747763,3.4687265674884205,,
125.53371631500067,3.4959999999999996,2.356,3.642,3.31510422158942,2.0781328157747763,3.4687265674884205,,
125.5840425940005,3.4959999999999996,2.3259999999999996,3.642,3.31510422158942,2.0440587075717755,3.4687265674884205,,
125.63433773199995,3.516,2.3259999999999996,3.622,3.336188843575855,2.0440587075717755,3.4477215664841614,,
125.684682952,3.516,2.3259999999999996,3.622,3.336188843575855,2.0440587075717755,3.4477215664841614,,
125.73477222200017,3.516,2.256,3.622,3.336188843575855,1.964035641224466,3.4477215664841614,,
125.78511770400019,3.516,2.256,3.6319999999999997,3.336188843575855,1.964035641224466,3.4582255565535336,,
125.83533223700033,3.516,2.256,3.6319999999999997,3.336188843575855,1.964035641224466,3.4582255565535336,,
125.88567438600057,3.516,2.256,3.6319999999999997,3.336188843575855,1.964035641224466,3.4582255565535336,,
125.93581972500033,3.516,2.256,3.6319999999999997,3.336188843575855,1.964035641224466,3.4582255565535336,,
125.98595815699991,3.516,2.256,3.6319999999999997,3.336188843575855,1.964035641224466,3.4582255565535336,,
126.03603752800063,3.5759999999999996,2.246,3.6719999999999997,3.3993640581732336,1.952540908662351,3.5002119935798173,,
126.08637147399986,3.5759999999999996,2.246,3.6719999999999997,3.3993640581732336,1.952540908662351,3.5002119935798173,,
126.1364795340005,3.5759999999999996,2.246,3.6719999999999997,3.3993640581732336,1.952540908662351,3.5002119935798173,,
126.18682434099992,3.596,2.226,3.622,3.4203970529749905,1.9295014900227467,3.4477215664841614,,
126.23698892300035,3.596,2.226,3.622,3.4203970529749905,1.9295014900227467,3.4477215664841614,,
126.28732014300022,3.596,2.226,3.622,3.4203970529749905,1.9295014900227467,3.4477215664841614,,
126.33763767900018,3.596,2.2159999999999997,3.6919999999999997,3.4203970529749905,1.9179562038795355,3.521187867751449,,
126.38802280600066,3.596,2.2159999999999997,3.6919999999999997,3.4203970529749905,1.9179562038795355,3.521187867751449,,
126.43818688300053,3.596,2.2159999999999997,3.6919999999999997,3.4203970529749905,1.9179562038795355,3.521187867751449,,
126.48852478400022,3.6159999999999997,2.206,3.6319999999999997,3.4414177311102465,1.9063934536186387,3.4582255565535336,,
126.5388482670005,3.6159999999999997,2.206,3.6319999999999997,3.4414177311102465,1.9063934536186387,3.4582255565535336,,
126.58900947000075,3.6159999999999997,2.226,3.6319999999999997,3.4414177311102465,1.9295014900227467,3.4582255565535336,,
126.63913300200056,3.596,2.226,3.6519999999999997,3.4203970529749905,1.9295014900227467,3.479224626263731,,
126.68947719800053,3.596,2.226,3.6519999999999997,3.4203970529749905,1.9295014900227467,3.479224626263731,,
126.73980184900029,3.596,2.1959999999999997,3.6519999999999997,3.4203970529749905,1.894812919525302,3.479224626263731,,
126.7901506520002,3.636,2.1959999999999997,3.682,3.462426316905531,1.894812919525302,3.510701354430479,,
126.84031472800052,3.636,2.1959999999999997,3.682,3.462426316905531,1.894812919525302,3.510701354430479,,
126.89064417900045,3.636,2.106,3.682,3.462426316905531,1.789730706000207,3.510701354430479,,
126.94101585099997,3.636,2.106,3.6919999999999997,3.462426316905531,1.789730706000207,3.521187867751449,,
126.99135371200009,3.636,2.106,3.6919999999999997,3.462426316905531,1.789730706000207,3.521187867751449,,
127.04145142300058,3.646,2.146,3.6919999999999997,3.4729261437583148,1.8366316996066465,3.521187867751449,,
127.09178280800006,3.646,2.146,3.6919999999999997,3.4729261437583148,1.8366316996066465,3.521187867751449,,
127.14192840400028,3.646,2.146,3.6919999999999997,3.4729261437583148,1.8366316996066465,3.521187867751449,,
127.19226580900067,3.6660000000000004,2.166,3.6919999999999997,3.4939169995865673,1.859961289919766,3.521187867751449,,
127.24259367300056,3.6660000000000004,2.166,3.6919999999999997,3.4939169995865673,1.859961289919766,3.521187867751449,,
127.29297787300038,3.6660000000000004,2.166,3.6919999999999997,3.4939169995865673,1.859961289919766,3.521187867751449,,
127.34327067600043,3.6660000000000004,2.1359999999999997,3.6919999999999997,3.4939169995865673,1.8249372591955042,3.521187867751449,,
127.39360643600048,3.6660000000000004,2.1359999999999997,3.6919999999999997,3.4939169995865673,1.8249372591955042,3.521187867751449,,
127.4437475020004,3.6660000000000004,2.1359999999999997,3.6919999999999997,3.4939169995865673,1.8249372591955042,3.521187867751449,,
127.49408039800073,3.716,2.146,3.7119999999999997,3.5463440329443503,1.8366316996066465,3.542152452958511,,
127.54440591900038,3.716,2.146,3.7119999999999997,3.5463440329443503,1.8366316996066465,3.542152452958511,,
127.59470499600047,3.716,2.046,3.7119999999999997,3.5463440329443503,1.7187251089106714,3.542152452958511,,
127.64484756100046,3.716,2.046,3.7119999999999997,3.5463440329443503,1.7187251089106714,3.542152452958511,,
127.69520084500073,3.716,2.046,3.7119999999999997,3.5463440329443503,1.7187251089106714,3.542152452958511,,
127.74531638700046,3.716,2.086,3.7119999999999997,3.5463440329443503,1.7661528812648126,3.542152452958511,,
127.79545159700046,3.7359999999999998,2.086,3.772,3.567295334003059,1.7661528812648126,3.6049804437749726,,
127.84563698700003,3.7359999999999998,2.086,3.772,3.567295334003059,1.7661528812648126,3.6049804437749726,,
127.89578464600072,3.7459999999999996,1.976,3.772,3.577766901294716,1.634770931965699,3.6049804437749726,,
127.94613230200048,3.7459999999999996,1.976,3.762,3.577766901294716,1.634770931965699,3.594515822749985,,
127.99647053199988,3.7459999999999996,1.976,3.762,3.577766901294716,1.634770931965699,3.594515822749985,,
128.04659540600005,3.7859999999999996,2.006,3.762,3.619626500068757,1.6709087347907423,3.594515822749985,,
128.09699006000028,3.7859999999999996,2.006,3.762,3.619626500068757,1.6709087347907423,3.594515822749985,,
128.14729036300014,3.7859999999999996,2.006,3.762,3.619626500068757,1.6709087347907423,3.594515822749985,,
128.19743402600034,3.816,2.006,3.782,3.6509938372996467,1.6709087347907423,3.615442434889539,,
128.24756030300068,3.816,2.006,3.782,3.6509938372996467,1.6709087347907423,3.615442434889539,,
128.29768811300073,3.816,2.006,3.782,3.6509938372996467,1.6709087347907423,3.615442434889539,,
128.34803179100072,3.7960000000000003,1.956,3.772,3.6300848474932375,1.6105390401974116,3.6049804437749726,,
128.39822850100063,3.7960000000000003,1.956,3.772,3.6300848474932375,1.6105390401974116,3.6049804437749726,,
128.4483705550001,3.7960000000000003,1.956,3.772,3.6300848474932375,1.6105390401974116,3.6049804437749726,,
128.49870852300046,3.806,1.976,3.782,3.640540619193803,1.634770931965699,3.615442434889539,,
128.5490371850001,3.806,1.976,3.782,3.640540619193803,1.634770931965699,3.615442434889539,,
128.59930338200047,3.806,1.976,3.782,3.640540619193803,1.634770931965699,3.615442434889539,,
128.64959189799993,3.8659999999999997,1.966,3.832,3.7032223805761375,1.6226694056399782,3.6677137292869517,,
128.69993183600036,3.8659999999999997,1.966,3.832,3.7032223805761375,1.6226694056399782,3.6677137292869517,,
128.75006096900051,3.8659999999999997,1.8760000000000001,3.832,3.7032223805761375,1.5123742922967185,3.6677137292869517,,
128.80039796600067,3.886,1.8760000000000001,3.802,3.724096668992361,1.5123742922967185,3.6363586181783556,,
128.85074245299984,3.886,1.8760000000000001,3.802,3.724096668992361,1.5123742922967185,3.6363586181783556,,
128.90104494700063,3.886,1.8760000000000001,3.802,3.724096668992361,1.5123742922967185,3.6363586181783556,,
128.9513464290003,3.886,1.8760000000000001,3.802,3.724096668992361,1.5123742922967185,3.6363586181783556,,
129.0014875910001,3.886,1.8760000000000001,3.802,3.724096668992361,1.5123742922967185,3.6363586181783556,,
129.0516343320005,3.926,1.906,3.802,3.765816777274221,1.5494308632526974,3.6363586181783556,,
129.10197531199992,3.926,1.906,3.832,3.765816777274221,1.5494308632526974,3.6677137292869517,,
129.15205699200033,3.926,1.906,3.832,3.765816777274221,1.5494308632526974,3.6677137292869517,,
129.20237516999987,3.966,1.826,3.832,3.807499967170059,1.4498882715575019,3.6677137292869517,,
129.25251957599994,3.966,1.826,3.872,3.807499967170059,1.4498882715575019,3.709485678635247,,
129.30285615400044,3.966,1.826,3.872,3.807499967170059,1.4498882715575019,3.709485678635247,,
129.3532042780007,3.966,1.8760000000000001,3.842,3.807499967170059,1.5123742922967185,3.6781604097700797,,
129.40351028500027,3.966,1.8760000000000001,3.842,3.807499967170059,1.5123742922967185,3.6781604097700797,,
129.45385197999985,3.966,1.8760000000000001,3.842,3.807499967170059,1.5123742922967185,3.6781604097700797,,
129.50400640800035,3.976,1.756,3.872,3.817915137873025,1.360674832573896,3.709485678635247,,
129.55434003000028,3.976,1.756,3.872,3.817915137873025,1.360674832573896,3.709485678635247,,
129.60446716600018,3.976,1.756,3.872,3.817915137873025,1.360674832573896,3.709485678635247,,
129.65479922300074,3.966,1.806,3.852,3.807499967170059,1.4246178434934753,3.6886046142138897,,
129.70510169200043,3.966,1.806,3.852,3.807499967170059,1.4246178434934753,3.6886046142138897,,
129.75524499899984,3.966,1.796,3.852,3.807499967170059,1.4119192611477471,3.6886046142138897,,
129.80556169300053,3.9859999999999998,1.796,3.862,3.8283280946125813,1.4119192611477471,3.6990463635915676,,
129.85591234100048,3.9859999999999998,1.796,3.862,3.8283280946125813,1.4119192611477471,3.6990463635915676,,
129.90625698200074,3.9859999999999998,1.776,3.862,3.8283280946125813,1.3863895556444443,3.6990463635915676,,
129.9565964580006,3.9959999999999996,1.776,3.862,3.838738855405509,1.3863895556444443,3.6990463635915676,,
130.00698579400068,3.9959999999999996,1.776,3.862,3.838738855405509,1.3863895556444443,3.6990463635915676,,
130.05732284400074,4.006,1.736,3.862,3.8491474380698905,1.3347643986861502,3.6990463635915676,,
130.1074514560005,4.006,1.736,3.862,3.8491474380698905,1.3347643986861502,3.6990463635915676,,
130.15757597500033,4.006,1.736,3.862,3.8491474380698905,1.3347643986861502,3.6990463635915676,,
130.20790951000072,3.9959999999999996,1.776,3.862,3.838738855405509,1.3863895556444443,3.6990463635915676,,
130.25820804900013,3.9959999999999996,1.776,3.8819999999999997,3.838738855405509,1.3863895556444443,3.7199225798395315,,
130.3085487570006,3.9959999999999996,1.776,3.8819999999999997,3.838738855405509,1.3863895556444443,3.7199225798395315,,
130.3588837540001,4.016,1.756,3.862,3.859553860227889,1.360674832573896,3.6990463635915676,,
130.40922271,4.016,1.756,3.862,3.859553860227889,1.360674832573896,3.6990463635915676,,
130.45955082199998,4.016,1.756,3.862,3.859553860227889,1.360674832573896,3.6990463635915676,,
130.5098602120006,4.036,1.796,3.872,3.880360292550164,1.4119192611477471,3.709485678635247,,
130.5602041960001,4.036,1.796,3.872,3.880360292550164,1.4119192611477471,3.709485678635247,,
130.610539108,4.036,1.796,3.872,3.880360292550164,1.4119192611477471,3.709485678635247,,
130.66086877999987,4.016,1.836,3.872,3.859553860227889,1.4624623072065823,3.709485678635247,,
130.71120101500037,4.016,1.836,3.872,3.859553860227889,1.4624623072065823,3.709485678635247,,
130.7615298159999,4.016,1.776,3.872,3.859553860227889,1.3863895556444443,3.709485678635247,,
130.81185655599984,4.036,1.776,3.862,3.880360292550164,1.3863895556444443,3.6990463635915676,,
130.8621928020002,4.036,1.776,3.862,3.880360292550164,1.3863895556444443,3.6990463635915676,,
130.91233199900034,4.036,1.756,3.862,3.880360292550164,1.360674832573896,3.6990463635915676,,
130.9626661780003,3.9959999999999996,1.756,3.872,3.838738855405509,1.360674832573896,3.709485678635247,,
131.01275245299985,3.9959999999999996,1.756,3.872,3.838738855405509,1.360674832573896,3.709485678635247,,
131.0628940760007,4.006,1.856,3.872,3.8491474380698905,1.4874931932617372,3.709485678635247,,
131.11319472500054,4.006,1.856,3.862,3.8491474380698905,1.4874931932617372,3.6990463635915676,,
131.1633648140005,4.006,1.856,3.862,3.8491474380698905,1.4874931932617372,3.6990463635915676,,
131.2136854240007,4.016,1.696,3.862,3.859553860227889,1.2823088551515192,3.6990463635915676,,
131.2640353350007,4.016,1.696,3.8819999999999997,3.859553860227889,1.2823088551515192,3.7199225798395315,1.0,1.0
131.31437959899995,4.016,1.696,3.8819999999999997,3.859553860227889,1.2823088551515192,3.7199225798395315,,
131.36470133500006,3.976,1.806,3.8819999999999997,3.817915137873025,1.4246178434934753,3.7199225798395315,,
131.4148417690003,3.976,1.806,3.8819999999999997,3.817915137873025,1.4246178434934753,3.7199225798395315,,
131.4649570669999,3.976,1.806,3.8819999999999997,3.817915137873025,1.4246178434934753,3.7199225798395315,,
131.5152402090007,3.966,1.786,3.892,3.807499967170059,1.3991769008956658,3.730357087464952,,
131.56538378300047,3.966,1.786,3.892,3.807499967170059,1.3991769008956658,3.730357087464952,,
131.6155290710003,3.966,1.786,3.892,3.807499967170059,1.3991769008956658,3.730357087464952,,
131.66587467099998,3.9560000000000004,1.826,3.912,3.7970825642853754,1.4498882715575019,3.751219001871258,,
131.716180507,3.9560000000000004,1.826,3.912,3.7970825642853754,1.4498882715575019,3.751219001871258,,
131.76652267400004,3.9560000000000004,1.826,3.912,3.7970825642853754,1.4498882715575019,3.751219001871258,,
131.81667067000035,3.936,1.8760000000000001,3.932,3.7762409880726624,1.5123742922967185,3.772071579384463,,
131.86702114700074,3.936,1.8760000000000001,3.932,3.7762409880726624,1.5123742922967185,3.772071579384463,,
131.91736555199986,3.936,1.8760000000000001,3.932,3.7762409880726624,1.5123742922967185,3.772071579384463,,
131.96769804300038,3.936,1.8760000000000001,3.932,3.7762409880726624,1.5123742922967185,3.772071579384463,,
132.01779736800017,3.936,1.8760000000000001,3.932,3.7762409880726624,1.5123742922967185,3.772071579384463,,
132.06814325800042,3.936,1.866,3.932,3.7762409880726624,1.4999519992319754,3.772071579384463,,
132.1182726570005,3.886,1.866,3.932,3.724096668992361,1.4999519992319754,3.772071579384463,,
132.16862813199987,3.886,1.866,3.932,3.724096668992361,1.4999519992319754,3.772071579384463,,
132.21900625299986,3.846,1.836,3.932,3.6823383874923827,1.4624623072065823,3.772071579384463,,
132.26909846000035,3.846,1.836,3.972,3.6823383874923827,1.4624623072065823,3.813749336283128,,
132.31941748600002,3.846,1.836,3.972,3.6823383874923827,1.4624623072065823,3.813749336283128,,
132.36980289300027,3.806,1.896,3.972,3.640540619193803,1.5371128780932126,3.813749336283128,,
132.42015691000051,3.806,1.896,4.002,3.640540619193803,1.5371128780932126,3.8449842652473882,,
132.4703549220003,3.806,1.896,4.002,3.640540619193803,1.5371128780932126,3.8449842652473882,,
132.52068553900062,3.7859999999999996,1.896,3.9819999999999998,3.619626500068757,1.5371128780932126,3.824163176434813,,
132.57103086200004,3.7859999999999996,1.896,3.9819999999999998,3.619626500068757,1.5371128780932126,3.824163176434813,,
132.62138637299995,3.7859999999999996,1.896,3.9819999999999998,3.619626500068757,1.5371128780932126,3.824163176434813,,
132.67172255200057,3.7359999999999998,1.896,3.972,3.567295334003059,1.5371128780932126,3.813749336283128,,
132.72205348600073,3.7359999999999998,1.896,3.972,3.567295334003059,1.5371128780932126,3.813749336283128,,
132.77239277399985,3.7359999999999998,1.896,3.972,3.567295334003059,1.5371128780932126,3.813749336283128,,
132.82268995100003,3.726,1.986,4.062,3.556821052569274,1.6468442549312305,3.9073960638768117,,
132.87302106900006,3.726,1.986,4.062,3.556821052569274,1.6468442549312305,3.9073960638768117,,
132.92332873800024,3.726,2.006,4.062,3.556821052569274,1.6709087347907423,3.9073960638768117,,
132.9736296760002,3.676,2.006,4.0120000000000005,3.504408081259944,1.6709087347907423,3.855391549505705,,
133.0238068360004,3.676,2.006,4.0120000000000005,3.504408081259944,1.6709087347907423,3.855391549505705,,
133.0741435280006,3.676,2.0759999999999996,4.0120000000000005,3.504408081259944,1.7543306415838489,3.855391549505705,,
133.1243641609999,3.6559999999999997,2.0759999999999996,4.022,3.4834230291481965,1.7543306415838489,3.8657966837380364,,
133.17471467900032,3.6559999999999997,2.0759999999999996,4.022,3.4834230291481965,1.7543306415838489,3.8657966837380364,,
133.22502764799992,3.6159999999999997,2.046,4.022,3.4414177311102465,1.7187251089106714,3.8657966837380364,,
133.27518995300034,3.6159999999999997,2.046,4.022,3.4414177311102465,1.7187251089106714,3.8657966837380364,,
133.32533003900062,3.6159999999999997,2.046,4.022,3.4414177311102465,1.7187251089106714,3.8657966837380364,,
133.37545570700058,3.6260000000000003,2.046,4.022,3.451923521748418,1.7187251089106714,3.8657966837380364,,
133.42560401100036,3.6260000000000003,2.046,4.022,3.451923521748418,1.7187251089106714,3.8657966837380364,,
133.4759307459999,3.6260000000000003,2.046,4.022,3.451923521748418,1.7187251089106714,3.8657966837380364,,
133.5262646860001,3.5759999999999996,2.0559999999999996,4.0520000000000005,3.3993640581732336,1.7306172309323624,3.8969993584808305,,
133.5765992860006,3.5759999999999996,2.0559999999999996,4.0520000000000005,3.3993640581732336,1.7306172309323624,3.8969993584808305,,
133.62697077700068,3.5759999999999996,2.0559999999999996,4.0520000000000005,3.3993640581732336,1.7306172309323624,3.8969993584808305,,
133.6771558190003,3.556,2.046,4.0920000000000005,3.378318516658842,1.7187251089106714,3.9385738535667962,,
133.7274774030002,3.556,2.046,4.0920000000000005,3.378318516658842,1.7187251089106714,3.9385738535667962,,
133.7778127800002,3.556,2.046,4.0920000000000005,3.378318516658842,1.7187251089106714,3.9385738535667962,,
133.82814379899992,3.4959999999999996,2.0959999999999996,4.062,3.31510422158942,1.777952755277822,3.9073960638768117,,
133.8784889590006,3.4959999999999996,2.0959999999999996,4.062,3.31510422158942,1.777952755277822,3.9073960638768117,,
133.9288138410002,3.4959999999999996,2.106,4.062,3.31510422158942,1.789730706000207,3.9073960638768117,,
133.97908139900028,3.4959999999999996,2.106,4.102,3.31510422158942,1.789730706000207,3.9489623953641293,,
134.02940167199995,3.4959999999999996,2.106,4.102,3.31510422158942,1.789730706000207,3.9489623953641293,,
134.07977728200058,3.4959999999999996,2.106,4.102,3.31510422158942,1.789730706000207,3.9489623953641293,,
134.1301207639999,3.476,2.106,4.122,3.29400607163982,1.789730706000207,3.9697334923140617,,
134.18044645999998,3.476,2.106,4.122,3.29400607163982,1.789730706000207,3.9697334923140617,,
134.23074214999997,3.4459999999999997,2.1359999999999997,4.122,3.262332907598487,1.8249372591955042,3.9697334923140617,,
134.28108631000032,3.4459999999999997,2.1359999999999997,4.112,3.262332907598487,1.8249372591955042,3.9593489363783028,,
134.33132471099998,3.4459999999999997,2.1359999999999997,4.112,3.262332907598487,1.8249372591955042,3.9593489363783028,,
134.38164837400018,3.4560000000000004,2.1959999999999997,4.112,3.2728941321099896,1.894812919525302,3.9593489363783028,,
134.431790998,3.4560000000000004,2.1959999999999997,4.0920000000000005,3.2728941321099896,1.894812919525302,3.9385738535667962,,
134.4820883070006,3.4560000000000004,2.1959999999999997,4.0920000000000005,3.2728941321099896,1.894812919525302,3.9385738535667962,,
134.53218634099994,3.3760000000000003,2.1959999999999997,4.122,3.188302996893489,1.894812919525302,3.9697334923140617,,
134.58247558499988,3.3760000000000003,2.1959999999999997,4.122,3.188302996893489,1.894812919525302,3.9697334923140617,,
134.63256805499987,3.3760000000000003,2.1959999999999997,4.122,3.188302996893489,1.894812919525302,3.9697334923140617,,
134.6829043710004,3.3659999999999997,2.246,4.152,3.177712384719548,1.952540908662351,4.0008754042084345,,
134.73322115200062,3.3659999999999997,2.246,4.152,3.177712384719548,1.952540908662351,4.0008754042084345,,
134.78355719200044,3.3659999999999997,2.246,4.152,3.177712384719548,1.952540908662351,4.0008754042084345,,
134.83386038700064,3.346,2.1959999999999997,4.112,3.1565196023468634,1.894812919525302,3.9593489363783028,,
134.88421498700063,3.346,2.1959999999999997,4.112,3.1565196023468634,1.894812919525302,3.9593489363783028,,
134.93456841399984,3.346,2.1959999999999997,4.112,3.1565196023468634,1.894812919525302,3.9593489363783028,,
134.9849131710007,3.346,2.1959999999999997,4.112,3.1565196023468634,1.894812919525302,3.9593489363783028,,
135.035227888,3.346,2.1959999999999997,4.112,3.1565196023468634,1.894812919525302,3.9593489363783028,,
135.08540782700038,3.346,2.3059999999999996,4.112,3.1565196023468634,2.0212708873379635,3.9593489363783028,,
135.13573845800056,3.2859999999999996,2.3059999999999996,4.172,3.092845938613819,2.0212708873379635,4.021627033925448,,
135.1860577890002,3.2859999999999996,2.3059999999999996,4.172,3.092845938613819,2.0212708873379635,4.021627033925448,,
135.23638392500015,3.2859999999999996,2.276,4.172,3.092845938613819,1.9869765977484484,4.021627033925448,,
135.28671282100004,3.266,2.276,4.192,3.071588514107969,1.9869765977484484,4.042371086379874,,
135.33706687700032,3.266,2.276,4.192,3.071588514107969,1.9869765977484484,4.042371086379874,,
135.38741017700067,3.2459999999999996,2.3059999999999996,4.192,3.050314082188914,2.0212708873379635,4.042371086379874,,
135.43778627100073,3.2459999999999996,2.3059999999999996,4.192,3.050314082188914,2.0212708873379635,4.042371086379874,,
135.4879348049999,3.2459999999999996,2.3059999999999996,4.192,3.050314082188914,2.0212708873379635,4.042371086379874,,
135.53827155100043,3.1959999999999997,2.3459999999999996,4.192,2.997051217446909,2.066788813594654,4.042371086379874,,
135.5886083129999,3.1959999999999997,2.3459999999999996,4.232,2.997051217446909,2.066788813594654,4.083836921327785,,
135.63897661100054,3.1959999999999997,2.3459999999999996,4.232,2.997051217446909,2.066788813594654,4.083836921327785,,
135.68919359100073,3.146,2.416,4.252,2.943673894982255,2.14591612138033,4.104558928800998,,
135.73934396300047,3.146,2.416,4.252,2.943673894982255,2.14591612138033,4.104558928800998,,
135.78961825500028,3.146,2.416,4.252,2.943673894982255,2.14591612138033,4.104558928800998,,
135.84000594900044,3.096,2.506,4.232,2.890175773201346,2.246761224518529,4.083836921327785,,
135.89034249399992,3.096,2.506,4.232,2.890175773201346,2.246761224518529,4.083836921327785,,
135.94066512800055,3.096,2.506,4.232,2.890175773201346,2.246761224518529,4.083836921327785,,
135.9907532340003,3.0860000000000003,2.4659999999999997,4.232,2.879461060684794,2.2020572199650035,4.083836921327785,,
136.04107091600054,3.0860000000000003,2.4659999999999997,4.232,2.879461060684794,2.2020572199650035,4.083836921327785,,
136.09125390700046,3.0860000000000003,2.476,4.232,2.879461060684794,2.2132500988365504,4.083836921327785,,
136.14158124200003,3.0860000000000003,2.476,4.252,2.879461060684794,2.2132500988365504,4.104558928800998,,
136.19190688900017,3.0860000000000003,2.476,4.252,2.879461060684794,2.2132500988365504,4.104558928800998,,
136.24202424900068,3.0860000000000003,2.476,4.252,2.879461060684794,2.2132500988365504,4.104558928800998,,
136.2922157870007,3.0359999999999996,2.476,4.272,2.825808910736888,2.2132500988365504,4.125273809094374,,
136.3425259020005,3.0359999999999996,2.476,4.272,2.825808910736888,2.2132500988365504,4.125273809094374,,
136.39280186900032,3.0359999999999996,2.496,4.272,2.825808910736888,2.2356019323663148,4.125273809094374,,
136.4431393120003,3.0359999999999996,2.496,4.312,2.825808910736888,2.2356019323663148,4.166682613302818,,
136.49328087600043,3.0359999999999996,2.496,4.312,2.825808910736888,2.2356019323663148,4.166682613302818,,
136.54339972600064,2.9859999999999998,2.4859999999999998,4.312,2.7720202019465874,2.224431612794603,4.166682613302818,,
136.59373261700057,2.9859999999999998,2.4859999999999998,4.312,2.7720202019465874,2.224431612794603,4.166682613302818,,
136.6440833229999,2.9859999999999998,2.4859999999999998,4.312,2.7720202019465874,2.224431612794603,4.166682613302818,,
136.6942603970001,2.976,2.6559999999999997,4.332,2.761245371204812,2.4129309977701388,4.187376744454695,,
136.74437601699992,2.976,2.6559999999999997,4.332,2.761245371204812,2.4129309977701388,4.187376744454695,,
136.79448183600016,2.976,2.6559999999999997,4.332,2.761245371204812,2.4129309977701388,4.187376744454695,,
136.84480087500015,2.926,2.5759999999999996,4.352,2.7072820318540884,2.3245808224279916,4.208064163008925,,
136.89513855299992,2.926,2.5759999999999996,4.352,2.7072820318540884,2.3245808224279916,4.208064163008925,,
136.94528476800042,2.926,2.5759999999999996,4.352,2.7072820318540884,2.3245808224279916,4.208064163008925,,
136.99562420200073,2.9160000000000004,2.686,4.352,2.696471027101905,2.4459141440369487,4.208064163008925,,
137.0457672850007,2.9160000000000004,2.686,4.352,2.696471027101905,2.4459141440369487,4.208064163008925,,
137.0958788020007,2.9160000000000004,2.6759999999999997,4.352,2.696471027101905,2.4349283357010734,4.208064163008925,,
137.1460243649999,2.8760000000000003,2.6759999999999997,4.382,2.6531633948929723,2.4349283357010734,4.239082919689116,,
137.1962378570006,2.8760000000000003,2.6759999999999997,4.382,2.6531633948929723,2.4349283357010734,4.239082919689116,,
137.24657022300016,2.8760000000000003,2.6959999999999997,4.382,2.6531633948929723,2.4568915319972917,4.239082919689116,,
137.29679960900012,2.8360000000000003,2.6959999999999997,4.402,2.6097501796149,2.4568915319972917,4.25975398350656,,
137.34712630500053,2.8360000000000003,2.6959999999999997,4.402,2.6097501796149,2.4568915319972917,4.25975398350656,,
137.3973349810003,2.8360000000000003,2.6759999999999997,4.402,2.6097501796149,2.4349283357010734,4.25975398350656,,
137.44764078500066,2.816,2.6759999999999997,4.372,2.5880023183915424,2.4349283357010734,4.228744967481487,,
137.4980086430005,2.816,2.6759999999999997,4.372,2.5880023183915424,2.4349283357010734,4.228744967481487,,
137.5483378300005,2.806,2.746,4.372,2.5771177699127374,2.5116560274050266,4.228744967481487,,
137.5986729440001,2.806,2.746,4.422,2.5771177699127374,2.5116560274050266,4.280418671111507,,
137.6490101039999,2.806,2.746,4.422,2.5771177699127374,2.5116560274050266,4.280418671111507,,
137.69921921600053,2.8259999999999996,2.756,4.422,2.5988797586652597,2.522585181911604,4.280418671111507,,
137.74940894000065,2.8259999999999996,2.756,4.422,2.5988797586652597,2.522585181911604,4.280418671111507,,
137.79975277300036,2.8259999999999996,2.756,4.422,2.5988797586652597,2.522585181911604,4.280418671111507,,
137.85009549999995,2.7459999999999996,2.7659999999999996,4.502,2.511656027405026,2.533506660737247,4.363015470978759,,
137.90042236600038,2.7459999999999996,2.7659999999999996,4.502,2.511656027405026,2.533506660737247,4.363015470978759,,
137.9507685080007,2.7459999999999996,2.7659999999999996,4.502,2.511656027405026,2.533506660737247,4.363015470978759,,
138.00111920700056,2.7459999999999996,2.7659999999999996,4.502,2.511656027405026,2.533506660737247,4.363015470978759,,
138.051454982,2.7459999999999996,2.7659999999999996,4.502,2.511656027405026,2.533506660737247,4.363015470978759,,
138.10178972300037,2.7459999999999996,2.7659999999999996,4.502,2.511656027405026,2.533506660737247,4.363015470978759,,
138.15193363300023,2.7060000000000004,2.816,4.502,2.467860611947118,2.5880023183915424,4.363015470978759,,
138.2022469500007,2.7060000000000004,2.816,4.502,2.467860611947118,2.5880023183915424,4.363015470978759,,
138.25242981700012,2.7060000000000004,2.816,4.502,2.467860611947118,2.5880023183915424,4.363015470978759,,
138.30277347300034,2.6959999999999997,2.816,4.502,2.4568915319972917,2.5880023183915424,4.363015470978759,,
138.35308654100027,2.6959999999999997,2.816,4.502,2.4568915319972917,2.5880023183915424,4.363015470978759,,
138.40340916500008,2.6959999999999997,2.8659999999999997,4.502,2.4568915319972917,2.6423201925580475,4.363015470978759,,
138.45375366700046,2.596,2.8659999999999997,4.522,2.346724525801868,2.6423201925580475,4.383649621034966,,
138.50403413500044,2.596,2.8659999999999997,4.522,2.346724525801868,2.6423201925580475,4.383649621034966,,
138.55436590800036,2.6260000000000003,2.936,4.522,2.379868903952485,2.7180868271635474,4.383649621034966,,
138.60468327299986,2.6260000000000003,2.936,4.502,2.379868903952485,2.7180868271635474,4.363015470978759,,
138.65501232899987,2.6260000000000003,2.936,4.502,2.379868903952485,2.7180868271635474,4.363015470978759,,
138.70534202599993,2.5860000000000003,2.9459999999999997,4.502,2.3356575091395575,2.7288854867876005,4.363015470978759,,
138.755678902,2.5860000000000003,2.9459999999999997,4.562,2.3356575091395575,2.7288854867876005,4.424900450857624,,
138.80601910099995,2.5860000000000003,2.9459999999999997,4.562,2.3356575091395575,2.7288854867876005,4.424900450857624,,
138.85617619799996,2.5860000000000003,2.9659999999999997,4.582,2.3356575091395575,2.7504646880118275,4.445517292734333,,
138.9065222090003,2.5860000000000003,2.9659999999999997,4.582,2.3356575091395575,2.7504646880118275,4.445517292734333,,
138.95682334200046,2.5860000000000003,2.9659999999999997,4.582,2.3356575091395575,2.7504646880118275,4.445517292734333,,
139.00715316700007,2.566,2.996,4.562,2.3134943267706536,2.7827892482184127,4.424900450857624,,
139.05749817500055,2.566,2.996,4.562,2.3134943267706536,2.7827892482184127,4.424900450857624,,
139.10783398600051,2.566,2.996,4.562,2.3134943267706536,2.7827892482184127,4.424900450857624,,
139.15813701500065,2.526,3.026,4.622,2.269047377204804,2.815062343892227,4.486734224355171,,
139.2084625260004,2.526,3.026,4.622,2.269047377204804,2.815062343892227,4.486734224355171,,
139.25874985100018,2.526,3.046,4.622,2.269047377204804,2.8365500171863705,4.486734224355171,,
139.30909569800042,2.4859999999999998,3.046,4.632,2.224431612794603,2.8365500171863705,4.497035023212517,,
139.35944661700069,2.4859999999999998,3.046,4.632,2.224431612794603,2.8365500171863705,4.497035023212517,,
139.40957165500004,2.4859999999999998,3.0759999999999996,4.632,2.224431612794603,2.868741187350298,4.497035023212517,,
139.45969370700004,2.466,3.0759999999999996,4.632,2.202057219965004,2.868741187350298,4.497035023212517,,
139.50981079400026,2.466,3.0759999999999996,4.632,2.202057219965004,2.868741187350298,4.497035023212517,,
139.56011282200052,2.4560000000000004,3.066,4.632,2.190852801992868,2.8580160951261275,4.497035023212517,,
139.61040878600033,2.4560000000000004,3.066,4.632,2.190852801992868,2.8580160951261275,4.497035023212517,,
139.66055186599988,2.4560000000000004,3.066,4.632,2.190852801992868,2.8580160951261275,4.497035023212517,,
139.71089473200027,2.4459999999999997,3.106,4.632,2.1796366669699787,2.9008853820859586,4.497035023212517,,
139.76120235899998,2.4459999999999997,3.106,4.672,2.1796366669699787,2.9008853820859586,4.538224763054382,,
139.81155967300037,2.4459999999999997,3.106,4.672,2.1796366669699787,2.9008853820859586,4.538224763054382,,
139.86170107199996,2.426,3.1559999999999997,4.692,2.1571685145115578,2.9543588136852974,4.558811687271147,,
139.91204606800056,2.426,3.1559999999999997,4.692,2.1571685145115578,2.9543588136852974,4.558811687271147,,
139.96223450300022,2.426,3.1559999999999997,4.692,2.1571685145115578,2.9543588136852974,4.558811687271147,,
140.01256745400042,2.346,3.146,4.692,2.0667888135946546,2.943673894982255,4.558811687271147,,
140.0626811430002,2.346,3.146,4.692,2.0667888135946546,2.943673894982255,4.558811687271147,,
140.11302965100003,2.346,3.146,4.692,2.0667888135946546,2.943673894982255,4.558811687271147,,
140.16315519300042,2.346,3.206,4.732,2.0667888135946546,3.0077127522421416,4.599969999902174,,
140.21334165000007,2.346,3.206,4.732,2.0667888135946546,3.0077127522421416,4.599969999902174,,
140.26344615000016,2.346,3.2659999999999996,4.732,2.0667888135946546,3.0715885141079684,4.599969999902174,,
140.3137761730004,2.346,3.2659999999999996,4.732,2.0667888135946546,3.0715885141079684,4.599969999902174,,
140.36411543600025,2.346,3.2659999999999996,4.732,2.0667888135946546,3.0715885141079684,4.599969999902174,,
140.41443341500053,2.346,3.296,4.732,2.0667888135946546,3.1034683823103464,4.599969999902174,,
140.46471315899998,2.316,3.296,4.692,2.0326721329324116,3.1034683823103464,4.558811687271147,,
140.51504555200063,2.316,3.296,4.692,2.0326721329324116,3.1034683823103464,4.558811687271147,,
140.56545147399993,2.2859999999999996,3.3259999999999996,4.692,1.998423378566213,3.1353111488335568,4.558811687271147,,
140.61557801800063,2.2859999999999996,3.3259999999999996,4.752,1.998423378566213,3.1353111488335568,4.620541526704419,,
140.66571674400075,2.2859999999999996,3.3259999999999996,4.752,1.998423378566213,3.1353111488335568,4.620541526704419,,
140.71602370500023,2.276,3.276,4.752,1.9869765977484484,3.0822193302878365,4.620541526704419,,
140.7663468840001,2.276,3.276,4.752,1.9869765977484484,3.0822193302878365,4.620541526704419,,
140.81667660699986,2.276,3.276,4.752,1.9869765977484484,3.0822193302878365,4.620541526704419,,
140.8668481170007,2.2560000000000002,3.3059999999999996,4.752,1.9640356412244664,3.1140867039952496,4.620541526704419,,
140.91715299000043,2.2560000000000002,3.3059999999999996,4.752,1.9640356412244664,3.1140867039952496,4.620541526704419,,
140.96747421300006,2.2560000000000002,3.3059999999999996,4.752,1.9640356412244664,3.1140867039952496,4.620541526704419,,
141.01755868700002,2.2560000000000002,3.3059999999999996,4.752,1.9640356412244664,3.1140867039952496,4.620541526704419,,
141.06766649300062,2.2560000000000002,3.3059999999999996,4.752,1.9640356412244664,3.1140867039952496,4.620541526704419,,
141.1180294630003,2.2560000000000002,3.3059999999999996,4.752,1.9640356412244664,3.1140867039952496,4.620541526704419,,
141.16818897200028,2.2560000000000002,3.336,4.752,1.9640356412244664,3.1459173542863454,4.620541526704419,,
141.2185382940006,2.2560000000000002,3.336,4.752,1.9640356412244664,3.1459173542863454,4.620541526704419,,
141.26866651700038,2.2560000000000002,3.336,4.752,1.9640356412244664,3.1459173542863454,4.620541526704419,,
141.3190178040004,2.2359999999999998,3.3659999999999997,4.792,1.941029623679144,3.177712384719548,4.661669657965909,,
141.36931609600015,2.2359999999999998,3.3659999999999997,4.792,1.941029623679144,3.177712384719548,4.661669657965909,,
141.41968610700042,2.2359999999999998,3.4059999999999997,4.792,1.941029623679144,3.2200521734903607,4.661669657965909,,
141.4698062160005,2.206,3.4059999999999997,4.792,1.9063934536186387,3.2200521734903607,4.661669657965909,,
141.5201491430007,2.206,3.4059999999999997,4.792,1.9063934536186387,3.2200521734903607,4.661669657965909,,
141.57027758999993,2.206,3.3859999999999997,4.792,1.9063934536186387,3.1988898074175665,4.661669657965909,,
141.62052071000016,2.2359999999999998,3.3859999999999997,4.812,1.941029623679144,3.1988898074175665,4.6822263935012804,,
141.67081398900064,2.2359999999999998,3.3859999999999997,4.812,1.941029623679144,3.1988898074175665,4.6822263935012804,,
141.72112991999984,2.226,3.356,4.812,1.9295014900227467,3.167117932758425,4.6822263935012804,,
141.77146863100006,2.226,3.356,4.772,1.9295014900227467,3.167117932758425,4.641108057350098,,
141.82180917799997,2.226,3.356,4.772,1.9295014900227467,3.167117932758425,4.641108057350098,,
141.87215361700055,2.216,3.356,4.772,1.9179562038795364,3.167117932758425,4.641108057350098,,
141.92229664300066,2.216,3.356,4.812,1.9179562038795364,3.167117932758425,4.6822263935012804,,
141.97263222499987,2.216,3.356,4.812,1.9179562038795364,3.167117932758425,4.6822263935012804,,
142.0227888950003,2.216,3.3659999999999997,4.772,1.9179562038795364,3.177712384719548,4.641108057350098,,
142.07292766200044,2.216,3.3659999999999997,4.772,1.9179562038795364,3.177712384719548,4.641108057350098,,
142.12316098300016,2.216,3.3659999999999997,4.772,1.9179562038795364,3.177712384719548,4.641108057350098,,
142.1733062530002,2.2359999999999998,3.4059999999999997,4.792,1.941029623679144,3.2200521734903607,4.661669657965909,,
142.22343263699986,2.2359999999999998,3.4059999999999997,4.792,1.941029623679144,3.2200521734903607,4.661669657965909,,
142.27357064600073,2.2359999999999998,3.4059999999999997,4.792,1.941029623679144,3.2200521734903607,4.661669657965909,,
142.32392753800013,2.206,3.3859999999999997,4.792,1.9063934536186387,3.1988898074175665,4.661669657965909,,
142.37407618199995,2.206,3.3859999999999997,4.792,1.9063934536186387,3.1988898074175665,4.661669657965909,,
142.424161379,2.206,3.356,4.792,1.9063934536186387,3.167117932758425,4.661669657965909,,
142.474303426,2.2359999999999998,3.356,4.792,1.941029623679144,3.167117932758425,4.661669657965909,1.0,3.0
142.5246429380004,2.2359999999999998,3.356,4.792,1.941029623679144,3.167117932758425,4.661669657965909,,
142.57502723800008,2.2359999999999998,3.3659999999999997,4.792,1.941029623679144,3.177712384719548,4.661669657965909,,
142.62536134200036,2.186,3.3659999999999997,4.772,1.883214273522798,3.177712384719548,4.641108057350098,,
142.67549742100073,2.186,3.3659999999999997,4.772,1.883214273522798,3.177712384719548,4.641108057350098,,
142.72561558100006,2.2359999999999998,3.3459999999999996,4.772,1.941029623679144,3.156519602346863,4.641108057350098,,
142.77584086200022,2.2359999999999998,3.3459999999999996,4.772,1.941029623679144,3.156519602346863,4.641108057350098,,
142.8259897300004,2.2359999999999998,3.3459999999999996,4.772,1.941029623679144,3.156519602346863,4.641108057350098,,
142.8763227620002,2.216,3.3659999999999997,4.772,1.9179562038795364,3.177712384719548,4.641108057350098,,
142.92646626900023,2.216,3.3659999999999997,4.792,1.9179562038795364,3.177712384719548,4.661669657965909,,
142.97679796400007,2.216,3.3659999999999997,4.792,1.9179562038795364,3.177712384719548,4.661669657965909,,
143.02697088500008,2.2359999999999998,3.356,4.792,1.941029623679144,3.167117932758425,4.661669657965909,,
143.077311903,2.2359999999999998,3.356,4.712,1.941029623679144,3.167117932758425,4.579393409612238,,
143.12745818500025,2.2359999999999998,3.356,4.712,1.941029623679144,3.167117932758425,4.579393409612238,,
143.17759476500032,2.186,3.3859999999999997,4.732,1.883214273522798,3.1988898074175665,4.599969999902174,,
143.22773872200014,2.186,3.3859999999999997,4.732,1.883214273522798,3.1988898074175665,4.599969999902174,,
143.27785925900025,2.186,3.3859999999999997,4.732,1.883214273522798,3.1988898074175665,4.599969999902174,,
143.32824057700054,2.1959999999999997,3.4059999999999997,4.712,1.894812919525302,3.2200521734903607,4.579393409612238,,
143.37858303800022,2.1959999999999997,3.4059999999999997,4.712,1.894812919525302,3.2200521734903607,4.579393409612238,,
143.42872835600065,2.1959999999999997,3.4059999999999997,4.712,1.894812919525302,3.2200521734903607,4.579393409612238,,
143.4788189690007,2.126,3.356,4.692,1.8132225456352562,3.167117932758425,4.558811687271147,,
143.52912810700036,2.126,3.356,4.692,1.8132225456352562,3.167117932758425,4.558811687271147,,
143.57926860000043,2.126,3.416,4.692,1.8132225456352562,3.2306278027652766,4.558811687271147,,
143.62958772000002,2.1159999999999997,3.416,4.672,1.801487163429148,3.2306278027652766,4.538224763054382,,
143.67992923100064,2.1159999999999997,3.416,4.672,1.801487163429148,3.2306278027652766,4.538224763054382,,
143.73027699400063,2.1159999999999997,3.4659999999999997,4.672,1.801487163429148,3.2834518421929073,4.538224763054382,,
143.78059920000032,2.126,3.4659999999999997,4.672,1.8132225456352562,3.2834518421929073,4.538224763054382,,
143.83093640300012,2.126,3.4659999999999997,4.672,1.8132225456352562,3.2834518421929073,4.538224763054382,,
143.88118498699987,2.106,3.436,4.672,1.789730706000207,3.2517681344154905,4.538224763054382,,
143.93151870200018,2.106,3.436,4.632,1.789730706000207,3.2517681344154905,4.497035023212517,,
143.98184544000014,2.106,3.436,4.632,1.789730706000207,3.2517681344154905,4.497035023212517,,
144.03219019300013,2.106,3.436,4.632,1.789730706000207,3.2517681344154905,4.497035023212517,,
144.0825327950006,2.106,3.436,4.632,1.789730706000207,3.2517681344154905,4.497035023212517,,
144.13267919999998,2.106,3.436,4.632,1.789730706000207,3.2517681344154905,4.497035023212517,,
144.18282033200012,2.106,3.436,4.562,1.789730706000207,3.2517681344154905,4.424900450857624,,
144.2331484080005,2.106,3.436,4.562,1.789730706000207,3.2517681344154905,4.424900450857624,,
144.28329082900018,2.106,3.436,4.562,1.789730706000207,3.2517681344154905,4.424900450857624,,
144.33354573199995,2.096,3.456,4.562,1.7779527552778225,3.272894132109989,4.424900450857624,,
144.38369024500025,2.096,3.456,4.562,1.7779527552778225,3.272894132109989,4.424900450857624,,
144.4338344810003,2.096,3.456,4.562,1.7779527552778225,3.272894132109989,4.424900450857624,,
144.48403932600013,2.106,3.4859999999999998,4.542,1.789730706000207,3.3045568538005208,4.404277920386042,,
144.5341978330007,2.106,3.4859999999999998,4.542,1.789730706000207,3.3045568538005208,4.404277920386042,,
144.58429811000042,2.106,3.4859999999999998,4.542,1.789730706000207,3.3045568538005208,4.404277920386042,,
144.63461695200021,2.056,3.4859999999999998,4.522,1.730617230932363,3.3045568538005208,4.383649621034966,,
144.68499178000002,2.056,3.4859999999999998,4.522,1.730617230932363,3.3045568538005208,4.383649621034966,,
144.73519825699987,2.056,3.506,4.522,1.730617230932363,3.3256482074927884,4.383649621034966,,
144.78552614100045,1.996,3.506,4.502,1.6588899903248557,3.3256482074927884,4.363015470978759,,
144.8358783900003,1.996,3.506,4.502,1.6588899903248557,3.3256482074927884,4.363015470978759,,
144.88598442500006,1.996,3.506,4.502,1.6588899903248557,3.3256482074927884,4.363015470978759,,
144.93631776700022,1.996,3.506,4.502,1.6588899903248557,3.3256482074927884,4.363015470978759,,
144.9866149899999,1.996,3.506,4.502,1.6588899903248557,3.3256482074927884,4.363015470978759,,
145.0367598090006,1.986,3.546,4.502,1.6468442549312305,3.3677909673850004,4.363015470978759,,
145.08687182799986,1.986,3.546,4.482,1.6468442549312305,3.3677909673850004,4.342375386813075,,
145.13720715900035,1.986,3.546,4.482,1.6468442549312305,3.3677909673850004,4.342375386813075,,
145.18733108000015,1.986,3.5759999999999996,4.422,1.6468442549312305,3.3993640581732336,4.280418671111507,,
145.2376594060006,1.986,3.5759999999999996,4.422,1.6468442549312305,3.3993640581732336,4.280418671111507,,
145.28776090800056,1.986,3.5759999999999996,4.422,1.6468442549312305,3.3993640581732336,4.280418671111507,,
145.33808975600004,1.986,3.586,4.402,1.6468442549312305,3.4098821093990916,4.25975398350656,,
145.38843314600035,1.986,3.586,4.402,1.6468442549312305,3.4098821093990916,4.25975398350656,,
145.43876159899992,1.986,3.586,4.402,1.6468442549312305,3.4098821093990916,4.25975398350656,,
145.48909350099984,1.986,3.6159999999999997,4.372,1.6468442549312305,3.4414177311102465,4.228744967481487,,
145.5393919520002,1.986,3.6159999999999997,4.372,1.6468442549312305,3.4414177311102465,4.228744967481487,,
145.58972724400064,1.986,3.6159999999999997,4.372,1.6468442549312305,3.4414177311102465,4.228744967481487,,
145.64003284000046,1.956,3.5759999999999996,4.372,1.6105390401974116,3.3993640581732336,4.228744967481487,,
145.6902080810005,1.956,3.5759999999999996,4.372,1.6105390401974116,3.3993640581732336,4.228744967481487,,
145.74053409099997,1.956,3.6359999999999997,4.372,1.6105390401974116,3.4624263169055305,4.228744967481487,,
145.79087327900015,1.976,3.6359999999999997,4.372,1.634770931965699,3.4624263169055305,4.228744967481487,,
145.84102912300023,1.976,3.6359999999999997,4.372,1.634770931965699,3.4624263169055305,4.228744967481487,,
145.89131635000012,1.976,3.686,4.372,1.634770931965699,3.514896300035038,4.228744967481487,,
145.94162720500026,1.946,3.686,4.312,1.5983791790435709,3.514896300035038,4.166682613302818,,
145.9917582880007,1.946,3.686,4.312,1.5983791790435709,3.514896300035038,4.166682613302818,,
146.0418959790004,1.956,3.686,4.312,1.6105390401974116,3.514896300035038,4.166682613302818,,
146.09222663400033,1.956,3.686,4.292,1.6105390401974116,3.514896300035038,4.145981669038106,,
146.14253280899993,1.956,3.686,4.292,1.6105390401974116,3.514896300035038,4.145981669038106,,
146.19286275300055,1.966,3.7159999999999997,4.292,1.6226694056399782,3.54634403294435,4.145981669038106,,
146.24320957000054,1.966,3.7159999999999997,4.252,1.6226694056399782,3.54634403294435,4.104558928800998,,
146.2935444800005,1.966,3.7159999999999997,4.252,1.6226694056399782,3.54634403294435,4.104558928800998,,
146.3436867119999,1.936,3.706,4.272,1.5861891438286921,3.535864250787917,4.125273809094374,,
146.39403337800013,1.936,3.706,4.272,1.5861891438286921,3.535864250787917,4.125273809094374,,
146.44436655200025,1.936,3.706,4.272,1.5861891438286921,3.535864250787917,4.125273809094374,,
146.49468828699992,1.926,3.7359999999999998,4.212,1.5739682334786809,3.567295334003059,4.063107677628049,,
146.54503242200008,1.926,3.7359999999999998,4.212,1.5739682334786809,3.567295334003059,4.063107677628049,,
146.59533142100008,1.926,3.7359999999999998,4.212,1.5739682334786809,3.567295334003059,4.063107677628049,,
146.64566597700014,1.946,3.796,4.212,1.5983791790435709,3.630084847493237,4.063107677628049,,
146.69601374600006,1.946,3.796,4.212,1.5983791790435709,3.630084847493237,4.063107677628049,,
146.74625578700034,1.946,3.7659999999999996,4.212,1.5983791790435709,3.598701988217418,4.063107677628049,,
146.7965946860004,1.896,3.7659999999999996,4.192,1.5371128780932126,3.598701988217418,4.042371086379874,,
146.84692355300012,1.896,3.7659999999999996,4.192,1.5371128780932126,3.598701988217418,4.042371086379874,,
146.89716913900065,1.896,3.8059999999999996,4.192,1.5371128780932126,3.6405406191938026,4.042371086379874,,
146.94731478700032,1.926,3.8059999999999996,4.192,1.5739682334786809,3.6405406191938026,4.042371086379874,,
146.99763543500012,1.926,3.8059999999999996,4.192,1.5739682334786809,3.6405406191938026,4.042371086379874,,
147.04780053000013,1.926,3.8059999999999996,4.192,1.5739682334786809,3.6405406191938026,4.042371086379874,,
147.0981150610005,1.926,3.8059999999999996,4.192,1.5739682334786809,3.6405406191938026,4.042371086379874,,
147.1484830240006,1.926,3.8059999999999996,4.192,1.5739682334786809,3.6405406191938026,4.042371086379874,,
147.1986318140007,1.906,3.8059999999999996,4.192,1.5494308632526974,3.6405406191938026,4.042371086379874,,
147.2490093940005,1.906,3.8059999999999996,4.132,1.5494308632526974,3.6405406191938026,3.9801160787092624,,
147.29934185399998,1.906,3.8059999999999996,4.132,1.5494308632526974,3.6405406191938026,3.9801160787092624,,
147.34948714200073,1.896,3.8859999999999997,4.132,1.5371128780932126,3.7240966689923605,3.9801160787092624,,
147.39983365100034,1.896,3.8859999999999997,4.132,1.5371128780932126,3.7240966689923605,3.9801160787092624,,
147.4499784590007,1.896,3.8859999999999997,4.132,1.5371128780932126,3.7240966689923605,3.9801160787092624,,
147.50014727000053,1.906,3.9059999999999997,4.082,1.5494308632526974,3.7449614150215216,3.9281832951123854,,
147.55047782200018,1.906,3.9059999999999997,4.082,1.5494308632526974,3.7449614150215216,3.9281832951123854,,
147.60081076400002,1.906,3.9059999999999997,4.082,1.5494308632526974,3.7449614150215216,3.9281832951123854,,
147.65113007400032,1.876,3.956,4.072,1.5123742922967183,3.797082564285375,3.917790703955483,,
147.70148773500023,1.876,3.956,4.072,1.5123742922967183,3.797082564285375,3.917790703955483,,
147.75158546800048,1.876,3.9659999999999997,4.072,1.5123742922967183,3.8074999671700587,3.917790703955483,,
147.80172981000032,1.896,3.9659999999999997,4.072,1.5371128780932126,3.8074999671700587,3.917790703955483,,
147.85204694500044,1.896,3.9659999999999997,4.072,1.5371128780932126,3.8074999671700587,3.917790703955483,,
147.90237006999996,1.896,3.9659999999999997,4.072,1.5371128780932126,3.8074999671700587,3.917790703955483,,
147.9524963240001,1.886,3.9659999999999997,4.072,1.524760964872855,3.8074999671700587,3.917790703955483,,
148.0027789550004,1.886,3.9659999999999997,4.072,1.524760964872855,3.8074999671700587,3.917790703955483,,
148.0530142360003,1.886,3.9659999999999997,4.072,1.524760964872855,3.8074999671700587,3.917790703955483,,
148.1033500700005,1.886,3.9659999999999997,4.082,1.524760964872855,3.8074999671700587,3.9281832951123854,,
148.15363759400043,1.886,3.9659999999999997,4.082,1.524760964872855,3.8074999671700587,3.9281832951123854,,
148.20399733400063,1.906,3.9659999999999997,4.082,1.5494308632526974,3.8074999671700587,3.9281832951123854,,
148.25432451300003,1.906,3.9659999999999997,3.9819999999999998,1.5494308632526974,3.8074999671700587,3.824163176434813,,
148.30464929000027,1.906,3.9659999999999997,3.9819999999999998,1.5494308632526974,3.8074999671700587,3.824163176434813,,
148.35499040600007,1.926,4.056,3.9819999999999998,1.5739682334786809,3.90115828953402,3.824163176434813,,
148.4051080550007,1.926,4.056,3.9819999999999998,1.5739682334786809,3.90115828953402,3.824163176434813,,
148.45547304899992,1.926,4.056,3.9819999999999998,1.5739682334786809,3.90115828953402,3.824163176434813,,
148.5057665280001,1.926,4.056,4.002,1.5739682334786809,3.90115828953402,3.8449842652473882,,
148.55606159499985,1.926,4.056,4.002,1.5739682334786809,3.90115828953402,3.8449842652473882,,
148.60640022999996,1.926,4.056,4.002,1.5739682334786809,3.90115828953402,3.8449842652473882,,
148.65672437400008,1.926,4.096,3.972,1.5739682334786809,3.942729511391822,3.813749336283128,,
148.70707106400005,1.926,4.096,3.972,1.5739682334786809,3.942729511391822,3.813749336283128,,
148.75738430799993,1.926,4.096,3.972,1.5739682334786809,3.942729511391822,3.813749336283128,,
148.8077153590002,1.896,4.176,3.9219999999999997,1.5371128780932126,4.025776446848483,3.7616464480330944,,
148.85806116500044,1.896,4.176,3.9219999999999997,1.5371128780932126,4.025776446848483,3.7616464480330944,,
148.90840433199992,1.896,4.176,3.9219999999999997,1.5371128780932126,4.025776446848483,3.7616464480330944,,
148.9585795339999,1.926,4.176,3.912,1.5739682334786809,4.025776446848483,3.751219001871258,,
149.00890585200068,1.926,4.176,3.912,1.5739682334786809,4.025776446848483,3.751219001871258,,
149.0590073860003,1.926,4.176,3.912,1.5739682334786809,4.025776446848483,3.751219001871258,,
149.10935085000074,1.956,4.176,3.912,1.6105390401974116,4.025776446848483,3.751219001871258,,
149.15949216399986,1.956,4.176,3.912,1.6105390401974116,4.025776446848483,3.751219001871258,,
149.20983232800063,1.946,4.236000000000001,3.912,1.5983791790435709,4.087981898198671,3.751219001871258,,
149.26017171200056,1.946,4.236000000000001,3.892,1.5983791790435709,4.087981898198671,3.730357087464952,,
149.31051298400052,1.946,4.236000000000001,3.892,1.5983791790435709,4.087981898198671,3.730357087464952,,
149.36087502300052,1.926,4.216,3.892,1.5739682334786809,4.067254110576323,3.730357087464952,,
149.4112170240005,1.926,4.216,3.872,1.5739682334786809,4.067254110576323,3.709485678635247,,
149.46152477500073,1.926,4.216,3.872,1.5739682334786809,4.067254110576323,3.709485678635247,,
149.51167118800004,1.936,4.216,3.852,1.5861891438286921,4.067254110576323,3.6886046142138897,,
149.56200871300007,1.936,4.216,3.852,1.5861891438286921,4.067254110576323,3.6886046142138897,,
149.61233144200014,1.936,4.216,3.852,1.5861891438286921,4.067254110576323,3.6886046142138897,,
149.66267182400043,1.906,4.216,3.862,1.5494308632526974,4.067254110576323,3.6990463635915676,,
149.71300462300042,1.906,4.216,3.862,1.5494308632526974,4.067254110576323,3.6990463635915676,,
149.76334039100038,1.906,4.216,3.862,1.5494308632526974,4.067254110576323,3.6990463635915676,,
149.81351565600016,1.926,4.2860000000000005,3.852,1.5739682334786809,4.1397700419226195,3.6886046142138897,,
149.86387579300026,1.926,4.2860000000000005,3.852,1.5739682334786809,4.1397700419226195,3.6886046142138897,,
149.9141996490007,1.926,4.3660000000000005,3.852,1.5739682334786809,4.222541414835384,3.6886046142138897,,
149.96453442800066,1.906,4.3660000000000005,3.842,1.5494308632526974,4.222541414835384,3.6781604097700797,,
150.01487807800004,1.906,4.3660000000000005,3.842,1.5494308632526974,4.222541414835384,3.6781604097700797,,
150.06502426299994,1.906,4.3660000000000005,3.842,1.5494308632526974,4.222541414835384,3.6781604097700797,,
150.1153607160004,1.906,4.3660000000000005,3.842,1.5494308632526974,4.222541414835384,3.6781604097700797,,
150.16554493000058,1.906,4.3660000000000005,3.842,1.5494308632526974,4.222541414835384,3.6781604097700797,,
150.2158598820006,1.936,4.346,3.842,1.5861891438286921,4.2018586363655785,3.6781604097700797,,
150.26602178600024,1.936,4.346,3.802,1.5861891438286921,4.2018586363655785,3.6363586181783556,,
150.31636517100014,1.936,4.346,3.802,1.5861891438286921,4.2018586363655785,3.6363586181783556,,
150.36668520900002,1.946,4.446000000000001,3.802,1.5983791790435709,4.305208008911998,3.6363586181783556,,
150.41702690300008,1.946,4.446000000000001,3.722,1.5983791790435709,4.305208008911998,3.5526305746587274,,
150.46735731800072,1.946,4.446000000000001,3.722,1.5983791790435709,4.305208008911998,3.5526305746587274,,
150.51769373000025,1.906,4.446000000000001,3.7319999999999998,1.5494308632526974,4.305208008911998,3.5631059484668706,,
150.56806617800066,1.906,4.446000000000001,3.7319999999999998,1.5494308632526974,4.305208008911998,3.5631059484668706,,
150.6184094730006,1.906,4.446000000000001,3.7319999999999998,1.5494308632526974,4.305208008911998,3.5631059484668706,,
150.6687373320001,1.946,4.466,3.7119999999999997,1.5983791790435709,4.325858989842365,3.542152452958511,,
150.71904639000059,1.946,4.466,3.7119999999999997,1.5983791790435709,4.325858989842365,3.542152452958511,,
150.76936842900068,1.946,4.466,3.7119999999999997,1.5983791790435709,4.325858989842365,3.542152452958511,,
150.81968907100054,1.966,4.446000000000001,3.7119999999999997,1.6226694056399782,4.305208008911998,3.542152452958511,,
150.8700280310004,1.966,4.446000000000001,3.7119999999999997,1.6226694056399782,4.305208008911998,3.542152452958511,,
150.92034846300066,1.966,4.516,3.7119999999999997,1.6226694056399782,4.377459994106171,3.542152452958511,,
150.97046734300056,1.986,4.516,3.682,1.6468442549312305,4.377459994106171,3.510701354430479,,
151.02056875200014,1.986,4.516,3.682,1.6468442549312305,4.377459994106171,3.510701354430479,,
151.07089525300034,1.986,4.486000000000001,3.682,1.6468442549312305,4.346503882432409,3.510701354430479,,
151.12102326200056,2.0060000000000002,4.486000000000001,3.6919999999999997,1.6709087347907428,4.346503882432409,3.521187867751449,,
151.17136147700057,2.0060000000000002,4.486000000000001,3.6919999999999997,1.6709087347907428,4.346503882432409,3.521187867751449,,
151.2215626269999,1.996,4.516,3.6919999999999997,1.6588899903248557,4.377459994106171,3.521187867751449,,
151.27191000200037,1.996,4.516,3.682,1.6588899903248557,4.377459994106171,3.510701354430479,,
151.32224992900046,1.996,4.516,3.682,1.6588899903248557,4.377459994106171,3.510701354430479,,
151.37259521000033,2.0060000000000002,4.516,3.682,1.6709087347907428,4.377459994106171,3.510701354430479,,
151.42293194400008,2.0060000000000002,4.516,3.662,1.6709087347907428,4.377459994106171,3.4897197595222456,,
151.47307676800028,2.0060000000000002,4.516,3.662,1.6709087347907428,4.377459994106171,3.4897197595222456,,
151.52318438300063,1.986,4.556,3.662,1.6468442549312305,4.418714292642148,3.4897197595222456,,
151.57350720900013,1.986,4.556,3.662,1.6468442549312305,4.418714292642148,3.4897197595222456,,
151.62363466500028,1.986,4.556,3.662,1.6468442549312305,4.418714292642148,3.4897197595222456,,
151.6739839740003,2.016,4.556,3.662,1.682901066610869,4.418714292642148,3.4897197595222456,,
151.7243166240005,2.016,4.556,3.662,1.682901066610869,4.418714292642148,3.4897197595222456,,
151.7746208640001,2.016,4.556,3.662,1.682901066610869,4.418714292642148,3.4897197595222456,,
151.82499152400032,2.0060000000000002,4.5360000000000005,3.682,1.6709087347907428,4.398090040006003,3.510701354430479,,
151.87532329700025,2.0060000000000002,4.5360000000000005,3.682,1.6709087347907428,4.398090040006003,3.510701354430479,,
151.92566563200035,2.0060000000000002,4.5360000000000005,3.682,1.6709087347907428,4.398090040006003,3.510701354430479,,
151.97600583400072,2.016,4.556,3.6519999999999997,1.682901066610869,4.418714292642148,3.479224626263731,,
152.0261269120001,2.016,4.556,3.6519999999999997,1.682901066610869,4.418714292642148,3.479224626263731,,
152.07626758800052,2.016,4.556,3.6519999999999997,1.682901066610869,4.418714292642148,3.479224626263731,,
152.12639347700042,2.056,4.556,3.6519999999999997,1.730617230932363,4.418714292642148,3.479224626263731,,
152.17655324499992,2.056,4.556,3.6519999999999997,1.730617230932363,4.418714292642148,3.479224626263731,,
152.2268680340003,2.056,4.5760000000000005,3.6519999999999997,1.730617230932363,4.439332832757644,3.479224626263731,,
152.2772020450002,2.066,4.5760000000000005,3.622,1.7424855810020348,4.439332832757644,3.4477215664841614,,
152.32753845000025,2.066,4.5760000000000005,3.622,1.7424855810020348,4.439332832757644,3.4477215664841614,,
152.37768695600062,2.0860000000000003,4.556,3.622,1.766152881264813,4.418714292642148,3.4477215664841614,,
152.42802011500044,2.0860000000000003,4.556,3.642,1.766152881264813,4.418714292642148,3.4687265674884205,,
152.47834584300017,2.0860000000000003,4.556,3.642,1.766152881264813,4.418714292642148,3.4687265674884205,,
152.5286831860003,2.016,4.556,3.642,1.682901066610869,4.418714292642148,3.4687265674884205,,
152.5790189950003,2.016,4.556,3.6319999999999997,1.682901066610869,4.418714292642148,3.4582255565535336,,
152.629330064,2.016,4.556,3.6319999999999997,1.682901066610869,4.418714292642148,3.4582255565535336,,
152.6796584600006,2.0060000000000002,4.596,3.6719999999999997,1.6709087347907428,4.459945739580247,3.5002119935798173,,
152.73000737600069,2.0060000000000002,4.596,3.6719999999999997,1.6709087347907428,4.459945739580247,3.5002119935798173,,
152.78035595600068,2.0060000000000002,4.596,3.6719999999999997,1.6709087347907428,4.459945739580247,3.5002119935798173,,
152.83067810100056,2.066,4.596,3.622,1.7424855810020348,4.459945739580247,3.4477215664841614,,
152.88085322000006,2.066,4.596,3.622,1.7424855810020348,4.459945739580247,3.4477215664841614,,
152.931191271,2.066,4.596,3.622,1.7424855810020348,4.459945739580247,3.4477215664841614,,
152.98153992600055,2.066,4.6160000000000005,3.6519999999999997,1.7424855810020348,4.480553090858316,3.479224626263731,,
153.03187299,2.066,4.6160000000000005,3.6519999999999997,1.7424855810020348,4.480553090858316,3.479224626263731,,
153.08203566300017,2.066,4.6160000000000005,3.6519999999999997,1.7424855810020348,4.480553090858316,3.479224626263731,,
153.1323728820007,2.066,4.6160000000000005,3.6519999999999997,1.7424855810020348,4.480553090858316,3.479224626263731,,
153.18251670900008,2.066,4.6160000000000005,3.6519999999999997,1.7424855810020348,4.480553090858316,3.479224626263731,,
153.23283928,2.066,4.596,3.6519999999999997,1.7424855810020348,4.459945739580247,3.479224626263731,,
153.28315418800048,2.036,4.596,3.622,1.7068087180466358,4.459945739580247,3.4477215664841614,,
153.3334855359999,2.036,4.596,3.622,1.7068087180466358,4.459945739580247,3.4477215664841614,,
153.3836321960007,2.066,4.5760000000000005,3.622,1.7424855810020348,4.439332832757644,3.4477215664841614,,
153.4339307320006,2.066,4.5760000000000005,3.622,1.7424855810020348,4.439332832757644,3.4477215664841614,,
153.48416258100042,2.066,4.5760000000000005,3.622,1.7424855810020348,4.439332832757644,3.4477215664841614,,
153.53450246900047,2.036,4.656000000000001,3.622,1.7068087180466358,4.521751430585278,3.4477215664841614,,
153.5848247140002,2.036,4.656000000000001,3.642,1.7068087180466358,4.521751430585278,3.4687265674884205,,
153.635174688,2.036,4.656000000000001,3.642,1.7068087180466358,4.521751430585278,3.4687265674884205,,
153.68529259500065,2.026,4.696000000000001,3.622,1.694867546447214,4.56292844563664,3.4477215664841614,,
153.73561725900072,2.026,4.696000000000001,3.622,1.694867546447214,4.56292844563664,3.4477215664841614,,
153.78576099600014,2.026,4.696000000000001,3.622,1.694867546447214,4.56292844563664,3.4477215664841614,,
153.83605239700046,1.986,4.556,3.642,1.6468442549312305,4.418714292642148,3.4687265674884205,,
153.88637988100072,1.986,4.556,3.642,1.6468442549312305,4.418714292642148,3.4687265674884205,,
153.93672667100054,1.986,4.556,3.642,1.6468442549312305,4.418714292642148,3.4687265674884205,,
153.9870586850002,2.056,4.466,3.6319999999999997,1.730617230932363,4.325858989842365,3.4582255565535336,3.0,3.0
154.03719920000003,2.056,4.466,3.6319999999999997,1.730617230932363,4.325858989842365,3.4582255565535336,,
154.08728895100012,2.056,4.446000000000001,3.6319999999999997,1.730617230932363,4.305208008911998,3.4582255565535336,,
154.13762504400074,2.0860000000000003,4.446000000000001,3.622,1.766152881264813,4.305208008911998,3.4477215664841614,,
154.1877485620007,2.0860000000000003,4.446000000000001,3.622,1.766152881264813,4.305208008911998,3.4477215664841614,,
154.23804302900044,2.0860000000000003,4.426,3.622,1.766152881264813,4.2845508516062685,3.4477215664841614,,
154.2883639370002,2.0860000000000003,4.426,3.6319999999999997,1.766152881264813,4.2845508516062685,3.4582255565535336,,
154.3386983070004,2.0860000000000003,4.426,3.6319999999999997,1.766152881264813,4.2845508516062685,3.4582255565535336,,
154.38888390400007,2.0860000000000003,4.426,3.6319999999999997,1.766152881264813,4.2845508516062685,3.4582255565535336,,
154.43915608099996,2.106,4.426,3.622,1.789730706000207,4.2845508516062685,3.4477215664841614,,
154.4894865790002,2.106,4.426,3.622,1.789730706000207,4.2845508516062685,3.4477215664841614,,
154.53982341500068,2.106,4.426,3.622,1.789730706000207,4.2845508516062685,3.4477215664841614,,
154.59016748000067,2.106,4.426,3.602,1.789730706000207,4.2845508516062685,3.426704539349723,,
154.64051811300033,2.106,4.426,3.602,1.789730706000207,4.2845508516062685,3.426704539349723,,
154.69082150900067,2.1159999999999997,4.3660000000000005,3.602,1.801487163429148,4.222541414835384,3.426704539349723,,
154.7411226660006,2.1159999999999997,4.3660000000000005,3.612,1.801487163429148,4.222541414835384,3.437214569967956,,
154.79147480900065,2.1159999999999997,4.3660000000000005,3.612,1.801487163429148,4.222541414835384,3.437214569967956,,
154.84181023700057,2.146,4.3260000000000005,3.602,1.8366316996066465,4.1811692144662125,3.426704539349723,,
154.8921301220007,2.146,4.3260000000000005,3.602,1.8366316996066465,4.1811692144662125,3.426704539349723,,
154.94224035700063,2.146,4.3260000000000005,3.602,1.8366316996066465,4.1811692144662125,3.426704539349723,,
154.99235774099998,2.146,4.406000000000001,3.612,1.8366316996066465,4.26388742815755,3.437214569967956,,
155.0426903430007,2.146,4.406000000000001,3.612,1.8366316996066465,4.26388742815755,3.437214569967956,,
155.09302710000065,2.146,4.406000000000001,3.612,1.8366316996066465,4.26388742815755,3.437214569967956,,
155.14336697100043,2.146,4.3260000000000005,3.572,1.8366316996066465,4.1811692144662125,3.3951559610715973,,
155.1937113439999,2.146,4.3260000000000005,3.572,1.8366316996066465,4.1811692144662125,3.3951559610715973,,
155.24404397200033,2.146,4.3260000000000005,3.572,1.8366316996066465,4.1811692144662125,3.3951559610715973,,
155.2941827730001,2.146,4.3260000000000005,3.592,1.8366316996066465,4.1811692144662125,3.416191446625906,,
155.34452761800003,2.146,4.3260000000000005,3.592,1.8366316996066465,4.1811692144662125,3.416191446625906,,
155.39486152000063,2.146,4.306,3.592,1.8366316996066465,4.160473050026884,3.416191446625906,,
155.44501072300045,2.1159999999999997,4.306,3.552,1.801487163429148,4.160473050026884,3.3741078820926873,,
155.495122757,2.1159999999999997,4.306,3.552,1.801487163429148,4.160473050026884,3.3741078820926873,,
155.54523447800057,2.126,4.266,3.552,1.8132225456352562,4.119060086961587,3.3741078820926873,,
155.59538770200015,2.126,4.266,3.592,1.8132225456352562,4.119060086961587,3.416191446625906,,
155.64551784200012,2.126,4.266,3.592,1.8132225456352562,4.119060086961587,3.416191446625906,,
155.6957904030005,2.126,4.196000000000001,3.592,1.8132225456352562,4.0465189978548235,3.416191446625906,,
155.74608980500034,2.126,4.196000000000001,3.562,1.8132225456352562,4.0465189978548235,3.384633510440975,,
155.7964306390004,2.126,4.196000000000001,3.562,1.8132225456352562,4.0465189978548235,3.384633510440975,,
155.8467681760003,2.146,4.216,3.542,1.8366316996066465,4.067254110576323,3.3635790461946926,,
155.89711226600048,2.146,4.216,3.542,1.8366316996066465,4.067254110576323,3.3635790461946926,,
155.94744776900006,2.146,4.216,3.542,1.8366316996066465,4.067254110576323,3.3635790461946926,,
155.99754514100005,2.176,4.136,3.542,1.871597178882251,3.9842685652450687,3.3635790461946926,,
156.04787289400065,2.176,4.136,3.542,1.871597178882251,3.9842685652450687,3.3635790461946926,,
156.09821924800053,2.176,4.136,3.542,1.871597178882251,3.9842685652450687,3.3635790461946926,,
156.14854145400022,2.176,4.136,3.542,1.871597178882251,3.9842685652450687,3.3635790461946926,,
156.19888640299996,2.176,4.136,3.542,1.871597178882251,3.9842685652450687,3.3635790461946926,,
156.24921842799995,2.176,4.1160000000000005,3.542,1.871597178882251,3.963502996088183,3.3635790461946926,,
156.29954984600045,2.206,4.1160000000000005,3.542,1.9063934536186387,3.963502996088183,3.3635790461946926,,
156.349892145,2.206,4.1160000000000005,3.542,1.9063934536186387,3.963502996088183,3.3635790461946926,,
156.40019030800067,2.206,4.136,3.542,1.9063934536186387,3.9842685652450687,3.3635790461946926,,
156.45047852300013,2.186,4.136,3.552,1.883214273522798,3.9842685652450687,3.3741078820926873,,
156.5006531960007,2.186,4.136,3.552,1.883214273522798,3.9842685652450687,3.3741078820926873,,
156.55100424600005,2.206,4.0760000000000005,3.552,1.9063934536186387,3.9219479853766552,3.3741078820926873,,
156.60133877000044,2.206,4.0760000000000005,3.562,1.9063934536186387,3.9219479853766552,3.384633510440975,,
156.65167457500047,2.206,4.0760000000000005,3.562,1.9063934536186387,3.9219479853766552,3.384633510440975,,
156.70202816800065,2.206,4.0760000000000005,3.562,1.9063934536186387,3.9219479853766552,3.384633510440975,,
156.75234347900005,2.206,4.0760000000000005,3.502,1.9063934536186387,3.9219479853766552,3.321431016896181,,
156.80268780200004,2.206,4.0760000000000005,3.502,1.9063934536186387,3.9219479853766552,3.321431016896181,,
156.8528318990002,2.226,4.0360000000000005,3.532,1.9295014900227467,3.880360292550165,3.3530469725311036,,
156.90316360199995,2.226,4.0360000000000005,3.532,1.9295014900227467,3.880360292550165,3.3530469725311036,,
156.95342097400044,2.226,4.0360000000000005,3.532,1.9295014900227467,3.880360292550165,3.3530469725311036,,
157.00373750200015,2.2459999999999996,4.056,3.512,1.9525409086623506,3.90115828953402,3.331972989086196,,
157.05387035000058,2.2459999999999996,4.056,3.512,1.9525409086623506,3.90115828953402,3.331972989086196,,
157.1042084159999,2.2459999999999996,4.056,3.512,1.9525409086623506,3.90115828953402,3.331972989086196,,
157.1543508450004,2.2359999999999998,3.9859999999999998,3.512,1.941029623679144,3.8283280946125813,3.331972989086196,,
157.20469013500042,2.2359999999999998,3.9859999999999998,3.512,1.941029623679144,3.8283280946125813,3.331972989086196,,
157.2550241830004,2.2359999999999998,3.9859999999999998,3.512,1.941029623679144,3.8283280946125813,3.331972989086196,,
157.30535867100025,2.2560000000000002,3.9859999999999998,3.532,1.9640356412244664,3.8283280946125813,3.3530469725311036,,
157.35564732900002,2.2560000000000002,3.9859999999999998,3.532,1.9640356412244664,3.8283280946125813,3.3530469725311036,,
157.40601715600042,2.2560000000000002,3.9859999999999998,3.532,1.9640356412244664,3.8283280946125813,3.3530469725311036,,
157.45635778700034,2.2560000000000002,3.9859999999999998,3.512,1.9640356412244664,3.8283280946125813,3.331972989086196,,
157.5066961980001,2.2560000000000002,3.9859999999999998,3.512,1.9640356412244664,3.8283280946125813,3.331972989086196,,
157.55688296300013,2.2560000000000002,3.916,3.512,1.9640356412244664,3.7553902593472226,3.331972989086196,,
157.6072105000003,2.2560000000000002,3.916,3.502,1.9640356412244664,3.7553902593472226,3.321431016896181,,
157.65753883200068,2.2560000000000002,3.916,3.502,1.9640356412244664,3.7553902593472226,3.321431016896181,,
157.70786874500027,2.276,3.896,3.502,1.9869765977484484,3.7345302248073984,3.321431016896181,,
157.75822491200051,2.276,3.896,3.4619999999999997,1.9869765977484484,3.7345302248073984,3.279229177718446,,
157.80855607900048,2.276,3.896,3.4619999999999997,1.9869765977484484,3.7345302248073984,3.279229177718446,,
157.85896959500042,2.316,3.856,3.4619999999999997,2.0326721329324116,3.692781607406536,3.279229177718446,,
157.90907455100023,2.316,3.856,3.4419999999999997,2.0326721329324116,3.692781607406536,3.258107426098777,,
157.95940772500035,2.316,3.856,3.4419999999999997,2.0326721329324116,3.692781607406536,3.258107426098777,,
158.00955278900074,2.316,3.896,3.4419999999999997,2.0326721329324116,3.7345302248073984,3.258107426098777,,
158.05985100599992,2.316,3.896,3.4419999999999997,2.0326721329324116,3.7345302248073984,3.258107426098777,,
158.11018355800024,2.316,3.896,3.4419999999999997,2.0326721329324116,3.7345302248073984,3.258107426098777,,
158.16051239199987,2.2960000000000003,3.836,3.4219999999999997,2.0098547211179225,3.6718926999573394,3.2369714240320375,,
158.2107711180006,2.2960000000000003,3.836,3.4219999999999997,2.0098547211179225,3.6718926999573394,3.2369714240320375,,
158.26110086000062,2.2960000000000003,3.836,3.4219999999999997,2.0098547211179225,3.6718926999573394,3.2369714240320375,,
158.31142668200027,2.3360000000000003,3.8059999999999996,3.4219999999999997,2.055430855076376,3.6405406191938026,3.2369714240320375,,
158.36176134000016,2.3360000000000003,3.8059999999999996,3.4219999999999997,2.055430855076376,3.6405406191938026,3.2369714240320375,,
158.4120941780002,2.3360000000000003,3.7859999999999996,3.4219999999999997,2.055430855076376,3.619626500068757,3.2369714240320375,,
158.46242589400026,2.3760000000000003,3.7859999999999996,3.432,2.100779855196637,3.619626500068757,3.247541223756828,,
158.5127811480006,2.3760000000000003,3.7859999999999996,3.432,2.100779855196637,3.619626500068757,3.247541223756828,,
158.56292590500016,2.3760000000000003,3.8059999999999996,3.432,2.100779855196637,3.6405406191938026,3.247541223756828,,
158.61301799000012,2.3659999999999997,3.8059999999999996,3.432,2.0894630889297847,3.6405406191938026,3.247541223756828,,
158.66330723200008,2.3659999999999997,3.8059999999999996,3.432,2.0894630889297847,3.6405406191938026,3.247541223756828,,
158.71361448100015,2.3760000000000003,3.746,3.432,2.100779855196637,3.5777669012947166,3.247541223756828,,
158.76397697799985,2.3760000000000003,3.746,3.4219999999999997,2.100779855196637,3.5777669012947166,3.2369714240320375,,
158.81430379500034,2.3760000000000003,3.746,3.4219999999999997,2.100779855196637,3.5777669012947166,3.2369714240320375,,
158.8646475559999,2.4059999999999997,3.706,3.4219999999999997,2.134651259573797,3.535864250787917,3.2369714240320375,,
158.91501235099986,2.4059999999999997,3.706,3.432,2.134651259573797,3.535864250787917,3.247541223756828,,
158.96521033000045,2.4059999999999997,3.706,3.432,2.134651259573797,3.535864250787917,3.247541223756828,,
159.01553972800048,2.386,3.7159999999999997,3.4019999999999997,2.112083331689354,3.54634403294435,3.2158208905347943,,
159.0658642590006,2.386,3.7159999999999997,3.4019999999999997,2.112083331689354,3.54634403294435,3.2158208905347943,,
159.1162062630001,2.386,3.7159999999999997,3.4019999999999997,2.112083331689354,3.54634403294435,3.2158208905347943,,
159.16652620200057,2.386,3.7159999999999997,3.4019999999999997,2.112083331689354,3.54634403294435,3.2158208905347943,,
159.21667321400037,2.386,3.7159999999999997,3.4019999999999997,2.112083331689354,3.54634403294435,3.2158208905347943,,
159.2670250910005,2.386,3.7159999999999997,3.4019999999999997,2.112083331689354,3.54634403294435,3.2158208905347943,,
159.31737786900067,2.4560000000000004,3.686,3.412,2.190852801992868,3.514896300035038,3.226397991568926,,
159.3676680210001,2.4560000000000004,3.686,3.412,2.190852801992868,3.514896300035038,3.226397991568926,,
159.41800605700064,2.4560000000000004,3.6559999999999997,3.412,2.190852801992868,3.4834230291481965,3.226397991568926,,
159.46835360800014,2.466,3.6559999999999997,3.432,2.202057219965004,3.4834230291481965,3.247541223756828,,
159.518653395,2.466,3.6559999999999997,3.432,2.202057219965004,3.4834230291481965,3.247541223756828,,
159.56884012299997,2.466,3.6159999999999997,3.432,2.202057219965004,3.4414177311102465,3.247541223756828,,
159.619007409,2.4459999999999997,3.6159999999999997,3.4019999999999997,2.1796366669699787,3.4414177311102465,3.2158208905347943,,
159.66917442900012,2.4459999999999997,3.6159999999999997,3.4019999999999997,2.1796366669699787,3.4414177311102465,3.2158208905347943,,
159.71932003200072,2.4859999999999998,3.5759999999999996,3.4019999999999997,2.224431612794603,3.3993640581732336,3.2158208905347943,,
159.76965085100073,2.4859999999999998,3.5759999999999996,3.412,2.224431612794603,3.3993640581732336,3.226397991568926,,
159.82001524000043,2.4859999999999998,3.5759999999999996,3.412,2.224431612794603,3.3993640581732336,3.226397991568926,,
159.8703555230004,2.5060000000000002,3.546,3.412,2.2467612245185293,3.3677909673850004,3.226397991568926,,
159.9204972610005,2.5060000000000002,3.546,3.4219999999999997,2.2467612245185293,3.3677909673850004,3.2369714240320375,,
159.97082979100014,2.5060000000000002,3.546,3.4219999999999997,2.2467612245185293,3.3677909673850004,3.2369714240320375,,
160.02116878000015,2.526,3.646,3.392,2.269047377204804,3.4729261437583148,3.2052400846114475,,
160.07151005200012,2.526,3.646,3.392,2.269047377204804,3.4729261437583148,3.2052400846114475,,
160.12183823300074,2.526,3.646,3.392,2.269047377204804,3.4729261437583148,3.2052400846114475,,
160.17215771700012,2.5060000000000002,3.5359999999999996,3.4019999999999997,2.2467612245185293,3.357260192478384,3.2158208905347943,,
160.22248492800009,2.5060000000000002,3.5359999999999996,3.4019999999999997,2.2467612245185293,3.357260192478384,3.2158208905347943,,
160.27282868100065,2.5060000000000002,3.5359999999999996,3.4019999999999997,2.2467612245185293,3.357260192478384,3.2158208905347943,,
160.32299255100043,2.556,3.506,3.3819999999999997,2.302397880471575,3.3256482074927884,3.1946555369867338,,
160.37334932700014,2.556,3.506,3.3819999999999997,2.302397880471575,3.3256482074927884,3.1946555369867338,,
160.42357345500022,2.556,3.456,3.3819999999999997,2.302397880471575,3.272894132109989,3.1946555369867338,,
160.47390492700015,2.5759999999999996,3.456,3.392,2.3245808224279916,3.272894132109989,3.2052400846114475,,
160.52416813800028,2.5759999999999996,3.456,3.392,2.3245808224279916,3.272894132109989,3.2052400846114475,,
160.57450191000044,2.5759999999999996,3.476,3.392,2.3245808224279916,3.29400607163982,3.2052400846114475,,
160.62483856500057,2.5860000000000003,3.476,3.3819999999999997,2.3356575091395575,3.29400607163982,3.1946555369867338,,
160.67517243800012,2.5860000000000003,3.476,3.3819999999999997,2.3356575091395575,3.29400607163982,3.1946555369867338,,
160.72532032800063,2.6159999999999997,3.476,3.3819999999999997,2.3688300909942863,3.29400607163982,3.1946555369867338,,
160.77565228999993,2.6159999999999997,3.476,3.4019999999999997,2.3688300909942863,3.29400607163982,3.2158208905347943,,
160.82579796200025,2.6159999999999997,3.476,3.4019999999999997,2.3688300909942863,3.29400607163982,3.2158208905347943,,
160.8761291260007,2.636,3.4459999999999997,3.4019999999999997,2.390898575849674,3.262332907598487,3.2158208905347943,,
160.9264687800005,2.636,3.4459999999999997,3.412,2.390898575849674,3.262332907598487,3.226397991568926,,
160.97680903800028,2.636,3.4459999999999997,3.412,2.390898575849674,3.262332907598487,3.226397991568926,,
161.02687962500022,2.646,3.4259999999999997,3.392,2.401919232613786,3.241199777860044,3.2052400846114475,,
161.07721761599987,2.646,3.4259999999999997,3.392,2.401919232613786,3.241199777860044,3.2052400846114475,,
161.12730335800006,2.646,3.4259999999999997,3.392,2.401919232613786,3.241199777860044,3.2052400846114475,,
161.17762785100058,2.6660000000000004,3.396,3.432,2.423933992500621,3.209472853912305,3.247541223756828,,
161.2279359990007,2.6660000000000004,3.396,3.432,2.423933992500621,3.209472853912305,3.247541223756828,,
161.27824879200034,2.6660000000000004,3.396,3.432,2.423933992500621,3.209472853912305,3.247541223756828,,
161.32846848500049,2.636,3.3859999999999997,3.3819999999999997,2.390898575849674,3.1988898074175665,3.1946555369867338,,
161.3788060450006,2.636,3.3859999999999997,3.3819999999999997,2.390898575849674,3.1988898074175665,3.1946555369867338,,
161.42913184200006,2.636,3.3859999999999997,3.3819999999999997,2.390898575849674,3.1988898074175665,3.1946555369867338,,
161.4794724530002,2.6660000000000004,3.3059999999999996,3.3819999999999997,2.423933992500621,3.1140867039952496,3.1946555369867338,,
161.52980428400042,2.6660000000000004,3.3059999999999996,3.3819999999999997,2.423933992500621,3.1140867039952496,3.1946555369867338,,
161.5801410670001,2.6660000000000004,3.2859999999999996,3.3819999999999997,2.423933992500621,3.092845938613819,3.1946555369867338,,
161.63048206300027,2.6959999999999997,3.2859999999999996,3.4019999999999997,2.4568915319972917,3.092845938613819,3.2158208905347943,,
161.68081836700003,2.6959999999999997,3.2859999999999996,3.4019999999999997,2.4568915319972917,3.092845938613819,3.2158208905347943,,
161.73114826800065,2.6959999999999997,3.2859999999999996,3.4019999999999997,2.4568915319972917,3.092845938613819,3.2158208905347943,,
161.7814898430006,2.686,3.2859999999999996,3.4019999999999997,2.4459141440369487,3.092845938613819,3.2158208905347943,,
161.8318209550007,2.686,3.2859999999999996,3.4019999999999997,2.4459141440369487,3.092845938613819,3.2158208905347943,,
161.88198021900007,2.726,3.276,3.4019999999999997,2.489774286958559,3.0822193302878365,3.2158208905347943,,
161.93231766500048,2.726,3.276,3.392,2.489774286958559,3.0822193302878365,3.2052400846114475,,
161.9826603950005,2.726,3.276,3.392,2.489774286958559,3.0822193302878365,3.2052400846114475,,
162.03279223000027,2.6959999999999997,3.2659999999999996,3.392,2.4568915319972917,3.0715885141079684,3.2052400846114475,,
162.08290801800013,2.6959999999999997,3.2659999999999996,3.3819999999999997,2.4568915319972917,3.0715885141079684,3.1946555369867338,,
162.13336778200028,2.6959999999999997,3.2659999999999996,3.3819999999999997,2.4568915319972917,3.0715885141079684,3.1946555369867338,,
162.18364941000073,2.6959999999999997,3.2659999999999996,3.3819999999999997,2.4568915319972917,3.0715885141079684,3.1946555369867338,,
162.23398603900023,2.6959999999999997,3.2659999999999996,3.3819999999999997,2.4568915319972917,3.0715885141079684,3.1946555369867338,,
162.284330814,2.6959999999999997,3.2659999999999996,3.3819999999999997,2.4568915319972917,3.0715885141079684,3.1946555369867338,,
162.33465084399995,2.7359999999999998,3.256,3.3819999999999997,2.5007190965800214,3.060953446232072,3.1946555369867338,,
162.3847756310006,2.7359999999999998,3.256,3.3819999999999997,2.5007190965800214,3.060953446232072,3.1946555369867338,,
162.43491509700016,2.7359999999999998,3.256,3.3819999999999997,2.5007190965800214,3.060953446232072,3.1946555369867338,,
162.48521032500048,2.7459999999999996,3.256,3.432,2.511656027405026,3.060953446232072,3.247541223756828,,
162.53554084500047,2.7459999999999996,3.256,3.432,2.511656027405026,3.060953446232072,3.247541223756828,,
162.58568509700035,2.7459999999999996,3.206,3.432,2.511656027405026,3.0077127522421416,3.247541223756828,,
162.63585576700007,2.7560000000000002,3.206,3.392,2.5225851819116043,3.0077127522421416,3.2052400846114475,,
162.6861648640006,2.7560000000000002,3.206,3.392,2.5225851819116043,3.0077127522421416,3.2052400846114475,,
162.73650027800068,2.7560000000000002,3.1759999999999997,3.392,2.5225851819116043,2.975714368013166,3.2052400846114475,,
162.78683822200037,2.7960000000000003,3.1759999999999997,3.392,2.566226022781314,2.975714368013166,3.2052400846114475,,
162.83718155400038,2.7960000000000003,3.1759999999999997,3.392,2.566226022781314,2.975714368013166,3.2052400846114475,,
162.8873254350001,2.8259999999999996,3.106,3.392,2.5988797586652597,2.9008853820859586,3.2052400846114475,,
162.93764852700042,2.8259999999999996,3.106,3.392,2.5988797586652597,2.9008853820859586,3.2052400846114475,,
162.98801018300037,2.8259999999999996,3.106,3.392,2.5988797586652597,2.9008853820859586,3.2052400846114475,,
163.03834889800055,2.846,3.146,3.392,2.620613668589859,2.943673894982255,3.2052400846114475,,
163.08869068000058,2.846,3.146,3.392,2.620613668589859,2.943673894982255,3.2052400846114475,,
163.13901783800065,2.846,3.146,3.392,2.620613668589859,2.943673894982255,3.2052400846114475,,
163.18919214000016,2.8760000000000003,3.1359999999999997,3.4419999999999997,2.6531633948929723,2.932984145882824,3.258107426098777,,
163.23949198399987,2.8760000000000003,3.1359999999999997,3.4419999999999997,2.6531633948929723,2.932984145882824,3.258107426098777,,
163.28963805900003,2.8760000000000003,3.1359999999999997,3.4419999999999997,2.6531633948929723,2.932984145882824,3.258107426098777,,
163.33975929100052,2.886,3.0959999999999996,3.412,2.664,2.8901757732013458,3.226397991568926,,
163.38985339900046,2.886,3.0959999999999996,3.412,2.664,2.8901757732013458,3.226397991568926,,
163.43995053100025,2.886,3.0959999999999996,3.412,2.664,2.8901757732013458,3.226397991568926,,
163.4900780120006,2.9160000000000004,3.1359999999999997,3.412,2.696471027101905,2.932984145882824,3.226397991568926,,
163.5403652290006,2.9160000000000004,3.1359999999999997,3.412,2.696471027101905,2.932984145882824,3.226397991568926,,
163.59049286000027,2.9160000000000004,3.1359999999999997,3.412,2.696471027101905,2.932984145882824,3.226397991568926,,
163.64074869400065,2.9560000000000004,3.0359999999999996,3.392,2.739678083279129,2.825808910736888,3.2052400846114475,,
163.6908422229999,2.9560000000000004,3.0359999999999996,3.392,2.739678083279129,2.825808910736888,3.2052400846114475,,
163.74096973300038,2.9560000000000004,3.066,3.392,2.739678083279129,2.8580160951261275,3.2052400846114475,,
163.79125471000043,2.926,3.066,3.432,2.7072820318540884,2.8580160951261275,3.247541223756828,,
163.8415934550003,2.926,3.066,3.432,2.7072820318540884,2.8580160951261275,3.247541223756828,,
163.89192486299999,2.926,3.0159999999999996,3.432,2.7072820318540884,2.804310253877056,3.247541223756828,,
163.9422094520005,2.9560000000000004,3.0159999999999996,3.432,2.739678083279129,2.804310253877056,3.247541223756828,,
163.99253477399998,2.9560000000000004,3.0159999999999996,3.432,2.739678083279129,2.804310253877056,3.247541223756828,,
164.04265694900005,2.9560000000000004,3.046,3.432,2.739678083279129,2.8365500171863705,3.247541223756828,,
164.09303194200038,2.9560000000000004,3.046,3.4219999999999997,2.739678083279129,2.8365500171863705,3.2369714240320375,,
164.1433319200005,2.9560000000000004,3.046,3.4219999999999997,2.739678083279129,2.8365500171863705,3.2369714240320375,,
164.1936422460003,2.9560000000000004,3.0359999999999996,3.4219999999999997,2.739678083279129,2.825808910736888,3.2369714240320375,,
164.24400057999992,2.9560000000000004,3.0359999999999996,3.4219999999999997,2.739678083279129,2.825808910736888,3.2369714240320375,,
164.29416012599995,2.9560000000000004,3.0359999999999996,3.4219999999999997,2.739678083279129,2.825808910736888,3.2369714240320375,,
165.08282824900016,2.966,3.006,3.4619999999999997,2.750464688011828,2.7935525769170693,3.279229177718446,,
165.13299642000038,2.2459999999999996,3.396,4.792,1.9525409086623506,3.209472853912305,4.661669657965909,,
165.1831307780003,2.206,3.4459999999999997,4.792,1.9063934536186387,3.262332907598487,4.661669657965909,,
165.23335607600075,2.206,3.4459999999999997,4.792,1.9063934536186387,3.262332907598487,4.661669657965909,,
165.2859843920005,2.206,3.4459999999999997,4.792,1.9063934536186387,3.262332907598487,4.661669657965909,,
165.3361426040001,2.3360000000000003,3.396,4.812,2.055430855076376,3.209472853912305,4.6822263935012804,,
165.38622215400028,2.3360000000000003,3.396,4.812,2.055430855076376,3.209472853912305,4.6822263935012804,,
165.43631528100013,2.3360000000000003,3.396,4.812,2.055430855076376,3.209472853912305,4.6822263935012804,,
165.48639783700037,2.4859999999999998,3.396,4.792,2.224431612794603,3.209472853912305,4.661669657965909,,
165.53658889899998,2.4859999999999998,3.396,4.792,2.224431612794603,3.209472853912305,4.661669657965909,,
165.5866988960006,2.4859999999999998,3.396,4.792,2.224431612794603,3.209472853912305,4.661669657965909,,
165.6368495020006,2.596,3.4059999999999997,4.772,2.346724525801868,3.2200521734903607,4.641108057350098,,
165.6869846720001,2.596,3.4059999999999997,4.772,2.346724525801868,3.2200521734903607,4.641108057350098,,
165.737136146,2.596,3.396,4.772,2.346724525801868,3.209472853912305,4.641108057350098,,
165.7874674929999,2.4459999999999997,3.396,4.772,2.1796366669699787,3.209472853912305,4.641108057350098,,
165.83760272200016,2.4459999999999997,3.396,4.772,2.1796366669699787,3.209472853912305,4.641108057350098,,
165.8876962029999,2.4459999999999997,3.416,4.772,2.1796366669699787,3.2306278027652766,4.641108057350098,,
165.93785013200068,2.436,3.416,4.812,2.1684086330763397,3.2306278027652766,4.6822263935012804,,
165.9880178680005,2.436,3.416,4.812,2.1684086330763397,3.2306278027652766,4.6822263935012804,,
166.03815819900046,2.2859999999999996,3.396,4.812,1.998423378566213,3.209472853912305,4.6822263935012804,,
166.08827883600043,2.2859999999999996,3.396,4.772,1.998423378566213,3.209472853912305,4.641108057350098,,
166.1384137720006,2.2859999999999996,3.396,4.772,1.998423378566213,3.209472853912305,4.641108057350098,,
166.18874069699996,2.2859999999999996,3.396,4.772,1.998423378566213,3.209472853912305,4.641108057350098,,
166.23906938300024,2.2859999999999996,3.396,4.772,1.998423378566213,3.209472853912305,4.641108057350098,,
166.2893892080001,2.2859999999999996,3.396,4.772,1.998423378566213,3.209472853912305,4.641108057350098,,
166.3396755800004,2.226,3.4059999999999997,4.732,1.9295014900227467,3.2200521734903607,4.599969999902174,,
166.3900137970004,2.226,3.4059999999999997,4.732,1.9295014900227467,3.2200521734903607,4.599969999902174,,
166.44036530100038,2.226,3.4059999999999997,4.732,1.9295014900227467,3.2200521734903607,4.599969999902174,,
166.49065391400018,2.2359999999999998,3.4059999999999997,4.792,1.941029623679144,3.2200521734903607,4.661669657965909,,
166.54101917800017,2.2359999999999998,3.4059999999999997,4.792,1.941029623679144,3.2200521734903607,4.661669657965909,,
166.59136495500024,2.2359999999999998,3.4059999999999997,4.792,1.941029623679144,3.2200521734903607,4.661669657965909,,
166.6416410790007,2.2459999999999996,3.3859999999999997,4.792,1.9525409086623506,3.1988898074175665,4.661669657965909,,
166.69173556400074,2.2459999999999996,3.3859999999999997,4.792,1.9525409086623506,3.1988898074175665,4.661669657965909,,
166.74187495500064,2.2459999999999996,3.396,4.792,1.9525409086623506,3.209472853912305,4.661669657965909,,
166.79215387600016,2.216,3.396,4.772,1.9179562038795364,3.209472853912305,4.641108057350098,,
166.84229246199993,2.216,3.396,4.772,1.9179562038795364,3.209472853912305,4.641108057350098,,
166.89242080200074,2.216,3.3659999999999997,4.772,1.9179562038795364,3.177712384719548,4.641108057350098,,
166.9425618940004,2.2359999999999998,3.3659999999999997,4.792,1.941029623679144,3.177712384719548,4.661669657965909,,
166.99285237599997,2.2359999999999998,3.3659999999999997,4.792,1.941029623679144,3.177712384719548,4.661669657965909,,
167.0431736720002,2.226,3.4059999999999997,4.792,1.9295014900227467,3.2200521734903607,4.661669657965909,,
167.09331226799986,2.226,3.4059999999999997,4.812,1.9295014900227467,3.2200521734903607,4.6822263935012804,,
167.14344575500036,2.226,3.4059999999999997,4.812,1.9295014900227467,3.2200521734903607,4.6822263935012804,,
167.19377868100037,2.2359999999999998,3.3859999999999997,4.812,1.941029623679144,3.1988898074175665,4.6822263935012804,,
167.24410996400002,2.2359999999999998,3.3859999999999997,4.772,1.941029623679144,3.1988898074175665,4.641108057350098,,
167.29420064199985,2.2359999999999998,3.3859999999999997,4.772,1.941029623679144,3.1988898074175665,4.641108057350098,,
167.34430210200026,2.216,3.3659999999999997,4.792,1.9179562038795364,3.177712384719548,4.661669657965909,,
167.3944730660005,2.216,3.3659999999999997,4.792,1.9179562038795364,3.177712384719548,4.661669657965909,,
167.44460698200055,2.216,3.3659999999999997,4.792,1.9179562038795364,3.177712384719548,4.661669657965909,,
167.49480927100012,2.226,3.416,4.752,1.9295014900227467,3.2306278027652766,4.620541526704419,,
167.54513094699996,2.226,3.416,4.752,1.9295014900227467,3.2306278027652766,4.620541526704419,,
167.59529183300037,2.226,3.416,4.752,1.9295014900227467,3.2306278027652766,4.620541526704419,,
167.64560893700036,2.2459999999999996,3.3859999999999997,4.772,1.9525409086623506,3.1988898074175665,4.641108057350098,,
167.69575643999997,2.2459999999999996,3.3859999999999997,4.772,1.9525409086623506,3.1988898074175665,4.641108057350098,,
167.7460806500003,2.2459999999999996,3.3859999999999997,4.772,1.9525409086623506,3.1988898074175665,4.641108057350098,,
167.79629639500035,2.2359999999999998,3.416,4.772,1.941029623679144,3.2306278027652766,4.641108057350098,,
167.84661765300007,2.2359999999999998,3.416,4.772,1.941029623679144,3.2306278027652766,4.641108057350098,,
167.89672711500043,2.2359999999999998,3.3659999999999997,4.772,1.941029623679144,3.177712384719548,4.641108057350098,,
167.9470688750007,2.2359999999999998,3.3659999999999997,4.792,1.941029623679144,3.177712384719548,4.661669657965909,,
167.99729216600008,2.2359999999999998,3.3659999999999997,4.792,1.941029623679144,3.177712384719548,4.661669657965909,,
168.04758445700008,2.2359999999999998,3.396,4.792,1.941029623679144,3.209472853912305,4.661669657965909,,
168.09774835999997,2.2359999999999998,3.396,4.792,1.941029623679144,3.209472853912305,4.661669657965909,,
168.14807547000055,2.2359999999999998,3.396,4.792,1.941029623679144,3.209472853912305,4.661669657965909,,
168.19842266700016,2.2359999999999998,3.4059999999999997,4.792,1.941029623679144,3.2200521734903607,4.661669657965909,,
168.24875085500025,2.2359999999999998,3.4059999999999997,4.812,1.941029623679144,3.2200521734903607,4.6822263935012804,,
168.2989127589999,2.2359999999999998,3.4059999999999997,4.812,1.941029623679144,3.2200521734903607,4.6822263935012804,,
168.34920213199985,2.226,3.396,4.812,1.9295014900227467,3.209472853912305,4.6822263935012804,,
168.39954483900055,2.226,3.396,4.812,1.9295014900227467,3.209472853912305,4.6822263935012804,,
168.44990068600055,2.226,3.396,4.812,1.9295014900227467,3.209472853912305,4.6822263935012804,,
168.50201378100064,2.216,3.4059999999999997,4.792,1.9179562038795364,3.2200521734903607,4.661669657965909,,
168.5523508410006,2.216,3.4059999999999997,4.792,1.9179562038795364,3.2200521734903607,4.661669657965909,,
168.6026845310007,2.216,3.4059999999999997,4.792,1.9179562038795364,3.2200521734903607,4.661669657965909,,
168.65301997999995,2.206,3.3459999999999996,4.792,1.9063934536186387,3.156519602346863,4.661669657965909,,
168.70314373200017,2.206,3.3459999999999996,4.792,1.9063934536186387,3.156519602346863,4.661669657965909,,
168.7534737320002,2.206,3.3459999999999996,4.792,1.9063934536186387,3.156519602346863,4.661669657965909,,
168.80379985000036,2.2359999999999998,3.4059999999999997,4.772,1.941029623679144,3.2200521734903607,4.641108057350098,,
168.85413233800045,2.2359999999999998,3.4059999999999997,4.772,1.941029623679144,3.2200521734903607,4.641108057350098,,
168.90429454400055,2.2359999999999998,3.3659999999999997,4.772,1.941029623679144,3.177712384719548,4.641108057350098,,
168.95462209900052,2.216,3.3659999999999997,4.792,1.9179562038795364,3.177712384719548,4.661669657965909,,
169.00497632000042,2.216,3.3659999999999997,4.792,1.9179562038795364,3.177712384719548,4.661669657965909,,
169.05510544300068,2.216,3.396,4.792,1.9179562038795364,3.209472853912305,4.661669657965909,,
169.10543753000002,2.216,3.396,4.772,1.9179562038795364,3.209472853912305,4.641108057350098,,
169.15565830200012,2.216,3.396,4.772,1.9179562038795364,3.209472853912305,4.641108057350098,,
169.2060256900004,2.216,3.396,4.772,1.9179562038795364,3.209472853912305,4.641108057350098,,
169.2563682959999,2.216,3.396,4.772,1.9179562038795364,3.209472853912305,4.641108057350098,,
169.30651043099988,2.216,3.396,4.772,1.9179562038795364,3.209472853912305,4.641108057350098,,
169.35683169100048,2.2560000000000002,3.416,4.772,1.9640356412244664,3.2306278027652766,4.641108057350098,,
169.40716442800021,2.2560000000000002,3.416,4.772,1.9640356412244664,3.2306278027652766,4.641108057350098,,
169.4573100990001,2.2560000000000002,3.416,4.772,1.9640356412244664,3.2306278027652766,4.641108057350098,,
169.50746488799996,2.2359999999999998,3.396,4.772,1.941029623679144,3.209472853912305,4.641108057350098,,
169.55778782800007,2.2359999999999998,3.396,4.772,1.941029623679144,3.209472853912305,4.641108057350098,,
169.60796971299987,2.2359999999999998,3.396,4.772,1.941029623679144,3.209472853912305,4.641108057350098,,
169.65820061200066,2.1959999999999997,3.416,4.772,1.894812919525302,3.2306278027652766,4.641108057350098,,
169.70851940100056,2.1959999999999997,3.416,4.772,1.894812919525302,3.2306278027652766,4.641108057350098,,
169.7588483489999,2.1959999999999997,3.416,4.772,1.894812919525302,3.2306278027652766,4.641108057350098,,
169.80917383399992,2.2359999999999998,3.396,4.792,1.941029623679144,3.209472853912305,4.661669657965909,,
169.85949376700046,2.2359999999999998,3.396,4.792,1.941029623679144,3.209472853912305,4.661669657965909,,
169.9096580180003,2.2359999999999998,3.416,4.792,1.941029623679144,3.2306278027652766,4.661669657965909,,
169.9599333390006,2.226,3.416,4.792,1.9295014900227467,3.2306278027652766,4.661669657965909,,
170.01028281300023,2.226,3.416,4.792,1.9295014900227467,3.2306278027652766,4.661669657965909,,
170.06061150000005,2.226,3.416,4.792,1.9295014900227467,3.2306278027652766,4.661669657965909,,
170.11091496300014,2.2560000000000002,3.416,4.772,1.9640356412244664,3.2306278027652766,4.641108057350098,,
170.1611146740006,2.2560000000000002,3.416,4.772,1.9640356412244664,3.2306278027652766,4.641108057350098,,
170.21127994400013,2.2459999999999996,3.4059999999999997,4.772,1.9525409086623506,3.2200521734903607,4.641108057350098,,
170.26161987400064,2.2459999999999996,3.4059999999999997,4.772,1.9525409086623506,3.2200521734903607,4.641108057350098,,
170.3119868900003,2.2459999999999996,3.4059999999999997,4.772,1.9525409086623506,3.2200521734903607,4.641108057350098,,
170.36226604400053,2.2359999999999998,3.3859999999999997,4.772,1.941029623679144,3.1988898074175665,4.641108057350098,,
170.41240595399995,2.2359999999999998,3.3859999999999997,4.772,1.941029623679144,3.1988898074175665,4.641108057350098,,
170.46274169800017,2.2359999999999998,3.3859999999999997,4.772,1.941029623679144,3.1988898074175665,4.641108057350098,,
170.51306086300065,2.1959999999999997,3.356,4.772,1.894812919525302,3.167117932758425,4.641108057350098,,
170.56328496200058,2.1959999999999997,3.356,4.772,1.894812919525302,3.167117932758425,4.641108057350098,,
170.6136045610001,2.1959999999999997,3.356,4.772,1.894812919525302,3.167117932758425,4.641108057350098,,
170.66398075600046,2.2359999999999998,3.396,4.772,1.941029623679144,3.209472853912305,4.641108057350098,,
170.71426693400008,2.2359999999999998,3.396,4.772,1.941029623679144,3.209472853912305,4.641108057350098,,
170.76459414700003,2.2359999999999998,3.396,4.772,1.941029623679144,3.209472853912305,4.641108057350098,,
170.81492012499984,2.2359999999999998,3.416,4.832,1.941029623679144,3.2306278027652766,4.702778327754775,,
170.86517602700042,2.2359999999999998,3.416,4.832,1.941029623679144,3.2306278027652766,4.702778327754775,,
170.91537108100056,2.2359999999999998,3.416,4.832,1.941029623679144,3.2306278027652766,4.702778327754775,,
170.9656919830004,2.216,3.3859999999999997,4.752,1.9179562038795364,3.1988898074175665,4.620541526704419,,
171.01602735600045,2.216,3.3859999999999997,4.752,1.9179562038795364,3.1988898074175665,4.620541526704419,,
171.06637457800025,2.216,3.416,4.752,1.9179562038795364,3.2306278027652766,4.620541526704419,,
171.11650738200024,2.226,3.416,4.792,1.9295014900227467,3.2306278027652766,4.661669657965909,,
171.16684333800004,2.226,3.416,4.792,1.9295014900227467,3.2306278027652766,4.661669657965909,,
171.21717617600007,2.226,3.4259999999999997,4.792,1.9295014900227467,3.241199777860044,4.661669657965909,,
171.26734026300073,2.2359999999999998,3.4259999999999997,4.792,1.941029623679144,3.241199777860044,4.661669657965909,,
171.3176562260005,2.2359999999999998,3.4259999999999997,4.792,1.941029623679144,3.241199777860044,4.661669657965909,,
171.3680190640007,2.226,3.396,4.792,1.9295014900227467,3.209472853912305,4.661669657965909,,
171.4183625780006,2.226,3.396,4.772,1.9295014900227467,3.209472853912305,4.641108057350098,,
171.4686952689999,2.226,3.396,4.772,1.9295014900227467,3.209472853912305,4.641108057350098,,
171.51901910300057,2.2459999999999996,3.3859999999999997,4.772,1.9525409086623506,3.1988898074175665,4.641108057350098,,
171.5693647220005,2.2459999999999996,3.3859999999999997,4.812,1.9525409086623506,3.1988898074175665,4.6822263935012804,,
171.61970667900005,2.2459999999999996,3.3859999999999997,4.812,1.9525409086623506,3.1988898074175665,4.6822263935012804,,
171.67002971300008,2.2359999999999998,3.4259999999999997,4.832,1.941029623679144,3.241199777860044,4.702778327754775,,
171.7201807420006,2.2359999999999998,3.4259999999999997,4.832,1.941029623679144,3.241199777860044,4.702778327754775,,
171.77051454400043,2.2359999999999998,3.4259999999999997,4.832,1.941029623679144,3.241199777860044,4.702778327754775,,
171.82084627200038,2.2359999999999998,3.3659999999999997,4.792,1.941029623679144,3.177712384719548,4.661669657965909,,
171.8711677880001,2.2359999999999998,3.3659999999999997,4.792,1.941029623679144,3.177712384719548,4.661669657965909,,
171.92148803800046,2.2359999999999998,3.3659999999999997,4.792,1.941029623679144,3.177712384719548,4.661669657965909,,
171.97182145700026,2.2459999999999996,3.416,4.792,1.9525409086623506,3.2306278027652766,4.661669657965909,,
172.02213834400027,2.2459999999999996,3.416,4.792,1.9525409086623506,3.2306278027652766,4.661669657965909,,
172.07230133400026,2.2459999999999996,3.3659999999999997,4.792,1.9525409086623506,3.177712384719548,4.661669657965909,,
172.12262424900018,2.2359999999999998,3.3659999999999997,4.772,1.941029623679144,3.177712384719548,4.641108057350098,,
172.17284721000033,2.2359999999999998,3.3659999999999997,4.772,1.941029623679144,3.177712384719548,4.641108057350098,,
172.22319153300032,2.2359999999999998,3.3659999999999997,4.772,1.941029623679144,3.177712384719548,4.641108057350098,,
172.27335175999997,2.2359999999999998,3.3659999999999997,4.772,1.941029623679144,3.177712384719548,4.641108057350098,,
172.32367056600015,2.2359999999999998,3.3659999999999997,4.772,1.941029623679144,3.177712384719548,4.641108057350098,,
172.37397621900072,2.2459999999999996,3.3659999999999997,4.772,1.9525409086623506,3.177712384719548,4.641108057350098,,
172.42420130900064,2.2459999999999996,3.3659999999999997,4.772,1.9525409086623506,3.177712384719548,4.641108057350098,,
172.47452134600007,2.2459999999999996,3.3659999999999997,4.772,1.9525409086623506,3.177712384719548,4.641108057350098,,
172.52480463700067,2.216,3.416,4.772,1.9179562038795364,3.2306278027652766,4.641108057350098,,
172.5751422230005,2.216,3.416,4.792,1.9179562038795364,3.2306278027652766,4.661669657965909,,
172.62547042300048,2.216,3.416,4.792,1.9179562038795364,3.2306278027652766,4.661669657965909,,
172.6756361960006,2.2359999999999998,3.396,4.772,1.941029623679144,3.209472853912305,4.641108057350098,,
172.7260022720002,2.2359999999999998,3.396,4.772,1.941029623679144,3.209472853912305,4.641108057350098,,
172.77635142200052,2.2359999999999998,3.396,4.772,1.941029623679144,3.209472853912305,4.641108057350098,,
172.82665369200004,2.216,3.4059999999999997,4.772,1.9179562038795364,3.2200521734903607,4.641108057350098,,
172.87702518700007,2.216,3.4059999999999997,4.772,1.9179562038795364,3.2200521734903607,4.641108057350098,,
172.92736117700042,2.216,3.4059999999999997,4.772,1.9179562038795364,3.2200521734903607,4.641108057350098,,
172.97768364000058,2.226,3.416,4.812,1.9295014900227467,3.2306278027652766,4.6822263935012804,,
173.0280171710001,2.226,3.416,4.812,1.9295014900227467,3.2306278027652766,4.6822263935012804,,
173.07817256199996,2.226,3.4059999999999997,4.812,1.9295014900227467,3.2200521734903607,4.6822263935012804,,
173.12851401900025,2.226,3.4059999999999997,4.752,1.9295014900227467,3.2200521734903607,4.620541526704419,,
173.17885230499996,2.226,3.4059999999999997,4.752,1.9295014900227467,3.2200521734903607,4.620541526704419,,
173.22917366000001,2.226,3.3859999999999997,4.752,1.9295014900227467,3.1988898074175665,4.620541526704419,,
173.27950598999996,2.2359999999999998,3.3859999999999997,4.772,1.941029623679144,3.1988898074175665,4.641108057350098,,
173.32980423800018,2.2359999999999998,3.3859999999999997,4.772,1.941029623679144,3.1988898074175665,4.641108057350098,,
173.37998650700047,2.216,3.4059999999999997,4.772,1.9179562038795364,3.2200521734903607,4.641108057350098,,
173.43030118300067,2.216,3.4059999999999997,4.772,1.9179562038795364,3.2200521734903607,4.641108057350098,,
173.48062351800036,2.216,3.4059999999999997,4.772,1.9179562038795364,3.2200521734903607,4.641108057350098,,
173.53098175700052,2.216,3.4059999999999997,4.772,1.9179562038795364,3.2200521734903607,4.641108057350098,,
173.58123148699997,2.216,3.4059999999999997,4.752,1.9179562038795364,3.2200521734903607,4.620541526704419,,
173.63155976000053,2.216,3.4059999999999997,4.752,1.9179562038795364,3.2200521734903607,4.620541526704419,,
173.68172294800024,2.206,3.396,4.792,1.9063934536186387,3.209472853912305,4.661669657965909,,
173.73205366599996,2.206,3.396,4.792,1.9063934536186387,3.209472853912305,4.661669657965909,,
173.78218321900022,2.206,3.396,4.792,1.9063934536186387,3.209472853912305,4.661669657965909,,
173.83248942200044,2.1959999999999997,3.4259999999999997,4.792,1.894812919525302,3.241199777860044,4.661669657965909,,
173.88282281600004,2.1959999999999997,3.4259999999999997,4.792,1.894812919525302,3.241199777860044,4.661669657965909,,
173.93314259399995,2.1959999999999997,3.4259999999999997,4.792,1.894812919525302,3.241199777860044,4.661669657965909,,
173.9834820619999,2.226,3.416,4.812,1.9295014900227467,3.2306278027652766,4.6822263935012804,,
174.03382160100045,2.226,3.416,4.812,1.9295014900227467,3.2306278027652766,4.6822263935012804,,
174.0839751980002,2.226,3.3859999999999997,4.812,1.9295014900227467,3.1988898074175665,4.6822263935012804,,
174.13426279800024,2.2459999999999996,3.3859999999999997,4.792,1.9525409086623506,3.1988898074175665,4.661669657965909,,
174.18439005600067,2.2459999999999996,3.3859999999999997,4.792,1.9525409086623506,3.1988898074175665,4.661669657965909,,
174.23471345300004,2.2459999999999996,3.396,4.792,1.9525409086623506,3.209472853912305,4.661669657965909,,
174.28501504799988,2.2359999999999998,3.396,4.772,1.941029623679144,3.209472853912305,4.641108057350098,,
174.33534882500044,2.2359999999999998,3.396,4.772,1.941029623679144,3.209472853912305,4.641108057350098,,
174.38570058799996,2.2459999999999996,3.4059999999999997,4.772,1.9525409086623506,3.2200521734903607,4.641108057350098,,
174.4360333880004,2.2459999999999996,3.4059999999999997,4.772,1.9525409086623506,3.2200521734903607,4.641108057350098,,
174.48637754300034,2.2459999999999996,3.4059999999999997,4.772,1.9525409086623506,3.2200521734903607,4.641108057350098,,
174.5367147040006,2.1959999999999997,3.396,4.772,1.894812919525302,3.209472853912305,4.641108057350098,,
174.58703894200062,2.1959999999999997,3.396,4.792,1.894812919525302,3.209472853912305,4.661669657965909,,
174.6373820230001,2.1959999999999997,3.396,4.792,1.894812919525302,3.209472853912305,4.661669657965909,,
174.68753782400017,2.2359999999999998,3.4259999999999997,4.812,1.941029623679144,3.241199777860044,4.6822263935012804,,
174.73787836200063,2.2359999999999998,3.4259999999999997,4.812,1.941029623679144,3.241199777860044,4.6822263935012804,,
174.78809310500037,2.2359999999999998,3.4259999999999997,4.812,1.941029623679144,3.241199777860044,4.6822263935012804,,
174.83824190300038,2.2359999999999998,3.4059999999999997,4.792,1.941029623679144,3.2200521734903607,4.661669657965909,,
174.88856016800037,2.2359999999999998,3.4059999999999997,4.792,1.941029623679144,3.2200521734903607,4.661669657965909,,
174.9388907700004,2.2359999999999998,3.4059999999999997,4.792,1.941029623679144,3.2200521734903607,4.661669657965909,,
174.98921356600022,2.206,3.3659999999999997,4.772,1.9063934536186387,3.177712384719548,4.641108057350098,,
175.03953745700073,2.206,3.3659999999999997,4.772,1.9063934536186387,3.177712384719548,4.641108057350098,,
175.08967748600026,2.206,3.3659999999999997,4.772,1.9063934536186387,3.177712384719548,4.641108057350098,,
175.14001947999986,2.2459999999999996,3.396,4.772,1.9525409086623506,3.209472853912305,4.641108057350098,,
175.19033600500006,2.2459999999999996,3.396,4.772,1.9525409086623506,3.209472853912305,4.641108057350098,,
175.2406813309999,2.2459999999999996,3.396,4.772,1.9525409086623506,3.209472853912305,4.641108057350098,,
175.29101090200038,2.2459999999999996,3.396,4.772,1.9525409086623506,3.209472853912305,4.641108057350098,,
175.34133334299986,2.2459999999999996,3.396,4.772,1.9525409086623506,3.209472853912305,4.641108057350098,,
175.39165658300044,2.2459999999999996,3.4259999999999997,4.772,1.9525409086623506,3.241199777860044,4.641108057350098,,
175.4420181680007,2.2560000000000002,3.4259999999999997,4.812,1.9640356412244664,3.241199777860044,4.6822263935012804,,
175.49236883699996,2.2560000000000002,3.4259999999999997,4.812,1.9640356412244664,3.241199777860044,4.6822263935012804,,
175.5426893419999,2.2459999999999996,3.416,4.812,1.9525409086623506,3.2306278027652766,4.6822263935012804,,
175.5930215520002,2.2459999999999996,3.416,4.772,1.9525409086623506,3.2306278027652766,4.641108057350098,,
175.64336628900037,2.2459999999999996,3.416,4.772,1.9525409086623506,3.2306278027652766,4.641108057350098,,
175.69369667200044,2.276,3.396,4.772,1.9869765977484484,3.209472853912305,4.641108057350098,,
175.7440559380002,2.276,3.396,4.772,1.9869765977484484,3.209472853912305,4.641108057350098,,
175.7942429170007,2.276,3.396,4.772,1.9869765977484484,3.209472853912305,4.641108057350098,,
175.8445673390006,2.2359999999999998,3.396,4.812,1.941029623679144,3.209472853912305,4.6822263935012804,,
175.8949047470005,2.2359999999999998,3.396,4.812,1.941029623679144,3.209472853912305,4.6822263935012804,,
175.94522881000012,2.2359999999999998,3.396,4.812,1.941029623679144,3.209472853912305,4.6822263935012804,,
175.99555741899985,2.2359999999999998,3.356,4.772,1.941029623679144,3.167117932758425,4.641108057350098,,
176.04588530599995,2.2359999999999998,3.356,4.772,1.941029623679144,3.167117932758425,4.641108057350098,,
176.0960558630004,2.2359999999999998,3.356,4.772,1.941029623679144,3.167117932758425,4.641108057350098,,
176.1461634440002,2.2459999999999996,3.416,4.752,1.9525409086623506,3.2306278027652766,4.620541526704419,,
176.19648385300025,2.2459999999999996,3.416,4.752,1.9525409086623506,3.2306278027652766,4.620541526704419,,
176.24681977,2.2459999999999996,3.416,4.752,1.9525409086623506,3.2306278027652766,4.620541526704419,,
176.29715060200033,2.2560000000000002,3.416,4.792,1.9640356412244664,3.2306278027652766,4.661669657965909,,
176.34749062800074,2.2560000000000002,3.416,4.792,1.9640356412244664,3.2306278027652766,4.661669657965909,,
176.39782105500035,2.2560000000000002,3.3859999999999997,4.792,1.9640356412244664,3.1988898074175665,4.661669657965909,,
176.44815561999985,2.216,3.3859999999999997,4.812,1.9179562038795364,3.1988898074175665,4.6822263935012804,,
176.49847354099984,2.216,3.3859999999999997,4.812,1.9179562038795364,3.1988898074175665,4.6822263935012804,,
176.54880395800046,2.206,3.396,4.812,1.9063934536186387,3.209472853912305,4.6822263935012804,,
176.5991340440005,2.206,3.396,4.792,1.9063934536186387,3.209472853912305,4.661669657965909,,
176.64948386700053,2.206,3.396,4.792,1.9063934536186387,3.209472853912305,4.661669657965909,,
176.6998110200002,2.2359999999999998,3.3459999999999996,4.792,1.941029623679144,3.156519602346863,4.661669657965909,,
176.75000695500057,2.2359999999999998,3.3459999999999996,4.792,1.941029623679144,3.156519602346863,4.661669657965909,,
176.80035516499993,2.2359999999999998,3.3459999999999996,4.792,1.941029623679144,3.156519602346863,4.661669657965909,,
176.8506789789999,2.2459999999999996,3.4059999999999997,4.812,1.9525409086623506,3.2200521734903607,4.6822263935012804,,
176.90100473300026,2.2459999999999996,3.4059999999999997,4.812,1.9525409086623506,3.2200521734903607,4.6822263935012804,,
176.9513270870002,2.2459999999999996,3.4059999999999997,4.812,1.9525409086623506,3.2200521734903607,4.6822263935012804,,
177.00160733400025,2.276,3.4259999999999997,4.772,1.9869765977484484,3.241199777860044,4.641108057350098,,
177.0519913090002,2.276,3.4259999999999997,4.772,1.9869765977484484,3.241199777860044,4.641108057350098,,
177.10230877899994,2.276,3.4259999999999997,4.772,1.9869765977484484,3.241199777860044,4.641108057350098,,
177.15245762700033,2.206,3.4259999999999997,4.792,1.9063934536186387,3.241199777860044,4.661669657965909,,
177.20278823600074,2.206,3.4259999999999997,4.792,1.9063934536186387,3.241199777860044,4.661669657965909,,
177.2528857090001,2.206,3.4059999999999997,4.792,1.9063934536186387,3.2200521734903607,4.661669657965909,,
177.30320623700027,2.2359999999999998,3.4059999999999997,4.812,1.941029623679144,3.2200521734903607,4.6822263935012804,,
177.3535331740004,2.2359999999999998,3.4059999999999997,4.812,1.941029623679144,3.2200521734903607,4.6822263935012804,,
177.40386472200043,2.2359999999999998,3.3859999999999997,4.812,1.941029623679144,3.1988898074175665,4.6822263935012804,,
177.4541667530002,2.206,3.3859999999999997,4.792,1.9063934536186387,3.1988898074175665,4.661669657965909,,
177.50450622000062,2.206,3.3859999999999997,4.792,1.9063934536186387,3.1988898074175665,4.661669657965909,,
177.55461836799986,2.216,3.3859999999999997,4.792,1.9179562038795364,3.1988898074175665,4.661669657965909,,
177.6049982960003,2.216,3.3859999999999997,4.772,1.9179562038795364,3.1988898074175665,4.641108057350098,,
177.65521119599998,2.216,3.3859999999999997,4.772,1.9179562038795364,3.1988898074175665,4.641108057350098,,
177.70550880300016,2.2359999999999998,3.4259999999999997,4.772,1.941029623679144,3.241199777860044,4.641108057350098,,
177.75584944900038,2.2359999999999998,3.4259999999999997,4.792,1.941029623679144,3.241199777860044,4.661669657965909,,
177.80617576800068,2.2359999999999998,3.4259999999999997,4.792,1.941029623679144,3.241199777860044,4.661669657965909,,
177.8562871640006,2.2459999999999996,3.416,4.772,1.9525409086623506,3.2306278027652766,4.641108057350098,,
177.90661074800028,2.2459999999999996,3.416,4.772,1.9525409086623506,3.2306278027652766,4.641108057350098,,
177.95672004300013,2.2459999999999996,3.416,4.772,1.9525409086623506,3.2306278027652766,4.641108057350098,,
178.00705071799985,2.1959999999999997,3.4259999999999997,4.752,1.894812919525302,3.241199777860044,4.620541526704419,,
178.05738658300015,2.1959999999999997,3.4259999999999997,4.752,1.894812919525302,3.241199777860044,4.620541526704419,,
178.10771897999985,2.1959999999999997,3.4259999999999997,4.752,1.894812919525302,3.241199777860044,4.620541526704419,,
178.15804658400066,2.1959999999999997,3.3659999999999997,4.752,1.894812919525302,3.177712384719548,4.620541526704419,,
178.20835410500058,2.1959999999999997,3.3659999999999997,4.752,1.894812919525302,3.177712384719548,4.620541526704419,,
178.25868016999993,2.1959999999999997,3.3659999999999997,4.752,1.894812919525302,3.177712384719548,4.620541526704419,,
178.3090063740001,2.1959999999999997,3.3659999999999997,4.752,1.894812919525302,3.177712384719548,4.620541526704419,,
178.35935473900008,2.1959999999999997,3.3659999999999997,4.752,1.894812919525302,3.177712384719548,4.620541526704419,,
178.40968697000062,2.1959999999999997,3.4259999999999997,4.752,1.894812919525302,3.241199777860044,4.620541526704419,,
178.4600299190006,2.226,3.4259999999999997,4.772,1.9295014900227467,3.241199777860044,4.641108057350098,,
178.51037312800054,2.226,3.4259999999999997,4.772,1.9295014900227467,3.241199777860044,4.641108057350098,,
178.5607101380001,2.226,3.396,4.772,1.9295014900227467,3.209472853912305,4.641108057350098,,
178.61104826500014,2.226,3.396,4.752,1.9295014900227467,3.209472853912305,4.620541526704419,,
178.66139315800046,2.226,3.396,4.752,1.9295014900227467,3.209472853912305,4.620541526704419,,
178.71172213200043,2.2359999999999998,3.3459999999999996,4.752,1.941029623679144,3.156519602346863,4.620541526704419,,
178.7620492290007,2.2359999999999998,3.3459999999999996,4.772,1.941029623679144,3.156519602346863,4.641108057350098,,
178.81239703200026,2.2359999999999998,3.3459999999999996,4.772,1.941029623679144,3.156519602346863,4.641108057350098,,
178.86267641799986,2.2359999999999998,3.3659999999999997,4.772,1.941029623679144,3.177712384719548,4.641108057350098,,
178.91301252300036,2.2359999999999998,3.3659999999999997,4.832,1.941029623679144,3.177712384719548,4.702778327754775,,
178.96333075700022,2.2359999999999998,3.3659999999999997,4.832,1.941029623679144,3.177712384719548,4.702778327754775,,
179.0136605460002,2.2359999999999998,3.3859999999999997,4.792,1.941029623679144,3.1988898074175665,4.661669657965909,,
179.06385132200012,2.2359999999999998,3.3859999999999997,4.792,1.941029623679144,3.1988898074175665,4.661669657965909,,
179.1141779640002,2.2359999999999998,3.3859999999999997,4.792,1.941029623679144,3.1988898074175665,4.661669657965909,,
179.16449818799992,2.216,3.4059999999999997,4.772,1.9179562038795364,3.2200521734903607,4.641108057350098,,
179.21461944900057,2.216,3.4059999999999997,4.772,1.9179562038795364,3.2200521734903607,4.641108057350098,,
179.2649774880001,2.216,3.4059999999999997,4.772,1.9179562038795364,3.2200521734903607,4.641108057350098,,
179.31528035000065,2.2560000000000002,3.4059999999999997,4.772,1.9640356412244664,3.2200521734903607,4.641108057350098,,
179.365618842,2.2560000000000002,3.4059999999999997,4.772,1.9640356412244664,3.2200521734903607,4.641108057350098,,
179.41597968600036,2.2560000000000002,3.4259999999999997,4.772,1.9640356412244664,3.241199777860044,4.641108057350098,,
179.4663337660004,2.2560000000000002,3.4259999999999997,4.792,1.9640356412244664,3.241199777860044,4.661669657965909,,
179.5166611069999,2.2560000000000002,3.4259999999999997,4.792,1.9640356412244664,3.241199777860044,4.661669657965909,,
179.56698003400015,2.2560000000000002,3.4059999999999997,4.792,1.9640356412244664,3.2200521734903607,4.661669657965909,,
179.61730057600016,2.2359999999999998,3.4059999999999997,4.772,1.941029623679144,3.2200521734903607,4.641108057350098,,
179.66762517700045,2.2359999999999998,3.4059999999999997,4.772,1.941029623679144,3.2200521734903607,4.641108057350098,,
179.7179900609999,2.216,3.4059999999999997,4.772,1.9179562038795364,3.2200521734903607,4.641108057350098,,
179.7683544320007,2.216,3.4059999999999997,4.792,1.9179562038795364,3.2200521734903607,4.661669657965909,,
179.81869231200017,2.216,3.4059999999999997,4.792,1.9179562038795364,3.2200521734903607,4.661669657965909,,
179.86900314500053,2.226,3.3459999999999996,4.792,1.9295014900227467,3.156519602346863,4.661669657965909,,
179.91932406900014,2.226,3.3459999999999996,4.772,1.9295014900227467,3.156519602346863,4.641108057350098,,
179.96964722300072,2.226,3.3459999999999996,4.772,1.9295014900227467,3.156519602346863,4.641108057350098,,
180.02001342699987,2.226,3.3859999999999997,4.812,1.9295014900227467,3.1988898074175665,4.6822263935012804,,
180.07036068300022,2.226,3.3859999999999997,4.812,1.9295014900227467,3.1988898074175665,4.6822263935012804,,
180.12071120400014,2.226,3.3859999999999997,4.812,1.9295014900227467,3.1988898074175665,4.6822263935012804,,
180.17103286100064,2.226,3.3659999999999997,4.792,1.9295014900227467,3.177712384719548,4.661669657965909,,
180.22138279699993,2.226,3.3659999999999997,4.792,1.9295014900227467,3.177712384719548,4.661669657965909,,
180.2717177530003,2.226,3.3659999999999997,4.792,1.9295014900227467,3.177712384719548,4.661669657965909,,
180.3220505850004,2.2359999999999998,3.4059999999999997,4.752,1.941029623679144,3.2200521734903607,4.620541526704419,,
180.37239535700064,2.2359999999999998,3.4059999999999997,4.752,1.941029623679144,3.2200521734903607,4.620541526704419,,
180.42273451000074,2.2359999999999998,3.4059999999999997,4.752,1.941029623679144,3.2200521734903607,4.620541526704419,,
180.473076536,2.2359999999999998,3.4059999999999997,4.752,1.941029623679144,3.2200521734903607,4.620541526704419,,
180.52340040200033,2.2359999999999998,3.4059999999999997,4.752,1.941029623679144,3.2200521734903607,4.620541526704419,,
180.57372431800013,2.2359999999999998,3.416,4.752,1.941029623679144,3.2306278027652766,4.620541526704419,,
180.62387501800004,2.226,3.416,4.792,1.9295014900227467,3.2306278027652766,4.661669657965909,,
180.6741750330002,2.226,3.416,4.792,1.9295014900227467,3.2306278027652766,4.661669657965909,,
180.7242589590005,2.2359999999999998,3.3659999999999997,4.792,1.941029623679144,3.177712384719548,4.661669657965909,,
180.77438201800032,2.2359999999999998,3.3659999999999997,4.812,1.941029623679144,3.177712384719548,4.6822263935012804,,
180.8244621290005,2.2359999999999998,3.3659999999999997,4.812,1.941029623679144,3.177712384719548,4.6822263935012804,,
180.87509184900046,2.2359999999999998,3.416,4.812,1.941029623679144,3.2306278027652766,4.6822263935012804,,
180.92518164000012,2.2359999999999998,3.416,4.792,1.941029623679144,3.2306278027652766,4.661669657965909,,
180.97529106500042,2.2359999999999998,3.416,4.792,1.941029623679144,3.2306278027652766,4.661669657965909,,
181.02561637899998,2.226,3.396,4.792,1.9295014900227467,3.209472853912305,4.661669657965909,,
181.07569710100051,2.226,3.396,4.792,1.9295014900227467,3.209472853912305,4.661669657965909,,
181.12579676800033,2.226,3.396,4.792,1.9295014900227467,3.209472853912305,4.661669657965909,,
181.176124007,2.226,3.4459999999999997,4.752,1.9295014900227467,3.262332907598487,4.620541526704419,,
181.2264616550001,2.226,3.4459999999999997,4.752,1.9295014900227467,3.262332907598487,4.620541526704419,,
181.27679223700034,2.226,3.4459999999999997,4.752,1.9295014900227467,3.262332907598487,4.620541526704419,,
181.32713004800007,2.226,3.4459999999999997,4.752,1.9295014900227467,3.262332907598487,4.620541526704419,,
181.3774750020002,2.226,3.4459999999999997,4.752,1.9295014900227467,3.262332907598487,4.620541526704419,,
181.42768582700046,2.226,3.4059999999999997,4.752,1.9295014900227467,3.2200521734903607,4.620541526704419,,
181.47802077899996,2.2459999999999996,3.4059999999999997,4.772,1.9525409086623506,3.2200521734903607,4.641108057350098,,
181.52837971999998,2.2459999999999996,3.4059999999999997,4.772,1.9525409086623506,3.2200521734903607,4.641108057350098,,
181.57871893599986,2.2459999999999996,3.3659999999999997,4.772,1.9525409086623506,3.177712384719548,4.641108057350098,,
181.62888543200006,2.2459999999999996,3.3659999999999997,4.792,1.9525409086623506,3.177712384719548,4.661669657965909,,
181.6792121540002,2.2459999999999996,3.3659999999999997,4.792,1.9525409086623506,3.177712384719548,4.661669657965909,,
181.7294540820003,2.216,3.396,4.792,1.9179562038795364,3.209472853912305,4.661669657965909,,
181.77982934400006,2.216,3.396,4.812,1.9179562038795364,3.209472853912305,4.6822263935012804,,
181.83016264800062,2.216,3.396,4.812,1.9179562038795364,3.209472853912305,4.6822263935012804,,
181.88048403100038,2.2359999999999998,3.356,4.812,1.941029623679144,3.167117932758425,4.6822263935012804,,
181.93082974900062,2.2359999999999998,3.356,4.752,1.941029623679144,3.167117932758425,4.620541526704419,,
181.98115355400023,2.2359999999999998,3.356,4.752,1.941029623679144,3.167117932758425,4.620541526704419,,
182.03129268300017,2.2560000000000002,3.396,4.752,1.9640356412244664,3.209472853912305,4.620541526704419,,
182.08143529100016,2.2560000000000002,3.396,4.772,1.9640356412244664,3.209472853912305,4.641108057350098,,
182.13157646499985,2.2560000000000002,3.396,4.772,1.9640356412244664,3.209472853912305,4.641108057350098,,
182.18189851500028,2.216,3.396,4.792,1.9179562038795364,3.209472853912305,4.661669657965909,,
182.2322166390004,2.216,3.396,4.792,1.9179562038795364,3.209472853912305,4.661669657965909,,
182.28254378300062,2.216,3.396,4.792,1.9179562038795364,3.209472853912305,4.661669657965909,,
182.33287016099985,2.2359999999999998,3.396,4.772,1.941029623679144,3.209472853912305,4.641108057350098,,
182.3831941260005,2.2359999999999998,3.396,4.772,1.941029623679144,3.209472853912305,4.641108057350098,,
182.43353233500056,2.2359999999999998,3.396,4.772,1.941029623679144,3.209472853912305,4.641108057350098,,
182.48387346800064,2.226,3.396,4.812,1.9295014900227467,3.209472853912305,4.6822263935012804,,
182.53421412100033,2.226,3.396,4.812,1.9295014900227467,3.209472853912305,4.6822263935012804,,
182.58453303100032,2.226,3.4059999999999997,4.812,1.9295014900227467,3.2200521734903607,4.6822263935012804,,
182.6348660500007,2.2359999999999998,3.4059999999999997,4.812,1.941029623679144,3.2200521734903607,4.6822263935012804,,
182.68519223800013,2.2359999999999998,3.4059999999999997,4.812,1.941029623679144,3.2200521734903607,4.6822263935012804,,
182.73550155000066,2.2359999999999998,3.3659999999999997,4.812,1.941029623679144,3.177712384719548,4.6822263935012804,,
182.78566313900046,2.2359999999999998,3.3659999999999997,4.792,1.941029623679144,3.177712384719548,4.661669657965909,,
182.836005698,2.2359999999999998,3.3659999999999997,4.792,1.941029623679144,3.177712384719548,4.661669657965909,,
182.8862055919999,2.226,3.4459999999999997,4.792,1.9295014900227467,3.262332907598487,4.661669657965909,,
182.93653520299995,2.226,3.4459999999999997,4.812,1.9295014900227467,3.262332907598487,4.6822263935012804,,
182.98686189100044,2.226,3.4459999999999997,4.812,1.9295014900227467,3.262332907598487,4.6822263935012804,,
183.0370292460002,2.2359999999999998,3.4259999999999997,4.812,1.941029623679144,3.241199777860044,4.6822263935012804,,
183.08716974100025,2.2359999999999998,3.4259999999999997,4.772,1.941029623679144,3.241199777860044,4.641108057350098,,
183.13748809500066,2.2359999999999998,3.4259999999999997,4.772,1.941029623679144,3.241199777860044,4.641108057350098,,
183.18765653800074,2.2560000000000002,3.396,4.792,1.9640356412244664,3.209472853912305,4.661669657965909,,
183.23801787200046,2.2560000000000002,3.396,4.792,1.9640356412244664,3.209472853912305,4.661669657965909,,
183.2881874499999,2.2560000000000002,3.396,4.792,1.9640356412244664,3.209472853912305,4.661669657965909,,
183.33841115799987,2.2459999999999996,3.3659999999999997,4.732,1.9525409086623506,3.177712384719548,4.599969999902174,,
183.38875936100067,2.2459999999999996,3.3659999999999997,4.732,1.9525409086623506,3.177712384719548,4.599969999902174,,
183.43911086000026,2.2459999999999996,3.3659999999999997,4.732,1.9525409086623506,3.177712384719548,4.599969999902174,,
183.489410614,2.2359999999999998,3.416,4.792,1.941029623679144,3.2306278027652766,4.661669657965909,,
183.53977749100068,2.2359999999999998,3.416,4.792,1.941029623679144,3.2306278027652766,4.661669657965909,,
183.5901064740001,2.2359999999999998,3.4259999999999997,4.792,1.941029623679144,3.241199777860044,4.661669657965909,,
183.6404363010006,2.2359999999999998,3.4259999999999997,4.792,1.941029623679144,3.241199777860044,4.661669657965909,,
183.69077225300043,2.2359999999999998,3.4259999999999997,4.792,1.941029623679144,3.241199777860044,4.661669657965909,,
183.7411136260007,2.2359999999999998,3.4059999999999997,4.792,1.941029623679144,3.2200521734903607,4.661669657965909,,
183.79145601900018,2.2459999999999996,3.4059999999999997,4.812,1.9525409086623506,3.2200521734903607,4.6822263935012804,,
183.84178418300053,2.2459999999999996,3.4059999999999997,4.812,1.9525409086623506,3.2200521734903607,4.6822263935012804,,
183.89192015900062,2.2459999999999996,3.4459999999999997,4.812,1.9525409086623506,3.262332907598487,4.6822263935012804,,
183.94223683900054,2.2459999999999996,3.4459999999999997,4.752,1.9525409086623506,3.262332907598487,4.620541526704419,,
183.99256235700068,2.2459999999999996,3.4459999999999997,4.752,1.9525409086623506,3.262332907598487,4.620541526704419,,
184.04289900700041,2.216,3.416,4.752,1.9179562038795364,3.2306278027652766,4.620541526704419,,
184.09295694400043,2.216,3.416,4.772,1.9179562038795364,3.2306278027652766,4.641108057350098,,
184.14328303300044,2.216,3.416,4.772,1.9179562038795364,3.2306278027652766,4.641108057350098,,
184.1934455970004,2.2560000000000002,3.396,4.812,1.9640356412244664,3.209472853912305,4.6822263935012804,,
184.24378498500027,2.2560000000000002,3.396,4.812,1.9640356412244664,3.209472853912305,4.6822263935012804,,
184.29392471400024,2.2560000000000002,3.396,4.812,1.9640356412244664,3.209472853912305,4.6822263935012804,,
