time,d1,d2,d3,el1,el2,el3,target_x,target_y,x,y
0.101500022,3.95,1.77,3.9,3.790831043,1.378695035,3.738702984,,,0.9478461535124333,1.0341016727266286
0.151901528,3.95,1.77,3.9,3.790831043,1.378695035,3.738702984,,,0.9478461535124333,1.0341016727266286
0.202273349,3.95,1.77,3.9,3.790831043,1.378695035,3.738702984,,,0.9478461535124333,1.0341016727266286
0.252358313,3.98,1.69,3.89,3.822080585,1.274362586,3.728270376,,,0.9259890114326838,0.9888945294224922
0.302486797,3.98,1.69,3.89,3.822080585,1.274362586,3.728270376,,,0.9259890114326838,0.9888945294224922
0.352827693,3.98,1.69,3.89,3.822080585,1.274362586,3.728270376,,,0.9259890114326838,0.9888945294224922
0.40316195,3.97,1.73,3.88,3.811666302,1.326951393,3.717835392,,,0.9495604392721808,1.0008246539208727
0.453485424,3.97,1.73,3.88,3.811666302,1.326951393,3.717835392,,,0.9495604392721808,1.0008246539208727
0.503631005,3.97,1.65,3.88,3.811666302,1.220819397,3.717835392,,,0.9198461536355658,0.9860321073756881
0.553967147,3.97,1.65,3.86,3.811666302,1.220819397,3.696958209,,,0.9368571429669182,0.9776745343563716
0.604373496,3.97,1.65,3.86,3.811666302,1.220819397,3.696958209,,,0.9368571429669182,0.9776745343563716
0.654571283,3.97,1.75,3.86,3.811666302,1.352922762,3.696958209,,,0.9742197803126617,0.9962746299045785
0.704902382,3.95,1.75,3.8,3.790831043,1.352922762,3.634267464,,,1.024725274730628,0.9886784523459564
0.75503177,3.95,1.75,3.8,3.790831043,1.352922762,3.634267464,,,1.024725274730628,0.9886784523459564
0.805316227,3.95,1.68,3.85,3.790831043,1.261070973,3.68651597,,,0.9563076925140797,0.9961944817616367
0.855630826,3.95,1.68,3.85,3.790831043,1.261070973,3.68651597,,,0.9563076925140797,0.9961944817616367
0.905965329,3.95,1.68,3.85,3.790831043,1.261070973,3.68651597,,,0.9563076925140797,0.9961944817616367
0.956331654,3.95,1.69,3.83,3.790831043,1.274362586,3.665624094,,,0.9768901101190424,0.9897452941615292
1.00643895,3.97,1.69,3.83,3.811666302,1.274362586,3.665624094,,,0.9768901101190424,0.9725279027234979
1.056760253,3.97,1.69,3.83,3.811666302,1.274362586,3.665624094,,,0.9768901101190424,0.9725279027234979
1.106878863,3.99,1.7,3.83,3.832492661,1.287594657,3.665624094,,,0.9806153848595193,0.9570780939729411
1.157017381,3.99,1.7,3.83,3.832492661,1.287594657,3.665624094,,,0.9806153848595193,0.9570780939729411
1.207343269,3.99,1.7,3.83,3.832492661,1.287594657,3.665624094,,,0.9806153848595193,0.9570780939729411
1.257459898,3.97,1.65,3.84,3.811666302,1.220819397,3.676071272,,,0.9537802201393124,0.969360152962978
1.307783678,3.97,1.65,3.84,3.811666302,1.220819397,3.676071272,,,0.9537802201393124,0.969360152962978
1.358126659,3.97,1.65,3.84,3.811666302,1.220819397,3.676071272,,,0.9537802201393124,0.969360152962978
1.408467163,3.94,1.65,3.85,3.780410031,1.220819397,3.68651597,,,0.945329670662242,0.9993054224144223
1.458797684,3.94,1.65,3.85,3.780410031,1.220819397,3.68651597,,,0.945329670662242,0.9993054224144223
1.508946837,3.94,1.7,3.85,3.780410031,1.287594657,3.68651597,,,0.96373626413955,1.00846870481943
1.559073374,3.97,1.7,3.83,3.811666302,1.287594657,3.665624094,,,0.9806153848595193,0.9743824416703876
1.609305368,3.97,1.7,3.83,3.811666302,1.287594657,3.665624094,,,0.9806153848595193,0.9743824416703876
1.659602305,3.97,1.64,3.83,3.811666302,1.207269647,3.665624094,,,0.9585934068191408,0.9634193265155034
1.709744736,3.95,1.64,3.86,3.790831043,1.207269647,3.696958209,,,0.9332417584038479,0.9930920930445265
1.760158096,3.95,1.64,3.86,3.790831043,1.207269647,3.696958209,,,0.9332417584038479,0.9930920930445265
1.810293932,3.95,1.65,3.86,3.790831043,1.220819397,3.696958209,,,0.9368571429669182,0.9948919257944027
1.860617591,3.95,1.65,3.88,3.790831043,1.220819397,3.717835392,,,0.9198461536355658,1.003249498813719
1.910959146,3.95,1.65,3.88,3.790831043,1.220819397,3.717835392,,,0.9198461536355658,1.003249498813719
1.961103132,3.95,1.65,3.82,3.790831043,1.220819397,3.655174414,,,0.9706153849814502,0.9783063547176979
2.011275357,3.96,1.65,3.82,3.801249794,1.220819397,3.655174414,,,0.9706153849814502,0.9697085286511137
2.061565415,3.96,1.65,3.82,3.801249794,1.220819397,3.655174414,,,0.9706153849814502,0.9697085286511137
2.111709251,3.96,1.69,3.93,3.801249794,1.274362586,3.769986737,,,0.8916153849934835,1.0230433113088064
2.162045546,3.96,1.69,3.93,3.801249794,1.274362586,3.769986737,,,0.8916153849934835,1.0230433113088064
2.212380753,3.96,1.69,3.93,3.801249794,1.274362586,3.769986737,,,0.8916153849934835,1.0230433113088064
2.262677413,3.96,1.69,3.93,3.801249794,1.274362586,3.769986737,,,0.8916153849934835,1.0230433113088064
2.313011595,3.96,1.69,3.93,3.801249794,1.274362586,3.769986737,,,0.8916153849934835,1.0230433113088064
2.363342391,3.96,1.69,3.93,3.801249794,1.274362586,3.769986737,,,0.8916153849934835,1.0230433113088064
2.413499497,3.97,1.69,3.86,3.811666302,1.274362586,3.696958209,,,0.9515384617037493,0.9849832778144896
2.463613422,3.97,1.69,3.86,3.811666302,1.274362586,3.696958209,,,0.9515384617037493,0.9849832778144896
2.51392797,3.97,1.69,3.86,3.811666302,1.274362586,3.696958209,,,0.9515384617037493,0.9849832778144896
2.564291351,3.98,1.69,3.88,3.822080585,1.274362586,3.717835392,,,0.9345274723723971,0.984699546439068
2.614597977,3.98,1.69,3.88,3.822080585,1.274362586,3.717835392,,,0.9345274723723971,0.984699546439068
2.664739905,3.98,1.67,3.88,3.822080585,1.247717917,3.717835392,,,0.9271428569664861,0.9810232922478646
2.714915614,3.97,1.67,3.87,3.811666302,1.247717917,3.707398009,,,0.9356593410182038,0.9854804109998022
2.765209027,3.97,1.67,3.87,3.811666302,1.247717917,3.707398009,,,0.9356593410182038,0.9854804109998022
2.815547563,3.97,1.69,3.87,3.811666302,1.274362586,3.707398009,,,0.9430439564241145,0.9891566651910059
2.865688795,3.98,1.69,3.91,3.822080585,1.274362586,3.749133233,,,0.9088461540452278,0.9973168897911119
2.915982162,3.98,1.69,3.91,3.822080585,1.274362586,3.749133233,,,0.9088461540452278,0.9973168897911119
2.96611511,3.98,1.77,3.88,3.822080585,1.378695035,3.717835392,,,0.964945054673171,0.9998422124105404
3.016430855,3.99,1.77,3.88,3.832492661,1.378695035,3.717835392,,,0.964945054673171,0.9911791691078323
3.066572499,3.99,1.77,3.88,3.832492661,1.378695035,3.717835392,,,0.964945054673171,0.9911791691078323
3.116714222,3.99,1.67,3.86,3.832492661,1.247717917,3.696958209,,,0.9441538462978384,0.9640026759258399
3.167218897,3.95,1.67,3.86,3.790831043,1.247717917,3.696958209,,,0.9441538462978384,0.9985244150613175
3.217509327,3.95,1.67,3.86,3.790831043,1.247717917,3.696958209,,,0.9441538462978384,0.9985244150613175
3.267651857,3.96,1.74,3.84,3.801249794,1.339962686,3.676071272,1,1.0,0.987307692642707,0.9946705687763321
3.318016949,3.96,1.74,3.84,3.801249794,1.339962686,3.676071272,,,0.987307692642707,0.9946705687763321
3.368364546,3.96,1.74,3.84,3.801249794,1.339962686,3.676071272,,,0.987307692642707,0.9946705687763321
3.418483096,3.96,1.65,3.86,3.801249794,1.220819397,3.696958209,,,0.9368571429669182,0.9862940997278186
3.468618719,3.96,1.65,3.86,3.801249794,1.220819397,3.696958209,,,0.9368571429669182,0.9862940997278186
3.518949619,3.96,1.65,3.86,3.801249794,1.220819397,3.696958209,,,0.9368571429669182,0.9862940997278186
3.569183132,3.98,1.63,3.86,3.822080585,1.193649865,3.696958209,,,0.9296483517716516,0.9654445056492074
3.619508486,3.98,1.63,3.86,3.822080585,1.193649865,3.696958209,,,0.9296483517716516,0.9654445056492074
3.669651085,3.98,1.73,3.86,3.822080585,1.326951393,3.696958209,,,0.9665714286035333,0.9838257765068179
3.720007521,3.97,1.73,3.89,3.811666302,1.326951393,3.728270376,,,0.9410219783324677,1.005019636904297
3.770315829,3.97,1.73,3.89,3.811666302,1.326951393,3.728270376,,,0.9410219783324677,1.005019636904297
3.820644879,3.97,1.74,3.89,3.811666302,1.339962686,3.728270376,,,0.9448351651992473,1.0069179408010196
3.870972182,3.97,1.74,3.86,3.811666302,1.339962686,3.696958209,,,0.9703846154703129,0.9943653847982786
3.921335978,3.97,1.74,3.86,3.811666302,1.339962686,3.696958209,,,0.9703846154703129,0.9943653847982786
3.971517163,3.97,1.66,3.89,3.811666302,1.234301422,3.728270376,,,0.9149450553617623,0.9920378643819239
4.021855595,3.98,1.66,3.89,3.822080585,1.234301422,3.728270376,,,0.9149450553617623,0.9833965599871857
4.072183366,3.98,1.66,3.89,3.822080585,1.234301422,3.728270376,,,0.9149450553617623,0.9833965599871857
4.12251661,3.98,1.62,3.88,3.822080585,1.179957626,3.717835392,,,0.9090659337525012,0.972024128300033
4.172631043,3.93,1.62,3.88,3.769986737,1.179957626,3.717835392,,,0.9090659337525012,1.0150132588519936
4.222768647,3.93,1.62,3.88,3.769986737,1.179957626,3.717835392,,,0.9090659337525012,1.0150132588519936
4.272876511,3.9,1.65,3.87,3.738702984,1.220819397,3.707398009,,,0.9283626376872834,1.041728355997219
4.323019856,3.9,1.65,3.87,3.738702984,1.220819397,3.707398009,,,0.9283626376872834,1.041728355997219
4.373349511,3.9,1.65,3.87,3.738702984,1.220819397,3.707398009,,,0.9283626376872834,1.041728355997219
4.423682104,3.89,1.69,3.9,3.728270376,1.274362586,3.738702984,,,0.9174285712116593,1.0700894415392088
4.474017632,3.89,1.69,3.9,3.728270376,1.274362586,3.738702984,,,0.9174285712116593,1.0700894415392088
4.524143809,3.89,1.69,3.9,3.728270376,1.274362586,3.738702984,,,0.9174285712116593,1.0700894415392088
4.574460543,3.81,1.77,3.9,3.644722212,1.378695035,3.738702984,,,0.9478461535124333,1.1521886285881822
4.624582323,3.81,1.77,3.9,3.644722212,1.378695035,3.738702984,,,0.9478461535124333,1.1521886285881822
4.674728111,3.81,1.77,3.9,3.644722212,1.378695035,3.738702984,,,0.9478461535124333,1.1521886285881822
4.725024642,3.83,1.79,3.91,3.665624094,1.404279175,3.749133233,,,0.9470879123685328,1.1436915911869123
4.775312617,3.83,1.79,3.91,3.665624094,1.404279175,3.749133233,,,0.9470879123685328,1.1436915911869123
4.825648473,3.83,1.77,3.91,3.665624094,1.378695035,3.749133233,,,0.939263736346002,1.1397965122539566
4.875989698,3.77,1.77,3.93,3.602887731,1.378695035,3.769986737,,,0.9220329672942574,1.1978272809970953
4.926347507,3.77,1.77,3.93,3.602887731,1.378695035,3.769986737,,,0.9220329672942574,1.1978272809970953
4.976531725,3.77,1.79,3.93,3.602887731,1.404279175,3.769986737,,,0.9298571433167883,1.2017223599300508
5.026687813,3.73,1.79,3.9,3.561011092,1.404279175,3.738702984,,,0.9556703295349641,1.2216489254884355
5.076794192,3.73,1.79,3.9,3.561011092,1.404279175,3.738702984,,,0.9556703295349641,1.2216489254884355
5.127143304,3.73,1.82,3.98,3.561011092,1.442324513,3.822080585,,,0.8982967035787628,1.2616085764432219
5.177472297,3.72,1.82,3.98,3.550535171,1.442324513,3.822080585,,,0.8982967035787628,1.2697064021865956
5.227807484,3.72,1.82,3.98,3.550535171,1.442324513,3.822080585,,,0.8982967035787628,1.2697064021865956
5.278141753,3.72,1.82,3.98,3.550535171,1.442324513,3.822080585,,,0.8982967035787628,1.2697064021865956
5.328303748,3.72,1.82,3.98,3.550535171,1.442324513,3.822080585,,,0.8982967035787628,1.2697064021865956
5.378633035,3.72,1.82,3.98,3.550535171,1.442324513,3.822080585,,,0.8982967035787628,1.2697064021865956
5.428761877,3.64,1.84,3.91,3.466626602,1.467480835,3.749133233,,,0.9670329672865124,1.3078924990503473
5.479096863,3.64,1.84,3.91,3.466626602,1.467480835,3.749133233,,,0.9670329672865124,1.3078924990503473
5.529435131,3.64,1.84,3.91,3.466626602,1.467480835,3.749133233,,,0.9670329672865124,1.3078924990503473
5.579761115,3.62,1.89,3.98,3.445620409,1.529705854,3.822080585,,,0.9268351650030685,1.3636962011989857
5.630101192,3.62,1.89,3.98,3.445620409,1.529705854,3.822080585,,,0.9268351650030685,1.3636962011989857
5.680438784,3.62,1.89,3.98,3.445620409,1.529705854,3.822080585,,,0.9268351650030685,1.3636962011989857
5.730771877,3.58,1.89,4.01,3.403571653,1.529705854,3.853310265,,,0.9004945056491753,1.4079418301220046
5.780959455,3.58,1.89,4.01,3.403571653,1.529705854,3.853310265,,,0.9004945056491753,1.4079418301220046
5.83108213,3.58,1.94,4.01,3.403571653,1.591068823,3.853310265,,,0.9215384616668386,1.4184180604003627
5.881197489,3.6,1.94,3.93,3.424602167,1.591068823,3.769986737,,,0.9913406596007358,1.368515240859367
5.931539835,3.6,1.94,3.93,3.424602167,1.591068823,3.769986737,,,0.9913406596007358,1.368515240859367
5.98165773,3.6,1.94,3.93,3.424602167,1.591068823,3.769986737,,,0.9913406596007358,1.368515240859367
6.031994531,3.53,1.94,4.0,3.350940167,1.591068823,3.842902549,,,0.9303406591661434,1.4527348062258312
6.082340543,3.53,1.94,4.0,3.350940167,1.591068823,3.842902549,,,0.9303406591661434,1.4527348062258312
6.132524043,3.53,1.99,4.05,3.350940167,1.651665826,3.894919768,,,0.9077032968812184,1.4852153365281702
6.182642169,3.5,1.99,4.05,3.31932222,1.651665826,3.894919768,,,0.9077032968812184,1.5081392498573285
6.23296768,3.5,1.99,4.05,3.31932222,1.651665826,3.894919768,,,0.9077032968812184,1.5081392498573285
6.283287952,3.5,1.96,4.02,3.31932222,1.615394689,3.863715828,,,0.9212857144738108,1.4885857143089185
6.333625793,3.47,1.96,4.02,3.28767395,1.615394689,3.863715828,,,0.9212857144738108,1.5113139750346936
6.383902297,3.47,1.96,4.02,3.28767395,1.615394689,3.863715828,,,0.9212857144738108,1.5113139750346936
6.434280566,3.42,2.04,4.03,3.234857029,1.711578219,3.874119255,,,0.947604395361918,1.5706117537661557
6.484590812,3.42,2.04,4.03,3.234857029,1.711578219,3.874119255,,,0.947604395361918,1.5706117537661557
6.534711371,3.42,2.04,4.03,3.234857029,1.711578219,3.874119255,,,0.947604395361918,1.5706117537661557
6.584897856,3.4,2.07,4.06,3.213705027,1.747226373,3.905316889,,,0.9344835159338567,1.605286359339199
6.635040755,3.4,2.07,4.06,3.213705027,1.747226373,3.905316889,,,0.9344835159338567,1.605286359339199
6.685153089,3.4,2.07,4.06,3.213705027,1.747226373,3.905316889,,,0.9344835159338567,1.605286359339199
6.735299831,3.38,2.05,4.07,3.192538175,1.723484842,3.91571194,,,0.916494505884088,1.6199070473016688
6.78551092,3.38,2.05,4.07,3.192538175,1.723484842,3.91571194,,,0.916494505884088,1.6199070473016688
6.835777258,3.38,2.13,4.07,3.192538175,1.817910889,3.91571194,,,0.9532417586028795,1.6382007883290677
6.885885655,3.33,2.13,4.1,3.139554108,1.817910889,3.946884848,,,0.9263076919750314,1.6879010038649946
6.936212347,3.33,2.13,4.1,3.139554108,1.817910889,3.946884848,,,0.9263076919750314,1.6879010038649946
6.986350155,3.33,2.15,4.1,3.139554108,1.841303886,3.946884848,,,0.9357142854095294,1.6925838514660816
7.036485395,3.29,2.15,4.05,3.097095413,1.841303886,3.894919768,,,0.980494505652915,1.6993657432415092
7.0865906,3.29,2.15,4.05,3.097095413,1.841303886,3.894919768,,,0.980494505652915,1.6993657432415092
7.136879971,3.29,2.14,4.05,3.097095413,1.829617446,3.894919768,,,0.9757802197308121,1.6970188487281141
7.187052652,3.27,2.14,4.08,3.075841348,1.829617446,3.92610494,,,0.9489780218478194,1.7244477545531478
7.237381125,3.27,2.14,4.08,3.075841348,1.829617446,3.92610494,,,0.9489780218478194,1.7244477545531478
7.287669223,3.27,2.15,4.11,3.075841348,1.841303886,3.957271787,,,0.9266923081772008,1.7400598662577493
7.338030175,3.24,2.15,4.11,3.043928383,1.841303886,3.957271787,,,0.9266923081772008,1.7612881268266043
7.3883265,3.24,2.15,4.11,3.043928383,1.841303886,3.957271787,,,0.9266923081772008,1.7612881268266043
7.438656897,3.24,2.23,4.13,3.043928383,1.934114785,3.978039718,,,0.9470879124802283,1.789354634381736
7.489009271,3.22,2.23,4.13,3.022631304,1.934114785,3.978039718,,,0.9470879124802283,1.8033981127417635
7.539341539,3.22,2.23,4.13,3.022631304,1.934114785,3.978039718,,,0.9470879124802283,1.8033981127417635
7.589659365,3.17,2.19,4.19,2.969309684,1.887855927,4.040297019,,,0.8728021977328289,1.8554058769413546
7.639800556,3.17,2.19,4.19,2.969309684,1.887855927,4.040297019,,,0.8728021977328289,1.8554058769413546
7.690097912,3.17,2.19,4.19,2.969309684,1.887855927,4.040297019,,,0.8728021977328289,1.8554058769413546
7.740427911,3.11,2.29,4.15,2.905167809,2.002997753,3.99879982,,,0.958692307482529,1.9028598663317562
7.790645384,3.11,2.29,4.15,2.905167809,2.002997753,3.99879982,,,0.958692307482529,1.9028598663317562
7.84083181,3.11,2.29,4.15,2.905167809,2.002997753,3.99879982,,,0.958692307482529,1.9028598663317562
7.89113526,3.11,2.32,4.13,2.905167809,2.03722851,3.978039718,,,0.9920879125243188,1.9014850694453298
7.941472878,3.11,2.32,4.13,2.905167809,2.03722851,3.978039718,,,0.9920879125243188,1.9014850694453298
7.99159079,3.11,2.32,4.13,2.905167809,2.03722851,3.978039718,,,0.9920879125243188,1.9014850694453298
8.041881991,3.06,2.32,4.21,2.85157851,2.03722851,4.061034351,,,0.9187692309840468,1.971039465132077
8.092222201,3.06,2.32,4.21,2.85157851,2.03722851,4.061034351,,,0.9187692309840468,1.971039465132077
8.142437504,3.06,2.34,4.21,2.85157851,2.059975728,4.061034351,,,0.9290109890051799,1.9761380794512933
8.192792469,3.05,2.34,4.19,2.840844945,2.059975728,4.040297019,,,0.9474725272756972,1.9737091494707524
8.24309588,3.05,2.34,4.19,2.840844945,2.059975728,4.040297019,,,0.9474725272756972,1.9737091494707524
8.293427906,3.05,2.34,4.19,2.840844945,2.059975728,4.040297019,,,0.9474725272756972,1.9737091494707524
8.343764799,3.05,2.34,4.19,2.840844945,2.059975728,4.040297019,,,0.9474725272756972,1.9737091494707524
8.394053785,3.05,2.34,4.19,2.840844945,2.059975728,4.040297019,,,0.9474725272756972,1.9737091494707524
8.444399984,3.05,2.38,4.23,2.840844945,2.105302829,4.081764324,,,0.9312087917710138,2.002221332767214
8.494724391,3.0,2.38,4.23,2.787095262,2.105302829,4.081764324,,,0.9312087917710138,2.0351017677747363
8.545090795,3.0,2.38,4.23,2.787095262,2.105302829,4.081764324,,,0.9312087917710138,2.0351017677747363
8.59521519,2.95,2.44,4.25,2.733203249,2.172901286,4.102487051,,,0.9443516478107449,2.092416364157797
8.645531054,2.95,2.44,4.25,2.733203249,2.172901286,4.102487051,,,0.9443516478107449,2.092416364157797
8.695672035,2.95,2.44,4.25,2.733203249,2.172901286,4.102487051,,,0.9443516478107449,2.092416364157797
8.745817877,2.94,2.44,4.29,2.722407023,2.172901286,4.143911196,,,0.9068131866336593,2.1172613474170205
8.79593506,2.94,2.44,4.29,2.722407023,2.172901286,4.143911196,,,0.9068131866336593,2.1172613474170205
8.846105044,2.94,2.44,4.29,2.722407023,2.172901286,4.143911196,,,0.9068131866336593,2.1172613474170205
8.896437512,2.91,2.47,4.29,2.689981413,2.206535746,4.143911196,,,0.9229999997847935,2.1443956518546776
8.946765311,2.91,2.47,4.29,2.689981413,2.206535746,4.143911196,,,0.9229999997847935,2.1443956518546776
8.996988256,2.91,2.53,4.29,2.689981413,2.273499505,4.143911196,,,0.9559670328462736,2.1608075009222403
9.047311997,2.88,2.53,4.33,2.657498824,2.273499505,4.185307635,,,0.9180769230380166,2.1983035116893506
9.097610727,2.88,2.53,4.33,2.657498824,2.273499505,4.185307635,,,0.9180769230380166,2.1983035116893506
9.14796116,2.88,2.63,4.33,2.657498824,2.384281863,4.185307635,,,0.9747802200704898,2.22653189216856
9.198310799,2.86,2.63,4.38,2.635811071,2.384281863,4.237015459,,,0.9269230771896447,2.2625225751442817
9.248643467,2.86,2.63,4.38,2.635811071,2.384281863,4.237015459,,,0.9269230771896447,2.2625225751442817
9.298730449,2.86,2.64,4.33,2.635811071,2.395307913,4.185307635,,,0.9805714284056178,2.2418931673566145
9.348844461,2.78,2.64,4.33,2.548784024,2.395307913,4.185307635,,,0.9805714284056178,2.290936645727107
9.399174625,2.78,2.64,4.33,2.548784024,2.395307913,4.185307635,,,0.9805714284056178,2.290936645727107
9.449499058,2.78,2.71,4.46,2.548784024,2.472245942,4.319664339,,,0.8961538457260614,2.3731178928321777
9.499837819,2.76,2.71,4.46,2.526954689,2.472245942,4.319664339,,,0.8961538457260614,2.385161371173324
9.550170705,2.76,2.71,4.46,2.526954689,2.472245942,4.319664339,,,0.8961538457260614,2.385161371173324
9.600264674,2.76,2.68,4.4,2.526954689,2.439323677,4.257687166,,,0.9368021975441411,2.3476145726102384
9.650587952,2.76,2.68,4.4,2.526954689,2.439323677,4.257687166,,,0.9368021975441411,2.3476145726102384
9.700677405,2.76,2.68,4.4,2.526954689,2.439323677,4.257687166,,,0.9368021975441411,2.3476145726102384
9.751010347,2.71,2.68,4.44,2.472245942,2.439323677,4.299011514,,,0.8979450553481567,2.3964335166590938
9.801343173,2.71,2.68,4.44,2.472245942,2.439323677,4.299011514,,,0.8979450553481567,2.3964335166590938
9.851672367,2.71,2.68,4.44,2.472245942,2.439323677,4.299011514,,,0.8979450553481567,2.3964335166590938
9.902011625,2.72,2.74,4.36,2.483203576,2.505094809,4.216337273,,,1.0110439563065572,2.3703131869254257
9.952360505,2.72,2.74,4.36,2.483203576,2.505094809,4.216337273,,,1.0110439563065572,2.3703131869254257
10.00265923,2.72,2.74,4.36,2.483203576,2.505094809,4.216337273,,,1.0110439563065572,2.3703131869254257
10.05297603,2.67,2.73,4.52,2.428332761,2.494153163,4.381586471,,,0.8489010986431502,2.473322503966302
10.10333622,2.67,2.73,4.52,2.428332761,2.494153163,4.381586471,,,0.8489010986431502,2.473322503966302
10.15354738,2.67,2.75,4.52,2.428332761,2.516028617,4.381586471,,,0.8609450548035928,2.4793182995331313
10.20381435,2.66,2.75,4.46,2.417333241,2.516028617,4.319664339,,,0.920153846146662,2.456022241188745
10.25414344,2.66,2.75,4.46,2.417333241,2.516028617,4.319664339,,,0.920153846146662,2.456022241188745
10.30446191,2.66,2.85,4.46,2.417333241,2.624957143,4.319664339,,,0.9816923077976281,2.486657692749769
10.35479971,2.62,2.85,4.48,2.373246721,2.624957143,4.340311049,,,0.9620439561005755,2.519267535029877
10.40513685,2.62,2.85,4.48,2.373246721,2.624957143,4.340311049,,,0.9620439561005755,2.519267535029877
10.45547513,2.62,2.87,4.52,2.373246721,2.64665827,4.381586471,,,0.9350549445394678,2.544962135880842
10.50579414,2.63,2.87,4.52,2.384281863,2.64665827,4.381586471,,,0.9350549445394678,2.5392556137619833
10.55611969,2.63,2.87,4.52,2.384281863,2.64665827,4.381586471,,,0.9350549445394678,2.5392556137619833
10.60642203,2.63,2.83,4.52,2.384281863,2.603228764,4.381586471,,,0.9099999994359044,2.526782608482166
10.65674043,2.56,2.83,4.52,2.306837662,2.603228764,4.381586471,,,0.9099999994359044,2.566271739287506
10.7070809,2.56,2.83,4.52,2.306837662,2.603228764,4.381586471,,,0.9099999994359044,2.566271739287506
10.75741953,2.48,2.87,4.54,2.217724059,2.64665827,4.402215351,,,0.915142857316411,2.6323537262197587
10.80756132,2.48,2.87,4.54,2.217724059,2.64665827,4.402215351,,,0.915142857316411,2.6323537262197587
10.85791578,2.48,2.87,4.54,2.217724059,2.64665827,4.402215351,,,0.915142857316411,2.6323537262197587
10.90824622,2.48,2.92,4.52,2.217724059,2.700796179,4.381586471,,,0.9668681316099739,2.6384082656257046
10.95856275,2.48,2.92,4.52,2.217724059,2.700796179,4.381586471,,,0.9668681316099739,2.6384082656257046
11.00864763,2.48,2.92,4.52,2.217724059,2.700796179,4.381586471,,,0.9668681316099739,2.6384082656257046
11.05878208,2.48,2.92,4.52,2.217724059,2.700796179,4.381586471,,,0.9668681316099739,2.6384082656257046
11.10911893,2.48,2.92,4.52,2.217724059,2.700796179,4.381586471,,,0.9668681316099739,2.6384082656257046
11.15927977,2.48,2.99,4.52,2.217724059,2.776328511,4.381586471,,,1.012329670125411,2.661040205451868
11.2096089,2.42,2.99,4.58,2.150418564,2.776328511,4.443455862,,,0.9523296707087151,2.722474987933942
11.25995845,2.42,2.99,4.58,2.150418564,2.776328511,4.443455862,,,0.9523296707087151,2.722474987933942
11.31032532,2.42,2.99,4.58,2.150418564,2.776328511,4.443455862,,,0.9523296707087151,2.722474987933942
11.3606582,2.42,2.99,4.58,2.150418564,2.776328511,4.443455862,,,0.9523296707087151,2.722474987933942
11.41078585,2.42,2.99,4.58,2.150418564,2.776328511,4.443455862,,,0.9523296707087151,2.722474987933942
11.46092069,2.42,3.03,4.67,2.150418564,2.81936163,4.536165782,,,0.887307692189954,2.7805944816980266
11.5110375,2.37,3.03,4.67,2.093991404,2.81936163,4.536165782,,,0.887307692189954,2.806627090433888
11.56115254,2.37,3.03,4.67,2.093991404,2.81936163,4.536165782,,,0.887307692189954,2.806627090433888
11.61147873,2.37,3.09,4.67,2.093991404,2.883747562,4.536165782,,,0.9276593406102492,2.8267151936692096
11.6618259,2.35,3.09,4.67,2.071328076,2.883747562,4.536165782,,,0.9276593406102492,2.8369760634083434
11.71216477,2.35,3.09,4.67,2.071328076,2.883747562,4.536165782,,,0.9276593406102492,2.8369760634083434
11.76231067,2.27,3.14,4.65,1.980101008,2.937260629,4.515573053,,,0.9823736269993115,2.8841273050819534
11.8126364,2.27,3.14,4.65,1.980101008,2.937260629,4.515573053,,,0.9823736269993115,2.8841273050819534
11.86277949,2.27,3.14,4.65,1.980101008,2.937260629,4.515573053,,,0.9823736269993115,2.8841273050819534
11.9129014,2.29,3.14,4.65,2.002997753,2.937260629,4.515573053,,,0.9823736269993115,2.8742142619688624
11.96322366,2.29,3.14,4.65,2.002997753,2.937260629,4.515573053,,,0.9823736269993115,2.8742142619688624
12.01337739,2.29,3.14,4.65,2.002997753,2.937260629,4.515573053,,,0.9823736269993115,2.8742142619688624
12.06354333,2.26,3.16,4.69,1.968628965,2.95863144,4.55675323,,,0.9551648350154988,2.9161146675705925
12.11367514,2.26,3.16,4.69,1.968628965,2.95863144,4.55675323,,,0.9551648350154988,2.9161146675705925
12.16376752,2.26,3.16,4.69,1.968628965,2.95863144,4.55675323,,,0.9551648350154988,2.9161146675705925
12.21410268,2.25,3.16,4.71,1.957140772,2.95863144,4.577335469,,,0.934505494724288,2.9311668652367326
12.26444161,2.25,3.16,4.71,1.957140772,2.95863144,4.577335469,,,0.934505494724288,2.9311668652367326
12.31478155,2.25,3.15,4.71,1.957140772,2.947948439,4.577335469,,,0.927571428927152,2.9277149063942445
12.36509985,2.23,3.15,4.73,1.934114785,2.947948439,4.59791257,,,0.9068241755646734,2.9476472525972404
12.4154453,2.23,3.15,4.73,1.934114785,2.947948439,4.59791257,,,0.9068241755646734,2.9476472525972404
12.46553319,2.23,3.19,4.73,1.934114785,2.990652103,4.59791257,,,0.9346923076719027,2.96152073575497
12.51585722,2.22,3.19,4.73,1.922576396,2.990652103,4.59791257,,,0.9346923076719027,2.9663576926135837
12.56617484,2.22,3.19,4.73,1.922576396,2.990652103,4.59791257,,,0.9346923076719027,2.9663576926135837
12.61653303,2.22,3.23,4.73,1.922576396,3.033282051,4.59791257,,,0.9629120878631602,2.980406235360971
12.66684291,2.25,3.23,4.73,1.957140772,3.033282051,4.59791257,,,0.9629120878631602,2.9658301480817966
12.7169736,2.25,3.23,4.73,1.957140772,3.033282051,4.59791257,,,0.9629120878631602,2.9658301480817966
12.76733579,2.25,3.2,4.79,1.957140772,3.001316378,4.659613718,,,0.8789450549315662,2.986116125123435
12.81766436,2.25,3.2,4.79,1.957140772,3.001316378,4.659613718,,,0.8789450549315662,2.986116125123435
12.86799511,2.25,3.2,4.79,1.957140772,3.001316378,4.659613718,,,0.8789450549315662,2.986116125123435
12.91835068,2.25,3.2,4.79,1.957140772,3.001316378,4.659613718,,,0.8789450549315662,2.986116125123435
12.96849273,2.25,3.2,4.79,1.957140772,3.001316378,4.659613718,,,0.8789450549315662,2.986116125123435
13.01880273,2.25,3.2,4.79,1.957140772,3.001316378,4.659613718,,,0.8789450549315662,2.986116125123435
13.06906356,2.22,3.24,4.79,1.922576396,3.043928383,4.659613718,,,0.9072527472372754,3.0147845200939307
13.11938289,2.22,3.24,4.79,1.922576396,3.043928383,4.659613718,,,0.9072527472372754,3.0147845200939307
13.16973374,2.22,3.24,4.79,1.922576396,3.043928383,4.659613718,,,0.9072527472372754,3.0147845200939307
13.22006618,2.19,3.22,4.75,1.887855927,3.022631304,4.6184846,,,0.9349890109322609,3.0014945292823794
13.27023155,2.19,3.22,4.75,1.887855927,3.022631304,4.6184846,,,0.9349890109322609,3.0014945292823794
13.32055889,2.19,3.24,4.75,1.887855927,3.043928383,4.6184846,,,0.9491868132303108,3.0085625656438
13.37088362,2.22,3.24,4.75,1.922576396,3.043928383,4.6184846,,,0.9491868132303108,2.9941821311495262
13.42122045,2.22,3.24,4.75,1.922576396,3.043928383,4.6184846,,,0.9491868132303108,2.9941821311495262
13.47151783,2.22,3.23,4.75,1.922576396,3.033282051,4.6184846,,,0.9420769231298464,2.9906426423821206
13.52185149,2.2,3.23,4.73,1.899447288,3.033282051,4.59791257,,,0.9629120878631602,2.9900149308572535
13.57216161,2.2,3.23,4.73,1.899447288,3.033282051,4.59791257,,,0.9629120878631602,2.9900149308572535
13.62247945,2.2,3.22,4.75,1.899447288,3.022631304,4.6184846,,,0.9349890109322609,2.996722790284388
13.67282183,2.22,3.22,4.75,1.922576396,3.022631304,4.6184846,,,0.9349890109322609,2.9871140947881054
13.7231442,2.22,3.22,4.75,1.922576396,3.022631304,4.6184846,,,0.9349890109322609,2.9871140947881054
13.7734481,2.22,3.26,4.77,1.922576396,3.065207986,4.639051627,,,0.9425494504908604,3.0115735307351237
13.82378536,2.21,3.26,4.77,1.91102067,3.065207986,4.639051627,,,0.9425494504908604,3.016388747831765
13.87393028,2.21,3.26,4.77,1.91102067,3.065207986,4.639051627,1,3.0,0.9425494504908604,3.016388747831765
13.92431636,2.2,3.24,4.77,1.899447288,3.043928383,4.639051627,,,0.9282637365782029,3.014070425174887
13.97462795,2.2,3.24,4.77,1.899447288,3.043928383,4.639051627,,,0.9282637365782029,3.014070425174887
14.02493144,2.2,3.24,4.77,1.899447288,3.043928383,4.639051627,,,0.9282637365782029,3.014070425174887
14.07529158,2.18,3.26,4.77,1.876246252,3.065207986,4.639051627,,,0.9425494504908604,3.0307039655516785
14.12552502,2.18,3.26,4.77,1.876246252,3.065207986,4.639051627,,,0.9425494504908604,3.0307039655516785
14.17581908,2.18,3.26,4.77,1.876246252,3.065207986,4.639051627,,,0.9425494504908604,3.0307039655516785
14.22614292,2.14,3.26,4.75,1.829617446,3.065207986,4.6184846,,,0.9634725271429684,3.0392069756569993
14.2764752,2.14,3.26,4.75,1.829617446,3.065207986,4.6184846,,,0.9634725271429684,3.0392069756569993
14.32681869,2.14,3.26,4.75,1.829617446,3.065207986,4.6184846,,,0.9634725271429684,3.0392069756569993
14.3771005,2.14,3.26,4.75,1.829617446,3.065207986,4.6184846,,,0.9634725271429684,3.0392069756569993
14.4274529,2.14,3.26,4.75,1.829617446,3.065207986,4.6184846,,,0.9634725271429684,3.0392069756569993
14.47759598,2.14,3.25,4.75,1.829617446,3.054570346,4.6184846,,,0.9563186811236699,3.035645604486523
14.52779945,2.17,3.25,4.67,1.864617923,3.054570346,4.536165782,,,1.0391318677884487,2.9809047779876026
14.57810167,2.17,3.25,4.67,1.864617923,3.054570346,4.536165782,,,1.0391318677884487,2.9809047779876026
14.62842288,2.17,3.3,4.63,1.864617923,3.107716203,4.494974972,,,1.1159999999431138,2.9787369565079374
14.67856769,2.13,3.3,4.63,1.817910889,3.107716203,4.494974972,,,1.1159999999431138,2.997432608510988
14.72873973,2.13,3.3,4.63,1.817910889,3.107716203,4.494974972,,,1.1159999999431138,2.997432608510988
14.77907951,2.13,3.35,4.61,1.817910889,3.160759402,4.474371464,,,1.17284615378834,3.005645150202536
14.82922366,2.13,3.35,4.61,1.817910889,3.160759402,4.474371464,,,1.17284615378834,3.005645150202536
14.87934962,2.13,3.35,4.61,1.817910889,3.160759402,4.474371464,,,1.17284615378834,3.005645150202536
14.92947455,2.07,3.32,4.54,1.747226373,3.128945509,4.402215351,,,1.2212417584298039,2.9875094838784584
14.97979023,2.07,3.32,4.54,1.747226373,3.128945509,4.402215351,,,1.2212417584298039,2.9875094838784584
15.02988815,2.07,3.32,4.54,1.747226373,3.128945509,4.402215351,,,1.2212417584298039,2.9875094838784584
15.08022374,2.09,3.32,4.48,1.77087549,3.128945509,4.340311049,,,1.280714285298877,2.9492468943106096
15.13055652,2.09,3.32,4.48,1.77087549,3.128945509,4.340311049,,,1.280714285298877,2.9492468943106096
15.18089366,2.09,3.32,4.48,1.77087549,3.128945509,4.340311049,,,1.280714285298877,2.9492468943106096
15.2310512,2.09,3.38,4.54,1.77087549,3.192538175,4.402215351,,,1.2654175826650853,3.0004578830547177
15.28117797,2.09,3.38,4.54,1.77087549,3.192538175,4.402215351,,,1.2654175826650853,3.0004578830547177
15.33137291,2.09,3.37,4.54,1.77087549,3.181949088,4.402215351,,,1.258000000224613,2.9967652170137002
15.38171889,2.05,3.37,4.44,1.723484842,3.181949088,4.299011514,,,1.3566813188043363,2.9662826561983335
15.43209188,2.05,3.37,4.44,1.723484842,3.181949088,4.299011514,,,1.3566813188043363,2.9662826561983335
15.48238093,2.05,3.43,4.44,1.723484842,3.245427553,4.299011514,,,1.401516483985384,2.988602771038464
15.53251516,2.02,3.43,4.46,1.68769073,3.245427553,4.319664339,,,1.3819560439717868,3.011484639444691
15.58285604,2.02,3.43,4.46,1.68769073,3.245427553,4.319664339,,,1.3819560439717868,3.011484639444691
15.63310913,2.02,3.4,4.4,1.68769073,3.213705027,4.257687166,,,1.417857142532303,2.971574534368601
15.68339163,1.99,3.4,4.4,1.651665826,3.213705027,4.257687166,,,1.417857142532303,2.9846506212546524
15.73364438,1.99,3.4,4.4,1.651665826,3.213705027,4.257687166,,,1.417857142532303,2.9846506212546524
15.78396902,1.99,3.44,4.42,1.651665826,3.255994472,4.278352487,,,1.4285384613929086,3.009141973415472
15.83433,2.0,3.44,4.42,1.663700694,3.255994472,4.278352487,,,1.4285384613929086,3.004805017063318
15.88444706,2.0,3.44,4.42,1.663700694,3.255994472,4.278352487,,,1.4285384613929086,3.004805017063318
15.93480022,2.0,3.4,4.35,1.663700694,3.213705027,4.20599572,,,1.4659340663633793,2.9566932631941865
15.9849305,1.99,3.4,4.35,1.651665826,3.213705027,4.20599572,,,1.4659340663633793,2.961030219546341
16.03502403,1.99,3.4,4.35,1.651665826,3.213705027,4.20599572,,,1.4659340663633793,2.961030219546341
16.08536084,1.97,3.49,4.36,1.627513441,3.308776209,4.216337273,,,1.5245054946764105,3.0082646918121068
16.13547496,1.97,3.49,4.36,1.627513441,3.308776209,4.216337273,,,1.5245054946764105,3.0082646918121068
16.18580216,1.97,3.49,4.36,1.627513441,3.308776209,4.216337273,,,1.5245054946764105,3.0082646918121068
16.23608311,1.97,3.48,4.29,1.627513441,3.298226796,4.143911196,,,1.5833846151118975,2.97176103662076
16.28642285,1.97,3.48,4.29,1.627513441,3.298226796,4.143911196,,,1.5833846151118975,2.97176103662076
16.33676074,1.97,3.48,4.29,1.627513441,3.298226796,4.143911196,,,1.5833846151118975,2.97176103662076
16.38710332,1.96,3.5,4.29,1.615394689,3.31932222,4.143911196,,,1.5987252747089642,2.9836697562230223
16.43743676,1.96,3.5,4.29,1.615394689,3.31932222,4.143911196,,,1.5987252747089642,2.9836697562230223
16.48776827,1.96,3.47,4.29,1.615394689,3.28767395,4.143911196,,,1.5757472528763128,2.9722306975280715
16.53811216,1.94,3.47,4.25,1.591068823,3.28767395,4.102487051,,,1.6132857140533983,2.9622661493983298
16.58827436,1.94,3.47,4.25,1.591068823,3.28767395,4.102487051,,,1.6132857140533983,2.9622661493983298
16.63837724,1.94,3.5,4.25,1.591068823,3.31932222,4.102487051,,,1.63626373588605,2.9737052080932806
16.68851571,1.95,3.5,4.25,1.603246706,3.31932222,4.102487051,,,1.63626373588605,2.969476947139233
16.73884468,1.95,3.5,4.25,1.603246706,3.31932222,4.102487051,,,1.63626373588605,2.969476947139233
16.78918566,1.95,3.55,4.17,1.603246706,3.372002372,4.019552214,,,1.7490219775495959,2.952393549777131
16.8394905,1.92,3.55,4.17,1.566620567,3.372002372,4.019552214,,,1.7490219775495959,2.9650131149241354
16.8898139,1.92,3.55,4.17,1.566620567,3.372002372,4.019552214,,,1.7490219775495959,2.9650131149241354
16.9399403,1.92,3.55,4.19,1.566620567,3.372002372,4.040297019,,,1.730648351102565,2.974040157482894
16.99033125,1.93,3.55,4.19,1.578860348,3.372002372,4.040297019,,,1.730648351102565,2.9698553751416688
17.04045929,1.93,3.55,4.19,1.578860348,3.372002372,4.040297019,,,1.730648351102565,2.9698553751416688
17.09078487,1.92,3.62,4.17,1.566620567,3.445620409,4.019552214,,,1.804175824378574,2.992470138671605
17.14111872,1.92,3.62,4.17,1.566620567,3.445620409,4.019552214,,,1.804175824378574,2.992470138671605
17.19128239,1.92,3.62,4.17,1.566620567,3.445620409,4.019552214,,,1.804175824378574,2.992470138671605
17.24139631,1.91,3.65,4.15,1.554348738,3.477125249,3.99879982,,,1.8464285710770636,2.9995807452872603
17.29153549,1.91,3.65,4.15,1.554348738,3.477125249,3.99879982,,,1.8464285710770636,2.9995807452872603
17.34187719,1.91,3.65,4.15,1.554348738,3.477125249,3.99879982,,,1.8464285710770636,2.9995807452872603
17.39221136,1.91,3.65,4.15,1.554348738,3.477125249,3.99879982,,,1.8464285710770636,2.9995807452872603
17.44232297,1.91,3.65,4.15,1.554348738,3.477125249,3.99879982,,,1.8464285710770636,2.9995807452872603
17.49263667,1.91,3.68,4.15,1.554348738,3.508603711,3.99879982,,,1.8705934066385645,3.0116106308167905
17.5429337,1.91,3.68,4.11,1.554348738,3.508603711,3.957271787,,,1.906901099412835,2.993772503497258
17.59331774,1.91,3.68,4.11,1.554348738,3.508603711,3.957271787,,,1.906901099412835,2.993772503497258
17.64365416,1.91,3.7,4.11,1.554348738,3.529575045,3.957271787,,,1.9231208793517118,3.0018471330755236
17.69378084,1.87,3.7,4.06,1.504925247,3.529575045,3.905316889,,,1.9680109884371553,2.9962272099448697
17.74410236,1.87,3.7,4.06,1.504925247,3.529575045,3.905316889,,,1.9680109884371553,2.9962272099448697
17.79444577,1.87,3.78,4.03,1.504925247,3.613350246,3.874119255,,,2.060439560253462,3.015860129224413
17.84478281,1.88,3.78,4.03,1.517333187,3.613350246,3.874119255,,,2.060439560253462,3.011784042125113
17.89510893,1.88,3.78,4.03,1.517333187,3.613350246,3.874119255,,,2.060439560253462,3.011784042125113
17.94546225,1.88,3.82,3.98,1.517333187,3.655174414,3.822080585,,,2.1378571426951978,3.0067919251528665
17.99579832,1.93,3.82,3.98,1.578860348,3.655174414,3.822080585,,,2.1378571426951978,2.9860854036186164
18.04614024,1.93,3.82,3.98,1.578860348,3.655174414,3.822080585,,,2.1378571426951978,2.9860854036186164
18.09648245,1.91,3.82,4.01,1.554348738,3.655174414,3.853310265,,,2.1115164833413047,3.0073745100799307
18.14681805,1.91,3.82,4.01,1.554348738,3.655174414,3.853310265,,,2.1115164833413047,3.0073745100799307
18.19696634,1.91,3.82,4.01,1.554348738,3.655174414,3.853310265,,,2.1115164833413047,3.0073745100799307
18.24708213,1.91,3.82,3.98,1.554348738,3.655174414,3.822080585,,,2.1378571426951978,2.994433229614757
18.29744277,1.91,3.82,3.98,1.554348738,3.655174414,3.822080585,,,2.1378571426951978,2.994433229614757
18.3476545,1.91,3.82,3.98,1.554348738,3.655174414,3.822080585,,,2.1378571426951978,2.994433229614757
18.39800885,1.92,3.89,3.9,1.566620567,3.728270376,3.738702984,,,2.2664395597789753,2.9857601288490017
18.44831329,1.92,3.89,3.9,1.566620567,3.728270376,3.738702984,,,2.2664395597789753,2.9857601288490017
18.49850017,1.92,3.89,3.9,1.566620567,3.728270376,3.738702984,,,2.2664395597789753,2.9857601288490017
18.54874212,1.89,3.9,3.9,1.529705854,3.738702984,3.738702984,,,2.275,3.0024456524792007
18.59886746,1.89,3.9,3.9,1.529705854,3.738702984,3.738702984,,,2.275,3.0024456524792007
18.64920664,1.89,3.99,3.9,1.529705854,3.832492661,3.738702984,,,2.3530329663789398,3.0412924987852374
18.69954258,1.84,3.99,3.91,1.467480835,3.832492661,3.749133233,,,2.344450549212508,3.0657808166397857
18.74984023,1.84,3.99,3.91,1.467480835,3.832492661,3.749133233,,,2.344450549212508,3.0657808166397857
18.80019967,1.84,3.95,3.91,1.467480835,3.790831043,3.749133233,,,2.3095494503063114,3.048406139140831
18.85033003,1.91,3.95,3.81,1.554348738,3.790831043,3.644722212,,,2.394384614717175,2.978193645513983
18.90066111,1.91,3.95,3.81,1.554348738,3.790831043,3.644722212,,,2.394384614717175,2.978193645513983
18.95099269,1.91,4.01,3.9,1.554348738,3.853310265,3.738702984,,,2.3706153841520727,3.0417846155070447
19.0013519,1.89,4.01,3.9,1.529705854,3.853310265,3.738702984,,,2.3706153841520727,3.0500454850244707
19.05168831,1.89,4.01,3.9,1.529705854,3.853310265,3.738702984,,,2.3706153841520727,3.0500454850244707
19.10201535,1.89,4.03,3.82,1.529705854,3.874119255,3.655174414,,,2.4561538467254405,3.0254983277174894
19.15235958,1.91,4.03,3.82,1.554348738,3.874119255,3.655174414,,,2.4561538467254405,3.0172374582000625
19.20270593,1.91,4.03,3.82,1.554348738,3.874119255,3.655174414,,,2.4561538467254405,3.0172374582000625
19.25303586,1.89,4.09,3.85,1.529705854,3.936495904,3.68651597,,,2.484406593971839,3.064574151923282
19.3034017,1.89,4.09,3.85,1.529705854,3.936495904,3.68651597,,,2.484406593971839,3.064574151923282
19.35354606,1.89,4.09,3.85,1.529705854,3.936495904,3.68651597,,,2.484406593971839,3.064574151923282
19.40385805,1.93,4.11,3.82,1.578860348,3.957271787,3.655174414,,,2.527714285651201,3.044514285495224
19.45415491,1.93,4.11,3.82,1.578860348,3.957271787,3.655174414,,,2.527714285651201,3.044514285495224
19.50447509,1.93,4.11,3.82,1.578860348,3.957271787,3.655174414,,,2.527714285651201,3.044514285495224
19.55480014,1.95,4.18,3.77,1.603246706,4.029925558,3.602887731,,,2.6331868132781633,3.047336478989616
19.60513568,1.95,4.18,3.77,1.603246706,4.029925558,3.602887731,,,2.6331868132781633,3.047336478989616
19.65529834,1.95,4.2,3.77,1.603246706,4.050666612,3.602887731,,,2.6516043955363986,3.056505231896433
19.70548582,1.93,4.2,3.82,1.578860348,4.050666612,3.655174414,,,2.6099010994298144,3.085429025398056
19.75561511,1.93,4.2,3.82,1.578860348,4.050666612,3.655174414,,,2.6099010994298144,3.085429025398056
19.80591161,1.93,4.24,3.82,1.578860348,4.092126587,3.655174414,,,2.6470000007991232,3.103897826297125
19.85624164,1.93,4.24,3.79,1.578860348,4.092126587,3.62381015,,,2.672087912174643,3.0915720263604562
19.9065596,1.93,4.24,3.79,1.578860348,4.092126587,3.62381015,,,2.672087912174643,3.0915720263604562
19.95689375,1.93,4.24,3.79,1.578860348,4.092126587,3.62381015,,,2.672087912174643,3.0915720263604562
20.00721803,1.93,4.24,3.79,1.578860348,4.092126587,3.62381015,,,2.672087912174643,3.0915720263604562
20.05755817,1.93,4.24,3.79,1.578860348,4.092126587,3.62381015,,,2.672087912174643,3.0915720263604562
20.10787969,1.93,4.3,3.73,1.578860348,4.154262871,3.561011092,,,2.777978022420015,3.0952434066895673
20.15821378,1.96,4.3,3.73,1.615394689,4.154262871,3.561011092,,,2.777978022420015,3.0825586237805753
20.20855654,1.96,4.3,3.73,1.615394689,4.154262871,3.561011092,,,2.777978022420015,3.0825586237805753
20.25889864,1.97,4.26,3.69,1.627513441,4.11284573,3.519090792,,,2.7729670325758287,3.043531414228351
20.30924089,1.97,4.26,3.69,1.627513441,4.11284573,3.519090792,,,2.7729670325758287,3.043531414228351
20.35959494,1.97,4.26,3.69,1.627513441,4.11284573,3.519090792,,,2.7729670325758287,3.043531414228351
20.40995627,1.97,4.26,3.69,1.627513441,4.11284573,3.519090792,,,2.7729670325758287,3.043531414228351
20.46033209,1.97,4.26,3.69,1.627513441,4.11284573,3.519090792,,,2.7729670325758287,3.043531414228351
20.51065175,1.97,4.26,3.69,1.627513441,4.11284573,3.519090792,,,2.7729670325758287,3.043531414228351
20.5609679,1.97,4.45,3.71,1.627513441,4.309338696,3.540056497,,,2.9385604389990188,3.1420550882534526
20.61130294,1.97,4.45,3.71,1.627513441,4.309338696,3.540056497,,,2.9385604389990188,3.1420550882534526
20.6616371,1.97,4.43,3.71,1.627513441,4.288682781,3.540056497,,,2.9190439553949434,3.1323392735896847
20.71197444,1.96,4.43,3.63,1.615394689,4.288682781,3.456124998,,,2.983571427939055,3.1049083848382573
20.76234435,1.96,4.43,3.63,1.615394689,4.288682781,3.456124998,,,2.983571427939055,3.1049083848382573
20.81253524,1.96,4.51,3.63,1.615394689,4.371269838,3.456124998,,,3.0621648345942907,3.144034232934016
20.86288008,2.0,4.51,3.68,1.663700694,4.371269838,3.508603711,,,3.0219999995346782,3.146549999945187
20.91321399,2.0,4.51,3.68,1.663700694,4.371269838,3.508603711,,,3.0219999995346782,3.146549999945187
20.96355022,2.0,4.49,3.64,1.663700694,4.350632138,3.466626602,,,3.034395604670812,3.1208947682467727
21.0136672,1.98,4.49,3.64,1.639603611,4.350632138,3.466626602,,,3.034395604670812,3.1295469419437114
21.06400655,1.98,4.49,3.64,1.639603611,4.350632138,3.466626602,,,3.034395604670812,3.1295469419437114
21.11435679,1.98,4.55,3.63,1.639603611,4.41252762,3.456124998,,,3.101989010490369,3.155294529200235
21.16468442,2.0,4.55,3.63,1.663700694,4.41252762,3.456124998,,,3.101989010490369,3.1466423555032947
21.21502808,2.0,4.55,3.63,1.663700694,4.41252762,3.456124998,,,3.101989010490369,3.1466423555032947
21.26536943,1.99,4.55,3.62,1.651665826,4.41252762,3.445620409,,,3.1099560433346745,3.1470650739797694
21.31571321,1.99,4.55,3.62,1.651665826,4.41252762,3.445620409,,,3.1099560433346745,3.1470650739797694
21.36609088,1.99,4.55,3.62,1.651665826,4.41252762,3.445620409,,,3.1099560433346745,3.1470650739797694
21.41641831,2.01,4.53,3.65,1.675708805,4.391901638,3.477125249,,,3.0660329671026125,3.140209889935733
21.46674522,2.01,4.53,3.65,1.675708805,4.391901638,3.477125249,,,3.0660329671026125,3.140209889935733
21.51710657,2.01,4.53,3.65,1.675708805,4.391901638,3.477125249,,,3.0660329671026125,3.140209889935733
21.5674434,2.0,4.55,3.67,1.663700694,4.41252762,3.498113777,,,3.069901098947874,3.1624072859567813
21.61758752,2.0,4.55,3.67,1.663700694,4.41252762,3.498113777,,,3.069901098947874,3.1624072859567813
21.66791769,2.0,4.53,3.67,1.663700694,4.391901638,3.498113777,,,3.0499450550582283,3.152472646716067
21.71823812,2.0,4.53,3.6,1.663700694,4.391901638,3.424602167,,,3.1058681313896686,3.12499739617062
21.76855444,2.0,4.53,3.6,1.663700694,4.391901638,3.424602167,,,3.1058681313896686,3.12499739617062
21.81887686,2.0,4.53,3.6,1.663700694,4.391901638,3.424602167,,,3.1058681313896686,3.12499739617062
21.86902242,2.01,4.53,3.6,1.675708805,4.391901638,3.424602167,,,3.1058681313896686,3.120638700525136
21.91935903,2.01,4.53,3.6,1.675708805,4.391901638,3.424602167,,,3.1058681313896686,3.120638700525136
21.96971766,2.01,4.55,3.64,1.675708805,4.41252762,3.466626602,,,3.093999999952615,3.1462086954698383
22.01986104,2.04,4.55,3.64,1.711578219,4.41252762,3.466626602,,,3.093999999952615,3.1330021736654166
22.07020843,2.04,4.55,3.64,1.711578219,4.41252762,3.466626602,,,3.093999999952615,3.1330021736654166
22.12053829,2.04,4.57,3.6,1.711578219,4.433147866,3.424602167,,,3.1458681318240935,3.127345222415243
22.17086891,1.99,4.57,3.6,1.651665826,4.433147866,3.424602167,,,3.1458681318240935,3.1492473962173024
22.22120831,1.99,4.57,3.6,1.651665826,4.433147866,3.424602167,,,3.1458681318240935,3.1492473962173024
22.27150983,1.99,4.57,3.64,1.651665826,4.433147866,3.466626602,,,3.114043956497394,3.16488275192129
22.32182879,1.99,4.57,3.64,1.651665826,4.433147866,3.466626602,,,3.114043956497394,3.16488275192129
22.37216118,1.99,4.57,3.64,1.651665826,4.433147866,3.466626602,,,3.114043956497394,3.16488275192129
22.42247614,2.02,4.61,3.59,1.68769073,4.474371464,3.414088458,,,3.194120878989965,3.1523775679016226
22.47280877,2.02,4.61,3.59,1.68769073,4.474371464,3.414088458,,,3.194120878989965,3.1523775679016226
22.52318309,2.02,4.61,3.59,1.68769073,4.474371464,3.414088458,,,3.194120878989965,3.1523775679016226
22.57351244,2.0,4.49,3.65,1.663700694,4.350632138,3.477125249,,,3.026384615710455,3.124830601953383
22.62361971,2.0,4.49,3.65,1.663700694,4.350632138,3.477125249,,,3.026384615710455,3.124830601953383
22.67395621,2.0,4.49,3.65,1.663700694,4.350632138,3.477125249,,,3.026384615710455,3.124830601953383
22.72431761,2.01,4.45,3.61,1.675708805,4.309338696,3.435112807,3,3.0,3.019000000003029,3.085230434529866
22.774631,2.01,4.45,3.61,1.675708805,4.309338696,3.435112807,,,3.019000000003029,3.085230434529866
22.82480363,2.01,4.36,3.61,1.675708805,4.216337273,3.435112807,,,2.931868132183918,3.041853917724265
22.87517878,2.02,4.36,3.61,1.68769073,4.216337273,3.435112807,,,2.931868132183918,3.0374734828358516
22.92551191,2.02,4.36,3.61,1.68769073,4.216337273,3.435112807,,,2.931868132183918,3.0374734828358516
22.97583357,2.02,4.36,3.61,1.68769073,4.216337273,3.435112807,,,2.931868132183918,3.0374734828358516
23.02595422,2.01,4.36,3.61,1.675708805,4.216337273,3.435112807,,,2.931868132183918,3.041853917724265
23.0763233,2.01,4.36,3.61,1.675708805,4.216337273,3.435112807,,,2.931868132183918,3.041853917724265
23.12667886,2.01,4.38,3.59,1.675708805,4.237015459,3.414088458,,,2.9669010989841937,3.043642068830641
23.17700524,2.02,4.38,3.59,1.68769073,4.237015459,3.414088458,,,2.9669010989841937,3.0392616339422274
23.22729216,2.02,4.38,3.59,1.68769073,4.237015459,3.414088458,,,2.9669010989841937,3.0392616339422274
23.27737705,2.02,4.36,3.57,1.68769073,4.216337273,3.393051724,,,2.9634285712032638,3.021967701926347
23.32770245,2.04,4.36,3.57,1.711578219,4.216337273,3.393051724,,,2.9634285712032638,3.013141615010338
23.37788473,2.04,4.36,3.57,1.711578219,4.216337273,3.393051724,,,2.9634285712032638,3.013141615010338
23.42801301,2.04,4.36,3.57,1.711578219,4.216337273,3.393051724,,,2.9634285712032638,3.013141615010338
23.47832432,2.04,4.36,3.57,1.711578219,4.216337273,3.393051724,,,2.9634285712032638,3.013141615010338
23.52854623,2.04,4.36,3.57,1.711578219,4.216337273,3.393051724,,,2.9634285712032638,3.013141615010338
23.57875468,2.06,4.32,3.54,1.735367396,4.174961078,3.361472891,,,2.948714286361211,2.9737186336263504
23.62887076,2.06,4.32,3.54,1.735367396,4.174961078,3.361472891,,,2.948714286361211,2.9737186336263504
23.67899164,2.06,4.32,3.54,1.735367396,4.174961078,3.361472891,,,2.948714286361211,2.9737186336263504
23.72931985,2.09,4.28,3.55,1.77087549,4.13355779,3.372002372,,,2.9031208798347317,2.94519495927543
23.7795172,2.09,4.28,3.55,1.77087549,4.13355779,3.372002372,,,2.9031208798347317,2.94519495927543
23.82966105,2.09,4.24,3.55,1.77087549,4.092126587,3.372002372,,,2.865670330467983,2.92655109882981
23.87999337,2.1,4.24,3.52,1.782666542,4.092126587,3.340404167,,,2.888978022540803,2.910545580671913
23.93032755,2.1,4.24,3.52,1.782666542,4.092126587,3.340404167,,,2.888978022540803,2.910545580671913
23.98051924,2.1,4.24,3.52,1.782666542,4.092126587,3.340404167,,,2.888978022540803,2.910545580671913
24.03066611,2.13,4.24,3.5,1.817910889,4.092126587,3.31932222,,,2.90440659382929,2.8891719782151206
24.0810086,2.13,4.24,3.5,1.817910889,4.092126587,3.31932222,,,2.90440659382929,2.8891719782151206
24.13133906,2.13,4.22,3.53,1.817910889,4.071400251,3.350940167,,,2.8626373627504256,2.8913020786811057
24.18166358,2.09,4.22,3.53,1.77087549,4.071400251,3.350940167,,,2.8626373627504256,2.909649904687848
24.23201272,2.09,4.22,3.53,1.77087549,4.071400251,3.350940167,,,2.8626373627504256,2.909649904687848
24.28233772,2.09,4.18,3.52,1.77087549,4.029925558,3.340404167,,,2.8334615389132582,2.887462374570755
24.33267505,2.12,4.18,3.52,1.806183822,4.029925558,3.340404167,,,2.8334615389132582,2.8737341139433883
24.38305669,2.12,4.18,3.52,1.806183822,4.029925558,3.340404167,,,2.8334615389132582,2.8737341139433883
24.43315348,2.12,4.11,3.44,1.806183822,3.957271787,3.255994472,,,2.830879120273804,2.8119267797493537
24.48341976,2.12,4.11,3.44,1.806183822,3.957271787,3.255994472,,,2.830879120273804,2.8119267797493537
24.53355289,2.12,4.11,3.44,1.806183822,3.957271787,3.255994472,,,2.830879120273804,2.8119267797493537
24.58380712,2.13,4.13,3.49,1.817910889,3.978039718,3.308776209,,,2.8109120875539677,2.835030148032262
24.63391617,2.13,4.13,3.49,1.817910889,3.978039718,3.308776209,,,2.8109120875539677,2.835030148032262
24.68403126,2.13,4.13,3.49,1.817910889,3.978039718,3.308776209,,,2.8109120875539677,2.835030148032262
24.73435224,2.13,4.09,3.55,1.817910889,3.936495904,3.372002372,,,2.7283626379599064,2.8398479215527432
24.78468597,2.13,4.09,3.55,1.817910889,3.936495904,3.372002372,,,2.7283626379599064,2.8398479215527432
24.83494379,2.13,4.13,3.55,1.817910889,3.978039718,3.372002372,,,2.76449450562768,2.857835307848221
24.88504752,2.16,4.13,3.46,1.852970588,3.978039718,3.277117636,,,2.8338241755827793,2.8097842091693797
24.93530411,2.16,4.13,3.46,1.852970588,3.978039718,3.277117636,,,2.8338241755827793,2.8097842091693797
24.98562829,2.16,4.05,3.46,1.852970588,3.894919768,3.277117636,,,2.7619120877994447,2.7739844959033286
25.03596947,2.16,4.05,3.51,1.852970588,3.894919768,3.329864862,,,2.7236153846126254,2.792799832686418
25.0860891,2.16,4.05,3.51,1.852970588,3.894919768,3.329864862,,,2.7236153846126254,2.792799832686418
25.13628877,2.16,4.05,3.51,1.852970588,3.894919768,3.329864862,,,2.7236153846126254,2.792799832686418
25.18655874,2.17,4.05,3.46,1.864617923,3.894919768,3.277117636,,,2.7619120877994447,2.769277974296832
25.23687758,2.17,4.05,3.46,1.864617923,3.894919768,3.277117636,,,2.7619120877994447,2.769277974296832
25.2871962,2.17,4.01,3.45,1.864617923,3.853310265,3.266557821,,,2.7340769231228683,2.7479100333767583
25.3375303,2.2,4.01,3.45,1.899447288,3.853310265,3.266557821,,,2.7340769231228683,2.7336600332552656
25.38771794,2.2,4.01,3.45,1.899447288,3.853310265,3.266557821,,,2.7340769231228683,2.7336600332552656
25.43812644,2.2,3.95,3.44,1.899447288,3.790831043,3.255994472,,,2.689164834601968,2.703812493943589
25.4884691,2.22,3.95,3.44,1.922576396,3.790831043,3.255994472,,,2.689164834601968,2.6942037984473073
25.53861367,2.22,3.95,3.44,1.922576396,3.790831043,3.255994472,,,2.689164834601968,2.6942037984473073
25.58875292,2.22,3.95,3.45,1.922576396,3.790831043,3.266557821,,,2.6815934064435383,2.697923674020797
25.63910645,2.22,3.95,3.45,1.922576396,3.790831043,3.266557821,,,2.6815934064435383,2.697923674020797
25.68921103,2.22,3.95,3.45,1.922576396,3.790831043,3.266557821,,,2.6815934064435383,2.697923674020797
25.739535,2.24,3.9,3.42,1.945636143,3.738702984,3.234857029,,,2.661109890604373,2.655628619140307
25.78969384,2.24,3.9,3.42,1.945636143,3.738702984,3.234857029,,,2.661109890604373,2.655628619140307
25.83997475,2.24,3.9,3.42,1.945636143,3.738702984,3.234857029,,,2.661109890604373,2.655628619140307
25.8902992,2.27,3.91,3.44,1.980101008,3.749133233,3.255994472,,,2.654615384295657,2.6526020065093525
25.94060342,2.27,3.91,3.44,1.980101008,3.749133233,3.255994472,,,2.654615384295657,2.6526020065093525
25.99068132,2.27,3.89,3.44,1.980101008,3.728270376,3.255994472,,,2.6374725269082004,2.6440678448969024
26.04090254,2.24,3.89,3.46,1.945636143,3.728270376,3.277117636,,,2.6223076919095556,2.6662249161065303
26.09114866,2.24,3.89,3.46,1.945636143,3.728270376,3.277117636,,,2.6223076919095556,2.6662249161065303
26.14141738,2.24,3.84,3.46,1.945636143,3.676071272,3.277117636,,,2.5798351644660955,2.6450809839661993
26.19160896,2.29,3.84,3.42,2.002997753,3.676071272,3.234857029,,,2.6100769229398892,2.605603511588299
26.24177155,2.29,3.84,3.42,2.002997753,3.676071272,3.234857029,,,2.6100769229398892,2.605603511588299
26.29194947,2.29,3.86,3.4,2.002997753,3.696958209,3.213705027,,,2.641989010827188,2.606664094742451
26.34216784,2.32,3.86,3.4,2.03722851,3.696958209,3.213705027,,,2.641989010827188,2.5916314856735627
26.39249951,2.32,3.86,3.4,2.03722851,3.696958209,3.213705027,,,2.641989010827188,2.5916314856735627
26.44281969,2.32,3.86,3.4,2.03722851,3.696958209,3.213705027,,,2.641989010827188,2.5916314856735627
26.49300212,2.32,3.86,3.4,2.03722851,3.696958209,3.213705027,,,2.641989010827188,2.5916314856735627
26.54333254,2.32,3.86,3.4,2.03722851,3.696958209,3.213705027,,,2.641989010827188,2.5916314856735627
26.59366324,2.33,3.82,3.48,2.048609284,3.655174414,3.298226796,,,2.547747252627233,2.599487219173278
26.64399581,2.33,3.82,3.48,2.048609284,3.655174414,3.298226796,,,2.547747252627233,2.599487219173278
26.69432306,2.33,3.82,3.48,2.048609284,3.655174414,3.298226796,,,2.547747252627233,2.599487219173278
26.74453839,2.33,3.79,3.38,2.048609284,3.62381015,3.192538175,,,2.5980439565286475,2.5499610131785366
26.79483856,2.33,3.79,3.38,2.048609284,3.62381015,3.192538175,,,2.5980439565286475,2.5499610131785366
26.84517568,2.33,3.79,3.38,2.048609284,3.62381015,3.192538175,,,2.5980439565286475,2.5499610131785366
26.89551065,2.36,3.74,3.44,2.08266656,3.571484285,3.255994472,,,2.511703296297517,2.536163162890756
26.94593406,2.36,3.74,3.44,2.08266656,3.571484285,3.255994472,,,2.511703296297517,2.536163162890756
26.99621761,2.36,3.7,3.44,2.08266656,3.529575045,3.255994472,,,2.4789999996255156,2.5198826086779555
27.04653678,2.36,3.7,3.43,2.08266656,3.529575045,3.245427553,,,2.4865494501665037,2.51617353080347
27.09671852,2.36,3.7,3.43,2.08266656,3.529575045,3.245427553,,,2.4865494501665037,2.51617353080347
27.14709938,2.36,3.71,3.43,2.08266656,3.540056497,3.245427553,,,2.4946923077121257,2.520227257712051
27.19739614,2.43,3.71,3.35,2.161666024,3.540056497,3.160759402,,,2.5542967038044524,2.4544977066782407
27.24773233,2.43,3.71,3.35,2.161666024,3.540056497,3.160759402,,,2.5542967038044524,2.4544977066782407
27.29791549,2.43,3.7,3.41,2.161666024,3.529575045,3.224282866,,,2.5015824173962176,2.472342116558683
27.34824146,2.44,3.7,3.41,2.172901286,3.529575045,3.224282866,,,2.5015824173962176,2.4670486383647168
27.39855812,2.44,3.7,3.41,2.172901286,3.529575045,3.224282866,,,2.5015824173962176,2.4670486383647168
27.44889245,2.44,3.65,3.39,2.172901286,3.477125249,3.203123476,,,2.476142856563845,2.4396015529200303
27.49922975,2.44,3.65,3.39,2.172901286,3.477125249,3.203123476,,,2.476142856563845,2.4396015529200303
27.54952675,2.44,3.65,3.39,2.172901286,3.477125249,3.203123476,,,2.476142856563845,2.4396015529200303
27.59971126,2.47,3.6,3.39,2.206535746,3.424602167,3.203123476,,,2.4363076922767886,2.4037596994298083
27.65004369,2.47,3.6,3.39,2.206535746,3.424602167,3.203123476,,,2.4363076922767886,2.4037596994298083
27.70036089,2.47,3.6,3.39,2.206535746,3.424602167,3.203123476,,,2.4363076922767886,2.4037596994298083
27.75068969,2.47,3.6,3.35,2.206535746,3.424602167,3.160759402,,,2.465934066471396,2.389204132977675
27.80102759,2.47,3.6,3.35,2.206535746,3.424602167,3.160759402,,,2.465934066471396,2.389204132977675
27.85134888,2.47,3.6,3.35,2.206535746,3.424602167,3.160759402,,,2.465934066471396,2.389204132977675
27.90148176,2.5,3.57,3.4,2.240066963,3.393051724,3.213705027,,,2.4052087913378353,2.3794517680617733
27.95166135,2.5,3.57,3.4,2.240066963,3.393051724,3.213705027,,,2.4052087913378353,2.3794517680617733
28.00186271,2.5,3.57,3.4,2.240066963,3.393051724,3.213705027,,,2.4052087913378353,2.3794517680617733
28.05218813,2.52,3.56,3.41,2.262366018,3.38252864,3.224282866,,,2.3898901099383596,2.3683148591410523
28.10249149,2.52,3.56,3.41,2.262366018,3.38252864,3.224282866,,,2.3898901099383596,2.3683148591410523
28.15282738,2.52,3.48,3.41,2.262366018,3.298226796,3.224282866,,,2.3279999997660714,2.3375043477726747
28.20315511,2.56,3.48,3.35,2.306837662,3.298226796,3.160759402,,,2.372571428628684,2.2935192545249072
28.25349192,2.56,3.48,3.35,2.306837662,3.298226796,3.160759402,,,2.372571428628684,2.2935192545249072
28.30370626,2.56,3.4,3.35,2.306837662,3.213705027,3.160759402,,,2.312087912443261,2.2634089823369465
28.35402353,2.57,3.4,3.41,2.317930111,3.213705027,3.224282866,,,2.267516483580648,2.2797310320978337
28.40437054,2.57,3.4,3.41,2.317930111,3.213705027,3.224282866,,,2.267516483580648,2.2797310320978337
28.45469408,2.57,3.42,3.41,2.317930111,3.234857029,3.224282866,,,2.282505494295553,2.2871929526493844
28.50503377,2.58,3.42,3.41,2.329012666,3.234857029,3.224282866,,,2.282505494295553,2.2815951266811285
28.55535378,2.58,3.42,3.41,2.329012666,3.234857029,3.224282866,,,2.282505494295553,2.2815951266811285
28.60553764,2.58,3.4,3.38,2.329012666,3.213705027,3.192538175,,,2.28990109909151,2.2631355472046764
28.65587922,2.62,3.4,3.38,2.373246721,3.213705027,3.192538175,,,2.28990109909151,2.2405268515145864
28.70618369,2.62,3.4,3.38,2.373246721,3.213705027,3.192538175,,,2.28990109909151,2.2405268515145864
28.7563066,2.63,3.34,3.36,2.384281863,3.150158726,3.171356177,,,2.2602747250107567,2.205419373882019
28.80661091,2.63,3.34,3.36,2.384281863,3.150158726,3.171356177,,,2.2602747250107567,2.205419373882019
28.85676766,2.63,3.34,3.36,2.384281863,3.150158726,3.171356177,,,2.2602747250107567,2.205419373882019
28.90709036,2.63,3.42,3.3,2.384281863,3.234857029,3.107716203,,,2.363615384580436,2.21343026712352
28.95739366,2.63,3.42,3.3,2.384281863,3.234857029,3.107716203,,,2.363615384580436,2.21343026712352
29.00773122,2.63,3.42,3.3,2.384281863,3.234857029,3.107716203,,,2.363615384580436,2.21343026712352
29.0580702,2.63,3.25,3.39,2.384281863,3.054570346,3.203123476,,,2.1728461534242016,2.18390601988635
29.1084038,2.63,3.25,3.39,2.384281863,3.054570346,3.203123476,,,2.1728461534242016,2.18390601988635
29.15872106,2.63,3.34,3.39,2.384281863,3.150158726,3.203123476,,,2.2380219776364414,2.2163522454180957
29.20905957,2.66,3.34,3.36,2.417333241,3.150158726,3.171356177,,,2.2602747250107567,2.1881693743371478
29.25918046,2.66,3.34,3.36,2.417333241,3.150158726,3.171356177,,,2.2602747250107567,2.1881693743371478
29.30931899,2.66,3.26,3.36,2.417333241,3.065207986,3.171356177,,,2.2022527468178152,2.159284519975879
29.35949921,2.67,3.26,3.39,2.428332761,3.065207986,3.203123476,,,2.1799999994435004,2.1644239132399647
29.40983372,2.67,3.26,3.39,2.428332761,3.065207986,3.203123476,,,2.1799999994435004,2.1644239132399647
29.46015196,2.67,3.26,3.39,2.428332761,3.065207986,3.203123476,,,2.1799999994435004,2.1644239132399647
29.51046613,2.67,3.26,3.39,2.428332761,3.065207986,3.203123476,,,2.1799999994435004,2.1644239132399647
29.56079593,2.67,3.26,3.39,2.428332761,3.065207986,3.203123476,,,2.1799999994435004,2.1644239132399647
29.6109535,2.67,3.22,3.35,2.428332761,3.022631304,3.160759402,,,2.1811428574273997,2.1356885093698925
29.66131959,2.7,3.22,3.35,2.461280155,3.022631304,3.160759402,,,2.1811428574273997,2.1181776394513117
29.71164582,2.7,3.22,3.35,2.461280155,3.022631304,3.160759402,,,2.1811428574273997,2.1181776394513117
29.76182872,2.72,3.22,3.3,2.483203576,3.022631304,3.107716203,,,2.217681318849671,2.088443525963157
29.81216537,2.72,3.22,3.3,2.483203576,3.022631304,3.107716203,,,2.217681318849671,2.088443525963157
29.86246555,2.72,3.22,3.3,2.483203576,3.022631304,3.107716203,,,2.217681318849671,2.088443525963157
29.91260919,2.72,3.18,3.36,2.483203576,2.979983221,3.171356177,,,2.1456373622027995,2.0960129478723575
29.96272306,2.72,3.18,3.36,2.483203576,2.979983221,3.171356177,,,2.1456373622027995,2.0960129478723575
30.01301237,2.72,3.18,3.36,2.483203576,2.979983221,3.171356177,,,2.1456373622027995,2.0960129478723575
30.06312883,2.79,3.13,3.38,2.559687481,2.926567956,3.192538175,,,2.0961538464015037,2.0441070233655534
30.11341737,2.79,3.13,3.38,2.559687481,2.926567956,3.192538175,,,2.0961538464015037,2.0441070233655534
30.16360179,2.79,3.1,3.38,2.559687481,2.894460226,3.192538175,,,2.0756153847322683,2.0338824413606513
30.21390891,2.77,3.1,3.36,2.537873125,2.894460226,3.171356177,,,2.090428571263727,2.0386916151289842
30.26423701,2.77,3.1,3.36,2.537873125,2.894460226,3.171356177,,,2.090428571263727,2.0386916151289842
30.31458662,2.77,3.1,3.36,2.537873125,2.894460226,3.171356177,,,2.090428571263727,2.0386916151289842
30.36493193,2.77,3.1,3.4,2.537873125,2.894460226,3.213705027,,,2.060714285640758,2.0532903728480956
30.41531408,2.77,3.1,3.4,2.537873125,2.894460226,3.213705027,,,2.060714285640758,2.0532903728480956
30.46545661,2.77,3.09,3.44,2.537873125,2.883747562,3.255994472,,,2.023846153807295,2.064675585601598
30.51579095,2.8,3.09,3.44,2.570583591,2.883747562,3.255994472,,,2.023846153807295,2.0465125421536423
30.56612928,2.8,3.09,3.44,2.570583591,2.883747562,3.255994472,,,2.023846153807295,2.0465125421536423
30.6163706,2.8,3.06,3.42,2.570583591,2.85157851,3.234857029,,,2.0186483517168257,2.0290118968060122
30.66650836,2.82,3.06,3.42,2.592354142,2.85157851,3.234857029,,,2.0186483517168257,2.0167945055857843
30.71681855,2.82,3.06,3.42,2.592354142,2.85157851,3.234857029,,,2.0186483517168257,2.0167945055857843
30.76696128,2.82,3.05,3.36,2.592354142,2.840844945,3.171356177,,,2.0566373626523076,1.9914890353042465
30.81738949,2.82,3.05,3.36,2.592354142,2.840844945,3.171356177,,,2.0566373626523076,1.9914890353042465
30.8676558,2.82,3.05,3.36,2.592354142,2.840844945,3.171356177,,,2.0566373626523076,1.9914890353042465
30.9179892,2.85,3.0,3.36,2.624957143,2.787095262,3.171356177,,,2.023395604183164,1.9564512897791548
30.96811631,2.85,3.0,3.36,2.624957143,2.787095262,3.171356177,,,2.023395604183164,1.9564512897791548
31.01826726,2.85,3.0,3.36,2.624957143,2.787095262,3.171356177,,,2.023395604183164,1.9564512897791548
31.06860164,2.87,2.93,3.43,2.64665827,2.711604691,3.245427553,,,1.9255494503825976,1.9469691833004859
31.11874528,2.87,2.93,3.43,2.64665827,2.711604691,3.245427553,,,1.9255494503825976,1.9469691833004859
31.16890375,2.87,2.93,3.43,2.64665827,2.711604691,3.245427553,,,1.9255494503825976,1.9469691833004859
31.21923708,2.88,2.91,3.37,2.657498824,2.689981413,3.181949088,,,1.957549450951807,1.9123017917849916
31.26952943,2.88,2.91,3.37,2.657498824,2.689981413,3.181949088,,,1.957549450951807,1.9123017917849916
31.31984883,2.88,2.9,3.37,2.657498824,2.679160316,3.181949088,,,1.9511648351873832,1.9091233635022675
31.37014545,2.89,2.9,3.45,2.668332813,2.679160316,3.266557821,,,1.8912087913069173,1.9323082892597236
31.42049939,2.89,2.9,3.45,2.668332813,2.679160316,3.266557821,,,1.8912087913069173,1.9323082892597236
31.47083371,2.89,2.92,3.45,2.668332813,2.700796179,3.266557821,,,1.9040000002818385,1.9386760867711519
31.52117366,2.93,2.92,3.43,2.711604691,2.700796179,3.245427553,,,1.9191208789812564,1.905942785570926
31.57130933,2.93,2.92,3.43,2.711604691,2.700796179,3.245427553,,,1.9191208789812564,1.905942785570926
31.62141432,2.93,2.88,3.43,2.711604691,2.657498824,3.245427553,,,1.8936263733834962,1.8932509556103017
31.67176176,2.96,2.88,3.43,2.74399344,2.657498824,3.245427553,,,1.8936263733834962,1.8740444340331461
31.72209709,2.96,2.88,3.43,2.74399344,2.657498824,3.245427553,,,1.8936263733834962,1.8740444340331461
31.7723828,2.96,2.84,3.48,2.74399344,2.614096402,3.298226796,,,1.830516483637024,1.880181031972496
31.82271522,2.97,2.84,3.48,2.754777668,2.614096402,3.298226796,,,1.830516483637024,1.8737353796520084
31.87302908,2.97,2.84,3.48,2.754777668,2.614096402,3.298226796,,,1.830516483637024,1.8737353796520084
31.92321427,2.97,2.84,3.35,2.754777668,2.614096402,3.160759402,,,1.9280879122657084,1.8257981125431333
31.97333207,2.97,2.84,3.35,2.754777668,2.614096402,3.160759402,,,1.9280879122657084,1.8257981125431333
32.02344639,2.97,2.84,3.35,2.754777668,2.614096402,3.160759402,,,1.9280879122657084,1.8257981125431333
32.07377057,3.02,2.79,3.49,2.808611757,2.559687481,3.308776209,,,1.7919230768289793,1.8295443143002732
32.12410134,3.02,2.79,3.49,2.808611757,2.559687481,3.308776209,,,1.7919230768289793,1.8295443143002732
32.17421197,3.02,2.79,3.49,2.808611757,2.559687481,3.308776209,,,1.7919230768289793,1.8295443143002732
32.22455392,3.04,2.69,3.44,2.830106005,2.450306103,3.255994472,,,1.7697802194180754,1.7676840659882915
32.27487384,3.04,2.69,3.44,2.830106005,2.450306103,3.255994472,,,1.7697802194180754,1.7676840659882915
32.32501833,3.04,2.7,3.44,2.830106005,2.461280155,3.255994472,,,1.7757032966705788,1.770632728359646
32.37532545,3.05,2.7,3.44,2.840844945,2.461280155,3.255994472,,,1.7757032966705788,1.7640131629254083
32.42552601,3.05,2.7,3.44,2.840844945,2.461280155,3.255994472,,,1.7757032966705788,1.7640131629254083
32.47577748,3.05,2.7,3.44,2.840844945,2.461280155,3.255994472,,,1.7757032966705788,1.7640131629254083
32.52590167,3.05,2.7,3.44,2.840844945,2.461280155,3.255994472,,,1.7757032966705788,1.7640131629254083
32.57620965,3.05,2.7,3.44,2.840844945,2.461280155,3.255994472,,,1.7757032966705788,1.7640131629254083
32.62656214,3.05,2.7,3.41,2.840844945,2.461280155,3.224282866,,,1.79828571444128,1.7529183228902374
32.67688599,3.08,2.7,3.41,2.87302976,2.461280155,3.224282866,,,1.79828571444128,1.7329291924213677
32.72722457,3.08,2.7,3.41,2.87302976,2.461280155,3.224282866,,,1.79828571444128,1.7329291924213677
32.77754118,3.08,2.65,3.49,2.87302976,2.406324999,3.308776209,,,1.7082307691832899,1.7480974915498066
32.82785631,3.13,2.65,3.49,2.926567956,2.406324999,3.308776209,,,1.7082307691832899,1.7143474916323767
32.87818401,3.13,2.65,3.49,2.926567956,2.406324999,3.308776209,,,1.7082307691832899,1.7143474916323767
32.92848348,3.12,2.65,3.46,2.915870367,2.406324999,3.277117636,,,1.7311428572121015,1.709884161854884
32.97881285,3.12,2.65,3.46,2.915870367,2.406324999,3.277117636,,,1.7311428572121015,1.709884161854884
33.02913716,3.12,2.65,3.46,2.915870367,2.406324999,3.277117636,,,1.7311428572121015,1.709884161854884
33.07950628,3.08,2.66,3.54,2.87302976,2.417333241,3.361472891,,,1.675439560562161,1.7699796937453192
33.1297912,3.08,2.66,3.54,2.87302976,2.417333241,3.361472891,,,1.675439560562161,1.7699796937453192
33.18012173,3.08,2.66,3.54,2.87302976,2.417333241,3.361472891,,,1.675439560562161,1.7699796937453192
33.2304655,3.13,2.65,3.49,2.926567956,2.406324999,3.308776209,,,1.7082307691832899,1.7143474916323767
33.28069797,3.13,2.65,3.49,2.926567956,2.406324999,3.308776209,,,1.7082307691832899,1.7143474916323767
33.33084302,3.13,2.62,3.49,2.926567956,2.373246721,3.308776209,,,1.6908571425816308,1.7056984470850287
33.38098546,3.18,2.62,3.53,2.979983221,2.373246721,3.350940167,,,1.659999999552007,1.686565217752244
33.43112386,3.18,2.62,3.53,2.979983221,2.373246721,3.350940167,,,1.659999999552007,1.686565217752244
33.48143353,3.18,2.59,3.53,2.979983221,2.340085469,3.350940167,,,1.6428241757594462,1.678014644603339
33.53155847,3.19,2.59,3.54,2.990652103,2.340085469,3.361472891,,,1.6350549456370387,1.6749077876920881
33.5818757,3.19,2.59,3.54,2.990652103,2.340085469,3.361472891,,,1.6350549456370387,1.6749077876920881
33.63198357,3.19,2.59,3.53,2.990652103,2.340085469,3.350940167,,,1.6428241757594462,1.6710907311536882
33.68233791,3.2,2.59,3.53,3.001316378,2.340085469,3.350940167,,,1.6428241757594462,1.6641450790153494
33.73267432,3.2,2.59,3.53,3.001316378,2.340085469,3.350940167,,,1.6428241757594462,1.6641450790153494
33.78283079,3.2,2.48,3.55,3.001316378,2.217724059,3.372002372,,,1.5659780225377808,1.6412803629506114
33.83316113,3.21,2.48,3.55,3.011976096,2.217724059,3.372002372,,,1.5659780225377808,1.6343129714262243
33.883481,3.21,2.48,3.55,3.011976096,2.217724059,3.372002372,,,1.5659780225377808,1.6343129714262243
33.93369099,3.21,2.45,3.53,3.011976096,2.184124539,3.350940167,,,1.5652857141810959,1.6185770185747834
33.98399343,3.21,2.45,3.53,3.011976096,2.184124539,3.350940167,,,1.5652857141810959,1.6185770185747834
34.0341334,3.21,2.45,3.53,3.011976096,2.184124539,3.350940167,,,1.5652857141810959,1.6185770185747834
34.08442113,3.25,2.47,3.5,3.054570346,2.206535746,3.31932222,,,1.5992747250758292,1.5844867654750507
34.13472432,3.25,2.47,3.5,3.054570346,2.206535746,3.31932222,,,1.5992747250758292,1.5844867654750507
34.18504147,3.25,2.47,3.5,3.054570346,2.206535746,3.31932222,,,1.5992747250758292,1.5844867654750507
34.23545378,3.25,2.48,3.52,3.054570346,2.217724059,3.340404167,,,1.589285714610601,1.5947748449092345
34.28559168,3.25,2.48,3.52,3.054570346,2.217724059,3.340404167,,,1.589285714610601,1.5947748449092345
34.33590856,3.25,2.48,3.52,3.054570346,2.217724059,3.340404167,,,1.589285714610601,1.5947748449092345
34.38609394,3.32,2.41,3.56,3.128945509,2.139158713,3.38252864,,,1.5205494504377546,1.541349617949337
34.43642711,3.32,2.41,3.56,3.128945509,2.139158713,3.38252864,,,1.5205494504377546,1.541349617949337
34.48675594,3.32,2.4,3.56,3.128945509,2.127886275,3.38252864,,,1.5152637361442995,1.5387182514858555
34.53711141,3.3,2.4,3.56,3.107716203,2.127886275,3.38252864,,,1.5152637361442995,1.5531095558230876
34.58744669,3.3,2.4,3.56,3.107716203,2.127886275,3.38252864,,,1.5152637361442995,1.5531095558230876
34.63762627,3.3,2.4,3.56,3.107716203,2.127886275,3.38252864,,,1.5152637361442995,1.5531095558230876
34.68795281,3.32,2.4,3.53,3.128945509,2.127886275,3.350940167,,,1.5386373622548772,1.5272346873532672
34.73831821,3.32,2.4,3.53,3.128945509,2.127886275,3.350940167,,,1.5386373622548772,1.5272346873532672
34.78848349,3.32,2.34,3.52,3.128945509,2.059975728,3.340404167,,,1.515131868245952,1.5078699953463215
34.83862658,3.35,2.34,3.52,3.160759402,2.059975728,3.340404167,,,1.515131868245952,1.4861199954506548
34.88877285,3.35,2.34,3.52,3.160759402,2.059975728,3.340404167,,,1.515131868245952,1.4861199954506548
34.93909555,3.35,2.35,3.6,3.160759402,2.071328076,3.424602167,,,1.4576923072752486,1.5194381274141673
34.98942539,3.35,2.35,3.6,3.160759402,2.071328076,3.424602167,,,1.4576923072752486,1.5194381274141673
35.03976271,3.35,2.35,3.6,3.160759402,2.071328076,3.424602167,,,1.4576923072752486,1.5194381274141673
35.08990104,3.36,2.35,3.6,3.171356177,2.071328076,3.424602167,,,1.4576923072752486,1.5121446487114871
35.14023872,3.36,2.35,3.6,3.171356177,2.071328076,3.424602167,,,1.4576923072752486,1.5121446487114871
35.19056639,3.36,2.35,3.6,3.171356177,2.071328076,3.424602167,,,1.4576923072752486,1.5121446487114871
35.24088146,3.4,2.33,3.6,3.213705027,2.048609284,3.424602167,,,1.4474065929966915,1.4776328475631384
35.291206,3.4,2.33,3.6,3.213705027,2.048609284,3.424602167,,,1.4474065929966915,1.4776328475631384
35.34153243,3.4,2.33,3.6,3.213705027,2.048609284,3.424602167,,,1.4474065929966915,1.4776328475631384
35.39187872,3.39,2.3,3.58,3.203123476,2.014422994,3.403571653,,,1.44792307710448,1.469661705189277
35.44220095,3.39,2.3,3.58,3.203123476,2.014422994,3.403571653,,,1.44792307710448,1.469661705189277
35.49249658,3.39,2.3,3.58,3.203123476,2.014422994,3.403571653,,,1.44792307710448,1.469661705189277
35.54283455,3.39,2.3,3.58,3.203123476,2.014422994,3.403571653,,,1.44792307710448,1.469661705189277
35.59316801,3.39,2.3,3.58,3.203123476,2.014422994,3.403571653,,,1.44792307710448,1.469661705189277
35.64352993,3.39,2.22,3.58,3.203123476,1.922576396,3.403571653,,,1.408186813335296,1.4498799564867921
35.69367262,3.44,2.22,3.63,3.255994472,1.922576396,3.456124998,,,1.3685714282039392,1.432223602313042
35.74402441,3.44,2.22,3.63,3.255994472,1.922576396,3.456124998,,,1.3685714282039392,1.432223602313042
35.79417799,3.44,2.22,3.62,3.255994472,1.922576396,3.445620409,,,1.3765384610482438,1.428309364437362
35.84431766,3.47,2.22,3.62,3.28767395,1.922576396,3.445620409,,,1.3765384610482438,1.405776755761922
35.89451069,3.47,2.22,3.62,3.28767395,1.922576396,3.445620409,,,1.3765384610482438,1.405776755761922
35.94478953,3.47,2.22,3.6,3.28767395,1.922576396,3.424602167,,,1.3924065929928846,1.3979806735456421
35.99493749,3.47,2.22,3.6,3.28767395,1.922576396,3.424602167,,,1.3924065929928846,1.3979806735456421
36.04531735,3.47,2.22,3.6,3.28767395,1.922576396,3.424602167,,,1.3924065929928846,1.3979806735456421
36.09548356,3.52,2.11,3.61,3.340404167,1.794435844,3.435112807,,,1.332142857298524,1.3378276396012714
36.14562503,3.52,2.11,3.61,3.340404167,1.794435844,3.435112807,,,1.332142857298524,1.3378276396012714
36.19580501,3.52,2.11,3.61,3.340404167,1.794435844,3.435112807,,,1.332142857298524,1.3378276396012714
36.24613378,3.53,2.14,3.68,3.350940167,1.829617446,3.508603711,,,1.2900769228422626,1.3646904678963636
36.29647109,3.53,2.14,3.68,3.350940167,1.829617446,3.508603711,,,1.2900769228422626,1.3646904678963636
36.34681219,3.53,2.14,3.68,3.350940167,1.829617446,3.508603711,,,1.2900769228422626,1.3646904678963636
36.3969739,3.55,2.08,3.6,3.372002372,1.75906225,3.424602167,,,1.3262527469399958,1.3040040854818098
36.44709959,3.55,2.08,3.6,3.372002372,1.75906225,3.424602167,,,1.3262527469399958,1.3040040854818098
36.4972936,3.55,2.05,3.6,3.372002372,1.723484842,3.424602167,,,1.3126373624596335,1.297225991903543
36.54752414,3.57,2.05,3.69,3.393051724,1.723484842,3.519090792,,,1.2405384613477557,1.317170234083971
36.59783197,3.57,2.05,3.69,3.393051724,1.723484842,3.519090792,,,1.2405384613477557,1.317170234083971
36.64818371,3.57,2.06,3.69,3.393051724,1.735367396,3.519090792,,,1.2450549446989705,1.3194186573175106
36.69850329,3.62,2.06,3.65,3.445620409,1.735367396,3.477125249,,,1.2773186815237918,1.2644912560537989
36.74881041,3.62,2.06,3.65,3.445620409,1.735367396,3.477125249,,,1.2773186815237918,1.2644912560537989
36.79901655,3.62,2.04,3.65,3.445620409,1.711578219,3.477125249,,,1.268307692584824,1.260005350690704
36.84924649,3.6,2.04,3.66,3.424602167,1.711578219,3.487620966,,,1.260274724974993,1.2796476348529502
36.89936456,3.6,2.04,3.66,3.424602167,1.711578219,3.487620966,,,1.260274724974993,1.2796476348529502
36.94950945,3.6,2.0,3.68,3.424602167,1.663700694,3.508603711,,,1.2263846152058362,1.2787327756809355
36.99962981,3.65,2.0,3.68,3.477125249,1.663700694,3.508603711,,,1.2263846152058362,1.2393306023100423
37.04976059,3.65,2.0,3.68,3.477125249,1.663700694,3.508603711,,,1.2263846152058362,1.2393306023100423
37.09990826,3.65,1.94,3.67,3.477125249,1.591068823,3.498113777,,,1.2084835167786152,1.2224298376576033
37.15019727,3.66,1.94,3.67,3.487620966,1.591068823,3.498113777,,,1.2084835167786152,1.2144841849130965
37.20053475,3.66,1.94,3.67,3.487620966,1.591068823,3.498113777,,,1.2084835167786152,1.2144841849130965
37.2508792,3.67,1.98,3.7,3.498113777,1.639603611,3.529575045,,,1.2014175827381852,1.2270317967815692
37.30140705,3.67,1.98,3.7,3.498113777,1.639603611,3.529575045,,,1.2014175827381852,1.2270317967815692
37.3516367,3.67,1.98,3.7,3.498113777,1.639603611,3.529575045,,,1.2014175827381852,1.2270317967815692
37.40197449,3.69,1.96,3.75,3.519090792,1.615394689,3.581954774,,,1.1518241756338476,1.2268320353310027
37.45232869,3.69,1.96,3.75,3.519090792,1.615394689,3.581954774,,,1.1518241756338476,1.2268320353310027
37.50266269,3.69,1.96,3.75,3.519090792,1.615394689,3.581954774,,,1.1518241756338476,1.2268320353310027
37.55284774,3.69,1.91,3.7,3.519090792,1.554348738,3.529575045,,,1.17149450560829,1.1961353077862535
37.60303201,3.69,1.91,3.7,3.519090792,1.554348738,3.529575045,,,1.17149450560829,1.1961353077862535
37.65317625,3.69,1.88,3.7,3.519090792,1.517333187,3.529575045,,,1.1590000002291014,1.189915217064875
37.70339079,3.73,1.88,3.75,3.561011092,1.517333187,3.581954774,,,1.118065933779141,1.1777654328633507
37.75371948,3.73,1.88,3.75,3.561011092,1.517333187,3.581954774,,,1.118065933779141,1.1777654328633507
37.8038364,3.73,1.88,3.75,3.561011092,1.517333187,3.581954774,,,1.118065933779141,1.1777654328633507
37.85419725,3.73,1.88,3.75,3.561011092,1.517333187,3.581954774,,,1.118065933779141,1.1777654328633507
37.90450395,3.73,1.88,3.75,3.561011092,1.517333187,3.581954774,,,1.118065933779141,1.1777654328633507
37.95468782,3.73,1.89,3.81,3.561011092,1.529705854,3.644722212,,,1.0723626370456805,1.204317487279169
38.00503467,3.73,1.89,3.81,3.561011092,1.529705854,3.644722212,,,1.0723626370456805,1.204317487279169
38.05519785,3.73,1.89,3.81,3.561011092,1.529705854,3.644722212,,,1.0723626370456805,1.204317487279169
38.10551208,3.73,1.84,3.79,3.561011092,1.467480835,3.62381015,,,1.0685714283350847,1.1859083856163777
38.15585304,3.78,1.84,3.79,3.613350246,1.467480835,3.62381015,,,1.0685714283350847,1.1450931679075491
38.20619609,3.78,1.84,3.79,3.613350246,1.467480835,3.62381015,,,1.0685714283350847,1.1450931679075491
38.25648843,3.82,1.81,3.78,3.655174414,1.42968528,3.613350246,,,1.0648571428110347,1.1019723606067993
38.30682166,3.82,1.81,3.78,3.655174414,1.42968528,3.613350246,,,1.0648571428110347,1.1019723606067993
38.35714824,3.82,1.81,3.78,3.655174414,1.42968528,3.613350246,,,1.0648571428110347,1.1019723606067993
38.40748095,3.83,1.79,3.8,3.665624094,1.404279175,3.634267464,,,1.0402857144450206,1.0979031058188986
38.45781709,3.83,1.79,3.8,3.665624094,1.404279175,3.634267464,,,1.0402857144450206,1.0979031058188986
38.50816512,3.83,1.79,3.8,3.665624094,1.404279175,3.634267464,,,1.0402857144450206,1.0979031058188986
38.55830022,3.83,1.79,3.8,3.665624094,1.404279175,3.634267464,,,1.0402857144450206,1.0979031058188986
38.60862365,3.83,1.79,3.8,3.665624094,1.404279175,3.634267464,,,1.0402857144450206,1.0979031058188986
38.65895607,3.83,1.76,3.8,3.665624094,1.365833079,3.634267464,,,1.0285824175606182,1.0920768993264458
38.7091,3.87,1.76,3.84,3.707398009,1.365833079,3.676071272,,,0.9950000003150461,1.0750978262097226
38.75939498,3.87,1.76,3.84,3.707398009,1.365833079,3.676071272,,,0.9950000003150461,1.0750978262097226
38.8097306,3.87,1.75,3.84,3.707398009,1.352922762,3.676071272,,,0.9911428574850558,1.0731776398878359
38.86008806,3.92,1.75,3.83,3.759561145,1.352922762,3.665624094,,,0.9995714287279547,1.0266996890319173
38.91042489,3.92,1.75,3.83,3.759561145,1.352922762,3.665624094,,,0.9995714287279547,1.0266996890319173
38.96060889,3.92,1.7,3.83,3.759561145,1.287594657,3.665624094,,,0.9806153848595193,1.0172628758887179
39.0107921,3.93,1.7,3.83,3.769986737,1.287594657,3.665624094,,,0.9806153848595193,1.00873026782761
39.06090282,3.93,1.7,3.83,3.769986737,1.287594657,3.665624094,,,0.9806153848595193,1.00873026782761
39.1110177,3.93,1.75,3.83,3.769986737,1.352922762,3.665624094,,,0.9995714287279547,1.0181670809708092
39.16134672,3.96,1.75,3.83,3.801249794,1.352922762,3.665624094,,,0.9995714287279547,0.9924388201850338
39.21147548,3.96,1.75,3.83,3.801249794,1.352922762,3.665624094,,,0.9995714287279547,0.9924388201850338
39.26160679,3.92,1.73,3.85,3.759561145,1.326951393,3.68651597,,,0.9750439562988571,1.031184925426097
39.31194306,3.92,1.73,3.85,3.759561145,1.326951393,3.68651597,,,0.9750439562988571,1.031184925426097
39.36208659,3.92,1.73,3.85,3.759561145,1.326951393,3.68651597,,,0.9750439562988571,1.031184925426097
39.41241507,3.94,1.7,3.85,3.780410031,1.287594657,3.68651597,,,0.96373626413955,1.00846870481943
39.46274532,3.94,1.7,3.85,3.780410031,1.287594657,3.68651597,,,0.96373626413955,1.00846870481943
39.51292753,3.94,1.7,3.85,3.780410031,1.287594657,3.68651597,,,0.96373626413955,1.00846870481943
39.56329687,3.96,1.65,3.85,3.801249794,1.220819397,3.68651597,,,0.945329670662242,0.982131510034029
39.6136411,3.96,1.65,3.85,3.801249794,1.220819397,3.68651597,,,0.945329670662242,0.982131510034029
39.66378443,3.96,1.65,3.85,3.801249794,1.220819397,3.68651597,,,0.945329670662242,0.982131510034029
39.71414624,3.95,1.65,3.89,3.790831043,1.220819397,3.728270376,,,0.9113076926958527,1.0074444817971437
39.76448893,3.95,1.65,3.89,3.790831043,1.220819397,3.728270376,,,0.9113076926958527,1.0074444817971437
39.81482621,3.95,1.65,3.89,3.790831043,1.220819397,3.728270376,,,0.9113076926958527,1.0074444817971437
39.86511305,3.97,1.65,3.86,3.811666302,1.220819397,3.696958209,,,0.9368571429669182,0.9776745343563716
39.91545203,3.97,1.65,3.86,3.811666302,1.220819397,3.696958209,,,0.9368571429669182,0.9776745343563716
39.96556788,3.97,1.65,3.86,3.811666302,1.220819397,3.696958209,,,0.9368571429669182,0.9776745343563716
40.01590144,3.97,1.65,3.87,3.811666302,1.220819397,3.707398009,,,0.9283626376872834,0.9818479217328879
40.06604486,3.97,1.65,3.87,3.811666302,1.220819397,3.707398009,,,0.9283626376872834,0.9818479217328879
40.11613819,3.97,1.68,3.85,3.811666302,1.261070973,3.68651597,,,0.9563076925140797,0.9789770903236057
40.1664292,3.96,1.68,3.85,3.801249794,1.261070973,3.68651597,,,0.9563076925140797,0.9875966556950527
40.2167746,3.96,1.68,3.85,3.801249794,1.261070973,3.68651597,,,0.9563076925140797,0.9875966556950527
40.26712648,3.96,1.64,3.85,3.801249794,1.207269647,3.68651597,,,0.9417142860991716,0.9803316772841525
40.31746355,3.96,1.64,3.85,3.801249794,1.207269647,3.68651597,1,1.0,0.9417142860991716,0.9803316772841525
40.36780156,3.96,1.64,3.85,3.801249794,1.207269647,3.68651597,,,0.9417142860991716,0.9803316772841525
40.4181373,3.94,1.7,3.9,3.780410031,1.287594657,3.738702984,,,0.9211538459521362,1.029389632015855
40.46847062,3.94,1.7,3.9,3.780410031,1.287594657,3.738702984,,,0.9211538459521362,1.029389632015855
40.5188047,3.94,1.7,3.9,3.780410031,1.287594657,3.738702984,,,0.9211538459521362,1.029389632015855
40.56910885,3.92,1.72,3.87,3.759561145,1.313887362,3.707398009,,,0.9542857146028741,1.0376335398939798
40.61927293,3.92,1.72,3.87,3.759561145,1.313887362,3.707398009,,,0.9542857146028741,1.0376335398939798
40.6695688,3.92,1.72,3.87,3.759561145,1.313887362,3.707398009,,,0.9542857146028741,1.0376335398939798
40.7199034,3.87,1.73,3.89,3.707398009,1.326951393,3.728270376,,,0.9410219783324677,1.0902370282809482
40.77003909,3.87,1.73,3.89,3.707398009,1.326951393,3.728270376,,,0.9410219783324677,1.0902370282809482
40.82017907,3.87,1.77,3.89,3.707398009,1.378695035,3.728270376,,,0.9564065937334579,1.0978958911653536
40.87046592,3.81,1.77,3.89,3.644722212,1.378695035,3.728270376,,,0.9564065937334579,1.1479828470882874
40.92077624,3.81,1.77,3.89,3.644722212,1.378695035,3.728270376,,,0.9564065937334579,1.1479828470882874
40.97090762,3.81,1.78,3.89,3.644722212,1.391509971,3.728270376,,,0.9603076926190369,1.1499249158813256
41.02129168,3.78,1.78,3.87,3.613350246,1.391509971,3.707398009,,,0.9773626376104677,1.1662957475135702
41.07160429,3.78,1.78,3.87,3.613350246,1.391509971,3.707398009,,,0.9773626376104677,1.1662957475135702
41.12174661,3.78,1.8,3.92,3.613350246,1.417003881,3.759561145,,,0.942428570964324,1.191241614971963
41.17189354,3.74,1.8,3.92,3.571484285,1.417003881,3.759561145,,,0.942428570964324,1.2239372673922129
41.2222181,3.74,1.8,3.92,3.571484285,1.417003881,3.759561145,,,0.942428570964324,1.2239372673922129
41.27252014,3.74,1.88,3.92,3.571484285,1.517333187,3.759561145,,,0.9747802194920729,1.2400427619853747
41.32260467,3.68,1.88,3.92,3.508603711,1.517333187,3.759561145,,,0.9747802194920729,1.2884340660243947
41.37289204,3.68,1.88,3.92,3.508603711,1.517333187,3.759561145,,,0.9747802194920729,1.2884340660243947
41.42303104,3.7,1.9,3.92,3.529575045,1.542044098,3.759561145,,,0.9830879117783429,1.276526373983888
41.47316097,3.7,1.9,3.92,3.529575045,1.542044098,3.759561145,,,0.9830879117783429,1.276526373983888
41.52329503,3.7,1.9,3.92,3.529575045,1.542044098,3.759561145,,,0.9830879117783429,1.276526373983888
41.57354141,3.7,1.9,3.92,3.529575045,1.542044098,3.759561145,,,0.9830879117783429,1.276526373983888
41.62367582,3.7,1.9,3.92,3.529575045,1.542044098,3.759561145,,,0.9830879117783429,1.276526373983888
41.67398513,3.7,1.9,3.92,3.529575045,1.542044098,3.759561145,,,0.9830879117783429,1.276526373983888
41.72431775,3.64,1.91,3.9,3.466626602,1.554348738,3.738702984,,,1.0044615381045807,1.3180362879777632
41.77465557,3.64,1.91,3.9,3.466626602,1.554348738,3.738702984,,,1.0044615381045807,1.3180362879777632
41.82487114,3.64,1.91,3.9,3.466626602,1.554348738,3.738702984,,,1.0044615381045807,1.3180362879777632
41.8752449,3.58,1.9,3.98,3.403571653,1.542044098,3.822080585,,,0.9310000002134823,1.39707391327245
41.92558472,3.58,1.9,3.98,3.403571653,1.542044098,3.822080585,,,0.9310000002134823,1.39707391327245
41.97593909,3.58,1.94,3.98,3.403571653,1.591068823,3.822080585,,,0.9478791210207318,1.4054767799351893
42.0261843,3.52,1.94,3.94,3.340404167,1.591068823,3.780410031,,,0.9826923073667232,1.4346772577515272
42.07652247,3.52,1.94,3.94,3.340404167,1.591068823,3.780410031,,,0.9826923073667232,1.4346772577515272
42.12668514,3.52,1.99,3.94,3.340404167,1.651665826,3.780410031,,,1.0042857140978942,1.4454270189285667
42.17703479,3.5,1.99,3.98,3.31932222,1.651665826,3.822080585,,,0.969472527751903,1.477791758168688
42.22738592,3.5,1.99,3.98,3.31932222,1.651665826,3.822080585,,,0.969472527751903,1.477791758168688
42.27772292,3.5,1.99,3.98,3.31932222,1.651665826,3.822080585,,,0.969472527751903,1.477791758168688
42.32784369,3.49,1.99,3.98,3.308776209,1.651665826,3.822080585,,,0.969472527751903,1.4853895841405707
42.37817548,3.49,1.99,3.98,3.308776209,1.651665826,3.822080585,,,0.969472527751903,1.4853895841405707
42.42849699,3.49,1.99,4.04,3.308776209,1.651665826,3.884520562,,,0.9165934070522488,1.5113693260495311
42.47883071,3.46,1.99,4.04,3.277117636,1.651665826,3.884520562,,,0.9165934070522488,1.534032369643247
42.52912832,3.46,1.99,4.04,3.277117636,1.651665826,3.884520562,,,0.9165934070522488,1.534032369643247
42.57944931,3.45,2.03,4.04,3.266557821,1.699647022,3.884520562,,,0.934263736570623,1.5503399904519546
42.62977688,3.45,2.03,4.04,3.266557821,1.699647022,3.884520562,,,0.934263736570623,1.5503399904519546
42.68010973,3.45,2.03,4.04,3.266557821,1.699647022,3.884520562,,,0.934263736570623,1.5503399904519546
42.73044313,3.44,2.03,4.04,3.255994472,1.699647022,3.884520562,,,0.934263736570623,1.5578291204782275
42.78065685,3.44,2.03,4.04,3.255994472,1.699647022,3.884520562,,,0.934263736570623,1.5578291204782275
42.83099672,3.44,2.03,4.04,3.255994472,1.699647022,3.884520562,,,0.934263736570623,1.5578291204782275
42.88114091,3.38,2.06,4.08,3.192538175,1.735367396,3.92610494,,,0.9120549449678476,1.6265556140231323
42.93146287,3.38,2.06,4.08,3.192538175,1.735367396,3.92610494,,,0.9120549449678476,1.6265556140231323
42.98160686,3.38,2.05,4.08,3.192538175,1.723484842,3.92610494,,,0.9075384616166328,1.6243071907895923
43.0317289,3.38,2.05,4.06,3.192538175,1.723484842,3.905316889,,,0.9254285711093545,1.6155177022127334
43.08201089,3.38,2.05,4.06,3.192538175,1.723484842,3.905316889,,,0.9254285711093545,1.6155177022127334
43.13215487,3.38,2.14,4.06,3.192538175,1.829617446,3.905316889,,,0.9668681313405412,1.6361473963278241
43.18248145,3.29,2.14,4.1,3.097095413,1.829617446,3.946884848,,,0.9309999994874264,1.7190195656302993
43.23279533,3.29,2.14,4.1,3.097095413,1.829617446,3.946884848,,,0.9309999994874264,1.7190195656302993
43.28291778,3.29,2.15,4.08,3.097095413,1.841303886,3.92610494,,,0.9536923077699223,1.7125337795927185
43.33306201,3.28,2.15,4.08,3.086470476,1.841303886,3.92610494,,,0.9536923077699223,1.7196750837238026
43.38339787,3.28,2.15,4.08,3.086470476,1.841303886,3.92610494,,,0.9536923077699223,1.7196750837238026
43.43354012,3.28,2.22,4.08,3.086470476,1.922576396,3.92610494,,,0.9873076921498837,1.7364096989912179
43.48365193,3.23,2.22,4.08,3.033282051,1.922576396,3.92610494,,,0.9873076921498837,1.771790133589142
43.53397382,3.23,2.22,4.08,3.033282051,1.922576396,3.92610494,,,0.9873076921498837,1.771790133589142
43.58432166,3.22,2.21,4.07,3.022631304,1.91102067,3.91571194,,,0.991395604847108,1.7719773768845195
43.63463361,3.22,2.21,4.07,3.022631304,1.91102067,3.91571194,,,0.991395604847108,1.7719773768845195
43.68496623,3.22,2.21,4.07,3.022631304,1.91102067,3.91571194,,,0.991395604847108,1.7719773768845195
43.73528331,3.18,2.25,4.15,2.979983221,1.957140772,3.99879982,,,0.938736263845354,1.8450665316741541
43.78557462,3.18,2.25,4.15,2.979983221,1.957140772,3.99879982,,,0.938736263845354,1.8450665316741541
43.83591938,3.18,2.25,4.15,2.979983221,1.957140772,3.99879982,,,0.938736263845354,1.8450665316741541
43.88606383,3.15,2.29,4.13,2.947948439,2.002997753,3.978039718,,,0.976890109949179,1.8667018154945891
43.9363893,3.15,2.29,4.13,2.947948439,2.002997753,3.978039718,,,0.976890109949179,1.8667018154945891
43.98650303,3.15,2.3,4.13,2.947948439,2.014422994,3.978039718,,,0.9819340660187258,1.869212828407472
44.03663921,3.1,2.3,4.13,2.894460226,2.014422994,3.978039718,,,0.9819340660187258,1.9031802196147074
44.08678119,3.1,2.3,4.13,2.894460226,2.014422994,3.978039718,,,0.9819340660187258,1.9031802196147074
44.13692235,3.1,2.37,4.13,2.894460226,2.093991404,3.978039718,,,1.0178571430813597,1.9210636645002361
44.18721686,3.05,2.37,4.21,2.840844945,2.093991404,4.061034351,,,0.9445384615410877,1.9905093643834915
44.237366,3.05,2.37,4.21,2.840844945,2.093991404,4.061034351,,,0.9445384615410877,1.9905093643834915
44.28751138,3.05,2.37,4.21,2.840844945,2.093991404,4.061034351,,,0.9445384615410877,1.9905093643834915
44.33765288,3.05,2.37,4.21,2.840844945,2.093991404,4.061034351,,,0.9445384615410877,1.9905093643834915
44.38798342,3.05,2.37,4.21,2.840844945,2.093991404,4.061034351,,,0.9445384615410877,1.9905093643834915
44.43832963,3.05,2.42,4.25,2.840844945,2.150418564,4.102487051,,,0.9336703293157304,2.0218815337344207
44.48864306,3.0,2.42,4.25,2.787095262,2.150418564,4.102487051,,,0.9336703293157304,2.0547619687419427
44.53897449,3.0,2.42,4.25,2.787095262,2.150418564,4.102487051,,,0.9336703293157304,2.0547619687419427
44.58934227,3.0,2.42,4.25,2.787095262,2.150418564,4.102487051,,,0.9336703293157304,2.0547619687419427
44.63948644,3.0,2.42,4.25,2.787095262,2.150418564,4.102487051,,,0.9336703293157304,2.0547619687419427
44.68962915,3.0,2.42,4.25,2.787095262,2.150418564,4.102487051,,,0.9336703293157304,2.0547619687419427
44.73996225,2.94,2.41,4.27,2.722407023,2.139158713,4.123202639,,,0.909637362323874,2.1000586003065416
44.79032991,2.94,2.41,4.27,2.722407023,2.139158713,4.123202639,,,0.909637362323874,2.1000586003065416
44.84045326,2.94,2.41,4.27,2.722407023,2.139158713,4.123202639,,,0.909637362323874,2.1000586003065416
44.89058586,2.88,2.53,4.29,2.657498824,2.273499505,4.143911196,,,0.9559670328462736,2.179687936000946
44.94088144,2.88,2.53,4.29,2.657498824,2.273499505,4.143911196,,,0.9559670328462736,2.179687936000946
44.99122217,2.88,2.53,4.29,2.657498824,2.273499505,4.143911196,,,0.9559670328462736,2.179687936000946
45.0415524,2.88,2.57,4.25,2.657498824,2.317930111,4.102487051,,,1.0159230764678895,2.1724051841613288
45.0917038,2.88,2.57,4.25,2.657498824,2.317930111,4.102487051,,,1.0159230764678895,2.1724051841613288
45.14184568,2.88,2.56,4.25,2.657498824,2.306837662,4.102487051,,,1.0102857137581263,2.1695987579427727
45.19198543,2.83,2.56,4.33,2.603228764,2.306837662,4.185307635,,,0.9348571427727836,2.2376897517143126
45.24232705,2.83,2.56,4.33,2.603228764,2.306837662,4.185307635,,,0.9348571427727836,2.2376897517143126
45.2924628,2.83,2.61,4.33,2.603228764,2.362202362,4.185307635,,,0.9632637362031963,2.2518312949655397
45.34281554,2.81,2.61,4.29,2.581472448,2.362202362,4.143911196,,,1.001153846011453,2.245476588617772
45.39315506,2.81,2.61,4.29,2.581472448,2.362202362,4.143911196,,,1.001153846011453,2.245476588617772
45.44348108,2.81,2.63,4.33,2.581472448,2.384281863,4.185307635,,,0.9747802200704898,2.2698253704053286
45.49361072,2.8,2.63,4.33,2.570583591,2.384281863,4.185307635,,,0.9747802200704898,2.2759231966514872
45.54394354,2.8,2.63,4.33,2.570583591,2.384281863,4.185307635,,,0.9747802200704898,2.2759231966514872
45.59407394,2.8,2.68,4.36,2.570583591,2.439323677,4.216337273,,,0.9753076924707388,2.3045227427050654
45.64441068,2.74,2.68,4.36,2.505094809,2.439323677,4.216337273,,,0.9753076924707388,2.340653177078947
45.69456662,2.74,2.68,4.36,2.505094809,2.439323677,4.216337273,,,0.9753076924707388,2.340653177078947
45.74470467,2.75,2.68,4.4,2.516028617,2.439323677,4.257687166,,,0.9368021975441411,2.353603702903299
45.7950409,2.75,2.68,4.4,2.516028617,2.439323677,4.257687166,,,0.9368021975441411,2.353603702903299
45.84537004,2.75,2.68,4.4,2.516028617,2.439323677,4.257687166,,,0.9368021975441411,2.353603702903299
45.89552914,2.71,2.73,4.42,2.472245942,2.494153163,4.278352487,,,0.9471428568663535,2.4016645967099475
45.94585938,2.71,2.73,4.42,2.472245942,2.494153163,4.278352487,,,0.9471428568663535,2.4016645967099475
45.9959474,2.71,2.73,4.42,2.472245942,2.494153163,4.278352487,,,0.9471428568663535,2.4016645967099475
46.04622203,2.64,2.75,4.44,2.395307913,2.516028617,4.299011514,,,0.9397142861602593,2.4579338510911026
46.09633241,2.64,2.75,4.44,2.395307913,2.516028617,4.299011514,,,0.9397142861602593,2.4579338510911026
46.14665817,2.64,2.79,4.44,2.395307913,2.559687481,4.299011514,,,0.964065934382808,2.4700567368366757
46.19695545,2.66,2.79,4.44,2.417333241,2.559687481,4.299011514,,,0.964065934382808,2.4585349977102466
46.24707511,2.66,2.79,4.44,2.417333241,2.559687481,4.299011514,,,0.964065934382808,2.4585349977102466
46.29742778,2.66,2.8,4.44,2.417333241,2.570583591,4.299011514,,,0.9702087912982288,2.4615930721311843
46.34775566,2.58,2.8,4.42,2.329012666,2.570583591,4.278352487,,,0.9896813181647656,2.497591352372314
46.39807925,2.58,2.8,4.42,2.329012666,2.570583591,4.278352487,,,0.9896813181647656,2.497591352372314
46.44840947,2.58,2.83,4.46,2.329012666,2.603228764,4.319664339,,,0.9692087907789735,2.5260082896747367
46.49856395,2.55,2.83,4.46,2.295735176,2.603228764,4.319664339,,,0.9692087907789735,2.5427365505513317
46.54874677,2.55,2.83,4.46,2.295735176,2.603228764,4.319664339,,,0.9692087907789735,2.5427365505513317
46.59887908,2.55,2.87,4.5,2.295735176,2.64665827,4.360951731,,,0.9548791206645597,2.574559388525199
46.64900436,2.55,2.87,4.5,2.295735176,2.64665827,4.360951731,,,0.9548791206645597,2.574559388525199
46.69935119,2.55,2.87,4.5,2.295735176,2.64665827,4.360951731,,,0.9548791206645597,2.574559388525199
46.7496715,2.52,2.9,4.5,2.262366018,2.679160316,4.360951731,,,0.9739010987601449,2.6005616340252384
46.79999879,2.52,2.9,4.5,2.262366018,2.679160316,4.360951731,,,0.9739010987601449,2.6005616340252384
46.85009782,2.52,2.9,4.5,2.262366018,2.679160316,4.360951731,,,0.9739010987601449,2.6005616340252384
46.90040079,2.46,2.93,4.5,2.195335965,2.711604691,4.360951731,,,0.993120879136407,2.642608002971105
46.95074266,2.46,2.93,4.5,2.195335965,2.711604691,4.360951731,,,0.993120879136407,2.642608002971105
47.00103481,2.46,2.93,4.5,2.195335965,2.711604691,4.360951731,,,0.993120879136407,2.642608002971105
47.05136868,2.46,2.95,4.58,2.195335965,2.733203249,4.443455862,,,0.9262197805276907,2.688259412297447
47.10169642,2.46,2.95,4.58,2.195335965,2.733203249,4.443455862,,,0.9262197805276907,2.688259412297447
47.15185623,2.46,2.95,4.58,2.195335965,2.733203249,4.443455862,,,0.9262197805276907,2.688259412297447
47.20217729,2.43,2.96,4.56,2.161666024,2.74399344,4.422838455,,,0.9528021977732138,2.697568920164363
47.25249448,2.43,2.96,4.56,2.161666024,2.74399344,4.422838455,,,0.9528021977732138,2.697568920164363
47.30282141,2.43,2.97,4.56,2.161666024,2.754777668,4.422838455,,,0.9593186814378825,2.7008129957278606
47.35314838,2.41,2.97,4.58,2.139158713,2.754777668,4.443455862,,,0.9392307695131153,2.7212040133161324
47.40340119,2.41,2.97,4.58,2.139158713,2.754777668,4.443455862,,,0.9392307695131153,2.7212040133161324
47.45375475,2.41,3.09,4.58,2.139158713,2.883747562,4.443455862,,,1.0191428575603048,2.7609863354091897
47.50409405,2.33,3.09,4.63,2.048609284,2.883747562,4.494974972,,,0.9685384618059938,2.8270658864659626
47.55443852,2.33,3.09,4.63,2.048609284,2.883747562,4.494974972,,,0.9685384618059938,2.8270658864659626
47.6047729,2.33,3.09,4.63,2.048609284,2.883747562,4.494974972,,,0.9685384618059938,2.8270658864659626
47.65509496,2.33,3.09,4.63,2.048609284,2.883747562,4.494974972,,,0.9685384618059938,2.8270658864659626
47.70540931,2.33,3.09,4.63,2.048609284,2.883747562,4.494974972,,,0.9685384618059938,2.8270658864659626
47.75574736,2.33,3.13,4.63,2.048609284,2.926567956,4.494974972,,,0.9958791211186393,2.8406767799063886
47.80608171,2.31,3.13,4.63,2.025833162,2.926567956,4.494974972,,,0.9958791211186393,2.8507637362359617
47.85641822,2.31,3.13,4.63,2.025833162,2.926567956,4.494974972,,,0.9958791211186393,2.8507637362359617
47.90675054,2.28,3.14,4.67,1.99155718,2.937260629,4.536165782,,,0.9618901099874504,2.8892452939478965
47.95708687,2.28,3.14,4.67,1.99155718,2.937260629,4.536165782,,,0.9618901099874504,2.8892452939478965
48.00742967,2.28,3.14,4.67,1.99155718,2.937260629,4.536165782,,,0.9618901099874504,2.8892452939478965
48.05757243,2.26,3.13,4.67,1.968628965,2.926567956,4.536165782,,,0.9549999999228947,2.8956847825649525
48.10769747,2.26,3.13,4.67,1.968628965,2.926567956,4.536165782,,,0.9549999999228947,2.8956847825649525
48.15800327,2.26,3.13,4.67,1.968628965,2.926567956,4.536165782,,,0.9549999999228947,2.8956847825649525
48.20814663,2.29,3.18,4.71,2.002997753,2.979983221,4.577335469,,,0.9484395606237452,2.9183644766194736
48.25848078,2.29,3.18,4.71,2.002997753,2.979983221,4.577335469,,,0.9484395606237452,2.9183644766194736
48.30882089,2.29,3.18,4.71,2.002997753,2.979983221,4.577335469,,,0.9484395606237452,2.9183644766194736
48.35917764,2.24,3.18,4.71,1.945636143,2.979983221,4.577335469,,,0.9484395606237452,2.9429840415732924
48.40951438,2.24,3.18,4.71,1.945636143,2.979983221,4.577335469,,,0.9484395606237452,2.9429840415732924
48.459761,2.24,3.23,4.71,1.945636143,3.033282051,4.577335469,,,0.9836593412256389,2.9605173671338005
48.50990701,2.23,3.23,4.77,1.934114785,3.033282051,4.639051627,,,0.9211538464777383,2.9960852840525867
48.56023964,2.23,3.23,4.77,1.934114785,3.033282051,4.639051627,,,0.9211538464777383,2.9960852840525867
48.61054785,2.23,3.24,4.75,1.934114785,3.043928383,4.6184846,,,0.9491868132303108,2.989345174290912
48.66088675,2.22,3.24,4.75,1.922576396,3.043928383,4.6184846,,,0.9491868132303108,2.9941821311495262
48.71122655,2.22,3.24,4.75,1.922576396,3.043928383,4.6184846,,,0.9491868132303108,2.9941821311495262
48.76156915,2.22,3.25,4.73,1.922576396,3.054570346,4.59791257,,,0.9771538458569838,2.987496154014418
48.81190889,2.2,3.25,4.73,1.899447288,3.054570346,4.59791257,,,0.9771538458569838,2.9971048495107
48.8622445,2.2,3.25,4.73,1.899447288,3.054570346,4.59791257,,,0.9771538458569838,2.9971048495107
48.91237508,2.22,3.23,4.77,1.922576396,3.033282051,4.639051627,,,0.9211538464777383,3.0009222409112
48.96253882,2.22,3.23,4.77,1.922576396,3.033282051,4.639051627,,,0.9211538464777383,3.0009222409112
49.01277427,2.22,3.23,4.77,1.922576396,3.033282051,4.639051627,,,0.9211538464777383,3.0009222409112
49.06291295,2.22,3.23,4.75,1.922576396,3.033282051,4.6184846,,,0.9420769231298464,2.9906426423821206
49.1132452,2.22,3.23,4.75,1.922576396,3.033282051,4.6184846,,,0.9420769231298464,2.9906426423821206
49.16354553,2.22,3.23,4.75,1.922576396,3.033282051,4.6184846,,,0.9420769231298464,2.9906426423821206
49.21368865,2.22,3.24,4.73,1.922576396,3.043928383,4.59791257,,,0.9700219779636248,2.983945724128376
49.26400702,2.22,3.24,4.73,1.922576396,3.043928383,4.59791257,,,0.9700219779636248,2.983945724128376
49.31415543,2.22,3.25,4.73,1.922576396,3.054570346,4.59791257,,,0.9771538458569838,2.987496154014418
49.36429699,2.22,3.25,4.75,1.922576396,3.054570346,4.6184846,,,0.9563186811236699,2.997732561035568
49.41459171,2.22,3.25,4.75,1.922576396,3.054570346,4.6184846,,,0.9563186811236699,2.997732561035568
49.46492532,2.22,3.24,4.75,1.922576396,3.043928383,4.6184846,,,0.9491868132303108,2.9941821311495262
49.51528446,2.22,3.24,4.73,1.922576396,3.043928383,4.59791257,,,0.9700219779636248,2.983945724128376
49.56555518,2.22,3.24,4.73,1.922576396,3.043928383,4.59791257,1,3.0,0.9700219779636248,2.983945724128376
49.61569361,2.22,3.24,4.79,1.922576396,3.043928383,4.659613718,,,0.9072527472372754,3.0147845200939307
49.66603131,2.14,3.24,4.79,1.829617446,3.043928383,4.659613718,,,0.9072527472372754,3.0526975635448856
49.71633345,2.14,3.24,4.79,1.829617446,3.043928383,4.659613718,,,0.9072527472372754,3.0526975635448856
49.76666066,2.14,3.25,4.75,1.829617446,3.054570346,4.6184846,,,0.9563186811236699,3.035645604486523
49.8169908,2.19,3.25,4.75,1.887855927,3.054570346,4.6184846,,,0.9563186811236699,3.012112995529841
49.86713369,2.19,3.25,4.75,1.887855927,3.054570346,4.6184846,,,0.9563186811236699,3.012112995529841
49.91746345,2.16,3.26,4.69,1.852970588,3.065207986,4.55675323,,,1.0257142855299712,2.9992795029184394
49.96758317,2.16,3.26,4.69,1.852970588,3.065207986,4.55675323,,,1.0257142855299712,2.9992795029184394
50.01790006,2.16,3.26,4.69,1.852970588,3.065207986,4.55675323,,,1.0257142855299712,2.9992795029184394
50.06801891,2.14,3.3,4.65,1.829617446,3.107716203,4.515573053,,,1.0956043957592303,3.0028117533532015
50.11816305,2.14,3.3,4.65,1.829617446,3.107716203,4.515573053,,,1.0956043957592303,3.0028117533532015
50.16848225,2.14,3.3,4.65,1.829617446,3.107716203,4.515573053,,,1.0956043957592303,3.0028117533532015
50.21880132,2.11,3.29,4.61,1.794435844,3.097095413,4.474371464,,,1.1290659339964983,2.993067606231465
50.26891461,2.11,3.29,4.61,1.794435844,3.097095413,4.474371464,,,1.1290659339964983,2.993067606231465
50.31908503,2.11,3.29,4.61,1.794435844,3.097095413,4.474371464,,,1.1290659339964983,2.993067606231465
50.36940936,2.1,3.3,4.6,1.782666542,3.107716203,4.464067652,,,1.1464285710720814,2.9962763975192055
50.41974443,2.1,3.3,4.6,1.782666542,3.107716203,4.464067652,,,1.1464285710720814,2.9962763975192055
50.47008526,2.1,3.3,4.6,1.782666542,3.107716203,4.464067652,,,1.1464285710720814,2.9962763975192055
50.52041944,2.09,3.3,4.56,1.77087549,3.107716203,4.422838455,,,1.186692307622192,2.9810489963971403
50.57073713,2.09,3.3,4.56,1.77087549,3.107716203,4.422838455,,,1.186692307622192,2.9810489963971403
50.62105995,2.09,3.3,4.56,1.77087549,3.107716203,4.422838455,,,1.186692307622192,2.9810489963971403
50.67141036,2.09,3.3,4.56,1.77087549,3.107716203,4.422838455,,,1.186692307622192,2.9810489963971403
50.72174939,2.09,3.3,4.56,1.77087549,3.107716203,4.422838455,,,1.186692307622192,2.9810489963971403
50.77208839,2.09,3.35,4.5,1.77087549,3.160759402,4.360951731,,,1.2829670326614835,2.969890109632473
50.82242839,2.09,3.35,4.5,1.77087549,3.160759402,4.360951731,,,1.2829670326614835,2.969890109632473
50.87277069,2.09,3.35,4.5,1.77087549,3.160759402,4.360951731,,,1.2829670326614835,2.969890109632473
50.92310707,2.09,3.34,4.44,1.77087549,3.150158726,4.299011514,,,1.3345604397241067,2.9372703054737217
50.97330651,2.04,3.34,4.44,1.711578219,3.150158726,4.299011514,,,1.3345604397241067,2.959715957791931
51.02341127,2.04,3.34,4.44,1.711578219,3.150158726,4.299011514,,,1.3345604397241067,2.959715957791931
51.07352619,2.01,3.4,4.44,1.675708805,3.213705027,4.299011514,,,1.3790000003363185,2.9950456521619984
51.12386535,2.01,3.4,4.44,1.675708805,3.213705027,4.299011514,,,1.3790000003363185,2.9950456521619984
51.17414944,2.01,3.4,4.44,1.675708805,3.213705027,4.299011514,,,1.3790000003363185,2.9950456521619984
51.22442502,2.01,3.4,4.42,1.675708805,3.213705027,4.278352487,,,1.3984725272028553,2.9854787150493083
51.27476373,2.01,3.4,4.42,1.675708805,3.213705027,4.278352487,,,1.3984725272028553,2.9854787150493083
51.32510822,2.01,3.4,4.42,1.675708805,3.213705027,4.278352487,,,1.3984725272028553,2.9854787150493083
51.37544214,1.97,3.4,4.46,1.627513441,3.213705027,4.319664339,,,1.3594395603227212,3.0219601290511644
51.42578267,1.97,3.4,4.46,1.627513441,3.213705027,4.319664339,,,1.3594395603227212,3.0219601290511644
51.47594859,1.97,3.4,4.46,1.627513441,3.213705027,4.319664339,,,1.3594395603227212,3.0219601290511644
51.52609051,1.97,3.4,4.36,1.627513441,3.213705027,4.216337273,,,1.4563626374589007,2.974341399849476
51.57641339,1.97,3.4,4.36,1.627513441,3.213705027,4.216337273,,,1.4563626374589007,2.974341399849476
51.62656974,1.97,3.46,4.36,1.627513441,3.277117636,4.216337273,,,1.501593406647599,2.996858456684719
51.67692263,1.99,3.46,4.35,1.651665826,3.277117636,4.20599572,,,1.5111648355520777,2.983547276381584
51.7273708,1.99,3.46,4.35,1.651665826,3.277117636,4.20599572,,,1.5111648355520777,2.983547276381584
51.77756603,1.99,3.46,4.36,1.651665826,3.277117636,4.216337273,,,1.501593406647599,2.9882497610172627
51.82790103,1.98,3.46,4.36,1.639603611,3.277117636,4.216337273,,,1.501593406647599,2.992564978362047
51.87818785,1.98,3.46,4.36,1.639603611,3.277117636,4.216337273,,,1.501593406647599,2.992564978362047
51.92850053,1.98,3.51,4.29,1.639603611,3.329864862,4.143911196,,,1.6064285713019915,2.9789394408362
51.97884031,1.97,3.51,4.29,1.627513441,3.329864862,4.143911196,,,1.6064285713019915,2.983232919158872
52.02893303,1.97,3.51,4.29,1.627513441,3.329864862,4.143911196,,,1.6064285713019915,2.983232919158872
52.0790233,1.93,3.46,4.29,1.578860348,3.277117636,4.143911196,,,1.5681318681151728,2.9811243432407575
52.1293568,1.93,3.46,4.29,1.578860348,3.277117636,4.143911196,,,1.5681318681151728,2.9811243432407575
52.17953946,1.93,3.46,4.29,1.578860348,3.277117636,4.143911196,,,1.5681318681151728,2.9811243432407575
52.22989213,1.94,3.54,4.23,1.591068823,3.361472891,4.081764324,,,1.6858461538734857,2.9799538458583847
52.28023265,1.94,3.54,4.23,1.591068823,3.361472891,4.081764324,,,1.6858461538734857,2.9799538458583847
52.33057825,1.94,3.54,4.23,1.591068823,3.361472891,4.081764324,,,1.6858461538734857,2.9799538458583847
52.38091731,1.92,3.61,4.19,1.566620567,3.435112807,4.040297019,,,1.7778571423159488,2.9975419252826008
52.43124258,1.92,3.61,4.19,1.566620567,3.435112807,4.040297019,,,1.7778571423159488,2.9975419252826008
52.48156223,1.92,3.56,4.19,1.566620567,3.38252864,4.040297019,,,1.7384615383164796,2.9779297659002557
52.53168737,1.92,3.56,4.17,1.566620567,3.38252864,4.019552214,,,1.7568351647635105,2.968902723341497
52.58197727,1.92,3.56,4.17,1.566620567,3.38252864,4.019552214,,,1.7568351647635105,2.968902723341497
52.63210824,1.92,3.64,4.17,1.566620567,3.466626602,4.019552214,,,1.8201318677606335,3.000413473311805
52.68244973,1.91,3.64,4.19,1.554348738,3.466626602,4.040297019,,,1.8017582413136022,3.013603559525477
52.73276742,1.91,3.64,4.19,1.554348738,3.466626602,4.040297019,,,1.8017582413136022,3.013603559525477
52.78307426,1.91,3.67,4.17,1.554348738,3.498113777,4.019552214,,,1.8442307687653738,3.0165735785538614
52.83342013,1.93,3.67,4.17,1.578860348,3.498113777,4.019552214,,,1.8442307687653738,3.008225752557721
52.88371273,1.93,3.67,4.17,1.578860348,3.498113777,4.019552214,,,1.8442307687653738,3.008225752557721
52.93405635,1.93,3.67,4.13,1.578860348,3.498113777,3.978039718,,,1.8807142855880976,2.990301242118731
52.98439986,1.93,3.67,4.13,1.578860348,3.498113777,3.978039718,,,1.8807142855880976,2.990301242118731
53.03462069,1.93,3.67,4.13,1.578860348,3.498113777,3.978039718,,,1.8807142855880976,2.990301242118731
53.08471058,1.89,3.66,4.08,1.529705854,3.487620966,3.92610494,,,1.9177692310538863,2.980737291125798
53.13504467,1.89,3.66,4.08,1.529705854,3.487620966,3.92610494,,,1.9177692310538863,2.980737291125798
53.18513512,1.89,3.66,4.08,1.529705854,3.487620966,3.92610494,,,1.9177692310538863,2.980737291125798
53.23546487,1.88,3.73,4.11,1.517333187,3.561011092,3.957271787,,,1.9476153847429516,3.0263998323844907
53.28579708,1.88,3.73,4.11,1.517333187,3.561011092,3.957271787,,,1.9476153847429516,3.0263998323844907
53.33612842,1.88,3.73,4.11,1.517333187,3.561011092,3.957271787,,,1.9476153847429516,3.0263998323844907
53.38646441,1.87,3.79,4.08,1.504925247,3.62381015,3.92610494,,,2.024197802566002,3.0418941235420314
53.43668267,1.87,3.79,4.08,1.504925247,3.62381015,3.92610494,,,2.024197802566002,3.0418941235420314
53.48702172,1.87,3.79,4.08,1.504925247,3.62381015,3.92610494,,,2.024197802566002,3.0418941235420314
53.53714037,1.89,3.83,4.06,1.529705854,3.665624094,3.905316889,,,2.0755824170334813,3.0416051601913177
53.58747522,1.89,3.83,4.06,1.529705854,3.665624094,3.905316889,,,2.0755824170334813,3.0416051601913177
53.63780815,1.89,3.83,4.06,1.529705854,3.665624094,3.905316889,,,2.0755824170334813,3.0416051601913177
53.68815737,1.89,3.83,4.06,1.529705854,3.665624094,3.905316889,,,2.0755824170334813,3.0416051601913177
53.73847907,1.89,3.83,4.06,1.529705854,3.665624094,3.905316889,,,2.0755824170334813,3.0416051601913177
53.78880627,1.89,3.8,4.06,1.529705854,3.634267464,3.905316889,,,2.050428571030808,3.0290829194638995
53.83913123,1.91,3.8,4.01,1.554348738,3.634267464,3.853310265,,,2.0947692309378705,2.9990372909486553
53.88946517,1.91,3.8,4.01,1.554348738,3.634267464,3.853310265,,,2.0947692309378705,2.9990372909486553
53.93960594,1.91,3.84,3.94,1.554348738,3.676071272,3.780410031,,,2.1895054938833267,2.9857103440379205
53.98995539,1.86,3.84,3.94,1.492481156,3.676071272,3.780410031,,,2.1895054938833267,3.006199474288692
54.04032088,1.86,3.84,3.94,1.492481156,3.676071272,3.780410031,,,2.1895054938833267,3.006199474288692
54.09061988,1.86,3.9,4.0,1.492481156,3.738702984,3.842902549,,,2.1881868133472313,3.0573256092636876
54.14108988,1.89,3.9,4.0,1.529705854,3.738702984,3.842902549,,,2.1881868133472313,3.0450973485303434
54.19140672,1.89,3.9,4.0,1.529705854,3.738702984,3.842902549,,,2.1881868133472313,3.0450973485303434
54.24173888,1.86,3.88,3.94,1.492481156,3.717835392,3.780410031,,,2.2234395603870736,3.023092737830775
54.29212415,1.86,3.88,3.94,1.492481156,3.717835392,3.780410031,,,2.2234395603870736,3.023092737830775
54.34244057,1.86,3.88,3.94,1.492481156,3.717835392,3.780410031,,,2.2234395603870736,3.023092737830775
54.3927368,1.88,3.93,3.98,1.517333187,3.769986737,3.822080585,,,2.231538461419996,3.05342892947456
54.44307007,1.88,3.93,3.98,1.517333187,3.769986737,3.822080585,,,2.231538461419996,3.05342892947456
54.49340005,1.88,3.93,3.98,1.517333187,3.769986737,3.822080585,,,2.231538461419996,3.05342892947456
54.54372938,1.88,3.95,3.89,1.517333187,3.790831043,3.728270376,,,2.326692307693767,3.0238098658070722
54.59405007,1.88,3.95,3.89,1.517333187,3.790831043,3.728270376,,,2.326692307693767,3.0238098658070722
54.64439445,1.88,3.97,3.89,1.517333187,3.811666302,3.728270376,,,2.344098901235513,3.032475322157202
54.69471415,1.92,3.97,3.9,1.566620567,3.811666302,3.738702984,,,2.3355384610144885,3.0201593644640723
54.74504741,1.92,3.97,3.9,1.566620567,3.811666302,3.738702984,,,2.3355384610144885,3.0201593644640723
54.79519353,1.92,3.95,3.9,1.566620567,3.790831043,3.738702984,,,2.318131867472743,3.0114939081139425
54.84552353,1.89,3.95,3.86,1.529705854,3.790831043,3.696958209,,,2.3522417579648325,3.007159483783647
54.89586283,1.89,3.95,3.86,1.529705854,3.790831043,3.696958209,,,2.3522417579648325,3.007159483783647
54.94621224,1.89,4.03,3.86,1.529705854,3.874119255,3.696958209,,,2.4223956047109088,3.0420838987941936
54.99654889,1.87,4.03,3.86,1.504925247,3.874119255,3.696958209,,,2.4223956047109088,3.050257811914178
55.04688469,1.87,4.03,3.86,1.504925247,3.874119255,3.696958209,,,2.4223956047109088,3.050257811914178
55.09722161,1.87,4.03,3.85,1.504925247,3.874119255,3.68651597,,,2.430868132406232,3.0460952222203885
55.14755576,1.94,4.03,3.85,1.591068823,3.874119255,3.68651597,,,2.430868132406232,3.0171060917351062
55.19788612,1.94,4.03,3.85,1.591068823,3.874119255,3.68651597,,,2.430868132406232,3.0171060917351062
55.24823264,1.95,4.09,3.85,1.603246706,3.936495904,3.68651597,,,2.484406593971839,3.0395306736039363
55.29857447,1.95,4.09,3.85,1.603246706,3.936495904,3.68651597,,,2.484406593971839,3.0395306736039363
55.34889619,1.95,4.09,3.85,1.603246706,3.936495904,3.68651597,,,2.484406593971839,3.0395306736039363
55.39903933,1.95,4.13,3.83,1.603246706,3.978039718,3.665624094,,,2.537417582359582,3.049225274502213
55.44933228,1.95,4.13,3.83,1.603246706,3.978039718,3.665624094,,,2.537417582359582,3.049225274502213
55.49964929,1.95,4.13,3.83,1.603246706,3.978039718,3.665624094,,,2.537417582359582,3.049225274502213
55.5499688,1.94,4.2,3.8,1.591068823,4.050666612,3.634267464,,,2.626648351833249,3.0729945056263763
55.60032244,1.94,4.2,3.8,1.591068823,4.050666612,3.634267464,,,2.626648351833249,3.0729945056263763
55.65052397,1.94,4.22,3.8,1.591068823,4.071400251,3.634267464,,,2.6451538465883373,3.082207023667497
55.70085705,1.98,4.22,3.76,1.639603611,4.071400251,3.592422581,,,2.6783846157543034,3.0488371238509973
55.751186,1.98,4.22,3.76,1.639603611,4.071400251,3.592422581,,,2.6783846157543034,3.0488371238509973
55.80155003,1.98,4.26,3.76,1.639603611,4.11284573,3.592422581,,,2.7156593404725853,3.067393454199881
55.85177794,1.96,4.26,3.79,1.615394689,4.11284573,3.62381015,,,2.690769230278704,3.088187290942401
55.90211858,1.96,4.26,3.79,1.615394689,4.11284573,3.62381015,,,2.690769230278704,3.088187290942401
55.95228229,1.96,4.3,3.75,1.615394689,4.154262871,3.581954774,,,2.761538461361294,3.0906354516050776
56.00242184,1.94,4.3,3.75,1.591068823,4.154262871,3.581954774,,,2.761538461361294,3.0991137126623385
56.05272072,1.94,4.3,3.75,1.591068823,4.154262871,3.581954774,,,2.761538461361294,3.0991137126623385
56.10305584,1.94,4.28,3.68,1.591068823,4.13355779,3.508603711,,,2.7998351651018365,3.061646201900737
56.15338048,1.94,4.28,3.68,1.591068823,4.13355779,3.508603711,,,2.7998351651018365,3.061646201900737
56.20369638,1.94,4.28,3.68,1.591068823,4.13355779,3.508603711,,,2.7998351651018365,3.061646201900737
56.25403477,1.94,4.34,3.71,1.591068823,4.195652512,3.540056497,,,2.832307692252747,3.101909699233358
56.30437865,1.94,4.34,3.71,1.591068823,4.195652512,3.540056497,,,2.832307692252747,3.101909699233358
56.35454504,1.94,4.34,3.71,1.591068823,4.195652512,3.540056497,,,2.832307692252747,3.101909699233358
56.40469613,1.97,4.47,3.69,1.627513441,4.329988453,3.519090792,,,2.9744285715136427,3.143824223830001
56.45503686,1.97,4.47,3.69,1.627513441,4.329988453,3.519090792,,,2.9744285715136427,3.143824223830001
56.50536232,1.97,4.47,3.69,1.627513441,4.329988453,3.519090792,,,2.9744285715136427,3.143824223830001
56.55568194,1.95,4.51,3.71,1.603246706,4.371269838,3.540056497,,,2.9976373620501793,3.1799868608523787
56.60601711,1.95,4.51,3.71,1.603246706,4.371269838,3.540056497,,,2.9976373620501793,3.1799868608523787
56.65636099,1.95,4.51,3.71,1.603246706,4.371269838,3.540056497,,,2.9976373620501793,3.1799868608523787
56.70649365,1.95,4.51,3.71,1.603246706,4.371269838,3.540056497,,,2.9976373620501793,3.1799868608523787
56.75684191,1.95,4.51,3.71,1.603246706,4.371269838,3.540056497,,,2.9976373620501793,3.1799868608523787
56.80718015,1.95,4.51,3.71,1.603246706,4.371269838,3.540056497,,,2.9976373620501793,3.1799868608523787
56.85751358,1.97,4.51,3.71,1.627513441,4.371269838,3.540056497,,,2.9976373620501793,3.171465121685443
56.90785323,1.97,4.51,3.71,1.627513441,4.371269838,3.540056497,,,2.9976373620501793,3.171465121685443
56.9579479,1.97,4.47,3.68,1.627513441,4.329988453,3.508603711,,,2.982527472776963,3.139845198426718
57.00808031,2.0,4.47,3.68,1.663700694,4.329988453,3.508603711,,,2.982527472776963,3.1268995464071065
57.05841072,2.0,4.47,3.68,1.663700694,4.329988453,3.508603711,,,2.982527472776963,3.1268995464071065
57.1087274,2.0,4.47,3.65,1.663700694,4.329988453,3.477125249,,,3.006692308338464,3.115027257631238
57.15911098,1.99,4.47,3.65,1.651665826,4.329988453,3.477125249,,,3.006692308338464,3.119364213983393
57.20944839,1.99,4.47,3.65,1.651665826,4.329988453,3.477125249,,,3.006692308338464,3.119364213983393
57.25963061,1.99,4.49,3.61,1.651665826,4.350632138,3.435112807,,,3.058296703668465,3.1134890107435576
57.31012918,1.99,4.49,3.61,1.651665826,4.350632138,3.435112807,,,3.058296703668465,3.1134890107435576
57.36024074,1.99,4.49,3.61,1.651665826,4.350632138,3.435112807,,,3.058296703668465,3.1134890107435576
57.41057611,1.99,4.51,3.64,1.651665826,4.371269838,3.466626602,,,3.0541758240565358,3.1350788338148634
57.46089746,1.99,4.51,3.64,1.651665826,4.371269838,3.466626602,,,3.0541758240565358,3.1350788338148634
57.51124153,1.99,4.51,3.64,1.651665826,4.371269838,3.466626602,,,3.0541758240565358,3.1350788338148634
57.5615843,1.99,4.53,3.62,1.651665826,4.391901638,3.445620409,,,3.0899999994450282,3.137130434739054
57.61191064,1.99,4.53,3.62,1.651665826,4.391901638,3.445620409,,,3.0899999994450282,3.137130434739054
57.66203516,1.99,4.53,3.62,1.651665826,4.391901638,3.445620409,,,3.0899999994450282,3.137130434739054
57.71215765,1.98,4.53,3.59,1.639603611,4.391901638,3.414088458,,,3.11376923063937,3.1297677254535747
57.76245285,1.98,4.53,3.59,1.639603611,4.391901638,3.414088458,,,3.11376923063937,3.1297677254535747
57.81278558,1.98,4.53,3.59,1.639603611,4.391901638,3.414088458,,,3.11376923063937,3.1297677254535747
57.86313145,2.06,4.53,3.63,1.735367396,4.391901638,3.456124998,,,3.0820329666007233,3.1102294554056518
57.91346797,2.06,4.53,3.63,1.735367396,4.391901638,3.456124998,,,3.0820329666007233,3.1102294554056518
57.96379958,2.06,4.57,3.63,1.735367396,4.433147866,3.456124998,,,3.122032967035148,3.1301424991001805
58.01410242,1.99,4.57,3.61,1.651665826,4.433147866,3.435112807,,,3.1379450554950474,3.1531400380659207
58.06444012,1.99,4.57,3.61,1.651665826,4.433147866,3.435112807,,,3.1379450554950474,3.1531400380659207
58.11477319,1.99,4.57,3.62,1.651665826,4.433147866,3.445620409,,,3.129999999879453,3.157043478433583
58.16507433,2.04,4.57,3.62,1.711578219,4.433147866,3.445620409,,,3.129999999879453,3.1351413046315235
58.21540879,2.04,4.57,3.62,1.711578219,4.433147866,3.445620409,,,3.129999999879453,3.1351413046315235
58.26574775,2.04,4.59,3.63,1.711578219,4.453762454,3.456124998,,,3.1421648345999564,3.149077711360119
58.31610757,2.04,4.59,3.63,1.711578219,4.453762454,3.456124998,,,3.1421648345999564,3.149077711360119
58.36644757,2.04,4.59,3.63,1.711578219,4.453762454,3.456124998,,,3.1421648345999564,3.149077711360119
58.41678871,2.0,4.57,3.63,1.663700694,4.433147866,3.456124998,,,3.122032967035148,3.156620759957108
58.46709501,2.0,4.57,3.63,1.663700694,4.433147866,3.456124998,,,3.122032967035148,3.156620759957108
58.51741194,2.0,4.57,3.63,1.663700694,4.433147866,3.456124998,,,3.122032967035148,3.156620759957108
58.56774121,1.99,4.61,3.6,1.651665826,4.474371464,3.424602167,,,3.1862197797402643,3.1693354992016576
58.61810111,1.99,4.61,3.6,1.651665826,4.474371464,3.424602167,,,3.1862197797402643,3.1693354992016576
58.66839607,1.99,4.61,3.6,1.651665826,4.474371464,3.424602167,,,3.1862197797402643,3.1693354992016576
58.71873188,2.05,4.63,3.63,1.723484842,4.494974972,3.456124998,,,3.1826923073742743,3.1648076922794477
58.76912289,2.05,4.63,3.63,1.723484842,4.494974972,3.456124998,,,3.1826923073742743,3.1648076922794477
58.81927767,2.05,4.55,3.63,1.723484842,4.41252762,3.456124998,,,3.101989010490369,3.1246314857872424
58.86956511,2.01,4.55,3.56,1.675708805,4.41252762,3.38252864,,,3.157296702949738,3.1151107500842956
58.91970739,2.01,4.55,3.56,1.675708805,4.41252762,3.38252864,,,3.157296702949738,3.1151107500842956
58.96998781,2.01,4.47,3.56,1.675708805,4.329988453,3.38252864,3,3.0,3.0780000002959436,3.0756347828936024
59.02032547,1.97,4.47,3.59,1.627513441,4.329988453,3.414088458,,,3.054428571875222,3.1045198758262686
59.07066388,1.97,4.47,3.59,1.627513441,4.329988453,3.414088458,,,3.054428571875222,3.1045198758262686
59.12099404,1.97,4.45,3.57,1.627513441,4.309338696,3.393051724,,,3.050560439022375,3.087029001285456
59.17136662,1.97,4.45,3.57,1.627513441,4.309338696,3.393051724,,,3.050560439022375,3.087029001285456
59.22152253,1.97,4.45,3.57,1.627513441,4.309338696,3.393051724,,,3.050560439022375,3.087029001285456
59.27176288,1.97,4.38,3.57,1.627513441,4.237015459,3.393051724,,,2.9826373624247924,3.053215121848833
59.32211319,2.05,4.38,3.57,1.723484842,4.237015459,3.393051724,,,2.9826373624247924,3.0182586001131693
59.37230311,2.05,4.38,3.57,1.723484842,4.237015459,3.393051724,,,2.9826373624247924,3.0182586001131693
59.4225177,2.04,4.45,3.53,1.711578219,4.309338696,3.350940167,,,3.081769230113076,3.041185117062682
59.47281501,2.04,4.45,3.53,1.711578219,4.309338696,3.350940167,,,3.081769230113076,3.041185117062682
59.52314879,2.04,4.45,3.53,1.711578219,4.309338696,3.350940167,,,3.081769230113076,3.041185117062682
59.5734825,2.05,4.43,3.59,1.723484842,4.288682781,3.414088458,,,3.0153076919777013,3.050087959532927
59.62382411,2.05,4.43,3.59,1.723484842,4.288682781,3.414088458,,,3.0153076919777013,3.050087959532927
59.67394064,2.05,4.43,3.59,1.723484842,4.288682781,3.414088458,,,3.0153076919777013,3.050087959532927
59.72431245,2.05,4.43,3.59,1.723484842,4.288682781,3.414088458,,,3.0153076919777013,3.050087959532927
59.77465007,2.05,4.43,3.59,1.723484842,4.288682781,3.414088458,,,3.0153076919777013,3.050087959532927
59.82479567,2.05,4.32,3.59,1.723484842,4.174961078,3.414088458,,,2.909538461952319,2.997433277628987
59.87490822,2.07,4.32,3.54,1.747226373,4.174961078,3.361472891,,,2.948714286361211,2.969229503256033
59.92505289,2.07,4.32,3.54,1.747226373,4.174961078,3.361472891,,,2.948714286361211,2.969229503256033
59.97519434,2.07,4.34,3.54,1.747226373,4.195652512,3.361472891,,,2.9677472532443967,2.9787046106826627
60.02550421,2.1,4.34,3.57,1.782666542,4.195652512,3.393051724,,,2.944307692276102,2.9766227426519234
60.07572582,2.1,4.34,3.57,1.782666542,4.195652512,3.393051724,,,2.944307692276102,2.9766227426519234
60.12608353,2.1,4.28,3.49,1.782666542,4.13355779,3.308776209,,,2.9495384617610187,2.917835451754744
60.17624488,2.08,4.28,3.49,1.75906225,4.13355779,3.308776209,,,2.9495384617610187,2.9269224083407415
60.22661059,2.08,4.28,3.49,1.75906225,4.13355779,3.308776209,,,2.9495384617610187,2.9269224083407415
60.27687448,2.08,4.28,3.5,1.75906225,4.13355779,3.31932222,,,2.941857143196039,2.930696273548753
60.32700581,2.09,4.28,3.5,1.77087549,4.13355779,3.31932222,,,2.941857143196039,2.926163664667483
60.37733507,2.09,4.28,3.5,1.77087549,4.13355779,3.31932222,,,2.941857143196039,2.926163664667483
60.42756443,2.09,4.26,3.5,1.77087549,4.11284573,3.31932222,,,2.9230879119333517,2.916819851712799
60.4779065,2.12,4.26,3.5,1.806183822,4.11284573,3.31932222,,,2.9230879119333517,2.90309159108543
60.52823053,2.12,4.26,3.5,1.806183822,4.11284573,3.31932222,,,2.9230879119333517,2.90309159108543
60.57856328,2.16,4.24,3.45,1.852970588,4.092126587,3.266557821,,,2.942593407263297,2.8564215003488154
60.62890052,2.16,4.24,3.45,1.852970588,4.092126587,3.266557821,,,2.942593407263297,2.8564215003488154
60.6792809,2.16,4.24,3.45,1.852970588,4.092126587,3.266557821,,,2.942593407263297,2.8564215003488154
60.72936453,2.17,4.18,3.49,1.864617923,4.029925558,3.308776209,,,2.8565714287667254,2.839064907198172
60.7796931,2.17,4.18,3.49,1.864617923,4.029925558,3.308776209,,,2.8565714287667254,2.839064907198172
60.82983761,2.17,4.18,3.49,1.864617923,4.029925558,3.308776209,,,2.8565714287667254,2.839064907198172
60.87992964,2.21,4.22,3.52,1.91102067,4.071400251,3.340404167,,,2.8703846159265827,2.849756688987768
60.93029335,2.21,4.22,3.52,1.91102067,4.071400251,3.340404167,,,2.8703846159265827,2.849756688987768
60.98041702,2.21,4.22,3.52,1.91102067,4.071400251,3.340404167,,,2.8703846159265827,2.849756688987768
61.03053708,2.21,4.22,3.52,1.91102067,4.071400251,3.340404167,,,2.8703846159265827,2.849756688987768
61.08085104,2.21,4.22,3.52,1.91102067,4.071400251,3.340404167,,,2.8703846159265827,2.849756688987768
61.13102313,2.21,4.07,3.52,1.91102067,3.91571194,3.340404167,,,2.733736263532703,2.781729574426467
61.18136041,2.2,4.07,3.48,1.899447288,3.91571194,3.298226796,,,2.7645054944182568,2.77140599591277
61.23165596,2.2,4.07,3.48,1.899447288,3.91571194,3.298226796,,,2.7645054944182568,2.77140599591277
61.28179644,2.2,4.13,3.46,1.899447288,3.978039718,3.277117636,,,2.8338241755827793,2.790827687441392
61.33196006,2.22,4.13,3.46,1.922576396,3.978039718,3.277117636,,,2.8338241755827793,2.7812189919451096
61.3822867,2.22,4.13,3.46,1.922576396,3.978039718,3.277117636,,,2.8338241755827793,2.7812189919451096
61.43258001,2.22,4.11,3.52,1.922576396,3.957271787,3.340404167,,,2.7696923073928796,2.794814213947175
61.48290808,2.22,4.11,3.52,1.922576396,3.957271787,3.340404167,,,2.7696923073928796,2.794814213947175
61.53319888,2.22,4.11,3.52,1.922576396,3.957271787,3.340404167,,,2.7696923073928796,2.794814213947175
61.58352503,2.2,4.09,3.43,1.899447288,3.936495904,3.245427553,,,2.820406593454638,2.7616806739025272
61.63386075,2.2,4.09,3.43,1.899447288,3.936495904,3.245427553,,,2.820406593454638,2.7616806739025272
61.68419614,2.2,4.09,3.43,1.899447288,3.936495904,3.245427553,,,2.820406593454638,2.7616806739025272
61.7343596,2.2,4.09,3.46,1.899447288,3.936495904,3.277117636,,,2.7976923079150056,2.772840301145912
61.78449127,2.2,4.09,3.46,1.899447288,3.936495904,3.277117636,,,2.7976923079150056,2.772840301145912
61.83484534,2.2,4.09,3.46,1.899447288,3.936495904,3.277117636,,,2.7976923079150056,2.772840301145912
61.8849617,2.22,4.09,3.43,1.922576396,3.936495904,3.245427553,,,2.820406593454638,2.7520719784062457
61.93512599,2.22,4.09,3.43,1.922576396,3.936495904,3.245427553,,,2.820406593454638,2.7520719784062457
61.98527113,2.22,4.09,3.43,1.922576396,3.936495904,3.245427553,,,2.820406593454638,2.7520719784062457
62.03538444,2.25,4.09,3.48,1.957140772,3.936495904,3.298226796,,,2.782439560918281,2.756149259286238
62.08572104,2.25,4.09,3.48,1.957140772,3.936495904,3.298226796,,,2.782439560918281,2.756149259286238
62.13588936,2.25,4.07,3.48,1.957140772,3.91571194,3.298226796,,,2.7645054944182568,2.7472212131373133
62.18602822,2.25,4.07,3.44,1.957140772,3.91571194,3.255994472,,,2.7949230764136272,2.7322769228526314
62.23632608,2.25,4.07,3.44,1.957140772,3.91571194,3.255994472,,,2.7949230764136272,2.7322769228526314
62.28651083,2.25,4.07,3.45,1.957140772,3.91571194,3.266557821,,,2.787351648255197,2.7359967984261213
62.33662784,2.31,4.07,3.45,2.025833162,3.91571194,3.266557821,,,2.787351648255197,2.70625766811806
62.38696895,2.31,4.07,3.45,2.025833162,3.91571194,3.266557821,,,2.787351648255197,2.70625766811806
62.43733043,2.31,4.07,3.5,2.025833162,3.91571194,3.31932222,,,2.749164834821191,2.725019015587811
62.48763423,2.27,4.07,3.5,1.980101008,3.91571194,3.31932222,,,2.749164834821191,2.744932058889583
62.53777979,2.27,4.07,3.5,1.980101008,3.91571194,3.31932222,,,2.749164834821191,2.744932058889583
62.58787207,2.29,3.93,3.43,2.002997753,3.769986737,3.245427553,,,2.679395603888389,2.647557811854059
62.63822273,2.29,3.93,3.43,2.002997753,3.769986737,3.245427553,,,2.679395603888389,2.647557811854059
62.68830347,2.29,3.93,3.43,2.002997753,3.769986737,3.245427553,,,2.679395603888389,2.647557811854059
62.73849357,2.29,3.93,3.43,2.002997753,3.769986737,3.245427553,,,2.679395603888389,2.647557811854059
62.78858218,2.29,3.93,3.43,2.002997753,3.769986737,3.245427553,,,2.679395603888389,2.647557811854059
62.83892807,2.29,3.93,3.43,2.002997753,3.769986737,3.245427553,,,2.679395603888389,2.647557811854059
62.88929591,2.3,3.9,3.44,2.014422994,3.738702984,3.255994472,,,2.646032967129225,2.633427281781575
62.93955946,2.3,3.9,3.44,2.014422994,3.738702984,3.255994472,,,2.646032967129225,2.633427281781575
62.98990575,2.3,3.9,3.44,2.014422994,3.738702984,3.255994472,,,2.646032967129225,2.633427281781575
63.04023426,2.37,3.88,3.44,2.093991404,3.717835392,3.255994472,,,2.6289340659684877,2.589382393891776
63.09058979,2.37,3.88,3.44,2.093991404,3.717835392,3.255994472,,,2.6289340659684877,2.589382393891776
63.14073286,2.37,3.81,3.44,2.093991404,3.644722212,3.255994472,,,2.5697802198847928,2.559934066167502
63.19110798,2.36,3.81,3.43,2.08266656,3.644722212,3.245427553,,,2.577329670425781,2.5613662926281973
63.24143139,2.36,3.81,3.43,2.08266656,3.644722212,3.245427553,,,2.577329670425781,2.5613662926281973
63.29177502,2.36,3.81,3.43,2.08266656,3.644722212,3.245427553,,,2.577329670425781,2.5613662926281973
63.34191721,2.4,3.81,3.4,2.127886275,3.644722212,3.213705027,,,2.5998461540748465,2.529608194227663
63.39221136,2.4,3.81,3.4,2.127886275,3.644722212,3.213705027,,,2.5998461540748465,2.529608194227663
63.44255347,2.4,3.76,3.44,2.127886275,3.592422581,3.255994472,,,2.528186813053203,2.523673435450528
63.49287621,2.41,3.76,3.44,2.139158713,3.592422581,3.255994472,,,2.528186813053203,2.518445174573305
63.5430124,2.41,3.76,3.44,2.139158713,3.592422581,3.255994472,,,2.528186813053203,2.518445174573305
63.59334299,2.41,3.76,3.4,2.139158713,3.592422581,3.213705027,,,2.558252747243256,2.5036736503842785
63.64369148,2.39,3.76,3.4,2.116601049,3.592422581,3.213705027,,,2.558252747243256,2.514108432859923
63.69402993,2.39,3.76,3.4,2.116601049,3.592422581,3.213705027,,,2.558252747243256,2.514108432859923
63.74436671,2.43,3.71,3.4,2.161666024,3.540056497,3.213705027,,,2.5172087913611914,2.4727191593134084
63.79454933,2.43,3.71,3.4,2.161666024,3.540056497,3.213705027,,,2.5172087913611914,2.4727191593134084
63.84469325,2.43,3.71,3.4,2.161666024,3.540056497,3.213705027,,,2.5172087913611914,2.4727191593134084
63.89501563,2.44,3.72,3.4,2.172901286,3.550535171,3.213705027,,,2.5253736263673545,2.4714903489812063
63.94529874,2.44,3.72,3.4,2.172901286,3.550535171,3.213705027,,,2.5253736263673545,2.4714903489812063
63.99563056,2.44,3.72,3.4,2.172901286,3.550535171,3.213705027,,,2.5253736263673545,2.4714903489812063
64.04596663,2.47,3.68,3.39,2.206535746,3.508603711,3.203123476,,,2.5003076921253458,2.4356205689196337
64.09633076,2.47,3.68,3.39,2.206535746,3.508603711,3.203123476,,,2.5003076921253458,2.4356205689196337
64.14650147,2.47,3.73,3.39,2.206535746,3.561011092,3.203123476,,,2.5410219774554625,2.4558892022687577
64.19680879,2.47,3.73,3.43,2.206535746,3.561011092,3.245427553,,,2.5110439555577435,2.470617534766333
64.24713958,2.47,3.73,3.43,2.206535746,3.561011092,3.245427553,,,2.5110439555577435,2.470617534766333
64.2973121,2.47,3.74,3.43,2.206535746,3.571484285,3.245427553,,,2.5192527468385046,2.474704085208276
64.34743751,2.53,3.74,3.36,2.273499505,3.571484285,3.171356177,,,2.571483516110539,2.41643418542903
64.39777233,2.53,3.74,3.36,2.273499505,3.571484285,3.171356177,,,2.571483516110539,2.41643418542903
64.44809886,2.53,3.73,3.39,2.273499505,3.561011092,3.203123476,,,2.5410219774554625,2.4232805065231626
64.49842495,2.51,3.73,3.39,2.25122189,3.561011092,3.203123476,,,2.5410219774554625,2.43423702839491
64.54878892,2.51,3.73,3.39,2.25122189,3.561011092,3.203123476,,,2.5410219774554625,2.43423702839491
64.59898208,2.51,3.73,3.35,2.25122189,3.561011092,3.160759402,,,2.5706483516500698,2.4196814619427767
64.64933504,2.52,3.73,3.35,2.262366018,3.561011092,3.160759402,,,2.5706483516500698,2.4142140704877764
64.69965531,2.52,3.73,3.35,2.262366018,3.561011092,3.160759402,,,2.5706483516500698,2.4142140704877764
64.74998104,2.53,3.73,3.39,2.273499505,3.561011092,3.203123476,,,2.5410219774554625,2.4232805065231626
64.80034277,2.53,3.73,3.39,2.273499505,3.561011092,3.203123476,,,2.5410219774554625,2.4232805065231626
64.85067218,2.53,3.73,3.39,2.273499505,3.561011092,3.203123476,,,2.5410219774554625,2.4232805065231626
64.90102021,2.51,3.55,3.41,2.25122189,3.372002372,3.224282866,,,2.3820769227244454,2.3698926421786912
64.9513833,2.51,3.55,3.41,2.25122189,3.372002372,3.224282866,,,2.3820769227244454,2.3698926421786912
65.00169318,2.51,3.55,3.41,2.25122189,3.372002372,3.224282866,,,2.3820769227244454,2.3698926421786912
65.0520259,2.54,3.55,3.37,2.284622507,3.372002372,3.181949088,,,2.4118791206757795,2.338783301285668
65.10235265,2.54,3.55,3.37,2.284622507,3.372002372,3.181949088,,,2.4118791206757795,2.338783301285668
65.15267858,2.54,3.54,3.37,2.284622507,3.361472891,3.181949088,,,2.4040879119015237,2.3349046343089186
65.20298969,2.57,3.54,3.38,2.317930111,3.361472891,3.192538175,,,2.396670329461051,2.3218858813351595
65.25332392,2.57,3.54,3.38,2.317930111,3.361472891,3.192538175,,,2.396670329461051,2.3218858813351595
65.30366554,2.57,3.54,3.38,2.317930111,3.361472891,3.192538175,,,2.396670329461051,2.3218858813351595
65.35400426,2.57,3.54,3.36,2.317930111,3.361472891,3.171356177,,,2.4114835159925105,2.314608098387095
65.40432169,2.57,3.54,3.36,2.317930111,3.361472891,3.171356177,,,2.4114835159925105,2.314608098387095
65.45452659,2.57,3.54,3.36,2.317930111,3.361472891,3.171356177,,,2.4114835159925105,2.314608098387095
65.50486122,2.57,3.54,3.36,2.317930111,3.361472891,3.171356177,,,2.4114835159925105,2.314608098387095
65.55520881,2.57,3.54,3.36,2.317930111,3.361472891,3.171356177,,,2.4114835159925105,2.314608098387095
65.60549413,2.57,3.49,3.37,2.317930111,3.308776209,3.181949088,,,2.365461538749492,2.2990123746321993
65.65583318,2.56,3.49,3.37,2.306837662,3.308776209,3.181949088,,,2.365461538749492,2.3045884616603347
65.70616637,2.56,3.49,3.37,2.306837662,3.308776209,3.181949088,,,2.365461538749492,2.3045884616603347
65.75649827,2.56,3.49,3.37,2.306837662,3.308776209,3.181949088,,,2.365461538749492,2.3045884616603347
65.80684196,2.56,3.49,3.37,2.306837662,3.308776209,3.181949088,,,2.365461538749492,2.3045884616603347
65.85717286,2.56,3.49,3.37,2.306837662,3.308776209,3.181949088,,,2.365461538749492,2.3045884616603347
65.90748802,2.62,3.48,3.33,2.373246721,3.298226796,3.139554108,,,2.3872527473398626,2.2525236501238037
65.95780502,2.62,3.48,3.33,2.373246721,3.298226796,3.139554108,,,2.3872527473398626,2.2525236501238037
66.00789758,2.62,3.48,3.33,2.373246721,3.298226796,3.139554108,,,2.3872527473398626,2.2525236501238037
66.05821318,2.6,3.49,3.39,2.351148655,3.308776209,3.203123476,,,2.3506043954661635,2.2894530582422874
66.10855379,2.6,3.49,3.39,2.351148655,3.308776209,3.203123476,,,2.3506043954661635,2.2894530582422874
66.15871188,2.6,3.49,3.39,2.351148655,3.308776209,3.203123476,,,2.3506043954661635,2.2894530582422874
66.20903626,2.62,3.44,3.36,2.373246721,3.255994472,3.171356177,,,2.3347802198130223,2.2482166749350476
66.25936568,2.62,3.44,3.36,2.373246721,3.255994472,3.171356177,,,2.3347802198130223,2.2482166749350476
66.30950871,2.62,3.4,3.36,2.373246721,3.213705027,3.171356177,,,2.304714285622969,2.2332490685665216
66.35984358,2.66,3.4,3.33,2.417333241,3.213705027,3.139554108,,,2.326769231154439,2.1994568562721133
66.41018518,2.66,3.4,3.33,2.417333241,3.213705027,3.139554108,,,2.326769231154439,2.1994568562721133
66.46031452,2.66,3.4,3.33,2.417333241,3.213705027,3.139554108,,,2.326769231154439,2.1994568562721133
66.51066453,2.65,3.4,3.36,2.406324999,3.213705027,3.171356177,,,2.304714285622969,2.2160642857322714
66.56082244,2.65,3.4,3.36,2.406324999,3.213705027,3.171356177,,,2.304714285622969,2.2160642857322714
66.61116082,2.65,3.37,3.37,2.406324999,3.181949088,3.181949088,,,2.275,2.2085869562838782
66.66146844,2.66,3.37,3.37,2.417333241,3.181949088,3.181949088,,,2.275,2.2028152174543987
66.71167641,2.66,3.37,3.37,2.417333241,3.181949088,3.181949088,,,2.275,2.2028152174543987
66.76200065,2.66,3.38,3.38,2.417333241,3.192538175,3.192538175,,,2.275,2.2101521739987793
66.81232635,2.68,3.38,3.38,2.439323677,3.192538175,3.192538175,,,2.275,2.1985434780064708
66.86250239,2.68,3.38,3.38,2.439323677,3.192538175,3.192538175,,,2.275,2.1985434780064708
66.91281556,2.7,3.36,3.39,2.461280155,3.171356177,3.203123476,,,2.252747252625684,2.183128523709907
66.96314642,2.7,3.36,3.39,2.461280155,3.171356177,3.203123476,,,2.252747252625684,2.183128523709907
67.01348907,2.7,3.36,3.39,2.461280155,3.171356177,3.203123476,,,2.252747252625684,2.183128523709907
67.06381778,2.71,3.33,3.37,2.472245942,3.139554108,3.181949088,,,2.2455494503775433,2.158969183001926
67.11411408,2.71,3.33,3.37,2.472245942,3.139554108,3.181949088,,,2.2455494503775433,2.158969183001926
67.16442704,2.71,3.33,3.37,2.472245942,3.139554108,3.181949088,,,2.2455494503775433,2.158969183001926
67.21475651,2.71,3.28,3.36,2.472245942,3.086470476,3.171356177,,,2.2166263733872102,2.137255303671088
67.26505971,2.71,3.28,3.36,2.472245942,3.086470476,3.171356177,,,2.2166263733872102,2.137255303671088
67.31520157,2.71,3.25,3.36,2.472245942,3.054570346,3.171356177,,,2.1950989007985173,2.126538366230195
67.36551447,2.7,3.25,3.41,2.461280155,3.054570346,3.224282866,,,2.1579010987561964,2.1506942424877966
67.4158169,2.7,3.25,3.41,2.461280155,3.054570346,3.224282866,,,2.1579010987561964,2.1506942424877966
67.46599701,2.7,3.21,3.41,2.461280155,3.011976096,3.224282866,,,2.129505494823542,2.136558170095236
67.51635986,2.77,3.21,3.41,2.537873125,3.011976096,3.224282866,,,2.129505494823542,2.0949386051821444
67.56668317,2.77,3.21,3.41,2.537873125,3.011976096,3.224282866,,,2.129505494823542,2.0949386051821444
67.61701051,2.77,3.25,3.36,2.537873125,3.054570346,3.171356177,,,2.1950989007985173,2.090799235701739
67.66735126,2.79,3.25,3.36,2.559687481,3.054570346,3.171356177,,,2.1950989007985173,2.0787122789853414
67.71768958,2.79,3.25,3.36,2.559687481,3.054570346,3.171356177,,,2.1950989007985173,2.0787122789853414
67.76787021,2.79,3.17,3.37,2.559687481,2.969309684,3.181949088,,,2.1312637363595766,2.054248685952475
67.81820711,2.79,3.17,3.37,2.559687481,2.969309684,3.181949088,,,2.1312637363595766,2.054248685952475
67.86854555,2.79,3.17,3.37,2.559687481,2.969309684,3.181949088,,,2.1312637363595766,2.054248685952475
67.91873216,2.78,3.16,3.44,2.548784024,2.95863144,3.255994472,,,2.0719230764903203,2.082576922937238
67.96884872,2.78,3.16,3.44,2.548784024,2.95863144,3.255994472,,,2.0719230764903203,2.082576922937238
68.01898595,2.78,3.16,3.44,2.548784024,2.95863144,3.255994472,,,2.0719230764903203,2.082576922937238
68.06929674,2.81,3.15,3.42,2.581472448,2.947948439,3.234857029,,,2.0800659341683327,2.053489345302017
68.11964017,2.81,3.15,3.42,2.581472448,2.947948439,3.234857029,,,2.0800659341683327,2.053489345302017
68.16975701,2.81,3.15,3.42,2.581472448,2.947948439,3.234857029,,,2.0800659341683327,2.053489345302017
68.21986797,2.82,3.13,3.37,2.592354142,2.926567956,3.181949088,,,2.1035714288419762,2.022169254910405
68.2700204,2.82,3.13,3.37,2.592354142,2.926567956,3.181949088,,,2.1035714288419762,2.022169254910405
68.32010186,2.82,3.1,3.37,2.592354142,2.894460226,3.181949088,,,2.0830329671727403,2.011944672905503
68.37044349,2.81,3.1,3.36,2.581472448,2.894460226,3.171356177,,,2.090428571263727,2.0144307454348707
68.42075634,2.81,3.1,3.36,2.581472448,2.894460226,3.171356177,,,2.090428571263727,2.0144307454348707
68.47110506,2.81,3.03,3.36,2.581472448,2.81936163,3.171356177,,,2.0432747252000225,1.9909563307640266
68.52145772,2.85,3.03,3.39,2.624957143,2.81936163,3.203123476,,,2.0210219778257072,1.9772805063431889
68.57177113,2.85,3.03,3.39,2.624957143,2.81936163,3.203123476,,,2.0210219778257072,1.9772805063431889
68.62185634,2.85,3.1,3.41,2.624957143,2.894460226,3.224282866,,,2.0532307692214062,2.0080974913509233
68.67216413,2.82,3.1,3.41,2.592354142,2.894460226,3.224282866,,,2.0532307692214062,2.0265866223337667
68.72250892,2.82,3.1,3.41,2.592354142,2.894460226,3.224282866,,,2.0532307692214062,2.0265866223337667
68.77283283,2.82,3.1,3.41,2.592354142,2.894460226,3.224282866,,,2.0532307692214062,2.0265866223337667
68.8231631,2.82,3.1,3.41,2.592354142,2.894460226,3.224282866,,,2.0532307692214062,2.0265866223337667
68.87348682,2.82,3.1,3.41,2.592354142,2.894460226,3.224282866,,,2.0532307692214062,2.0265866223337667
68.92358501,2.85,3.07,3.39,2.624957143,2.862306762,3.203123476,,,2.047835164537209,1.9906288101626104
68.97372632,2.85,3.07,3.39,2.624957143,2.862306762,3.203123476,,,2.047835164537209,1.9906288101626104
69.02381181,2.85,3.07,3.39,2.624957143,2.862306762,3.203123476,,,2.047835164537209,1.9906288101626104
69.07396183,2.8,3.05,3.41,2.570583591,2.840844945,3.224282866,,,2.019439560609987,2.021981868397441
69.12409134,2.8,3.05,3.41,2.570583591,2.840844945,3.224282866,,,2.019439560609987,2.021981868397441
69.174316,2.8,3.05,3.41,2.570583591,2.840844945,3.224282866,,,2.019439560609987,2.021981868397441
69.22464485,2.85,3.0,3.4,2.624957143,2.787095262,3.213705027,,,1.9936813185601951,1.9710500474982655
69.27479815,2.85,3.0,3.4,2.624957143,2.787095262,3.213705027,,,1.9936813185601951,1.9710500474982655
69.32491034,2.85,3.0,3.4,2.624957143,2.787095262,3.213705027,,,1.9936813185601951,1.9710500474982655
69.37523768,2.85,3.03,3.37,2.624957143,2.81936163,3.181949088,,,2.0358791211090352,1.9699811272518148
69.42555286,2.85,3.03,3.37,2.624957143,2.81936163,3.181949088,,,2.0358791211090352,1.9699811272518148
69.47587763,2.85,2.95,3.37,2.624957143,2.733203249,3.181949088,,,1.9833076924967168,1.9438096986600297
69.52622225,2.87,2.95,3.4,2.64665827,2.733203249,3.213705027,,,1.9609890109647345,1.942340181806974
69.57653585,2.87,2.95,3.4,2.64665827,2.733203249,3.213705027,,,1.9609890109647345,1.942340181806974
69.62685805,2.87,2.99,3.4,2.64665827,2.776328511,3.213705027,,,1.9870989011457587,1.955338366266658
69.67718429,2.88,2.99,3.38,2.657498824,2.776328511,3.192538175,,,2.0020000002372687,1.9417673913432216
69.72747676,2.88,2.99,3.38,2.657498824,2.776328511,3.192538175,,,2.0020000002372687,1.9417673913432216
69.77761645,2.88,2.93,3.44,2.657498824,2.711604691,3.255994472,,,1.9179999998416095,1.944428261022581
69.82773302,2.88,2.93,3.44,2.657498824,2.711604691,3.255994472,,,1.9179999998416095,1.944428261022581
69.87786011,2.88,2.93,3.44,2.657498824,2.711604691,3.255994472,,,1.9179999998416095,1.944428261022581
69.9281813,2.88,2.91,3.41,2.657498824,2.689981413,3.224282866,,,1.9277472530004727,1.9269437412132555
69.97852765,2.9,2.91,3.41,2.679160316,2.689981413,3.224282866,,,1.9277472530004727,1.9143785239015345
70.02867011,2.9,2.91,3.41,2.679160316,2.689981413,3.224282866,,,1.9277472530004727,1.9143785239015345
70.07899815,2.91,2.93,3.41,2.689981413,2.711604691,3.224282866,,,1.9405824176123108,1.9144529859087045
70.12932061,2.91,2.93,3.41,2.689981413,2.711604691,3.224282866,,,1.9405824176123108,1.9144529859087045
70.17948542,2.91,2.93,3.41,2.689981413,2.711604691,3.224282866,,,1.9405824176123108,1.9144529859087045
70.22982114,2.93,2.88,3.37,2.711604691,2.657498824,3.181949088,,,1.9384615385645438,1.8712232440213519
70.28015899,2.93,2.88,3.37,2.711604691,2.657498824,3.181949088,,,1.9384615385645438,1.8712232440213519
70.33048881,2.93,2.88,3.37,2.711604691,2.657498824,3.181949088,,,1.9384615385645438,1.8712232440213519
70.38083117,2.95,2.85,3.43,2.733203249,2.624957143,3.245427553,,,1.8747362638258411,1.8710643575814963
70.43117145,2.95,2.85,3.43,2.733203249,2.624957143,3.245427553,,,1.8747362638258411,1.8710643575814963
70.48131661,2.95,2.8,3.43,2.733203249,2.570583591,3.245427553,,,1.8436923073128448,1.8556098661869829
70.53161579,2.99,2.8,3.43,2.776328511,2.570583591,3.245427553,,,1.8436923073128448,1.8297837791601
70.58196212,2.99,2.8,3.43,2.776328511,2.570583591,3.245427553,,,1.8436923073128448,1.8297837791601
70.63234194,2.99,2.79,3.43,2.776328511,2.559687481,3.245427553,,,1.8375494503974237,1.8267257047391625
70.68245723,3.01,2.79,3.42,2.797856322,2.559687481,3.234857029,,,1.8450769233315842,1.809983946562391
70.73260164,3.01,2.79,3.42,2.797856322,2.559687481,3.234857029,,,1.8450769233315842,1.809983946562391
70.78274865,3.01,2.76,3.4,2.797856322,2.526954689,3.213705027,,,1.841769230735606,1.793511204215085
70.83308361,3.03,2.76,3.4,2.81936163,2.526954689,3.213705027,,,1.841769230735606,1.7803807691975968
70.88340734,3.03,2.76,3.4,2.81936163,2.526954689,3.213705027,,,1.841769230735606,1.7803807691975968
70.93374316,3.03,2.75,3.41,2.81936163,2.516028617,3.224282866,,,1.828230769404589,1.7810431438193406
70.98385401,3.04,2.75,3.41,2.830106005,2.516028617,3.224282866,,,1.828230769404589,1.7744453178605575
71.03399643,3.04,2.75,3.41,2.830106005,2.516028617,3.224282866,,,1.828230769404589,1.7744453178605575
71.08408038,3.03,2.7,3.45,2.81936163,2.461280155,3.266557821,,,1.768131868512149,1.7809504298919185
71.13441618,3.03,2.7,3.45,2.81936163,2.461280155,3.266557821,,,1.768131868512149,1.7809504298919185
71.18455683,3.03,2.7,3.45,2.81936163,2.461280155,3.266557821,,,1.768131868512149,1.7809504298919185
71.23467982,3.05,2.68,3.43,2.840844945,2.439323677,3.245427553,,,1.7714285713627727,1.7544177018566318
71.28481891,3.05,2.68,3.43,2.840844945,2.439323677,3.245427553,,,1.7714285713627727,1.7544177018566318
71.33512595,3.05,2.68,3.43,2.840844945,2.439323677,3.245427553,,,1.7714285713627727,1.7544177018566318
71.38539899,3.04,2.7,3.51,2.830106005,2.461280155,3.329864862,,,1.7222417584851146,1.7968986145116348
71.43555946,3.04,2.7,3.51,2.830106005,2.461280155,3.329864862,,,1.7222417584851146,1.7968986145116348
71.48589066,3.04,2.7,3.51,2.830106005,2.461280155,3.329864862,,,1.7222417584851146,1.7968986145116348
71.53622577,3.08,2.65,3.39,2.87302976,2.406324999,3.203123476,,,1.7838351646494535,1.7109527233425177
71.58656056,3.08,2.65,3.39,2.87302976,2.406324999,3.203123476,,,1.7838351646494535,1.7109527233425177
71.636905,3.08,2.65,3.39,2.87302976,2.406324999,3.203123476,,,1.7838351646494535,1.7109527233425177
71.68724633,3.1,2.65,3.43,2.894460226,2.406324999,3.245427553,,,1.7538571427517344,1.7122462734433195
71.73747949,3.1,2.65,3.43,2.894460226,2.406324999,3.245427553,,,1.7538571427517344,1.7122462734433195
71.78781523,3.1,2.65,3.43,2.894460226,2.406324999,3.245427553,,,1.7538571427517344,1.7122462734433195
71.83795815,3.1,2.65,3.43,2.894460226,2.406324999,3.245427553,,,1.7538571427517344,1.7122462734433195
71.88833372,3.1,2.65,3.43,2.894460226,2.406324999,3.245427553,,,1.7538571427517344,1.7122462734433195
71.9386544,3.1,2.64,3.51,2.894460226,2.395307913,3.329864862,,,1.6870329669118829,1.7393272812763838
71.98897182,3.11,2.64,3.51,2.905167809,2.395307913,3.329864862,,,1.6870329669118829,1.7325772814335698
72.039094,3.11,2.64,3.51,2.905167809,2.395307913,3.329864862,,,1.6870329669118829,1.7325772814335698
72.08943104,3.11,2.59,3.49,2.905167809,2.340085469,3.308776209,,,1.6736813187890698,1.7107130916139663
72.13978443,3.15,2.59,3.49,2.947948439,2.340085469,3.308776209,,,1.6736813187890698,1.683495700249545
72.1900617,3.15,2.59,3.49,2.947948439,2.340085469,3.308776209,,,1.6736813187890698,1.683495700249545
72.24036947,3.15,2.59,3.49,2.947948439,2.340085469,3.308776209,,,1.6736813187890698,1.683495700249545
72.29070716,3.15,2.59,3.49,2.947948439,2.340085469,3.308776209,,,1.6736813187890698,1.683495700249545
72.34102722,3.15,2.59,3.49,2.947948439,2.340085469,3.308776209,,,1.6736813187890698,1.683495700249545
72.39132793,3.2,2.61,3.46,3.001316378,2.362202362,3.277117636,,,1.7080219778962804,1.6434174628365383
72.44164605,3.2,2.61,3.46,3.001316378,2.362202362,3.277117636,,,1.7080219778962804,1.6434174628365383
72.49175982,3.2,2.61,3.46,3.001316378,2.362202362,3.277117636,,,1.7080219778962804,1.6434174628365383
72.54187576,3.2,2.6,3.54,3.001316378,2.351148655,3.361472891,,,1.6407582418659792,1.6708013851981571
72.5922015,3.2,2.6,3.54,3.001316378,2.351148655,3.361472891,,,1.6407582418659792,1.6708013851981571
72.64247606,3.2,2.59,3.54,3.001316378,2.340085469,3.361472891,,,1.6350549456370387,1.6679621355537495
72.692662,3.22,2.59,3.49,3.022631304,2.340085469,3.308776209,,,1.6736813187890698,1.6350283088453927
72.74306567,3.22,2.59,3.49,3.022631304,2.340085469,3.308776209,,,1.6736813187890698,1.6350283088453927
72.79336757,3.22,2.53,3.49,3.022631304,2.273499505,3.308776209,,,1.6399230767022894,1.6182225752847996
72.84370803,3.22,2.53,3.51,3.022631304,2.273499505,3.329864862,,,1.624538461544282,1.62578110360156
72.89389344,3.22,2.53,3.51,3.022631304,2.273499505,3.329864862,,,1.624538461544282,1.62578110360156
72.94406081,3.22,2.45,3.51,3.022631304,2.184124539,3.329864862,,,1.5807582420527124,1.603986168245974
72.99448705,3.24,2.45,3.51,3.043928383,2.184124539,3.329864862,,,1.5807582420527124,1.5899426898859466
73.04476296,3.24,2.45,3.51,3.043928383,2.184124539,3.329864862,,,1.5807582420527124,1.5899426898859466
73.0949049,3.24,2.51,3.51,3.043928383,2.25122189,3.329864862,,,1.613461538333285,1.6062232439038835
73.14521826,3.28,2.51,3.51,3.086470476,2.25122189,3.329864862,,,1.613461538333285,1.5778754179922885
73.19533257,3.28,2.51,3.51,3.086470476,2.25122189,3.329864862,,,1.613461538333285,1.5778754179922885
73.24565205,3.25,2.46,3.53,3.054570346,2.195335965,3.350940167,,,1.5706813182866475,1.593176134989595
73.29598846,3.25,2.46,3.53,3.054570346,2.195335965,3.350940167,,,1.5706813182866475,1.593176134989595
73.3463135,3.25,2.46,3.53,3.054570346,2.195335965,3.350940167,,,1.5706813182866475,1.593176134989595
73.39653179,3.25,2.43,3.5,3.054570346,2.161666024,3.31932222,,,1.5777362636406855,1.5737643574997293
73.44688413,3.25,2.43,3.5,3.054570346,2.161666024,3.31932222,,,1.5777362636406855,1.5737643574997293
73.49723881,3.25,2.43,3.5,3.054570346,2.161666024,3.31932222,,,1.5777362636406855,1.5737643574997293
73.54757084,3.31,2.43,3.53,3.118332888,2.161666024,3.350940167,,,1.5545604391760415,1.5423681319410698
73.59789495,3.31,2.43,3.53,3.118332888,2.161666024,3.350940167,,,1.5545604391760415,1.5423681319410698
73.64806278,3.31,2.38,3.53,3.118332888,2.105302829,3.350940167,,,1.5281318680199356,1.5292112997785734
73.69818761,3.32,2.38,3.53,3.128945509,2.105302829,3.350940167,,,1.5281318680199356,1.5220047782667419
73.74835452,3.32,2.38,3.53,3.128945509,2.105302829,3.350940167,,,1.5281318680199356,1.5220047782667419
73.79867372,3.32,2.35,3.53,3.128945509,2.071328076,3.350940167,,,1.5125384610562496,1.5142419734956896
73.84885743,3.36,2.35,3.56,3.171356177,2.071328076,3.38252864,,,1.4891648349456716,1.4966820590299315
73.89915295,3.36,2.35,3.56,3.171356177,2.071328076,3.38252864,,,1.4891648349456716,1.4966820590299315
73.94929332,3.36,2.35,3.59,3.171356177,2.071328076,3.414088458,,,1.4655934065249494,1.5082628042975035
73.99962399,3.32,2.35,3.59,3.128945509,2.071328076,3.414088458,,,1.4655934065249494,1.5373062828958501
74.04996884,3.32,2.35,3.59,3.128945509,2.071328076,3.414088458,,,1.4655934065249494,1.5373062828958501
74.10024373,3.32,2.35,3.55,3.128945509,2.071328076,3.372002372,,,1.4969780221595859,1.5218868847797027
74.15056636,3.35,2.35,3.55,3.160759402,2.071328076,3.372002372,,,1.4969780221595859,1.5001368848840364
74.20089953,3.35,2.35,3.55,3.160759402,2.071328076,3.372002372,,,1.4969780221595859,1.5001368848840364
74.25104084,3.39,2.31,3.59,3.203123476,2.025833162,3.414088458,,,1.445109890242868,1.4760547058542208
74.30131715,3.39,2.31,3.59,3.203123476,2.025833162,3.414088458,,,1.445109890242868,1.4760547058542208
74.35145738,3.39,2.31,3.59,3.203123476,2.025833162,3.414088458,,,1.445109890242868,1.4760547058542208
74.40180395,3.42,2.23,3.6,3.234857029,1.934114785,3.424602167,,,1.397296703223571,1.437860750534168
74.45214483,3.42,2.23,3.6,3.234857029,1.934114785,3.424602167,,,1.397296703223571,1.437860750534168
74.50230691,3.42,2.23,3.6,3.234857029,1.934114785,3.424602167,,,1.397296703223571,1.437860750534168
74.55260026,3.44,2.28,3.59,3.255994472,1.99155718,3.414088458,,,1.429978022215465,1.4314021020762056
74.60276732,3.44,2.28,3.59,3.255994472,1.99155718,3.414088458,,,1.429978022215465,1.4314021020762056
74.65293536,3.44,2.28,3.59,3.255994472,1.99155718,3.414088458,,,1.429978022215465,1.4314021020762056
74.70315633,3.42,2.23,3.61,3.234857029,1.934114785,3.435112807,,,1.389373626894525,1.4417533923827865
74.75348379,3.42,2.23,3.61,3.234857029,1.934114785,3.435112807,,,1.389373626894525,1.4417533923827865
74.80380519,3.42,2.23,3.61,3.234857029,1.934114785,3.435112807,,,1.389373626894525,1.4417533923827865
74.85413999,3.42,2.23,3.61,3.234857029,1.934114785,3.435112807,,,1.389373626894525,1.4417533923827865
74.90447019,3.42,2.23,3.61,3.234857029,1.934114785,3.435112807,,,1.389373626894525,1.4417533923827865
74.95478898,3.42,2.21,3.61,3.234857029,1.91102067,3.435112807,,,1.3796153850936075,1.4368954850514601
75.00491569,3.44,2.21,3.63,3.255994472,1.91102067,3.456124998,,,1.3637032966337084,1.4298001194226442
75.05504866,3.44,2.21,3.63,3.255994472,1.91102067,3.456124998,,,1.3637032966337084,1.4298001194226442
75.10537169,3.44,2.17,3.63,3.255994472,1.864617923,3.456124998,,,1.344450549117839,1.420215599463657
75.1555072,3.46,2.17,3.63,3.277117636,1.864617923,3.456124998,,,1.344450549117839,1.4052155996280407
75.20565087,3.46,2.17,3.63,3.277117636,1.864617923,3.456124998,,,1.344450549117839,1.4052155996280407
75.25601697,3.46,2.15,3.6,3.277117636,1.841303886,3.424602167,,,1.3587912086129232,1.3887786671180498
75.30637441,3.47,2.15,3.6,3.28767395,1.841303886,3.424602167,,,1.3587912086129232,1.3812460582782267
75.35671861,3.47,2.15,3.6,3.28767395,1.841303886,3.424602167,,,1.3587912086129232,1.3812460582782267
75.40707405,3.46,2.15,3.63,3.277117636,1.841303886,3.456124998,,,1.3349560438239778,1.40048898721001
75.4574,3.46,2.15,3.63,3.277117636,1.841303886,3.456124998,,,1.3349560438239778,1.40048898721001
75.50757063,3.46,2.15,3.63,3.277117636,1.841303886,3.456124998,,,1.3349560438239778,1.40048898721001
75.5579048,3.48,2.13,3.65,3.298226796,1.817910889,3.477125249,,,1.3095494508913688,1.3885800526590606
75.60828777,3.48,2.13,3.65,3.298226796,1.817910889,3.477125249,,,1.3095494508913688,1.3885800526590606
75.65858268,3.48,2.13,3.65,3.298226796,1.817910889,3.477125249,,,1.3095494508913688,1.3885800526590606
75.70893766,3.53,2.09,3.65,3.350940167,1.77087549,3.477125249,,,1.291000000423014,1.3412478256909486
75.75931707,3.53,2.09,3.65,3.350940167,1.77087549,3.477125249,,,1.291000000423014,1.3412478256909486
75.8096432,3.53,2.06,3.65,3.350940167,1.735367396,3.477125249,,,1.2773186815237918,1.3344369082389442
75.85979702,3.56,2.06,3.63,3.38252864,1.735367396,3.456124998,,,1.293318681021903,1.3034564739631054
75.90996658,3.56,2.06,3.63,3.38252864,1.735367396,3.456124998,,,1.293318681021903,1.3034564739631054
75.96014307,3.56,2.03,3.63,3.38252864,1.699647022,3.456124998,,,1.2798351645706556,1.2967440277297668
76.01028636,3.58,2.03,3.61,3.403571653,1.699647022,3.435112807,,,1.2957472530305545,1.2734046107163266
76.06062177,3.58,2.03,3.61,3.403571653,1.699647022,3.435112807,,,1.2957472530305545,1.2734046107163266
76.11077572,3.58,2.05,3.67,3.403571653,1.723484842,3.498113777,,,1.2567142861281935,1.301451242412954
76.16108215,3.61,2.05,3.67,3.435112807,1.723484842,3.498113777,,,1.2567142861281935,1.2780055902705334
76.21140308,3.61,2.05,3.67,3.435112807,1.723484842,3.498113777,,,1.2567142861281935,1.2780055902705334
76.26174153,3.61,2.03,3.67,3.435112807,1.699647022,3.498113777,,,1.2477472530281608,1.2735415672707346
76.31203255,3.63,2.03,3.67,3.456124998,1.699647022,3.498113777,,,1.2477472530281608,1.2578024362940956
76.36237302,3.63,2.03,3.67,3.456124998,1.699647022,3.498113777,,,1.2477472530281608,1.2578024362940956
76.41257186,3.67,1.99,3.71,3.498113777,1.651665826,3.540056497,,,1.1976373625081702,1.233204252761101
76.46283598,3.67,1.99,3.71,3.498113777,1.651665826,3.540056497,,,1.1976373625081702,1.233204252761101
76.51318356,3.67,1.99,3.71,3.498113777,1.651665826,3.540056497,,,1.1976373625081702,1.233204252761101
76.56352123,3.64,1.94,3.69,3.466626602,1.591068823,3.519090792,,,1.1923076919981777,1.2383010036953017
76.61383434,3.64,1.94,3.69,3.466626602,1.591068823,3.519090792,,,1.1923076919981777,1.2383010036953017
76.66413455,3.64,1.94,3.69,3.466626602,1.591068823,3.519090792,,,1.1923076919981777,1.2383010036953017
76.71446684,3.69,1.9,3.68,3.519090792,1.542044098,3.508603711,,,1.1835274724542484,1.1860821546026352
76.764796,3.69,1.9,3.68,3.519090792,1.542044098,3.508603711,,,1.1835274724542484,1.1860821546026352
76.81492869,3.69,1.9,3.68,3.519090792,1.542044098,3.508603711,,,1.1835274724542484,1.1860821546026352
76.86511588,3.67,1.9,3.67,3.498113777,1.542044098,3.498113777,,,1.1916043959713658,1.1981139275596582
76.91530997,3.67,1.9,3.67,3.498113777,1.542044098,3.498113777,,,1.1916043959713658,1.1981139275596582
76.96552249,3.67,1.91,3.67,3.498113777,1.554348738,3.498113777,,,1.1957912090642842,1.200198232338524
77.01570615,3.7,1.91,3.73,3.529575045,1.554348738,3.561011092,,,1.1470000002170502,1.2001369565276492
77.06607392,3.7,1.91,3.73,3.529575045,1.554348738,3.561011092,,,1.1470000002170502,1.2001369565276492
77.11629079,3.7,1.86,3.76,3.529575045,1.492481156,3.592422581,,,1.1015934066523507,1.2019562831151867
77.16650988,3.74,1.86,3.76,3.571484285,1.492481156,3.592422581,,,1.1015934066523507,1.1696084570591858
77.216837,3.74,1.86,3.76,3.571484285,1.492481156,3.592422581,,,1.1015934066523507,1.1696084570591858
77.2672741,3.74,1.82,3.75,3.571484285,1.442324513,3.581954774,,,1.0936703294306915,1.1575010993230435
77.31754295,3.74,1.82,3.75,3.571484285,1.442324513,3.581954774,,,1.0936703294306915,1.1575010993230435
77.36787588,3.74,1.82,3.75,3.571484285,1.442324513,3.581954774,,,1.0936703294306915,1.1575010993230435
77.41808733,3.74,1.84,3.75,3.571484285,1.467480835,3.581954774,,,1.1017142855066926,1.1615055905000093
77.46850587,3.72,1.84,3.75,3.550535171,1.467480835,3.581954774,,,1.1017142855066926,1.1777229815319616
77.51865206,3.72,1.84,3.75,3.550535171,1.467480835,3.581954774,,,1.1017142855066926,1.1777229815319616
77.56879293,3.77,1.85,3.77,3.602887731,1.48,3.602887731,,,1.0892417580010627,1.1471551360483547
77.61897813,3.77,1.85,3.77,3.602887731,1.48,3.602887731,,,1.0892417580010627,1.1471551360483547
77.66922709,3.77,1.85,3.77,3.602887731,1.48,3.602887731,,,1.0892417580010627,1.1471551360483547
77.71955655,3.79,1.82,3.76,3.62381015,1.442324513,3.592422581,,,1.085417582452965,1.1206317961815502
77.7698373,3.79,1.82,3.76,3.62381015,1.442324513,3.592422581,,,1.085417582452965,1.1206317961815502
77.82014111,3.79,1.82,3.76,3.62381015,1.442324513,3.592422581,,,1.085417582452965,1.1206317961815502
77.87048299,3.79,1.82,3.76,3.62381015,1.442324513,3.592422581,,,1.085417582452965,1.1206317961815502
77.92080945,3.79,1.82,3.76,3.62381015,1.442324513,3.592422581,,,1.085417582452965,1.1206317961815502
77.97114855,3.79,1.84,3.76,3.62381015,1.467480835,3.592422581,,,1.093461538528966,1.1246362873585158
78.02148642,3.8,1.84,3.82,3.634267464,1.467480835,3.655174414,,,1.0434835169595658,1.1409407070158766
78.07181738,3.8,1.84,3.82,3.634267464,1.467480835,3.655174414,,,1.0434835169595658,1.1409407070158766
78.12216192,3.8,1.84,3.82,3.634267464,1.467480835,3.655174414,,,1.0434835169595658,1.1409407070158766
78.17250245,3.86,1.84,3.78,3.696958209,1.467480835,3.613350246,,,1.0768901099806631,1.0745713809660014
78.22280129,3.86,1.84,3.78,3.696958209,1.467480835,3.613350246,,,1.0768901099806631,1.0745713809660014
78.27298655,3.86,1.7,3.81,3.696958209,1.287594657,3.644722212,,,0.9974065931965683,1.0597524130863012
78.32340696,3.87,1.7,3.81,3.707398009,1.287594657,3.644722212,,,0.9974065931965683,1.0513502393857928
78.37368361,3.87,1.7,3.81,3.707398009,1.287594657,3.644722212,,,0.9974065931965683,1.0513502393857928
78.42402445,3.87,1.73,3.77,3.707398009,1.326951393,3.602887731,,,1.0420329667246495,1.0406098905056587
78.47435588,3.89,1.73,3.77,3.728270376,1.326951393,3.602887731,,,1.0420329667246495,1.0237403253510913
78.52469224,3.89,1.73,3.77,3.728270376,1.326951393,3.602887731,,,1.0420329667246495,1.0237403253510913
78.57502242,3.9,1.72,3.8,3.738702984,1.313887362,3.634267464,1,1.0,1.013285714300475,1.0256465835668112
78.62532407,3.9,1.72,3.8,3.738702984,1.313887362,3.634267464,,,1.013285714300475,1.0256465835668112
78.67564324,3.9,1.72,3.8,3.738702984,1.313887362,3.634267464,,,1.013285714300475,1.0256465835668112
78.72596507,3.92,1.66,3.79,3.759561145,1.234301422,3.62381015,,,0.9993406590228787,0.9934543715841411
78.77630016,3.92,1.66,3.79,3.759561145,1.234301422,3.62381015,,,0.9993406590228787,0.9934543715841411
78.82641501,3.92,1.66,3.79,3.759561145,1.234301422,3.62381015,,,0.9993406590228787,0.9934543715841411
78.87674618,3.95,1.65,3.85,3.790831043,1.220819397,3.68651597,,,0.945329670662242,0.9907293361006131
78.92710819,3.95,1.65,3.85,3.790831043,1.220819397,3.68651597,,,0.945329670662242,0.9907293361006131
78.97739482,3.95,1.67,3.85,3.790831043,1.247717917,3.68651597,,,0.9526263739931622,0.994361825367528
79.02757614,3.97,1.67,3.9,3.811666302,1.247717917,3.738702984,,,0.9100439558057484,0.9980653611259214
79.07789354,3.97,1.67,3.9,3.811666302,1.247717917,3.738702984,,,0.9100439558057484,0.9980653611259214
79.12823645,3.97,1.65,3.9,3.811666302,1.220819397,3.738702984,,,0.9027472524748282,0.9944328718590072
79.1785366,3.96,1.65,3.85,3.801249794,1.220819397,3.68651597,,,0.945329670662242,0.982131510034029
79.22888549,3.96,1.65,3.85,3.801249794,1.220819397,3.68651597,,,0.945329670662242,0.982131510034029
79.27900688,3.96,1.65,3.85,3.801249794,1.220819397,3.68651597,,,0.945329670662242,0.982131510034029
79.3291436,3.94,1.65,3.85,3.780410031,1.220819397,3.68651597,,,0.945329670662242,0.9993054224144223
79.37945613,3.94,1.65,3.85,3.780410031,1.220819397,3.68651597,,,0.945329670662242,0.9993054224144223
79.42977415,3.94,1.67,3.82,3.780410031,1.247717917,3.655174414,,,0.9779120883123705,0.9905149302984215
79.48012857,3.97,1.67,3.82,3.811666302,1.247717917,3.655174414,,,0.9779120883123705,0.9647214525465811
79.53041966,3.97,1.67,3.82,3.811666302,1.247717917,3.655174414,,,0.9779120883123705,0.9647214525465811
79.58053417,3.97,1.68,3.83,3.811666302,1.261070973,3.665624094,,,0.9731868132340487,0.9706843049264033
79.63085803,3.97,1.68,3.83,3.811666302,1.261070973,3.665624094,,,0.9731868132340487,0.9706843049264033
79.68103826,3.97,1.68,3.83,3.811666302,1.261070973,3.665624094,,,0.9731868132340487,0.9706843049264033
79.73135857,3.94,1.65,3.87,3.780410031,1.220819397,3.707398009,,,0.9283626376872834,1.007641399484728
79.78151843,3.94,1.65,3.87,3.780410031,1.220819397,3.707398009,,,0.9283626376872834,1.007641399484728
79.83185524,3.94,1.65,3.87,3.780410031,1.220819397,3.707398009,,,0.9283626376872834,1.007641399484728
79.88219079,3.87,1.7,3.84,3.707398009,1.287594657,3.676071272,,,0.9721868136166206,1.0637408267446369
79.93251839,3.87,1.7,3.84,3.707398009,1.287594657,3.676071272, ,,0.9721868136166206,1.0637408267446369
79.98259588,3.87,1.68,3.84,3.707398009,1.261070973,3.676071272,,,0.96475824199115,1.0600426900006525
80.03273219,3.87,1.68,3.9,3.707398009,1.261070973,3.738702984,,,0.9137252743266658,1.0851154088966817
80.08310215,3.87,1.68,3.9,3.707398009,1.261070973,3.738702984,,,0.9137252743266658,1.0851154088966817
80.13344025,3.87,1.73,3.9,3.707398009,1.326951393,3.738702984,,,0.9324615381114433,1.0944428097808427
80.1837649,3.86,1.73,3.86,3.696958209,1.326951393,3.696958209,,,0.9665714286035333,1.0860866459787155
80.23410163,3.86,1.73,3.86,3.696958209,1.326951393,3.696958209,,,0.9665714286035333,1.0860866459787155
80.2843377,3.86,1.77,3.9,3.696958209,1.378695035,3.738702984,,,0.9478461535124333,1.1105038463657566
80.33467139,3.79,1.77,3.9,3.62381015,1.378695035,3.738702984,,,0.9478461535124333,1.1687103676537418
80.38501675,3.79,1.77,3.9,3.62381015,1.378695035,3.738702984,,,0.9478461535124333,1.1687103676537418
80.43535809,3.79,1.77,3.95,3.62381015,1.378695035,3.790831043,,,0.9047142860396904,1.189901241672959
80.4856979,3.75,1.77,3.95,3.581954774,1.378695035,3.790831043,,,0.9047142860396904,1.2226838503970496
80.53600918,3.75,1.77,3.95,3.581954774,1.378695035,3.790831043,,,0.9047142860396904,1.2226838503970496
80.58615104,3.72,1.81,3.94,3.550535171,1.42968528,3.780410031,,,0.9291208788311267,1.2506166985895637
80.63632879,3.72,1.81,3.94,3.550535171,1.42968528,3.780410031,,,0.9291208788311267,1.2506166985895637
80.68650079,3.72,1.81,3.94,3.550535171,1.42968528,3.780410031,,,0.9291208788311267,1.2506166985895637
80.73679897,3.68,1.89,3.89,3.508603711,1.529705854,3.728270376,,,1.004670330022273,1.2778467507845892
80.78691931,3.68,1.89,3.89,3.508603711,1.529705854,3.728270376,,,1.004670330022273,1.2778467507845892
80.83729074,3.68,1.89,3.89,3.508603711,1.529705854,3.728270376,,,1.004670330022273,1.2778467507845892
80.88741518,3.68,1.89,3.89,3.508603711,1.529705854,3.728270376,,,1.004670330022273,1.2778467507845892
80.93773158,3.68,1.89,3.89,3.508603711,1.529705854,3.728270376,,,1.004670330022273,1.2778467507845892
80.98789004,3.68,1.89,3.89,3.508603711,1.529705854,3.728270376,,,1.004670330022273,1.2778467507845892
81.03799943,3.64,1.92,3.93,3.466626602,1.566620567,3.769986737,,,0.9828571432737904,1.3328136647451958
81.08832086,3.64,1.92,3.93,3.466626602,1.566620567,3.769986737,,,0.9828571432737904,1.3328136647451958
81.13865324,3.64,1.95,3.93,3.466626602,1.603246706,3.769986737,,,0.9956153849608727,1.3391650502807213
81.18894978,3.63,1.95,4.0,3.456124998,1.603246706,3.842902549,,,0.9346153845262802,1.377036789178322
81.23909505,3.63,1.95,4.0,3.456124998,1.603246706,3.842902549,,,0.9346153845262802,1.377036789178322
81.28941517,3.63,1.98,4.0,3.456124998,1.639603611,3.842902549,,,0.9475714285817077,1.3834866458928718
81.33955106,3.61,1.98,3.98,3.435112807,1.639603611,3.822080585,,,0.965109890436296,1.3906090543061693
81.38966456,3.61,1.98,3.98,3.435112807,1.639603611,3.822080585,,,0.965109890436296,1.3906090543061693
81.43999305,3.61,2.0,3.96,3.435112807,1.663700694,3.801249794,,,0.9913076926187954,1.3863901338873592
81.49033638,3.51,2.0,3.96,3.329864862,1.663700694,3.801249794,,,0.9913076926187954,1.4637814379779177
81.54052022,3.51,2.0,3.96,3.329864862,1.663700694,3.801249794,,,0.9913076926187954,1.4637814379779177
81.5906436,3.51,2.0,3.98,3.329864862,1.663700694,3.822080585,,,0.97385714296507,1.4723549688947484
81.64094999,3.52,2.0,3.98,3.340404167,1.663700694,3.822080585,,,0.97385714296507,1.4647136645764132
81.69131268,3.52,2.0,3.98,3.340404167,1.663700694,3.822080585,,,0.97385714296507,1.4647136645764132
81.74163711,3.47,2.01,3.95,3.28767395,1.675708805,3.790831043,,,1.0044065936903364,1.4920524124093049
81.7919607,3.47,2.01,3.95,3.28767395,1.675708805,3.790831043,,,1.0044065936903364,1.4920524124093049
81.84231643,3.47,2.01,3.95,3.28767395,1.675708805,3.790831043,,,1.0044065936903364,1.4920524124093049
81.89264198,3.46,2.09,4.01,3.277117636,1.77087549,3.853310265,,,0.9879670332668534,1.5433140228841662
81.94296342,3.46,2.09,4.01,3.277117636,1.77087549,3.853310265,,,0.9879670332668534,1.5433140228841662
81.99328646,3.46,2.09,4.01,3.277117636,1.77087549,3.853310265,,,0.9879670332668534,1.5433140228841662
82.04340582,3.44,2.04,4.0,3.255994472,1.711578219,3.842902549,,,0.9740769229279682,1.5426926420028515
82.09354535,3.44,2.04,4.0,3.255994472,1.711578219,3.842902549,,,0.9740769229279682,1.5426926420028515
82.14388498,3.44,2.06,4.0,3.255994472,1.735367396,3.842902549,,,0.9830879118669363,1.5471785473659465
82.19405195,3.36,2.06,4.04,3.171356177,1.735367396,3.884520562,,,0.9477472530218706,1.6236720015266206
82.24435754,3.36,2.06,4.04,3.171356177,1.735367396,3.884520562,,,0.9477472530218706,1.6236720015266206
82.29449316,3.36,2.06,4.04,3.171356177,1.735367396,3.884520562,,,0.9477472530218706,1.6236720015266206
82.34480808,3.36,2.06,4.04,3.171356177,1.735367396,3.884520562,,,0.9477472530218706,1.6236720015266206
82.39496703,3.36,2.06,4.04,3.171356177,1.735367396,3.884520562,,,0.9477472530218706,1.6236720015266206
82.44531794,3.36,2.17,4.04,3.171356177,1.864617923,3.884520562,,,0.9988791211178061,1.6491267793395974
82.4956745,3.33,2.17,4.04,3.139554108,1.864617923,3.884520562,,,0.9988791211178061,1.670941997202247
82.54600536,3.33,2.17,4.04,3.139554108,1.864617923,3.884520562,,,0.9988791211178061,1.670941997202247
82.59633217,3.33,2.17,4.08,3.139554108,1.864617923,3.92610494,,,0.9631868130637833,1.6884777833331364
82.64663333,3.3,2.17,4.08,3.107716203,1.864617923,3.92610494,,,0.9631868130637833,1.7100973484060646
82.69696645,3.3,2.17,4.08,3.107716203,1.864617923,3.92610494,,,0.9631868130637833,1.7100973484060646
82.74731616,3.25,2.18,4.11,3.054570346,1.876246252,3.957271787,,,0.9409670331821838,1.761340109728045
82.79754772,3.25,2.18,4.11,3.054570346,1.876246252,3.957271787,,,0.9409670331821838,1.761340109728045
82.84775971,3.25,2.18,4.11,3.054570346,1.876246252,3.957271787,,,0.9409670331821838,1.761340109728045
82.89808839,3.22,2.19,4.11,3.022631304,1.887855927,3.957271787,,,0.9457692313102039,1.7848285951811054
82.94842728,3.22,2.19,4.11,3.022631304,1.887855927,3.957271787,,,0.9457692313102039,1.7848285951811054
82.99861066,3.22,2.19,4.11,3.022631304,1.887855927,3.957271787,,,0.9457692313102039,1.7848285951811054
83.04894417,3.2,2.25,4.08,3.001316378,1.957140772,3.92610494,,,1.002043956212346,1.8000936215754249
83.09906052,3.2,2.25,4.08,3.001316378,1.957140772,3.92610494,,,1.002043956212346,1.8000936215754249
83.14932405,3.2,2.25,4.08,3.001316378,1.957140772,3.92610494,,,1.002043956212346,1.8000936215754249
83.19944877,3.12,2.3,4.17,2.915870367,2.014422994,4.019552214,,,0.9454505491960022,1.9075829912218776
83.2495869,3.12,2.3,4.17,2.915870367,2.014422994,4.019552214,,,0.9454505491960022,1.9075829912218776
83.29993956,3.12,2.28,4.17,2.915870367,1.99155718,4.019552214,,,0.9353846153996975,1.9025719067884999
83.35005179,3.13,2.28,4.15,2.926567956,1.99155718,3.99879982,,,0.9536703297557712,1.8867945771334178
83.40016808,3.13,2.28,4.15,2.926567956,1.99155718,3.99879982,,,0.9536703297557712,1.8867945771334178
83.45048183,3.13,2.33,4.15,2.926567956,2.048609284,3.99879982,,,0.9789999997866986,1.8994043476488147
83.50083068,3.1,2.33,4.17,2.894460226,2.048609284,4.019552214,,,0.960714285430625,1.928703416135717
83.55116363,3.1,2.33,4.17,2.894460226,2.048609284,4.019552214,,,0.960714285430625,1.928703416135717
83.60141234,3.1,2.37,4.17,2.894460226,2.093991404,4.019552214,,,0.981373626258636,1.9389881749392266
83.65176031,3.01,2.37,4.17,2.797856322,2.093991404,4.019552214,,,0.981373626258636,1.9987599142153794
83.70204043,3.01,2.37,4.17,2.797856322,2.093991404,4.019552214,,,0.981373626258636,1.9987599142153794
83.75237771,3.01,2.34,4.17,2.797856322,2.059975728,4.019552214,,,0.9658461537227281,1.9910299333225032
83.8025754,3.01,2.34,4.17,2.797856322,2.059975728,4.019552214,,,0.9658461537227281,1.9910299333225032
83.8529116,3.01,2.34,4.17,2.797856322,2.059975728,4.019552214,,,0.9658461537227281,1.9910299333225032
83.90328006,3.01,2.34,4.17,2.797856322,2.059975728,4.019552214,,,0.9658461537227281,1.9910299333225032
83.95356899,3.01,2.34,4.17,2.797856322,2.059975728,4.019552214,,,0.9658461537227281,1.9910299333225032
84.00371646,3.01,2.34,4.17,2.797856322,2.059975728,4.019552214,,,0.9658461537227281,1.9910299333225032
84.05404581,2.96,2.48,4.21,2.74399344,2.217724059,4.061034351,,,1.003164835369829,2.0784885812209533
84.1043713,2.96,2.48,4.21,2.74399344,2.217724059,4.061034351,,,1.003164835369829,2.0784885812209533
84.15466843,2.96,2.48,4.21,2.74399344,2.217724059,4.061034351,,,1.003164835369829,2.0784885812209533
84.20498993,2.92,2.5,4.29,2.700796179,2.240066963,4.143911196,,,0.9393846152076799,2.146215384509166
84.25532518,2.92,2.5,4.29,2.700796179,2.240066963,4.143911196,,,0.9393846152076799,2.146215384509166
84.30566002,2.92,2.5,4.29,2.700796179,2.240066963,4.143911196,,,0.9393846152076799,2.146215384509166
84.3559986,2.9,2.5,4.29,2.679160316,2.240066963,4.143911196,,,0.9393846152076799,2.158867558603925
84.40633137,2.9,2.5,4.29,2.679160316,2.240066963,4.143911196,,,0.9393846152076799,2.158867558603925
84.45667039,2.9,2.5,4.29,2.679160316,2.240066963,4.143911196,,,0.9393846152076799,2.158867558603925
84.50701915,2.83,2.5,4.29,2.603228764,2.240066963,4.143911196,,,0.9393846152076799,2.2024653848117786
84.55735536,2.83,2.5,4.29,2.603228764,2.240066963,4.143911196,,,0.9393846152076799,2.2024653848117786
84.60770778,2.83,2.58,4.25,2.603228764,2.329012666,4.102487051,,,1.0215824170072254,2.2062551604129133
84.65804522,2.82,2.58,4.25,2.592354142,2.329012666,4.102487051,,,1.0215824170072254,2.21239646477948
84.70816157,2.82,2.58,4.25,2.592354142,2.329012666,4.102487051,,,1.0215824170072254,2.21239646477948
84.75845449,2.82,2.59,4.33,2.592354142,2.340085469,4.185307635,,,0.9518351651247974,2.2522831585126424
84.80880358,2.79,2.59,4.33,2.559687481,2.340085469,4.185307635,,,0.9518351651247974,2.270576636464428
84.85894139,2.79,2.59,4.33,2.559687481,2.340085469,4.185307635,,,0.9518351651247974,2.270576636464428
84.90931315,2.77,2.59,4.35,2.537873125,2.340085469,4.20599572,,,0.9327582423699593,2.2920361682734205
84.95964885,2.77,2.59,4.35,2.537873125,2.340085469,4.20599572,,,0.9327582423699593,2.2920361682734205
85.00997712,2.77,2.59,4.35,2.537873125,2.340085469,4.20599572,,,0.9327582423699593,2.2920361682734205
85.06029481,2.77,2.62,4.36,2.537873125,2.373246721,4.216337273,,,0.9403626372580414,2.305289226058004
85.11061994,2.77,2.62,4.36,2.537873125,2.373246721,4.216337273,,,0.9403626372580414,2.305289226058004
85.16094882,2.77,2.62,4.36,2.537873125,2.373246721,4.216337273,,,0.9403626372580414,2.305289226058004
85.2110652,2.74,2.69,4.36,2.505094809,2.450306103,4.216337273,,,0.9812087910670296,2.3435908979018834
85.26139623,2.74,2.69,4.36,2.505094809,2.450306103,4.216337273,,,0.9812087910670296,2.3435908979018834
85.31174203,2.74,2.69,4.36,2.505094809,2.450306103,4.216337273,,,0.9812087910670296,2.3435908979018834
85.36208242,2.73,2.69,4.36,2.494153163,2.450306103,4.216337273,,,0.9812087910670296,2.349536550247083
85.41241463,2.73,2.69,4.36,2.494153163,2.450306103,4.216337273,,,0.9812087910670296,2.349536550247083
85.46264393,2.73,2.74,4.36,2.494153163,2.505094809,4.216337273,,,1.0110439563065572,2.3643892738119785
85.51302764,2.69,2.74,4.42,2.450306103,2.505094809,4.278352487,,,0.9531538460505119,2.41639615429689
85.5631729,2.69,2.74,4.42,2.450306103,2.505094809,4.278352487,,,0.9531538460505119,2.41639615429689
85.61348714,2.69,2.68,4.44,2.450306103,2.439323677,4.299011514,,,0.8979450553481567,2.408172647021748
85.66384086,2.65,2.68,4.44,2.406324999,2.439323677,4.299011514,,,0.8979450553481567,2.4313900380637805
85.71417311,2.65,2.68,4.44,2.406324999,2.439323677,4.299011514,,,0.8979450553481567,2.4313900380637805
85.76451465,2.65,2.76,4.4,2.406324999,2.526954689,4.257687166,,,0.984626373267909,2.4361074774212814
85.81485325,2.65,2.76,4.4,2.406324999,2.526954689,4.257687166,,,0.984626373267909,2.4361074774212814
85.86516121,2.65,2.76,4.4,2.406324999,2.526954689,4.257687166,,,0.984626373267909,2.4361074774212814
85.91527509,2.58,2.85,4.46,2.329012666,2.624957143,4.319664339,,,0.9816923077976281,2.5322229101035885
85.96551219,2.58,2.85,4.46,2.329012666,2.624957143,4.319664339,,,0.9816923077976281,2.5322229101035885
86.01558879,2.58,2.85,4.46,2.329012666,2.624957143,4.319664339,,,0.9816923077976281,2.5322229101035885
86.06592695,2.58,2.85,4.46,2.329012666,2.624957143,4.319664339,,,0.9816923077976281,2.5322229101035885
86.11607097,2.58,2.85,4.46,2.329012666,2.624957143,4.319664339,,,0.9816923077976281,2.5322229101035885
86.16641112,2.58,2.85,4.46,2.329012666,2.624957143,4.319664339,,,0.9816923077976281,2.5322229101035885
86.21675613,2.52,2.88,4.5,2.262366018,2.657498824,4.360951731,,,0.9611978021373059,2.594237601576042
86.26709724,2.52,2.88,4.5,2.262366018,2.657498824,4.360951731,,,0.9611978021373059,2.594237601576042
86.31729525,2.52,2.88,4.5,2.262366018,2.657498824,4.360951731,,,0.9611978021373059,2.594237601576042
86.36759005,2.48,2.91,4.54,2.217724059,2.689981413,4.402215351,,,0.94054945117642,2.645001791423981
86.41793587,2.48,2.91,4.54,2.217724059,2.689981413,4.402215351,,,0.94054945117642,2.645001791423981
86.46829869,2.48,2.93,4.54,2.217724059,2.711604691,4.402215351,,,0.9533846157882583,2.651391471198135
86.51863382,2.5,2.93,4.5,2.240066963,2.711604691,4.360951731,,,0.993120879136407,2.621042785633979
86.56875172,2.5,2.93,4.5,2.240066963,2.711604691,4.360951731,,,0.993120879136407,2.621042785633979
86.61897202,2.5,2.99,4.5,2.240066963,2.776328511,4.360951731,,,1.032153846250503,2.640474414914691
86.66911568,2.42,2.99,4.56,2.150418564,2.776328511,4.422838455,,,0.9724175826334823,2.712605709466556
86.71940983,2.42,2.99,4.56,2.150418564,2.776328511,4.422838455,,,0.9724175826334823,2.712605709466556
86.7697591,2.42,3.03,4.58,2.150418564,2.81936163,4.443455862,,,0.9787912091400096,2.7356482320660427
86.82009498,2.4,3.03,4.58,2.127886275,2.81936163,4.443455862,,,0.9787912091400096,2.746126493051091
86.87039255,2.4,3.03,4.58,2.127886275,2.81936163,4.443455862,,,0.9787912091400096,2.746126493051091
86.92070441,2.4,3.03,4.58,2.127886275,2.81936163,4.443455862,,,0.9787912091400096,2.746126493051091
86.97084822,2.4,3.03,4.58,2.127886275,2.81936163,4.443455862,,,0.9787912091400096,2.746126493051091
87.02096771,2.4,3.03,4.58,2.127886275,2.81936163,4.443455862,,,0.9787912091400096,2.746126493051091
87.07133691,2.35,3.06,4.67,2.071328076,2.85157851,4.536165782,,,0.907384615044631,2.8268827761158937
87.12152509,2.35,3.06,4.67,2.071328076,2.85157851,4.536165782,,,0.907384615044631,2.8268827761158937
87.1718862,2.35,3.06,4.67,2.071328076,2.85157851,4.536165782,,,0.907384615044631,2.8268827761158937
87.22221925,2.27,3.17,4.65,1.980101008,2.969309684,4.515573053,,,1.003175824452356,2.8944831816400995
87.27248401,2.27,3.17,4.65,1.980101008,2.969309684,4.515573053,,,1.003175824452356,2.8944831816400995
87.32281119,2.27,3.17,4.65,1.980101008,2.969309684,4.515573053,,,1.003175824452356,2.8944831816400995
87.37293071,2.24,3.15,4.65,1.945636143,2.947948439,4.515573053,,,0.9892857145079997,2.9022748443998325
87.42329476,2.24,3.15,4.65,1.945636143,2.947948439,4.515573053,,,0.9892857145079997,2.9022748443998325
87.47348684,2.24,3.16,4.65,1.945636143,2.95863144,4.515573053,,,0.9962197803051357,2.90572680324232
87.52380367,2.28,3.16,4.65,1.99155718,2.95863144,4.515573053,,,0.9962197803051357,2.8860746293008384
87.574135,2.28,3.16,4.65,1.99155718,2.95863144,4.515573053,,,0.9962197803051357,2.8860746293008384
87.62445198,2.28,3.21,4.65,1.99155718,3.011976096,4.515573053,,,1.031219780867655,2.903498542624353
87.67479127,2.25,3.21,4.69,1.957140772,3.011976096,4.55675323,,,0.9901648355780183,2.9384407548519564
87.724934,2.25,3.21,4.69,1.957140772,3.011976096,4.55675323,,,0.9901648355780183,2.9384407548519564
87.77504295,2.25,3.18,4.75,1.957140772,2.979983221,4.6184846,,,0.9068571425279527,2.958533229542438
87.82536964,2.27,3.18,4.75,1.980101008,2.979983221,4.6184846,,,0.9068571425279527,2.948707142536149
87.87548309,2.27,3.18,4.75,1.980101008,2.979983221,4.6184846,,,0.9068571425279527,2.948707142536149
87.92571757,2.27,3.21,4.73,1.980101008,3.011976096,4.59791257,,,0.9487582419243291,2.9489579073363936
87.97605885,2.26,3.21,4.73,1.968628965,3.011976096,4.59791257,,,0.9487582419243291,2.953881820384833
88.026213,2.26,3.21,4.73,1.968628965,3.011976096,4.59791257,,,0.9487582419243291,2.953881820384833
88.0764945,2.23,3.19,4.75,1.934114785,2.990652103,4.6184846,,,0.9138571429385889,2.9717571427761205
88.12681351,2.23,3.19,4.75,1.934114785,2.990652103,4.6184846,,,0.9138571429385889,2.9717571427761205
88.17695837,2.23,3.19,4.75,1.934114785,2.990652103,4.6184846,,,0.9138571429385889,2.9717571427761205
88.22731352,2.22,3.22,4.79,1.922576396,3.022631304,4.659613718,,,0.8930549449392255,3.00771648373251
88.27762788,2.22,3.22,4.79,1.922576396,3.022631304,4.659613718,,,0.8930549449392255,3.00771648373251
88.32774416,2.22,3.22,4.79,1.922576396,3.022631304,4.659613718,,,0.8930549449392255,3.00771648373251
88.37807219,2.27,3.24,4.75,1.980101008,3.043928383,4.6184846,,,0.9491868132303108,2.9697799568640626
88.42819944,2.27,3.24,4.75,1.980101008,3.043928383,4.6184846,,,0.9491868132303108,2.9697799568640626
88.47851438,2.27,3.26,4.75,1.980101008,3.065207986,4.6184846,,,0.9634725271429684,2.9768917579205807
88.52885543,2.18,3.26,4.75,1.876246252,3.065207986,4.6184846,,,0.9634725271429684,3.020424367022599
88.57919629,2.18,3.26,4.75,1.876246252,3.065207986,4.6184846,,,0.9634725271429684,3.020424367022599
88.62955298,2.18,3.23,4.75,1.876246252,3.033282051,4.6184846,,,0.9420769231298464,3.0097730771986755
88.67987212,2.2,3.23,4.75,1.899447288,3.033282051,4.6184846,,,0.9420769231298464,3.000251337878403
88.73019457,2.2,3.23,4.75,1.899447288,3.033282051,4.6184846,,,0.9420769231298464,3.000251337878403
88.7805407,2.2,3.25,4.77,1.899447288,3.054570346,4.639051627,,,0.935395604471562,3.017620855060929
88.83087445,2.22,3.25,4.77,1.922576396,3.054570346,4.639051627,,,0.935395604471562,3.0080121595646467
88.88122474,2.22,3.25,4.77,1.922576396,3.054570346,4.639051627,,,0.935395604471562,3.0080121595646467
88.93147554,2.22,3.21,4.79,1.922576396,3.011976096,4.659613718,,,0.8859890111979798,3.0041988775874118
88.98160007,2.2,3.21,4.79,1.899447288,3.011976096,4.659613718,,,0.8859890111979798,3.0138075730836933
89.03180548,2.2,3.21,4.79,1.899447288,3.011976096,4.659613718,,,0.8859890111979798,3.0138075730836933
89.08190089,2.23,3.23,4.69,1.934114785,3.033282051,4.55675323,,,1.0043186815168494,2.955226039011632
89.13224211,2.23,3.23,4.69,1.934114785,3.033282051,4.55675323,,,1.0043186815168494,2.955226039011632
89.18233158,2.23,3.23,4.69,1.934114785,3.033282051,4.55675323,,,1.0043186815168494,2.955226039011632
89.23244035,2.2,3.22,4.73,1.899447288,3.022631304,4.59791257,,,0.9558241756655749,2.9864863832632382
89.2825253,2.2,3.22,4.73,1.899447288,3.022631304,4.59791257,,,0.9558241756655749,2.9864863832632382
89.33260884,2.2,3.22,4.73,1.899447288,3.022631304,4.59791257,,,0.9558241756655749,2.9864863832632382
89.38269424,2.11,3.23,4.69,1.794435844,3.033282051,4.55675323,1,3.0,1.0043186815168494,3.011834735025067
89.43278526,2.11,3.23,4.69,1.794435844,3.033282051,4.55675323,,,1.0043186815168494,3.011834735025067
89.48293217,2.11,3.23,4.69,1.794435844,3.033282051,4.55675323,,,1.0043186815168494,3.011834735025067
89.53322073,2.16,3.24,4.65,1.852970588,3.043928383,4.515573053,,,1.0524835169069509,2.97199722874136
89.58347741,2.16,3.24,4.65,1.852970588,3.043928383,4.515573053,,,1.0524835169069509,2.97199722874136
89.63361928,2.16,3.29,4.65,1.852970588,3.097095413,4.515573053,,,1.0883626373896593,2.9898587908947083
89.68395112,2.12,3.29,4.65,1.806183822,3.097095413,4.515573053,,,1.0883626373896593,3.008467486670636
89.73431461,2.12,3.29,4.65,1.806183822,3.097095413,4.515573053,,,1.0883626373896593,3.008467486670636
89.78463154,2.12,3.34,4.65,1.806183822,3.150158726,4.515573053,,,1.1247912090125498,3.026602579935075
89.83503843,2.11,3.34,4.61,1.794435844,3.150158726,4.474371464,,,1.1654945056193886,3.011202699495904
89.88546836,2.11,3.34,4.61,1.794435844,3.150158726,4.474371464,,,1.1654945056193886,3.011202699495904
89.93575714,2.11,3.34,4.61,1.794435844,3.150158726,4.474371464,,,1.1654945056193886,3.011202699495904
89.98610022,2.11,3.34,4.61,1.794435844,3.150158726,4.474371464,,,1.1654945056193886,3.011202699495904
90.03635219,2.11,3.34,4.61,1.794435844,3.150158726,4.474371464,,,1.1654945056193886,3.011202699495904
90.08668258,2.11,3.33,4.52,1.794435844,3.139554108,4.381586471,,,1.248461537825213,2.963190635636709
90.13702486,2.09,3.33,4.52,1.77087549,3.139554108,4.381586471,,,1.248461537825213,2.9723210701094542
90.18735789,2.09,3.33,4.52,1.77087549,3.139554108,4.381586471,,,1.248461537825213,2.9723210701094542
90.23769343,2.08,3.36,4.52,1.75906225,3.171356177,4.381586471,,,1.270516483356683,2.9878332062226938
90.28802176,2.08,3.36,4.52,1.75906225,3.171356177,4.381586471,,,1.270516483356683,2.9878332062226938
90.33837163,2.08,3.36,4.52,1.75906225,3.171356177,4.381586471,,,1.270516483356683,2.9878332062226938
90.38851471,2.05,3.34,4.54,1.723484842,3.150158726,4.402215351,,,1.2358791211443836,3.0037528663932136
90.4386582,2.05,3.34,4.54,1.723484842,3.150158726,4.402215351,,,1.2358791211443836,3.0037528663932136
90.48885468,2.05,3.34,4.54,1.723484842,3.150158726,4.402215351,,,1.2358791211443836,3.0037528663932136
90.53918225,2.04,3.38,4.44,1.711578219,3.192538175,4.299011514,,,1.3640989012448086,2.974420974505499
90.5895326,2.04,3.38,4.44,1.711578219,3.192538175,4.299011514,,,1.3640989012448086,2.974420974505499
90.63967347,2.04,3.38,4.44,1.711578219,3.192538175,4.299011514,,,1.3640989012448086,2.974420974505499
90.69001108,2.06,3.38,4.44,1.735367396,3.192538175,4.299011514,,,1.3640989012448086,2.9655079310984753
90.74035462,2.06,3.38,4.44,1.735367396,3.192538175,4.299011514,,,1.3640989012448086,2.9655079310984753
90.7906918,2.06,3.41,4.44,1.735367396,3.224282866,4.299011514,,,1.3864835167556704,2.9766515766462742
90.84100433,2.04,3.41,4.44,1.711578219,3.224282866,4.299011514,,,1.3864835167556704,2.9855646200532973
90.89134403,2.04,3.41,4.44,1.711578219,3.224282866,4.299011514,,,1.3864835167556704,2.9855646200532973
90.94152496,2.04,3.49,4.42,1.711578219,3.308776209,4.278352487,,,1.466615384420365,3.006195485207516
90.99164378,1.99,3.49,4.42,1.651665826,3.308776209,4.278352487,,,1.466615384420365,3.028097659009576
91.04197098,1.99,3.49,4.42,1.651665826,3.308776209,4.278352487,,,1.466615384420365,3.028097659009576
91.09231418,1.99,3.46,4.38,1.651665826,3.277117636,4.237015459,,,1.4823846154260707,2.997687123660883
91.14264685,1.95,3.46,4.38,1.603246706,3.277117636,4.237015459,,,1.4823846154260707,3.0148175584952757
91.19293475,1.95,3.46,4.38,1.603246706,3.277117636,4.237015459,,,1.4823846154260707,3.0148175584952757
91.24304007,1.97,3.5,4.36,1.627513441,3.31932222,4.216337273,,,1.5321868132413907,3.0120886525759762
91.29336698,1.97,3.5,4.36,1.627513441,3.31932222,4.216337273,,,1.5321868132413907,3.0120886525759762
91.34367227,1.97,3.5,4.36,1.627513441,3.31932222,4.216337273,,,1.5321868132413907,3.0120886525759762
91.3940044,1.97,3.47,4.29,1.627513441,3.28767395,4.143911196,,,1.5757472528763128,2.9679589584643487
91.4443453,1.97,3.47,4.29,1.627513441,3.28767395,4.143911196,,,1.5757472528763128,2.9679589584643487
91.49452606,1.97,3.47,4.29,1.627513441,3.28767395,4.143911196,,,1.5757472528763128,2.9679589584643487
91.54486983,1.96,3.5,4.36,1.615394689,3.31932222,4.216337273,,,1.5321868132413907,3.0163603916397
91.59498337,1.96,3.5,4.36,1.615394689,3.31932222,4.216337273,,,1.5321868132413907,3.0163603916397
91.64507674,1.96,3.53,4.36,1.615394689,3.350940167,4.216337273,,,1.5553626377060343,3.0278979216449247
91.6952733,1.95,3.53,4.25,1.603246706,3.350940167,4.102487051,,,1.6594395603506937,2.9810144771444564
91.74558134,1.95,3.53,4.25,1.603246706,3.350940167,4.102487051,,,1.6594395603506937,2.9810144771444564
91.79572016,1.95,3.55,4.25,1.603246706,3.372002372,4.102487051,,,1.6749999992473572,2.9887608695517094
91.84606088,1.95,3.55,4.21,1.603246706,3.372002372,4.061034351,,,1.7121868128320477,2.9704908263557526
91.8963959,1.95,3.55,4.21,1.603246706,3.372002372,4.061034351,,,1.7121868128320477,2.9704908263557526
91.94681318,1.95,3.55,4.21,1.603246706,3.372002372,4.061034351,,,1.7121868128320477,2.9704908263557526
91.99713987,1.93,3.55,4.21,1.578860348,3.372002372,4.061034351,,,1.7121868128320477,2.9789256091615317
92.04731441,1.93,3.55,4.21,1.578860348,3.372002372,4.061034351,,,1.7121868128320477,2.9789256091615317
92.09742271,1.93,3.6,4.19,1.578860348,3.424602167,4.040297019,,,1.7699340659869023,2.9894128288558286
92.14777215,1.94,3.6,4.19,1.591068823,3.424602167,4.040297019,,,1.7699340659869023,2.985206307004097
92.19810634,1.94,3.6,4.19,1.591068823,3.424602167,4.040297019,,,1.7699340659869023,2.985206307004097
92.24854157,1.94,3.67,4.15,1.591068823,3.498113777,3.99879982,,,1.8625164831214471,2.995035379739746
92.29886535,1.93,3.67,4.15,1.578860348,3.498113777,3.99879982,,,1.8625164831214471,2.999241901591476
92.349188,1.93,3.67,4.15,1.578860348,3.498113777,3.99879982,,,1.8625164831214471,2.999241901591476
92.39951427,1.92,3.64,4.13,1.566620567,3.466626602,3.978039718,,,1.8566153845833566,2.982488962872815
92.44983217,1.92,3.64,4.13,1.566620567,3.466626602,3.978039718,,,1.8566153845833566,2.982488962872815
92.50001484,1.92,3.64,4.13,1.566620567,3.466626602,3.978039718,,,1.8566153845833566,2.982488962872815
92.55033882,1.88,3.66,4.08,1.517333187,3.487620966,3.92610494,,,1.9177692310538863,2.9848351171464818
92.60068041,1.88,3.66,4.08,1.517333187,3.487620966,3.92610494,,,1.9177692310538863,2.9848351171464818
92.65102327,1.88,3.66,4.08,1.517333187,3.487620966,3.92610494,,,1.9177692310538863,2.9848351171464818
92.70131852,1.89,3.7,4.1,1.529705854,3.529575045,3.946884848,,,1.9321428565840408,3.005675465952719
92.75150174,1.89,3.7,4.1,1.529705854,3.529575045,3.946884848,,,1.9321428565840408,3.005675465952719
92.80182725,1.89,3.76,4.1,1.529705854,3.592422581,3.946884848,,,1.9813296700117273,3.0301619448112853
92.85214868,1.89,3.76,4.08,1.529705854,3.592422581,3.92610494,,,1.9993076923721207,3.0213292642603093
92.90248188,1.89,3.76,4.08,1.529705854,3.592422581,3.92610494,,,1.9993076923721207,3.0213292642603093
92.95282909,1.89,3.76,4.08,1.529705854,3.592422581,3.92610494,,,1.9993076923721207,3.0213292642603093
93.00297413,1.89,3.76,4.08,1.529705854,3.592422581,3.92610494,,,1.9993076923721207,3.0213292642603093
93.05333203,1.89,3.76,4.08,1.529705854,3.592422581,3.92610494,,,1.9993076923721207,3.0213292642603093
93.10352249,1.89,3.76,4.04,1.529705854,3.592422581,3.884520562,,,2.0350000004261437,3.0037934781294195
93.15393268,1.86,3.76,4.04,1.492481156,3.592422581,3.884520562,,,2.0350000004261437,3.016021738862765
93.20419998,1.86,3.76,4.04,1.492481156,3.592422581,3.884520562,,,2.0350000004261437,3.016021738862765
93.25448522,1.86,3.86,4.0,1.492481156,3.696958209,3.842902549,,,2.1540769228551415,3.0403448159534943
93.30481365,1.91,3.86,4.0,1.554348738,3.696958209,3.842902549,,,2.1540769228551415,3.0198556857027237
93.35515666,1.91,3.86,4.0,1.554348738,3.696958209,3.842902549,,,2.1540769228551415,3.0198556857027237
93.4054371,1.89,3.85,3.98,1.529705854,3.68651597,3.822080585,,,2.1631428570144062,3.0152819873476147
93.4555815,1.89,3.85,3.98,1.529705854,3.68651597,3.822080585,,,2.1631428570144062,3.0152819873476147
93.50591295,1.89,3.85,3.98,1.529705854,3.68651597,3.822080585,,,2.1631428570144062,3.0152819873476147
93.55609625,1.92,3.93,3.95,1.566620567,3.769986737,3.790831043,,,2.257681318745433,3.024063090812951
93.60640719,1.92,3.93,3.95,1.566620567,3.769986737,3.790831043,,,2.257681318745433,3.024063090812951
93.65658138,1.92,3.93,3.95,1.566620567,3.769986737,3.790831043,,,2.257681318745433,3.024063090812951
93.70691652,1.88,3.93,3.89,1.517333187,3.769986737,3.728270376,,,2.3093736264392004,3.0151881744868634
93.75722211,1.88,3.93,3.89,1.517333187,3.769986737,3.728270376,,,2.3093736264392004,3.0151881744868634
93.80728722,1.88,3.95,3.89,1.517333187,3.790831043,3.728270376,,,2.326692307693767,3.0238098658070722
93.8575875,1.92,3.95,3.93,1.566620567,3.790831043,3.769986737,,,2.292318681254567,3.024176038734177
93.90791404,1.92,3.95,3.93,1.566620567,3.790831043,3.769986737,,,2.292318681254567,3.024176038734177
93.95829371,1.92,3.95,3.93,1.566620567,3.790831043,3.769986737,,,2.292318681254567,3.024176038734177
94.00860753,1.91,3.95,3.87,1.554348738,3.790831043,3.707398009,,,2.3437472526851986,3.0030720016427366
94.05898597,1.91,3.95,3.87,1.554348738,3.790831043,3.707398009,,,2.3437472526851986,3.0030720016427366
94.1092956,1.91,4.01,3.85,1.554348738,3.853310265,3.68651597,,,2.4131978023394867,3.02086368831062
94.15963173,1.94,4.01,3.85,1.591068823,3.853310265,3.68651597,,,2.4131978023394867,3.0083093404627483
94.20996543,1.94,4.01,3.85,1.591068823,3.853310265,3.68651597,,,2.4131978023394867,3.0083093404627483
94.26031675,1.94,4.05,3.87,1.591068823,3.894919768,3.707398009,,,2.43165934088132,3.0342825846577175
94.31050452,1.91,4.05,3.87,1.554348738,3.894919768,3.707398009,,,2.43165934088132,3.046836932505589
94.3608024,1.91,4.05,3.87,1.554348738,3.894919768,3.707398009,,,2.43165934088132,3.046836932505589
94.41112492,1.95,4.11,3.89,1.603246706,3.957271787,3.728270376,,,2.468406593365603,3.065217629768892
94.46145268,1.95,4.11,3.89,1.603246706,3.957271787,3.728270376,,,2.468406593365603,3.065217629768892
94.51179166,1.95,4.11,3.89,1.603246706,3.957271787,3.728270376,,,2.468406593365603,3.065217629768892
94.56193657,1.94,4.15,3.84,1.591068823,3.99879982,3.676071272,,,2.547186813583333,3.06665386994704
94.61205673,1.94,4.15,3.84,1.591068823,3.99879982,3.676071272,,,2.547186813583333,3.06665386994704
94.66219584,1.94,4.15,3.84,1.591068823,3.99879982,3.676071272,,,2.547186813583333,3.06665386994704
94.71252905,1.94,4.16,3.78,1.591068823,4.009176973,3.613350246,,,2.6065604396225472,3.046515958067057
94.76281718,1.94,4.16,3.78,1.591068823,4.009176973,3.613350246,,,2.6065604396225472,3.046515958067057
94.81292291,1.94,4.16,3.78,1.591068823,4.009176973,3.613350246,,,2.6065604396225472,3.046515958067057
94.86341357,1.97,4.16,3.78,1.627513441,4.009176973,3.613350246,,,2.6065604396225472,3.0337659579460734
94.91374813,1.97,4.16,3.78,1.627513441,4.009176973,3.613350246,,,2.6065604396225472,3.0337659579460734
94.96411482,1.97,4.22,3.78,1.627513441,4.071400251,3.613350246,,,2.6618131872060005,3.06127221706914
95.01440972,1.92,4.22,3.81,1.566620567,4.071400251,3.644722212,,,2.636791208922713,3.09470692810487
95.06471956,1.92,4.22,3.81,1.566620567,4.071400251,3.644722212,,,2.636791208922713,3.09470692810487
95.11504987,1.92,4.3,3.81,1.566620567,4.154262871,3.644722212,,,2.711692307551977,3.1319946489442203
95.16517406,1.95,4.3,3.81,1.603246706,4.154262871,3.644722212,,,2.711692307551977,3.119375083797215
95.21548443,1.95,4.3,3.81,1.603246706,4.154262871,3.644722212,,,2.711692307551977,3.119375083797215
95.26580183,1.95,4.24,3.81,1.603246706,4.092126587,3.644722212,,,2.6553846155369336,3.0913436458158126
95.31614467,1.94,4.24,3.81,1.591068823,4.092126587,3.644722212,,,2.6553846155369336,3.0955719067698615
95.36649994,1.94,4.24,3.81,1.591068823,4.092126587,3.644722212,,,2.6553846155369336,3.0955719067698615
95.41676937,1.94,4.28,3.69,1.591068823,4.13355779,3.519090792,,,2.791736263838516,3.0656252273040208
95.46710184,1.93,4.28,3.69,1.578860348,4.13355779,3.519090792,,,2.791736263838516,3.0698317491557514
95.517438,1.93,4.28,3.69,1.578860348,4.13355779,3.519090792,,,2.791736263838516,3.0698317491557514
95.56766524,1.94,4.3,3.74,1.591068823,4.154262871,3.571484285,,,2.769769231139253,3.0950698996844723
95.61797871,1.94,4.3,3.74,1.591068823,4.154262871,3.571484285,,,2.769769231139253,3.0950698996844723
95.6681027,1.94,4.3,3.74,1.591068823,4.154262871,3.571484285,,,2.769769231139253,3.0950698996844723
95.71842501,1.97,4.3,3.71,1.627513441,4.154262871,3.540056497,,,2.7943296702656326,3.070253249036179
95.7687635,1.97,4.3,3.71,1.627513441,4.154262871,3.540056497,,,2.7943296702656326,3.070253249036179
95.81907087,1.97,4.3,3.71,1.627513441,4.154262871,3.540056497,,,2.7943296702656326,3.070253249036179
95.86935639,1.97,4.3,3.74,1.627513441,4.154262871,3.571484285,,,2.769769231139253,3.082319899563487
95.91967679,1.97,4.3,3.74,1.627513441,4.154262871,3.571484285,,,2.769769231139253,3.082319899563487
95.96983961,1.97,4.3,3.74,1.627513441,4.154262871,3.571484285,,,2.769769231139253,3.082319899563487
96.01996864,1.97,4.3,3.74,1.627513441,4.154262871,3.571484285,,,2.769769231139253,3.082319899563487
96.07030221,1.97,4.3,3.74,1.627513441,4.154262871,3.571484285,,,2.769769231139253,3.082319899563487
96.12061908,1.97,4.49,3.74,1.627513441,4.350632138,3.571484285,,,2.9532967035380757,3.173684662996814
96.17099715,1.97,4.49,3.64,1.627513441,4.350632138,3.466626602,,,3.034395604670812,3.133840420266383
96.22132804,1.97,4.49,3.64,1.627513441,4.350632138,3.466626602,,,3.034395604670812,3.133840420266383
96.27144137,1.97,4.47,3.66,1.627513441,4.329988453,3.487620966,,,2.998659340728633,3.131919541563506
96.32177331,2.02,4.47,3.66,1.68769073,4.329988453,3.487620966,,,2.998659340728633,3.1102347590099986
96.37218533,2.02,4.47,3.66,1.68769073,4.329988453,3.487620966,,,2.998659340728633,3.1102347590099986
96.42255563,2.02,4.59,3.64,1.68769073,4.453762454,3.466626602,,,3.1341758240622015,3.161828833888153
96.47290148,2.05,4.59,3.64,1.723484842,4.453762454,3.466626602,,,3.1341758240622015,3.148557094705999
96.52319951,2.05,4.59,3.64,1.723484842,4.453762454,3.466626602,,,3.1341758240622015,3.148557094705999
96.57354423,2.07,4.55,3.63,1.747226373,4.41252762,3.456124998,,,3.101989010490369,3.115674964276049
96.62388295,2.07,4.55,3.63,1.747226373,4.41252762,3.456124998,,,3.101989010490369,3.115674964276049
96.67417783,2.07,4.55,3.63,1.747226373,4.41252762,3.456124998,,,3.101989010490369,3.115674964276049
96.72432846,2.05,4.57,3.64,1.723484842,4.433147866,3.466626602,,,3.114043956497394,3.138534925853083
96.77465274,2.05,4.57,3.64,1.723484842,4.433147866,3.466626602,,,3.114043956497394,3.138534925853083
96.82479588,2.05,4.57,3.64,1.723484842,4.433147866,3.466626602,,,3.114043956497394,3.138534925853083
96.87513294,2.04,4.53,3.62,1.711578219,4.391901638,3.445620409,,,3.0899999994450282,3.1152282609369943
96.92526427,2.04,4.53,3.62,1.711578219,4.391901638,3.445620409,,,3.0899999994450282,3.1152282609369943
96.97536036,2.04,4.53,3.62,1.711578219,4.391901638,3.445620409,,,3.0899999994450282,3.1152282609369943
97.02548529,2.02,4.53,3.62,1.68769073,4.391901638,3.445620409,,,3.0899999994450282,3.124054347853003
97.07581018,2.02,4.53,3.62,1.68769073,4.391901638,3.445620409,,,3.0899999994450282,3.124054347853003
97.12592441,2.02,4.55,3.62,1.68769073,4.41252762,3.445620409,,,3.1099560433346745,3.1339889870937174
97.1762116,2.02,4.55,3.62,1.68769073,4.41252762,3.445620409,,,3.1099560433346745,3.1339889870937174
97.22650678,2.02,4.55,3.62,1.68769073,4.41252762,3.445620409,,,3.1099560433346745,3.1339889870937174
97.27668787,2.02,4.51,3.62,1.68769073,4.371269838,3.445620409,,,3.070131867438595,3.1141634734411046
97.32703044,2.02,4.51,3.62,1.68769073,4.371269838,3.445620409,,,3.070131867438595,3.1141634734411046
97.3771494,2.02,4.51,3.62,1.68769073,4.371269838,3.445620409,,,3.070131867438595,3.1141634734411046
97.42748717,2.02,4.51,3.63,1.68769073,4.371269838,3.456124998,,,3.0621648345942907,3.118077711316785
97.47781983,2.04,4.51,3.63,1.711578219,4.371269838,3.456124998,,,3.0621648345942907,3.1092516244007764
97.52792215,2.04,4.51,3.63,1.711578219,4.371269838,3.456124998,,,3.0621648345942907,3.1092516244007764
97.57821407,1.96,4.47,3.6,1.615394689,4.329988453,3.424602167,,,3.0465274726255207,3.112673459303976
97.62854261,1.96,4.47,3.6,1.615394689,4.329988453,3.424602167,,,3.0465274726255207,3.112673459303976
97.67885414,1.96,4.47,3.6,1.615394689,4.329988453,3.424602167,,,3.0465274726255207,3.112673459303976
97.72918924,2.05,4.51,3.59,1.723484842,4.371269838,3.414088458,,,3.093901098632937,3.0892138076286852
97.77951955,2.05,4.51,3.59,1.723484842,4.371269838,3.414088458,,,3.093901098632937,3.0892138076286852
97.82986036,2.05,4.51,3.59,1.723484842,4.371269838,3.414088458,,,3.093901098632937,3.0892138076286852
97.88021167,2.06,4.43,3.61,1.735367396,4.288682781,3.435112807,,,2.9994835163989535,3.053395054654653
97.9305079,2.06,4.43,3.61,1.735367396,4.288682781,3.435112807,,,2.9994835163989535,3.053395054654653
97.98064522,2.06,4.43,3.61,1.735367396,4.288682781,3.435112807,,,2.9994835163989535,3.053395054654653
98.03075097,2.04,4.43,3.61,1.711578219,4.288682781,3.435112807,3,3.0,2.9994835163989535,3.062308098061676
98.08107549,2.04,4.43,3.61,1.711578219,4.288682781,3.435112807,,,2.9994835163989535,3.062308098061676
98.13136803,2.04,4.47,3.61,1.711578219,4.329988453,3.435112807,,,3.038604396296474,3.0817834926193544
98.18166433,2.08,4.47,3.56,1.75906225,4.329988453,3.38252864,,,3.0780000002959436,3.0445152176522403
98.2319978,2.08,4.47,3.56,1.75906225,4.329988453,3.38252864,,,3.0780000002959436,3.0445152176522403
98.28222032,2.08,4.38,3.56,1.75906225,4.237015459,3.38252864,,,2.9904725274049158,3.0009417583217064
98.33253961,2.09,4.38,3.6,1.77087549,4.237015459,3.424602167,,,2.9589999997344925,3.011871739121993
98.38286148,2.09,4.38,3.6,1.77087549,4.237015459,3.424602167,,,2.9589999997344925,3.011871739121993
98.43316486,2.09,4.41,3.59,1.77087549,4.268020619,3.414088458,,,2.995879121446189,3.0224159102380024
98.48330096,2.08,4.41,3.59,1.75906225,4.268020619,3.414088458,,,2.995879121446189,3.026948519119272
98.53345062,2.08,4.41,3.59,1.75906225,4.268020619,3.414088458,,,2.995879121446189,3.026948519119272
98.58359076,2.08,4.38,3.56,1.75906225,4.237015459,3.38252864,,,2.9904725274049158,3.0009417583217064
98.63392972,2.08,4.38,3.56,1.75906225,4.237015459,3.38252864,,,2.9904725274049158,3.0009417583217064
98.68423406,2.08,4.38,3.56,1.75906225,4.237015459,3.38252864,,,2.9904725274049158,3.0009417583217064
98.73445536,2.1,4.36,3.56,1.782666542,4.216337273,3.38252864,,,2.9712637361833876,2.9822921643667306
98.78459471,2.1,4.36,3.56,1.782666542,4.216337273,3.38252864,,,2.9712637361833876,2.9822921643667306
98.8349138,2.1,4.36,3.56,1.782666542,4.216337273,3.38252864,,,2.9712637361833876,2.9822921643667306
98.88503844,2.11,4.3,3.54,1.794435844,4.154262871,3.361472891,,,2.929769231257282,2.941624247592854
98.93536474,2.11,4.3,3.54,1.794435844,4.154262871,3.361472891,,,2.929769231257282,2.941624247592854
98.98555305,2.11,4.3,3.54,1.794435844,4.154262871,3.361472891,,,2.929769231257282,2.941624247592854
99.03587276,2.11,4.3,3.54,1.794435844,4.154262871,3.361472891,,,2.929769231257282,2.941624247592854
99.08621886,2.11,4.3,3.54,1.794435844,4.154262871,3.361472891,,,2.929769231257282,2.941624247592854
99.13653623,2.11,4.24,3.54,1.794435844,4.092126587,3.361472891,,,2.8734615392422387,2.9135928096114516
99.18685351,2.09,4.24,3.58,1.77087549,4.092126587,3.403571653,,,2.8421648359260567,2.938099450496061
99.23710928,2.09,4.24,3.58,1.77087549,4.092126587,3.403571653,,,2.8421648359260567,2.938099450496061
99.28744938,2.09,4.26,3.58,1.77087549,4.11284573,3.403571653,,,2.860846154030119,2.947399497986996
99.3377694,2.17,4.26,3.53,1.864617923,4.11284573,3.350940167,,,2.8999120874687083,2.891162757026939
99.38788266,2.17,4.26,3.53,1.864617923,4.11284573,3.350940167,,,2.8999120874687083,2.891162757026939
99.43798141,2.17,4.18,3.53,1.864617923,4.029925558,3.350940167,,,2.825714285737102,2.8542251557301173
99.48831862,2.13,4.18,3.53,1.817910889,4.029925558,3.350940167,,,2.825714285737102,2.872920807733168
99.53864145,2.13,4.18,3.53,1.817910889,4.029925558,3.350940167,,,2.825714285737102,2.872920807733168
99.58875156,2.13,4.26,3.51,1.817910889,4.11284573,3.329864862,,,2.915384615340325,2.902256688814804
99.63908732,2.16,4.26,3.51,1.852970588,4.11284573,3.329864862,,,2.915384615340325,2.8882675584182502
99.68941519,2.16,4.26,3.51,1.852970588,4.11284573,3.329864862,,,2.915384615340325,2.8882675584182502
99.73952143,2.14,4.24,3.5,1.829617446,4.092126587,3.31932222,,,2.90440659382929,2.884530674045252
99.78985319,2.14,4.24,3.5,1.829617446,4.092126587,3.31932222,,,2.90440659382929,2.884530674045252
99.8399585,2.14,4.24,3.5,1.829617446,4.092126587,3.31932222,,,2.90440659382929,2.884530674045252
99.89024377,2.14,4.22,3.48,1.829617446,4.071400251,3.298226796,,,2.9011538468121363,2.8677374584287447
99.94053567,2.14,4.22,3.48,1.829617446,4.071400251,3.298226796,,,2.9011538468121363,2.8677374584287447
99.9908294,2.14,4.22,3.48,1.829617446,4.071400251,3.298226796,,,2.9011538468121363,2.8677374584287447
100.0409329,2.18,4.13,3.46,1.876246252,3.978039718,3.277117636,,,2.8338241755827793,2.8003494267616635
100.0911886,2.18,4.13,3.46,1.876246252,3.978039718,3.277117636,,,2.8338241755827793,2.8003494267616635
100.1414478,2.18,4.15,3.46,1.876246252,3.99879982,3.277117636,,,2.8520219780494287,2.809408767554844
100.1915475,2.22,4.15,3.5,1.922576396,3.99879982,3.31932222,,,2.8214285714556375,2.8053090064126307
100.2417343,2.22,4.15,3.5,1.922576396,3.99879982,3.31932222,,,2.8214285714556375,2.8053090064126307
100.2918435,2.22,4.07,3.5,1.922576396,3.91571194,3.31932222,,,2.749164834821191,2.769334233175047
100.3420841,2.2,4.07,3.48,1.899447288,3.91571194,3.298226796,,,2.7645054944182568,2.77140599591277
100.3922278,2.2,4.07,3.48,1.899447288,3.91571194,3.298226796,,,2.7645054944182568,2.77140599591277
100.4423714,2.2,4.13,3.5,1.899447288,3.978039718,3.31932222,,,2.8032307689889877,2.805858361115733
100.4926987,2.22,4.13,3.5,1.922576396,3.978039718,3.31932222,,,2.8032307689889877,2.796249665619451
100.5428197,2.22,4.13,3.5,1.922576396,3.978039718,3.31932222,,,2.8032307689889877,2.796249665619451
100.5931772,2.22,4.07,3.44,1.922576396,3.91571194,3.255994472,,,2.7949230764136272,2.746853010131806
100.6434915,2.25,4.07,3.44,1.957140772,3.91571194,3.255994472,,,2.7949230764136272,2.7322769228526314
100.6936768,2.25,4.07,3.44,1.957140772,3.91571194,3.255994472,,,2.7949230764136272,2.7322769228526314
100.7438175,2.25,4.01,3.42,1.957140772,3.853310265,3.234857029,,,2.756725274756447,2.6983480168511385
100.7939285,2.28,4.01,3.42,1.99155718,3.853310265,3.234857029,,,2.756725274756447,2.683576277744096
100.8440419,2.28,4.01,3.42,1.99155718,3.853310265,3.234857029,,,2.756725274756447,2.683576277744096
100.8943547,2.32,4.01,3.45,2.03722851,3.853310265,3.266557821,,,2.7340769231228683,2.674703511291542
100.9446798,2.32,4.01,3.45,2.03722851,3.853310265,3.266557821,,,2.7340769231228683,2.674703511291542
100.9947619,2.32,4.01,3.45,2.03722851,3.853310265,3.266557821,,,2.7340769231228683,2.674703511291542
101.0449108,2.29,3.97,3.43,2.002997753,3.811666302,3.245427553,,,2.7141208786847018,2.6648449595243973
101.0952437,2.29,3.97,3.43,2.002997753,3.811666302,3.245427553,,,2.7141208786847018,2.6648449595243973
101.145583,2.29,3.97,3.43,2.002997753,3.811666302,3.245427553,,,2.7141208786847018,2.6648449595243973
101.195917,2.31,3.95,3.42,2.025833162,3.790831043,3.234857029,,,2.7042417580771163,2.642481222804889
101.2462051,2.31,3.95,3.42,2.025833162,3.790831043,3.234857029,,,2.7042417580771163,2.642481222804889
101.2963987,2.31,3.89,3.42,2.025833162,3.728270376,3.234857029,,,2.652549450383349,2.6167474435399476
101.346695,2.33,3.89,3.42,2.048609284,3.728270376,3.234857029,,,2.652549450383349,2.6066604872103754
101.3971039,2.33,3.89,3.42,2.048609284,3.728270376,3.234857029,,,2.652549450383349,2.6066604872103754
101.4472943,2.33,3.86,3.42,2.048609284,3.696958209,3.234857029,,,2.6270000001122837,2.59394130435804
101.4976068,2.36,3.86,3.38,2.08266656,3.696958209,3.192538175,,,2.6568901099186983,2.5639626850127972
101.5479476,2.36,3.86,3.38,2.08266656,3.696958209,3.192538175,,,2.6568901099186983,2.5639626850127972
101.5981334,2.36,3.89,3.42,2.08266656,3.728270376,3.234857029,,,2.652549450383349,2.5913670087700234
101.6482797,2.39,3.89,3.42,2.116601049,3.728270376,3.234857029,,,2.652549450383349,2.575877878282451
101.6986072,2.39,3.89,3.42,2.116601049,3.728270376,3.234857029,,,2.652549450383349,2.575877878282451
101.748796,2.39,3.8,3.43,2.116601049,3.634267464,3.245427553,,,2.5689670327601566,2.541714022954911
101.799095,2.39,3.8,3.43,2.116601049,3.634267464,3.245427553,,,2.5689670327601566,2.541714022954911
101.8493861,2.39,3.8,3.43,2.116601049,3.634267464,3.245427553,,,2.5689670327601566,2.541714022954911
101.8995682,2.41,3.74,3.4,2.139158713,3.571484285,3.213705027,,,2.5417692304875703,2.495467725738513
101.9498334,2.41,3.74,3.4,2.139158713,3.571484285,3.213705027,,,2.5417692304875703,2.495467725738513
101.9999496,2.41,3.74,3.4,2.139158713,3.571484285,3.213705027,,,2.5417692304875703,2.495467725738513
102.0503073,2.41,3.74,3.4,2.139158713,3.571484285,3.213705027,,,2.5417692304875703,2.495467725738513
102.1004955,2.41,3.74,3.4,2.139158713,3.571484285,3.213705027,,,2.5417692304875703,2.495467725738513
102.1508171,2.41,3.74,3.4,2.139158713,3.571484285,3.213705027,,,2.5417692304875703,2.495467725738513
102.2011237,2.41,3.73,3.38,2.139158713,3.561011092,3.192538175,,,2.548461538298319,2.4840602005255237
102.2514513,2.41,3.73,3.38,2.139158713,3.561011092,3.192538175,,,2.548461538298319,2.4840602005255237
102.3015472,2.41,3.72,3.38,2.139158713,3.550535171,3.192538175,,,2.5402747254588647,2.479984591525012
102.3518828,2.45,3.72,3.37,2.184124539,3.550535171,3.181949088,,,2.5476923078993368,2.4552098659718515
102.4020285,2.45,3.72,3.37,2.184124539,3.550535171,3.181949088,,,2.5476923078993368,2.4552098659718515
102.4523546,2.45,3.66,3.37,2.184124539,3.487620966,3.181949088,,,2.4990329674570044,2.43098597692556
102.5027107,2.44,3.66,3.4,2.172901286,3.487620966,3.213705027,,,2.4767142859250217,2.447266459934915
102.5530434,2.44,3.66,3.4,2.172901286,3.487620966,3.213705027,,,2.4767142859250217,2.447266459934915
102.6031365,2.44,3.68,3.37,2.172901286,3.508603711,3.181949088,,,2.5151648354086746,2.444332059358186
102.6533226,2.49,3.68,3.37,2.228901075,3.508603711,3.181949088,,,2.5151648354086746,2.4175385807238703
102.7035022,2.49,3.68,3.37,2.228901075,3.508603711,3.181949088,,,2.5151648354086746,2.4175385807238703
102.7538593,2.49,3.6,3.37,2.228901075,3.424602167,3.181949088,,,2.451164835560117,2.3856777112340453
102.8042066,2.49,3.6,3.37,2.228901075,3.424602167,3.181949088,,,2.451164835560117,2.3856777112340453
102.8544193,2.49,3.6,3.37,2.228901075,3.424602167,3.181949088,,,2.451164835560117,2.3856777112340453
102.904506,2.49,3.64,3.4,2.228901075,3.466626602,3.213705027,,,2.4606703293548344,2.4124858811819627
102.9547064,2.49,3.64,3.4,2.228901075,3.466626602,3.213705027,,,2.4606703293548344,2.4124858811819627
103.0049492,2.49,3.64,3.4,2.228901075,3.466626602,3.213705027,,,2.4606703293548344,2.4124858811819627
103.0551096,2.49,3.6,3.4,2.228901075,3.424602167,3.213705027,,,2.4288461540281348,2.396642976508454
103.1053885,2.49,3.6,3.4,2.228901075,3.424602167,3.213705027,,,2.4288461540281348,2.396642976508454
103.1557296,2.49,3.6,3.4,2.228901075,3.424602167,3.213705027,,,2.4288461540281348,2.396642976508454
103.2059148,2.51,3.59,3.41,2.25122189,3.414088458,3.224282866,,,2.413461538359082,2.3855167225707175
103.2560373,2.51,3.59,3.41,2.25122189,3.414088458,3.224282866,,,2.413461538359082,2.3855167225707175
103.3063572,2.51,3.59,3.41,2.25122189,3.414088458,3.224282866,,,2.413461538359082,2.3855167225707175
103.3566576,2.56,3.58,3.41,2.306837662,3.403571653,3.224282866,,,2.405582417266371,2.3540399426347323
103.406998,2.56,3.58,3.41,2.306837662,3.403571653,3.224282866,,,2.405582417266371,2.3540399426347323
103.4573366,2.56,3.55,3.41,2.306837662,3.372002372,3.224282866,,,2.3820769227244454,2.3423382942649464
103.5076739,2.57,3.55,3.36,2.317930111,3.372002372,3.171356177,,,2.4192747247667663,2.3184867653638452
103.5579767,2.57,3.55,3.36,2.317930111,3.372002372,3.171356177,,,2.4192747247667663,2.3184867653638452
103.6081081,2.57,3.53,3.36,2.317930111,3.350940167,3.171356177,,,2.4037142858701026,2.3107403729565923
103.6582187,2.55,3.53,3.37,2.295735176,3.350940167,3.181949088,,,2.396318681779116,2.3255043003096336
103.7085442,2.55,3.53,3.37,2.295735176,3.350940167,3.181949088,,,2.396318681779116,2.3255043003096336
103.7586879,2.55,3.44,3.34,2.295735176,3.255994472,3.150158726,,,2.349505494802265,2.2803190398765834
103.8090204,2.55,3.44,3.34,2.295735176,3.255994472,3.150158726,,,2.349505494802265,2.2803190398765834
103.8594319,2.55,3.44,3.34,2.295735176,3.255994472,3.150158726,,,2.349505494802265,2.2803190398765834
103.9097153,2.55,3.46,3.39,2.295735176,3.277117636,3.203123476,,,2.327692307437352,2.306035953504527
103.9600591,2.56,3.46,3.39,2.306837662,3.277117636,3.203123476,,,2.327692307437352,2.300481605624323
104.010398,2.56,3.46,3.39,2.306837662,3.277117636,3.203123476,,,2.327692307437352,2.300481605624323
104.0606744,2.64,3.45,3.39,2.395307913,3.266557821,3.203123476,,,2.3200989005971366,2.2514840183866083
104.1108576,2.64,3.45,3.39,2.395307913,3.266557821,3.203123476,,,2.3200989005971366,2.2514840183866083
104.1611833,2.64,3.45,3.39,2.395307913,3.266557821,3.203123476,,,2.3200989005971366,2.2514840183866083
104.2115004,2.63,3.45,3.36,2.384281863,3.266557821,3.171356177,,,2.342351647971452,2.2462794072689736
104.2618402,2.63,3.45,3.36,2.384281863,3.266557821,3.171356177,,,2.342351647971452,2.2462794072689736
104.3122009,2.63,3.45,3.36,2.384281863,3.266557821,3.171356177,,,2.342351647971452,2.2462794072689736
104.3625746,2.65,3.43,3.35,2.406324999,3.245427553,3.160759402,,,2.334604396092326,2.2236508837632507
104.4127179,2.65,3.43,3.35,2.406324999,3.245427553,3.160759402,,,2.334604396092326,2.2236508837632507
104.4628574,2.65,3.39,3.35,2.406324999,3.203123476,3.160759402,,,2.304626374194607,2.208727042427211
104.5131974,2.63,3.39,3.35,2.384281863,3.203123476,3.160759402,,,2.304626374194607,2.2202053031426026
104.5635201,2.63,3.39,3.35,2.384281863,3.203123476,3.160759402,,,2.304626374194607,2.2202053031426026
104.6139357,2.63,3.38,3.35,2.384281863,3.192538175,3.160759402,,,2.297186813351751,2.2165016956795287
104.6642451,2.66,3.38,3.35,2.417333241,3.192538175,3.160759402,,,2.297186813351751,2.1992516961346578
104.7145338,2.66,3.38,3.35,2.417333241,3.192538175,3.160759402,,,2.297186813351751,2.1992516961346578
104.764607,2.66,3.36,3.35,2.417333241,3.171356177,3.160759402,,,2.282373626820292,2.1918773054483447
104.8147132,2.71,3.36,3.35,2.472245942,3.171356177,3.160759402,,,2.282373626820292,2.1626925228731375
104.8648641,2.71,3.36,3.35,2.472245942,3.171356177,3.160759402,,,2.282373626820292,2.1626925228731375
104.9149771,2.71,3.3,3.38,2.472245942,3.107716203,3.192538175,,,2.2162747252259787,2.151732417677374
104.9651399,2.7,3.3,3.38,2.461280155,3.107716203,3.192538175,,,2.2162747252259787,2.1576128520620093
105.0154931,2.7,3.3,3.38,2.461280155,3.107716203,3.192538175,,,2.2162747252259787,2.1576128520620093
105.0658036,2.7,3.3,3.38,2.461280155,3.107716203,3.192538175,,,2.2162747252259787,2.1576128520620093
105.1161409,2.7,3.3,3.38,2.461280155,3.107716203,3.192538175,,,2.2162747252259787,2.1576128520620093
105.1664724,2.7,3.3,3.38,2.461280155,3.107716203,3.192538175,,,2.2162747252259787,2.1576128520620093
105.2168183,2.69,3.26,3.41,2.450306103,3.065207986,3.224282866,,,2.165054944775495,2.1601143096362923
105.2671677,2.69,3.26,3.41,2.450306103,3.065207986,3.224282866,,,2.165054944775495,2.1601143096362923
105.3175101,2.69,3.26,3.41,2.450306103,3.065207986,3.224282866,,,2.165054944775495,2.1601143096362923
105.36782,2.72,3.23,3.41,2.483203576,3.033282051,3.224282866,,,2.143659340762373,2.1318217153058314
105.4181658,2.72,3.23,3.41,2.483203576,3.033282051,3.224282866,,,2.143659340762373,2.1318217153058314
105.4683099,2.72,3.24,3.41,2.483203576,3.043928383,3.224282866,,,2.1507692308628372,2.135361204073237
105.5184776,2.75,3.24,3.35,2.516028617,3.043928383,3.160759402,,,2.1953406597254497,2.0956261105772858
105.5685932,2.75,3.24,3.35,2.516028617,3.043928383,3.160759402,,,2.1953406597254497,2.0956261105772858
105.6187322,2.75,3.19,3.35,2.516028617,2.990652103,3.160759402,,,2.160010989433728,2.078038079062494
105.6690941,2.77,3.19,3.43,2.537873125,2.990652103,3.245427553,,,2.100406593341402,2.095321978334557
105.7193816,2.77,3.19,3.43,2.537873125,2.990652103,3.245427553,,,2.100406593341402,2.095321978334557
105.7697099,2.77,3.19,3.43,2.537873125,2.990652103,3.245427553,,,2.100406593341402,2.095321978334557
105.8200326,2.81,3.19,3.36,2.581472448,2.990652103,3.171356177,,,2.152637362613436,2.045399904606791
105.8703637,2.81,3.19,3.36,2.581472448,2.990652103,3.171356177,,,2.152637362613436,2.045399904606791
105.9206944,2.81,3.16,3.32,2.581472448,2.95863144,3.128945509,,,2.1610659340071656,2.0205523887240187
105.9708712,2.79,3.16,3.32,2.559687481,2.95863144,3.128945509,,,2.1610659340071656,2.0327263017017354
106.0209508,2.79,3.16,3.32,2.559687481,2.95863144,3.128945509,,,2.1610659340071656,2.0327263017017354
106.0711333,2.79,3.15,3.35,2.559687481,2.947948439,3.160759402,,,2.1321428573264987,2.0400776395107214
106.1212387,2.77,3.15,3.35,2.537873125,2.947948439,3.160759402,,,2.1321428573264987,2.052164596227119
106.171333,2.77,3.15,3.35,2.537873125,2.947948439,3.160759402,,,2.1321428573264987,2.052164596227119
106.2216714,2.82,3.05,3.37,2.592354142,2.840844945,3.181949088,,,2.0492417585613207,1.9951225277489488
106.2719656,2.82,3.05,3.37,2.592354142,2.840844945,3.181949088,,,2.0492417585613207,1.9951225277489488
106.3223287,2.82,3.05,3.37,2.592354142,2.840844945,3.181949088,,,2.0492417585613207,1.9951225277489488
106.3726351,2.79,3.07,3.35,2.559687481,2.862306762,3.160759402,,,2.0774615387318156,2.0128558526451075
106.4229429,2.79,3.07,3.35,2.559687481,2.862306762,3.160759402,,,2.0774615387318156,2.0128558526451075
106.4733113,2.79,3.07,3.35,2.559687481,2.862306762,3.160759402,,,2.0774615387318156,2.0128558526451075
106.5236461,2.82,3.13,3.39,2.592354142,2.926567956,3.203123476,,,2.0887142855586474,2.0294686340017796
106.5738188,2.82,3.13,3.39,2.592354142,2.926567956,3.203123476,,,2.0887142855586474,2.0294686340017796
106.6241477,2.82,3.05,3.39,2.592354142,2.840844945,3.203123476,,,2.0343846152779923,2.002421906840323
106.67448,2.83,3.05,3.39,2.603228764,2.840844945,3.203123476,,,2.0343846152779923,1.9962806024737563
106.7246612,2.83,3.05,3.39,2.603228764,2.840844945,3.203123476,,,2.0343846152779923,1.9962806024737563
106.7748062,2.83,3.0,3.39,2.603228764,2.787095262,3.203123476,,,2.0011428568088485,1.979731987931509
106.8251454,2.86,3.0,3.38,2.635811071,2.787095262,3.192538175,,,2.008582417651705,1.9575225510511927
106.8754887,2.86,3.0,3.38,2.635811071,2.787095262,3.192538175,,,2.008582417651705,1.9575225510511927
106.9258335,2.86,2.99,3.4,2.635811071,2.776328511,3.213705027,,,1.9870989011457587,1.9615666267180956
106.9759632,2.9,2.99,3.4,2.679160316,2.776328511,3.213705027,,,1.9870989011457587,1.9365231488025463
107.0260787,2.9,2.99,3.4,2.679160316,2.776328511,3.213705027,,,1.9870989011457587,1.9365231488025463
107.0763872,2.9,2.94,3.4,2.679160316,2.722407023,3.213705027,,,1.9545164833312803,1.920302771238382
107.1267425,2.9,2.94,3.4,2.679160316,2.722407023,3.213705027,,,1.9545164833312803,1.920302771238382
107.177042,2.9,2.94,3.4,2.679160316,2.722407023,3.213705027,,,1.9545164833312803,1.920302771238382
107.2272267,2.89,2.95,3.41,2.668332813,2.733203249,3.224282866,,,1.9535054945453825,1.9334951265289708
107.2775543,2.89,2.95,3.41,2.668332813,2.733203249,3.224282866,,,1.9535054945453825,1.9334951265289708
107.3277436,2.89,2.95,3.41,2.668332813,2.733203249,3.224282866,,,1.9535054945453825,1.9334951265289708
107.3780932,2.95,2.93,3.36,2.733203249,2.711604691,3.171356177,,,1.977780219654632,1.8706992833771863
107.4284415,2.95,2.93,3.36,2.733203249,2.711604691,3.171356177,,,1.977780219654632,1.8706992833771863
107.4787622,2.95,2.93,3.36,2.733203249,2.711604691,3.171356177,,,1.977780219654632,1.8706992833771863
107.5291212,2.97,2.9,3.44,2.754777668,2.679160316,3.255994472,,,1.8987802194653471,1.8776318920363404
107.579419,2.97,2.9,3.44,2.754777668,2.679160316,3.255994472,,,1.8987802194653471,1.8776318920363404
107.6296031,2.97,2.87,3.44,2.754777668,2.64665827,3.255994472,,,1.8797582413697618,1.8681622551148425
107.6797448,2.96,2.87,3.41,2.74399344,2.64665827,3.224282866,,,1.902340659140464,1.8635130674001588
107.7298795,2.96,2.87,3.41,2.74399344,2.64665827,3.224282866,,,1.902340659140464,1.8635130674001588
107.780229,2.96,2.81,3.41,2.74399344,2.581472448,3.224282866,,,1.8648901098683448,1.844869207001648
107.830504,3.0,2.81,3.46,2.787095262,2.581472448,3.277117636,,,1.8271428570989985,1.8375015528513905
107.880851,3.0,2.81,3.46,2.787095262,2.581472448,3.277117636,,,1.8271428570989985,1.8375015528513905
107.9311768,3.0,2.84,3.46,2.787095262,2.614096402,3.277117636,,,1.8457692306337492,1.8467742475023858
107.9813242,3.02,2.84,3.46,2.808611757,2.614096402,3.277117636,,,1.8457692306337492,1.833687290752845
108.031648,3.02,2.84,3.46,2.808611757,2.614096402,3.277117636,,,1.8457692306337492,1.833687290752845
108.0819859,3.02,2.84,3.46,2.808611757,2.614096402,3.277117636,,,1.8457692306337492,1.833687290752845
108.1322773,3.02,2.84,3.46,2.808611757,2.614096402,3.277117636,,,1.8457692306337492,1.833687290752845
108.1823923,3.02,2.84,3.46,2.808611757,2.614096402,3.277117636,,,1.8457692306337492,1.833687290752845
108.2324995,3.04,2.74,3.43,2.830106005,2.505094809,3.245427553,,,1.807164835198591,1.778827711678702
108.2826881,3.04,2.74,3.43,2.830106005,2.505094809,3.245427553,,,1.807164835198591,1.778827711678702
108.3329811,3.04,2.74,3.43,2.830106005,2.505094809,3.245427553,,,1.807164835198591,1.778827711678702
108.383323,3.1,2.78,3.43,2.894460226,2.548784024,3.245427553,,,1.8314285713435237,1.7508633541987972
108.433648,3.1,2.78,3.43,2.894460226,2.548784024,3.245427553,,,1.8314285713435237,1.7508633541987972
108.4839865,3.1,2.78,3.43,2.894460226,2.548784024,3.245427553,,,1.8314285713435237,1.7508633541987972
108.5343218,3.12,2.7,3.43,2.915870367,2.461280155,3.245427553,,,1.7832527472115662,1.7133584333534595
108.5846502,3.12,2.7,3.43,2.915870367,2.461280155,3.245427553,,,1.7832527472115662,1.7133584333534595
108.6348319,3.12,2.7,3.43,2.915870367,2.461280155,3.245427553,,,1.7832527472115662,1.7133584333534595
108.6851767,3.1,2.69,3.44,2.894460226,2.450306103,3.255994472,,,1.7697802194180754,1.72764058768841
108.7355144,3.1,2.69,3.44,2.894460226,2.450306103,3.255994472,,,1.7697802194180754,1.72764058768841
108.7856505,3.1,2.69,3.44,2.894460226,2.450306103,3.255994472,,,1.7697802194180754,1.72764058768841
108.8357735,3.12,2.69,3.52,2.915870367,2.450306103,3.340404167,,,1.708593406537152,1.7441801960546093
108.8861078,3.12,2.69,3.52,2.915870367,2.450306103,3.340404167,,,1.708593406537152,1.7441801960546093
108.9362284,3.12,2.66,3.52,2.915870367,2.417333241,3.340404167,,,1.6909560438607252,1.7353998568091706
108.986565,3.14,2.66,3.5,2.937260629,2.417333241,3.31932222,,,1.7063846151492126,1.7142110364017011
109.0367063,3.14,2.66,3.5,2.937260629,2.417333241,3.31932222,,,1.7063846151492126,1.7142110364017011
109.087049,3.14,2.61,3.48,2.937260629,2.362202362,3.298226796,,,1.6927692308995554,1.6922590296411864
109.1373858,3.14,2.61,3.48,2.937260629,2.362202362,3.298226796,,,1.6927692308995554,1.6922590296411864
109.187741,3.14,2.61,3.48,2.937260629,2.362202362,3.298226796,,,1.6927692308995554,1.6922590296411864
109.2380677,3.14,2.62,3.45,2.937260629,2.373246721,3.266557821,,,1.7213626374506574,1.6838957472594351
109.2882099,3.17,2.62,3.45,2.969309684,2.373246721,3.266557821,,,1.7213626374506574,1.6633196606482719
109.3385442,3.17,2.62,3.45,2.969309684,2.373246721,3.266557821,,,1.7213626374506574,1.6633196606482719
109.3888751,3.18,2.54,3.53,2.979983221,2.284622507,3.350940167,,,1.614637362272195,1.6639825135412072
109.4392234,3.18,2.54,3.53,2.979983221,2.284622507,3.350940167,,,1.614637362272195,1.6639825135412072
109.4895588,3.18,2.54,3.53,2.979983221,2.284622507,3.350940167,,,1.614637362272195,1.6639825135412072
109.5396943,3.2,2.51,3.53,3.001316378,2.25122189,3.350940167,,,1.5979890104616683,1.6418249641171079
109.5898389,3.2,2.51,3.53,3.001316378,2.25122189,3.350940167,,,1.5979890104616683,1.6418249641171079
109.6401855,3.2,2.51,3.53,3.001316378,2.25122189,3.350940167,,,1.5979890104616683,1.6418249641171079
109.6905199,3.21,2.53,3.53,3.011976096,2.273499505,3.350940167,,,1.6090659336726656,1.640371953930369
109.740718,3.21,2.53,3.53,3.011976096,2.273499505,3.350940167,,,1.6090659336726656,1.640371953930369
109.790904,3.21,2.49,3.53,3.011976096,2.228901075,3.350940167,,,1.5869999999255129,1.6293869564779817
109.8412072,3.22,2.49,3.52,3.022631304,2.228901075,3.340404167,,,1.594747253101669,1.618591567195203
109.891549,3.22,2.49,3.52,3.022631304,2.228901075,3.340404167,,,1.594747253101669,1.618591567195203
109.9419008,3.22,2.45,3.52,3.022631304,2.184124539,3.340404167,,,1.5730329673572525,1.6077816292920044
109.9922855,3.24,2.45,3.51,3.043928383,2.184124539,3.329864862,,,1.5807582420527124,1.5899426898859466
110.0424193,3.24,2.45,3.51,3.043928383,2.184124539,3.329864862,,,1.5807582420527124,1.5899426898859466
110.0925332,3.24,2.42,3.53,3.043928383,2.150418564,3.350940167,,,1.5492307689650366,1.58955183954792
110.1428686,3.27,2.42,3.53,3.075841348,2.150418564,3.350940167,,,1.5492307689650366,1.568323578979065
110.1931958,3.27,2.42,3.53,3.075841348,2.150418564,3.350940167,,,1.5492307689650366,1.568323578979065
110.2433314,3.27,2.4,3.54,3.075841348,2.127886275,3.361472891,,,1.53086813213247,1.566866961307408
110.2936878,3.33,2.4,3.54,3.139554108,2.127886275,3.361472891,,,1.53086813213247,1.5238234831559712
110.34401,3.33,2.4,3.54,3.139554108,2.127886275,3.361472891,,,1.53086813213247,1.5238234831559712
110.3943247,3.32,2.43,3.55,3.128945509,2.161666024,3.372002372,,,1.539000000279378,1.5428065217132514
110.4446667,3.32,2.43,3.55,3.128945509,2.161666024,3.372002372,,,1.539000000279378,1.5428065217132514
110.4948474,3.32,2.43,3.55,3.128945509,2.161666024,3.372002372,,,1.539000000279378,1.5428065217132514
110.5452902,3.33,2.4,3.56,3.139554108,2.127886275,3.38252864,,,1.5152637361442995,1.5314899907501591
110.5955869,3.33,2.4,3.56,3.139554108,2.127886275,3.38252864,,,1.5152637361442995,1.5314899907501591
110.6458908,3.33,2.4,3.56,3.139554108,2.127886275,3.38252864,,,1.5152637361442995,1.5314899907501591
110.6961976,3.36,2.36,3.58,3.171356177,2.08266656,3.403571653,,,1.4786483519820965,1.5069684182377285
110.7465328,3.36,2.36,3.58,3.171356177,2.08266656,3.403571653,,,1.4786483519820965,1.5069684182377285
110.7968391,3.36,2.33,3.58,3.171356177,2.048609284,3.403571653,,,1.463186813339103,1.4992712609567598
110.8470234,3.4,2.33,3.58,3.213705027,2.048609284,3.403571653,,,1.463186813339103,1.469879956699258
110.8971584,3.4,2.33,3.58,3.213705027,2.048609284,3.403571653,,,1.463186813339103,1.469879956699258
110.9472872,3.4,2.33,3.58,3.213705027,2.048609284,3.403571653,,,1.463186813339103,1.469879956699258
110.9973985,3.42,2.33,3.58,3.234857029,2.048609284,3.403571653,,,1.463186813339103,1.455053870013863
111.0477274,3.42,2.33,3.58,3.234857029,2.048609284,3.403571653,,,1.463186813339103,1.455053870013863
111.0981122,3.42,2.33,3.58,3.234857029,2.048609284,3.403571653,,,1.463186813339103,1.455053870013863
111.1484078,3.42,2.33,3.58,3.234857029,2.048609284,3.403571653,,,1.463186813339103,1.455053870013863
111.1987256,3.42,2.33,3.58,3.234857029,2.048609284,3.403571653,,,1.463186813339103,1.455053870013863
111.249067,3.42,2.3,3.6,3.234857029,2.014422994,3.424602167,,,1.4321428567620684,1.4552080747957246
111.2992406,3.44,2.3,3.6,3.255994472,2.014422994,3.424602167,,,1.4321428567620684,1.440295030923567
111.3495088,3.44,2.3,3.6,3.255994472,2.014422994,3.424602167,,,1.4321428567620684,1.440295030923567
111.3997721,3.45,2.21,3.6,3.266557821,1.91102067,3.424602167,,,1.3875384614226538,1.410600669304411
111.450109,3.45,2.21,3.6,3.266557821,1.91102067,3.424602167,,,1.3875384614226538,1.410600669304411
111.5002712,3.45,2.21,3.6,3.266557821,1.91102067,3.424602167,,,1.3875384614226538,1.410600669304411
111.5506274,3.48,2.25,3.6,3.298226796,1.957140772,3.424602167,,,1.4071428570553468,1.3977624227915395
111.6007419,3.48,2.25,3.6,3.298226796,1.957140772,3.424602167,,,1.4071428570553468,1.3977624227915395
111.6510757,3.48,2.25,3.6,3.298226796,1.957140772,3.424602167,,,1.4071428570553468,1.3977624227915395
111.7014091,3.51,2.15,3.64,3.329864862,1.841303886,3.466626602,,,1.3269670332862236,1.3665335881481182
111.751741,3.51,2.15,3.64,3.329864862,1.841303886,3.466626602,,,1.3269670332862236,1.3665335881481182
111.8020789,3.51,2.15,3.64,3.329864862,1.841303886,3.466626602,,,1.3269670332862236,1.3665335881481182
111.852413,3.52,2.2,3.63,3.340404167,1.899447288,3.456124998,,,1.3588571426472584,1.3668658387189112
111.9025559,3.52,2.2,3.63,3.340404167,1.899447288,3.456124998,,,1.3588571426472584,1.3668658387189112
111.9526653,3.52,2.09,3.63,3.340404167,1.77087549,3.456124998,,,1.3069999999211253,1.341050000274814
112.0027774,3.51,2.09,3.65,3.329864862,1.77087549,3.477125249,,,1.291000000423014,1.3565521739117865
112.052906,3.51,2.09,3.65,3.329864862,1.77087549,3.477125249,,,1.291000000423014,1.3565521739117865
112.1030383,3.51,2.06,3.65,3.329864862,1.735367396,3.477125249,,,1.2773186815237918,1.3497412564597824
112.1533489,3.56,2.06,3.64,3.38252864,1.735367396,3.466626602,,,1.2853296704841488,1.3073815095751324
112.2036813,3.56,2.06,3.64,3.38252864,1.735367396,3.466626602,,,1.2853296704841488,1.3073815095751324
112.2540211,3.56,2.07,3.67,3.38252864,1.747226373,3.498113777,,,1.2657692309526956,1.3214807689326415
112.3041622,3.57,2.07,3.67,3.393051724,1.747226373,3.498113777,,,1.2657692309526956,1.3137307687892585
112.3543186,3.57,2.07,3.67,3.393051724,1.747226373,3.498113777,,,1.2657692309526956,1.3137307687892585
112.404541,3.57,2.1,3.67,3.393051724,1.782666542,3.498113777,,,1.2795164838603332,1.3205745099106692
112.4548375,3.6,2.1,3.67,3.424602167,1.782666542,3.498113777,,,1.2795164838603332,1.2971940750756992
112.5051374,3.6,2.1,3.67,3.424602167,1.782666542,3.498113777,,,1.2795164838603332,1.2971940750756992
112.5554619,3.62,2.06,3.67,3.445620409,1.735367396,3.498113777,,,1.261230769479408,1.2723953171886484
112.6057907,3.62,2.06,3.67,3.445620409,1.735367396,3.498113777,,,1.261230769479408,1.2723953171886484
112.6561191,3.62,2.06,3.67,3.445620409,1.735367396,3.498113777,,,1.261230769479408,1.2723953171886484
112.7064486,3.64,2.08,3.71,3.466626602,1.75906225,3.540056497,,,1.2378901096069395,1.2770800767671333
112.7567427,3.64,2.08,3.71,3.466626602,1.75906225,3.540056497,,,1.2378901096069395,1.2770800767671333
112.8068848,3.64,2.08,3.71,3.466626602,1.75906225,3.540056497,,,1.2378901096069395,1.2770800767671333
112.857016,3.67,2.05,3.69,3.498113777,1.723484842,3.519090792,,,1.2405384613477557,1.2384745824429024
112.9073377,3.67,2.05,3.69,3.498113777,1.723484842,3.519090792,,,1.2405384613477557,1.2384745824429024
112.9575465,3.67,1.99,3.69,3.498113777,1.651665826,3.519090792,,,1.2139010987293486,1.2252138084437392
113.0076868,3.64,1.99,3.67,3.466626602,1.651665826,3.498113777,,,1.2300769235097864,1.2411035118280394
113.0580209,3.64,1.99,3.67,3.466626602,1.651665826,3.498113777,,,1.2300769235097864,1.2411035118280394
113.1083516,3.64,1.99,3.67,3.466626602,1.651665826,3.498113777,,,1.2300769235097864,1.2411035118280394
113.1586439,3.64,1.99,3.67,3.466626602,1.651665826,3.498113777,,,1.2300769235097864,1.2411035118280394
113.2089766,3.64,1.99,3.67,3.466626602,1.651665826,3.498113777,,,1.2300769235097864,1.2411035118280394
113.2593141,3.64,1.97,3.74,3.466626602,1.627513441,3.571484285,,,1.1643736266630438,1.2647751315678952
113.3094382,3.7,1.97,3.74,3.529575045,1.627513441,3.571484285,,,1.1643736266630438,1.2169055662860813
113.3597569,3.7,1.97,3.74,3.529575045,1.627513441,3.571484285,,,1.1643736266630438,1.2169055662860813
113.4100879,3.7,1.92,3.71,3.529575045,1.566620567,3.540056497,,,1.1675604394500534,1.1941985669941744
113.460404,3.73,1.92,3.71,3.561011092,1.566620567,3.540056497,,,1.1675604394500534,1.1699703062267526
113.5107371,3.73,1.92,3.71,3.561011092,1.566620567,3.540056497,,,1.1675604394500534,1.1699703062267526
113.5608394,3.69,1.87,3.73,3.519090792,1.504925247,3.561011092,,,1.1303846155726347,1.1998979928620122
113.6111696,3.69,1.87,3.73,3.519090792,1.504925247,3.561011092,,,1.1303846155726347,1.1998979928620122
113.6615354,3.69,1.87,3.73,3.519090792,1.504925247,3.561011092,,,1.1303846155726347,1.1998979928620122
113.7116629,3.73,1.88,3.77,3.561011092,1.517333187,3.602887731,,,1.1015384613385986,1.1858854519319648
113.7617806,3.73,1.88,3.77,3.561011092,1.517333187,3.602887731,,,1.1015384613385986,1.1858854519319648
113.8118981,3.73,1.88,3.77,3.561011092,1.517333187,3.602887731,,,1.1015384613385986,1.1858854519319648
113.8621813,3.77,1.85,3.73,3.602887731,1.48,3.561011092,,,1.1222087915003258,1.1309582891552385
113.9125028,3.77,1.85,3.73,3.602887731,1.48,3.561011092,,,1.1222087915003258,1.1309582891552385
113.9626727,3.77,1.85,3.73,3.602887731,1.48,3.561011092,,,1.1222087915003258,1.1309582891552385
114.0130057,3.82,1.82,3.75,3.655174414,1.442324513,3.581954774,,,1.0936703294306915,1.0917619690232296
114.063346,3.82,1.82,3.75,3.655174414,1.442324513,3.581954774,,,1.0936703294306915,1.0917619690232296
114.1134613,3.82,1.82,3.75,3.655174414,1.442324513,3.581954774,,,1.0936703294306915,1.0917619690232296
114.1637891,3.82,1.82,3.75,3.655174414,1.442324513,3.581954774,,,1.0936703294306915,1.0917619690232296
114.2141276,3.82,1.82,3.75,3.655174414,1.442324513,3.581954774,,,1.0936703294306915,1.0917619690232296
114.2644808,3.82,1.79,3.75,3.655174414,1.404279175,3.581954774,,,1.0817692305887128,1.0858372915562449
114.31483,3.87,1.79,3.77,3.707398009,1.404279175,3.602887731,,,1.0652417581481706,1.0521638323230205
114.3649568,3.87,1.79,3.77,3.707398009,1.404279175,3.602887731,,,1.0652417581481706,1.0521638323230205
114.4153173,3.87,1.79,3.77,3.707398009,1.404279175,3.602887731,,,1.0652417581481706,1.0521638323230205
114.4656561,3.91,1.79,3.77,3.749133233,1.404279175,3.602887731,,,1.0652417581481706,1.018337745187382
114.5159767,3.91,1.79,3.77,3.749133233,1.404279175,3.602887731,,,1.0652417581481706,1.018337745187382
114.5663273,3.91,1.72,3.79,3.749133233,1.313887362,3.62381015,,,1.0216263732725597,1.0130596515267734
114.6166634,3.9,1.72,3.79,3.738702984,1.313887362,3.62381015,,,1.0216263732725597,1.0215487815500914
114.6670033,3.9,1.72,3.79,3.738702984,1.313887362,3.62381015,,,1.0216263732725597,1.0215487815500914
114.7172027,3.97,1.76,3.82,3.811666302,1.365833079,3.655174414,,,1.011835165157184,0.9816092451497603
114.7675402,3.97,1.76,3.82,3.811666302,1.365833079,3.655174414,,,1.011835165157184,0.9816092451497603
114.8178869,3.97,1.76,3.82,3.811666302,1.365833079,3.655174414,,,1.011835165157184,0.9816092451497603
114.8680082,3.95,1.74,3.83,3.790831043,1.339962686,3.665624094,,,0.9957362638856059,0.999127401145318
114.9181886,3.95,1.74,3.83,3.790831043,1.339962686,3.665624094,,,0.9957362638856059,0.999127401145318
114.9683236,3.95,1.74,3.83,3.790831043,1.339962686,3.665624094,,,0.9957362638856059,0.999127401145318
115.0186409,3.95,1.67,3.85,3.790831043,1.247717917,3.68651597,,,0.9526263739931622,0.994361825367528
115.0689732,3.95,1.67,3.85,3.790831043,1.247717917,3.68651597,,,0.9526263739931622,0.994361825367528
115.1192989,3.95,1.67,3.85,3.790831043,1.247717917,3.68651597,,,0.9526263739931622,0.994361825367528
115.1694114,3.95,1.67,3.85,3.790831043,1.247717917,3.68651597,,,0.9526263739931622,0.994361825367528
115.2195503,3.95,1.67,3.85,3.790831043,1.247717917,3.68651597,,,0.9526263739931622,0.994361825367528
115.2697537,3.95,1.67,3.85,3.790831043,1.247717917,3.68651597,,,0.9526263739931622,0.994361825367528
115.3200957,3.96,1.67,3.84,3.801249794,1.247717917,3.676071272,,,0.9610769234702328,0.9816122076013394
115.3702108,3.96,1.67,3.84,3.801249794,1.247717917,3.676071272,,,0.9610769234702328,0.9816122076013394
115.4204314,3.96,1.65,3.83,3.801249794,1.220819397,3.665624094,,,0.9622087913822113,0.9738387246368267
115.4707528,3.96,1.65,3.83,3.801249794,1.220819397,3.665624094,,,0.9622087913822113,0.9738387246368267
115.5211003,3.96,1.65,3.83,3.801249794,1.220819397,3.665624094,,,0.9622087913822113,0.9738387246368267
115.5714464,3.96,1.67,3.84,3.801249794,1.247717917,3.676071272,,,0.9610769234702328,0.9816122076013394
115.6217753,3.95,1.67,3.84,3.790831043,1.247717917,3.676071272,,,0.9610769234702328,0.9902100336679238
115.6718952,3.95,1.67,3.84,3.790831043,1.247717917,3.676071272,,,0.9610769234702328,0.9902100336679238
115.7220165,3.94,1.7,3.85,3.780410031,1.287594657,3.68651597,,,0.96373626413955,1.00846870481943
115.7723645,3.94,1.7,3.85,3.780410031,1.287594657,3.68651597,,,0.96373626413955,1.00846870481943
115.8226927,3.94,1.7,3.85,3.780410031,1.287594657,3.68651597,1,1.0,0.96373626413955,1.00846870481943
115.8730222,3.89,1.74,3.88,3.728270376,1.339962686,3.717835392,,,0.9533736261389603,1.0710707840396791
115.9231662,3.89,1.74,3.88,3.728270376,1.339962686,3.717835392,,,0.9533736261389603,1.0710707840396791
115.9733031,3.89,1.74,3.88,3.728270376,1.339962686,3.717835392,,,0.9533736261389603,1.0710707840396791
116.023656,3.87,1.75,3.86,3.707398009,1.352922762,3.696958209,,,0.9742197803126617,1.0814920212812296
116.0738147,3.87,1.75,3.86,3.707398009,1.352922762,3.696958209,,,0.9742197803126617,1.0814920212812296
116.1240581,3.87,1.77,3.86,3.707398009,1.378695035,3.696958209,,,0.9819560440045234,1.085343335162613
116.1743871,3.86,1.77,3.92,3.696958209,1.378695035,3.759561145,,,0.930659340279114,1.1189478024325614
116.2247092,3.86,1.77,3.92,3.696958209,1.378695035,3.759561145,,,0.930659340279114,1.1189478024325614
116.2750256,3.86,1.76,3.92,3.696958209,1.365833079,3.759561145,,,0.9267802194172424,1.1170166748730648
116.3253479,3.75,1.76,3.9,3.581954774,1.365833079,3.738702984,,,0.9439670326505617,1.1995618488183355
116.3755752,3.75,1.76,3.9,3.581954774,1.365833079,3.738702984,,,0.9439670326505617,1.1995618488183355
116.4256665,3.75,1.8,3.95,3.581954774,1.417003881,3.790831043,,,0.9164835167249005,1.2285428804555563
116.4758272,3.74,1.8,3.95,3.571484285,1.417003881,3.790831043,,,0.9164835167249005,1.2366841853446253
116.526157,3.74,1.8,3.95,3.571484285,1.417003881,3.790831043,,,0.9164835167249005,1.2366841853446253
116.5765069,3.74,1.82,3.92,3.571484285,1.442324513,3.759561145,,,0.9503846151436234,1.2278979937336465
116.6266513,3.71,1.82,3.92,3.540056497,1.442324513,3.759561145,,,0.9503846151436234,1.2521914715651734
116.676821,3.71,1.82,3.92,3.540056497,1.442324513,3.759561145,,,0.9503846151436234,1.2521914715651734
116.7270533,3.71,1.9,3.93,3.540056497,1.542044098,3.769986737,,,0.9744615387934863,1.2727102003128437
116.7773964,3.68,1.9,3.93,3.508603711,1.542044098,3.769986737,,,0.9744615387934863,1.2968080265203372
116.8274825,3.68,1.9,3.93,3.508603711,1.542044098,3.769986737,,,0.9744615387934863,1.2968080265203372
116.8775885,3.63,1.89,3.93,3.456124998,1.529705854,3.769986737,,,0.9702967035830725,1.3344629236702044
116.927906,3.63,1.89,3.93,3.456124998,1.529705854,3.769986737,,,0.9702967035830725,1.3344629236702044
116.9780234,3.63,1.89,3.93,3.456124998,1.529705854,3.769986737,,,0.9702967035830725,1.3344629236702044
117.0283813,3.62,1.89,3.95,3.445620409,1.529705854,3.790831043,,,0.9529780223285055,1.3508521017304014
117.0785434,3.62,1.89,3.95,3.445620409,1.529705854,3.790831043,,,0.9529780223285055,1.3508521017304014
117.1288633,3.62,1.89,3.95,3.445620409,1.529705854,3.790831043,,,0.9529780223285055,1.3508521017304014
117.1792113,3.62,1.89,3.95,3.445620409,1.529705854,3.790831043,,,0.9529780223285055,1.3508521017304014
117.2295724,3.62,1.89,3.95,3.445620409,1.529705854,3.790831043,,,0.9529780223285055,1.3508521017304014
117.2797388,3.62,1.97,3.95,3.445620409,1.627513441,3.790831043,,,0.9869120883585926,1.3677453650366838
117.3301041,3.54,1.97,3.92,3.361472891,1.627513441,3.759561145,,,1.012857142598016,1.417259317300514
117.380398,3.54,1.97,3.92,3.361472891,1.627513441,3.759561145,,,1.012857142598016,1.417259317300514
117.4307324,3.54,2.0,3.92,3.361472891,1.663700694,3.759561145,,,1.0259450545299305,1.4237748212840107
117.4810908,3.55,2.0,3.96,3.372002372,1.663700694,3.801249794,,,0.9913076926187954,1.4330857860658148
117.5313559,3.55,2.0,3.96,3.372002372,1.663700694,3.801249794,,,0.9913076926187954,1.4330857860658148
117.5814866,3.55,2.04,4.0,3.372002372,1.711578219,3.842902549,,,0.9740769229279682,1.459116555581214
117.6318405,3.48,2.04,4.0,3.298226796,1.711578219,3.842902549,,,0.9740769229279682,1.5126056858987358
117.6821631,3.48,2.04,4.0,3.298226796,1.711578219,3.842902549,,,0.9740769229279682,1.5126056858987358
117.7323166,3.48,2.03,4.02,3.298226796,1.699647022,3.863715828,,,0.9519780219621693,1.5190390589426124
117.7824829,3.48,2.03,4.02,3.298226796,1.699647022,3.863715828,,,0.9519780219621693,1.5190390589426124
117.8325996,3.48,2.03,4.02,3.298226796,1.699647022,3.863715828,,,0.9519780219621693,1.5190390589426124
117.8827227,3.47,2.05,4.0,3.28767395,1.723484842,3.842902549,,,0.9785714285157214,1.5223975154569678
117.9330578,3.47,2.05,4.0,3.28767395,1.723484842,3.842902549,,,0.9785714285157214,1.5223975154569678
117.9833926,3.47,2.05,4.0,3.28767395,1.723484842,3.842902549,,,0.9785714285157214,1.5223975154569678
118.0335197,3.47,2.05,4.04,3.28767395,1.723484842,3.884520562,,,0.9432307696706554,1.5397605348025871
118.0837903,3.47,2.05,4.04,3.28767395,1.723484842,3.884520562,,,0.9432307696706554,1.5397605348025871
118.1341185,3.47,2.05,4.04,3.28767395,1.723484842,3.884520562,,,0.9432307696706554,1.5397605348025871
118.1844531,3.42,2.15,4.04,3.234857029,1.841303886,3.884520562,,,0.9893846158239453,1.6001827759786695
118.2347915,3.42,2.15,4.04,3.234857029,1.841303886,3.884520562,,,0.9893846158239453,1.6001827759786695
118.2849319,3.42,2.04,4.04,3.234857029,1.711578219,3.884520562,,,0.9387362640829026,1.5749687052206285
118.3353173,3.42,2.04,4.06,3.234857029,1.711578219,3.905316889,,,0.9209340655216015,1.5837150027746592
118.38548,3.42,2.04,4.06,3.234857029,1.711578219,3.905316889,,,0.9209340655216015,1.5837150027746592
118.4356008,3.42,2.12,4.06,3.234857029,1.806183822,3.905316889,,,0.9575054939940537,1.6019212139055106
118.4857368,3.33,2.12,4.07,3.139554108,1.806183822,3.91571194,,,0.9485714287687872,1.6723431677999925
118.5360721,3.33,2.12,4.07,3.139554108,1.806183822,3.91571194,,,0.9485714287687872,1.6723431677999925
118.5863529,3.33,2.15,4.07,3.139554108,1.841303886,3.91571194,,,0.9626483520373776,1.6793510274271823
118.6366763,3.31,2.15,4.07,3.118332888,1.841303886,3.91571194,,,0.9626483520373776,1.6937858096747103
118.6869956,3.31,2.15,4.07,3.118332888,1.841303886,3.91571194,,,0.9626483520373776,1.6937858096747103
118.7372939,3.31,2.21,4.06,3.118332888,1.91102067,3.905316889,,,1.0003296700723747,1.703707596962793
118.7876245,3.28,2.21,4.06,3.086470476,1.91102067,3.905316889,,,1.0003296700723747,1.7251967275239615
118.837922,3.28,2.21,4.06,3.086470476,1.91102067,3.905316889,,,1.0003296700723747,1.7251967275239615
118.8883052,3.24,2.3,4.1,3.043928383,2.014422994,3.946884848,,,1.0090659335586747,1.7933719541562736
118.9386428,3.24,2.3,4.1,3.043928383,2.014422994,3.946884848,,,1.0090659335586747,1.7933719541562736
118.988974,3.24,2.3,4.1,3.043928383,2.014422994,3.946884848,,,1.0090659335586747,1.7933719541562736
119.0391092,3.22,2.25,4.11,3.022631304,1.957140772,3.957271787,,,0.9750439566196243,1.7994023171286209
119.0894542,3.22,2.25,4.11,3.022631304,1.957140772,3.957271787,,,0.9750439566196243,1.7994023171286209
119.139648,3.22,2.25,4.11,3.022631304,1.957140772,3.957271787,,,0.9750439566196243,1.7994023171286209
119.1899643,3.2,2.25,4.15,3.001316378,1.957140772,3.99879982,,,0.938736263845354,1.8311969660861644
119.2403166,3.2,2.25,4.15,3.001316378,1.957140772,3.99879982,,,0.938736263845354,1.8311969660861644
119.2904996,3.2,2.25,4.15,3.001316378,1.957140772,3.99879982,,,0.938736263845354,1.8311969660861644
119.3407985,3.14,2.29,4.13,2.937260629,2.002997753,3.978039718,,,0.976890109949179,1.8735387716173133
119.3911374,3.14,2.29,4.13,2.937260629,2.002997753,3.978039718,,,0.976890109949179,1.8735387716173133
119.4414842,3.14,2.28,4.13,2.937260629,1.99155718,3.978039718,,,0.9718681322224212,1.8710387000968187
119.4918274,3.16,2.28,4.15,2.95863144,1.99155718,3.99879982,,,0.9536703297557712,1.8662837079301076
119.541946,3.16,2.28,4.15,2.95863144,1.99155718,3.99879982,,,0.9536703297557712,1.8662837079301076
119.5920825,3.16,2.35,4.15,2.95863144,2.071328076,3.99879982,,,0.9892857140652557,1.884013975336351
119.6423993,3.07,2.35,4.15,2.862306762,2.071328076,3.99879982,,,0.9892857140652557,1.9449596272891285
119.692728,3.07,2.35,4.15,2.862306762,2.071328076,3.99879982,,,0.9892857140652557,1.9449596272891285
119.7431317,3.07,2.35,4.19,2.862306762,2.071328076,4.040297019,,,0.9526263732621512,1.9629705208141321
119.7934881,3.03,2.35,4.19,2.81936163,2.071328076,4.040297019,,,0.9526263732621512,1.9894922598439868
119.8436278,3.03,2.35,4.19,2.81936163,2.071328076,4.040297019,,,0.9526263732621512,1.9894922598439868
119.8939565,3.03,2.4,4.19,2.81936163,2.127886275,4.040297019,,,0.978725274460779,2.0024849737015646
119.9440703,3.02,2.4,4.19,2.808611757,2.127886275,4.040297019,,,0.978725274460779,2.0090610605665247
119.9941923,3.02,2.4,4.19,2.808611757,2.127886275,4.040297019,,,0.978725274460779,2.0090610605665247
120.0443779,3.0,2.41,4.21,2.787095262,2.139158713,4.061034351,,,0.965549450483717,2.03384961779941
120.0947087,3.0,2.41,4.21,2.787095262,2.139158713,4.061034351,,,0.965549450483717,2.03384961779941
120.1450374,3.0,2.41,4.21,2.787095262,2.139158713,4.061034351,,,0.965549450483717,2.03384961779941
120.1953662,3.0,2.41,4.21,2.787095262,2.139158713,4.061034351,,,0.965549450483717,2.03384961779941
120.2457071,3.0,2.41,4.21,2.787095262,2.139158713,4.061034351,,,0.965549450483717,2.03384961779941
120.2958566,3.0,2.41,4.21,2.787095262,2.139158713,4.061034351,,,0.965549450483717,2.03384961779941
120.3462162,2.92,2.5,4.23,2.700796179,2.240066963,4.081764324,,,0.99556043978515,2.1186159576515395
120.3965258,2.92,2.5,4.23,2.700796179,2.240066963,4.081764324,,,0.99556043978515,2.1186159576515395
120.4466684,2.92,2.54,4.23,2.700796179,2.284622507,4.081764324,,,1.017714286023273,2.129644720235301
120.4969628,2.93,2.54,4.29,2.711604691,2.284622507,4.143911196,,,0.9615384614458029,2.1508854514676883
120.5473243,2.93,2.54,4.29,2.711604691,2.284622507,4.143911196,,,0.9615384614458029,2.1508854514676883
120.5975256,2.93,2.55,4.29,2.711604691,2.295735176,4.143911196,,,0.9671318679109443,2.153669995120987
120.6478678,2.87,2.55,4.25,2.64665827,2.295735176,4.102487051,,,1.0046703290880301,2.1730532731180934
120.6982234,2.87,2.55,4.25,2.64665827,2.295735176,4.102487051,,,1.0046703290880301,2.1730532731180934
120.7483162,2.87,2.61,4.29,2.64665827,2.362202362,4.143911196,,,1.001153846011453,2.208433110533393
120.7986123,2.82,2.61,4.29,2.592354142,2.362202362,4.143911196,,,1.001153846011453,2.2393570236437017
120.8489469,2.82,2.61,4.29,2.592354142,2.362202362,4.143911196,,,1.001153846011453,2.2393570236437017
120.8990932,2.82,2.59,4.31,2.592354142,2.340085469,4.164612827,,,0.9708241761991225,2.2429537748109087
120.9492347,2.85,2.59,4.31,2.624957143,2.340085469,4.164612827,,,0.9708241761991225,2.224464643828064
120.9993428,2.85,2.59,4.31,2.624957143,2.340085469,4.164612827,,,0.9708241761991225,2.224464643828064
121.0496565,2.76,2.67,4.33,2.526954689,2.428332761,4.185307635,,,0.9980769229183065,2.311694815901745
121.099966,2.76,2.67,4.33,2.526954689,2.428332761,4.185307635,,,0.9980769229183065,2.311694815901745
121.1503264,2.76,2.67,4.33,2.526954689,2.428332761,4.185307635,,,0.9980769229183065,2.311694815901745
121.2006664,2.76,2.7,4.36,2.526954689,2.461280155,4.216337273,,,0.9871318683195329,2.334583038731896
121.2509884,2.76,2.7,4.36,2.526954689,2.461280155,4.216337273,,,0.9871318683195329,2.334583038731896
121.3011671,2.76,2.7,4.36,2.526954689,2.461280155,4.216337273,,,0.9871318683195329,2.334583038731896
121.3515053,2.7,2.68,4.38,2.461280155,2.439323677,4.237015459,,,0.9560989012492105,2.3737427137097336
121.4018269,2.7,2.68,4.38,2.461280155,2.439323677,4.237015459,,,0.9560989012492105,2.3737427137097336
121.4521741,2.7,2.71,4.38,2.461280155,2.472245942,4.237015459,,,0.9738681316407124,2.382588700143763
121.5024968,2.72,2.71,4.36,2.483203576,2.472245942,4.216337273,,,0.9930769228622407,2.3613687289716245
121.5526639,2.72,2.71,4.36,2.483203576,2.472245942,4.216337273,,,0.9930769228622407,2.3613687289716245
121.602998,2.72,2.81,4.36,2.483203576,2.581472448,4.216337273,,,1.0537362637465975,2.391566531281446
121.6533251,2.69,2.81,4.38,2.450306103,2.581472448,4.237015459,,,1.034527472525069,2.4186451984316037
121.7036424,2.69,2.81,4.38,2.450306103,2.581472448,4.237015459,,,1.034527472525069,2.4186451984316037
121.7537322,2.69,2.81,4.38,2.450306103,2.581472448,4.237015459,,,1.034527472525069,2.4186451984316037
121.803872,2.62,2.81,4.38,2.373246721,2.581472448,4.237015459,,,1.034527472525069,2.459047372307886
121.8541879,2.62,2.81,4.38,2.373246721,2.581472448,4.237015459,,,1.034527472525069,2.459047372307886
121.9045173,2.62,2.79,4.44,2.373246721,2.559687481,4.299011514,,,0.964065934382808,2.481491519373976
121.9548749,2.63,2.79,4.44,2.384281863,2.559687481,4.299011514,,,0.964065934382808,2.4757849972551176
122.0051716,2.63,2.79,4.44,2.384281863,2.559687481,4.299011514,,,0.964065934382808,2.4757849972551176
122.055281,2.61,2.89,4.5,2.362202362,2.668332813,4.360951731,,,0.9675384616286367,2.5472093647100733
122.1054237,2.61,2.89,4.5,2.362202362,2.668332813,4.360951731,,,0.9675384616286367,2.5472093647100733
122.1555684,2.61,2.89,4.5,2.362202362,2.668332813,4.360951731,,,0.9675384616286367,2.5472093647100733
122.2058912,2.56,2.87,4.46,2.306837662,2.64665827,4.319664339,,,0.9942637358825369,2.549655207950946
122.2562313,2.56,2.87,4.46,2.306837662,2.64665827,4.319664339,,,0.9942637358825369,2.549655207950946
122.3065559,2.56,2.87,4.46,2.306837662,2.64665827,4.319664339,,,0.9942637358825369,2.549655207950946
122.3568871,2.56,2.84,4.52,2.306837662,2.614096402,4.381586471,,,0.9162307688020997,2.5693735788198078
122.4072006,2.56,2.84,4.52,2.306837662,2.614096402,4.381586471,,,0.9162307688020997,2.5693735788198078
122.4575503,2.56,2.84,4.52,2.306837662,2.614096402,4.381586471,,,0.9162307688020997,2.5693735788198078
122.5078922,2.5,2.89,4.54,2.240066963,2.668332813,4.402215351,,,0.9278021982804878,2.6278297897805047
122.5582225,2.5,2.89,4.54,2.240066963,2.668332813,4.402215351,,,0.9278021982804878,2.6278297897805047
122.6085556,2.5,2.89,4.54,2.240066963,2.668332813,4.402215351,,,0.9278021982804878,2.6278297897805047
122.6588903,2.47,2.89,4.52,2.206535746,2.668332813,4.381586471,,,0.9477142855035445,2.6342534165305103
122.7092009,2.47,2.89,4.52,2.206535746,2.668332813,4.381586471,,,0.9477142855035445,2.6342534165305103
122.7595326,2.47,2.92,4.52,2.206535746,2.700796179,4.381586471,,,0.9668681316099739,2.643788700787842
122.8098974,2.46,2.92,4.52,2.195335965,2.700796179,4.381586471,,,0.9668681316099739,2.649147396347982
122.8601954,2.46,2.92,4.52,2.195335965,2.700796179,4.381586471,,,0.9668681316099739,2.649147396347982
122.9105139,2.46,2.92,4.52,2.195335965,2.700796179,4.381586471,,,0.9668681316099739,2.649147396347982
122.9608474,2.46,2.92,4.52,2.195335965,2.700796179,4.381586471,,,0.9668681316099739,2.649147396347982
123.0111645,2.46,2.92,4.52,2.195335965,2.700796179,4.381586471,,,0.9668681316099739,2.649147396347982
123.0615071,2.46,2.94,4.58,2.195335965,2.722407023,4.443455862,,,0.9197472528942366,2.685037219192967
123.1118037,2.42,2.94,4.58,2.150418564,2.722407023,4.443455862,,,0.9197472528942366,2.7062546103697773
123.1621459,2.42,2.94,4.58,2.150418564,2.722407023,4.443455862,,,0.9197472528942366,2.7062546103697773
123.2124418,2.42,2.94,4.58,2.150418564,2.722407023,4.443455862,,,0.9197472528942366,2.7062546103697773
123.2627818,2.42,2.94,4.58,2.150418564,2.722407023,4.443455862,,,0.9197472528942366,2.7062546103697773
123.3128948,2.42,2.94,4.58,2.150418564,2.722407023,4.443455862,,,0.9197472528942366,2.7062546103697773
123.3631955,2.39,3.06,4.61,2.116601049,2.85157851,4.474371464,,,0.968571428663331,2.776212732663876
123.413515,2.39,3.06,4.61,2.116601049,2.85157851,4.474371464,,,0.968571428663331,2.776212732663876
123.4638054,2.39,3.06,4.61,2.116601049,2.85157851,4.474371464,,,0.968571428663331,2.776212732663876
123.5139705,2.3,3.12,4.65,2.014422994,2.915870367,4.515573053,,,0.9686153846339534,2.862375919548622
123.5643368,2.3,3.12,4.65,2.014422994,2.915870367,4.515573053,,,0.9686153846339534,2.862375919548622
123.6146751,2.3,3.14,4.65,2.014422994,2.937260629,4.515573053,,,0.9823736269993115,2.8692251315087676
123.6650175,2.3,3.14,4.67,2.014422994,2.937260629,4.536165782,,,0.9618901099874504,2.8792887724754648
123.7151832,2.3,3.14,4.67,2.014422994,2.937260629,4.536165782,,,0.9618901099874504,2.8792887724754648
123.7654838,2.3,3.17,4.67,2.014422994,2.969309684,4.536165782,,,0.982692307440495,2.889644649033611
123.8158209,2.29,3.17,4.67,2.002997753,2.969309684,4.536165782,,,0.982692307440495,2.8946337794937063
123.8661632,2.29,3.17,4.67,2.002997753,2.969309684,4.536165782,,,0.982692307440495,2.8946337794937063
123.9163252,2.29,3.2,4.65,2.002997753,3.001316378,4.515573053,,,1.0241758246012416,2.8950244864272148
123.9664433,2.27,3.2,4.65,1.980101008,3.001316378,4.515573053,,,1.0241758246012416,2.9049375295403053
124.016786,2.27,3.2,4.65,1.980101008,3.001316378,4.515573053,,,1.0241758246012416,2.9049375295403053
124.0669753,2.27,3.21,4.69,1.980101008,3.011976096,4.55675323,,,0.9901648355780183,2.9286146678456677
124.1170949,2.27,3.21,4.69,1.980101008,3.011976096,4.55675323,,,0.9901648355780183,2.9286146678456677
124.1674175,2.27,3.21,4.69,1.980101008,3.011976096,4.55675323,,,0.9901648355780183,2.9286146678456677
124.2177561,2.25,3.21,4.75,1.957140772,3.011976096,4.6184846,,,0.9279230771910151,2.9690204013638324
124.2681076,2.25,3.21,4.75,1.957140772,3.011976096,4.6184846,,,0.9279230771910151,2.9690204013638324
124.3184055,2.25,3.21,4.75,1.957140772,3.011976096,4.6184846,,,0.9279230771910151,2.9690204013638324
124.368739,2.24,3.19,4.73,1.945636143,2.990652103,4.59791257,,,0.9346923076719027,2.956662040168849
124.4190947,2.24,3.19,4.73,1.945636143,2.990652103,4.59791257,,,0.9346923076719027,2.956662040168849
124.4694362,2.24,3.19,4.73,1.945636143,2.990652103,4.59791257,,,0.9346923076719027,2.956662040168849
124.519764,2.25,3.19,4.73,1.957140772,2.990652103,4.59791257,,,0.9346923076719027,2.9517816053344093
124.5701046,2.25,3.19,4.73,1.957140772,2.990652103,4.59791257,,,0.9346923076719027,2.9517816053344093
124.6202063,2.25,3.23,4.73,1.957140772,3.033282051,4.59791257,,,0.9629120878631602,2.9658301480817966
124.6704912,2.2,3.23,4.77,1.899447288,3.033282051,4.639051627,,,0.9211538464777383,3.0105309364074824
124.7208303,2.2,3.23,4.77,1.899447288,3.033282051,4.639051627,,,0.9211538464777383,3.0105309364074824
124.7709745,2.2,3.24,4.77,1.899447288,3.043928383,4.639051627,,,0.9282637365782029,3.014070425174887
124.8213365,2.22,3.24,4.73,1.922576396,3.043928383,4.59791257,,,0.9700219779636248,2.983945724128376
124.871657,2.22,3.24,4.73,1.922576396,3.043928383,4.59791257,,,0.9700219779636248,2.983945724128376
124.9217607,2.22,3.21,4.77,1.922576396,3.011976096,4.639051627,,,0.9070000005389073,2.9938760871720866
124.9718695,2.22,3.21,4.77,1.922576396,3.011976096,4.639051627,,,0.9070000005389073,2.9938760871720866
125.0222075,2.22,3.21,4.77,1.922576396,3.011976096,4.639051627,,,0.9070000005389073,2.9938760871720866
125.0725417,2.22,3.2,4.77,1.922576396,3.001316378,4.639051627,,,0.8999560442724934,2.9903694219872845
125.1228761,2.21,3.2,4.77,1.91102067,3.001316378,4.639051627,,,0.8999560442724934,2.9951846390839254
125.1731782,2.21,3.2,4.77,1.91102067,3.001316378,4.639051627,,,0.8999560442724934,2.9951846390839254
125.2232928,2.23,3.21,4.77,1.934114785,3.011976096,4.639051627,,,0.9070000005389073,2.989039130313472
125.2736121,2.23,3.21,4.77,1.934114785,3.011976096,4.639051627,,,0.9070000005389073,2.989039130313472
125.3237035,2.23,3.21,4.77,1.934114785,3.011976096,4.639051627,,,0.9070000005389073,2.989039130313472
125.3740195,2.2,3.21,4.75,1.899447288,3.011976096,4.6184846,,,0.9279230771910151,2.993205184139289
125.4243519,2.2,3.21,4.75,1.899447288,3.011976096,4.6184846,,,0.9279230771910151,2.993205184139289
125.4746929,2.2,3.21,4.75,1.899447288,3.011976096,4.6184846,,,0.9279230771910151,2.993205184139289
125.5248354,2.25,3.22,4.77,1.957140772,3.022631304,4.639051627,,,0.914065934280153,2.9828176060380103
125.575196,2.25,3.22,4.77,1.957140772,3.022631304,4.639051627,,,0.914065934280153,2.9828176060380103
125.6255455,2.25,3.22,4.77,1.957140772,3.022631304,4.639051627,,,0.914065934280153,2.9828176060380103
125.6758724,2.23,3.29,4.79,1.934114785,3.097095413,4.659613718,,,0.9431318677199839,3.0278091253886643
125.7262111,2.23,3.29,4.79,1.934114785,3.097095413,4.659613718,,,0.9431318677199839,3.0278091253886643
125.7765191,2.23,3.21,4.79,1.934114785,3.011976096,4.659613718,,,0.8859890111979798,2.9993619207287976
125.8268387,2.2,3.21,4.77,1.899447288,3.011976096,4.639051627,,,0.9070000005389073,3.003484782668368
125.8771925,2.2,3.21,4.77,1.899447288,3.011976096,4.639051627,,,0.9070000005389073,3.003484782668368
125.9275187,2.2,3.32,4.77,1.899447288,3.128945509,4.639051627,,,0.9859340659692221,3.0427802195891114
125.9776624,2.13,3.32,4.75,1.817910889,3.128945509,4.6184846,1,3.0,1.00685714262133,3.065446273184574
126.0278057,2.13,3.32,4.75,1.817910889,3.128945509,4.6184846,,,1.00685714262133,3.065446273184574
126.0781673,2.13,3.23,4.73,1.817910889,3.033282051,4.59791257,,,0.9629120878631602,3.022960582981795
126.1285273,2.19,3.23,4.73,1.887855927,3.033282051,4.59791257,,,0.9629120878631602,2.994786669855245
126.1786744,2.19,3.23,4.73,1.887855927,3.033282051,4.59791257,,,0.9629120878631602,2.994786669855245
126.2288186,2.19,3.23,4.73,1.887855927,3.033282051,4.59791257,,,0.9629120878631602,2.994786669855245
126.279144,2.19,3.23,4.73,1.887855927,3.033282051,4.59791257,,,0.9629120878631602,2.994786669855245
126.3294824,2.19,3.23,4.73,1.887855927,3.033282051,4.59791257,,,0.9629120878631602,2.994786669855245
126.3798008,2.17,3.26,4.65,1.864617923,3.065207986,4.515573053,,,1.0667692308196082,2.974402508191381
126.4301492,2.17,3.26,4.65,1.864617923,3.065207986,4.515573053,,,1.0667692308196082,2.974402508191381
126.48048,2.17,3.26,4.65,1.864617923,3.065207986,4.515573053,,,1.0667692308196082,2.974402508191381
126.5307126,2.13,3.25,4.65,1.817910889,3.054570346,4.515573053,,,1.0596153848003098,2.9895367890239557
126.5810509,2.13,3.25,4.65,1.817910889,3.054570346,4.515573053,,,1.0596153848003098,2.9895367890239557
126.6313864,2.13,3.25,4.65,1.817910889,3.054570346,4.515573053,,,1.0596153848003098,2.9895367890239557
126.6817276,2.1,3.28,4.58,1.782666542,3.086470476,4.443455862,,,1.1521428573271975,2.9791645961015756
126.7321028,2.1,3.28,4.58,1.782666542,3.086470476,4.443455862,,,1.1521428573271975,2.9791645961015756
126.782192,2.1,3.3,4.58,1.782666542,3.107716203,4.443455862,,,1.1666043956974248,2.9863639271597977
126.8325161,2.09,3.3,4.58,1.77087549,3.107716203,4.443455862,,,1.1666043956974248,2.990918274864526
126.8828539,2.09,3.3,4.58,1.77087549,3.107716203,4.443455862,,,1.1666043956974248,2.990918274864526
126.9329745,2.09,3.38,4.58,1.77087549,3.192538175,4.443455862,,,1.2253296704714463,3.020153248610723
126.9833002,2.08,3.38,4.54,1.75906225,3.192538175,4.402215351,,,1.2654175826650853,3.0049904919359864
127.0336264,2.08,3.38,4.54,1.75906225,3.192538175,4.402215351,,,1.2654175826650853,3.0049904919359864
127.0839299,2.08,3.39,4.52,1.75906225,3.203123476,4.381586471,,,1.2927692307309984,2.998911204372081
127.1342351,2.05,3.39,4.52,1.723484842,3.203123476,4.381586471,,,1.2927692307309984,3.012378595542874
127.1845645,2.05,3.39,4.52,1.723484842,3.203123476,4.381586471,,,1.2927692307309984,3.012378595542874
127.2348106,2.05,3.37,4.48,1.723484842,3.181949088,4.340311049,,,1.3174725270936865,2.9855461060387833
127.2851534,2.08,3.37,4.48,1.75906225,3.181949088,4.340311049,,,1.3174725270936865,2.9720787148679895
127.3353159,2.08,3.37,4.48,1.75906225,3.181949088,4.340311049,,,1.3174725270936865,2.9720787148679895
127.3854886,2.02,3.35,4.42,1.68769073,3.160759402,4.278352487,,,1.3613846147595945,2.9626349498358806
127.435729,2.02,3.35,4.42,1.68769073,3.160759402,4.278352487,,,1.3613846147595945,2.9626349498358806
127.4861142,2.02,3.35,4.42,1.68769073,3.160759402,4.278352487,,,1.3613846147595945,2.9626349498358806
127.5364532,2.0,3.47,4.4,1.663700694,3.28767395,4.257687166,,,1.4707032964821414,3.0066218589340483
127.5867925,2.0,3.47,4.4,1.663700694,3.28767395,4.257687166,,,1.4707032964821414,3.0066218589340483
127.6371337,2.0,3.47,4.4,1.663700694,3.28767395,4.257687166,,,1.4707032964821414,3.0066218589340483
127.6874765,1.97,3.46,4.36,1.627513441,3.277117636,4.216337273,,,1.501593406647599,2.996858456684719
127.7378254,1.97,3.46,4.36,1.627513441,3.277117636,4.216337273,,,1.501593406647599,2.996858456684719
127.788023,1.97,3.46,4.36,1.627513441,3.277117636,4.216337273,,,1.501593406647599,2.996858456684719
127.8383381,1.89,3.46,4.33,1.529705854,3.277117636,4.185307635,,,1.530241758306916,3.0163486144427285
127.8885137,1.89,3.46,4.33,1.529705854,3.277117636,4.185307635,,,1.530241758306916,3.0163486144427285
127.9386235,1.89,3.46,4.33,1.529705854,3.277117636,4.185307635,,,1.530241758306916,3.0163486144427285
127.9887223,1.94,3.46,4.35,1.591068823,3.277117636,4.20599572,,,1.5111648355520777,3.004905972170025
128.0390495,1.94,3.46,4.35,1.591068823,3.277117636,4.20599572,,,1.5111648355520777,3.004905972170025
128.0891594,1.94,3.53,4.31,1.591068823,3.350940167,4.164612827,,,1.603000000439676,3.0129717392721793
128.1394621,1.96,3.53,4.31,1.615394689,3.350940167,4.164612827,,,1.603000000439676,3.0044934782149184
128.189803,1.96,3.53,4.31,1.615394689,3.350940167,4.164612827,,,1.603000000439676,3.0044934782149184
128.2401502,1.96,3.55,4.25,1.615394689,3.372002372,4.102487051,,,1.6749999992473572,2.984510869448496
128.2904835,1.97,3.55,4.25,1.627513441,3.372002372,4.102487051,,,1.6749999992473572,2.9802391303847733
128.3406298,1.97,3.55,4.25,1.627513441,3.372002372,4.102487051,,,1.6749999992473572,2.9802391303847733
128.390807,1.96,3.63,4.21,1.615394689,3.456124998,4.061034351,,,1.7753076925053308,2.997664046785543
128.4411476,1.96,3.63,4.21,1.615394689,3.456124998,4.061034351,,,1.7753076925053308,2.997664046785543
128.4913192,1.96,3.63,4.21,1.615394689,3.456124998,4.061034351,,,1.7753076925053308,2.997664046785543
128.5416499,1.94,3.59,4.19,1.591068823,3.414088458,4.040297019,,,1.762032966737201,2.9812729336819634
128.591968,1.94,3.59,4.19,1.591068823,3.414088458,4.040297019,,,1.762032966737201,2.9812729336819634
128.642111,1.94,3.59,4.19,1.591068823,3.414088458,4.040297019,,,1.762032966737201,2.9812729336819634
128.6924549,1.95,3.64,4.15,1.603246706,3.466626602,3.99879982,,,1.8384175821167068,2.9788100571985545
128.7426003,1.95,3.64,4.15,1.603246706,3.466626602,3.99879982,,,1.8384175821167068,2.9788100571985545
128.7927832,1.95,3.64,4.15,1.603246706,3.466626602,3.99879982,,,1.8384175821167068,2.9788100571985545
128.8431219,1.96,3.68,4.15,1.615394689,3.508603711,3.99879982,,,1.8705934066385645,2.990578021911657
128.8934519,1.96,3.68,4.15,1.615394689,3.508603711,3.99879982,,,1.8705934066385645,2.990578021911657
128.9435951,1.96,3.73,4.15,1.615394689,3.561011092,3.99879982,,,1.9113076919686813,3.0108466552607815
128.9937137,1.94,3.73,4.1,1.591068823,3.561011092,3.946884848,,,1.9566373619752806,2.997054252358278
129.0440486,1.94,3.73,4.1,1.591068823,3.561011092,3.946884848,,,1.9566373619752806,2.997054252358278
129.0943443,1.94,3.78,4.1,1.591068823,3.613350246,3.946884848,,,1.9979010985600305,3.01759641687547
129.144662,1.89,3.78,4.08,1.529705854,3.613350246,3.92610494,,,2.0158791209204234,3.0295789536897915
129.1949802,1.89,3.78,4.08,1.529705854,3.613350246,3.92610494,,,2.0158791209204234,3.0295789536897915
129.2453246,1.89,3.78,4.08,1.529705854,3.613350246,3.92610494,,,2.0158791209204234,3.0295789536897915
129.2954646,1.89,3.78,4.08,1.529705854,3.613350246,3.92610494,,,2.0158791209204234,3.0295789536897915
129.3456189,1.89,3.78,4.08,1.529705854,3.613350246,3.92610494,,,2.0158791209204234,3.0295789536897915
129.3959594,1.89,3.82,4.05,1.529705854,3.655174414,3.894919768,,,2.0760879118245135,3.033041590820824
129.4463164,1.87,3.82,4.05,1.504925247,3.655174414,3.894919768,,,2.0760879118245135,3.041215503940808
129.4966121,1.87,3.82,4.05,1.504925247,3.655174414,3.894919768,,,2.0760879118245135,3.041215503940808
129.5469488,1.87,3.85,4.0,1.504925247,3.68651597,3.842902549,,,2.1456043951598174,3.0320726230309405
129.5970799,1.87,3.85,4.0,1.504925247,3.68651597,3.842902549,,,2.1456043951598174,3.0320726230309405
129.6474113,1.87,3.85,4.0,1.504925247,3.68651597,3.842902549,,,2.1456043951598174,3.0320726230309405
129.6975992,1.87,3.85,4.0,1.504925247,3.68651597,3.842902549,,,2.1456043951598174,3.0320726230309405
129.7479058,1.87,3.85,4.0,1.504925247,3.68651597,3.842902549,,,2.1456043951598174,3.0320726230309405
129.7982259,1.87,3.85,4.0,1.504925247,3.68651597,3.842902549,,,2.1456043951598174,3.0320726230309405
129.8485691,1.96,3.95,4.0,1.615394689,3.790831043,3.842902549,,,2.231318680819974,3.037276038914868
129.89891,1.96,3.95,4.0,1.615394689,3.790831043,3.842902549,,,2.231318680819974,3.037276038914868
129.949196,1.96,3.95,4.0,1.615394689,3.790831043,3.842902549,,,2.231318680819974,3.037276038914868
129.9995303,1.89,3.95,4.0,1.529705854,3.790831043,3.842902549,,,2.231318680819974,3.066569517337425
130.049644,1.89,3.95,4.0,1.529705854,3.790831043,3.842902549,,,2.231318680819974,3.066569517337425
130.0997561,1.89,3.95,4.0,1.529705854,3.790831043,3.842902549,,,2.231318680819974,3.066569517337425
130.1498954,1.91,3.95,3.91,1.554348738,3.790831043,3.749133233,,,2.3095494503063114,3.019873530637581
130.2000423,1.91,3.95,3.91,1.554348738,3.790831043,3.749133233,,,2.3095494503063114,3.019873530637581
130.2501335,1.91,4.01,3.9,1.554348738,3.853310265,3.738702984,,,2.3706153841520727,3.0417846155070447
130.3004672,1.93,4.01,3.9,1.578860348,3.853310265,3.738702984,,,2.3706153841520727,3.0334367895109042
130.350804,1.93,4.01,3.9,1.578860348,3.853310265,3.738702984,,,2.3706153841520727,3.0334367895109042
130.4011141,1.93,4.07,3.86,1.578860348,3.91571194,3.696958209,,,2.457999999776492,3.0431999999545805
130.4514376,1.91,4.07,3.86,1.554348738,3.91571194,3.696958209,,,2.457999999776492,3.05154782595072
130.5017559,1.91,4.07,3.86,1.554348738,3.91571194,3.696958209,,,2.457999999776492,3.05154782595072
130.5518489,1.96,4.15,3.86,1.615394689,3.99879982,3.696958209,,,2.5302637364109386,3.066489990283172
130.6022073,1.96,4.15,3.86,1.615394689,3.99879982,3.696958209,,,2.5302637364109386,3.066489990283172
130.6525232,1.96,4.15,3.86,1.615394689,3.99879982,3.696958209,,,2.5302637364109386,3.066489990283172
130.7026858,1.92,4.13,3.77,1.566620567,3.978039718,3.602887731,,,2.5875274720654056,3.037225632967661
130.7530278,1.92,4.13,3.77,1.566620567,3.978039718,3.602887731,,,2.5875274720654056,3.037225632967661
130.8033542,1.92,4.13,3.77,1.566620567,3.978039718,3.602887731,,,2.5875274720654056,3.037225632967661
130.8536742,1.92,4.11,3.81,1.566620567,3.957271787,3.644722212,,,2.536098900389011,3.044579670160917
130.9039273,1.92,4.11,3.81,1.566620567,3.957271787,3.644722212,,,2.536098900389011,3.044579670160917
130.9541576,1.92,4.11,3.81,1.566620567,3.957271787,3.644722212,,,2.536098900389011,3.044579670160917
131.0042854,1.89,4.13,3.83,1.529705854,3.978039718,3.665624094,,,2.537417582359582,3.074268752821559
131.0544208,1.89,4.13,3.83,1.529705854,3.978039718,3.665624094,,,2.537417582359582,3.074268752821559
131.1045376,1.89,4.34,3.83,1.529705854,4.195652512,3.665624094,,,2.7328791212020427,3.171574605854001
131.15466,1.89,4.34,3.77,1.529705854,4.195652512,3.602887731,,,2.7829890109078654,3.146955399172444
131.2047932,1.89,4.34,3.77,1.529705854,4.195652512,3.602887731,,,2.7829890109078654,3.146955399172444
131.2550961,1.89,4.34,3.77,1.529705854,4.195652512,3.602887731,,,2.7829890109078654,3.146955399172444
131.3054161,1.93,4.34,3.77,1.578860348,4.195652512,3.602887731,,,2.7829890109078654,3.1303467036588772
131.355735,1.93,4.34,3.77,1.578860348,4.195652512,3.602887731,,,2.7829890109078654,3.1303467036588772
131.4061214,1.93,4.34,3.74,1.578860348,4.195652512,3.571484285,,,2.8077472531263674,3.118182871612396
131.4564626,1.92,4.34,3.74,1.566620567,4.195652512,3.571484285,,,2.8077472531263674,3.122367653953622
131.5067883,1.92,4.34,3.74,1.566620567,4.195652512,3.571484285,,,2.8077472531263674,3.122367653953622
131.5571229,1.92,4.34,3.74,1.566620567,4.195652512,3.571484285,,,2.8077472531263674,3.122367653953622
131.6074561,1.98,4.34,3.74,1.639603611,4.195652512,3.571484285,,,2.8077472531263674,3.0969328713170095
131.6578084,1.98,4.34,3.74,1.639603611,4.195652512,3.571484285,,,2.8077472531263674,3.0969328713170095
131.707967,2.0,4.45,3.69,1.663700694,4.309338696,3.519090792,,,2.9548241752201974,3.1211189919164792
131.7580971,2.0,4.45,3.69,1.663700694,4.309338696,3.519090792,,,2.9548241752201974,3.1211189919164792
131.8083027,2.0,4.45,3.69,1.663700694,4.309338696,3.519090792,,,2.9548241752201974,3.1211189919164792
131.8584795,1.98,4.47,3.71,1.639603611,4.329988453,3.540056497,,,2.9581648352924637,3.1475211898246918
131.908669,1.98,4.47,3.71,1.639603611,4.329988453,3.540056497,,,2.9581648352924637,3.1475211898246918
131.9587943,1.98,4.47,3.71,1.639603611,4.329988453,3.540056497,,,2.9581648352924637,3.1475211898246918
132.0091397,2.01,4.4,3.7,1.675708805,4.257687166,3.529575045,,,2.8980769236521278,3.0965426423324964
132.0594651,2.01,4.4,3.7,1.675708805,4.257687166,3.529575045,,,2.8980769236521278,3.0965426423324964
132.1098081,2.01,4.49,3.7,1.675708805,4.350632138,3.529575045,,,2.9860000002100766,3.1403130434885194
132.160112,2.01,4.49,3.67,1.675708805,4.350632138,3.498113777,,,3.0102967036660715,3.128375967442748
132.2104428,2.01,4.49,3.67,1.675708805,4.350632138,3.498113777,,,3.0102967036660715,3.128375967442748
132.2605869,2.01,4.49,3.67,1.675708805,4.350632138,3.498113777,,,3.0102967036660715,3.128375967442748
132.3106991,2.01,4.49,3.67,1.675708805,4.350632138,3.498113777,,,3.0102967036660715,3.128375967442748
132.3608369,2.01,4.49,3.67,1.675708805,4.350632138,3.498113777,,,3.0102967036660715,3.128375967442748
132.4111581,2.01,4.51,3.63,1.675708805,4.371269838,3.456124998,,,3.0621648345942907,3.1224581462051986
132.46132,1.99,4.51,3.63,1.651665826,4.371269838,3.456124998,,,3.0621648345942907,3.1311537982028366
132.5116338,1.99,4.51,3.63,1.651665826,4.371269838,3.456124998,,,3.0621648345942907,3.1311537982028366
132.5619623,1.99,4.49,3.63,1.651665826,4.350632138,3.456124998,,,3.042384615208566,3.121306688986899
132.6123209,2.08,4.49,3.63,1.75906225,4.350632138,3.456124998,,,3.042384615208566,3.081491471747899
132.6626443,2.08,4.49,3.63,1.75906225,4.350632138,3.456124998,,,3.042384615208566,3.081491471747899
132.7127881,2.01,4.53,3.62,1.675708805,4.391901638,3.445620409,,,3.0899999994450282,3.1284347827414165
132.7631282,2.01,4.53,3.62,1.675708805,4.391901638,3.445620409,,,3.0899999994450282,3.1284347827414165
132.8132919,2.01,4.53,3.62,1.675708805,4.391901638,3.445620409,,,3.0899999994450282,3.1284347827414165
132.8636197,1.97,4.51,3.64,1.627513441,4.371269838,3.466626602,,,3.0541758240565358,3.14368752948232
132.9137439,1.97,4.51,3.64,1.627513441,4.371269838,3.466626602,,,3.0541758240565358,3.14368752948232
132.9638605,1.97,4.51,3.64,1.627513441,4.371269838,3.466626602,,,3.0541758240565358,3.14368752948232
133.0142259,1.99,4.49,3.63,1.651665826,4.350632138,3.456124998,,,3.042384615208566,3.121306688986899
133.0645227,1.99,4.49,3.63,1.651665826,4.350632138,3.456124998,,,3.042384615208566,3.121306688986899
133.11467,1.99,4.53,3.63,1.651665826,4.391901638,3.456124998,,,3.0820329666007233,3.1410446726147336
133.1650163,2.02,4.53,3.63,1.68769073,4.391901638,3.456124998,,,3.0820329666007233,3.1279685857286834
133.2153476,2.02,4.53,3.63,1.68769073,4.391901638,3.456124998,,,3.0820329666007233,3.1279685857286834
133.265686,2.02,4.51,3.63,1.68769073,4.371269838,3.456124998,,,3.0621648345942907,3.118077711316785
133.3160201,2.05,4.51,3.63,1.723484842,4.371269838,3.456124998,,,3.0621648345942907,3.1048059721346295
133.3663612,2.05,4.51,3.63,1.723484842,4.371269838,3.456124998,,,3.0621648345942907,3.1048059721346295
133.4164511,2.05,4.53,3.62,1.723484842,4.391901638,3.445620409,,,3.0899999994450282,3.1107826086708474
133.4667961,1.98,4.53,3.62,1.639603611,4.391901638,3.445620409,,,3.0899999994450282,3.1414456520838385
133.5171414,1.98,4.53,3.62,1.639603611,4.391901638,3.445620409,,,3.0899999994450282,3.1414456520838385
133.5674774,1.98,4.53,3.64,1.639603611,4.391901638,3.466626602,,,3.074043956062969,3.149284925571546
133.6178157,2.0,4.53,3.64,1.663700694,4.391901638,3.466626602,,,3.074043956062969,3.140632751874607
133.6681446,2.0,4.53,3.64,1.663700694,4.391901638,3.466626602,,,3.074043956062969,3.140632751874607
133.7183666,2.04,4.47,3.63,1.711578219,4.329988453,3.456124998,,,3.022692307836575,3.0896011708626956
133.7685022,2.04,4.47,3.63,1.711578219,4.329988453,3.456124998,,,3.022692307836575,3.0896011708626956
133.8186224,2.04,4.47,3.63,1.711578219,4.329988453,3.456124998,3,3.0,3.022692307836575,3.0896011708626956
133.8687412,2.02,4.53,3.6,1.68769073,4.391901638,3.424602167,,,3.1058681313896686,3.1162582656367226
133.9190672,2.02,4.53,3.6,1.68769073,4.391901638,3.424602167,,,3.1058681313896686,3.1162582656367226
133.9692112,2.02,4.53,3.6,1.68769073,4.391901638,3.424602167,,,3.1058681313896686,3.1162582656367226
134.0195265,2.06,4.49,3.6,1.735367396,4.350632138,3.424602167,,,3.0662197799975113,3.0787811516858574
134.0698565,2.06,4.49,3.6,1.735367396,4.350632138,3.424602167,,,3.0662197799975113,3.0787811516858574
134.119991,2.06,4.49,3.6,1.735367396,4.350632138,3.424602167,,,3.0662197799975113,3.0787811516858574
134.1703248,2.05,4.47,3.64,1.723484842,4.329988453,3.466626602,,,3.0147032972988206,3.0890805542085764
134.2206438,2.05,4.47,3.64,1.723484842,4.329988453,3.466626602,,,3.0147032972988206,3.0890805542085764
134.2709714,2.05,4.47,3.64,1.723484842,4.329988453,3.466626602,,,3.0147032972988206,3.0890805542085764
134.3211285,2.02,4.47,3.65,1.68769073,4.329988453,3.477125249,,,3.006692308338464,3.1062881270973426
134.3714607,2.02,4.47,3.65,1.68769073,4.329988453,3.477125249,,,3.006692308338464,3.1062881270973426
134.4218008,2.02,4.47,3.65,1.68769073,4.329988453,3.477125249,,,3.006692308338464,3.1062881270973426
134.4721004,2.0,4.47,3.6,1.663700694,4.329988453,3.424602167,,,3.0465274726255207,3.095456068220641
134.5224276,2.0,4.47,3.6,1.663700694,4.329988453,3.424602167,,,3.0465274726255207,3.095456068220641
134.5727664,2.0,4.32,3.6,1.663700694,4.174961078,3.424602167,,,2.9016373627026177,3.0233259917590227
134.6231147,2.05,4.32,3.6,1.723484842,4.174961078,3.424602167,,,2.9016373627026177,3.0013151220429704
134.6734217,2.05,4.32,3.6,1.723484842,4.174961078,3.424602167,,,2.9016373627026177,3.0013151220429704
134.7237647,2.05,4.38,3.61,1.723484842,4.237015459,3.435112807,,,2.9510769234054464,3.033764381022674
134.7741008,2.06,4.38,3.61,1.735367396,4.237015459,3.435112807,,,2.9510769234054464,3.029296989881798
134.8242413,2.06,4.38,3.61,1.735367396,4.237015459,3.435112807,,,2.9510769234054464,3.029296989881798
134.8745274,2.08,4.34,3.54,1.75906225,4.195652512,3.361472891,,,2.9677472532443967,2.974193741023062
134.9248589,2.08,4.34,3.54,1.75906225,4.195652512,3.361472891,,,2.9677472532443967,2.974193741023062
134.975193,2.08,4.34,3.54,1.75906225,4.195652512,3.361472891,,,2.9677472532443967,2.974193741023062
135.0253546,2.09,4.32,3.56,1.77087549,4.174961078,3.38252864,,,2.933109890373041,2.967852532309352
135.0756986,2.09,4.32,3.56,1.77087549,4.174961078,3.38252864,,,2.933109890373041,2.967852532309352
135.1260367,2.09,4.32,3.56,1.77087549,4.174961078,3.38252864,,,2.933109890373041,2.967852532309352
135.1761822,2.1,4.3,3.55,1.782666542,4.154262871,3.372002372,,,2.9219780224830263,2.9500281891064835
135.2264707,2.1,4.3,3.55,1.782666542,4.154262871,3.372002372,,,2.9219780224830263,2.9500281891064835
135.2767769,2.1,4.3,3.55,1.782666542,4.154262871,3.372002372,,,2.9219780224830263,2.9500281891064835
135.3271234,2.1,4.3,3.55,1.782666542,4.154262871,3.372002372,,,2.9219780224830263,2.9500281891064835
135.3774694,2.1,4.3,3.55,1.782666542,4.154262871,3.372002372,,,2.9219780224830263,2.9500281891064835
135.4277954,2.1,4.3,3.55,1.782666542,4.154262871,3.372002372,,,2.9219780224830263,2.9500281891064835
135.4781363,2.1,4.3,3.55,1.782666542,4.154262871,3.372002372,,,2.9219780224830263,2.9500281891064835
135.5284721,2.1,4.3,3.55,1.782666542,4.154262871,3.372002372,,,2.9219780224830263,2.9500281891064835
135.5788126,2.1,4.3,3.55,1.782666542,4.154262871,3.372002372,,,2.9219780224830263,2.9500281891064835
135.6289606,2.1,4.3,3.55,1.782666542,4.154262871,3.372002372,,,2.9219780224830263,2.9500281891064835
135.6793251,2.1,4.3,3.55,1.782666542,4.154262871,3.372002372,,,2.9219780224830263,2.9500281891064835
135.7294753,2.1,4.24,3.52,1.782666542,4.092126587,3.340404167,,,2.888978022540803,2.910545580671913
135.7796399,2.11,4.24,3.52,1.794435844,4.092126587,3.340404167,,,2.888978022540803,2.905969493903896
135.8297901,2.11,4.24,3.52,1.794435844,4.092126587,3.340404167,,,2.888978022540803,2.905969493903896
135.8799519,2.17,4.13,3.51,1.864617923,3.978039718,3.329864862,,,2.79552747239596,2.823893024345972
135.9303288,2.17,4.13,3.51,1.864617923,3.978039718,3.329864862,,,2.79552747239596,2.823893024345972
135.9804391,2.17,4.13,3.51,1.864617923,3.978039718,3.329864862,,,2.79552747239596,2.823893024345972
136.0305837,2.19,4.22,3.46,1.887855927,4.071400251,3.277117636,,,2.9164065938088615,2.83671110855628
136.0809007,2.19,4.22,3.46,1.887855927,4.071400251,3.277117636,,,2.9164065938088615,2.83671110855628
136.1312301,2.19,4.22,3.46,1.887855927,4.071400251,3.277117636,,,2.9164065938088615,2.83671110855628
136.1815775,2.2,4.24,3.51,1.899447288,4.092126587,3.329864862,,,2.8967032972362627,2.8600109891993264
136.2319372,2.2,4.24,3.51,1.899447288,4.092126587,3.329864862,,,2.8967032972362627,2.8600109891993264
136.2820527,2.2,4.24,3.51,1.899447288,4.092126587,3.329864862,,,2.8967032972362627,2.8600109891993264
136.3323783,2.19,4.15,3.46,1.887855927,3.99879982,3.277117636,,,2.8520219780494287,2.8046587672325636
136.3827133,2.19,4.15,3.46,1.887855927,3.99879982,3.277117636,,,2.8520219780494287,2.8046587672325636
136.4330469,2.19,4.13,3.46,1.887855927,3.978039718,3.277117636,,,2.8338241755827793,2.795599426439384
136.4833887,2.21,4.13,3.51,1.91102067,3.978039718,3.329864862,,,2.79552747239596,2.80484954582484
136.533509,2.21,4.13,3.51,1.91102067,3.978039718,3.329864862,,,2.79552747239596,2.80484954582484
136.5836398,2.21,4.09,3.51,1.91102067,3.936495904,3.329864862,,,2.7593956047281867,2.7868621595293614
136.6337758,2.21,4.09,3.42,1.91102067,3.936495904,3.234857029,,,2.827934066388799,2.753188915322191
136.6841199,2.21,4.09,3.42,1.91102067,3.936495904,3.234857029,,,2.827934066388799,2.753188915322191
136.7344443,2.21,4.01,3.46,1.91102067,3.853310265,3.277117636,,,2.7264835162826535,2.7325972286510356
136.7847684,2.25,4.01,3.46,1.957140772,3.853310265,3.277117636,,,2.7264835162826535,2.71320592427522
136.8351048,2.25,4.01,3.46,1.957140772,3.853310265,3.277117636,,,2.7264835162826535,2.71320592427522
136.8854432,2.25,3.99,3.46,1.957140772,3.832492661,3.277117636,,,2.7089010985095205,2.704452938035986
136.9357767,2.26,3.99,3.46,1.968628965,3.832492661,3.277117636,,,2.7089010985095205,2.699550764078137
136.9861214,2.26,3.99,3.46,1.968628965,3.832492661,3.277117636,,,2.7089010985095205,2.699550764078137
137.0361937,2.27,3.97,3.45,1.980101008,3.811666302,3.266557821,,,2.698999999985284,2.682186956085462
137.0865181,2.27,3.97,3.45,1.980101008,3.811666302,3.266557821,,,2.698999999985284,2.682186956085462
137.1366362,2.27,3.97,3.45,1.980101008,3.811666302,3.266557821,,,2.698999999985284,2.682186956085462
137.1867745,2.3,3.93,3.4,2.014422994,3.769986737,3.213705027,,,2.7019120875374547,2.6315062350794225
137.2371029,2.3,3.93,3.4,2.014422994,3.769986737,3.213705027,,,2.7019120875374547,2.6315062350794225
137.2874001,2.3,3.93,3.4,2.014422994,3.769986737,3.213705027,,,2.7019120875374547,2.6315062350794225
137.3377297,2.35,3.9,3.45,2.071328076,3.738702984,3.266557821,,,2.6384615389707955,2.6118754182605053
137.3880461,2.35,3.9,3.45,2.071328076,3.738702984,3.266557821,,,2.6384615389707955,2.6118754182605053
137.4381769,2.35,3.91,3.45,2.071328076,3.749133233,3.266557821,,,2.6470439561372268,2.6161479694150986
137.488507,2.37,3.91,3.42,2.093991404,3.749133233,3.234857029,,,2.669692307770805,2.594759866047294
137.5388384,2.37,3.91,3.42,2.093991404,3.749133233,3.234857029,,,2.669692307770805,2.594759866047294
137.5891466,2.37,3.86,3.42,2.093991404,3.696958209,3.234857029,,,2.6270000001122837,2.573506521582508
137.6394871,2.35,3.86,3.44,2.071328076,3.696958209,3.255994472,,,2.611923076637135,2.591174749376823
137.6898173,2.35,3.86,3.44,2.071328076,3.696958209,3.255994472,,,2.611923076637135,2.591174749376823
137.7401507,2.35,3.83,3.43,2.071328076,3.665624094,3.245427553,,,2.59412087876283,2.574844959573855
137.7904782,2.37,3.83,3.43,2.093991404,3.665624094,3.245427553,,,2.59412087876283,2.564584089834721
137.8407964,2.37,3.83,3.43,2.093991404,3.665624094,3.245427553,,,2.59412087876283,2.564584089834721
137.8911184,2.37,3.78,3.4,2.093991404,3.613350246,3.213705027,,,2.574824175791559,2.5327059484417953
137.9412838,2.37,3.78,3.4,2.093991404,3.613350246,3.213705027,,,2.574824175791559,2.5327059484417953
137.9916402,2.37,3.78,3.4,2.093991404,3.613350246,3.213705027,,,2.574824175791559,2.5327059484417953
138.0419646,2.37,3.7,3.37,2.093991404,3.529575045,3.181949088,,,2.531384615347551,2.4890045148793405
138.0920888,2.37,3.7,3.37,2.093991404,3.529575045,3.181949088,,,2.531384615347551,2.4890045148793405
138.142414,2.37,3.7,3.37,2.093991404,3.529575045,3.181949088,,,2.531384615347551,2.4890045148793405
138.192741,2.37,3.7,3.37,2.093991404,3.529575045,3.181949088,,,2.531384615347551,2.4890045148793405
138.2430806,2.37,3.7,3.37,2.093991404,3.529575045,3.181949088,,,2.531384615347551,2.4890045148793405
138.2934085,2.37,3.7,3.37,2.093991404,3.529575045,3.181949088,,,2.531384615347551,2.4890045148793405
138.3437248,2.37,3.7,3.37,2.093991404,3.529575045,3.181949088,,,2.531384615347551,2.4890045148793405
138.3940807,2.37,3.7,3.37,2.093991404,3.529575045,3.181949088,,,2.531384615347551,2.4890045148793405
138.4442244,2.37,3.82,3.37,2.093991404,3.655174414,3.181949088,,,2.6305494503446387,2.5383713566496287
138.4944722,2.46,3.82,3.38,2.195335965,3.655174414,3.192538175,,,2.623131867904166,2.4947656472403192
138.5448072,2.46,3.82,3.38,2.195335965,3.655174414,3.192538175,,,2.623131867904166,2.4947656472403192
138.5949184,2.46,3.71,3.38,2.195335965,3.540056497,3.192538175,,,2.5321098904527015,2.449452532378611
138.6452417,2.47,3.71,3.4,2.206535746,3.540056497,3.213705027,,,2.5172087913611914,2.4514148115895162
138.6955496,2.47,3.71,3.4,2.206535746,3.540056497,3.213705027,,,2.5172087913611914,2.4514148115895162
138.7456914,2.47,3.67,3.38,2.206535746,3.498113777,3.192538175,,,2.4996703294510847,2.427944577102448
138.7959359,2.5,3.67,3.38,2.240066963,3.498113777,3.192538175,,,2.4996703294510847,2.411738055325463
138.8460815,2.5,3.67,3.38,2.240066963,3.498113777,3.192538175,,,2.4996703294510847,2.411738055325463
138.8964029,2.5,3.65,3.41,2.240066963,3.477125249,3.224282866,,,2.4611978018958394,2.4147267319500085
138.9467095,2.49,3.65,3.41,2.228901075,3.477125249,3.224282866,,,2.4611978018958394,2.420150644622605
138.9968707,2.49,3.65,3.41,2.228901075,3.477125249,3.224282866,,,2.4611978018958394,2.420150644622605
139.0469607,2.5,3.65,3.36,2.240066963,3.477125249,3.171356177,,,2.49839560393816,2.396451290077042
139.0973182,2.5,3.65,3.36,2.240066963,3.477125249,3.171356177,,,2.49839560393816,2.396451290077042
139.1475058,2.5,3.65,3.36,2.240066963,3.477125249,3.171356177,,,2.49839560393816,2.396451290077042
139.1977403,2.5,3.6,3.39,2.240066963,3.424602167,3.203123476,,,2.4363076922767886,2.387553177652823
139.2481183,2.5,3.6,3.39,2.240066963,3.424602167,3.203123476,,,2.4363076922767886,2.387553177652823
139.2984691,2.5,3.6,3.39,2.240066963,3.424602167,3.203123476,,,2.4363076922767886,2.387553177652823
139.3488241,2.53,3.61,3.38,2.273499505,3.435112807,3.192538175,,,2.4516703294486906,2.3714402291817493
139.3991652,2.53,3.61,3.38,2.273499505,3.435112807,3.192538175,,,2.4516703294486906,2.3714402291817493
139.449503,2.53,3.61,3.38,2.273499505,3.435112807,3.192538175,,,2.4516703294486906,2.3714402291817493
139.499648,2.52,3.54,3.38,2.262366018,3.361472891,3.192538175,,,2.396670329461051,2.3495489248220407
139.5499888,2.52,3.54,3.38,2.262366018,3.361472891,3.192538175,,,2.396670329461051,2.3495489248220407
139.6003076,2.52,3.62,3.38,2.262366018,3.445620409,3.192538175,,,2.4596153850642857,2.380884615546259
139.6504917,2.56,3.62,3.39,2.306837662,3.445620409,3.203123476,,,2.452175824221429,2.3624527476755257
139.7008203,2.56,3.62,3.39,2.306837662,3.445620409,3.203123476,,,2.452175824221429,2.3624527476755257
139.7511506,2.56,3.55,3.39,2.306837662,3.372002372,3.203123476,,,2.3970219773924506,2.334995723928057
139.8013093,2.56,3.55,3.35,2.306837662,3.372002372,3.160759402,,,2.4266483515870583,2.320440157475924
139.8515286,2.56,3.55,3.35,2.306837662,3.372002372,3.160759402,,,2.4266483515870583,2.320440157475924
139.9018537,2.56,3.54,3.36,2.306837662,3.361472891,3.171356177,,,2.4114835159925105,2.3201841854152314
139.9520179,2.58,3.54,3.36,2.329012666,3.361472891,3.171356177,,,2.4114835159925105,2.3090102724188393
140.0023437,2.58,3.54,3.36,2.329012666,3.361472891,3.171356177,,,2.4114835159925105,2.3090102724188393
140.052627,2.58,3.49,3.35,2.329012666,3.308776209,3.160759402,,,2.3802307696607707,2.286158361303185
140.102849,2.63,3.49,3.35,2.384281863,3.308776209,3.160759402,,,2.3802307696607707,2.2578431434942363
140.1529581,2.63,3.49,3.35,2.384281863,3.308776209,3.160759402,,,2.3802307696607707,2.2578431434942363
140.2032897,2.63,3.49,3.35,2.384281863,3.308776209,3.160759402,,,2.3802307696607707,2.2578431434942363
140.2535292,2.63,3.49,3.35,2.384281863,3.308776209,3.160759402,,,2.3802307696607707,2.2578431434942363
140.3038541,2.63,3.49,3.35,2.384281863,3.308776209,3.160759402,,,2.3802307696607707,2.2578431434942363
140.3541915,2.67,3.46,3.36,2.428332761,3.277117636,3.171356177,,,2.349945054811667,2.227016125466044
140.4044901,2.67,3.46,3.36,2.428332761,3.277117636,3.171356177,,,2.349945054811667,2.227016125466044
140.4548079,2.67,3.46,3.36,2.428332761,3.277117636,3.171356177,,,2.349945054811667,2.227016125466044
140.5051535,2.67,3.4,3.4,2.428332761,3.213705027,3.213705027,,,2.275,2.219097826349912
140.5555038,2.67,3.4,3.4,2.428332761,3.213705027,3.213705027,,,2.275,2.219097826349912
140.6056442,2.67,3.4,3.4,2.428332761,3.213705027,3.213705027,,,2.275,2.219097826349912
140.6559665,2.69,3.4,3.35,2.450306103,3.213705027,3.160759402,,,2.312087912443261,2.1892241997741837
140.7060713,2.69,3.4,3.35,2.450306103,3.213705027,3.160759402,,,2.312087912443261,2.1892241997741837
140.7564041,2.69,3.34,3.35,2.450306103,3.150158726,3.160759402,,,2.2676483518310486,2.167101027208539
140.8067221,2.69,3.34,3.38,2.450306103,3.150158726,3.192538175,,,2.2454615384792977,2.17800150507266
140.8568604,2.69,3.34,3.38,2.450306103,3.150158726,3.192538175,,,2.2454615384792977,2.17800150507266
140.9069965,2.69,3.32,3.36,2.450306103,3.128945509,3.171356177,,,2.2456373622961774,2.163436861121032
140.9573117,2.72,3.32,3.36,2.483203576,3.128945509,3.171356177,,,2.2456373622961774,2.1457955566144955
141.0073951,2.72,3.32,3.36,2.483203576,3.128945509,3.171356177,,,2.2456373622961774,2.1457955566144955
141.0575672,2.72,3.29,3.35,2.483203576,3.097095413,3.160759402,,,2.231219780208159,2.131324629437562
141.1079044,2.71,3.29,3.35,2.472245942,3.097095413,3.160759402,,,2.231219780208159,2.137226803581445
141.1580576,2.71,3.29,3.35,2.472245942,3.097095413,3.160759402,,,2.231219780208159,2.137226803581445
141.20816,2.72,3.22,3.38,2.483203576,3.022631304,3.192538175,,,2.1589560440756492,2.117295508786915
141.2584781,2.72,3.22,3.38,2.483203576,3.022631304,3.192538175,,,2.1589560440756492,2.117295508786915
141.308619,2.72,3.22,3.38,2.483203576,3.022631304,3.192538175,,,2.1589560440756492,2.117295508786915
141.358906,2.72,3.22,3.38,2.483203576,3.022631304,3.192538175,,,2.1589560440756492,2.117295508786915
141.4090105,2.72,3.22,3.38,2.483203576,3.022631304,3.192538175,,,2.1589560440756492,2.117295508786915
141.4593339,2.72,3.22,3.38,2.483203576,3.022631304,3.192538175,,,2.1589560440756492,2.117295508786915
141.5096306,2.77,3.2,3.39,2.537873125,3.001316378,3.203123476,,,2.1374065932251334,2.0840893696604534
141.5597738,2.77,3.2,3.39,2.537873125,3.001316378,3.203123476,,,2.1374065932251334,2.0840893696604534
141.6098822,2.77,3.24,3.39,2.537873125,3.043928383,3.203123476,,,2.1657142855308424,2.0981816773517736
141.6599722,2.77,3.24,3.37,2.537873125,3.043928383,3.181949088,,,2.1805714288141718,2.090882298260399
141.7101412,2.77,3.24,3.37,2.537873125,3.043928383,3.181949088,,,2.1805714288141718,2.090882298260399
141.7602797,2.77,3.19,3.37,2.537873125,2.990652103,3.181949088,,,2.1452417585224492,2.0732942667456076
141.8103981,2.79,3.19,3.39,2.559687481,2.990652103,3.203123476,,,2.1303846152391204,2.068506689120584
141.8606928,2.79,3.19,3.39,2.559687481,2.990652103,3.203123476,,,2.1303846152391204,2.068506689120584
141.9110187,2.79,3.12,3.39,2.559687481,2.915870367,3.203123476,,,2.081846153257845,2.044342976525557
141.9613182,2.78,3.12,3.41,2.548784024,2.915870367,3.224282866,,,2.06690109858984,2.057739894622283
142.0114862,2.78,3.12,3.41,2.548784024,2.915870367,3.224282866,,,2.06690109858984,2.057739894622283
142.0616244,2.78,3.14,3.36,2.548784024,2.937260629,3.171356177,,,2.1178571429975186,2.046313664709463
142.1119606,2.8,3.14,3.36,2.570583591,2.937260629,3.171356177,,,2.1178571429975186,2.034183230218069
142.1620951,2.8,3.14,3.36,2.570583591,2.937260629,3.171356177,,,2.1178571429975186,2.034183230218069
142.212417,2.8,3.16,3.35,2.570583591,2.95863144,3.160759402,,,2.1390769231236346,2.0374535116216506
142.2627474,2.8,3.16,3.35,2.570583591,2.95863144,3.160759402,,,2.1390769231236346,2.0374535116216506
142.3130774,2.8,3.16,3.35,2.570583591,2.95863144,3.160759402,,,2.1390769231236346,2.0374535116216506
142.3631944,2.82,3.09,3.39,2.592354142,2.883747562,3.203123476,,,2.0613736262460023,2.015857740561354
142.4134733,2.82,3.09,3.39,2.592354142,2.883747562,3.203123476,,,2.0613736262460023,2.015857740561354
142.4636066,2.82,3.09,3.39,2.592354142,2.883747562,3.203123476,,,2.0613736262460023,2.015857740561354
142.513777,2.83,3.07,3.41,2.603228764,2.862306762,3.224282866,,,2.032890109869203,2.010319207115778
142.5638927,2.83,3.07,3.41,2.603228764,2.862306762,3.224282866,,,2.032890109869203,2.010319207115778
142.6140033,2.83,3.07,3.41,2.603228764,2.862306762,3.224282866,,,2.032890109869203,2.010319207115778
142.6643425,2.86,3.07,3.37,2.635811071,2.862306762,3.181949088,,,2.0626923078205373,1.9771229093952094
142.7144883,2.86,3.07,3.37,2.635811071,2.862306762,3.181949088,,,2.0626923078205373,1.9771229093952094
142.7646084,2.86,3.05,3.37,2.635811071,2.840844945,3.181949088,,,2.0492417585613207,1.9704268750900777
142.8149538,2.88,3.05,3.38,2.657498824,2.840844945,3.192538175,,,2.041824176120848,1.9615929049896126
142.8653125,2.88,3.05,3.38,2.657498824,2.840844945,3.192538175,,,2.041824176120848,1.9615929049896126
142.9154357,2.88,2.96,3.38,2.657498824,2.74399344,3.192538175,,,1.9823846153770004,1.9320023410540885
142.9655508,2.91,2.96,3.42,2.689981413,2.74399344,3.234857029,,,1.9524945055705851,1.927807046880273
143.0158555,2.91,2.96,3.42,2.689981413,2.74399344,3.234857029,,,1.9524945055705851,1.927807046880273
143.0661498,2.91,2.95,3.43,2.689981413,2.733203249,3.245427553,,,1.9384725273156689,1.928272192890419
143.1164376,2.91,2.95,3.43,2.689981413,2.733203249,3.245427553,,,1.9384725273156689,1.928272192890419
143.166521,2.91,2.95,3.43,2.689981413,2.733203249,3.245427553,,,1.9384725273156689,1.928272192890419
143.2166247,2.91,2.91,3.42,2.689981413,2.689981413,3.234857029,,,1.9202417587049194,1.9117507881145392
143.2669157,2.92,2.91,3.42,2.700796179,2.689981413,3.234857029,,,1.9202417587049194,1.905413831786765
143.3172462,2.92,2.91,3.42,2.700796179,2.689981413,3.234857029,,,1.9202417587049194,1.905413831786765
143.3674742,2.95,2.93,3.4,2.733203249,2.711604691,3.213705027,,,1.948065934031663,1.8852980410962972
143.4175878,2.95,2.93,3.4,2.733203249,2.711604691,3.213705027,,,1.948065934031663,1.8852980410962972
143.4678801,2.95,2.93,3.4,2.733203249,2.711604691,3.213705027,,,1.948065934031663,1.8852980410962972
143.5182206,2.99,2.85,3.43,2.776328511,2.624957143,3.245427553,,,1.8747362638258411,1.8452382705546138
143.5685148,2.99,2.85,3.43,2.776328511,2.624957143,3.245427553,,,1.8747362638258411,1.8452382705546138
143.6186946,2.99,2.85,3.43,2.776328511,2.624957143,3.245427553,,,1.8747362638258411,1.8452382705546138
143.6688222,2.98,2.83,3.45,2.765556002,2.603228764,3.266557821,,,1.8471318681077689,1.8529417340947423
143.7189908,2.98,2.83,3.45,2.765556002,2.603228764,3.266557821,,,1.8471318681077689,1.8529417340947423
143.7692842,2.98,2.83,3.45,2.765556002,2.603228764,3.266557821,,,1.8471318681077689,1.8529417340947423
143.8196282,3.0,2.75,3.45,2.787095262,2.516028617,3.266557821,,,1.7980769234754574,1.8155209030425021
143.8697973,3.0,2.75,3.45,2.787095262,2.516028617,3.266557821,,,1.7980769234754574,1.8155209030425021
143.9201242,3.0,2.79,3.45,2.787095262,2.559687481,3.266557821,,,1.822428571698006,1.8276437887880748
143.9704636,3.02,2.79,3.44,2.808611757,2.559687481,3.255994472,,,1.8299999998564358,1.8108369564650442
144.0207946,3.02,2.79,3.44,2.808611757,2.559687481,3.255994472,,,1.8299999998564358,1.8108369564650442
144.0711224,3.02,2.76,3.44,2.808611757,2.526954689,3.255994472,,,1.8117032965455526,1.8017283802515829
144.1214636,3.06,2.76,3.43,2.85157851,2.526954689,3.245427553,,,1.8192527470865403,1.7715845200797942
144.171599,3.06,2.76,3.43,2.85157851,2.526954689,3.245427553,,,1.8192527470865403,1.7715845200797942
144.2219398,3.06,2.79,3.45,2.85157851,2.559687481,3.266557821,,,1.822428571698006,1.7881220497412302
144.2722912,3.06,2.79,3.45,2.85157851,2.559687481,3.266557821,,,1.822428571698006,1.7881220497412302
144.3226226,3.06,2.79,3.45,2.85157851,2.559687481,3.266557821,,,1.822428571698006,1.7881220497412302
144.3729531,3.06,2.79,3.45,2.85157851,2.559687481,3.266557821,,,1.822428571698006,1.7881220497412302
144.4233165,3.06,2.79,3.45,2.85157851,2.559687481,3.266557821,,,1.822428571698006,1.7881220497412302
144.4734287,3.06,2.79,3.45,2.85157851,2.559687481,3.266557821,,,1.822428571698006,1.7881220497412302
144.5237482,3.08,2.75,3.49,2.87302976,2.516028617,3.308776209,,,1.7675714286064308,1.7776388198278485
144.5740771,3.08,2.75,3.49,2.87302976,2.516028617,3.308776209,,,1.7675714286064308,1.7776388198278485
144.6244155,3.08,2.75,3.49,2.87302976,2.516028617,3.308776209,,,1.7675714286064308,1.7776388198278485
144.6748199,3.05,2.72,3.44,2.840844945,2.483203576,3.255994472,,,1.7876153844136955,1.7699433109540466
144.7251662,3.05,2.72,3.44,2.840844945,2.483203576,3.255994472,,,1.7876153844136955,1.7699433109540466
144.7754364,3.05,2.72,3.44,2.840844945,2.483203576,3.255994472,,,1.7876153844136955,1.7699433109540466
144.8257356,3.1,2.72,3.42,2.894460226,2.483203576,3.234857029,,,1.802692307888844,1.7291120400332218
144.8760631,3.1,2.72,3.42,2.894460226,2.483203576,3.234857029,,,1.802692307888844,1.7291120400332218
144.9262063,3.1,2.63,3.42,2.894460226,2.384281863,3.234857029,,,1.7497802202373673,1.7027710224849864
144.9763272,3.11,2.63,3.46,2.905167809,2.384281863,3.277117636,,,1.7195384617635738,1.7108789300662535
145.0265361,3.11,2.63,3.46,2.905167809,2.384281863,3.277117636,,,1.7195384617635738,1.7108789300662535
145.0768546,3.11,2.66,3.46,2.905167809,2.417333241,3.277117636,,,1.7369780217430038,1.719560797969057
145.1269696,3.15,2.66,3.5,2.947948439,2.417333241,3.31932222,,,1.7063846151492126,1.7073740802789767
145.1773318,3.15,2.66,3.5,2.947948439,2.417333241,3.31932222,,,1.7063846151492126,1.7073740802789767
145.2275065,3.15,2.61,3.45,2.947948439,2.362202362,3.266557821,,,1.7156153847364954,1.6741976588072698
145.2777433,3.13,2.61,3.45,2.926567956,2.362202362,3.266557821,,,1.7156153847364954,1.687849832493848
145.3280393,3.13,2.61,3.45,2.926567956,2.362202362,3.266557821,,,1.7156153847364954,1.687849832493848
145.3784045,3.13,2.64,3.5,2.926567956,2.395307913,3.31932222,,,1.6947362635049106,1.715227400646978
145.4285576,3.16,2.64,3.5,2.95863144,2.395307913,3.31932222,,,1.6947362635049106,1.6947165314436683
145.4788921,3.16,2.64,3.5,2.95863144,2.395307913,3.31932222,,,1.6947362635049106,1.6947165314436683
145.5290358,3.19,2.59,3.52,2.990652103,2.340085469,3.340404167,,,1.6505714289356028,1.6672844719845328
145.5793687,3.19,2.59,3.52,2.990652103,2.340085469,3.340404167,,,1.6505714289356028,1.6672844719845328
145.6295135,3.19,2.59,3.52,2.990652103,2.340085469,3.340404167,,,1.6505714289356028,1.6672844719845328
145.6796848,3.22,2.56,3.5,3.022631304,2.306837662,3.31932222,,,1.6490219778720765,1.6303500716216415
145.7298174,3.22,2.56,3.5,3.022631304,2.306837662,3.31932222,,,1.6490219778720765,1.6303500716216415
145.7801422,3.22,2.56,3.5,3.022631304,2.306837662,3.31932222,,,1.6490219778720765,1.6303500716216415
145.830558,3.25,2.5,3.54,3.054570346,2.240066963,3.361472891,,,1.584714285911664,1.6078468943196478
145.8808586,3.25,2.5,3.54,3.054570346,2.240066963,3.361472891,,,1.584714285911664,1.6078468943196478
145.9309484,3.25,2.5,3.54,3.054570346,2.240066963,3.361472891,,,1.584714285911664,1.6078468943196478
145.981072,3.23,2.5,3.55,3.033282051,2.240066963,3.372002372,,,1.5769230771374083,1.6257617053417603
146.0311756,3.23,2.5,3.55,3.033282051,2.240066963,3.372002372,,,1.5769230771374083,1.6257617053417603
146.0815078,3.23,2.48,3.55,3.033282051,2.217724059,3.372002372,,,1.5659780225377808,1.620312971638902
146.1318206,3.29,2.48,3.51,3.097095413,2.217724059,3.329864862,,,1.597010989306061,1.5625446014106952
146.1819615,3.29,2.48,3.51,3.097095413,2.217724059,3.329864862,,,1.597010989306061,1.5625446014106952
146.2320832,3.29,2.46,3.52,3.097095413,2.195335965,3.340404167,,,1.5784285714628041,1.560935093367931
146.2824201,3.26,2.46,3.52,3.065207986,2.195335965,3.340404167,,,1.5784285714628041,1.5822937889970032
146.3327477,3.26,2.46,3.52,3.065207986,2.195335965,3.340404167,,,1.5784285714628041,1.5822937889970032
146.3828893,3.26,2.43,3.58,3.065207986,2.161666024,3.403571653,,,1.515494505737452,1.5972679169504902
146.4330047,3.3,2.43,3.58,3.107716203,2.161666024,3.403571653,,,1.515494505737452,1.5687461777167335
146.4833417,3.3,2.43,3.58,3.107716203,2.161666024,3.403571653,,,1.515494505737452,1.5687461777167335
146.5334256,3.31,2.4,3.51,3.118332888,2.127886275,3.329864862,,,1.554109890126494,1.5268394886499133
146.583747,3.31,2.4,3.51,3.118332888,2.127886275,3.329864862,,,1.554109890126494,1.5268394886499133
146.6338908,3.31,2.4,3.51,3.118332888,2.127886275,3.329864862,,,1.554109890126494,1.5268394886499133
146.6842347,3.32,2.44,3.6,3.128945509,2.172901286,3.424602167,,,1.5050659336790502,1.5647719543673784
146.7345758,3.32,2.44,3.6,3.128945509,2.172901286,3.424602167,,,1.5050659336790502,1.5647719543673784
146.7849048,3.32,2.44,3.6,3.128945509,2.172901286,3.424602167,,,1.5050659336790502,1.5647719543673784
146.8352775,3.32,2.44,3.6,3.128945509,2.172901286,3.424602167,,,1.5050659336790502,1.5647719543673784
146.885553,3.32,2.44,3.6,3.128945509,2.172901286,3.424602167,,,1.5050659336790502,1.5647719543673784
146.9356965,3.32,2.44,3.6,3.128945509,2.172901286,3.424602167,,,1.5050659336790502,1.5647719543673784
146.9860341,3.36,2.4,3.55,3.171356177,2.127886275,3.372002372,,,1.523076923358214,1.5058361200389339
147.036155,3.36,2.4,3.55,3.171356177,2.127886275,3.372002372,,,1.523076923358214,1.5058361200389339
147.0865092,3.36,2.41,3.55,3.171356177,2.139158713,3.372002372,,,1.5283626376516692,1.5084674865024146
147.1368526,3.38,2.41,3.61,3.192538175,2.139158713,3.435112807,,,1.4811538464382852,1.5170091972467865
147.1871938,3.38,2.41,3.61,3.192538175,2.139158713,3.435112807,,,1.4811538464382852,1.5170091972467865
147.237524,3.38,2.38,3.61,3.192538175,2.105302829,3.435112807,,,1.4653626379098883,1.5091479216967802
147.2879425,3.39,2.38,3.59,3.203123476,2.105302829,3.414088458,,,1.4811868134886357,1.494014739383092
147.3381096,3.39,2.38,3.59,3.203123476,2.105302829,3.414088458,,,1.4811868134886357,1.494014739383092
147.388391,3.39,2.38,3.59,3.203123476,2.105302829,3.414088458,,,1.4811868134886357,1.494014739383092
147.4385404,3.39,2.38,3.59,3.203123476,2.105302829,3.414088458,,,1.4811868134886357,1.494014739383092
147.4888773,3.39,2.38,3.59,3.203123476,2.105302829,3.414088458,,,1.4811868134886357,1.494014739383092
147.5392334,3.39,2.3,3.58,3.203123476,2.014422994,3.403571653,,,1.44792307710448,1.469661705189277
147.5895717,3.44,2.3,3.58,3.255994472,2.014422994,3.403571653,,,1.44792307710448,1.4325421400596865
147.6399116,3.44,2.3,3.58,3.255994472,2.014422994,3.403571653,,,1.44792307710448,1.4325421400596865
147.6902236,3.42,2.32,3.56,3.234857029,2.03722851,3.38252864,,,1.4737692309380845,1.4448003347876055
147.7404927,3.42,2.32,3.56,3.234857029,2.03722851,3.38252864,,,1.4737692309380845,1.4448003347876055
147.7908371,3.42,2.32,3.56,3.234857029,2.03722851,3.38252864,,,1.4737692309380845,1.4448003347876055
147.8410185,3.46,2.24,3.61,3.277117636,1.945636143,3.435112807,,,1.3942857147398346,1.4142857141458298
147.8911838,3.46,2.24,3.61,3.277117636,1.945636143,3.435112807,,,1.3942857147398346,1.4142857141458298
147.9414814,3.46,2.24,3.61,3.277117636,1.945636143,3.435112807,,,1.3942857147398346,1.4142857141458298
147.991803,3.46,2.2,3.61,3.277117636,1.899447288,3.435112807,,,1.3747692311071578,1.4045698994678233
148.0421392,3.46,2.2,3.61,3.277117636,1.899447288,3.435112807,,,1.3747692311071578,1.4045698994678233
148.0922922,3.46,2.13,3.61,3.277117636,1.817910889,3.435112807,,,1.3414615388493791,1.3879884613655813
148.1424107,3.47,2.13,3.61,3.28767395,1.817910889,3.435112807,,,1.3414615388493791,1.3804558525257578
148.19274,3.47,2.13,3.61,3.28767395,1.817910889,3.435112807,,,1.3414615388493791,1.3804558525257578
148.2428871,3.47,2.15,3.61,3.28767395,1.841303886,3.435112807,,,1.350868132283877,1.3851387001268451
148.2932325,3.5,2.15,3.61,3.31932222,1.841303886,3.435112807,,,1.350868132283877,1.3624104394010703
148.3435707,3.5,2.15,3.61,3.31932222,1.841303886,3.435112807,,,1.350868132283877,1.3624104394010703
148.3937109,3.5,2.16,3.61,3.31932222,1.852970588,3.435112807,,,1.3556043959535873,1.3647682750105565
148.4440733,3.5,2.16,3.61,3.31932222,1.852970588,3.435112807,,,1.3556043959535873,1.3647682750105565
148.4943056,3.5,2.16,3.61,3.31932222,1.852970588,3.435112807,,,1.3556043959535873,1.3647682750105565
148.5444243,3.5,2.15,3.63,3.31932222,1.841303886,3.456124998,,,1.3349560438239778,1.370228117644412
148.5947485,3.54,2.15,3.63,3.361472891,1.841303886,3.456124998,,,1.3349560438239778,1.33961942234635
148.6450963,3.54,2.15,3.63,3.361472891,1.841303886,3.456124998,,,1.3349560438239778,1.33961942234635
148.6952346,3.56,2.1,3.61,3.38252864,1.782666542,3.435112807,,,1.3275164838627271,1.3047419013572243
148.7455637,3.56,2.1,3.61,3.38252864,1.782666542,3.435112807,,,1.3275164838627271,1.3047419013572243
148.7957056,3.56,2.1,3.61,3.38252864,1.782666542,3.435112807,,,1.3275164838627271,1.3047419013572243
148.8460475,3.58,2.06,3.62,3.403571653,1.735367396,3.445620409,,,1.3012857138662077,1.2840204973173268
148.8963452,3.58,2.06,3.62,3.403571653,1.735367396,3.445620409,,,1.3012857138662077,1.2840204973173268
148.946682,3.58,2.06,3.62,3.403571653,1.735367396,3.445620409,,,1.3012857138662077,1.2840204973173268
148.9970345,3.61,2.04,3.65,3.435112807,1.711578219,3.477125249,,,1.268307692584824,1.2678640470061289
149.0473319,3.61,2.04,3.65,3.435112807,1.711578219,3.477125249,,,1.268307692584824,1.2678640470061289
149.0974264,3.61,2.0,3.65,3.435112807,1.663700694,3.477125249,,,1.2505494507673371,1.2590235309709017
149.1477551,3.64,2.0,3.68,3.466626602,1.663700694,3.508603711,,,1.2263846152058362,1.2472545153034387
149.1981035,3.64,2.0,3.68,3.466626602,1.663700694,3.508603711,,,1.2263846152058362,1.2472545153034387
149.2484384,3.64,1.99,3.68,3.466626602,1.651665826,3.508603711,,,1.2219999999926692,1.245071739469058
149.2987746,3.64,1.99,3.63,3.466626602,1.651665826,3.456124998,,,1.2621648350522814,1.2253385813745528
149.3491162,3.64,1.99,3.63,3.466626602,1.651665826,3.456124998,,,1.2621648350522814,1.2253385813745528
149.3992072,3.64,2.01,3.65,3.466626602,1.675708805,3.477125249,,,1.2549560441671663,1.237575943676616
149.4494789,3.69,2.01,3.65,3.519090792,1.675708805,3.477125249,,,1.2549560441671663,1.1977389866499724
149.4998,3.69,2.01,3.65,3.519090792,1.675708805,3.477125249,,,1.2549560441671663,1.1977389866499724
149.5500725,3.69,1.99,3.67,3.519090792,1.651665826,3.498113777,,,1.2300769235097864,1.2012665548013957
149.6004132,3.71,1.99,3.67,3.540056497,1.651665826,3.498113777,,,1.2300769235097864,1.1851795983217517
149.6507106,3.71,1.99,3.67,3.540056497,1.651665826,3.498113777,,,1.2300769235097864,1.1851795983217517
149.7008254,3.71,1.98,3.68,3.540056497,1.639603611,3.508603711,,,1.2176373626770622,1.186975991299131
149.7511394,3.71,1.98,3.68,3.540056497,1.639603611,3.508603711,,,1.2176373626770622,1.186975991299131
149.8014818,3.71,1.98,3.68,3.540056497,1.639603611,3.508603711,,,1.2176373626770622,1.186975991299131
149.8518724,3.71,1.97,3.76,3.540056497,1.627513441,3.592422581,,,1.1478901099073577,1.2169496415111403
149.9020533,3.71,1.97,3.76,3.540056497,1.627513441,3.592422581,,,1.1478901099073577,1.2169496415111403
149.9522448,3.71,1.97,3.76,3.540056497,1.627513441,3.592422581,,,1.1478901099073577,1.2169496415111403
150.0025704,3.71,1.97,3.76,3.540056497,1.627513441,3.592422581,,,1.1478901099073577,1.2169496415111403
150.0529265,3.71,1.97,3.76,3.540056497,1.627513441,3.592422581,,,1.1478901099073577,1.2169496415111403
150.1031078,3.71,1.97,3.76,3.540056497,1.627513441,3.592422581,,,1.1478901099073577,1.2169496415111403
150.1532676,3.76,1.88,3.75,3.592422581,1.517333187,3.581954774,,,1.118065933779141,1.1533415194794732
150.2035863,3.76,1.88,3.75,3.592422581,1.517333187,3.581954774,,,1.118065933779141,1.1533415194794732
150.2539059,3.76,1.75,3.75,3.592422581,1.352922762,3.581954774,,,1.0662087908743203,1.1275256809464211
150.3042455,3.78,1.75,3.78,3.613350246,1.352922762,3.613350246,,,1.041384615348291,1.1233306019886056
150.3545776,3.78,1.75,3.78,3.613350246,1.352922762,3.613350246,,,1.041384615348291,1.1233306019886056
150.4049855,3.78,1.75,3.78,3.613350246,1.352922762,3.613350246,,,1.041384615348291,1.1233306019886056
150.4553853,3.78,1.75,3.78,3.613350246,1.352922762,3.613350246,,,1.041384615348291,1.1233306019886056
150.5057428,3.78,1.75,3.78,3.613350246,1.352922762,3.613350246,,,1.041384615348291,1.1233306019886056
150.5559613,3.78,1.78,3.75,3.613350246,1.391509971,3.581954774,,,1.0778461534517612,1.1169277592958913
150.6063982,3.81,1.78,3.75,3.644722212,1.391509971,3.581954774,,,1.0778461534517612,1.0921777590374222
150.6566489,3.81,1.78,3.75,3.644722212,1.391509971,3.581954774,,,1.0778461534517612,1.0921777590374222
150.7067618,3.81,1.78,3.79,3.644722212,1.391509971,3.62381015,,,1.0447032962801535,1.108460988865212
150.7571035,3.83,1.78,3.79,3.665624094,1.391509971,3.62381015,,,1.0447032962801535,1.0918522936622614
150.8073979,3.83,1.78,3.79,3.665624094,1.391509971,3.62381015,,,1.0447032962801535,1.0918522936622614
150.8577287,3.89,1.75,3.81,3.728270376,1.352922762,3.644722212,,,1.0163626370650036,1.0439174873744246
150.9080817,3.89,1.75,3.81,3.728270376,1.352922762,3.644722212,,,1.0163626370650036,1.0439174873744246
150.9584087,3.89,1.75,3.81,3.728270376,1.352922762,3.644722212,,,1.0163626370650036,1.0439174873744246
151.0084932,3.9,1.75,3.83,3.738702984,1.352922762,3.665624094,1,1.0,0.9995714287279547,1.043699689077918
151.0588123,3.9,1.75,3.83,3.738702984,1.352922762,3.665624094,,,0.9995714287279547,1.043699689077918
151.1089774,3.9,1.75,3.83,3.738702984,1.352922762,3.665624094,,,0.9995714287279547,1.043699689077918
151.1593336,3.91,1.76,3.84,3.749133233,1.365833079,3.676071272,,,0.9950000003150461,1.0412717390740847
151.20952,3.91,1.76,3.84,3.749133233,1.365833079,3.676071272,,,0.9950000003150461,1.0412717390740847
151.2597021,3.91,1.7,3.84,3.749133233,1.287594657,3.676071272,,,0.9721868136166206,1.029914739608999
151.31003,3.92,1.7,3.84,3.759561145,1.287594657,3.676071272,,,0.9721868136166206,1.0214038695863161
151.360335,3.92,1.7,3.84,3.759561145,1.287594657,3.676071272,,,0.9721868136166206,1.0214038695863161
151.4106795,3.92,1.7,3.84,3.759561145,1.287594657,3.676071272,,,0.9721868136166206,1.0214038695863161
151.4610311,3.93,1.7,3.79,3.769986737,1.287594657,3.62381015,,,1.014109889834277,0.992274271905229
151.511146,3.93,1.7,3.79,3.769986737,1.287594657,3.62381015,,,1.014109889834277,0.992274271905229
151.5614263,3.93,1.69,3.86,3.769986737,1.274362586,3.696958209,,,0.9515384617037493,1.0193311039717121
151.6115919,3.94,1.69,3.86,3.780410031,1.274362586,3.696958209,,,0.9515384617037493,1.0107767555663298
151.6619305,3.94,1.69,3.86,3.780410031,1.274362586,3.696958209,,,0.9515384617037493,1.0107767555663298
151.7120753,3.94,1.65,3.85,3.780410031,1.220819397,3.68651597,,,0.945329670662242,0.9993054224144223
151.762411,3.95,1.65,3.85,3.790831043,1.220819397,3.68651597,,,0.945329670662242,0.9907293361006131
151.8127584,3.95,1.65,3.85,3.790831043,1.220819397,3.68651597,,,0.945329670662242,0.9907293361006131
151.8629427,3.94,1.65,3.83,3.780410031,1.220819397,3.665624094,,,0.9622087913822113,0.9910126370172201
151.9131065,3.94,1.65,3.83,3.780410031,1.220819397,3.665624094,,,0.9622087913822113,0.9910126370172201
151.9633946,3.94,1.65,3.83,3.780410031,1.220819397,3.665624094,,,0.9622087913822113,0.9910126370172201
152.0135092,3.95,1.67,3.87,3.790831043,1.247717917,3.707398009,,,0.9356593410182038,1.0026978024378337
152.0638646,3.95,1.67,3.87,3.790831043,1.247717917,3.707398009,,,0.9356593410182038,1.0026978024378337
152.1139983,3.95,1.67,3.87,3.790831043,1.247717917,3.707398009,,,0.9356593410182038,1.0026978024378337
152.1643339,3.94,1.65,3.85,3.780410031,1.220819397,3.68651597,,,0.945329670662242,0.9993054224144223
152.2146429,3.94,1.65,3.85,3.780410031,1.220819397,3.68651597,,,0.945329670662242,0.9993054224144223
152.2648337,3.94,1.65,3.85,3.780410031,1.220819397,3.68651597,,,0.945329670662242,0.9993054224144223
152.3151586,3.91,1.72,3.85,3.749133233,1.313887362,3.68651597,,,0.9712527475778325,1.0378084328463566
152.3654991,3.91,1.72,3.85,3.749133233,1.313887362,3.68651597,,,0.9712527475778325,1.0378084328463566
152.4158034,3.91,1.73,3.85,3.749133233,1.326951393,3.68651597,,,0.9750439562988571,1.0396957954487798
152.4659204,3.88,1.73,3.86,3.717835392,1.326951393,3.696958209,,,0.9665714286035333,1.0692605587053123
152.5162975,3.88,1.73,3.86,3.717835392,1.326951393,3.696958209,,,0.9665714286035333,1.0692605587053123
152.5666152,3.88,1.77,3.86,3.717835392,1.378695035,3.696958209,,,0.9819560440045234,1.0769194215897184
152.6169453,3.83,1.77,3.88,3.665624094,1.378695035,3.717835392,,,0.964945054673171,1.1271791689019126
152.6673234,3.83,1.77,3.88,3.665624094,1.378695035,3.717835392,,,0.964945054673171,1.1271791689019126
152.7176593,3.83,1.82,3.85,3.665624094,1.442324513,3.68651597,,,1.0101538465643567,1.1244787625887471
152.7678036,3.81,1.82,3.85,3.644722212,1.442324513,3.68651597,,,1.0101538465643567,1.1410874577916976
152.8179162,3.81,1.82,3.85,3.644722212,1.442324513,3.68651597,,,1.0101538465643567,1.1410874577916976
152.8680341,3.81,1.79,3.92,3.644722212,1.404279175,3.759561145,,,0.9384835163016448,1.1645276635879422
152.9182836,3.75,1.79,3.92,3.581954774,1.404279175,3.759561145,,,0.9384835163016448,1.2138320113775924
152.9685567,3.75,1.79,3.92,3.581954774,1.404279175,3.759561145,,,0.9384835163016448,1.2138320113775924
153.0187023,3.75,1.89,3.88,3.581954774,1.529705854,3.717835392,,,1.013208790961986,1.2171191588730756
153.0688226,3.75,1.89,3.88,3.581954774,1.529705854,3.717835392,,,1.013208790961986,1.2171191588730756
153.119146,3.75,1.89,3.88,3.581954774,1.529705854,3.717835392,,,1.013208790961986,1.2171191588730756
153.1694921,3.72,1.91,3.91,3.550535171,1.554348738,3.749133233,,,0.9958791209381492,1.2582528665406256
153.2196113,3.72,1.91,3.91,3.550535171,1.554348738,3.749133233,,,0.9958791209381492,1.2582528665406256
153.2699584,3.72,1.91,3.91,3.550535171,1.554348738,3.749133233,,,0.9958791209381492,1.2582528665406256
153.3203232,3.71,1.88,3.91,3.540056497,1.517333187,3.749133233,,,0.983384615558961,1.260108862618822
153.370626,3.71,1.88,3.91,3.540056497,1.517333187,3.749133233,,,0.983384615558961,1.260108862618822
153.4209669,3.71,1.88,3.91,3.540056497,1.517333187,3.749133233,,,0.983384615558961,1.260108862618822
153.4713044,3.71,1.88,3.91,3.540056497,1.517333187,3.749133233,,,0.983384615558961,1.260108862618822
153.5216493,3.71,1.88,3.91,3.540056497,1.517333187,3.749133233,,,0.983384615558961,1.260108862618822
153.5719489,3.71,1.98,3.91,3.540056497,1.639603611,3.749133233,,,1.0258021980680447,1.2812254417374744
153.6223161,3.66,1.98,3.92,3.487620966,1.639603611,3.759561145,,,1.0171978020011567,1.3255071667039384
153.6726483,3.66,1.98,3.92,3.487620966,1.639603611,3.759561145,,,1.0171978020011567,1.3255071667039384
153.7227654,3.66,1.92,3.93,3.487620966,1.566620567,3.769986737,,,0.9828571432737904,1.3169440990072927
153.772879,3.64,1.92,3.93,3.466626602,1.566620567,3.769986737,,,0.9828571432737904,1.3328136647451958
153.8229987,3.64,1.92,3.93,3.466626602,1.566620567,3.769986737,,,0.9828571432737904,1.3328136647451958
153.873334,3.64,2.0,3.94,3.466626602,1.663700694,3.780410031,,,1.0086703293110613,1.354218490547393
153.9236512,3.61,2.0,3.94,3.435112807,1.663700694,3.780410031,,,1.0086703293110613,1.3778597949907243
153.9738131,3.61,2.0,3.94,3.435112807,1.663700694,3.780410031,,,1.0086703293110613,1.3778597949907243
154.0239912,3.58,1.98,3.96,3.403571653,1.639603611,3.801249794,,,0.9825604400900216,1.4054811755317596
154.0743225,3.58,1.98,3.96,3.403571653,1.639603611,3.801249794,,,0.9825604400900216,1.4054811755317596
154.1246515,3.58,1.98,3.96,3.403571653,1.639603611,3.801249794,,,0.9825604400900216,1.4054811755317596
154.174841,3.52,1.97,4.02,3.340404167,1.627513441,3.863715828,,,0.9256043957250474,1.4754747970703783
154.2251548,3.52,1.97,4.02,3.340404167,1.627513441,3.863715828,,,0.9256043957250474,1.4754747970703783
154.2753058,3.52,1.97,4.02,3.340404167,1.627513441,3.863715828,,,0.9256043957250474,1.4754747970703783
154.3257002,3.5,2.03,4.0,3.31932222,1.699647022,3.842902549,,,0.9696043954156888,1.4952052317313937
154.3758308,3.5,2.03,4.0,3.31932222,1.699647022,3.842902549,,,0.9696043954156888,1.4952052317313937
154.4259195,3.5,2.04,4.0,3.31932222,1.711578219,3.842902549,,,0.9740769229279682,1.497431772601637
154.4762892,3.47,2.04,3.99,3.28767395,1.711578219,3.832492661,,,0.9828571432017967,1.5158462729320095
154.526631,3.47,2.04,3.99,3.28767395,1.711578219,3.832492661,,,0.9828571432017967,1.5158462729320095
154.5767924,3.47,2.06,3.99,3.28767395,1.735367396,3.832492661,,,0.9918681321407646,1.5203321782951047
154.6271281,3.47,2.06,3.98,3.28767395,1.735367396,3.822080585,,,1.0006263737215246,1.516029216127166
154.6774658,3.47,2.06,3.98,3.28767395,1.735367396,3.822080585,,,1.0006263737215246,1.516029216127166
154.7277168,3.47,2.1,4.04,3.28767395,1.782666542,3.884520562,,,0.9660329674027954,1.551112063673587
154.7778424,3.45,2.1,4.04,3.266557821,1.782666542,3.884520562,,,0.9660329674027954,1.5661555423227536
154.8279551,3.45,2.1,4.04,3.266557821,1.782666542,3.884520562,,,0.9660329674027954,1.5661555423227536
154.8780946,3.45,2.11,3.99,3.266557821,1.794435844,3.832492661,,,1.0147802199574867,1.5467818919660743
154.9282347,3.39,2.11,3.99,3.203123476,1.794435844,3.832492661,,,1.0147802199574867,1.5913905871219372
154.9785644,3.39,2.11,3.99,3.203123476,1.794435844,3.832492661,,,1.0147802199574867,1.5913905871219372
155.0286378,3.36,2.13,4.03,3.171356177,1.817910889,3.874119255,,,0.9888461536684627,1.6353603678660067
155.0789323,3.36,2.13,4.03,3.171356177,1.817910889,3.874119255,,,0.9888461536684627,1.6353603678660067
155.1292795,3.36,2.13,4.03,3.171356177,1.817910889,3.874119255,,,0.9888461536684627,1.6353603678660067
155.1795138,3.33,2.15,4.11,3.139554108,1.841303886,3.957271787,,,0.9266923081772008,1.6970163881063125
155.2298447,3.33,2.15,4.11,3.139554108,1.841303886,3.957271787,,,0.9266923081772008,1.6970163881063125
155.2799883,3.33,2.15,4.11,3.139554108,1.841303886,3.957271787,,,0.9266923081772008,1.6970163881063125
155.3303343,3.27,2.15,4.05,3.075841348,1.841303886,3.894919768,,,0.980494505652915,1.713626612715333
155.3804831,3.27,2.15,4.05,3.075841348,1.841303886,3.894919768,,,0.980494505652915,1.713626612715333
155.4308229,3.27,2.15,4.05,3.075841348,1.841303886,3.894919768,,,0.980494505652915,1.713626612715333
155.4811501,3.23,2.16,4.08,3.033282051,1.852970588,3.92610494,,,0.9584285714396328,1.7574133539312127
155.5313943,3.23,2.16,4.08,3.033282051,1.852970588,3.92610494,,,0.9584285714396328,1.7574133539312127
155.581656,3.23,2.19,4.08,3.033282051,1.887855927,3.92610494,,,0.9727692309029256,1.7645525083162
155.6319942,3.2,2.19,4.11,3.001316378,1.887855927,3.957271787,,,0.9457692313102039,1.7987851168191162
155.6823235,3.2,2.19,4.11,3.001316378,1.887855927,3.957271787,,,0.9457692313102039,1.7987851168191162
155.7326404,3.2,2.23,4.11,3.001316378,1.934114785,3.957271787,,,0.9651978027878485,1.8084571665329874
155.7827734,3.19,2.23,4.09,2.990652103,1.934114785,3.936495904,,,0.9832197801480019,1.8065485428378592
155.8331193,3.19,2.23,4.09,2.990652103,1.934114785,3.936495904,,,0.9832197801480019,1.8065485428378592
155.8832899,3.19,2.3,4.13,2.990652103,2.014422994,3.978039718,,,0.9819340660187258,1.841647610779669
155.9334807,3.13,2.3,4.13,2.926567956,2.014422994,3.978039718,,,0.9819340660187258,1.8828650020940498
155.9836268,3.13,2.3,4.13,2.926567956,2.014422994,3.978039718,,,0.9819340660187258,1.8828650020940498
156.0338358,3.13,2.32,4.11,2.926567956,2.03722851,3.957271787,,,1.010197802831939,1.8790223839206994
156.0842003,3.13,2.32,4.11,2.926567956,2.03722851,3.957271787,,,1.010197802831939,1.8790223839206994
156.1345197,3.13,2.32,4.11,2.926567956,2.03722851,3.957271787,,,1.010197802831939,1.8790223839206994
156.1846934,3.06,2.36,4.13,2.85157851,2.08266656,3.978039718,,,1.0126593408963422,1.9452586718040161
156.2348379,3.06,2.36,4.13,2.85157851,2.08266656,3.978039718,,,1.0126593408963422,1.9452586718040161
156.2851689,3.06,2.36,4.13,2.85157851,2.08266656,3.978039718,,,1.0126593408963422,1.9452586718040161
156.3353522,3.1,2.39,4.17,2.894460226,2.116601049,4.019552214,,,0.9918351647863292,1.9441962017280132
156.3856392,3.1,2.39,4.17,2.894460226,2.116601049,4.019552214,,,0.9918351647863292,1.9441962017280132
156.4359833,3.1,2.39,4.17,2.894460226,2.116601049,4.019552214,,,0.9918351647863292,1.9441962017280132
156.4863181,3.1,2.39,4.17,2.894460226,2.116601049,4.019552214,,,0.9918351647863292,1.9441962017280132
156.5366379,3.1,2.39,4.17,2.894460226,2.116601049,4.019552214,,,0.9918351647863292,1.9441962017280132
156.5867807,3.1,2.4,4.17,2.894460226,2.127886275,4.019552214,,,0.99709890090781,1.9468166268841414
156.6371284,3.03,2.4,4.13,2.81936163,2.127886275,3.978039718,,,1.0335824177305337,1.9755334207038158
156.687474,3.03,2.4,4.13,2.81936163,2.127886275,3.978039718,,,1.0335824177305337,1.9755334207038158
156.7378085,3.03,2.4,4.13,2.81936163,2.127886275,3.978039718,,,1.0335824177305337,1.9755334207038158
156.7881412,2.99,2.4,4.15,2.776328511,2.127886275,3.99879982,,,1.0153846152638835,2.0106479931901244
156.8384822,2.99,2.4,4.15,2.776328511,2.127886275,3.99879982,,,1.0153846152638835,2.0106479931901244
156.8888006,2.99,2.47,4.17,2.776328511,2.206535746,4.019552214,,,1.034560439264118,2.0382811752076617
156.9390919,2.97,2.47,4.17,2.754777668,2.206535746,4.019552214,,,1.034560439264118,2.0512376970424397
156.989423,2.97,2.47,4.17,2.754777668,2.206535746,4.019552214,,,1.034560439264118,2.0512376970424397
157.0396063,2.97,2.43,4.23,2.754777668,2.161666024,4.081764324,,,0.9576373629271198,2.0677259911710726
157.0899073,2.92,2.43,4.23,2.700796179,2.161666024,4.081764324,,,0.9576373629271198,2.0997368606939553
157.1402461,2.92,2.43,4.23,2.700796179,2.161666024,4.081764324,,,0.9576373629271198,2.0997368606939553
157.190523,2.86,2.48,4.23,2.635811071,2.217724059,4.081764324,,,0.9846153851855227,2.15086287595899
157.2408553,2.86,2.48,4.23,2.635811071,2.217724059,4.081764324,,,0.9846153851855227,2.15086287595899
157.2909987,2.86,2.48,4.23,2.635811071,2.217724059,4.081764324,,,0.9846153851855227,2.15086287595899
157.3411146,2.86,2.55,4.29,2.635811071,2.295735176,4.143911196,,,0.9671318679109443,2.1977243427565343
157.3912241,2.86,2.55,4.29,2.635811071,2.295735176,4.143911196,,,0.9671318679109443,2.1977243427565343
157.4415461,2.86,2.55,4.29,2.635811071,2.295735176,4.143911196,,,0.9671318679109443,2.1977243427565343
157.4918913,2.82,2.59,4.25,2.592354142,2.340085469,4.102487051,,,1.02726373611014,2.215224773637235
157.5422118,2.82,2.59,4.25,2.592354142,2.340085469,4.102487051,,,1.02726373611014,2.215224773637235
157.5924363,2.82,2.59,4.25,2.592354142,2.340085469,4.102487051,,,1.02726373611014,2.215224773637235
157.6427781,2.8,2.64,4.29,2.570583591,2.395307913,4.143911196,,,1.0184615382138746,2.260190635547309
157.6931284,2.8,2.64,4.29,2.570583591,2.395307913,4.143911196,,,1.0184615382138746,2.260190635547309
157.7434637,2.8,2.62,4.29,2.570583591,2.373246721,4.143911196,,,1.006901098725615,2.2544355471933715
157.7938184,2.76,2.62,4.31,2.526954689,2.373246721,4.164612827,,,0.9879999999916832,2.2878956520125824
157.844169,2.76,2.62,4.31,2.526954689,2.373246721,4.164612827,,,0.9879999999916832,2.2878956520125824
157.8943139,2.76,2.65,4.31,2.526954689,2.406324999,4.164612827,,,1.0053736265933424,2.29654469655993
157.944646,2.75,2.65,4.33,2.516028617,2.406324999,4.185307635,,,0.9863846155190172,2.3118632105547237
157.9949867,2.75,2.65,4.33,2.516028617,2.406324999,4.185307635,,,0.9863846155190172,2.3118632105547237
158.0453284,2.75,2.7,4.33,2.516028617,2.461280155,4.185307635,,,1.0157802199788495,2.3264971092966835
158.0954497,2.72,2.7,4.33,2.483203576,2.461280155,4.185307635,,,1.0157802199788495,2.3443340660036127
158.1458064,2.72,2.7,4.33,2.483203576,2.461280155,4.185307635,,,1.0157802199788495,2.3443340660036127
158.1961462,2.72,2.72,4.36,2.483203576,2.483203576,4.216337273,,,0.9990439560626496,2.3643392737605238
158.2464732,2.69,2.72,4.36,2.450306103,2.483203576,4.216337273,,,0.9990439560626496,2.3819805782670613
158.2968149,2.69,2.72,4.36,2.450306103,2.483203576,4.216337273,,,0.9990439560626496,2.3819805782670613
158.3471492,2.65,2.73,4.38,2.406324999,2.494153163,4.237015459,,,0.9858241759008705,2.417616817893328
158.3974924,2.65,2.73,4.38,2.406324999,2.494153163,4.237015459,,,0.9858241759008705,2.417616817893328
158.4478287,2.65,2.73,4.38,2.406324999,2.494153163,4.237015459,,,0.9858241759008705,2.417616817893328
158.4981556,2.62,2.75,4.46,2.373246721,2.516028617,4.319664339,,,0.920153846146662,2.4789787628524746
158.5484881,2.62,2.75,4.46,2.373246721,2.516028617,4.319664339,,,0.920153846146662,2.4789787628524746
158.5987077,2.62,2.75,4.46,2.373246721,2.516028617,4.319664339,,,0.920153846146662,2.4789787628524746
158.6490442,2.61,2.85,4.44,2.362202362,2.624957143,4.299011514,,,1.0012527478112252,2.505688867765392
158.6993292,2.61,2.85,4.44,2.362202362,2.624957143,4.299011514,,,1.0012527478112252,2.505688867765392
158.7496538,2.61,2.85,4.44,2.362202362,2.624957143,4.299011514,,,1.0012527478112252,2.505688867765392
158.7999394,2.61,2.85,4.44,2.362202362,2.624957143,4.299011514,,,1.0012527478112252,2.505688867765392
158.8502406,2.61,2.85,4.44,2.362202362,2.624957143,4.299011514,,,1.0012527478112252,2.505688867765392
158.9005605,2.61,2.88,4.44,2.362202362,2.657498824,4.299011514,,,1.02014285736888,2.515092857088659
158.950707,2.55,2.88,4.5,2.295735176,2.657498824,4.360951731,,,0.9611978021373059,2.577704992997501
159.0008511,2.55,2.88,4.5,2.295735176,2.657498824,4.360951731,,,0.9611978021373059,2.577704992997501
159.0511806,2.55,2.93,4.48,2.295735176,2.711604691,4.340311049,,,1.0128571426573316,2.583900621425904
159.101515,2.53,2.93,4.48,2.273499505,2.711604691,4.340311049,,,1.0128571426573316,2.5949440995876976
159.1518552,2.53,2.93,4.48,2.273499505,2.711604691,4.340311049,,,1.0128571426573316,2.5949440995876976
159.2020276,2.53,2.91,4.5,2.273499505,2.689981413,4.360951731,,,0.9802857145245688,2.598250931891215
159.2523583,2.48,2.91,4.5,2.217724059,2.689981413,4.360951731,,,0.9802857145245688,2.625479192474673
159.3025624,2.48,2.91,4.5,2.217724059,2.689981413,4.360951731,,,0.9802857145245688,2.625479192474673
159.3528984,2.44,2.96,4.48,2.172901286,2.74399344,4.340311049,,,1.032274724911159,2.6532302438547974
159.4032189,2.44,2.96,4.48,2.172901286,2.74399344,4.340311049,,,1.032274724911159,2.6532302438547974
159.453555,2.44,2.96,4.48,2.172901286,2.74399344,4.340311049,,,1.032274724911159,2.6532302438547974
159.5038962,2.44,2.96,4.48,2.172901286,2.74399344,4.340311049,,,1.032274724911159,2.6532302438547974
159.5541987,2.44,2.96,4.48,2.172901286,2.74399344,4.340311049,,,1.032274724911159,2.6532302438547974
159.6045257,2.44,2.96,4.48,2.172901286,2.74399344,4.340311049,,,1.032274724911159,2.6532302438547974
159.654649,2.44,2.96,4.48,2.172901286,2.74399344,4.340311049,,,1.032274724911159,2.6532302438547974
159.7047784,2.44,2.96,4.48,2.172901286,2.74399344,4.340311049,,,1.032274724911159,2.6532302438547974
159.7549354,2.44,3.09,4.48,2.172901286,2.883747562,4.340311049,,,1.1187032966230175,2.6962566415113534
159.8053228,2.37,3.09,4.61,2.093991404,2.883747562,4.474371464,,,0.9888461542289493,2.796653846108718
159.8556742,2.37,3.09,4.61,2.093991404,2.883747562,4.474371464,,,0.9888461542289493,2.796653846108718
159.9059927,2.37,3.1,4.61,2.093991404,2.894460226,4.474371464,,,0.9956483518723589,2.8000401575442413
159.9563166,2.35,3.1,4.61,2.071328076,2.894460226,4.474371464,,,0.9956483518723589,2.8103010272833746
160.0066518,2.35,3.1,4.61,2.071328076,2.894460226,4.474371464,,,0.9956483518723589,2.8103010272833746
160.0569624,2.35,3.09,4.61,2.071328076,2.883747562,4.474371464,,,0.9888461542289493,2.8069147158478516
160.10708,2.32,3.09,4.61,2.03722851,2.883747562,4.474371464,,,0.9888461542289493,2.822142976333617
160.1572196,2.32,3.09,4.61,2.03722851,2.883747562,4.474371464,,,0.9888461542289493,2.822142976333617
160.2075474,2.32,3.16,4.67,2.03722851,2.95863144,4.536165782,,,0.9757362632932746,2.8761382701863103
160.2578764,2.26,3.16,4.67,1.968628965,2.95863144,4.536165782,,,0.9757362632932746,2.9060078354167285
160.308216,2.26,3.16,4.67,1.968628965,2.95863144,4.536165782,,,0.9757362632932746,2.9060078354167285
160.3585073,2.27,3.16,4.67,1.980101008,2.95863144,4.536165782,,,0.9757362632932746,2.9010839223682887
160.408854,2.27,3.16,4.67,1.980101008,2.95863144,4.536165782,,,0.9757362632932746,2.9010839223682887
160.4589929,2.27,3.16,4.67,1.980101008,2.95863144,4.536165782,,,0.9757362632932746,2.9010839223682887
160.5093414,2.26,3.15,4.69,1.968628965,2.947948439,4.55675323,,,0.9482307692183628,2.9126627087281056
160.5596431,2.26,3.15,4.69,1.968628965,2.947948439,4.55675323,,,0.9482307692183628,2.9126627087281056
160.6099827,2.26,3.15,4.69,1.968628965,2.947948439,4.55675323,,,0.9482307692183628,2.9126627087281056
160.6603341,2.22,3.21,4.67,1.922576396,3.011976096,4.536165782,,,1.010736263855794,2.9429100099772683
160.7104835,2.22,3.21,4.67,1.922576396,3.011976096,4.536165782,,,1.010736263855794,2.9429100099772683
160.7606716,2.22,3.25,4.67,1.922576396,3.054570346,4.536165782,,,1.0391318677884487,2.957046082369829
160.8110068,2.22,3.25,4.71,1.922576396,3.054570346,4.577335469,,,0.9979010992194624,2.9773029382319827
160.8613499,2.22,3.25,4.71,1.922576396,3.054570346,4.577335469,,,0.9979010992194624,2.9773029382319827
160.9114772,2.22,3.26,4.71,1.922576396,3.065207986,4.577335469,1,3.0,1.0050549452387607,2.9808643094024596
160.9617805,2.22,3.26,4.73,1.922576396,3.065207986,4.59791257,,,0.9843076918762822,2.9910575251848948
161.0118874,2.22,3.26,4.73,1.922576396,3.065207986,4.59791257,,,0.9843076918762822,2.9910575251848948
161.0623136,2.22,3.23,4.73,1.922576396,3.033282051,4.59791257,,,0.9629120878631602,2.980406235360971
161.1126474,2.2,3.23,4.77,1.899447288,3.033282051,4.639051627,,,0.9211538464777383,3.0105309364074824
161.1629849,2.2,3.23,4.77,1.899447288,3.033282051,4.639051627,,,0.9211538464777383,3.0105309364074824
161.2133291,2.2,3.29,4.75,1.899447288,3.097095413,4.6184846,,,0.9850659337130193,3.0216523887991564
161.2636761,2.23,3.29,4.75,1.934114785,3.097095413,4.6184846,,,0.9850659337130193,3.00720673644426
161.3140239,2.23,3.29,4.75,1.934114785,3.097095413,4.6184846,,,0.9850659337130193,3.00720673644426
161.3643271,2.23,3.24,4.73,1.934114785,3.043928383,4.59791257,,,0.9700219779636248,2.979108767269762
161.4146574,2.22,3.24,4.73,1.922576396,3.043928383,4.59791257,,,0.9700219779636248,2.983945724128376
161.4647838,2.22,3.24,4.73,1.922576396,3.043928383,4.59791257,,,0.9700219779636248,2.983945724128376
161.5149267,2.22,3.24,4.77,1.922576396,3.043928383,4.639051627,,,0.9282637365782029,3.0044617296786056
161.5653065,2.22,3.24,4.77,1.922576396,3.043928383,4.639051627,,,0.9282637365782029,3.0044617296786056
161.6156385,2.22,3.24,4.77,1.922576396,3.043928383,4.639051627,,,0.9282637365782029,3.0044617296786056
161.6659834,2.22,3.28,4.79,1.922576396,3.086470476,4.659613718,,,0.9359120877193275,3.029051887420865
161.7163288,2.22,3.28,4.79,1.922576396,3.086470476,4.659613718,,,0.9359120877193275,3.029051887420865
161.7666608,2.22,3.28,4.79,1.922576396,3.086470476,4.659613718,,,0.9359120877193275,3.029051887420865
161.8167743,2.22,3.21,4.73,1.922576396,3.011976096,4.59791257,,,0.9487582419243291,2.9733600816218577
161.8671278,2.22,3.21,4.73,1.922576396,3.011976096,4.59791257,,,0.9487582419243291,2.9733600816218577
161.9172888,2.22,3.25,4.73,1.922576396,3.054570346,4.59791257,,,0.9771538458569838,2.987496154014418
161.9674108,2.21,3.25,4.73,1.91102067,3.054570346,4.59791257,,,0.9771538458569838,2.992311371111059
162.0175273,2.21,3.25,4.73,1.91102067,3.054570346,4.59791257,,,0.9771538458569838,2.992311371111059
162.0676675,2.21,3.23,4.73,1.91102067,3.033282051,4.59791257,,,0.9629120878631602,2.985221452457613
162.1180229,2.22,3.23,4.73,1.922576396,3.033282051,4.59791257,,,0.9629120878631602,2.980406235360971
162.1683332,2.22,3.23,4.73,1.922576396,3.033282051,4.59791257,,,0.9629120878631602,2.980406235360971
162.2184958,2.22,3.24,4.77,1.922576396,3.043928383,4.639051627,,,0.9282637365782029,3.0044617296786056
162.2688017,2.18,3.24,4.77,1.876246252,3.043928383,4.639051627,,,0.9282637365782029,3.0235921644951596
162.3191355,2.18,3.24,4.77,1.876246252,3.043928383,4.639051627,,,0.9282637365782029,3.0235921644951596
162.3694703,2.18,3.24,4.77,1.876246252,3.043928383,4.639051627,,,0.9282637365782029,3.0235921644951596
162.4197865,2.13,3.24,4.77,1.817910889,3.043928383,4.639051627,,,0.9282637365782029,3.047016077299429
162.4701132,2.13,3.24,4.77,1.817910889,3.043928383,4.639051627,,,0.9282637365782029,3.047016077299429
162.5204537,2.13,3.24,4.77,1.817910889,3.043928383,4.639051627,,,0.9282637365782029,3.047016077299429
162.5706689,2.13,3.24,4.77,1.817910889,3.043928383,4.639051627,,,0.9282637365782029,3.047016077299429
162.6210209,2.13,3.24,4.77,1.817910889,3.043928383,4.639051627,,,0.9282637365782029,3.047016077299429
162.6713396,2.16,3.24,4.65,1.852970588,3.043928383,4.515573053,,,1.0524835169069509,2.97199722874136
162.7216964,2.16,3.24,4.65,1.852970588,3.043928383,4.515573053,,,1.0524835169069509,2.97199722874136
162.7719824,2.16,3.24,4.65,1.852970588,3.043928383,4.515573053,,,1.0524835169069509,2.97199722874136
162.8223168,2.12,3.31,4.61,1.806183822,3.118332888,4.474371464,,,1.1435714288488916,2.9956909938185765
162.8724822,2.12,3.31,4.61,1.806183822,3.118332888,4.474371464,,,1.1435714288488916,2.9956909938185765
162.9226194,2.12,3.32,4.61,1.806183822,3.128945509,4.474371464,,,1.1508571429048091,2.999318012337717
162.9727648,2.09,3.32,4.56,1.77087549,3.128945509,4.422838455,,,1.2012417581609318,2.988292092426209
163.0231085,2.09,3.32,4.56,1.77087549,3.128945509,4.422838455,,,1.2012417581609318,2.988292092426209
163.073452,2.09,3.31,4.56,1.77087549,3.118332888,4.422838455,,,1.1939560441050145,2.9846650739070664
163.123686,2.09,3.31,4.58,1.77087549,3.118332888,4.443455862,,,1.1738681321802473,2.9945343523744516
163.1739951,2.09,3.31,4.58,1.77087549,3.118332888,4.443455862,,,1.1738681321802473,2.9945343523744516
163.2240873,2.09,3.36,4.56,1.77087549,3.171356177,4.422838455,,,1.2306043958647543,3.002909579457025
163.2744097,2.08,3.36,4.56,1.75906225,3.171356177,4.422838455,,,1.2306043958647543,3.0074421883382936
163.3247261,2.08,3.36,4.56,1.75906225,3.171356177,4.422838455,,,1.2306043958647543,3.0074421883382936
163.3750617,2.08,3.33,4.52,1.75906225,3.139554108,4.381586471,,,1.248461537825213,2.976853678990723
163.4254056,2.06,3.33,4.52,1.735367396,3.139554108,4.381586471,,,1.248461537825213,2.9858536790206407
163.4757429,2.06,3.33,4.52,1.735367396,3.139554108,4.381586471,,,1.248461537825213,2.9858536790206407
163.5258364,2.05,3.4,4.48,1.723484842,3.213705027,4.340311049,,,1.3397912086256687,2.996656927931879
163.5759853,2.05,3.4,4.48,1.723484842,3.213705027,4.340311049,,,1.3397912086256687,2.996656927931879
163.6260749,2.05,3.4,4.48,1.723484842,3.213705027,4.340311049,,,1.3397912086256687,2.996656927931879
163.6764091,2.01,3.38,4.48,1.675708805,3.192538175,4.340311049,,,1.3248901095341588,3.00689094615037
163.7267445,2.01,3.38,4.48,1.675708805,3.192538175,4.340311049,,,1.3248901095341588,3.00689094615037
163.7770797,2.01,3.38,4.48,1.675708805,3.192538175,4.340311049,,,1.3248901095341588,3.00689094615037
163.8274114,1.97,3.4,4.42,1.627513441,3.213705027,4.278352487,,,1.3984725272028553,3.002783062714403
163.8775548,1.97,3.4,4.42,1.627513441,3.213705027,4.278352487,,,1.3984725272028553,3.002783062714403
163.9276864,1.97,3.4,4.42,1.627513441,3.213705027,4.278352487,,,1.3984725272028553,3.002783062714403
163.9778142,1.97,3.44,4.42,1.627513441,3.255994472,4.278352487,,,1.4285384613929086,3.0177506690829285
164.0281432,1.97,3.44,4.42,1.627513441,3.255994472,4.278352487,,,1.4285384613929086,3.0177506690829285
164.0784762,1.97,3.46,4.42,1.627513441,3.277117636,4.278352487,,,1.4437032963915537,3.025300119549646
164.1288186,1.97,3.46,4.42,1.627513441,3.277117636,4.278352487,,,1.4437032963915537,3.025300119549646
164.1791656,1.97,3.46,4.42,1.627513441,3.277117636,4.278352487,,,1.4437032963915537,3.025300119549646
164.2294962,1.97,3.44,4.42,1.627513441,3.255994472,4.278352487,,,1.4285384613929086,3.0177506690829285
164.279613,1.98,3.44,4.42,1.639603611,3.255994472,4.278352487,,,1.4285384613929086,3.013457190760257
164.3297248,1.98,3.44,4.42,1.639603611,3.255994472,4.278352487,,,1.4285384613929086,3.013457190760257
164.3800555,1.98,3.47,4.33,1.639603611,3.28767395,4.185307635,,,1.5378571430680557,2.982281055830082
164.4303954,1.97,3.47,4.33,1.627513441,3.28767395,4.185307635,,,1.5378571430680557,2.9865745341527528
164.4807122,1.97,3.47,4.33,1.627513441,3.28767395,4.185307635,,,1.5378571430680557,2.9865745341527528
164.5308777,1.97,3.57,4.31,1.627513441,3.393051724,4.164612827,,,1.634208791530378,3.0157582894985224
164.5811789,1.97,3.57,4.31,1.627513441,3.393051724,4.164612827,,,1.634208791530378,3.0157582894985224
164.6315237,1.97,3.57,4.31,1.627513441,3.393051724,4.164612827,,,1.634208791530378,3.0157582894985224
164.6818511,1.97,3.56,4.25,1.627513441,3.38252864,4.102487051,,,1.6828131864612716,2.9841287388021347
164.7321489,1.97,3.56,4.25,1.627513441,3.38252864,4.102487051,,,1.6828131864612716,2.9841287388021347
164.7824471,1.97,3.56,4.25,1.627513441,3.38252864,4.102487051,,,1.6828131864612716,2.9841287388021347
164.8327843,1.97,3.53,4.23,1.627513441,3.350940167,4.081764324,,,1.678076923751078,2.9633361203068977
164.8831222,1.97,3.53,4.23,1.627513441,3.350940167,4.081764324,,,1.678076923751078,2.9633361203068977
164.9334567,1.97,3.53,4.23,1.627513441,3.350940167,4.081764324,,,1.678076923751078,2.9633361203068977
164.9837916,1.92,3.59,4.19,1.566620567,3.414088458,4.040297019,,,1.762032966737201,2.98966423787492
165.0341199,1.92,3.59,4.19,1.566620567,3.414088458,4.040297019,,,1.762032966737201,2.98966423787492
165.0844493,1.92,3.63,4.19,1.566620567,3.456124998,4.040297019,,,1.7937692307758482,3.005463378015898
165.1347879,1.93,3.63,4.17,1.578860348,3.456124998,4.019552214,,,1.812142857222879,2.992251553115914
165.1851383,1.93,3.63,4.17,1.578860348,3.456124998,4.019552214,,,1.812142857222879,2.992251553115914
165.2354634,1.93,3.65,4.17,1.578860348,3.477125249,4.019552214,,,1.82814285672099,3.0002167702573646
165.2857585,1.92,3.65,4.13,1.566620567,3.477125249,3.978039718,,,1.8646263735437136,2.9864770421596014
165.33588,1.92,3.65,4.13,1.566620567,3.477125249,3.978039718,,,1.8646263735437136,2.9864770421596014
165.3860208,1.92,3.68,4.13,1.566620567,3.508603711,3.978039718,,,1.8887912091052146,2.9985069276891303
165.4363587,1.92,3.68,4.13,1.566620567,3.508603711,3.978039718,,,1.8887912091052146,2.9985069276891303
165.4865022,1.92,3.68,4.13,1.566620567,3.508603711,3.978039718,,,1.8887912091052146,2.9985069276891303
165.5366457,1.92,3.68,4.13,1.566620567,3.508603711,3.978039718,,,1.8887912091052146,2.9985069276891303
165.5869852,1.92,3.68,4.13,1.566620567,3.508603711,3.978039718,,,1.8887912091052146,2.9985069276891303
165.6373232,1.92,3.68,4.13,1.566620567,3.508603711,3.978039718,,,1.8887912091052146,2.9985069276891303
165.6874955,1.93,3.72,4.06,1.578860348,3.550535171,3.905316889,,,1.9843186809889406,2.979562996081664
165.7378341,1.93,3.72,4.06,1.578860348,3.550535171,3.905316889,,,1.9843186809889406,2.979562996081664
165.7879772,1.93,3.72,4.06,1.578860348,3.550535171,3.905316889,,,1.9843186809889406,2.979562996081664
165.8389593,1.93,3.73,4.06,1.578860348,3.561011092,3.905316889,,,1.992505493828395,2.983638605082175
165.8893361,1.93,3.73,4.06,1.578860348,3.561011092,3.905316889,,,1.992505493828395,2.983638605082175
165.9396697,1.93,3.73,4.06,1.578860348,3.561011092,3.905316889,,,1.992505493828395,2.983638605082175
165.9897962,1.93,3.82,4.07,1.578860348,3.655174414,3.91571194,,,2.058241758208976,3.0252007881705434
166.0399339,1.93,3.82,4.07,1.578860348,3.655174414,3.91571194,,,2.058241758208976,3.0252007881705434
166.0900427,1.93,3.91,4.07,1.578860348,3.749133233,3.91571194,,,2.1346923078820295,3.0632598661599544
166.1401787,1.95,3.91,3.98,1.603246706,3.749133233,3.822080585,,,2.2143076923682514,3.015709698802248
166.1903466,1.95,3.91,3.98,1.603246706,3.749133233,3.822080585,,,2.2143076923682514,3.015709698802248
166.24067,1.95,3.93,3.98,1.603246706,3.769986737,3.822080585,,,2.231538461419996,3.02428762513453
166.2910036,1.89,3.93,4.02,1.529705854,3.769986737,3.863715828,,,2.1963736261118876,3.0666077399313374
166.3413412,1.89,3.93,4.02,1.529705854,3.769986737,3.863715828,,,2.1963736261118876,3.0666077399313374
166.3914302,1.89,3.89,3.98,1.529705854,3.728270376,3.822080585,,,2.1971648349807955,3.0322190155091437
166.4417622,1.94,3.89,3.98,1.591068823,3.728270376,3.822080585,,,2.1971648349807955,3.011403798143846
166.4918918,1.94,3.89,3.98,1.591068823,3.728270376,3.822080585,,,2.1971648349807955,3.011403798143846
166.5420242,1.94,4.01,3.96,1.591068823,3.853310265,3.801249794,,,2.3187912090076184,3.0546917102301445
166.5923636,1.95,4.01,3.96,1.603246706,3.853310265,3.801249794,,,2.3187912090076184,3.0504634492760965
166.6426933,1.95,4.01,3.96,1.603246706,3.853310265,3.801249794,,,2.3187912090076184,3.0504634492760965
166.6927864,1.91,3.91,3.87,1.554348738,3.749133233,3.707398009,,,2.3091978023788866,2.9858723839902463
166.7431237,1.91,3.91,3.87,1.554348738,3.749133233,3.707398009,,,2.3091978023788866,2.9858723839902463
166.7932155,1.91,3.91,3.87,1.554348738,3.749133233,3.707398009,,,2.3091978023788866,2.9858723839902463
166.843554,1.94,3.97,3.93,1.591068823,3.811666302,3.769986737,,,2.309725274796313,3.0244501908913497
166.8938927,1.94,3.97,3.93,1.591068823,3.811666302,3.769986737,,,2.309725274796313,3.0244501908913497
166.9442193,1.94,3.97,3.93,1.591068823,3.811666302,3.769986737,,,2.309725274796313,3.0244501908913497
166.9945302,1.94,3.97,3.89,1.591068823,3.811666302,3.728270376,,,2.344098901235513,3.007562278771221
167.0448448,1.94,3.97,3.89,1.591068823,3.811666302,3.728270376,,,2.344098901235513,3.007562278771221
167.095177,1.94,3.97,3.89,1.591068823,3.811666302,3.728270376,,,2.344098901235513,3.007562278771221
167.1454966,1.95,3.99,3.85,1.603246706,3.832492661,3.68651597,,,2.3956153845663537,2.995328093269466
167.1958236,1.95,3.99,3.85,1.603246706,3.832492661,3.68651597,,,2.3956153845663537,2.995328093269466
167.2461652,1.95,4.03,3.85,1.603246706,3.874119255,3.68651597,,,2.430868132406232,3.0128778307810586
167.2965032,1.95,4.03,3.84,1.603246706,3.874119255,3.676071272,,,2.4393186818833033,3.0087260390814543
167.3468379,1.95,4.03,3.84,1.603246706,3.874119255,3.676071272,,,2.4393186818833033,3.0087260390814543
167.396968,1.95,4.09,3.84,1.603246706,3.936495904,3.676071272,,,2.49285714344891,3.0353788819043324
167.447326,1.89,4.09,3.83,1.529705854,3.936495904,3.665624094,,,2.501285714691808,3.05628136652608
167.4976441,1.89,4.09,3.83,1.529705854,3.936495904,3.665624094,,,2.501285714691808,3.05628136652608
167.5479342,1.89,4.24,3.78,1.529705854,4.092126587,3.613350246,,,2.680406593820221,3.10409371741337
167.5982907,1.93,4.24,3.78,1.578860348,4.092126587,3.613350246,,,2.680406593820221,3.0874850218998025
167.6486225,1.93,4.24,3.78,1.578860348,4.092126587,3.613350246,,,2.680406593820221,3.0874850218998025
167.69895,1.93,4.22,3.81,1.578860348,4.071400251,3.644722212,,,2.636791208922713,3.090522145763643
167.7493176,1.91,4.22,3.81,1.554348738,4.071400251,3.644722212,,,2.636791208922713,3.0988699717597834
167.7996521,1.91,4.22,3.81,1.554348738,4.071400251,3.644722212,,,2.636791208922713,3.0988699717597834
167.8499851,1.93,4.34,3.75,1.578860348,4.195652512,3.581954774,,,2.799516483348408,3.122226684590263
167.9001186,1.93,4.34,3.75,1.578860348,4.195652512,3.581954774,,,2.799516483348408,3.122226684590263
167.9502775,1.93,4.34,3.75,1.578860348,4.195652512,3.581954774,,,2.799516483348408,3.122226684590263
168.0004859,1.92,4.28,3.75,1.566620567,4.13355779,3.581954774,,,2.7426813187129992,3.0981174393195134
168.0507288,1.92,4.28,3.75,1.566620567,4.13355779,3.581954774,,,2.7426813187129992,3.0981174393195134
168.101105,1.92,4.28,3.75,1.566620567,4.13355779,3.581954774,,,2.7426813187129992,3.0981174393195134
168.1514237,1.93,4.36,3.73,1.578860348,4.216337273,3.561011092,,,2.8350769233342903,3.1236687291012384
168.201741,1.93,4.36,3.73,1.578860348,4.216337273,3.561011092,,,2.8350769233342903,3.1236687291012384
168.2519333,1.93,4.4,3.73,1.578860348,4.257687166,3.561011092,,,2.8735824182608876,3.142837768966871
168.3020778,1.94,4.4,3.71,1.591068823,4.257687166,3.540056497,,,2.889934066106506,3.130597611434467
168.3523126,1.94,4.4,3.71,1.591068823,4.257687166,3.540056497,,,2.889934066106506,3.130597611434467
168.4025883,1.94,4.38,3.71,1.591068823,4.237015459,3.540056497,,,2.870637362401436,3.120991208937814
168.452923,1.95,4.38,3.66,1.603246706,4.237015459,3.487620966,,,2.9111318678376055,3.0968678213999086
168.5033042,1.95,4.38,3.66,1.603246706,4.237015459,3.487620966,,,2.9111318678376055,3.0968678213999086
168.5536491,1.95,4.38,3.66,1.603246706,4.237015459,3.487620966,,,2.9111318678376055,3.0968678213999086
168.6038118,1.95,4.38,3.66,1.603246706,4.237015459,3.487620966,,,2.9111318678376055,3.0968678213999086
168.6541829,1.95,4.38,3.66,1.603246706,4.237015459,3.487620966,,,2.9111318678376055,3.0968678213999086
168.7045713,1.95,4.41,3.68,1.603246706,4.268020619,3.508603711,,,2.9239780223479306,3.119219493793113
168.7549082,1.99,4.41,3.68,1.651665826,4.268020619,3.508603711,,,2.9239780223479306,3.102089058958721
168.8050485,1.99,4.41,3.68,1.651665826,4.268020619,3.508603711,,,2.9239780223479306,3.102089058958721
168.8551903,1.99,4.43,3.69,1.651665826,4.288682781,3.519090792,,,2.9353076916161225,3.1157401336048665
168.905498,1.99,4.43,3.69,1.651665826,4.288682781,3.519090792,,,2.9353076916161225,3.1157401336048665
168.9556205,1.99,4.43,3.69,1.651665826,4.288682781,3.519090792,,,2.9353076916161225,3.1157401336048665
169.0057477,1.99,4.45,3.66,1.651665826,4.309338696,3.487620966,,,2.979054944435188,3.1135512660021387
169.0560763,1.99,4.45,3.66,1.651665826,4.309338696,3.487620966,,,2.979054944435188,3.1135512660021387
169.1064037,1.99,4.45,3.66,1.651665826,4.309338696,3.487620966,,,2.979054944435188,3.1135512660021387
169.1567394,2.01,4.47,3.67,1.675708805,4.329988453,3.498113777,3,3.0,2.99060439629408,3.118572623120605
169.2070568,2.01,4.47,3.67,1.675708805,4.329988453,3.498113777,,,2.99060439629408,3.118572623120605
169.2571468,2.01,4.45,3.67,1.675708805,4.309338696,3.498113777,,,2.9710000000006347,3.1088130432266943
169.3074674,1.98,4.45,3.66,1.639603611,4.309338696,3.487620966,,,2.979054944435188,3.1178664833469236
169.3578054,1.98,4.45,3.66,1.639603611,4.309338696,3.487620966,,,2.979054944435188,3.1178664833469236
169.4079476,1.98,4.53,3.66,1.639603611,4.391901638,3.487620966,,,3.057999999492781,3.157167391190812
169.4583059,2.01,4.53,3.65,1.675708805,4.391901638,3.477125249,,,3.0660329671026125,3.140209889935733
169.5086463,2.01,4.53,3.65,1.675708805,4.391901638,3.477125249,,,3.0660329671026125,3.140209889935733
169.5589634,2.01,4.51,3.66,1.675708805,4.371269838,3.487620966,,,3.0381318674863484,3.1342656474364916
169.6093234,2.01,4.51,3.66,1.675708805,4.371269838,3.487620966,,,3.0381318674863484,3.1342656474364916
169.6596677,2.01,4.51,3.66,1.675708805,4.371269838,3.487620966,,,3.0381318674863484,3.1342656474364916
169.7098112,2.01,4.53,3.65,1.675708805,4.391901638,3.477125249,,,3.0660329671026125,3.140209889935733
169.7601404,2.0,4.53,3.65,1.663700694,4.391901638,3.477125249,,,3.0660329671026125,3.144568585581217
169.8104855,2.0,4.53,3.65,1.663700694,4.391901638,3.477125249,,,3.0660329671026125,3.144568585581217
169.8607837,2.04,4.53,3.63,1.711578219,4.391901638,3.456124998,,,3.0820329666007233,3.1191424988126744
169.9111192,2.04,4.53,3.63,1.711578219,4.391901638,3.456124998,,,3.0820329666007233,3.1191424988126744
169.961391,2.04,4.53,3.63,1.711578219,4.391901638,3.456124998,,,3.0820329666007233,3.1191424988126744
170.0115367,2.01,4.55,3.65,1.675708805,4.41252762,3.477125249,,,3.0859890109922583,3.1501445291764485
170.0618567,2.01,4.55,3.65,1.675708805,4.41252762,3.477125249,,,3.0859890109922583,3.1501445291764485
170.1121945,2.01,4.55,3.65,1.675708805,4.41252762,3.477125249,,,3.0859890109922583,3.1501445291764485
170.1625312,2.02,4.53,3.63,1.68769073,4.391901638,3.456124998,,,3.0820329666007233,3.1279685857286834
170.2126754,2.02,4.53,3.63,1.68769073,4.391901638,3.456124998,,,3.0820329666007233,3.1279685857286834
170.2630054,2.02,4.53,3.63,1.68769073,4.391901638,3.456124998,,,3.0820329666007233,3.1279685857286834
170.3133476,1.99,4.51,3.65,1.651665826,4.371269838,3.477125249,,,3.0461648350961794,3.1390146675214736
170.3636896,1.99,4.51,3.65,1.651665826,4.371269838,3.477125249,,,3.0461648350961794,3.1390146675214736
170.4138245,1.99,4.61,3.65,1.651665826,4.474371464,3.477125249,,,3.146384615453208,3.1889066886122546
170.4641155,2.01,4.61,3.6,1.675708805,4.474371464,3.424602167,,,3.1862197797402643,3.160639847204019
170.5144654,2.01,4.61,3.6,1.675708805,4.474371464,3.424602167,,,3.1862197797402643,3.160639847204019
170.5647549,2.01,4.38,3.6,1.675708805,4.237015459,3.424602167,,,2.9589999997344925,3.047523913244625
170.6150867,2.02,4.38,3.64,1.68769073,4.237015459,3.466626602,,,2.927175824407793,3.058778834060199
170.6652456,2.02,4.38,3.64,1.68769073,4.237015459,3.466626602,,,2.927175824407793,3.058778834060199
170.7154808,2.02,4.51,3.61,1.68769073,4.371269838,3.435112807,,,3.0780769230541893,3.1102600330734433
170.7658088,2.0,4.51,3.61,1.663700694,4.371269838,3.435112807,,,3.0780769230541893,3.11899916360734
170.8161526,2.0,4.51,3.61,1.663700694,4.371269838,3.435112807,,,3.0780769230541893,3.11899916360734
170.8664782,2.0,4.45,3.64,1.663700694,4.309338696,3.466626602,,,2.9950989010053752,3.1013318440307183
170.9168155,2.02,4.45,3.64,1.68769073,4.309338696,3.466626602,,,2.9950989010053752,3.092592713496821
170.9670619,2.02,4.45,3.64,1.68769073,4.309338696,3.466626602,,,2.9950989010053752,3.092592713496821
171.0174124,2.02,4.47,3.6,1.68769073,4.329988453,3.424602167,,,3.0465274726255207,3.086716937686745
171.0677511,2.02,4.47,3.6,1.68769073,4.329988453,3.424602167,,,3.0465274726255207,3.086716937686745
171.1180926,2.02,4.47,3.6,1.68769073,4.329988453,3.424602167,,,3.0465274726255207,3.086716937686745
171.1684161,2.07,4.34,3.58,1.747226373,4.195652512,3.403571653,,,2.9364505499282147,2.994080817094526
171.21875,2.07,4.34,3.58,1.747226373,4.195652512,3.403571653,,,2.9364505499282147,2.994080817094526
171.2688543,2.07,4.34,3.58,1.747226373,4.195652512,3.403571653,,,2.9364505499282147,2.994080817094526
171.3189941,2.11,4.3,3.59,1.794435844,4.154262871,3.414088458,,,2.8905934068483896,2.9608715004546142
171.369134,2.11,4.3,3.59,1.794435844,4.154262871,3.414088458,,,2.8905934068483896,2.9608715004546142
171.4192909,2.11,4.34,3.59,1.794435844,4.195652512,3.414088458,,,2.928571428835504,2.9797779505308086
171.4695903,2.08,4.34,3.59,1.75906225,4.195652512,3.414088458,,,2.928571428835504,2.9934409938848225
171.5197052,2.08,4.34,3.59,1.75906225,4.195652512,3.414088458,,,2.928571428835504,2.9934409938848225
171.5700251,2.08,4.34,3.59,1.75906225,4.195652512,3.414088458,,,2.928571428835504,2.9934409938848225
171.6203609,2.08,4.34,3.59,1.75906225,4.195652512,3.414088458,,,2.928571428835504,2.9934409938848225
171.6707011,2.08,4.34,3.59,1.75906225,4.195652512,3.414088458,,,2.928571428835504,2.9934409938848225
171.7210656,2.08,4.26,3.56,1.75906225,4.11284573,3.38252864,,,2.87653846135813,2.9442224080505897
171.7714104,2.09,4.26,3.56,1.77087549,4.11284573,3.38252864,,,2.87653846135813,2.9396897991693205
171.8215968,2.09,4.26,3.56,1.77087549,4.11284573,3.38252864,,,2.87653846135813,2.9396897991693205
171.871931,2.09,4.3,3.55,1.77087549,4.154262871,3.372002372,,,2.9219780224830263,2.954582536811211
171.9223002,2.09,4.3,3.55,1.77087549,4.154262871,3.372002372,,,2.9219780224830263,2.954582536811211
171.9724253,2.09,4.3,3.55,1.77087549,4.154262871,3.372002372,,,2.9219780224830263,2.954582536811211
172.0227113,2.11,4.24,3.53,1.794435844,4.092126587,3.350940167,,,2.8812307693646457,2.9097757530730513
172.0728554,2.11,4.24,3.53,1.794435844,4.092126587,3.350940167,,,2.8812307693646457,2.9097757530730513
172.1230374,2.11,4.24,3.53,1.794435844,4.092126587,3.350940167,,,2.8812307693646457,2.9097757530730513
172.1733866,2.09,4.24,3.53,1.77087549,4.092126587,3.350940167,,,2.8812307693646457,2.9189061875457973
172.2237248,2.09,4.24,3.53,1.77087549,4.092126587,3.350940167,,,2.8812307693646457,2.9189061875457973
172.273885,2.09,4.24,3.53,1.77087549,4.092126587,3.350940167,,,2.8812307693646457,2.9189061875457973
172.3239949,2.13,4.18,3.52,1.817910889,4.029925558,3.340404167,,,2.8334615389132582,2.8691145485640135
172.3741343,2.13,4.18,3.52,1.817910889,4.029925558,3.340404167,,,2.8334615389132582,2.8691145485640135
172.4242224,2.13,4.24,3.52,1.817910889,4.092126587,3.340404167,,,2.888978022540803,2.896752102369899
172.4745499,2.12,4.24,3.46,1.806183822,4.092126587,3.277117636,,,2.9350000004230816,2.878760869920154
172.5248839,2.12,4.24,3.46,1.806183822,4.092126587,3.277117636,,,2.9350000004230816,2.878760869920154
172.5751781,2.12,4.24,3.46,1.806183822,4.092126587,3.277117636,,,2.9350000004230816,2.878760869920154
172.6254958,2.12,4.24,3.46,1.806183822,4.092126587,3.277117636,,,2.9350000004230816,2.878760869920154
172.675634,2.12,4.24,3.46,1.806183822,4.092126587,3.277117636,,,2.9350000004230816,2.878760869920154
172.7258462,2.12,4.16,3.46,1.806183822,4.009176973,3.277117636,,,2.861153846225408,2.841998327939138
172.7761701,2.16,4.16,3.49,1.852970588,4.009176973,3.308776209,,,2.8382417581965966,2.8346464406295397
172.8264989,2.16,4.16,3.49,1.852970588,4.009176973,3.308776209,,,2.8382417581965966,2.8346464406295397
172.8766636,2.16,4.15,3.49,1.852970588,3.99879982,3.308776209,,,2.8291098900206175,2.8301003584288886
172.9269821,2.17,4.15,3.49,1.864617923,3.99879982,3.308776209,,,2.8291098900206175,2.8253938368223923
172.9773079,2.17,4.15,3.49,1.864617923,3.99879982,3.308776209,,,2.8291098900206175,2.8253938368223923
173.0277289,2.17,4.22,3.48,1.864617923,4.071400251,3.298226796,,,2.9011538468121363,2.853683110595563
173.0780609,2.19,4.22,3.48,1.887855927,4.071400251,3.298226796,,,2.9011538468121363,2.844204849472063
173.1283969,2.19,4.22,3.48,1.887855927,4.071400251,3.298226796,,,2.9011538468121363,2.844204849472063
173.1787159,2.21,4.16,3.52,1.91102067,4.009176973,3.340404167,,,2.815131868343129,2.822250429864701
173.2290565,2.21,4.16,3.52,1.91102067,4.009176973,3.340404167,,,2.815131868343129,2.822250429864701
173.2794082,2.21,4.16,3.52,1.91102067,4.009176973,3.340404167,,,2.815131868343129,2.822250429864701
173.3297302,2.23,4.09,3.5,1.934114785,3.936495904,3.31932222,,,2.7670989013212144,2.773425322465358
173.3799118,2.23,4.09,3.5,1.934114785,3.936495904,3.31932222,,,2.7670989013212144,2.773425322465358
173.4302819,2.23,4.09,3.5,1.934114785,3.936495904,3.31932222,,,2.7670989013212144,2.773425322465358
173.4805861,2.21,4.07,3.46,1.91102067,3.91571194,3.277117636,,,2.779758241414982,2.7591187765973477
173.530748,2.21,4.07,3.46,1.91102067,3.91571194,3.277117636,,,2.779758241414982,2.7591187765973477
173.581084,2.21,4.03,3.46,1.91102067,3.874119255,3.277117636,,,2.744153846349399,2.7413939799233935
173.6312169,2.25,4.03,3.42,1.957140772,3.874119255,3.234857029,,,2.774395604823192,2.707144768123497
173.6815438,2.25,4.03,3.42,1.957140772,3.874119255,3.234857029,,,2.774395604823192,2.707144768123497
173.7318566,2.25,4.03,3.42,1.957140772,3.874119255,3.234857029,,,2.774395604823192,2.707144768123497
173.7821542,2.25,4.03,3.45,1.957140772,3.874119255,3.266557821,,,2.751747253189614,2.7182720017521684
173.832494,2.25,4.03,3.45,1.957140772,3.874119255,3.266557821,,,2.751747253189614,2.7182720017521684
173.8828353,2.25,4.03,3.45,1.957140772,3.874119255,3.266557821,,,2.751747253189614,2.7182720017521684
173.9331305,2.25,4.03,3.45,1.957140772,3.874119255,3.266557821,,,2.751747253189614,2.7182720017521684
173.9834633,2.25,4.03,3.45,1.957140772,3.874119255,3.266557821,,,2.751747253189614,2.7182720017521684
174.0337494,2.25,4.05,3.43,1.957140772,3.894919768,3.245427553,,,2.7846263733390773,2.7196835641564983
174.0841189,2.36,4.05,3.43,2.08266656,3.894919768,3.245427553,,,2.7846263733390773,2.664563999078512
174.1344579,2.36,4.05,3.43,2.08266656,3.894919768,3.245427553,,,2.7846263733390773,2.664563999078512
174.1847918,2.31,3.99,3.43,2.025833162,3.832492661,3.245427553,,,2.7316153840491526,2.66355418048454
174.235124,2.31,3.99,3.43,2.025833162,3.832492661,3.245427553,,,2.7316153840491526,2.66355418048454
174.2853103,2.31,3.99,3.43,2.025833162,3.832492661,3.245427553,,,2.7316153840491526,2.66355418048454
174.3356276,2.3,3.97,3.44,2.014422994,3.811666302,3.255994472,,,2.7065714281437137,2.6635649069387877
174.3859608,2.3,3.97,3.44,2.014422994,3.811666302,3.255994472,,,2.7065714281437137,2.6635649069387877
174.4362909,2.3,3.97,3.44,2.014422994,3.811666302,3.255994472,,,2.7065714281437137,2.6635649069387877
174.4865615,2.37,3.99,3.41,2.093991404,3.832492661,3.224282866,,,2.746648351278867,2.6256466792187494
174.5369018,2.37,3.99,3.41,2.093991404,3.832492661,3.224282866,,,2.746648351278867,2.6256466792187494
174.5872856,2.37,3.99,3.41,2.093991404,3.832492661,3.224282866,,,2.746648351278867,2.6256466792187494
174.6374684,2.37,3.99,3.41,2.093991404,3.832492661,3.224282866,,,2.746648351278867,2.6256466792187494
174.6877911,2.37,3.99,3.41,2.093991404,3.832492661,3.224282866,,,2.746648351278867,2.6256466792187494
174.7381359,2.37,3.82,3.41,2.093991404,3.655174414,3.224282866,,,2.6007472523933046,2.553013306077893
174.7884689,2.33,3.82,3.42,2.048609284,3.655174414,3.234857029,,,2.593241758097751,2.5771355708334154
174.8385875,2.33,3.82,3.42,2.048609284,3.655174414,3.234857029,,,2.593241758097751,2.5771355708334154
174.8887252,2.33,3.8,3.39,2.048609284,3.634267464,3.203123476,,,2.5989450546578756,2.5577682993852613
174.9390625,2.39,3.8,3.39,2.116601049,3.634267464,3.203123476,,,2.5989450546578756,2.5269856904573365
174.9893913,2.39,3.8,3.39,2.116601049,3.634267464,3.203123476,,,2.5989450546578756,2.5269856904573365
175.0395778,2.39,3.86,3.41,2.116601049,3.696958209,3.224282866,,,2.6345054944078368,2.5594712134501267
175.0897218,2.4,3.86,3.41,2.127886275,3.696958209,3.224282866,,,2.6345054944078368,2.5542646918517056
175.1400426,2.4,3.86,3.41,2.127886275,3.696958209,3.224282866,,,2.6345054944078368,2.5542646918517056
175.1901863,2.39,3.74,3.42,2.116601049,3.571484285,3.234857029,,,2.526780219772665,2.513266674348001
175.2405167,2.39,3.74,3.42,2.116601049,3.571484285,3.234857029,,,2.526780219772665,2.513266674348001
175.2906591,2.39,3.74,3.42,2.116601049,3.571484285,3.234857029,,,2.526780219772665,2.513266674348001
175.3407779,2.41,3.73,3.41,2.139158713,3.561011092,3.224282866,,,2.5260769227874573,2.495057859450425
175.3908881,2.41,3.73,3.41,2.139158713,3.561011092,3.224282866,,,2.5260769227874573,2.495057859450425
175.4410267,2.41,3.73,3.41,2.139158713,3.561011092,3.224282866,,,2.5260769227874573,2.495057859450425
175.4913527,2.4,3.76,3.42,2.127886275,3.592422581,3.234857029,,,2.5432637365283512,2.5162660773953465
175.541688,2.4,3.76,3.42,2.127886275,3.592422581,3.234857029,,,2.5432637365283512,2.5162660773953465
175.5917754,2.4,3.72,3.42,2.127886275,3.550535171,3.234857029,,,2.510384615652449,2.499897993307125
175.6420995,2.44,3.72,3.4,2.172901286,3.550535171,3.213705027,,,2.5253736263673545,2.4714903489812063
175.6924408,2.44,3.72,3.4,2.172901286,3.550535171,3.213705027,,,2.5253736263673545,2.4714903489812063
175.7427764,2.44,3.8,3.4,2.172901286,3.634267464,3.213705027,,,2.591483516409222,2.5044015768498755
175.7931116,2.43,3.8,3.42,2.161666024,3.634267464,3.234857029,,,2.5764945056943165,2.517059221177686
175.8434492,2.43,3.8,3.42,2.161666024,3.634267464,3.234857029,,,2.5764945056943165,2.517059221177686
175.893642,2.43,3.74,3.42,2.161666024,3.571484285,3.234857029,,,2.526780219772665,2.4923101527514717
175.9439755,2.43,3.74,3.43,2.161666024,3.571484285,3.245427553,,,2.5192527468385046,2.496008432932168
175.9940776,2.43,3.74,3.43,2.161666024,3.571484285,3.245427553,,,2.5192527468385046,2.496008432932168
176.0443838,2.43,3.7,3.42,2.161666024,3.529575045,3.234857029,,,2.494076923100664,2.476029598538672
176.0947052,2.45,3.7,3.42,2.184124539,3.529575045,3.234857029,,,2.494076923100664,2.4654209026097598
176.1450406,2.45,3.7,3.42,2.184124539,3.529575045,3.234857029,,,2.494076923100664,2.4654209026097598
176.1953656,2.45,3.73,3.38,2.184124539,3.561011092,3.192538175,,,2.548461538298319,2.4629297654757254
176.2456988,2.44,3.73,3.38,2.172901286,3.561011092,3.192538175,,,2.548461538298319,2.4682449832106714
176.2960389,2.44,3.73,3.38,2.172901286,3.561011092,3.192538175,,,2.548461538298319,2.4682449832106714
176.3463746,2.47,3.82,3.42,2.206535746,3.655174414,3.234857029,,,2.593241758097751,2.504092092585069
176.3965124,2.47,3.82,3.42,2.206535746,3.655174414,3.234857029,,,2.593241758097751,2.504092092585069
176.4466367,2.47,3.82,3.42,2.206535746,3.655174414,3.234857029,,,2.593241758097751,2.504092092585069
176.4969512,2.47,3.72,3.42,2.206535746,3.550535171,3.234857029,,,2.510384615652449,2.4628436455851253
176.5473018,2.47,3.72,3.42,2.206535746,3.550535171,3.234857029,,,2.510384615652449,2.4628436455851253
176.5976307,2.47,3.72,3.42,2.206535746,3.550535171,3.234857029,,,2.510384615652449,2.4628436455851253
176.6479636,2.49,3.72,3.4,2.228901075,3.550535171,3.213705027,,,2.5253736263673545,2.444696870346891
176.6981055,2.49,3.72,3.4,2.228901075,3.550535171,3.213705027,,,2.5253736263673545,2.444696870346891
176.7484605,2.49,3.69,3.4,2.228901075,3.519090792,3.213705027,,,2.5009450551400128,2.4325356903228457
176.7988014,2.5,3.69,3.44,2.240066963,3.519090792,3.255994472,,,2.470879120949959,2.441883301839275
176.8489397,2.5,3.69,3.44,2.240066963,3.519090792,3.255994472,,,2.470879120949959,2.441883301839275
176.8993014,2.5,3.64,3.44,2.240066963,3.466626602,3.255994472,,,2.430604395164781,2.421833492698392
176.9496116,2.5,3.64,3.43,2.240066963,3.466626602,3.245427553,,,2.4381538457057688,2.418124414823907
176.9999308,2.5,3.64,3.43,2.240066963,3.466626602,3.245427553,,,2.4381538457057688,2.418124414823907
177.0501135,2.5,3.64,3.39,2.240066963,3.466626602,3.203123476,,,2.468131867603488,2.4033960823263323
177.1004044,2.53,3.64,3.39,2.273499505,3.466626602,3.203123476,,,2.468131867603488,2.3869939083577236
177.1507485,2.53,3.64,3.39,2.273499505,3.466626602,3.203123476,,,2.468131867603488,2.3869939083577236
177.2010602,2.53,3.63,3.41,2.273499505,3.456124998,3.224282866,,,2.445197802397728,2.3903593408399484
177.251379,2.49,3.63,3.41,2.228901075,3.456124998,3.224282866,,,2.445197802397728,2.4121854274811536
177.3017202,2.49,3.63,3.41,2.228901075,3.456124998,3.224282866,,,2.445197802397728,2.4121854274811536
177.3520545,2.5,3.63,3.4,2.240066963,3.456124998,3.213705027,,,2.45268131881708,2.4030848306547017
177.4023866,2.5,3.63,3.4,2.240066963,3.456124998,3.213705027,,,2.45268131881708,2.4030848306547017
177.4525807,2.5,3.63,3.4,2.240066963,3.456124998,3.213705027,,,2.45268131881708,2.4030848306547017
177.5027198,2.52,3.65,3.32,2.262366018,3.477125249,3.128945509,,,2.527758241641983,2.371112254957649
177.5530478,2.52,3.65,3.32,2.262366018,3.477125249,3.128945509,,,2.527758241641983,2.371112254957649
177.603377,2.52,3.65,3.32,2.262366018,3.477125249,3.128945509,,,2.527758241641983,2.371112254957649
177.6536581,2.52,3.65,3.32,2.262366018,3.477125249,3.128945509,,,2.527758241641983,2.371112254957649
177.7039832,2.52,3.65,3.32,2.262366018,3.477125249,3.128945509,,,2.527758241641983,2.371112254957649
177.7543149,2.52,3.54,3.32,2.262366018,3.361472891,3.128945509,,,2.4408461536963326,2.327845150306446
177.8046315,2.54,3.54,3.37,2.284622507,3.361472891,3.181949088,,,2.4040879119015237,2.3349046343089186
177.8549479,2.54,3.54,3.37,2.284622507,3.361472891,3.181949088,,,2.4040879119015237,2.3349046343089186
177.9052996,2.54,3.55,3.37,2.284622507,3.372002372,3.181949088,,,2.4118791206757795,2.338783301285668
177.9556495,2.55,3.55,3.37,2.295735176,3.372002372,3.181949088,,,2.4118791206757795,2.333250692716886
178.0059865,2.55,3.55,3.37,2.295735176,3.372002372,3.181949088,,,2.4118791206757795,2.333250692716886
178.056119,2.55,3.5,3.39,2.295735176,3.31932222,3.203123476,,,2.3582857140311435,2.3212661493957842
178.1064622,2.61,3.5,3.39,2.362202362,3.31932222,3.203123476,,,2.3582857140311435,2.2876139754050637
178.1567963,2.61,3.5,3.39,2.362202362,3.31932222,3.203123476,,,2.3582857140311435,2.2876139754050637
178.2071308,2.61,3.5,3.39,2.362202362,3.31932222,3.203123476,,,2.3582857140311435,2.2876139754050637
178.2574655,2.61,3.5,3.39,2.362202362,3.31932222,3.203123476,,,2.3582857140311435,2.2876139754050637
178.3077997,2.61,3.5,3.39,2.362202362,3.31932222,3.203123476,,,2.3582857140311435,2.2876139754050637
178.35813,2.6,3.5,3.35,2.351148655,3.31932222,3.160759402,,,2.3879120882257507,2.2787214525540254
178.4084722,2.6,3.5,3.35,2.351148655,3.31932222,3.160759402,,,2.3879120882257507,2.2787214525540254
178.4586147,2.6,3.5,3.35,2.351148655,3.31932222,3.160759402,,,2.3879120882257507,2.2787214525540254
178.5087579,2.63,3.55,3.35,2.384281863,3.372002372,3.160759402,,,2.4266483515870583,2.280951026670584
178.559095,2.63,3.55,3.35,2.384281863,3.372002372,3.160759402,,,2.4266483515870583,2.280951026670584
178.6093887,2.63,3.55,3.35,2.384281863,3.372002372,3.160759402,,,2.4266483515870583,2.280951026670584
178.6595204,2.66,3.46,3.35,2.417333241,3.277117636,3.160759402,,,2.357318681631959,2.2291869088219793
178.7098562,2.66,3.46,3.35,2.417333241,3.277117636,3.160759402,,,2.357318681631959,2.2291869088219793
178.7599503,2.66,3.45,3.35,2.417333241,3.266557821,3.160759402,,,2.349725274791744,2.2254067128080455
178.8102729,2.63,3.45,3.37,2.384281863,3.266557821,3.181949088,,,2.334956043880465,2.249912899713676
178.8605878,2.63,3.45,3.37,2.384281863,3.266557821,3.181949088,,,2.334956043880465,2.249912899713676
178.910921,2.63,3.41,3.37,2.384281863,3.224282866,3.181949088,,,2.304802197951334,2.234901528588086
178.9612164,2.66,3.41,3.36,2.417333241,3.224282866,3.171356177,,,2.3121978020423204,2.2140180365985125
179.0115613,2.66,3.41,3.36,2.417333241,3.224282866,3.171356177,,,2.3121978020423204,2.2140180365985125
179.0616533,2.66,3.41,3.4,2.417333241,3.224282866,3.213705027,,,2.2824835164193518,2.228616794317624
179.1118204,2.71,3.41,3.4,2.472245942,3.224282866,3.213705027,,,2.2824835164193518,2.1994320117424175
179.1621686,2.71,3.41,3.4,2.472245942,3.224282866,3.213705027,,,2.2824835164193518,2.1994320117424175
179.2124938,2.71,3.4,3.37,2.472245942,3.213705027,3.181949088,,,2.297318681531982,2.1847412567722873
179.2626169,2.68,3.4,3.37,2.439323677,3.213705027,3.181949088,,,2.297318681531982,2.202317343355186
179.3129519,2.68,3.4,3.37,2.439323677,3.213705027,3.181949088,,,2.297318681531982,2.202317343355186
179.3632856,2.68,3.36,3.38,2.439323677,3.171356177,3.192538175,,,2.260186813468541,2.1911690873201577
179.4135777,2.72,3.36,3.38,2.483203576,3.171356177,3.192538175,,,2.260186813468541,2.1676908265933763
179.4636989,2.72,3.36,3.38,2.483203576,3.171356177,3.192538175,,,2.260186813468541,2.1676908265933763
179.5138413,2.72,3.32,3.33,2.483203576,3.128945509,3.139554108,,,2.267692307827647,2.134959865983817
179.5641426,2.72,3.32,3.33,2.483203576,3.128945509,3.139554108,,,2.267692307827647,2.134959865983817
179.6144756,2.72,3.32,3.33,2.483203576,3.128945509,3.139554108,,,2.267692307827647,2.134959865983817
179.6645966,2.72,3.36,3.34,2.483203576,3.171356177,3.150158726,,,2.2897252749892427,2.153178452020162
179.7149245,2.72,3.36,3.34,2.483203576,3.171356177,3.150158726,,,2.2897252749892427,2.153178452020162
179.7650686,2.72,3.36,3.34,2.483203576,3.171356177,3.150158726,,,2.2897252749892427,2.153178452020162
179.8153964,2.72,3.39,3.35,2.483203576,3.203123476,3.160759402,,,2.304626374194607,2.1678683468786426
179.8655593,2.72,3.39,3.35,2.483203576,3.203123476,3.160759402,,,2.304626374194607,2.1678683468786426
179.915852,2.72,3.3,3.35,2.483203576,3.107716203,3.160759402,,,2.2384615385777296,2.134929765669371
179.9661573,2.75,3.3,3.36,2.516028617,3.107716203,3.171356177,,,2.231087911757437,2.120715503878499
180.0164876,2.75,3.3,3.36,2.516028617,3.107716203,3.171356177,,,2.231087911757437,2.120715503878499
180.0667802,2.75,3.2,3.36,2.516028617,3.001316378,3.171356177,,,2.1596593405994486,2.0851564978020214
180.1169264,2.8,3.2,3.43,2.570583591,3.001316378,3.245427553,,,2.1074285713274143,2.0806546587100723
180.167287,2.8,3.2,3.43,2.570583591,3.001316378,3.245427553,,,2.1074285713274143,2.0806546587100723
180.2174977,2.8,3.2,3.35,2.570583591,3.001316378,3.160759402,,,2.1670329674197406,2.0513707597603643
180.2677784,2.8,3.2,3.35,2.570583591,3.001316378,3.160759402,,,2.1670329674197406,2.0513707597603643
180.3178935,2.8,3.2,3.35,2.570583591,3.001316378,3.160759402,,,2.1670329674197406,2.0513707597603643
180.3680331,2.8,3.22,3.4,2.570583591,3.022631304,3.213705027,,,2.1440549449841395,2.076616483725432
180.4183305,2.8,3.22,3.4,2.570583591,3.022631304,3.213705027,,,2.1440549449841395,2.076616483725432
180.4684523,2.8,3.22,3.4,2.570583591,3.022631304,3.213705027,,,2.1440549449841395,2.076616483725432
180.5187763,2.85,3.16,3.39,2.624957143,2.95863144,3.203123476,,,2.1094505489290274,2.0213025558707116
180.5690958,2.85,3.16,3.39,2.624957143,2.95863144,3.203123476,,,2.1094505489290274,2.0213025558707116
180.6194215,2.85,3.16,3.39,2.624957143,2.95863144,3.203123476,,,2.1094505489290274,2.0213025558707116
180.6696339,2.85,3.16,3.39,2.624957143,2.95863144,3.203123476,,,2.1094505489290274,2.0213025558707116
180.7199757,2.85,3.16,3.39,2.624957143,2.95863144,3.203123476,,,2.1094505489290274,2.0213025558707116
180.770322,2.85,3.16,3.39,2.624957143,2.95863144,3.203123476,,,2.1094505489290274,2.0213025558707116
180.8206556,2.81,3.11,3.42,2.581472448,2.905167809,3.234857029,,,2.0525494505911155,2.039790921955968
180.8707823,2.81,3.11,3.42,2.581472448,2.905167809,3.234857029,,,2.0525494505911155,2.039790921955968
180.9208989,2.81,3.1,3.42,2.581472448,2.894460226,3.234857029,,,2.0457252749258528,2.0363936692878264
180.9710146,2.87,3.1,3.41,2.64665827,2.894460226,3.224282866,,,2.0532307692214062,1.9956627092234587
181.0211084,2.87,3.1,3.41,2.64665827,2.894460226,3.224282866,,,2.0532307692214062,1.9956627092234587
181.071422,2.87,3.07,3.41,2.64665827,2.862306762,3.224282866,,,2.032890109869203,1.9855365983720359
181.1217421,2.87,3.07,3.37,2.64665827,2.862306762,3.181949088,,,2.0626923078205373,1.9708946489437718
181.1721327,2.87,3.07,3.37,2.64665827,2.862306762,3.181949088,,,2.0626923078205373,1.9708946489437718
181.2224608,2.87,3.05,3.4,2.64665827,2.840844945,3.213705027,,,2.0269230770293385,1.9751638799130493
181.2727782,2.89,3.05,3.4,2.668332813,2.840844945,3.213705027,,,2.0269230770293385,1.9626421404811902
181.323131,2.89,3.05,3.4,2.668332813,2.840844945,3.213705027,,,2.0269230770293385,1.9626421404811902
181.3734712,2.89,3.06,3.44,2.668332813,2.85157851,3.255994472,,,2.003571428241677,1.9807562110987982
181.4237877,2.92,3.06,3.44,2.700796179,2.85157851,3.255994472,,,2.003571428241677,1.9618105589717865
181.4739352,2.92,3.06,3.44,2.700796179,2.85157851,3.255994472,,,2.003571428241677,1.9618105589717865
181.5242351,2.93,2.95,3.39,2.711604691,2.733203249,3.203123476,,,1.9684505492133877,1.9008482084398304
181.5745432,2.93,2.95,3.39,2.711604691,2.733203249,3.203123476,,,1.9684505492133877,1.9008482084398304
181.6248039,2.93,2.95,3.39,2.711604691,2.733203249,3.203123476,,,1.9684505492133877,1.9008482084398304
181.6751188,2.96,2.92,3.45,2.74399344,2.700796179,3.266557821,,,1.9040000002818385,1.894165217441745
181.7252336,2.96,2.92,3.45,2.74399344,2.700796179,3.266557821,,,1.9040000002818385,1.894165217441745
181.7755738,2.96,2.92,3.45,2.74399344,2.700796179,3.266557821,,,1.9040000002818385,1.894165217441745
181.8259051,2.98,2.91,3.4,2.765556002,2.689981413,3.213705027,,,1.9352307694198247,1.859571404816266
181.876236,2.98,2.91,3.4,2.765556002,2.689981413,3.213705027,,,1.9352307694198247,1.859571404816266
181.9265766,2.98,2.91,3.4,2.765556002,2.689981413,3.213705027,,,1.9352307694198247,1.859571404816266
181.9767215,2.97,2.92,3.39,2.754777668,2.700796179,3.203123476,,,1.9490989008789754,1.8655622791757078
182.0268074,2.97,2.92,3.39,2.754777668,2.700796179,3.203123476,,,1.9490989008789754,1.8655622791757078
182.0771243,2.97,2.89,3.39,2.754777668,2.668332813,3.203123476,,,1.929945054772546,1.8560269949183767
182.1274631,3.0,2.89,3.44,2.787095262,2.668332813,3.255994472,,,1.892417582333839,1.8549970140565972
182.177801,3.0,2.89,3.44,2.787095262,2.668332813,3.255994472,,,1.892417582333839,1.8549970140565972
182.2281282,3.0,2.86,3.44,2.787095262,2.635811071,3.255994472,,,1.8734615384957811,1.8455602009285204
182.2784658,3.01,2.86,3.43,2.797856322,2.635811071,3.245427553,,,1.8810109890367692,1.8353185144570225
182.3287609,3.01,2.86,3.43,2.797856322,2.635811071,3.245427553,,,1.8810109890367692,1.8353185144570225
182.3791091,3.01,2.83,3.46,2.797856322,2.603228764,3.277117636,,,1.8395384612675536,1.8371397993730718
182.4294513,3.04,2.83,3.46,2.830106005,2.603228764,3.277117636,,,1.8395384612675536,1.8174115383968006
182.4796772,3.04,2.83,3.46,2.830106005,2.603228764,3.277117636,,,1.8395384612675536,1.8174115383968006
182.5298237,3.04,2.85,3.5,2.830106005,2.624957143,3.31932222,,,1.8214285716924168,1.838656832499993
182.5799601,3.05,2.85,3.5,2.840844945,2.624957143,3.31932222,,,1.8214285716924168,1.8320372670657548
182.6302355,3.05,2.85,3.5,2.840844945,2.624957143,3.31932222,,,1.8214285716924168,1.8320372670657548
182.6804687,3.06,2.8,3.46,2.85157851,2.570583591,3.277117636,,,1.8209780217732119,1.7949107979575782
182.730769,3.06,2.8,3.46,2.85157851,2.570583591,3.277117636,,,1.8209780217732119,1.7949107979575782
182.7809472,3.06,2.8,3.46,2.85157851,2.570583591,3.277117636,,,1.8209780217732119,1.7949107979575782
182.831074,3.1,2.81,3.46,2.894460226,2.581472448,3.277117636,,,1.8271428570989985,1.7711972049782245
182.8811842,3.1,2.81,3.46,2.894460226,2.581472448,3.277117636,,,1.8271428570989985,1.7711972049782245
182.9314806,3.1,2.81,3.46,2.894460226,2.581472448,3.277117636,,,1.8271428570989985,1.7711972049782245
182.9818146,3.11,2.66,3.44,2.905167809,2.417333241,3.255994472,,,1.752142856741649,1.7121102486001578
183.031932,3.11,2.66,3.44,2.905167809,2.417333241,3.255994472,,,1.752142856741649,1.7121102486001578
183.0820476,3.11,2.66,3.44,2.905167809,2.417333241,3.255994472,,,1.752142856741649,1.7121102486001578
183.1323393,3.11,2.66,3.5,2.905167809,2.417333241,3.31932222,,,1.7063846151492126,1.7345914716433979
183.1826505,3.11,2.66,3.5,2.905167809,2.417333241,3.31932222,,,1.7063846151492126,1.7345914716433979
183.2329866,3.11,2.67,3.5,2.905167809,2.428332761,3.31932222,,,1.7122417580175993,1.7375073101583125
183.2831286,3.13,2.67,3.45,2.926567956,2.428332761,3.266557821,,,1.750428571451606,1.7051807450107184
183.3334566,3.13,2.67,3.45,2.926567956,2.428332761,3.266557821,,,1.750428571451606,1.7051807450107184
183.3836002,3.13,2.59,3.45,2.926567956,2.340085469,3.266557821,,,1.7041868136580969,1.682160391674384
183.4337566,3.19,2.59,3.45,2.990652103,2.340085469,3.266557821,,,1.7041868136580969,1.6409430003600032
183.4840918,3.19,2.59,3.45,2.990652103,2.340085469,3.266557821,,,1.7041868136580969,1.6409430003600032
183.5343955,3.19,2.59,3.51,2.990652103,2.340085469,3.329864862,,,1.6582967036310627,1.6634890109385023
183.5847397,3.18,2.59,3.51,2.979983221,2.340085469,3.329864862,,,1.6582967036310627,1.6704129243881534
183.635094,3.18,2.59,3.51,2.979983221,2.340085469,3.329864862,,,1.6582967036310627,1.6704129243881534
183.6854354,3.18,2.59,3.51,2.979983221,2.340085469,3.329864862,,,1.6582967036310627,1.6704129243881534
183.7357648,3.18,2.59,3.51,2.979983221,2.340085469,3.329864862,,,1.6582967036310627,1.6704129243881534
183.7859131,3.18,2.59,3.51,2.979983221,2.340085469,3.329864862,,,1.6582967036310627,1.6704129243881534
183.8360278,3.21,2.55,3.51,3.011976096,2.295735176,3.329864862,,,1.635703296608953,1.6383283798669432
183.886327,3.21,2.55,3.51,3.011976096,2.295735176,3.329864862,,,1.635703296608953,1.6383283798669432
183.9364576,3.21,2.55,3.51,3.011976096,2.295735176,3.329864862,,,1.635703296608953,1.6383283798669432
183.9867754,3.26,2.53,3.55,3.065207986,2.273499505,3.372002372,,,1.593505494776002,1.612853822327124
184.0369212,3.26,2.53,3.55,3.065207986,2.273499505,3.372002372,,,1.593505494776002,1.612853822327124
184.0871539,3.26,2.53,3.55,3.065207986,2.273499505,3.372002372,,,1.593505494776002,1.612853822327124
184.1374887,3.25,2.48,3.45,3.054570346,2.217724059,3.266557821,,,1.6429010993330952,1.5684333732847044
184.1878196,3.25,2.48,3.45,3.054570346,2.217724059,3.266557821,,,1.6429010993330952,1.5684333732847044
184.2381511,3.25,2.45,3.45,3.054570346,2.184124539,3.266557821,,,1.6266483520797463,1.5603423317172767
184.2883019,3.26,2.45,3.52,3.065207986,2.184124539,3.340404167,,,1.5730329673572525,1.57960771651837
184.3386287,3.26,2.45,3.52,3.065207986,2.184124539,3.340404167,,,1.5730329673572525,1.57960771651837
184.388967,3.26,2.41,3.52,3.065207986,2.139158713,3.340404167,,,1.5516703297244892,1.5689728382185812
184.4391333,3.3,2.41,3.5,3.107716203,2.139158713,3.31932222,,,1.5670989010129763,1.5328709748300466
184.4894902,3.3,2.41,3.5,3.107716203,2.139158713,3.31932222,,,1.5670989010129763,1.5328709748300466
184.5398096,3.3,2.48,3.52,3.107716203,2.217724059,3.340404167,,,1.589285714610601,1.5591770188520415
184.590147,3.33,2.48,3.52,3.139554108,2.217724059,3.340404167,,,1.589285714610601,1.5375574537791135
184.640484,3.33,2.48,3.52,3.139554108,2.217724059,3.340404167,,,1.589285714610601,1.5375574537791135
184.6908128,3.33,2.34,3.56,3.139554108,2.059975728,3.38252864,,,1.4840109889592177,1.5159315579123687
184.741155,3.36,2.34,3.56,3.171356177,2.059975728,3.38252864,,,1.4840109889592177,1.4941163400497186
184.7914951,3.36,2.34,3.56,3.171356177,2.059975728,3.38252864,,,1.4840109889592177,1.4941163400497186
184.8416217,3.39,2.36,3.58,3.203123476,2.08266656,3.403571653,,,1.4786483519820965,1.4849575485522646
184.8919635,3.39,2.36,3.58,3.203123476,2.08266656,3.403571653,,,1.4786483519820965,1.4849575485522646
184.9423297,3.39,2.36,3.58,3.203123476,2.08266656,3.403571653,,,1.4786483519820965,1.4849575485522646
184.9925099,3.39,2.26,3.58,3.203123476,1.968628965,3.403571653,,,1.4278791213991007,1.4596833011533383
185.0426536,3.39,2.26,3.58,3.203123476,1.968628965,3.403571653,,,1.4278791213991007,1.4596833011533383
185.0929526,3.39,2.26,3.58,3.203123476,1.968628965,3.403571653,,,1.4278791213991007,1.4596833011533383
185.1433004,3.39,2.26,3.58,3.203123476,1.968628965,3.403571653,,,1.4278791213991007,1.4596833011533383
185.1934315,3.39,2.26,3.58,3.203123476,1.968628965,3.403571653,,,1.4278791213991007,1.4596833011533383
185.243636,3.39,2.22,3.58,3.203123476,1.922576396,3.403571653,,,1.408186813335296,1.4498799564867921
185.2939526,3.42,2.22,3.6,3.234857029,1.922576396,3.424602167,,,1.3924065929928846,1.4354263260932392
185.3442349,3.42,2.22,3.6,3.234857029,1.922576396,3.424602167,,,1.3924065929928846,1.4354263260932392
185.3944883,3.42,2.22,3.6,3.234857029,1.922576396,3.424602167,,,1.3924065929928846,1.4354263260932392
185.444785,3.43,2.22,3.63,3.245427553,1.922576396,3.456124998,,,1.3685714282039392,1.4396909936090188
185.495115,3.43,2.22,3.63,3.245427553,1.922576396,3.456124998,,,1.3685714282039392,1.4396909936090188
185.5452732,3.43,2.22,3.59,3.245427553,1.922576396,3.414088458,,,1.4003076922425857,1.4240988291030752
185.5956081,3.46,2.22,3.59,3.277117636,1.922576396,3.414088458,,,1.4003076922425857,1.4016314379714816
185.6457518,3.46,2.22,3.59,3.277117636,1.922576396,3.414088458,,,1.4003076922425857,1.4016314379714816
185.6958964,3.46,2.16,3.6,3.277117636,1.852970588,3.424602167,,,1.3635274722826336,1.3911365027275362
185.7460211,3.47,2.16,3.6,3.28767395,1.852970588,3.424602167,,,1.3635274722826336,1.383603893887713
185.7963429,3.47,2.16,3.6,3.28767395,1.852970588,3.424602167,,,1.3635274722826336,1.383603893887713
185.8464671,3.5,2.21,3.58,3.31932222,1.91102067,3.403571653,,,1.4033186817650651,1.3650760390655892
185.8967863,3.5,2.21,3.58,3.31932222,1.91102067,3.403571653,,,1.4033186817650651,1.3650760390655892
185.9469318,3.5,2.21,3.58,3.31932222,1.91102067,3.403571653,,,1.4033186817650651,1.3650760390655892
185.9970275,3.5,2.19,3.61,3.31932222,1.887855927,3.435112807,,,1.36994505541688,1.371907429395543
186.0473447,3.5,2.19,3.61,3.31932222,1.887855927,3.435112807,,,1.36994505541688,1.371907429395543
186.0976611,3.5,2.19,3.61,3.31932222,1.887855927,3.435112807,,,1.36994505541688,1.371907429395543
186.1479586,3.53,2.21,3.63,3.350940167,1.91102067,3.456124998,,,1.3637032966337084,1.3616153366922712
186.1983202,3.53,2.21,3.63,3.350940167,1.91102067,3.456124998,,,1.3637032966337084,1.3616153366922712
186.2484832,3.53,2.12,3.63,3.350940167,1.806183822,3.456124998,,,1.3208791205553874,1.3402963446880636
186.2988172,3.55,2.12,3.63,3.372002372,1.806183822,3.456124998,,,1.3208791205553874,1.3249050409967984
186.3489469,3.55,2.12,3.63,3.372002372,1.806183822,3.456124998,,,1.3208791205553874,1.3249050409967984
186.3993124,3.55,2.1,3.63,3.372002372,1.782666542,3.456124998,,,1.311604395402828,1.320287840866503
186.4496345,3.57,2.1,3.67,3.393051724,1.782666542,3.498113777,,,1.2795164838603332,1.3205745099106692
186.4999729,3.57,2.1,3.67,3.393051724,1.782666542,3.498113777,,,1.2795164838603332,1.3205745099106692
186.5500599,3.57,2.1,3.67,3.393051724,1.782666542,3.498113777,,,1.2795164838603332,1.3205745099106692
186.6003814,3.62,2.1,3.67,3.445620409,1.782666542,3.498113777,,,1.2795164838603332,1.281498422826109
186.6507026,3.62,2.1,3.67,3.445620409,1.782666542,3.498113777,,,1.2795164838603332,1.281498422826109
186.7010386,3.62,2.1,3.67,3.445620409,1.782666542,3.498113777,,,1.2795164838603332,1.281498422826109
186.7513365,3.62,2.1,3.67,3.445620409,1.782666542,3.498113777,,,1.2795164838603332,1.281498422826109
186.8014533,3.62,2.1,3.67,3.445620409,1.782666542,3.498113777,,,1.2795164838603332,1.281498422826109
186.8515381,3.62,2.0,3.66,3.445620409,1.663700694,3.487620966,,,1.2425164831575062,1.2551114665681333
186.9018854,3.62,2.0,3.66,3.445620409,1.663700694,3.487620966,,,1.2425164831575062,1.2551114665681333
186.9519781,3.62,2.0,3.66,3.445620409,1.663700694,3.487620966,,,1.2425164831575062,1.2551114665681333
187.0023203,3.65,2.04,3.7,3.477125249,1.711578219,3.529575045,,,1.2279230770844458,1.256139966750022
187.0525092,3.65,2.04,3.7,3.477125249,1.711578219,3.529575045,,,1.2279230770844458,1.256139966750022
187.1027484,3.65,2.04,3.7,3.477125249,1.711578219,3.529575045,,,1.2279230770844458,1.256139966750022
187.1530648,3.67,1.98,3.74,3.498113777,1.639603611,3.571484285,,,1.1687142860661843,1.2430990686247696
187.203394,3.67,1.98,3.74,3.498113777,1.639603611,3.571484285,,,1.1687142860661843,1.2430990686247696
187.2537268,3.67,1.98,3.74,3.498113777,1.639603611,3.571484285,,,1.1687142860661843,1.2430990686247696
187.3040629,3.7,1.96,3.74,3.529575045,1.615394689,3.571484285,,,1.1600549454118072,1.2147556140979658
187.3544049,3.7,1.96,3.74,3.529575045,1.615394689,3.571484285,,,1.1600549454118072,1.2147556140979658
187.4047501,3.7,1.97,3.74,3.529575045,1.627513441,3.571484285,,,1.1643736266630438,1.2169055662860813
187.4550531,3.72,1.97,3.67,3.550535171,1.627513441,3.498113777,,,1.221373626791039,1.1727707833730612
187.5053731,3.72,1.97,3.67,3.550535171,1.627513441,3.498113777,,,1.221373626791039,1.1727707833730612
187.5557057,3.72,1.91,3.67,3.550535171,1.554348738,3.498113777,,,1.1957912090642842,1.1600351884612639
187.606043,3.72,1.91,3.68,3.550535171,1.554348738,3.508603711,,,1.1877142855471667,1.1640034161022823
187.6563507,3.72,1.91,3.68,3.550535171,1.554348738,3.508603711,,,1.1877142855471667,1.1640034161022823
187.706653,3.72,1.88,3.73,3.550535171,1.517333187,3.561011092,,,1.1345054948378617,1.177786430782222
187.7567801,3.72,1.88,3.73,3.550535171,1.517333187,3.561011092,,,1.1345054948378617,1.177786430782222
187.8070886,3.72,1.88,3.73,3.550535171,1.517333187,3.561011092,,,1.1345054948378617,1.177786430782222
187.8572332,3.72,1.82,3.78,3.550535171,1.442324513,3.613350246,,,1.068846153904662,1.185914715722132
187.9075551,3.76,1.82,3.78,3.592422581,1.442324513,3.613350246,,,1.068846153904662,1.1533929765948812
187.9578528,3.76,1.82,3.78,3.592422581,1.442324513,3.613350246,,,1.068846153904662,1.1533929765948812
188.0081898,3.73,1.91,3.75,3.561011092,1.554348738,3.581954774,,,1.1305604391583295,1.1839855235847292
188.0585311,3.73,1.91,3.75,3.561011092,1.554348738,3.581954774,,,1.1305604391583295,1.1839855235847292
188.1087493,3.73,1.91,3.75,3.561011092,1.554348738,3.581954774,,,1.1305604391583295,1.1839855235847292
188.1590714,3.76,1.78,3.77,3.592422581,1.391509971,3.602887731,,,1.0613186810112187,1.1414390826894574
188.2093935,3.76,1.78,3.77,3.592422581,1.391509971,3.602887731,,,1.0613186810112187,1.1414390826894574
188.2597279,3.76,1.78,3.77,3.592422581,1.391509971,3.602887731,,,1.0613186810112187,1.1414390826894574
188.3099708,3.8,1.85,3.77,3.634267464,1.48,3.602887731,,,1.0892417580010627,1.1224703536898049
188.3603356,3.8,1.85,3.77,3.634267464,1.48,3.602887731,,,1.0892417580010627,1.1224703536898049
188.410546,3.8,1.88,3.77,3.634267464,1.517333187,3.602887731,,,1.1015384613385986,1.1285919733947956
188.460676,3.81,1.88,3.79,3.644722212,1.517333187,3.62381015,,,1.0849230766075333,1.1284834447238423
188.510989,3.81,1.88,3.79,3.644722212,1.517333187,3.62381015,,,1.0849230766075333,1.1284834447238423
188.5613562,3.81,1.8,3.79,3.644722212,1.417003881,3.62381015,,,1.0525714280797842,1.1123779501306805
188.6116607,3.82,1.8,3.78,3.655174414,1.417003881,3.613350246,,,1.0608901097253625,1.0999974680489322
188.6620067,3.82,1.8,3.78,3.655174414,1.417003881,3.613350246,,,1.0608901097253625,1.0999974680489322
188.7121479,3.82,1.74,3.83,3.655174414,1.339962686,3.665624094,,,0.9957362638856059,1.108920879385777
188.7624825,3.9,1.74,3.83,3.738702984,1.339962686,3.665624094,,,0.9957362638856059,1.0417904439716184
188.8126027,3.9,1.74,3.83,3.738702984,1.339962686,3.665624094,,,0.9957362638856059,1.0417904439716184
188.8627344,3.9,1.76,3.83,3.738702984,1.365833079,3.665624094,1,1.0,1.0034285715579447,1.0456198753998045
188.9130815,3.88,1.76,3.83,3.717835392,1.365833079,3.665624094,,,1.0034285715579447,1.0625329189392296
188.9634184,3.88,1.76,3.83,3.717835392,1.365833079,3.665624094,,,1.0034285715579447,1.0625329189392296
189.0137464,3.92,1.76,3.86,3.759561145,1.365833079,3.696958209,,,0.9780769231426517,1.0410752504447955
189.0640747,3.92,1.76,3.86,3.759561145,1.365833079,3.696958209,,,0.9780769231426517,1.0410752504447955
189.1144167,3.92,1.76,3.86,3.759561145,1.365833079,3.696958209,,,0.9780769231426517,1.0410752504447955
189.1647542,3.92,1.73,3.86,3.759561145,1.326951393,3.696958209,,,0.9665714286035333,1.0353475151198865
189.2150977,3.92,1.73,3.86,3.759561145,1.326951393,3.696958209,,,0.9665714286035333,1.0353475151198865
189.2654368,3.92,1.73,3.86,3.759561145,1.326951393,3.696958209,,,0.9665714286035333,1.0353475151198865
189.3157707,3.92,1.73,3.86,3.759561145,1.326951393,3.696958209,,,0.9665714286035333,1.0353475151198865
189.3661149,3.92,1.73,3.86,3.759561145,1.326951393,3.696958209,,,0.9665714286035333,1.0353475151198865
189.4163786,3.92,1.64,3.86,3.759561145,1.207269647,3.696958209,,,0.9332417584038479,1.018755135824826
189.4664912,3.96,1.64,3.85,3.801249794,1.207269647,3.68651597,,,0.9417142860991716,0.9803316772841525
189.5168369,3.96,1.64,3.85,3.801249794,1.207269647,3.68651597,,,0.9417142860991716,0.9803316772841525
189.5671767,3.96,1.57,3.85,3.801249794,1.110315271,3.68651597,,,0.9170219784561277,0.9680392023922894
189.6174616,3.97,1.57,3.85,3.811666302,1.110315271,3.68651597,,,0.9170219784561277,0.9594196370208423
189.6678086,3.97,1.57,3.85,3.811666302,1.110315271,3.68651597,,,0.9170219784561277,0.9594196370208423
189.7181413,3.97,1.57,3.85,3.811666302,1.110315271,3.68651597,,,0.9170219784561277,0.9594196370208423
189.7684517,3.97,1.57,3.85,3.811666302,1.110315271,3.68651597,,,0.9170219784561277,0.9594196370208423
189.8187388,3.97,1.57,3.85,3.811666302,1.110315271,3.68651597,,,0.9170219784561277,0.9594196370208423
189.8690749,3.97,1.65,3.84,3.811666302,1.220819397,3.676071272,,,0.9537802201393124,0.969360152962978
189.9194305,3.96,1.65,3.84,3.801249794,1.220819397,3.676071272,,,0.9537802201393124,0.9779797183344248
189.9697345,3.96,1.65,3.84,3.801249794,1.220819397,3.676071272,,,0.9537802201393124,0.9779797183344248
190.0200536,3.96,1.65,3.83,3.801249794,1.220819397,3.665624094,,,0.9622087913822113,0.9738387246368267
190.0704002,3.96,1.65,3.83,3.801249794,1.220819397,3.665624094,,,0.9622087913822113,0.9738387246368267
190.1207165,3.96,1.65,3.83,3.801249794,1.220819397,3.665624094,,,0.9622087913822113,0.9738387246368267
190.1708857,3.94,1.72,3.86,3.780410031,1.313887362,3.696958209,,,0.9627802198825087,1.0163731960509732
190.2212107,3.94,1.72,3.86,3.780410031,1.313887362,3.696958209,,,0.9627802198825087,1.0163731960509732
190.2714959,3.94,1.72,3.86,3.780410031,1.313887362,3.696958209,,,0.9627802198825087,1.0163731960509732
190.3218281,3.92,1.68,3.85,3.759561145,1.261070973,3.68651597,,,0.9563076925140797,1.021857524541936
190.3721538,3.92,1.68,3.85,3.759561145,1.261070973,3.68651597,,,0.9563076925140797,1.021857524541936
190.4225891,3.92,1.68,3.85,3.759561145,1.261070973,3.68651597,,,0.9563076925140797,1.021857524541936
190.4729255,3.9,1.72,3.85,3.738702984,1.313887362,3.68651597,,,0.9712527475778325,1.0462975628696747
190.5233042,3.9,1.72,3.85,3.738702984,1.313887362,3.68651597,,,0.9712527475778325,1.0462975628696747
190.5736529,3.9,1.75,3.85,3.738702984,1.352922762,3.68651597,,,0.9826923080079855,1.0519924744751201
190.6240327,3.89,1.75,3.86,3.728270376,1.352922762,3.696958209,,,0.9742197803126617,1.0646224561266622
190.6743636,3.89,1.75,3.86,3.728270376,1.352922762,3.696958209,,,0.9742197803126617,1.0646224561266622
190.7245706,3.89,1.81,3.86,3.728270376,1.42968528,3.696958209,,,0.9976923077754055,1.0763076926244195
190.7747084,3.83,1.81,3.89,3.665624094,1.42968528,3.728270376,,,0.9721428575043399,1.1392080745017108
190.8250345,3.83,1.81,3.89,3.665624094,1.42968528,3.728270376,,,0.9721428575043399,1.1392080745017108
190.8753779,3.83,1.78,3.87,3.665624094,1.391509971,3.707398009,,,0.9773626376104677,1.1249370520521504
190.9257264,3.76,1.78,3.87,3.592422581,1.391509971,3.707398009,,,0.9773626376104677,1.182687051838522
190.976104,3.76,1.78,3.87,3.592422581,1.391509971,3.707398009,,,0.9773626376104677,1.182687051838522
191.0262257,3.76,1.82,3.85,3.592422581,1.442324513,3.68651597,,,1.0101538465643567,1.1822287623751182
191.0765709,3.75,1.82,3.85,3.581954774,1.442324513,3.68651597,,,1.0101538465643567,1.190391805581348
191.1269031,3.75,1.82,3.85,3.581954774,1.442324513,3.68651597,,,1.0101538465643567,1.190391805581348
191.1772823,3.71,1.92,3.94,3.540056497,1.566620567,3.780410031,,,0.9742087910397774,1.2811387242930097
191.2275507,3.71,1.92,3.94,3.540056497,1.566620567,3.780410031,,,0.9742087910397774,1.2811387242930097
191.2778954,3.71,1.92,3.94,3.540056497,1.566620567,3.780410031,,,0.9742087910397774,1.2811387242930097
191.3280265,3.71,1.89,3.91,3.540056497,1.529705854,3.749133233,,,0.9875274726348171,1.2621712849457154
191.3783555,3.71,1.89,3.91,3.540056497,1.529705854,3.749133233,,,0.9875274726348171,1.2621712849457154
191.4286748,3.71,1.89,3.91,3.540056497,1.529705854,3.749133233,,,0.9875274726348171,1.2621712849457154
191.4790061,3.67,1.94,3.95,3.498113777,1.591068823,3.790831043,,,0.974021978346169,1.321708767452252
191.5293385,3.67,1.94,3.95,3.498113777,1.591068823,3.790831043,,,0.974021978346169,1.321708767452252
191.5796611,3.67,1.91,3.95,3.498113777,1.554348738,3.790831043,,,0.9613296706318378,1.3153902055683784
191.6299812,3.65,1.91,3.95,3.477125249,1.554348738,3.790831043,,,0.9613296706318378,1.3313032490035839
191.680122,3.65,1.91,3.95,3.477125249,1.554348738,3.790831043,,,0.9613296706318378,1.3313032490035839
191.7304779,3.65,1.96,3.95,3.477125249,1.615394689,3.790831043,,,0.9825934071073558,1.3418888917272658
191.7806013,3.63,1.96,3.93,3.456124998,1.615394689,3.769986737,,,0.9999120883619228,1.3492062347883709
191.8307321,3.63,1.96,3.93,3.456124998,1.615394689,3.769986737,,,0.9999120883619228,1.3492062347883709
191.8808669,3.63,1.97,3.99,3.456124998,1.627513441,3.832492661,,,0.9520109894523954,1.3770119920119923
191.9310541,3.58,1.97,3.99,3.403571653,1.627513441,3.832492661,,,0.9520109894523954,1.416196775131052
191.9813805,3.58,1.97,3.99,3.403571653,1.627513441,3.832492661,,,0.9520109894523954,1.416196775131052
192.0315458,3.58,2.04,3.95,3.403571653,1.711578219,3.790831043,,,1.0177582421079938,1.4144057335132527
192.0818588,3.52,2.04,3.95,3.340404167,1.711578219,3.790831043,,,1.0177582421079938,1.4607100811430558
192.1321555,3.52,2.04,3.95,3.340404167,1.711578219,3.790831043,,,1.0177582421079938,1.4607100811430558
192.1824849,3.5,2.0,4.0,3.31932222,1.663700694,3.842902549,,,0.9563186811104815,1.4885912565664103
192.2328191,3.5,2.0,4.0,3.31932222,1.663700694,3.842902549,,,0.9563186811104815,1.4885912565664103
192.282986,3.5,2.0,4.0,3.31932222,1.663700694,3.842902549,,,0.9563186811104815,1.4885912565664103
192.3333172,3.47,2.03,4.02,3.28767395,1.699647022,3.863715828,,,0.9519780219621693,1.5265934063712892
192.3836491,3.47,2.03,4.02,3.28767395,1.699647022,3.863715828,,,0.9519780219621693,1.5265934063712892
192.4339192,3.47,2.03,4.02,3.28767395,1.699647022,3.863715828,,,0.9519780219621693,1.5265934063712892
192.4840345,3.4,2.1,4.05,3.213705027,1.782666542,3.894919768,,,0.9571428572317652,1.6077515526862594
192.5341741,3.4,2.1,4.05,3.213705027,1.782666542,3.894919768,,,0.9571428572317652,1.6077515526862594
192.5845129,3.4,2.1,4.05,3.213705027,1.782666542,3.894919768,,,0.9571428572317652,1.6077515526862594
192.6347405,3.4,2.1,4.05,3.213705027,1.782666542,3.894919768,,,0.9571428572317652,1.6077515526862594
192.6850671,3.4,2.1,4.05,3.213705027,1.782666542,3.894919768,,,0.9571428572317652,1.6077515526862594
192.7353125,3.4,2.1,4.05,3.213705027,1.782666542,3.894919768,,,0.9571428572317652,1.6077515526862594
192.7855161,3.4,2.1,4.05,3.213705027,1.782666542,3.894919768,,,0.9571428572317652,1.6077515526862594
192.8358475,3.4,2.1,4.05,3.213705027,1.782666542,3.894919768,,,0.9571428572317652,1.6077515526862594
192.8859906,3.4,2.12,4.04,3.213705027,1.806183822,3.884520562,,,0.9753076925553547,1.608001003036875
192.9363216,3.36,2.12,4.04,3.171356177,1.806183822,3.884520562,,,0.9753076925553547,1.6373923072943768
192.9866539,3.36,2.12,4.04,3.171356177,1.806183822,3.884520562,,,0.9753076925553547,1.6373923072943768
193.0369992,3.36,2.14,4.07,3.171356177,1.829617446,3.91571194,,,0.9579340661152745,1.6551889150511379
193.0873373,3.32,2.14,4.07,3.128945509,1.829617446,3.91571194,,,0.9579340661152745,1.6842323936494843
193.1376863,3.32,2.14,4.07,3.128945509,1.829617446,3.91571194,,,0.9579340661152745,1.6842323936494843
193.1880084,3.3,2.17,4.1,3.107716203,1.864617923,3.946884848,,,0.9452087907033903,1.7189300289570406
193.2381201,3.3,2.17,4.1,3.107716203,1.864617923,3.946884848,,,0.9452087907033903,1.7189300289570406
193.2882914,3.3,2.17,4.1,3.107716203,1.864617923,3.946884848,,,0.9452087907033903,1.7189300289570406
193.3386061,3.24,2.28,4.09,3.043928383,1.99155718,3.936495904,,,1.0079999998901947,1.7839391305296606
193.3889258,3.24,2.28,4.09,3.043928383,1.99155718,3.936495904,,,1.0079999998901947,1.7839391305296606
193.4392875,3.24,2.28,4.09,3.043928383,1.99155718,3.936495904,,,1.0079999998901947,1.7839391305296606
193.4896261,3.19,2.24,4.13,2.990652103,1.945636143,3.978039718,,,0.9520000003255381,1.8267456519889307
193.5399648,3.19,2.24,4.13,2.990652103,1.945636143,3.978039718,,,0.9520000003255381,1.8267456519889307
193.5903134,3.19,2.24,4.13,2.990652103,1.945636143,3.978039718,,,0.9520000003255381,1.8267456519889307
193.6406578,3.18,2.25,4.13,2.979983221,1.957140772,3.978039718,,,0.9569340663120041,1.8361258722014089
193.6908015,3.18,2.25,4.13,2.979983221,1.957140772,3.978039718,,,0.9569340663120041,1.8361258722014089
193.7411348,3.18,2.32,4.13,2.979983221,2.03722851,3.978039718,,,0.9920879125243188,1.8536263739027568
193.7914705,3.07,2.32,4.13,2.862306762,2.03722851,3.978039718,,,0.9920879125243188,1.9283546345169538
193.8418084,3.07,2.32,4.13,2.862306762,2.03722851,3.978039718,,,0.9920879125243188,1.9283546345169538
193.8919532,3.07,2.36,4.13,2.862306762,2.08266656,3.978039718,,,1.0126593408963422,1.9385956282065047
193.9423057,3.08,2.36,4.15,2.87302976,2.08266656,3.99879982,,,0.9944615384296922,1.9408515048472135
193.9924201,3.08,2.36,4.15,2.87302976,2.08266656,3.99879982,,,0.9944615384296922,1.9408515048472135
194.0427206,3.08,2.35,4.21,2.87302976,2.071328076,4.061034351,,,0.934164834991634,1.9653559720019584
194.0930531,3.03,2.35,4.21,2.81936163,2.071328076,4.061034351,,,0.934164834991634,1.9985624938638495
194.1433776,3.03,2.35,4.21,2.81936163,2.071328076,4.061034351,,,0.934164834991634,1.9985624938638495
194.1937096,3.03,2.4,4.21,2.81936163,2.127886275,4.061034351,,,0.9602637361902618,2.0115552077214276
194.2438566,3.0,2.4,4.21,2.787095262,2.127886275,4.061034351,,,0.9602637361902618,2.031218251335929
194.2941959,3.0,2.4,4.21,2.787095262,2.127886275,4.061034351,,,0.9602637361902618,2.031218251335929
194.3445273,3.01,2.4,4.21,2.797856322,2.127886275,4.061034351,,,0.9602637361902618,2.0246856427389153
194.3948631,3.01,2.4,4.21,2.797856322,2.127886275,4.061034351,,,0.9602637361902618,2.0246856427389153
194.4450042,3.01,2.4,4.21,2.797856322,2.127886275,4.061034351,,,0.9602637361902618,2.0246856427389153
194.4953378,2.97,2.41,4.25,2.754777668,2.139158713,4.102487051,,,0.9283626368990262,2.0715870522292064
194.54569,2.97,2.41,4.25,2.754777668,2.139158713,4.102487051,,,0.9283626368990262,2.0715870522292064
194.5960207,2.97,2.41,4.25,2.754777668,2.139158713,4.102487051,,,0.9283626368990262,2.0715870522292064
194.6463656,2.92,2.49,4.23,2.700796179,2.228901075,4.081764324,,,0.9900769236765906,2.1158861202844523
194.6966236,2.92,2.49,4.23,2.700796179,2.228901075,4.081764324,,,0.9900769236765906,2.1158861202844523
194.7467663,2.92,2.46,4.23,2.700796179,2.195335965,4.081764324,,,0.9737582420377255,2.1077622548598876
194.7971026,2.89,2.46,4.27,2.668332813,2.195335965,4.123202639,,,0.9363956040621889,2.1450643334705317
194.8472462,2.89,2.46,4.27,2.668332813,2.195335965,4.123202639,,,0.9363956040621889,2.1450643334705317
194.8973804,2.89,2.59,4.27,2.668332813,2.340085469,4.123202639,,,1.0085384615349875,2.1809789299080773
194.9474875,2.83,2.59,4.35,2.603228764,2.340085469,4.20599572,,,0.9327582423699593,2.2555144292386706
194.9975977,2.83,2.59,4.35,2.603228764,2.340085469,4.20599572,,,0.9327582423699593,2.2555144292386706
195.0477355,2.83,2.68,4.27,2.603228764,2.439323677,4.123202639,,,1.0606593405402456,2.2442304113276004
195.0980607,2.82,2.68,4.27,2.592354142,2.439323677,4.123202639,,,1.0606593405402456,2.250371715694167
195.1483389,2.82,2.68,4.27,2.592354142,2.439323677,4.123202639,,,1.0606593405402456,2.250371715694167
195.1985475,2.82,2.67,4.33,2.592354142,2.428332761,4.185307635,,,0.9980769229183065,2.2753035118489766
195.248886,2.77,2.67,4.33,2.537873125,2.428332761,4.185307635,,,0.9980769229183065,2.3056839465171604
195.2992036,2.77,2.67,4.33,2.537873125,2.428332761,4.185307635,,,0.9980769229183065,2.3056839465171604
195.3493318,2.75,2.65,4.31,2.516028617,2.406324999,4.164612827,,,1.0053736265933424,2.30253382685299
195.3996798,2.75,2.65,4.31,2.516028617,2.406324999,4.164612827,,,1.0053736265933424,2.30253382685299
195.4498222,2.75,2.65,4.31,2.516028617,2.406324999,4.164612827,,,1.0053736265933424,2.30253382685299
195.5000053,2.75,2.69,4.38,2.516028617,2.450306103,4.237015459,,,0.9619999998455013,2.347060869297223
195.5503464,2.75,2.69,4.38,2.516028617,2.450306103,4.237015459,,,0.9619999998455013,2.347060869297223
195.6006897,2.75,2.69,4.38,2.516028617,2.450306103,4.237015459,,,0.9619999998455013,2.347060869297223
195.6510165,2.71,2.75,4.36,2.472245942,2.516028617,4.216337273,,,1.0170769232828414,2.3792187294118503
195.7013424,2.71,2.75,4.36,2.472245942,2.516028617,4.216337273,,,1.0170769232828414,2.3792187294118503
195.7516971,2.71,2.75,4.36,2.472245942,2.516028617,4.216337273,,,1.0170769232828414,2.3792187294118503
195.8020279,2.71,2.75,4.36,2.472245942,2.516028617,4.216337273,,,1.0170769232828414,2.3792187294118503
195.8523621,2.71,2.75,4.36,2.472245942,2.516028617,4.216337273,,,1.0170769232828414,2.3792187294118503
195.9025684,2.71,2.81,4.36,2.472245942,2.581472448,4.216337273,,,1.0537362637465975,2.397468705425329
195.9528949,2.65,2.81,4.44,2.406324999,2.581472448,4.299011514,,,0.9763736266240154,2.4704338268076316
196.002988,2.65,2.81,4.44,2.406324999,2.581472448,4.299011514,,,0.9763736266240154,2.4704338268076316
196.0530686,2.65,2.78,4.44,2.406324999,2.548784024,4.299011514,,,0.9579450553289078,2.4612596032715888
196.10341,2.6,2.78,4.44,2.351148655,2.548784024,4.299011514,,,0.9579450553289078,2.489792212282898
196.1537499,2.6,2.78,4.44,2.351148655,2.548784024,4.299011514,,,0.9579450553289078,2.489792212282898
196.2038842,2.6,2.82,4.46,2.351148655,2.592354142,4.319664339,,,0.962999999551236,2.5116565219200715
196.2540285,2.6,2.82,4.46,2.351148655,2.592354142,4.319664339,,,0.962999999551236,2.5116565219200715
196.3043557,2.6,2.82,4.46,2.351148655,2.592354142,4.319664339,,,0.962999999551236,2.5116565219200715
196.3545419,2.6,2.93,4.44,2.351148655,2.711604691,4.299011514,,,1.0520659343679815,2.536648041195828
196.4048718,2.55,2.93,4.44,2.295735176,2.711604691,4.299011514,,,1.0520659343679815,2.564637171585454
196.4552047,2.55,2.93,4.44,2.295735176,2.711604691,4.299011514,,,1.0520659343679815,2.564637171585454
196.5054918,2.53,2.87,4.48,2.273499505,2.64665827,4.340311049,,,0.9746153841854843,2.5759063546093217
196.5558233,2.53,2.87,4.48,2.273499505,2.64665827,4.340311049,,,0.9746153841854843,2.5759063546093217
196.6061476,2.53,2.87,4.48,2.273499505,2.64665827,4.340311049,,,0.9746153841854843,2.5759063546093217
196.6564662,2.54,2.86,4.46,2.284622507,2.635811071,4.319664339,,,0.987967033008556,2.5576075014474484
196.7067976,2.54,2.86,4.46,2.284622507,2.635811071,4.319664339,,,0.987967033008556,2.5576075014474484
196.7569119,2.54,2.86,4.46,2.284622507,2.635811071,4.319664339,,,0.987967033008556,2.5576075014474484
196.807236,2.52,2.87,4.5,2.262366018,2.64665827,4.360951731,,,0.9548791206645597,2.5910919971037396
196.8575884,2.52,2.87,4.5,2.262366018,2.64665827,4.360951731,,,0.9548791206645597,2.5910919971037396
196.9077141,2.52,2.94,4.5,2.262366018,2.722407023,4.360951731,,,0.9995714284360246,2.613340993798665
196.9580419,2.49,2.94,4.56,2.228901075,2.722407023,4.422838455,,,0.9398351648190039,2.6590266360610513
197.0083504,2.49,2.94,4.56,2.228901075,2.722407023,4.422838455,,,0.9398351648190039,2.6590266360610513
197.058537,2.49,2.95,4.56,2.228901075,2.733203249,4.422838455,,,0.9463076924524578,2.6622488291655313
197.1088712,2.47,2.95,4.5,2.206535746,2.733203249,4.360951731,,,1.0060439560694785,2.6436827522319923
197.1591639,2.47,2.95,4.5,2.206535746,2.733203249,4.360951731,,,1.0060439560694785,2.6436827522319923
197.2093075,2.47,3.01,4.58,2.206535746,2.797856322,4.443455862,,,0.9655164836278238,2.7024636406719376
197.2595871,2.43,3.01,4.58,2.161666024,2.797856322,4.443455862,,,0.9655164836278238,2.7237679883958297
197.309929,2.43,3.01,4.58,2.161666024,2.797856322,4.443455862,,,0.9655164836278238,2.7237679883958297
197.3602945,2.43,3.05,4.56,2.161666024,2.840844945,4.422838455,,,1.012241758517062,2.7271594840998876
197.4104956,2.39,3.05,4.56,2.116601049,2.840844945,4.422838455,,,1.012241758517062,2.7481160056964167
197.4608244,2.39,3.05,4.56,2.116601049,2.840844945,4.422838455,,,1.012241758517062,2.7481160056964167
197.5109657,2.33,3.05,4.58,2.048609284,2.840844945,4.443455862,,,0.992153846592295,2.788767893091727
197.561336,2.33,3.05,4.58,2.048609284,2.840844945,4.443455862,,,0.992153846592295,2.788767893091727
197.6115273,2.33,3.05,4.58,2.048609284,2.840844945,4.443455862,,,0.992153846592295,2.788767893091727
197.6616862,2.33,3.05,4.58,2.048609284,2.840844945,4.443455862,,,0.992153846592295,2.788767893091727
197.7118704,2.33,3.05,4.58,2.048609284,2.840844945,4.443455862,,,0.992153846592295,2.788767893091727
197.7620161,2.33,3.05,4.58,2.048609284,2.840844945,4.443455862,,,0.992153846592295,2.788767893091727
197.812133,2.29,3.12,4.67,2.002997753,2.915870367,4.536165782,,,0.9481318676220922,2.8774286909754143
197.8624634,2.29,3.12,4.67,2.002997753,2.915870367,4.536165782,,,0.9481318676220922,2.8774286909754143
197.9127949,2.29,3.24,4.67,2.002997753,3.043928383,4.536165782,,,1.0319999998950897,2.919180435085232
197.9631096,2.26,3.24,4.69,1.968628965,3.043928383,4.55675323,,,1.0114285716173141,2.944124223400627
198.0134506,2.26,3.24,4.69,1.968628965,3.043928383,4.55675323,,,1.0114285716173141,2.944124223400627
198.0635956,2.26,3.16,4.69,1.968628965,2.95863144,4.55675323,,,0.9551648350154988,2.9161146675705925
198.1137394,2.26,3.16,4.73,1.968628965,2.95863144,4.59791257,,,0.9137582413618094,2.936457907061318
198.1638603,2.26,3.16,4.73,1.968628965,2.95863144,4.59791257,,,0.9137582413618094,2.936457907061318
198.214144,2.26,3.19,4.73,1.968628965,2.990652103,4.59791257,,,0.9346923076719027,2.94687943137656
198.2642886,2.22,3.19,4.73,1.922576396,2.990652103,4.59791257,,,0.9346923076719027,2.9663576926135837
198.3144937,2.22,3.19,4.73,1.922576396,2.990652103,4.59791257,,,0.9346923076719027,2.9663576926135837
198.3646365,2.22,3.19,4.73,1.922576396,2.990652103,4.59791257,,,0.9346923076719027,2.9663576926135837
198.4147789,2.22,3.19,4.73,1.922576396,2.990652103,4.59791257,,,0.9346923076719027,2.9663576926135837
198.4648963,2.22,3.19,4.73,1.922576396,2.990652103,4.59791257,,,0.9346923076719027,2.9663576926135837
198.5151576,2.2,3.23,4.71,1.899447288,3.033282051,4.577335469,,,0.9836593412256389,2.9798217150748183
198.5653115,2.2,3.23,4.71,1.899447288,3.033282051,4.577335469,,,0.9836593412256389,2.9798217150748183
198.6154052,2.2,3.23,4.71,1.899447288,3.033282051,4.577335469,,,0.9836593412256389,2.9798217150748183
198.6655235,2.2,3.25,4.73,1.899447288,3.054570346,4.59791257,,,0.9771538458569838,2.9971048495107
198.7156609,2.2,3.25,4.73,1.899447288,3.054570346,4.59791257,,,0.9771538458569838,2.9971048495107
198.7658034,2.2,3.25,4.73,1.899447288,3.054570346,4.59791257,,,0.9771538458569838,2.9971048495107
198.8159521,2.2,3.25,4.73,1.899447288,3.054570346,4.59791257,,,0.9771538458569838,2.9971048495107
198.8660914,2.2,3.25,4.73,1.899447288,3.054570346,4.59791257,,,0.9771538458569838,2.9971048495107
198.9164127,2.2,3.25,4.73,1.899447288,3.054570346,4.59791257,,,0.9771538458569838,2.9971048495107
198.9665564,2.22,3.21,4.77,1.922576396,3.011976096,4.639051627,,,0.9070000005389073,2.9938760871720866
199.0166791,2.22,3.21,4.77,1.922576396,3.011976096,4.639051627,,,0.9070000005389073,2.9938760871720866
199.0667698,2.22,3.24,4.77,1.922576396,3.043928383,4.639051627,,,0.9282637365782029,3.0044617296786056
199.116854,2.2,3.24,4.75,1.899447288,3.043928383,4.6184846,,,0.9491868132303108,3.003790826645808
199.1669406,2.2,3.24,4.75,1.899447288,3.043928383,4.6184846,,,0.9491868132303108,3.003790826645808
199.2170312,2.2,3.19,4.75,1.899447288,2.990652103,4.6184846,,,0.9138571429385889,2.986202795131016
199.2673464,2.22,3.19,4.77,1.922576396,2.990652103,4.639051627,,,0.8929340662864809,2.986873698163813
199.3175251,2.22,3.19,4.77,1.922576396,2.990652103,4.639051627,,,0.8929340662864809,2.986873698163813
199.3676696,2.22,3.19,4.77,1.922576396,2.990652103,4.639051627,,,0.8929340662864809,2.986873698163813
199.4180082,2.22,3.19,4.77,1.922576396,2.990652103,4.639051627,,,0.8929340662864809,2.986873698163813
199.4681344,2.22,3.19,4.77,1.922576396,2.990652103,4.639051627,,,0.8929340662864809,2.986873698163813
199.5184701,2.22,3.25,4.73,1.922576396,3.054570346,4.59791257,1,3.0,0.9771538458569838,2.987496154014418
199.5688002,2.21,3.25,4.73,1.91102067,3.054570346,4.59791257,,,0.9771538458569838,2.992311371111059
199.6191451,2.21,3.25,4.73,1.91102067,3.054570346,4.59791257,,,0.9771538458569838,2.992311371111059
199.6694222,2.18,3.23,4.73,1.876246252,3.033282051,4.59791257,,,0.9629120878631602,2.999536670177526
199.7197666,2.18,3.23,4.73,1.876246252,3.033282051,4.59791257,,,0.9629120878631602,2.999536670177526
199.7699139,2.18,3.23,4.73,1.876246252,3.033282051,4.59791257,,,0.9629120878631602,2.999536670177526
199.8203037,2.18,3.24,4.73,1.876246252,3.043928383,4.59791257,,,0.9700219779636248,3.00307615894493
199.8703569,2.18,3.24,4.73,1.876246252,3.043928383,4.59791257,,,0.9700219779636248,3.00307615894493
199.9206833,2.18,3.24,4.73,1.876246252,3.043928383,4.59791257,,,0.9700219779636248,3.00307615894493
199.9707723,2.14,3.26,4.67,1.829617446,3.065207986,4.536165782,,,1.046285713807747,2.99852049699126
200.0210914,2.14,3.26,4.67,1.829617446,3.065207986,4.536165782,,,1.046285713807747,2.99852049699126
200.0712018,2.14,3.28,4.67,1.829617446,3.086470476,4.536165782,,,1.0606593403771418,3.0056760632616766
200.1215059,2.18,3.28,4.73,1.876246252,3.086470476,4.59791257,,,0.9986813184456766,3.017343526271865
200.1716493,2.18,3.28,4.73,1.876246252,3.086470476,4.59791257,,,0.9986813184456766,3.017343526271865
200.221793,2.18,3.34,4.73,1.876246252,3.150158726,4.59791257,,,1.0423296700692237,3.039072814362718
200.2719362,2.12,3.34,4.6,1.806183822,3.150158726,4.464067652,,,1.175615384325401,3.001632441629196
200.3222996,2.12,3.34,4.6,1.806183822,3.150158726,4.464067652,,,1.175615384325401,3.001632441629196
200.372411,2.12,3.35,4.58,1.806183822,3.160759402,4.443455862,,,1.2031428571196954,2.9953798135104184
200.4227298,2.09,3.35,4.58,1.77087549,3.160759402,4.443455862,,,1.2031428571196954,3.009108074137786
200.4730982,2.09,3.35,4.58,1.77087549,3.160759402,4.443455862,,,1.2031428571196954,3.009108074137786
200.5234467,2.09,3.36,4.58,1.77087549,3.171356177,4.443455862,,,1.2105164839399873,3.01277885792441
200.5737845,2.08,3.36,4.58,1.75906225,3.171356177,4.443455862,,,1.2105164839399873,3.017311466805679
200.6239304,2.08,3.36,4.58,1.75906225,3.171356177,4.443455862,,,1.2105164839399873,3.017311466805679
200.6742974,2.08,3.37,4.54,1.75906225,3.181949088,4.402215351,,,1.258000000224613,3.001297825894969
200.7246048,2.09,3.37,4.54,1.77087549,3.181949088,4.402215351,,,1.258000000224613,2.9967652170137002
200.774944,2.09,3.37,4.54,1.77087549,3.181949088,4.402215351,,,1.258000000224613,2.9967652170137002
200.8251228,2.06,3.37,4.48,1.735367396,3.181949088,4.340311049,,,1.3174725270936865,2.981078714897907
200.875468,2.06,3.37,4.48,1.735367396,3.181949088,4.340311049,,,1.3174725270936865,2.981078714897907
200.9258044,2.06,3.37,4.48,1.735367396,3.181949088,4.340311049,,,1.3174725270936865,2.981078714897907
200.9759269,2.05,3.37,4.46,1.723484842,3.181949088,4.319664339,,,1.3371208787907392,2.9758927854224053
201.0260847,2.05,3.37,4.46,1.723484842,3.181949088,4.319664339,,,1.3371208787907392,2.9758927854224053
201.0764126,2.05,3.37,4.46,1.723484842,3.181949088,4.319664339,,,1.3371208787907392,2.9758927854224053
201.1267333,2.02,3.41,4.44,1.68769073,3.224282866,4.299011514,,,1.3864835167556704,2.9943907069693054
201.1770765,2.02,3.41,4.44,1.68769073,3.224282866,4.299011514,,,1.3864835167556704,2.9943907069693054
201.2272188,2.02,3.45,4.44,1.68769073,3.266557821,4.299011514,,,1.4166373626848017,3.0094020780948947
201.2775519,2.01,3.45,4.4,1.675708805,3.266557821,4.257687166,,,1.4554945048807864,2.9946918300783247
201.3278481,2.01,3.45,4.4,1.675708805,3.266557821,4.257687166,,,1.4554945048807864,2.9946918300783247
201.3781471,2.01,3.42,4.4,1.675708805,3.234857029,4.257687166,,,1.432846153247208,2.9834168898085647
201.4284817,1.99,3.42,4.36,1.651665826,3.234857029,4.216337273,,,1.4713516481738058,2.973194624733569
201.4788018,1.99,3.42,4.36,1.651665826,3.234857029,4.216337273,,,1.4713516481738058,2.973194624733569
201.5289423,1.99,3.5,4.36,1.651665826,3.31932222,4.216337273,,,1.5321868132413907,3.003479956908519
201.5793075,1.96,3.5,4.36,1.615394689,3.31932222,4.216337273,,,1.5321868132413907,3.0163603916397
201.6296487,1.96,3.5,4.36,1.615394689,3.31932222,4.216337273,,,1.5321868132413907,3.0163603916397
201.6799678,1.96,3.56,4.33,1.615394689,3.38252864,4.185307635,,,1.6073846154759293,3.0254588627412646
201.7303291,1.95,3.56,4.33,1.603246706,3.38252864,4.185307635,,,1.6073846154759293,3.029708862844478
201.7806584,1.95,3.56,4.33,1.603246706,3.38252864,4.185307635,,,1.6073846154759293,3.029708862844478
201.830994,1.95,3.56,4.33,1.603246706,3.38252864,4.185307635,,,1.6073846154759293,3.029708862844478
201.8813241,1.95,3.56,4.33,1.603246706,3.38252864,4.185307635,,,1.6073846154759293,3.029708862844478
201.9316801,1.95,3.56,4.33,1.603246706,3.38252864,4.185307635,,,1.6073846154759293,3.029708862844478
201.9819992,1.96,3.51,4.27,1.615394689,3.329864862,4.123202639,,,1.6252417579039247,2.978261657848601
202.032127,1.96,3.51,4.27,1.615394689,3.329864862,4.123202639,,,1.6252417579039247,2.978261657848601
202.0822793,1.96,3.51,4.27,1.615394689,3.329864862,4.123202639,,,1.6252417579039247,2.978261657848601
202.1325738,1.95,3.59,4.21,1.603246706,3.414088458,4.061034351,,,1.7435714284666841,2.986114906747778
202.1828908,1.95,3.59,4.21,1.603246706,3.414088458,4.061034351,,,1.7435714284666841,2.986114906747778
202.2330312,1.95,3.59,4.21,1.603246706,3.414088458,4.061034351,,,1.7435714284666841,2.986114906747778
202.2831734,1.93,3.59,4.21,1.578860348,3.414088458,4.061034351,,,1.7435714284666841,2.994549689553557
202.3334786,1.93,3.59,4.21,1.578860348,3.414088458,4.061034351,,,1.7435714284666841,2.994549689553557
202.383814,1.93,3.57,4.21,1.578860348,3.393051724,4.061034351,,,1.727835165026086,2.9867157671016074
202.4341004,1.95,3.57,4.21,1.603246706,3.393051724,4.061034351,,,1.727835165026086,2.978280984295828
202.4844539,1.95,3.57,4.21,1.603246706,3.393051724,4.061034351,,,1.727835165026086,2.978280984295828
202.5345958,1.95,3.66,4.17,1.603246706,3.487620966,4.019552214,,,1.8361758243308208,2.9957810082834366
202.584921,1.92,3.66,4.17,1.566620567,3.487620966,4.019552214,,,1.8361758243308208,3.0084005734304413
202.635246,1.92,3.66,4.17,1.566620567,3.487620966,4.019552214,,,1.8361758243308208,3.0084005734304413
202.6855802,1.92,3.71,4.13,1.566620567,3.540056497,3.978039718,,,1.9131538465897138,3.0106352841759785
202.7359002,1.88,3.71,4.13,1.517333187,3.540056497,3.978039718,,,1.9131538465897138,3.027157023369003
202.7862323,1.88,3.71,4.13,1.517333187,3.540056497,3.978039718,,,1.9131538465897138,3.027157023369003
202.8365019,1.92,3.74,4.1,1.566620567,3.571484285,3.946884848,,,1.9648461532560417,3.0095321069931797
202.8868332,1.92,3.74,4.1,1.566620567,3.571484285,3.946884848,,,1.9648461532560417,3.0095321069931797
202.9369771,1.92,3.74,4.1,1.566620567,3.571484285,3.946884848,,,1.9648461532560417,3.0095321069931797
202.9873714,1.91,3.79,4.09,1.554348738,3.62381015,3.936495904,,,2.015219780333433,3.02987028226236
203.0374924,1.91,3.79,4.09,1.554348738,3.62381015,3.936495904,,,2.015219780333433,3.02987028226236
203.087825,1.91,3.79,4.09,1.554348738,3.62381015,3.936495904,,,2.015219780333433,3.02987028226236
203.1379515,1.89,3.78,4.06,1.529705854,3.613350246,3.905316889,,,2.0337692304131454,3.0207894651129323
203.188094,1.89,3.78,4.06,1.529705854,3.613350246,3.905316889,,,2.0337692304131454,3.0207894651129323
203.2382954,1.89,3.78,4.06,1.529705854,3.613350246,3.905316889,,,2.0337692304131454,3.0207894651129323
203.2886299,1.91,3.93,4.07,1.554348738,3.769986737,3.91571194,,,2.151923076933774,3.080185618488376
203.33897,1.91,3.93,4.07,1.554348738,3.769986737,3.91571194,,,2.151923076933774,3.080185618488376
203.389107,1.91,3.91,4.07,1.554348738,3.749133233,3.91571194,,,2.1346923078820295,3.0716076921560935
203.4394564,1.88,3.91,4.03,1.517333187,3.749133233,3.874119255,,,2.170296702947613,3.0664737935967663
203.4897901,1.88,3.91,4.03,1.517333187,3.749133233,3.874119255,,,2.170296702947613,3.0664737935967663
203.539968,1.88,3.9,4.03,1.517333187,3.738702984,3.874119255,,,2.1617142857811813,3.062201242442173
203.5903318,1.89,3.9,4.01,1.529705854,3.738702984,3.853310265,,,2.179384615847927,3.0494219064321753
203.640674,1.89,3.9,4.01,1.529705854,3.738702984,3.853310265,,,2.179384615847927,3.0494219064321753
203.6909983,1.89,3.95,3.98,1.529705854,3.790831043,3.822080585,,,2.248857142674563,3.057952794774084
203.7413533,1.93,3.95,3.98,1.578860348,3.790831043,3.822080585,,,2.248857142674563,3.0413440992605176
203.791672,1.93,3.95,3.98,1.578860348,3.790831043,3.822080585,,,2.248857142674563,3.0413440992605176
203.8419061,1.93,3.95,4.01,1.578860348,3.790831043,3.853310265,,,2.22251648332067,3.054285379725691
203.8922375,1.91,3.95,4.01,1.554348738,3.790831043,3.853310265,,,2.22251648332067,3.062633205721831
203.9425807,1.91,3.95,4.01,1.554348738,3.790831043,3.853310265,,,2.22251648332067,3.062633205721831
203.9927243,1.93,3.95,3.9,1.578860348,3.790831043,3.738702984,,,2.318131867472743,3.007309125772716
204.0428645,1.93,3.95,3.9,1.578860348,3.790831043,3.738702984,,,2.318131867472743,3.007309125772716
204.093193,1.93,3.95,3.9,1.578860348,3.790831043,3.738702984,,,2.318131867472743,3.007309125772716
204.1435337,1.94,3.97,3.91,1.591068823,3.811666302,3.749133233,,,2.3269560438480577,3.015984639139841
204.1938578,1.94,3.97,3.91,1.591068823,3.811666302,3.749133233,,,2.3269560438480577,3.015984639139841
204.2441861,1.94,3.97,3.91,1.591068823,3.811666302,3.749133233,,,2.3269560438480577,3.015984639139841
204.2944982,1.88,4.07,3.86,1.517333187,3.91571194,3.696958209,,,2.457999999776492,3.0639065214888315
204.3448401,1.88,4.07,3.86,1.517333187,3.91571194,3.696958209,,,2.457999999776492,3.0639065214888315
204.3951881,1.88,4.07,3.86,1.517333187,3.91571194,3.696958209,,,2.457999999776492,3.0639065214888315
204.4456431,1.88,4.07,3.83,1.517333187,3.91571194,3.665624094,,,2.483351648191785,3.0514511463978398
204.4957926,1.88,4.07,3.83,1.517333187,3.91571194,3.665624094,,,2.483351648191785,3.0514511463978398
204.5461238,1.88,4.07,3.83,1.517333187,3.91571194,3.665624094,,,2.483351648191785,3.0514511463978398
204.5964705,1.89,4.07,3.91,1.529705854,3.91571194,3.749133233,,,2.4153076921179704,3.0807836118395073
204.6467948,1.89,4.07,3.91,1.529705854,3.91571194,3.749133233,,,2.4153076921179704,3.0807836118395073
204.69713,1.89,4.13,3.83,1.529705854,3.978039718,3.665624094,,,2.537417582359582,3.074268752821559
204.7474438,1.88,4.13,3.83,1.517333187,3.978039718,3.665624094,,,2.537417582359582,3.0783665788422425
204.7977733,1.88,4.13,3.83,1.517333187,3.978039718,3.665624094,,,2.537417582359582,3.0783665788422425
204.8481178,1.88,4.13,3.83,1.517333187,3.978039718,3.665624094,,,2.537417582359582,3.0783665788422425
204.8982657,1.88,4.13,3.83,1.517333187,3.978039718,3.665624094,,,2.537417582359582,3.0783665788422425
204.9485804,1.88,4.13,3.83,1.517333187,3.978039718,3.665624094,,,2.537417582359582,3.0783665788422425
204.9989021,1.88,4.16,3.81,1.517333187,4.009176973,3.644722212,,,2.5815384613392602,3.083722408174827
205.0492314,1.88,4.16,3.81,1.517333187,4.009176973,3.644722212,,,2.5815384613392602,3.083722408174827
205.0995561,1.88,4.16,3.81,1.517333187,4.009176973,3.644722212,,,2.5815384613392602,3.083722408174827
205.1498767,1.88,4.24,3.8,1.517333187,4.092126587,3.634267464,,,2.6637472532025575,3.1163763499114276
205.2002053,1.88,4.24,3.8,1.517333187,4.092126587,3.634267464,,,2.6637472532025575,3.1163763499114276
205.2505466,1.88,4.24,3.8,1.517333187,4.092126587,3.634267464,,,2.6637472532025575,3.1163763499114276
205.3008867,1.87,4.32,3.76,1.504925247,4.174961078,3.592422581,,,2.7722307694874964,3.1415887962688505
205.3512162,1.87,4.32,3.76,1.504925247,4.174961078,3.592422581,,,2.7722307694874964,3.1415887962688505
205.4013236,1.87,4.24,3.76,1.504925247,4.092126587,3.592422581,,,2.6969780223685236,3.1041260156378847
205.4516472,1.88,4.24,3.75,1.517333187,4.092126587,3.581954774,,,2.70523076934625,3.0959953180669175
205.5019228,1.88,4.24,3.75,1.517333187,4.092126587,3.581954774,,,2.70523076934625,3.0959953180669175
205.5520681,1.88,4.36,3.75,1.517333187,4.216337273,3.581954774,,,2.8186373622755694,3.1524520784599916
205.6023602,1.92,4.36,3.77,1.566620567,4.216337273,3.602887731,,,2.8021098898350267,3.144050358335581
205.6526595,1.92,4.36,3.77,1.566620567,4.216337273,3.602887731,,,2.8021098898350267,3.144050358335581
205.7029925,1.92,4.36,3.74,1.566620567,4.216337273,3.571484285,,,2.826868132053529,3.1318865262891005
205.7533426,1.95,4.36,3.74,1.603246706,4.216337273,3.571484285,,,2.826868132053529,3.119266961142095
205.8034554,1.95,4.36,3.74,1.603246706,4.216337273,3.571484285,,,2.826868132053529,3.119266961142095
205.8537834,1.95,4.36,3.69,1.603246706,4.216337273,3.519090792,,,2.8676923074010867,3.0992098662974255
205.9041301,1.94,4.36,3.69,1.591068823,4.216337273,3.519090792,,,2.8676923074010867,3.1034381272514735
205.9544924,1.94,4.36,3.69,1.591068823,4.216337273,3.519090792,,,2.8676923074010867,3.1034381272514735
206.0045822,1.94,4.36,3.69,1.591068823,4.216337273,3.519090792,,,2.8676923074010867,3.1034381272514735
206.0549111,1.94,4.36,3.69,1.591068823,4.216337273,3.519090792,,,2.8676923074010867,3.1034381272514735
206.1050577,1.94,4.36,3.69,1.591068823,4.216337273,3.519090792,,,2.8676923074010867,3.1034381272514735
206.1553558,1.98,4.47,3.68,1.639603611,4.329988453,3.508603711,,,2.982527472776963,3.1355517201040466
206.2056888,1.98,4.47,3.68,1.639603611,4.329988453,3.508603711,,,2.982527472776963,3.1355517201040466
206.2560159,1.98,4.47,3.68,1.639603611,4.329988453,3.508603711,,,2.982527472776963,3.1355517201040466
206.3063688,1.99,4.61,3.67,1.651665826,4.474371464,3.498113777,,,3.1302967034088245,3.1968107497471037
206.3567036,1.99,4.61,3.67,1.651665826,4.474371464,3.498113777,,,3.1302967034088245,3.1968107497471037
206.406989,1.99,4.53,3.67,1.651665826,4.391901638,3.498113777,,,3.0499450550582283,3.1568096030682207
206.4573432,2.01,4.53,3.66,1.675708805,4.391901638,3.487620966,,,3.057999999492781,3.14415652184839
206.5075378,2.01,4.53,3.66,1.675708805,4.391901638,3.487620966,,,3.057999999492781,3.14415652184839
206.5578724,2.01,4.51,3.66,1.675708805,4.371269838,3.487620966,,,3.0381318674863484,3.1342656474364916
206.6082106,1.97,4.51,3.66,1.627513441,4.371269838,3.487620966,,,3.0381318674863484,3.151569995101586
206.6584576,1.97,4.51,3.66,1.627513441,4.371269838,3.487620966,,,3.0381318674863484,3.151569995101586
206.708575,1.97,4.49,3.63,1.627513441,4.350632138,3.456124998,,,3.042384615208566,3.129915384654356
206.7587144,1.99,4.49,3.63,1.651665826,4.350632138,3.456124998,,,3.042384615208566,3.121306688986899
206.8090527,1.99,4.49,3.63,1.651665826,4.350632138,3.456124998,,,3.042384615208566,3.121306688986899
206.8591698,1.99,4.49,3.63,1.651665826,4.350632138,3.456124998,,,3.042384615208566,3.121306688986899
206.9094919,1.99,4.49,3.63,1.651665826,4.350632138,3.456124998,,,3.042384615208566,3.121306688986899
206.9596054,1.99,4.49,3.63,1.651665826,4.350632138,3.456124998,,,3.042384615208566,3.121306688986899
207.0098616,1.99,4.47,3.63,1.651665826,4.329988453,3.456124998,,,3.022692307836575,3.1115033446647566
207.0601998,2.01,4.47,3.63,1.675708805,4.329988453,3.456124998,,,3.022692307836575,3.102807692667118
207.110493,2.01,4.47,3.63,1.675708805,4.329988453,3.456124998,,,3.022692307836575,3.102807692667118
207.1608177,1.98,4.47,3.64,1.639603611,4.329988453,3.466626602,,,3.0147032972988206,3.119743597621569
207.2111501,1.98,4.47,3.64,1.639603611,4.329988453,3.466626602,,,3.0147032972988206,3.119743597621569
207.2614797,1.98,4.47,3.64,1.639603611,4.329988453,3.466626602,,,3.0147032972988206,3.119743597621569
207.3118157,2.02,4.51,3.65,1.68769073,4.371269838,3.477125249,,,3.0461648350961794,3.125938580635422
207.3621111,2.02,4.51,3.65,1.68769073,4.371269838,3.477125249,,,3.0461648350961794,3.125938580635422
207.4124107,2.02,4.51,3.65,1.68769073,4.371269838,3.477125249,,,3.0461648350961794,3.125938580635422
207.4627321,2.01,4.51,3.64,1.675708805,4.371269838,3.466626602,,,3.0541758240565358,3.1263831818172254
207.5128805,2.01,4.51,3.64,1.675708805,4.371269838,3.466626602,,,3.0541758240565358,3.1263831818172254
207.5629781,2.01,4.53,3.64,1.675708805,4.391901638,3.466626602,,,3.074043956062969,3.136274056229124
207.6130627,1.98,4.53,3.62,1.639603611,4.391901638,3.445620409,,,3.0899999994450282,3.1414456520838385
207.6631458,1.98,4.53,3.62,1.639603611,4.391901638,3.445620409,,,3.0899999994450282,3.1414456520838385
207.713232,1.98,4.4,3.62,1.639603611,4.257687166,3.445620409,,,2.9624285714949212,3.0779372672999816
207.7633079,2.0,4.4,3.59,1.663700694,4.257687166,3.414088458,,,2.9861978026892633,3.0576071669727782
207.8133967,2.0,4.4,3.59,1.663700694,4.257687166,3.414088458,,,2.9861978026892633,3.0576071669727782
207.8634858,2.0,4.4,3.59,1.663700694,4.257687166,3.414088458,,,2.9861978026892633,3.0576071669727782
207.913824,2.0,4.4,3.59,1.663700694,4.257687166,3.414088458,3,3.0,2.9861978026892633,3.0576071669727782
207.9641446,2.0,4.4,3.59,1.663700694,4.257687166,3.414088458,,,2.9861978026892633,3.0576071669727782
208.0144596,2.0,4.38,3.59,1.663700694,4.237015459,3.414088458,,,2.9669010989841937,3.0480007644761247
208.064558,2.05,4.38,3.59,1.723484842,4.237015459,3.414088458,,,2.9669010989841937,3.0259898947600723
208.1147993,2.05,4.38,3.59,1.723484842,4.237015459,3.414088458,,,2.9669010989841937,3.0259898947600723
208.1650273,2.05,4.36,3.6,1.723484842,4.216337273,3.424602167,,,2.9397912085129643,3.020309101805077
208.2153704,2.05,4.36,3.6,1.723484842,4.216337273,3.424602167,,,2.9397912085129643,3.020309101805077
208.2657061,2.05,4.36,3.6,1.723484842,4.216337273,3.424602167,,,2.9397912085129643,3.020309101805077
208.3160557,2.05,4.47,3.56,1.723484842,4.329988453,3.38252864,,,3.0780000002959436,3.0579826088230333
208.3662009,2.05,4.47,3.56,1.723484842,4.329988453,3.38252864,,,3.0780000002959436,3.0579826088230333
208.4165298,2.05,4.47,3.56,1.723484842,4.329988453,3.38252864,,,3.0780000002959436,3.0579826088230333
208.4668675,2.07,4.34,3.59,1.747226373,4.195652512,3.414088458,,,2.928571428835504,2.997951863544423
208.516994,2.07,4.34,3.59,1.747226373,4.195652512,3.414088458,,,2.928571428835504,2.997951863544423
208.5673267,2.07,4.28,3.59,1.747226373,4.13355779,3.414088458,,,2.871736264200095,2.9696578359324475
208.6176581,2.07,4.28,3.52,1.747226373,4.13355779,3.340404167,,,2.926428571907551,2.942787267363132
208.6677968,2.07,4.28,3.52,1.747226373,4.13355779,3.340404167,,,2.926428571907551,2.942787267363132
208.7179288,2.07,4.32,3.52,1.747226373,4.174961078,3.340404167,,,2.9642307696597756,2.961606187548478
208.7683039,2.09,4.32,3.55,1.77087549,4.174961078,3.372002372,,,2.9409230775869553,2.9640138794607767
208.8184184,2.09,4.32,3.55,1.77087549,4.174961078,3.372002372,,,2.9409230775869553,2.9640138794607767
208.8685489,2.09,4.28,3.52,1.77087549,4.13355779,3.340404167,,,2.926428571907551,2.933743788822262
208.9188458,2.09,4.28,3.52,1.77087549,4.13355779,3.340404167,,,2.926428571907551,2.933743788822262
208.9689903,2.09,4.28,3.52,1.77087549,4.13355779,3.340404167,,,2.926428571907551,2.933743788822262
209.0193306,2.09,4.24,3.48,1.77087549,4.092126587,3.298226796,,,2.919747253426357,2.8999828714633042
209.0694517,2.11,4.24,3.48,1.794435844,4.092126587,3.298226796,,,2.919747253426357,2.8908524369905586
209.119784,2.11,4.24,3.48,1.794435844,4.092126587,3.298226796,,,2.919747253426357,2.8908524369905586
209.1700584,2.11,4.16,3.5,1.794435844,4.009176973,3.31932222,,,2.8305604396316166,2.8616268277681023
209.2205768,2.16,4.16,3.5,1.852970588,4.009176973,3.31932222,,,2.8305604396316166,2.8384203058375514
209.2707951,2.16,4.16,3.5,1.852970588,4.009176973,3.31932222,,,2.8305604396316166,2.8384203058375514
209.3211358,2.14,4.13,3.49,1.829617446,3.978039718,3.308776209,,,2.8109120875539677,2.8303888438623934
209.3714841,2.14,4.13,3.49,1.829617446,3.978039718,3.308776209,,,2.8109120875539677,2.8303888438623934
209.4218154,2.14,4.13,3.49,1.829617446,3.978039718,3.308776209,,,2.8109120875539677,2.8303888438623934
209.4719321,2.17,4.22,3.5,1.864617923,4.071400251,3.31932222,,,2.88581318721507,2.8612200433541215
209.5220691,2.17,4.22,3.5,1.864617923,4.071400251,3.31932222,,,2.88581318721507,2.8612200433541215
209.5721809,2.17,4.22,3.5,1.864617923,4.071400251,3.31932222,,,2.88581318721507,2.8612200433541215
209.6224864,2.2,4.11,3.46,1.899447288,3.957271787,3.277117636,,,2.815714285275159,2.781812111614337
209.6728296,2.2,4.11,3.46,1.899447288,3.957271787,3.277117636,,,2.815714285275159,2.781812111614337
209.7231393,2.2,4.07,3.46,1.899447288,3.91571194,3.277117636,,,2.779758241414982,2.7639122549969883
209.7734746,2.21,4.07,3.46,1.91102067,3.91571194,3.277117636,,,2.779758241414982,2.7591187765973477
209.8238047,2.21,4.07,3.46,1.91102067,3.91571194,3.277117636,,,2.779758241414982,2.7591187765973477
209.8739498,2.21,3.99,3.46,1.91102067,3.832492661,3.277117636,,,2.7089010985095205,2.723844242411802
209.924082,2.21,3.99,3.46,1.91102067,3.832492661,3.277117636,,,2.7089010985095205,2.723844242411802
209.9741953,2.21,3.99,3.46,1.91102067,3.832492661,3.277117636,,,2.7089010985095205,2.723844242411802
210.0245316,2.21,4.01,3.44,1.91102067,3.853310265,3.255994472,,,2.7416483512812984,2.7251466792821364
210.0747014,2.21,4.01,3.44,1.91102067,3.853310265,3.255994472,,,2.7416483512812984,2.7251466792821364
210.1250894,2.21,4.01,3.44,1.91102067,3.853310265,3.255994472,,,2.7416483512812984,2.7251466792821364
210.1752311,2.21,4.05,3.41,1.91102067,3.894919768,3.224282866,,,2.7996593405687915,2.731689106371629
210.225547,2.22,4.05,3.41,1.922576396,3.894919768,3.224282866,,,2.7996593405687915,2.7268738892749873
210.2758731,2.22,4.05,3.41,1.922576396,3.894919768,3.224282866,,,2.7996593405687915,2.7268738892749873
210.3262041,2.29,4.01,3.44,2.002997753,3.853310265,3.255994472,,,2.7416483512812984,2.686016244786941
210.3765313,2.29,4.01,3.44,2.002997753,3.853310265,3.255994472,,,2.7416483512812984,2.686016244786941
210.426674,2.29,4.01,3.44,2.002997753,3.853310265,3.255994472,,,2.7416483512812984,2.686016244786941
210.4768592,2.29,4.01,3.43,2.002997753,3.853310265,3.245427553,,,2.749197801822286,2.682307166912455
210.5271832,2.29,4.01,3.43,2.002997753,3.853310265,3.245427553,,,2.749197801822286,2.682307166912455
210.5775261,2.29,4.01,3.43,2.002997753,3.853310265,3.245427553,,,2.749197801822286,2.682307166912455
210.627856,2.33,3.93,3.41,2.048609284,3.769986737,3.224282866,,,2.6944285711181024,2.620085093175119
210.678,2.33,3.93,3.41,2.048609284,3.769986737,3.224282866,,,2.6944285711181024,2.620085093175119
210.7281396,2.33,3.87,3.41,2.048609284,3.707398009,3.224282866,,,2.6429999996874716,2.594482608702043
210.7782934,2.33,3.87,3.41,2.048609284,3.707398009,3.224282866,,,2.6429999996874716,2.594482608702043
210.8284104,2.33,3.87,3.41,2.048609284,3.707398009,3.224282866,,,2.6429999996874716,2.594482608702043
210.8787359,2.33,3.87,3.41,2.048609284,3.707398009,3.224282866,,,2.6429999996874716,2.594482608702043
210.9290477,2.33,3.87,3.41,2.048609284,3.707398009,3.224282866,,,2.6429999996874716,2.594482608702043
210.9791689,2.33,3.87,3.41,2.048609284,3.707398009,3.224282866,,,2.6429999996874716,2.594482608702043
211.029486,2.33,3.8,3.39,2.048609284,3.634267464,3.203123476,,,2.5989450546578756,2.5577682993852613
211.0798255,2.35,3.8,3.39,2.071328076,3.634267464,3.203123476,,,2.5989450546578756,2.5475943863488624
211.1301604,2.35,3.8,3.39,2.071328076,3.634267464,3.203123476,,,2.5989450546578756,2.5475943863488624
211.180316,2.35,3.81,3.37,2.071328076,3.644722212,3.181949088,,,2.622164835606829,2.5444581464432003
211.2306359,2.38,3.81,3.37,2.105302829,3.644722212,3.181949088,,,2.622164835606829,2.529034233033468
211.2808034,2.38,3.81,3.37,2.105302829,3.644722212,3.181949088,,,2.622164835606829,2.529034233033468
211.3309092,2.39,3.85,3.41,2.116601049,3.68651597,3.224282866,,,2.626032966712513,2.5552533681409333
211.3812882,2.39,3.85,3.41,2.116601049,3.68651597,3.224282866,,,2.626032966712513,2.5552533681409333
211.4314926,2.39,3.85,3.41,2.116601049,3.68651597,3.224282866,,,2.626032966712513,2.5552533681409333
211.4818534,2.39,3.79,3.4,2.116601049,3.62381015,3.213705027,,,2.583142857437138,2.526499379021659
211.5319924,2.39,3.79,3.4,2.116601049,3.62381015,3.213705027,,,2.583142857437138,2.526499379021659
211.5823267,2.39,3.79,3.4,2.116601049,3.62381015,3.213705027,,,2.583142857437138,2.526499379021659
211.6326583,2.44,3.7,3.4,2.172901286,3.529575045,3.213705027,,,2.509065933815569,2.4633719542108614
211.6827914,2.44,3.7,3.4,2.172901286,3.529575045,3.213705027,,,2.509065933815569,2.4633719542108614
211.7329334,2.44,3.7,3.4,2.172901286,3.529575045,3.213705027,,,2.509065933815569,2.4633719542108614
211.7833125,2.43,3.66,3.38,2.161666024,3.487620966,3.192538175,,,2.491615385016532,2.4452389633578346
211.8335119,2.43,3.66,3.38,2.161666024,3.487620966,3.192538175,,,2.491615385016532,2.4452389633578346
211.8838509,2.43,3.7,3.38,2.161666024,3.529575045,3.192538175,,,2.523967032907079,2.461344457633781
211.934147,2.48,3.7,3.42,2.217724059,3.529575045,3.234857029,,,2.494076923100664,2.449344815652643
211.9842569,2.48,3.7,3.42,2.217724059,3.529575045,3.234857029,,,2.494076923100664,2.449344815652643
212.0343532,2.48,3.64,3.42,2.217724059,3.466626602,3.234857029,,,2.445681318639929,2.42525222125806
212.0846921,2.48,3.64,3.42,2.217724059,3.466626602,3.234857029,,,2.445681318639929,2.42525222125806
212.1349913,2.48,3.64,3.42,2.217724059,3.466626602,3.234857029,,,2.445681318639929,2.42525222125806
212.1851326,2.48,3.58,3.37,2.217724059,3.403571653,3.181949088,,,2.4353846152177057,2.383224079831923
212.2352815,2.5,3.58,3.37,2.240066963,3.403571653,3.181949088,,,2.4353846152177057,2.372397993217074
212.2856042,2.5,3.58,3.37,2.240066963,3.403571653,3.181949088,,,2.4353846152177057,2.372397993217074
212.335935,2.5,3.55,3.39,2.240066963,3.372002372,3.203123476,,,2.3970219773924506,2.367995723938664
212.3862312,2.53,3.55,3.39,2.273499505,3.372002372,3.203123476,,,2.3970219773924506,2.3515935499700547
212.4365667,2.53,3.55,3.39,2.273499505,3.372002372,3.203123476,,,2.3970219773924506,2.3515935499700547
212.4867591,2.51,3.59,3.38,2.25122189,3.414088458,3.192538175,,,2.4358461538699436,2.374519063645816
212.5370706,2.51,3.59,3.38,2.25122189,3.414088458,3.192538175,,,2.4358461538699436,2.374519063645816
212.5874026,2.51,3.59,3.38,2.25122189,3.414088458,3.192538175,,,2.4358461538699436,2.374519063645816
212.6377305,2.57,3.54,3.39,2.317930111,3.361472891,3.203123476,,,2.3892307686181944,2.3255409699231717
212.6881195,2.57,3.54,3.39,2.317930111,3.361472891,3.203123476,,,2.3892307686181944,2.3255409699231717
212.7384441,2.57,3.54,3.39,2.317930111,3.361472891,3.203123476,,,2.3892307686181944,2.3255409699231717
212.7887668,2.54,3.54,3.4,2.284622507,3.361472891,3.213705027,,,2.3817692303695415,2.345869899583327
212.8390869,2.54,3.54,3.4,2.284622507,3.361472891,3.213705027,,,2.3817692303695415,2.345869899583327
212.8892268,2.54,3.5,3.4,2.284622507,3.31932222,3.213705027,,,2.3508241757824897,2.3304646441475985
212.9395403,2.6,3.5,3.38,2.351148655,3.31932222,3.192538175,,,2.3657252748739994,2.2896219304181464
212.989844,2.6,3.5,3.38,2.351148655,3.31932222,3.192538175,,,2.3657252748739994,2.2896219304181464
213.0399908,2.6,3.44,3.38,2.351148655,3.255994472,3.192538175,,,2.319967033281563,2.266842284060172
213.0903193,2.6,3.44,3.39,2.351148655,3.255994472,3.203123476,,,2.312527472438707,2.270497372648184
213.140639,2.6,3.44,3.39,2.351148655,3.255994472,3.203123476,,,2.312527472438707,2.270497372648184
213.1907806,2.6,3.43,3.35,2.351148655,3.245427553,3.160759402,,,2.334604396092326,2.252183492774559
213.2411193,2.66,3.43,3.35,2.417333241,3.245427553,3.160759402,,,2.334604396092326,2.2178791449337703
213.291418,2.66,3.43,3.35,2.417333241,3.245427553,3.160759402,,,2.334604396092326,2.2178791449337703
213.3417381,2.66,3.38,3.41,2.417333241,3.192538175,3.224282866,,,2.252615384489138,2.2211498329236807
213.3919305,2.68,3.38,3.41,2.439323677,3.192538175,3.224282866,,,2.252615384489138,2.2095411369313727
213.4422935,2.68,3.38,3.41,2.439323677,3.192538175,3.224282866,,,2.252615384489138,2.2095411369313727
213.4924402,2.7,3.3,3.36,2.461280155,3.107716203,3.171356177,,,2.231087911757437,2.150335069113945
213.5427586,2.7,3.3,3.36,2.461280155,3.107716203,3.171356177,,,2.231087911757437,2.150335069113945
213.592902,2.7,3.3,3.36,2.461280155,3.107716203,3.171356177,,,2.231087911757437,2.150335069113945
213.6432394,2.71,3.32,3.38,2.472245942,3.128945509,3.192538175,,,2.2308241757647185,2.1589755137064426
213.6935692,2.71,3.32,3.38,2.472245942,3.128945509,3.192538175,,,2.2308241757647185,2.1589755137064426
213.7439107,2.71,3.32,3.38,2.472245942,3.128945509,3.192538175,,,2.2308241757647185,2.1589755137064426
213.7940451,2.71,3.26,3.37,2.472245942,3.065207986,3.181949088,,,2.1948571427268284,2.133733229845374
213.8441628,2.71,3.26,3.37,2.472245942,3.065207986,3.181949088,,,2.1948571427268284,2.133733229845374
213.8944489,2.71,3.26,3.37,2.472245942,3.065207986,3.181949088,,,2.1948571427268284,2.133733229845374
213.9447656,2.71,3.26,3.37,2.472245942,3.065207986,3.181949088,,,2.1948571427268284,2.133733229845374
213.9951003,2.71,3.26,3.37,2.472245942,3.065207986,3.181949088,,,2.1948571427268284,2.133733229845374
214.0453811,2.71,3.21,3.37,2.472245942,3.011976096,3.181949088,,,2.1593076927748753,2.116035786282337
214.0957237,2.73,3.21,3.39,2.494153163,3.011976096,3.203123476,,,2.144450549491547,2.1115090781163808
214.1460531,2.73,3.21,3.39,2.494153163,3.011976096,3.203123476,,,2.144450549491547,2.1115090781163808
214.196138,2.73,3.22,3.36,2.494153163,3.022631304,3.171356177,,,2.173769230607108,2.104093812725403
214.2462894,2.8,3.22,3.36,2.570583591,3.022631304,3.171356177,,,2.173769230607108,2.0620177260063217
214.2965258,2.8,3.22,3.36,2.570583591,3.022631304,3.171356177,,,2.173769230607108,2.0620177260063217
214.3468457,2.8,3.16,3.37,2.570583591,2.95863144,3.181949088,,,2.124307692212356,2.0447096989824094
214.3971687,2.79,3.16,3.37,2.559687481,2.95863144,3.181949088,,,2.124307692212356,2.050785785713968
214.4474907,2.79,3.16,3.37,2.559687481,2.95863144,3.181949088,,,2.124307692212356,2.050785785713968
214.4977586,2.8,3.18,3.36,2.570583591,2.979983221,3.171356177,,,2.1456373622027995,2.048012948039829
214.5480901,2.8,3.18,3.36,2.570583591,2.979983221,3.171356177,,,2.1456373622027995,2.048012948039829
214.5982442,2.8,3.18,3.36,2.570583591,2.979983221,3.171356177,,,2.1456373622027995,2.048012948039829
214.6485677,2.82,3.14,3.42,2.592354142,2.937260629,3.234857029,,,2.0731538466596446,2.0439287628507965
214.698886,2.82,3.14,3.42,2.592354142,2.937260629,3.234857029,,,2.0731538466596446,2.0439287628507965
214.7492101,2.82,3.14,3.42,2.592354142,2.937260629,3.234857029,,,2.0731538466596446,2.0439287628507965
214.7995249,2.85,3.09,3.39,2.624957143,2.883747562,3.203123476,,,2.0613736262460023,1.99736860957851
214.8498546,2.85,3.09,3.39,2.624957143,2.883747562,3.203123476,,,2.0613736262460023,1.99736860957851
214.9001711,2.85,3.09,3.39,2.624957143,2.883747562,3.203123476,,,2.0613736262460023,1.99736860957851
214.9504955,2.85,3.06,3.38,2.624957143,2.85157851,3.192538175,,,2.0485384615232407,1.9836202336980484
215.000605,2.85,3.06,3.38,2.624957143,2.85157851,3.192538175,,,2.0485384615232407,1.9836202336980484
215.0507874,2.85,3.09,3.38,2.624957143,2.883747562,3.192538175,,,2.0688131870888586,1.9937135209904977
215.101135,2.83,3.09,3.38,2.603228764,2.883747562,3.192538175,,,2.0688131870888586,2.006061347606776
215.1514468,2.83,3.09,3.38,2.603228764,2.883747562,3.192538175,,,2.0688131870888586,2.006061347606776
215.2017395,2.83,3.05,3.38,2.603228764,2.840844945,3.192538175,,,2.041824176120848,1.9926255138857443
215.2520674,2.87,3.05,3.38,2.64665827,2.840844945,3.192538175,,,2.041824176120848,1.967842905142003
215.3024088,2.87,3.05,3.38,2.64665827,2.840844945,3.192538175,,,2.041824176120848,1.967842905142003
215.3525263,2.87,3.01,3.37,2.64665827,2.797856322,3.181949088,,,2.02260439559685,1.9509378404671969
215.4026651,2.92,3.01,3.37,2.700796179,2.797856322,3.181949088,,,2.02260439559685,1.9194704489083263
215.4530602,2.92,3.01,3.37,2.700796179,2.797856322,3.181949088,,,2.02260439559685,1.9194704489083263
215.5033886,2.92,2.99,3.39,2.700796179,2.776328511,3.203123476,,,1.9945604393944125,1.9202050885247535
215.5537249,2.9,2.99,3.39,2.679160316,2.776328511,3.203123476,,,1.9945604393944125,1.932857262619512
215.6039077,2.9,2.99,3.39,2.679160316,2.776328511,3.203123476,,,1.9945604393944125,1.932857262619512
215.6542254,2.93,2.94,3.36,2.711604691,2.722407023,3.171356177,,,1.9842307689542493,1.886693143799273
215.7045545,2.93,2.94,3.36,2.711604691,2.722407023,3.171356177,,,1.9842307689542493,1.886693143799273
215.7548804,2.93,2.94,3.36,2.711604691,2.722407023,3.171356177,,,1.9842307689542493,1.886693143799273
215.805214,2.95,2.92,3.38,2.733203249,2.700796179,3.192538175,,,1.9565384617218318,1.8747767557798005
215.8553745,2.95,2.92,3.38,2.733203249,2.700796179,3.192538175,,,1.9565384617218318,1.8747767557798005
215.9056913,2.95,2.92,3.38,2.733203249,2.700796179,3.192538175,,,1.9565384617218318,1.8747767557798005
215.9558565,2.95,2.9,3.42,2.733203249,2.679160316,3.234857029,,,1.9138571429404956,1.8830940991732632
216.0059471,2.95,2.9,3.42,2.733203249,2.679160316,3.234857029,,,1.9138571429404956,1.8830940991732632
216.0560755,2.95,2.83,3.42,2.733203249,2.603228764,3.234857029,,,1.8697802197413471,1.8611514569719483
216.1064136,3.0,2.83,3.42,2.787095262,2.603228764,3.234857029,,,1.8697802197413471,1.8288145005460033
216.1566071,3.0,2.83,3.42,2.787095262,2.603228764,3.234857029,,,1.8697802197413471,1.8288145005460033
216.206933,3.0,2.81,3.42,2.787095262,2.581472448,3.234857029,,,1.8573846155727916,1.8226436454273096
216.2573135,3.01,2.81,3.44,2.797856322,2.581472448,3.255994472,,,1.8423076920976433,1.8235183948854778
216.3074829,3.01,2.81,3.44,2.797856322,2.581472448,3.255994472,,,1.8423076920976433,1.8235183948854778
216.3576033,3.01,2.72,3.48,2.797856322,2.483203576,3.298226796,,,1.7571978024183255,1.8112354276492377
216.4079245,3.01,2.72,3.48,2.797856322,2.483203576,3.298226796,,,1.7571978024183255,1.8112354276492377
216.4582297,3.01,2.72,3.48,2.797856322,2.483203576,3.298226796,,,1.7571978024183255,1.8112354276492377
216.5085702,3.01,2.7,3.45,2.797856322,2.461280155,3.266557821,,,1.768131868512149,1.7940808649094069
216.5588917,3.08,2.7,3.45,2.87302976,2.461280155,3.266557821,,,1.768131868512149,1.7477439080300277
216.6092198,3.08,2.7,3.45,2.87302976,2.461280155,3.266557821,,,1.768131868512149,1.7477439080300277
216.6595115,3.04,2.68,3.45,2.830106005,2.439323677,3.266557821,,,1.7563076926633547,1.768466220738845
216.7098476,3.04,2.68,3.45,2.830106005,2.439323677,3.266557821,,,1.7563076926633547,1.768466220738845
216.7599912,3.04,2.68,3.45,2.830106005,2.439323677,3.266557821,,,1.7563076926633547,1.768466220738845
216.8103249,3.15,2.57,3.48,2.947948439,2.317930111,3.298226796,,,1.6700000001789064,1.6740869564857914
216.8606606,3.15,2.57,3.48,2.947948439,2.317930111,3.298226796,,,1.6700000001789064,1.6740869564857914
216.9109914,3.15,2.57,3.48,2.947948439,2.317930111,3.298226796,,,1.6700000001789064,1.6740869564857914
216.9611605,3.15,2.57,3.48,2.947948439,2.317930111,3.298226796,,,1.6700000001789064,1.6740869564857914
217.0114873,3.15,2.57,3.48,2.947948439,2.317930111,3.298226796,,,1.6700000001789064,1.6740869564857914
217.0615794,3.15,2.54,3.48,2.947948439,2.284622507,3.298226796,,,1.6531538463339053,1.6657005016368664
217.1117405,3.12,2.54,3.48,2.915870367,2.284622507,3.298226796,,,1.6531538463339053,1.686146154012282
217.162098,3.12,2.54,3.48,2.915870367,2.284622507,3.298226796,,,1.6531538463339053,1.686146154012282
217.2122121,3.12,2.51,3.48,2.915870367,2.25122189,3.298226796,,,1.6365054945233788,1.6778581701761717
217.2624723,3.19,2.51,3.5,2.990652103,2.25122189,3.31932222,,,1.621164834926312,1.6373842329315125
217.3127878,3.19,2.51,3.5,2.990652103,2.25122189,3.31932222,,,1.621164834926312,1.6373842329315125
217.3630992,3.19,2.5,3.5,2.990652103,2.240066963,3.31932222,,,1.6156593404987156,1.6346434541838613
217.413439,3.19,2.5,3.49,2.990652103,2.240066963,3.308776209,,,1.6233406590636956,1.6308695889758495
217.4637848,3.19,2.5,3.49,2.990652103,2.240066963,3.308776209,,,1.6233406590636956,1.6308695889758495
217.513926,3.19,2.49,3.52,2.990652103,2.228901075,3.340404167,,,1.594747253101669,1.6394937409715529
217.5640851,3.21,2.49,3.52,3.011976096,2.228901075,3.340404167,,,1.594747253101669,1.6255806973088263
217.614415,3.21,2.49,3.52,3.011976096,2.228901075,3.340404167,,,1.594747253101669,1.6255806973088263
217.6647495,3.21,2.43,3.46,3.011976096,2.161666024,3.277117636,,,1.608329670234477,1.58682063988921
217.7150605,3.25,2.43,3.46,3.054570346,2.161666024,3.277117636,,,1.608329670234477,1.5587336838253882
217.7655556,3.25,2.43,3.46,3.054570346,2.161666024,3.277117636,,,1.608329670234477,1.5587336838253882
217.8158879,3.24,2.43,3.55,3.043928383,2.161666024,3.372002372,,,1.539000000279378,1.5998499996978464
217.8661814,3.24,2.43,3.55,3.043928383,2.161666024,3.372002372,,,1.539000000279378,1.5998499996978464
217.9165022,3.24,2.43,3.55,3.043928383,2.161666024,3.372002372,,,1.539000000279378,1.5998499996978464
217.9668351,3.28,2.45,3.53,3.086470476,2.184124539,3.350940167,,,1.5652857141810959,1.5691965841895372
218.0171833,3.28,2.45,3.53,3.086470476,2.184124539,3.350940167,,,1.5652857141810959,1.5691965841895372
218.0674685,3.28,2.45,3.53,3.086470476,2.184124539,3.350940167,,,1.5652857141810959,1.5691965841895372
218.1177976,3.31,2.4,3.55,3.118332888,2.127886275,3.372002372,,,1.523076923358214,1.5420861201491114
218.1681071,3.31,2.4,3.55,3.118332888,2.127886275,3.372002372,,,1.523076923358214,1.5420861201491114
218.2182672,3.31,2.36,3.55,3.118332888,2.08266656,3.372002372,,,1.5021538465240227,1.5316700666816554
218.2683917,3.32,2.36,3.58,3.128945509,2.08266656,3.403571653,,,1.4786483519820965,1.536011896836075
218.3187381,3.32,2.36,3.58,3.128945509,2.08266656,3.403571653,,,1.4786483519820965,1.536011896836075
218.3688985,3.32,2.4,3.58,3.128945509,2.127886275,3.403571653,,,1.4995714288162878,1.5464279503035305
218.4192395,3.33,2.4,3.57,3.139554108,2.127886275,3.393051724,,,1.5074285711641757,1.5353394413708283
218.4695307,3.33,2.4,3.57,3.139554108,2.127886275,3.393051724,,,1.5074285711641757,1.5353394413708283
218.5196795,3.33,2.38,3.57,3.139554108,2.105302829,3.393051724,,,1.4969230769292339,1.5301095322843032
218.5700299,3.39,2.38,3.57,3.203123476,2.105302829,3.393051724,,,1.4969230769292339,1.4862834447361895
218.6203822,3.39,2.38,3.57,3.203123476,2.105302829,3.393051724,,,1.4969230769292339,1.4862834447361895
218.6706947,3.39,2.2,3.59,3.203123476,1.899447288,3.414088458,,,1.390593406685905,1.4489149781704282
218.7209975,3.41,2.2,3.59,3.224282866,1.899447288,3.414088458,,,1.390593406685905,1.4341323697488144
218.7713487,3.41,2.2,3.59,3.224282866,1.899447288,3.414088458,,,1.390593406685905,1.4341323697488144
218.8214758,3.42,2.28,3.62,3.234857029,1.99155718,3.445620409,,,1.4062087910211234,1.4579930725786268
218.8717696,3.42,2.28,3.62,3.234857029,1.99155718,3.445620409,,,1.4062087910211234,1.4579930725786268
218.9219245,3.42,2.28,3.62,3.234857029,1.99155718,3.445620409,,,1.4062087910211234,1.4579930725786268
218.9720592,3.43,2.28,3.61,3.245427553,1.99155718,3.435112807,,,1.4141538466367178,1.4466439796347845
219.0224001,3.43,2.28,3.61,3.245427553,1.99155718,3.435112807,,,1.4141538466367178,1.4466439796347845
219.0727181,3.43,2.28,3.61,3.245427553,1.99155718,3.435112807,,,1.4141538466367178,1.4466439796347845
219.1230641,3.47,2.2,3.6,3.28767395,1.899447288,3.424602167,,,1.382692307436204,1.3931446487793815
219.1733888,3.47,2.2,3.6,3.28767395,1.899447288,3.424602167,,,1.382692307436204,1.3931446487793815
219.2234753,3.47,2.12,3.6,3.28767395,1.806183822,3.424602167,,,1.3447142853443326,1.3742381986510375
219.2737996,3.48,2.12,3.6,3.298226796,1.806183822,3.424602167,,,1.3447142853443326,1.3666838512223607
219.3241055,3.48,2.12,3.6,3.298226796,1.806183822,3.424602167,,,1.3447142853443326,1.3666838512223607
219.3744326,3.48,2.14,3.6,3.298226796,1.829617446,3.424602167,,,1.3540769226908203,1.3713448163361552
219.4247567,3.5,2.14,3.61,3.31932222,1.829617446,3.435112807,,,1.346153846361774,1.360063544887676
219.4751082,3.5,2.14,3.61,3.31932222,1.829617446,3.435112807,,,1.346153846361774,1.360063544887676
219.5251968,3.5,2.08,3.67,3.31932222,1.75906225,3.498113777,,,1.2703296706085556,1.3697945530476805
219.5754897,3.51,2.08,3.67,3.329864862,1.75906225,3.498113777,,,1.2703296706085556,1.3621749879393599
219.6257275,3.51,2.08,3.67,3.329864862,1.75906225,3.498113777,,,1.2703296706085556,1.3621749879393599
219.6758633,3.51,2.04,3.64,3.329864862,1.711578219,3.466626602,,,1.2763186815451808,1.3413195173900778
219.7260403,3.56,2.04,3.64,3.38252864,1.711578219,3.466626602,,,1.2763186815451808,1.3028956042120374
219.7761555,3.56,2.04,3.64,3.38252864,1.711578219,3.466626602,,,1.2763186815451808,1.3028956042120374
219.826239,3.56,2.08,3.64,3.38252864,1.75906225,3.466626602,,,1.2944285716132962,1.3119111799198602
219.8765648,3.56,2.08,3.64,3.38252864,1.75906225,3.466626602,,,1.2944285716132962,1.3119111799198602
219.9266524,3.56,2.08,3.64,3.38252864,1.75906225,3.466626602,,,1.2944285716132962,1.3119111799198602
219.976967,3.56,2.08,3.64,3.38252864,1.75906225,3.466626602,,,1.2944285716132962,1.3119111799198602
220.0270551,3.56,2.08,3.64,3.38252864,1.75906225,3.466626602,,,1.2944285716132962,1.3119111799198602
220.0773867,3.56,2.08,3.64,3.38252864,1.75906225,3.466626602,,,1.2944285716132962,1.3119111799198602
220.1277034,3.6,2.03,3.65,3.424602167,1.699647022,3.477125249,,,1.2638351650725443,1.2734744620700509
220.1780546,3.6,2.03,3.65,3.424602167,1.699647022,3.477125249,,,1.2638351650725443,1.2734744620700509
220.2283833,3.6,2.03,3.65,3.424602167,1.699647022,3.477125249,,,1.2638351650725443,1.2734744620700509
220.2787224,3.63,2.01,3.7,3.456124998,1.675708805,3.529575045,,,1.2145714286667884,1.2653192543239287
220.3290956,3.63,2.01,3.7,3.456124998,1.675708805,3.529575045,,,1.2145714286667884,1.2653192543239287
220.3792196,3.63,1.93,3.7,3.456124998,1.578860348,3.529575045,,,1.179934065956036,1.248075871583141
220.4293599,3.64,1.93,3.67,3.466626602,1.578860348,3.498113777,,,1.2042307694120302,1.2282366220706782
220.4794753,3.64,1.93,3.67,3.466626602,1.578860348,3.498113777,,,1.2042307694120302,1.2282366220706782
220.5297997,3.64,2.01,3.67,3.466626602,1.675708805,3.498113777,,,1.2388681321227828,1.2454800048114656
220.5801055,3.65,2.01,3.67,3.477125249,1.675708805,3.498113777,,,1.2388681321227828,1.237556091818069
220.6304416,3.65,2.01,3.67,3.477125249,1.675708805,3.498113777,,,1.2388681321227828,1.237556091818069
220.6807592,3.65,1.9,3.75,3.477125249,1.542044098,3.581954774,,,1.1263736260654111,1.246075131861702
220.7309041,3.68,1.9,3.75,3.508603711,1.542044098,3.581954774,,,1.1263736260654111,1.2221729575563045
220.7810669,3.68,1.9,3.75,3.508603711,1.542044098,3.581954774,,,1.1263736260654111,1.2221729575563045
220.831212,3.68,1.88,3.74,3.508603711,1.517333187,3.571484285,,,1.1262967035571005,1.2139933586359246
220.881533,3.72,1.88,3.74,3.550535171,1.517333187,3.571484285,,,1.1262967035571005,1.1818194456288569
220.9318538,3.72,1.88,3.74,3.550535171,1.517333187,3.571484285,,,1.1262967035571005,1.1818194456288569
220.9819417,3.76,1.79,3.69,3.592422581,1.404279175,3.519090792,,,1.13082417571423,1.1111711659382235
221.0322833,3.76,1.79,3.69,3.592422581,1.404279175,3.519090792,,,1.13082417571423,1.1111711659382235
221.0825861,3.76,1.79,3.69,3.592422581,1.404279175,3.519090792,,,1.13082417571423,1.1111711659382235
221.1329343,3.78,1.8,3.77,3.613350246,1.417003881,3.602887731,,,1.0691868128108497,1.128964739629974
221.183297,3.78,1.8,3.77,3.613350246,1.417003881,3.602887731,,,1.0691868128108497,1.128964739629974
221.233631,3.78,1.8,3.77,3.613350246,1.417003881,3.602887731,,,1.0691868128108497,1.128964739629974
221.2837669,3.85,1.85,3.78,3.68651597,1.48,3.613350246,,,1.0809450549155755,1.0849704733387562
221.3338725,3.85,1.85,3.78,3.68651597,1.48,3.613350246,,,1.0809450549155755,1.0849704733387562
221.384009,3.85,1.81,3.78,3.68651597,1.42968528,3.613350246,,,1.0648571428110347,1.076961491008452
221.4342928,3.83,1.81,3.81,3.665624094,1.42968528,3.644722212,,,1.0398351645277475,1.1059505497467323
221.4846128,3.83,1.81,3.81,3.665624094,1.42968528,3.644722212,,,1.0398351645277475,1.1059505497467323
221.5347266,3.83,1.76,3.81,3.665624094,1.365833079,3.644722212,,,1.020219779894994,1.0961854995708615
221.5850731,3.87,1.76,3.84,3.707398009,1.365833079,3.676071272,,,0.9950000003150461,1.0750978262097226
221.6353681,3.87,1.76,3.84,3.707398009,1.365833079,3.676071272,,,0.9950000003150461,1.0750978262097226
221.6855073,3.87,1.74,3.8,3.707398009,1.339962686,3.634267464,,,1.0208901098882792,1.054769207178277
221.7356435,3.89,1.74,3.8,3.728270376,1.339962686,3.634267464,,,1.0208901098882792,1.0378996420237094
221.7860015,3.89,1.74,3.8,3.728270376,1.339962686,3.634267464,,,1.0208901098882792,1.0378996420237094
221.8363312,3.89,1.68,3.85,3.728270376,1.261070973,3.68651597,,,0.9563076925140797,1.0473249165456893
221.8866638,3.94,1.68,3.85,3.780410031,1.261070973,3.68651597,,,0.9563076925140797,1.004770568075446
221.9369415,3.94,1.68,3.85,3.780410031,1.261070973,3.68651597,,,0.9563076925140797,1.004770568075446
221.9870652,3.92,1.69,3.82,3.759561145,1.274362586,3.655174414,,,0.9852967037182813,1.0112781409561156
222.0371777,3.92,1.69,3.82,3.759561145,1.274362586,3.655174414,,,0.9852967037182813,1.0112781409561156
222.0875074,3.92,1.69,3.82,3.759561145,1.274362586,3.655174414,,,0.9852967037182813,1.0112781409561156
222.1376345,3.95,1.68,3.83,3.790831043,1.261070973,3.665624094,,,0.9731868132340487,0.9879016963644344
222.1879258,3.95,1.68,3.83,3.790831043,1.261070973,3.665624094,,,0.9731868132340487,0.9879016963644344
222.2383161,3.95,1.68,3.83,3.790831043,1.261070973,3.665624094,,,0.9731868132340487,0.9879016963644344
222.2886129,3.95,1.65,3.85,3.790831043,1.220819397,3.68651597,,,0.945329670662242,0.9907293361006131
222.3387792,3.95,1.65,3.85,3.790831043,1.220819397,3.68651597,,,0.945329670662242,0.9907293361006131
222.3889152,3.95,1.65,3.85,3.790831043,1.220819397,3.68651597,,,0.945329670662242,0.9907293361006131
222.439036,3.98,1.65,3.83,3.822080585,1.220819397,3.665624094,,,0.9622087913822113,0.9565778548706417
222.489174,3.98,1.65,3.83,3.822080585,1.220819397,3.665624094,,,0.9622087913822113,0.9565778548706417
222.539462,3.98,1.73,3.83,3.822080585,1.326951393,3.665624094,,,0.9919230770188263,0.9713704014158261
222.5898135,3.97,1.73,3.83,3.811666302,1.326951393,3.665624094,,,0.9919230770188263,0.9800117058105643
222.6401499,3.97,1.73,3.83,3.811666302,1.326951393,3.665624094,1,1.0,0.9919230770188263,0.9800117058105643
222.6904661,3.97,1.65,3.83,3.811666302,1.220819397,3.665624094,,,0.9622087913822113,0.9652191592653799
222.7405943,3.96,1.65,3.85,3.801249794,1.220819397,3.68651597,,,0.945329670662242,0.982131510034029
222.7909391,3.96,1.65,3.85,3.801249794,1.220819397,3.68651597,,,0.945329670662242,0.982131510034029
222.8410814,3.96,1.59,3.82,3.801249794,1.138419958,3.655174414,,,0.9492527476936784,0.9590736505230708
222.8914061,3.95,1.59,3.82,3.790831043,1.138419958,3.655174414,,,0.9492527476936784,0.9676714765896549
222.9415343,3.95,1.59,3.82,3.790831043,1.138419958,3.655174414,,,0.9492527476936784,0.9676714765896549
222.991861,3.95,1.59,3.82,3.790831043,1.138419958,3.655174414,,,0.9492527476936784,0.9676714765896549
223.0421952,3.95,1.59,3.82,3.790831043,1.138419958,3.655174414,,,0.9492527476936784,0.9676714765896549
223.0923103,3.95,1.59,3.82,3.790831043,1.138419958,3.655174414,,,0.9492527476936784,0.9676714765896549
223.1425075,3.93,1.63,3.86,3.769986737,1.193649865,3.696958209,,,0.9296483517716516,1.0084336362011679
223.1928454,3.93,1.63,3.86,3.769986737,1.193649865,3.696958209,,,0.9296483517716516,1.0084336362011679
223.243174,3.93,1.63,3.86,3.769986737,1.193649865,3.696958209,,,0.9296483517716516,1.0084336362011679
223.2935064,3.88,1.7,3.87,3.717835392,1.287594657,3.707398009,,,0.9467692311645917,1.067804681941652
223.3438106,3.88,1.7,3.87,3.717835392,1.287594657,3.707398009,,,0.9467692311645917,1.067804681941652
223.3941514,3.88,1.7,3.87,3.717835392,1.287594657,3.707398009,,,0.9467692311645917,1.067804681941652
223.4443198,3.82,1.72,3.86,3.655174414,1.313887362,3.696958209,,,0.9627802198825087,1.1175905879776231
223.4944267,3.82,1.72,3.86,3.655174414,1.313887362,3.696958209,,,0.9627802198825087,1.1175905879776231
223.544563,3.82,1.73,3.86,3.655174414,1.326951393,3.696958209,,,0.9665714286035333,1.1194779505800458
223.5949102,3.79,1.73,3.87,3.62381015,1.326951393,3.707398009,,,0.9580769233238985,1.148466554643217
223.6452101,3.79,1.73,3.87,3.62381015,1.326951393,3.707398009,,,0.9580769233238985,1.148466554643217
223.6955617,3.79,1.77,3.87,3.62381015,1.378695035,3.707398009,,,0.9734615387248887,1.1561254175276223
223.7458938,3.76,1.77,3.91,3.592422581,1.378695035,3.749133233,,,0.939263736346002,1.1975465120403281
223.796074,3.76,1.77,3.91,3.592422581,1.378695035,3.749133233,,,0.939263736346002,1.1975465120403281
223.8462104,3.76,1.77,3.93,3.592422581,1.378695035,3.769986737,,,0.9220329672942574,1.2060120637918375
223.8965387,3.72,1.77,3.93,3.550535171,1.378695035,3.769986737,,,0.9220329672942574,1.2385338029190875
223.9466625,3.72,1.77,3.93,3.550535171,1.378695035,3.769986737,,,0.9220329672942574,1.2385338029190875
223.9967446,3.72,1.9,3.92,3.550535171,1.542044098,3.759561145,,,0.9830879117783429,1.2603959389598398
224.0469181,3.72,1.9,3.92,3.550535171,1.542044098,3.759561145,,,0.9830879117783429,1.2603959389598398
224.0972428,3.72,1.9,3.92,3.550535171,1.542044098,3.759561145,,,0.9830879117783429,1.2603959389598398
224.1473817,3.68,1.86,3.93,3.508603711,1.492481156,3.769986737,,,0.9579340663581525,1.2885802195905731
224.1975153,3.68,1.86,3.93,3.508603711,1.492481156,3.769986737,,,0.9579340663581525,1.2885802195905731
224.2476527,3.68,1.86,3.93,3.508603711,1.492481156,3.769986737,,,0.9579340663581525,1.2885802195905731
224.2977973,3.66,1.91,3.93,3.487620966,1.554348738,3.769986737,,,0.9786483518864049,1.3148488528600941
224.3481402,3.66,1.91,3.93,3.487620966,1.554348738,3.769986737,,,0.9786483518864049,1.3148488528600941
224.3984585,3.66,1.91,3.93,3.487620966,1.554348738,3.769986737,,,0.9786483518864049,1.3148488528600941
224.4488079,3.62,1.9,3.93,3.445620409,1.542044098,3.769986737,,,0.9744615387934863,1.3444167219470378
224.4991408,3.62,1.9,3.93,3.445620409,1.542044098,3.769986737,,,0.9744615387934863,1.3444167219470378
224.5492897,3.62,1.94,3.93,3.445620409,1.591068823,3.769986737,,,0.9913406596007358,1.352819588609777
224.5995176,3.57,1.94,3.96,3.393051724,1.591068823,3.801249794,,,0.9653296706744573,1.4046749876450744
224.6496594,3.57,1.94,3.96,3.393051724,1.591068823,3.801249794,,,0.9653296706744573,1.4046749876450744
224.6998422,3.57,1.94,3.96,3.393051724,1.591068823,3.801249794,,,0.9653296706744573,1.4046749876450744
224.7499877,3.52,1.94,3.96,3.340404167,1.591068823,3.801249794,,,0.9653296706744573,1.4432075966481621
224.8003008,3.52,1.94,3.96,3.340404167,1.591068823,3.801249794,,,0.9653296706744573,1.4432075966481621
224.8505169,3.52,2.06,3.96,3.340404167,1.735367396,3.801249794,,,1.0180769233752502,1.4694665550579045
224.9008786,3.51,2.06,4.0,3.329864862,1.735367396,3.842902549,,,0.9830879118669363,1.4942981128564117
224.9512123,3.51,2.06,4.0,3.329864862,1.735367396,3.842902549,,,0.9830879118669363,1.4942981128564117
225.0013635,3.51,2.07,3.99,3.329864862,1.747226373,3.832492661,,,0.9964065936140521,1.4922437169770588
225.0517088,3.48,2.07,3.99,3.298226796,1.747226373,3.832492661,,,0.9964065936140521,1.5150371953824777
225.1020378,3.48,2.07,3.99,3.298226796,1.747226373,3.832492661,,,0.9964065936140521,1.5150371953824777
225.1524492,3.48,2.0,4.0,3.298226796,1.663700694,3.842902549,,,0.9563186811104815,1.5037651698635084
225.2027337,3.43,2.0,4.0,3.245427553,1.663700694,3.842902549,,,0.9563186811104815,1.5413195172636014
225.2530858,3.43,2.0,4.0,3.245427553,1.663700694,3.842902549,,,0.9563186811104815,1.5413195172636014
225.3033989,3.42,2.07,4.04,3.234857029,1.747226373,3.884520562,,,0.9522857144951579,1.581713975099773
225.3537175,3.42,2.07,4.04,3.234857029,1.747226373,3.884520562,,,0.9522857144951579,1.581713975099773
225.4039521,3.42,2.07,4.04,3.234857029,1.747226373,3.884520562,,,0.9522857144951579,1.581713975099773
225.4543061,3.4,2.06,4.06,3.213705027,1.735367396,3.905316889,,,0.9299450544605694,1.6030269948231493
225.5046472,3.4,2.06,4.06,3.213705027,1.735367396,3.905316889,,,0.9299450544605694,1.6030269948231493
225.5549636,3.4,2.06,4.06,3.213705027,1.735367396,3.905316889,,,0.9299450544605694,1.6030269948231493
225.6053179,3.35,2.1,4.05,3.160759402,1.782666542,3.894919768,,,0.9571428572317652,1.6444363356464415
225.6556669,3.35,2.1,4.05,3.160759402,1.782666542,3.894919768,,,0.9571428572317652,1.6444363356464415
225.7060064,3.35,2.19,4.05,3.160759402,1.887855927,3.894919768,,,0.999571428785918,1.6655583853983997
225.7564223,3.27,2.19,4.11,3.075841348,1.887855927,3.957271787,,,0.9457692313102039,1.7495568562522228
225.806723,3.27,2.19,4.11,3.075841348,1.887855927,3.957271787,,,0.9457692313102039,1.7495568562522228
225.8570992,3.27,2.19,4.11,3.075841348,1.887855927,3.957271787,,,0.9457692313102039,1.7495568562522228
225.9074371,3.27,2.19,4.1,3.075841348,1.887855927,3.946884848,,,0.9547912085425325,1.7451243196119914
225.957766,3.27,2.19,4.1,3.075841348,1.887855927,3.946884848,,,0.9547912085425325,1.7451243196119914
226.0078581,3.27,2.19,4.1,3.075841348,1.887855927,3.946884848,,,0.9547912085425325,1.7451243196119914
226.0580078,3.27,2.19,4.1,3.075841348,1.887855927,3.946884848,,,0.9547912085425325,1.7451243196119914
226.1083498,3.27,2.19,4.1,3.075841348,1.887855927,3.946884848,,,0.9547912085425325,1.7451243196119914
226.1586169,3.27,2.28,4.11,3.075841348,1.99155718,3.957271787,,,0.9899780225300414,1.7715651457942725
226.2089588,3.17,2.28,4.11,2.969309684,1.99155718,3.957271787,,,0.9899780225300414,1.8415651456388673
226.2593151,3.17,2.28,4.11,2.969309684,1.99155718,3.957271787,,,0.9899780225300414,1.8415651456388673
226.3096037,3.12,2.35,4.13,2.915870367,2.071328076,3.978039718,,,1.0074835165319056,1.9023776637557532
226.3597498,3.12,2.35,4.13,2.915870367,2.071328076,3.978039718,,,1.0074835165319056,1.9023776637557532
226.4099327,3.12,2.35,4.13,2.915870367,2.071328076,3.978039718,,,1.0074835165319056,1.9023776637557532
226.460055,3.11,2.39,4.13,2.905167809,2.116601049,3.978039718,,,1.0283186816090528,1.9195216914462085
226.5101937,3.11,2.39,4.13,2.905167809,2.116601049,3.978039718,,,1.0283186816090528,1.9195216914462085
226.5605212,3.11,2.39,4.13,2.905167809,2.116601049,3.978039718,,,1.0283186816090528,1.9195216914462085
226.6108712,3.08,2.35,4.15,2.87302976,2.071328076,3.99879982,,,0.9892857140652557,1.9382748444570919
226.6611399,3.08,2.35,4.15,2.87302976,2.071328076,3.99879982,,,0.9892857140652557,1.9382748444570919
226.7112974,3.08,2.39,4.15,2.87302976,2.116601049,3.99879982,,,1.0101208791424028,1.948647133158541
226.7616157,3.02,2.39,4.15,2.808611757,2.116601049,3.99879982,,,1.0101208791424028,1.9884297418853925
226.811937,3.02,2.39,4.15,2.808611757,2.116601049,3.99879982,,,1.0101208791424028,1.9884297418853925
226.8623021,3.02,2.33,4.15,2.808611757,2.048609284,3.99879982,,,0.9789999997866986,1.9729369562930963
226.9126011,2.99,2.33,4.19,2.776328511,2.048609284,4.040297019,,,0.9423406589835939,2.0105456759667035
226.9629376,2.99,2.33,4.19,2.776328511,2.048609284,4.040297019,,,0.9423406589835939,2.0105456759667035
227.0130492,2.99,2.4,4.19,2.776328511,2.127886275,4.040297019,,,0.978725274460779,2.0286588867151276
227.0633896,2.96,2.4,4.19,2.74399344,2.127886275,4.040297019,,,0.978725274460779,2.0480610608703933
227.1137251,2.96,2.4,4.19,2.74399344,2.127886275,4.040297019,,,0.978725274460779,2.0480610608703933
227.1638396,2.96,2.39,4.21,2.74399344,2.116601049,4.061034351,,,0.9550000000687809,2.0545108697341274
227.2139766,2.92,2.39,4.21,2.700796179,2.116601049,4.061034351,,,0.9550000000687809,2.0800760869365225
227.2642136,2.92,2.39,4.21,2.700796179,2.116601049,4.061034351,,,0.9550000000687809,2.0800760869365225
227.3145056,2.89,2.55,4.21,2.668332813,2.295735176,4.061034351,,,1.0418571426727206,2.142261490490278
227.364861,2.89,2.55,4.21,2.668332813,2.295735176,4.061034351,,,1.0418571426727206,2.142261490490278
227.41495,2.89,2.55,4.21,2.668332813,2.295735176,4.061034351,,,1.0418571426727206,2.142261490490278
227.4653032,2.85,2.47,4.27,2.624957143,2.206535746,4.123202639,,,0.9418131863867268,2.172717868839244
227.5154323,2.85,2.47,4.27,2.624957143,2.206535746,4.123202639,,,0.9418131863867268,2.172717868839244
227.5655528,2.85,2.47,4.27,2.624957143,2.206535746,4.123202639,,,0.9418131863867268,2.172717868839244
227.615895,2.81,2.63,4.29,2.581472448,2.384281863,4.143911196,,,1.0126703298787467,2.251209794716924
227.6660772,2.81,2.63,4.29,2.581472448,2.384281863,4.143911196,,,1.0126703298787467,2.251209794716924
227.716188,2.81,2.63,4.29,2.581472448,2.384281863,4.143911196,,,1.0126703298787467,2.251209794716924
227.7665059,2.79,2.56,4.33,2.559687481,2.306837662,4.185307635,,,0.9348571427727836,2.2621245340326652
227.8168691,2.79,2.56,4.33,2.559687481,2.306837662,4.185307635,,,0.9348571427727836,2.2621245340326652
227.8672092,2.79,2.64,4.33,2.559687481,2.395307913,4.185307635,,,0.9805714284056178,2.284882297967271
227.9175098,2.76,2.64,4.31,2.526954689,2.395307913,4.164612827,,,0.999560439479943,2.29365074036652
227.9677694,2.76,2.64,4.31,2.526954689,2.395307913,4.164612827,,,0.999560439479943,2.29365074036652
228.0181047,2.76,2.69,4.31,2.526954689,2.450306103,4.164612827,,,1.0288461538006715,2.3082299329305354
228.068286,2.73,2.69,4.36,2.494153163,2.450306103,4.216337273,,,0.9812087910670296,2.349536550247083
228.1184838,2.73,2.69,4.36,2.494153163,2.450306103,4.216337273,,,0.9812087910670296,2.349536550247083
228.1687969,2.73,2.74,4.4,2.494153163,2.505094809,4.257687166,,,0.9725384613799596,2.383307190884611
228.2190743,2.73,2.74,4.4,2.494153163,2.505094809,4.257687166,,,0.9725384613799596,2.383307190884611
228.2694006,2.73,2.74,4.4,2.494153163,2.505094809,4.257687166,,,0.9725384613799596,2.383307190884611
228.3197454,2.73,2.73,4.42,2.494153163,2.494153163,4.278352487,,,0.9471428568663535,2.3898385094526176
228.3699047,2.69,2.73,4.42,2.450306103,2.494153163,4.278352487,,,0.9471428568663535,2.4134037270726023
228.4202389,2.69,2.73,4.42,2.450306103,2.494153163,4.278352487,,,0.9471428568663535,2.4134037270726023
228.4705702,2.68,2.79,4.44,2.439323677,2.559687481,4.299011514,,,0.964065934382808,2.4469263017179386
228.5208613,2.68,2.79,4.44,2.439323677,2.559687481,4.299011514,,,0.964065934382808,2.4469263017179386
228.5711882,2.68,2.79,4.44,2.439323677,2.559687481,4.299011514,,,0.964065934382808,2.4469263017179386
228.6215278,2.64,2.8,4.44,2.395307913,2.570583591,4.299011514,,,0.9702087912982288,2.4731148112576133
228.6718394,2.64,2.8,4.44,2.395307913,2.570583591,4.299011514,,,0.9702087912982288,2.4731148112576133
228.7221807,2.64,2.8,4.44,2.395307913,2.570583591,4.299011514,,,0.9702087912982288,2.4731148112576133
228.7725575,2.58,2.82,4.5,2.329012666,2.592354142,4.360951731,,,0.923615384333259,2.5422672241271522
228.8226695,2.58,2.82,4.5,2.329012666,2.592354142,4.360951731,,,0.923615384333259,2.5422672241271522
228.8727766,2.58,2.89,4.5,2.329012666,2.668332813,4.360951731,,,0.9675384616286367,2.5641332778241983
228.9229161,2.54,2.89,4.44,2.284622507,2.668332813,4.299011514,,,1.0264835168602109,2.5574341853514535
228.9730473,2.54,2.89,4.44,2.284622507,2.668332813,4.299011514,,,1.0264835168602109,2.5574341853514535
229.0233701,2.54,2.89,4.44,2.284622507,2.668332813,4.299011514,,,1.0264835168602109,2.5574341853514535
229.0736945,2.54,2.89,4.44,2.284622507,2.668332813,4.299011514,,,1.0264835168602109,2.5574341853514535
229.1238797,2.54,2.89,4.44,2.284622507,2.668332813,4.299011514,,,1.0264835168602109,2.5574341853514535
229.1742102,2.54,2.87,4.52,2.284622507,2.64665827,4.381586471,,,0.9350549445394678,2.589831701016308
229.2245542,2.53,2.87,4.52,2.273499505,2.64665827,4.381586471,,,0.9350549445394678,2.595342570609321
229.2748542,2.53,2.87,4.52,2.273499505,2.64665827,4.381586471,,,0.9350549445394678,2.595342570609321
229.3250308,2.53,2.98,4.5,2.273499505,2.765556002,4.360951731,,,1.0255934066028927,2.620806282947598
229.3753338,2.49,2.98,4.5,2.228901075,2.765556002,4.360951731,,,1.0255934066028927,2.6426323695888034
229.425744,2.49,2.98,4.5,2.228901075,2.765556002,4.360951731,,,1.0255934066028927,2.6426323695888034
229.4760205,2.43,2.93,4.58,2.161666024,2.711604691,4.443455862,,,0.9132967035946192,2.697771619640169
229.5263203,2.43,2.93,4.58,2.161666024,2.711604691,4.443455862,,,0.9132967035946192,2.697771619640169
229.5766482,2.43,2.93,4.58,2.161666024,2.711604691,4.443455862,,,0.9132967035946192,2.697771619640169
229.6267912,2.39,2.98,4.58,2.116601049,2.765556002,4.443455862,,,0.9457692310611047,2.734893812518927
229.6769104,2.39,2.98,4.58,2.116601049,2.765556002,4.443455862,,,0.9457692310611047,2.734893812518927
229.7272044,2.39,2.98,4.58,2.116601049,2.765556002,4.443455862,,,0.9457692310611047,2.734893812518927
229.7775321,2.35,3.01,4.58,2.071328076,2.797856322,4.443455862,,,0.9655164836278238,2.765333205883885
229.8278315,2.35,3.01,4.58,2.071328076,2.797856322,4.443455862,,,0.9655164836278238,2.765333205883885
229.8779702,2.35,3.13,4.58,2.071328076,2.926567956,4.443455862,,,1.0464835168729505,2.8056407072167846
229.9282919,2.33,3.13,4.63,2.048609284,2.926567956,4.494974972,,,0.9958791211186393,2.8406767799063886
229.9786333,2.33,3.13,4.63,2.048609284,2.926567956,4.494974972,,,0.9958791211186393,2.8406767799063886
230.028776,2.33,3.09,4.63,2.048609284,2.883747562,4.494974972,,,0.9685384618059938,2.8270658864659626
230.0789402,2.33,3.09,4.67,2.048609284,2.883747562,4.536165782,,,0.9276593406102492,2.8471499764447414
230.129238,2.33,3.09,4.67,2.048609284,2.883747562,4.536165782,,,0.9276593406102492,2.8471499764447414
230.1795559,2.33,3.15,4.67,2.048609284,2.947948439,4.536165782,,,0.9688021974961386,2.8676319638944565
230.2298776,2.27,3.15,4.67,1.980101008,2.947948439,4.536165782,,,0.9688021974961386,2.897631963525802
230.2802171,2.27,3.15,4.67,1.980101008,2.947948439,4.536165782,,,0.9688021974961386,2.897631963525802
230.3305371,2.27,3.18,4.67,1.980101008,2.979983221,4.536165782,,,0.9896703291927317,2.90802066387041
230.3808536,2.29,3.18,4.67,2.002997753,2.979983221,4.536165782,,,0.9896703291927317,2.8981076207573193
230.4311554,2.29,3.18,4.67,2.002997753,2.979983221,4.536165782,,,0.9896703291927317,2.8981076207573193
230.4812458,2.26,3.15,4.71,1.968628965,2.947948439,4.577335469,,,0.927571428927152,2.9228127324363955
230.5315029,2.26,3.15,4.71,1.968628965,2.947948439,4.577335469,,,0.927571428927152,2.9228127324363955
230.5815925,2.26,3.15,4.71,1.968628965,2.947948439,4.577335469,,,0.927571428927152,2.9228127324363955
230.6317806,2.22,3.23,4.71,1.922576396,3.033282051,4.577335469,,,0.9836593412256389,2.970213019578536
230.6820605,2.22,3.23,4.71,1.922576396,3.033282051,4.577335469,,,0.9836593412256389,2.970213019578536
230.7323947,2.22,3.23,4.71,1.922576396,3.033282051,4.577335469,,,0.9836593412256389,2.970213019578536
230.7826731,2.23,3.21,4.75,1.934114785,3.011976096,4.6184846,,,0.9279230771910151,2.978759531784393
230.8330056,2.23,3.21,4.75,1.934114785,3.011976096,4.6184846,,,0.9279230771910151,2.978759531784393
230.8833154,2.23,3.21,4.75,1.934114785,3.011976096,4.6184846,,,0.9279230771910151,2.978759531784393
230.9336085,2.24,3.18,4.73,1.945636143,2.979983221,4.59791257,,,0.9276923072612665,2.9531772573557276
230.98373,2.24,3.18,4.73,1.945636143,2.979983221,4.59791257,,,0.9276923072612665,2.9531772573557276
231.0338671,2.24,3.2,4.73,1.945636143,3.001316378,4.59791257,,,0.9417142856579153,2.96015776399232
231.0841466,2.22,3.2,4.75,1.922576396,3.001316378,4.6184846,,,0.9208791209246014,2.9800898234582056
231.1344998,2.22,3.2,4.75,1.922576396,3.001316378,4.6184846,,,0.9208791209246014,2.9800898234582056
231.1848193,2.22,3.24,4.75,1.922576396,3.043928383,4.6184846,,,0.9491868132303108,2.9941821311495262
231.2351513,2.23,3.24,4.77,1.934114785,3.043928383,4.639051627,,,0.9282637365782029,2.9996247728199914
231.2854835,2.23,3.24,4.77,1.934114785,3.043928383,4.639051627,,,0.9282637365782029,2.9996247728199914
231.3356001,2.23,3.28,4.81,1.934114785,3.086470476,4.680170937,,,0.914813186778045,3.034580912329055
231.3859315,2.22,3.28,4.81,1.922576396,3.086470476,4.680170937,,,0.914813186778045,3.039417869187669
231.436309,2.22,3.28,4.81,1.922576396,3.086470476,4.680170937,,,0.914813186778045,3.039417869187669
231.4866271,2.22,3.29,4.81,1.922576396,3.097095413,4.680170937,,,0.9220329667787015,3.0430120640140825
231.5369673,2.22,3.29,4.81,1.922576396,3.097095413,4.680170937,,,0.9220329667787015,3.0430120640140825
231.587292,2.22,3.29,4.81,1.922576396,3.097095413,4.680170937,,,0.9220329667787015,3.0430120640140825
231.6375932,2.22,3.24,4.77,1.922576396,3.043928383,4.639051627,,,0.9282637365782029,3.0044617296786056
231.6879283,2.22,3.24,4.77,1.922576396,3.043928383,4.639051627,,,0.9282637365782029,3.0044617296786056
231.7381267,2.22,3.24,4.77,1.922576396,3.043928383,4.639051627,,,0.9282637365782029,3.0044617296786056
231.7882926,2.22,3.23,4.77,1.922576396,3.033282051,4.639051627,,,0.9211538464777383,3.0009222409112
231.8386908,2.22,3.23,4.77,1.922576396,3.033282051,4.639051627,,,0.9211538464777383,3.0009222409112
231.8889935,2.22,3.23,4.77,1.922576396,3.033282051,4.639051627,,,0.9211538464777383,3.0009222409112
231.9393369,2.2,3.3,4.77,1.899447288,3.107716203,4.639051627,,,0.9713846154304823,3.0355371235600437
231.9894886,2.2,3.3,4.77,1.899447288,3.107716203,4.639051627,,,0.9713846154304823,3.0355371235600437
232.0396045,2.2,3.3,4.77,1.899447288,3.107716203,4.639051627,,,0.9713846154304823,3.0355371235600437
232.089927,2.2,3.3,4.77,1.899447288,3.107716203,4.639051627,,,0.9713846154304823,3.0355371235600437
232.1402311,2.2,3.3,4.77,1.899447288,3.107716203,4.639051627,,,0.9713846154304823,3.0355371235600437
232.190461,2.2,3.24,4.77,1.899447288,3.043928383,4.639051627,,,0.9282637365782029,3.014070425174887
232.2407471,2.21,3.24,4.73,1.91102067,3.043928383,4.59791257,,,0.9700219779636248,2.9887609412250176
232.2910731,2.21,3.24,4.73,1.91102067,3.043928383,4.59791257,,,0.9700219779636248,2.9887609412250176
232.3412132,2.21,3.21,4.67,1.91102067,3.011976096,4.536165782,,,1.010736263855794,2.947725227073909
232.3915293,2.12,3.21,4.67,1.806183822,3.011976096,4.536165782,1,3.0,1.010736263855794,2.990083922977466
232.4418469,2.12,3.21,4.67,1.806183822,3.011976096,4.536165782,,,1.010736263855794,2.990083922977466
232.4921847,2.12,3.25,4.65,1.806183822,3.054570346,4.515573053,,,1.0596153848003098,2.99415635440333
232.5425267,2.14,3.25,4.65,1.829617446,3.054570346,4.515573053,,,1.0596153848003098,2.984895484854087
232.5928787,2.14,3.25,4.65,1.829617446,3.054570346,4.515573053,,,1.0596153848003098,2.984895484854087
232.6430219,2.1,3.31,4.65,1.782666542,3.118332888,4.515573053,,,1.1028681322420528,3.0248626133350114
232.693357,2.1,3.31,4.65,1.782666542,3.118332888,4.515573053,,,1.1028681322420528,3.0248626133350114
232.7435071,2.1,3.31,4.65,1.782666542,3.118332888,4.515573053,,,1.1028681322420528,3.0248626133350114
232.7937619,2.09,3.29,4.58,1.77087549,3.097095413,4.443455862,,,1.159362637327854,2.987313138632717
232.8440945,2.09,3.29,4.58,1.77087549,3.097095413,4.443455862,,,1.159362637327854,2.987313138632717
232.8944189,2.09,3.29,4.58,1.77087549,3.097095413,4.443455862,,,1.159362637327854,2.987313138632717
232.944735,2.08,3.34,4.58,1.75906225,3.150158726,4.443455862,,,1.1957912089507443,3.0099808407784265
232.9950738,2.08,3.34,4.58,1.75906225,3.150158726,4.443455862,,,1.1957912089507443,3.0099808407784265
233.0451686,2.08,3.34,4.58,1.75906225,3.150158726,4.443455862,,,1.1957912089507443,3.0099808407784265
233.0954909,2.06,3.34,4.52,1.735367396,3.150158726,4.381586471,,,1.25579120836744,2.9895025802253588
233.1457898,2.06,3.34,4.52,1.735367396,3.150158726,4.381586471,,,1.25579120836744,2.9895025802253588
233.1961207,2.06,3.34,4.52,1.735367396,3.150158726,4.381586471,,,1.25579120836744,2.9895025802253588
233.2462653,2.06,3.34,4.46,1.735367396,3.150158726,4.319664339,,,1.3149999997105095,2.9604130436089813
233.2965845,2.06,3.34,4.46,1.735367396,3.150158726,4.319664339,,,1.3149999997105095,2.9604130436089813
233.3467433,2.06,3.4,4.46,1.735367396,3.213705027,4.319664339,,,1.3594395603227212,2.982536216174625
233.3970767,2.05,3.4,4.46,1.723484842,3.213705027,4.319664339,,,1.3594395603227212,2.987003607315501
233.4474149,2.05,3.4,4.46,1.723484842,3.213705027,4.319664339,,,1.3594395603227212,2.987003607315501
233.4977543,2.05,3.42,4.42,1.723484842,3.234857029,4.278352487,,,1.4134615379177602,2.97528846153029
233.5480884,1.97,3.42,4.42,1.627513441,3.234857029,4.278352487,,,1.4134615379177602,3.0102449832659537
233.5984254,1.97,3.42,4.42,1.627513441,3.234857029,4.278352487,,,1.4134615379177602,3.0102449832659537
233.6486902,1.97,3.43,4.46,1.627513441,3.245427553,4.319664339,,,1.3819560439717868,3.033169421998199
233.6989889,1.97,3.43,4.46,1.627513441,3.245427553,4.319664339,,,1.3819560439717868,3.033169421998199
233.749323,1.97,3.43,4.46,1.627513441,3.245427553,4.319664339,,,1.3819560439717868,3.033169421998199
233.7996782,1.97,3.47,4.4,1.627513441,3.28767395,4.257687166,,,1.4707032964821414,3.019567510953659
233.8500114,1.97,3.47,4.4,1.627513441,3.28767395,4.257687166,,,1.4707032964821414,3.019567510953659
233.900355,1.97,3.47,4.4,1.627513441,3.28767395,4.257687166,,,1.4707032964821414,3.019567510953659
233.9505099,1.97,3.46,4.36,1.627513441,3.277117636,4.216337273,,,1.501593406647599,2.996858456684719
234.0006242,1.97,3.46,4.36,1.627513441,3.277117636,4.216337273,,,1.501593406647599,2.996858456684719
234.0509529,1.97,3.46,4.36,1.627513441,3.277117636,4.216337273,,,1.501593406647599,2.996858456684719
234.1013294,1.97,3.59,4.31,1.627513441,3.414088458,4.164612827,,,1.6499450549709762,3.023592211950473
234.1516842,1.97,3.59,4.31,1.627513441,3.414088458,4.164612827,,,1.6499450549709762,3.023592211950473
234.2019593,1.97,3.51,4.31,1.627513441,3.329864862,4.164612827,,,1.5875274725680597,2.9925191111455423
234.2520916,1.96,3.51,4.29,1.615394689,3.329864862,4.143911196,,,1.6064285713019915,2.9875046582225946
234.3024156,1.96,3.51,4.29,1.615394689,3.329864862,4.143911196,,,1.6064285713019915,2.9875046582225946
234.3527387,1.96,3.49,4.29,1.615394689,3.308776209,4.143911196,,,1.591043956143984,2.9798457954591515
234.4030757,1.95,3.49,4.31,1.603246706,3.308776209,4.164612827,,,1.5721428574100524,2.9933819875490357
234.4534021,1.95,3.49,4.31,1.603246706,3.308776209,4.164612827,,,1.5721428574100524,2.9933819875490357
234.5037428,1.95,3.58,4.27,1.603246706,3.403571653,4.123202639,,,1.679780219214131,3.009662326734503
234.5540771,1.94,3.58,4.27,1.591068823,3.403571653,4.123202639,,,1.679780219214131,3.013890587688552
234.6043758,1.94,3.58,4.27,1.591068823,3.403571653,4.123202639,,,1.679780219214131,3.013890587688552
234.6546728,1.94,3.65,4.21,1.591068823,3.477125249,4.061034351,,,1.7913076920034416,3.014107524984255
234.7048169,1.93,3.65,4.21,1.578860348,3.477125249,4.061034351,,,1.7913076920034416,3.0183140468359864
234.7551489,1.93,3.65,4.21,1.578860348,3.477125249,4.061034351,,,1.7913076920034416,3.0183140468359864
234.8053101,1.92,3.65,4.21,1.566620567,3.477125249,4.061034351,,,1.7913076920034416,3.022498829177213
234.8556155,1.92,3.65,4.21,1.566620567,3.477125249,4.061034351,,,1.7913076920034416,3.022498829177213
234.9059669,1.92,3.65,4.21,1.566620567,3.477125249,4.061034351,,,1.7913076920034416,3.022498829177213
234.9563302,1.92,3.66,4.17,1.566620567,3.487620966,4.019552214,,,1.8361758243308208,3.0084005734304413
235.0065092,1.92,3.66,4.17,1.566620567,3.487620966,4.019552214,,,1.8361758243308208,3.0084005734304413
235.0567359,1.92,3.66,4.17,1.566620567,3.487620966,4.019552214,,,1.8361758243308208,3.0084005734304413
235.1069218,1.92,3.66,4.17,1.566620567,3.487620966,4.019552214,,,1.8361758243308208,3.0084005734304413
235.1572921,1.92,3.66,4.17,1.566620567,3.487620966,4.019552214,,,1.8361758243308208,3.0084005734304413
235.207482,1.92,3.71,4.17,1.566620567,3.540056497,4.019552214,,,1.8766703297669902,3.0285597946149685
235.2578314,1.88,3.71,4.11,1.517333187,3.540056497,3.957271787,,,1.9312637368973338,3.018259555522216
235.3079598,1.88,3.71,4.11,1.517333187,3.540056497,3.957271787,,,1.9312637368973338,3.018259555522216
235.3583388,1.88,3.71,4.11,1.517333187,3.540056497,3.957271787,,,1.9312637368973338,3.018259555522216
235.4085326,1.91,3.71,4.11,1.554348738,3.540056497,3.957271787,,,1.9312637368973338,3.0059008599841066
235.4588573,1.91,3.71,4.11,1.554348738,3.540056497,3.957271787,,,1.9312637368973338,3.0059008599841066
235.509,1.91,3.68,4.08,1.554348738,3.508603711,3.92610494,,,1.933901099005557,2.980507286306051
235.5591441,1.93,3.68,4.08,1.578860348,3.508603711,3.92610494,,,1.933901099005557,2.9721594603099106
235.6094806,1.93,3.68,4.08,1.578860348,3.508603711,3.92610494,,,1.933901099005557,2.9721594603099106
235.6597732,1.93,3.8,4.06,1.578860348,3.634267464,3.905316889,,,2.050428571030808,3.0124742239503326
235.7101085,1.89,3.8,4.06,1.529705854,3.634267464,3.905316889,,,2.050428571030808,3.0290829194638995
235.7602381,1.89,3.8,4.06,1.529705854,3.634267464,3.905316889,,,2.050428571030808,3.0290829194638995
235.8105048,1.89,3.85,4.01,1.529705854,3.68651597,3.853310265,,,2.136802197660513,3.028223267812788
235.8608498,1.89,3.85,4.01,1.529705854,3.68651597,3.853310265,,,2.136802197660513,3.028223267812788
235.9109928,1.89,3.85,4.01,1.529705854,3.68651597,3.853310265,,,2.136802197660513,3.028223267812788
235.9613203,1.87,3.89,4.01,1.504925247,3.728270376,3.853310265,,,2.170824175626902,3.0533342090943014
236.0114297,1.87,3.89,4.01,1.504925247,3.728270376,3.853310265,,,2.170824175626902,3.0533342090943014
236.0617596,1.87,3.89,4.01,1.504925247,3.728270376,3.853310265,,,2.170824175626902,3.0533342090943014
236.1120606,1.91,3.93,3.93,1.554348738,3.769986737,3.769986737,,,2.275,3.019717391068882
236.1624082,1.91,3.93,3.93,1.554348738,3.769986737,3.769986737,,,2.275,3.019717391068882
236.2126931,1.91,3.93,3.93,1.554348738,3.769986737,3.769986737,,,2.275,3.019717391068882
236.2630343,1.93,3.93,3.93,1.578860348,3.769986737,3.769986737,,,2.275,3.0113695650727426
236.313331,1.93,3.93,3.93,1.578860348,3.769986737,3.769986737,,,2.275,3.0113695650727426
236.3636496,1.93,4.01,3.93,1.578860348,3.853310265,3.769986737,,,2.3448021979338973,3.0461189201311387
236.4139736,1.93,4.01,3.92,1.578860348,3.853310265,3.759561145,,,2.3534285709187537,3.041880745577709
236.464086,1.93,4.01,3.92,1.578860348,3.853310265,3.759561145,,,2.3534285709187537,3.041880745577709
236.514304,1.93,4.05,3.92,1.578860348,3.894919768,3.759561145,,,2.3888571424355454,3.0595180127023727
236.564457,1.91,4.05,3.87,1.554348738,3.894919768,3.707398009,,,2.43165934088132,3.046836932505589
236.6147816,1.91,4.05,3.87,1.554348738,3.894919768,3.707398009,,,2.43165934088132,3.046836932505589
236.6651244,1.91,4.05,3.87,1.554348738,3.894919768,3.707398009,,,2.43165934088132,3.046836932505589
236.715503,1.87,4.05,3.87,1.504925247,3.894919768,3.707398009,,,2.43165934088132,3.0632717151429993
236.7658453,1.87,4.05,3.87,1.504925247,3.894919768,3.707398009,,,2.43165934088132,3.0632717151429993
236.8161932,1.87,4.05,3.87,1.504925247,3.894919768,3.707398009,,,2.43165934088132,3.0632717151429993
236.8663404,1.91,4.05,3.87,1.554348738,3.894919768,3.707398009,,,2.43165934088132,3.046836932505589
236.9165199,1.91,4.05,3.87,1.554348738,3.894919768,3.707398009,,,2.43165934088132,3.046836932505589
236.9666409,1.88,4.01,3.81,1.517333187,3.853310265,3.644722212,,,2.446868131396505,3.016680004790282
237.0167681,1.88,4.01,3.81,1.517333187,3.853310265,3.644722212,,,2.446868131396505,3.016680004790282
237.0669224,1.88,4.01,3.81,1.517333187,3.853310265,3.644722212,,,2.446868131396505,3.016680004790282
237.1170465,1.89,4.09,3.82,1.529705854,3.936495904,3.655174414,,,2.509692308291047,3.0521511705403666
237.1673759,1.89,4.09,3.82,1.529705854,3.936495904,3.655174414,,,2.509692308291047,3.0521511705403666
237.2177149,1.89,4.09,3.82,1.529705854,3.936495904,3.655174414,,,2.509692308291047,3.0521511705403666
237.2679017,1.88,4.2,3.8,1.517333187,4.050666612,3.634267464,,,2.626648351833249,3.097907549012359
237.3182336,1.88,4.2,3.8,1.517333187,4.050666612,3.634267464,,,2.626648351833249,3.097907549012359
237.3684986,1.88,4.22,3.8,1.517333187,4.071400251,3.634267464,,,2.6451538465883373,3.1071200670534784
237.4188409,1.88,4.22,3.78,1.517333187,4.071400251,3.613350246,,,2.6618131872060005,3.0989352605761047
237.4691716,1.88,4.22,3.78,1.517333187,4.071400251,3.613350246,,,2.6618131872060005,3.0989352605761047
237.519515,1.88,4.26,3.78,1.517333187,4.11284573,3.613350246,,,2.6990879119242823,3.1174915909249896
237.5698574,1.89,4.26,3.8,1.529705854,4.11284573,3.634267464,,,2.6824285713066196,3.121578571381678
237.6202153,1.89,4.26,3.8,1.529705854,4.11284573,3.634267464,,,2.6824285713066196,3.121578571381678
237.6704843,1.89,4.3,3.75,1.529705854,4.154262871,3.581954774,,,2.761538461361294,3.119928930027636
237.7208344,1.93,4.3,3.75,1.578860348,4.154262871,3.581954774,,,2.761538461361294,3.1033202345140696
237.7711659,1.93,4.3,3.75,1.578860348,4.154262871,3.581954774,,,2.761538461361294,3.1033202345140696
237.8214863,1.93,4.34,3.73,1.578860348,4.195652512,3.561011092,,,2.8159560444071285,3.114149856765761
237.8718221,1.94,4.34,3.73,1.591068823,4.195652512,3.561011092,,,2.8159560444071285,3.1099433349140306
237.9221542,1.94,4.34,3.73,1.591068823,4.195652512,3.561011092,,,2.8159560444071285,3.1099433349140306
237.9723148,1.95,4.32,3.71,1.603246706,4.174961078,3.540056497,,,2.813274725369561,3.08820633085268
238.0226442,1.95,4.32,3.71,1.603246706,4.174961078,3.540056497,,,2.813274725369561,3.08820633085268
238.0727661,1.95,4.32,3.71,1.603246706,4.174961078,3.540056497,,,2.813274725369561,3.08820633085268
238.1231135,1.95,4.32,3.71,1.603246706,4.174961078,3.540056497,,,2.813274725369561,3.08820633085268
238.1732765,1.95,4.32,3.71,1.603246706,4.174961078,3.540056497,,,2.813274725369561,3.08820633085268
238.2235,1.95,4.32,3.71,1.603246706,4.174961078,3.540056497,,,2.813274725369561,3.08820633085268
238.2738292,1.97,4.38,3.67,1.627513441,4.237015459,3.498113777,,,2.9030769234030522,3.0923035114551665
238.3241332,1.97,4.38,3.67,1.627513441,4.237015459,3.498113777,,,2.9030769234030522,3.0923035114551665
238.374479,1.97,4.4,3.67,1.627513441,4.257687166,3.498113777,,,2.9223736271081218,3.1019099139518205
238.4248156,1.98,4.4,3.71,1.639603611,4.257687166,3.540056497,,,2.889934066106506,3.113554132990812
238.4751493,1.98,4.4,3.71,1.639603611,4.257687166,3.540056497,,,2.889934066106506,3.113554132990812
238.5254881,1.98,4.38,3.71,1.639603611,4.237015459,3.540056497,,,2.870637362401436,3.1039477304941583
238.5758305,1.96,4.38,3.66,1.615394689,4.237015459,3.487620966,,,2.9111318678376055,3.0926178212966957
238.6261556,1.96,4.38,3.66,1.615394689,4.237015459,3.487620966,,,2.9111318678376055,3.0926178212966957
238.6764522,1.96,4.47,3.66,1.615394689,4.329988453,3.487620966,,,2.998659340728633,3.1361912806272296
238.7267904,2.0,4.47,3.66,1.663700694,4.329988453,3.487620966,,,2.998659340728633,3.118973889543895
238.7771174,2.0,4.47,3.66,1.663700694,4.329988453,3.487620966,,,2.998659340728633,3.118973889543895
238.8274484,2.0,4.55,3.66,1.663700694,4.41252762,3.487620966,,,3.0779560433824273,3.158449856734588
238.8778027,1.97,4.55,3.66,1.627513441,4.41252762,3.487620966,,,3.0779560433824273,3.171395508754199
238.9280422,1.97,4.55,3.66,1.627513441,4.41252762,3.487620966,,,3.0779560433824273,3.171395508754199
238.9781252,1.98,4.51,3.64,1.639603611,4.371269838,3.466626602,,,3.0541758240565358,3.1393940511596488
239.0282639,1.98,4.51,3.64,1.639603611,4.371269838,3.466626602,,,3.0541758240565358,3.1393940511596488
239.0784891,1.98,4.51,3.64,1.639603611,4.371269838,3.466626602,,,3.0541758240565358,3.1393940511596488
239.1288364,2.05,4.53,3.62,1.723484842,4.391901638,3.445620409,,,3.0899999994450282,3.1107826086708474
239.179153,2.05,4.53,3.62,1.723484842,4.391901638,3.445620409,,,3.0899999994450282,3.1107826086708474
239.2294935,2.05,4.53,3.62,1.723484842,4.391901638,3.445620409,,,3.0899999994450282,3.1107826086708474
239.2798391,2.04,4.47,3.62,1.711578219,4.329988453,3.445620409,,,3.03065934068088,3.085686932987016
239.3301775,2.04,4.47,3.62,1.711578219,4.329988453,3.445620409,,,3.03065934068088,3.085686932987016
239.3805298,2.04,4.47,3.62,1.711578219,4.329988453,3.445620409,,,3.03065934068088,3.085686932987016
239.4308607,2.04,4.49,3.61,1.711578219,4.350632138,3.435112807,,,3.058296703668465,3.0915868369414974
239.4811886,2.04,4.49,3.61,1.711578219,4.350632138,3.435112807,,,3.058296703668465,3.0915868369414974
239.5313513,2.04,4.51,3.61,1.711578219,4.371269838,3.435112807,,,3.0780769230541893,3.1014339461574343
239.5816853,2.01,4.51,3.6,1.675708805,4.371269838,3.424602167,,,3.085999999383236,3.1107478261132377
239.6320245,2.01,4.51,3.6,1.675708805,4.371269838,3.424602167,,,3.085999999383236,3.1107478261132377
239.6822874,2.01,4.51,3.6,1.675708805,4.371269838,3.424602167,,,3.085999999383236,3.1107478261132377
239.7326293,2.05,4.51,3.6,1.723484842,4.371269838,3.424602167,,,3.085999999383236,3.093095652042669
239.7829644,2.05,4.51,3.6,1.723484842,4.371269838,3.424602167,,,3.085999999383236,3.093095652042669
239.8333217,2.05,4.51,3.63,1.723484842,4.371269838,3.456124998,,,3.0621648345942907,3.1048059721346295
239.88366,2.05,4.51,3.63,1.723484842,4.371269838,3.456124998,,,3.0621648345942907,3.1048059721346295
239.9339912,2.05,4.51,3.63,1.723484842,4.371269838,3.456124998,,,3.0621648345942907,3.1048059721346295
239.9841632,2.05,4.43,3.61,1.723484842,4.288682781,3.435112807,,,2.9994835163989535,3.057862445795529
240.0344896,2.05,4.43,3.61,1.723484842,4.288682781,3.435112807,,,2.9994835163989535,3.057862445795529
240.0848249,2.05,4.43,3.61,1.723484842,4.288682781,3.435112807,3,3.0,2.9994835163989535,3.057862445795529
240.1351659,2.07,4.45,3.62,1.747226373,4.309338696,3.445620409,,,3.0110549443874346,3.0625251793157653
240.1855121,2.07,4.45,3.62,1.747226373,4.309338696,3.445620409,,,3.0110549443874346,3.0625251793157653
240.2358483,2.07,4.45,3.62,1.747226373,4.309338696,3.445620409,,,3.0110549443874346,3.0625251793157653
240.2861889,2.07,4.36,3.59,1.747226373,4.216337273,3.414088458,,,2.9476923077626656,3.0074707358799007
240.3365359,2.07,4.36,3.59,1.747226373,4.216337273,3.414088458,,,2.9476923077626656,3.0074707358799007
240.3866581,2.07,4.36,3.59,1.747226373,4.216337273,3.414088458,,,2.9476923077626656,3.0074707358799007
240.436976,2.04,4.38,3.6,1.711578219,4.237015459,3.424602167,,,2.9589999997344925,3.034317391440203
240.4873209,2.04,4.38,3.6,1.711578219,4.237015459,3.424602167,,,2.9589999997344925,3.034317391440203
240.5376388,2.04,4.41,3.6,1.711578219,4.268020619,3.424602167,,,2.987978022196488,3.0487434069701957
240.5879819,2.05,4.41,3.57,1.723484842,4.268020619,3.393051724,,,3.0116153848867877,3.032684615643163
240.6383217,2.05,4.41,3.57,1.723484842,4.268020619,3.393051724,,,3.0116153848867877,3.032684615643163
240.6886659,2.05,4.34,3.57,1.723484842,4.195652512,3.393051724,,,2.944307692276102,2.9991770904087125
240.7390062,2.06,4.34,3.53,1.735367396,4.195652512,3.350940167,,,2.975516483366804,2.9793766845145795
240.7893173,2.06,4.34,3.53,1.735367396,4.195652512,3.350940167,,,2.975516483366804,2.9793766845145795
240.8396501,2.06,4.34,3.56,1.735367396,4.195652512,3.38252864,,,2.9521428572562263,2.9908602486471683
240.8899842,2.05,4.34,3.56,1.723484842,4.195652512,3.38252864,,,2.9521428572562263,2.995327639788043
240.9401118,2.05,4.34,3.56,1.723484842,4.195652512,3.38252864,,,2.9521428572562263,2.995327639788043
240.9902463,2.05,4.3,3.55,1.723484842,4.154262871,3.372002372,,,2.9219780224830263,2.9725825368632735
241.0405968,2.11,4.3,3.55,1.794435844,4.154262871,3.372002372,,,2.9219780224830263,2.9454521023384665
241.0909397,2.11,4.3,3.55,1.794435844,4.154262871,3.372002372,,,2.9219780224830263,2.9454521023384665
241.1410841,2.11,4.3,3.55,1.794435844,4.154262871,3.372002372,,,2.9219780224830263,2.9454521023384665
241.1914158,2.11,4.3,3.55,1.794435844,4.154262871,3.372002372,,,2.9219780224830263,2.9454521023384665
241.2417148,2.11,4.3,3.55,1.794435844,4.154262871,3.372002372,,,2.9219780224830263,2.9454521023384665
241.2920662,2.09,4.3,3.51,1.77087549,4.154262871,3.329864862,,,2.9530109892513066,2.9393359053120127
241.342405,2.09,4.3,3.51,1.77087549,4.154262871,3.329864862,,,2.9530109892513066,2.9393359053120127
241.3927492,2.09,4.3,3.51,1.77087549,4.154262871,3.329864862,,,2.9530109892513066,2.9393359053120127
241.4430968,2.1,4.3,3.52,1.782666542,4.154262871,3.340404167,,,2.9452857145558458,2.9385770186533158
241.4932916,2.1,4.3,3.52,1.782666542,4.154262871,3.340404167,,,2.9452857145558458,2.9385770186533158
241.5434856,2.1,4.2,3.52,1.782666542,4.050666612,3.340404167,,,2.851879121171493,2.8920767797728444
241.5938084,2.11,4.2,3.53,1.794435844,4.050666612,3.350940167,,,2.844131867995337,2.8913069521739825
241.6439357,2.11,4.2,3.53,1.794435844,4.050666612,3.350940167,,,2.844131867995337,2.8913069521739825
241.6943052,2.11,4.24,3.53,1.794435844,4.092126587,3.350940167,,,2.8812307693646457,2.9097757530730513
241.7446388,2.09,4.24,3.49,1.77087549,4.092126587,3.308776209,,,2.9120879123942705,2.9037459390138514
241.7949803,2.09,4.24,3.49,1.77087549,4.092126587,3.308776209,,,2.9120879123942705,2.9037459390138514
241.8451232,2.09,4.2,3.5,1.77087549,4.050666612,3.31932222,,,2.8673076924599807,2.8890510033227943
241.8954074,2.14,4.2,3.5,1.829617446,4.050666612,3.31932222,,,2.8673076924599807,2.8660618731461827
241.9457237,2.14,4.2,3.5,1.829617446,4.050666612,3.31932222,,,2.8673076924599807,2.8660618731461827
241.9961057,2.14,4.18,3.51,1.829617446,4.029925558,3.329864862,,,2.8411868136087186,2.860677783348114
242.04628,2.14,4.18,3.51,1.829617446,4.029925558,3.329864862,,,2.8411868136087186,2.860677783348114
242.0966108,2.14,4.18,3.51,1.829617446,4.029925558,3.329864862,,,2.8411868136087186,2.860677783348114
242.1467526,2.14,4.11,3.48,1.829617446,3.957271787,3.298226796,,,2.8004615382784337,2.817610200484792
242.1970961,2.14,4.11,3.48,1.829617446,3.957271787,3.298226796,,,2.8004615382784337,2.817610200484792
242.2472399,2.14,4.11,3.48,1.829617446,3.957271787,3.298226796,,,2.8004615382784337,2.817610200484792
242.2975594,2.2,4.11,3.44,1.899447288,3.957271787,3.255994472,,,2.830879120273804,2.774361562245437
242.3477834,2.2,4.11,3.44,1.899447288,3.957271787,3.255994472,,,2.830879120273804,2.774361562245437
242.39812,2.2,4.11,3.44,1.899447288,3.957271787,3.255994472,,,2.830879120273804,2.774361562245437
242.448473,2.21,4.11,3.46,1.91102067,3.957271787,3.277117636,,,2.815714285275159,2.777018633214697
242.4987698,2.21,4.11,3.46,1.91102067,3.957271787,3.277117636,,,2.815714285275159,2.777018633214697
242.548862,2.21,4.11,3.46,1.91102067,3.957271787,3.277117636,,,2.815714285275159,2.777018633214697
242.5991943,2.22,4.11,3.42,1.922576396,3.957271787,3.234857029,,,2.845956043748952,2.757345508693974
242.6495338,2.22,4.11,3.42,1.922576396,3.957271787,3.234857029,,,2.845956043748952,2.757345508693974
242.6998258,2.22,4.09,3.42,1.922576396,3.936495904,3.234857029,,,2.827934066388799,2.7483736982255493
242.7501631,2.25,4.09,3.44,1.957140772,3.936495904,3.255994472,,,2.812857142913651,2.7412049690015565
242.8004674,2.25,4.09,3.44,1.957140772,3.936495904,3.255994472,,,2.812857142913651,2.7412049690015565
242.8506152,2.25,4.09,3.45,1.957140772,3.936495904,3.266557821,,,2.805285714755221,2.7449248445750456
242.9009187,2.23,4.09,3.45,1.934114785,3.936495904,3.266557821,,,2.805285714755221,2.754663974995607
242.9513027,2.23,4.09,3.45,1.934114785,3.936495904,3.266557821,,,2.805285714755221,2.754663974995607
243.0016239,2.23,4.09,3.45,1.934114785,3.936495904,3.266557821,,,2.805285714755221,2.754663974995607
243.0518715,2.25,4.09,3.45,1.957140772,3.936495904,3.266557821,,,2.805285714755221,2.7449248445750456
243.102049,2.25,4.09,3.45,1.957140772,3.936495904,3.266557821,,,2.805285714755221,2.7449248445750456
243.1523361,2.25,3.95,3.45,1.957140772,3.790831043,3.266557821,,,2.6815934064435383,2.6833475867416214
243.2024847,2.26,3.95,3.45,1.968628965,3.790831043,3.266557821,,,2.6815934064435383,2.678445412783773
243.2528234,2.26,3.95,3.45,1.968628965,3.790831043,3.266557821,,,2.6815934064435383,2.678445412783773
243.3029422,2.28,4.05,3.44,1.99155718,3.894919768,3.255994472,,,2.7770769227980896,2.708620902923941
243.3533117,2.28,4.05,3.44,1.99155718,3.894919768,3.255994472,,,2.7770769227980896,2.708620902923941
243.4036513,2.28,4.05,3.44,1.99155718,3.894919768,3.255994472,,,2.7770769227980896,2.708620902923941
243.4539392,2.26,3.93,3.44,1.968628965,3.769986737,3.255994472,,,2.671846153347401,2.6661038458900745
243.5042449,2.26,3.93,3.44,1.968628965,3.769986737,3.255994472,,,2.671846153347401,2.6661038458900745
243.5545867,2.26,3.93,3.44,1.968628965,3.769986737,3.255994472,,,2.671846153347401,2.6661038458900745
243.604922,2.3,3.97,3.44,2.014422994,3.811666302,3.255994472,,,2.7065714281437137,2.6635649069387877
243.6552889,2.3,3.97,3.44,2.014422994,3.811666302,3.255994472,,,2.7065714281437137,2.6635649069387877
243.7056234,2.3,3.93,3.44,2.014422994,3.769986737,3.255994472,,,2.671846153347401,2.6462777592684494
243.7557485,2.33,3.93,3.43,2.048609284,3.769986737,3.245427553,,,2.679395603888389,2.6274708553358046
243.8060446,2.33,3.93,3.43,2.048609284,3.769986737,3.245427553,,,2.679395603888389,2.6274708553358046
243.8563923,2.33,3.86,3.43,2.048609284,3.696958209,3.245427553,,,2.619472527178123,2.597639584538736
243.9067272,2.32,3.86,3.38,2.03722851,3.696958209,3.192538175,,,2.6568901099186983,2.5843105109025166
243.9570881,2.32,3.86,3.38,2.03722851,3.696958209,3.192538175,,,2.6568901099186983,2.5843105109025166
244.0074329,2.32,3.83,3.4,2.03722851,3.665624094,3.213705027,,,2.6166373624118955,2.5790107737450794
244.0577634,2.35,3.83,3.4,2.071328076,3.665624094,3.213705027,,,2.6166373624118955,2.5637825132593144
244.1081152,2.35,3.83,3.4,2.071328076,3.665624094,3.213705027,,,2.6166373624118955,2.5637825132593144
244.1584668,2.35,3.83,3.4,2.071328076,3.665624094,3.213705027,,,2.6166373624118955,2.5637825132593144
244.2088001,2.35,3.83,3.4,2.071328076,3.665624094,3.213705027,,,2.6166373624118955,2.5637825132593144
244.259132,2.35,3.83,3.4,2.071328076,3.665624094,3.213705027,,,2.6166373624118955,2.5637825132593144
244.3094926,2.37,3.83,3.37,2.093991404,3.665624094,3.181949088,,,2.6389560439438777,2.5425563782457714
244.3598148,2.37,3.83,3.37,2.093991404,3.665624094,3.181949088,,,2.6389560439438777,2.5425563782457714
244.4101489,2.37,3.83,3.37,2.093991404,3.665624094,3.181949088,,,2.6389560439438777,2.5425563782457714
244.4604735,2.39,3.76,3.42,2.116601049,3.592422581,3.234857029,,,2.5432637365283512,2.521472598993767
244.5107982,2.39,3.76,3.42,2.116601049,3.592422581,3.234857029,,,2.5432637365283512,2.521472598993767
244.5611319,2.39,3.76,3.42,2.116601049,3.592422581,3.234857029,,,2.5432637365283512,2.521472598993767
244.6114441,2.42,3.8,3.39,2.150418564,3.634267464,3.203123476,,,2.5989450546578756,2.511300907873866
244.661591,2.42,3.8,3.39,2.150418564,3.634267464,3.203123476,,,2.5989450546578756,2.511300907873866
244.711874,2.42,3.78,3.39,2.150418564,3.613350246,3.203123476,,,2.582285714040213,2.5030074535228994
244.7622054,2.43,3.78,3.4,2.161666024,3.613350246,3.213705027,,,2.574824175791559,2.5014016006928737
244.812525,2.43,3.78,3.4,2.161666024,3.613350246,3.213705027,,,2.574824175791559,2.5014016006928737
244.8627546,2.43,3.76,3.4,2.161666024,3.592422581,3.213705027,,,2.558252747243256,2.493151911263393
244.913117,2.43,3.76,3.41,2.161666024,3.592422581,3.224282866,,,2.5507692308239043,2.496828595417248
244.963419,2.43,3.76,3.41,2.161666024,3.592422581,3.224282866,,,2.5507692308239043,2.496828595417248
245.0137628,2.43,3.73,3.39,2.161666024,3.561011092,3.203123476,,,2.5410219774554625,2.4771935499926485
245.0641071,2.43,3.73,3.39,2.161666024,3.561011092,3.203123476,,,2.5410219774554625,2.4771935499926485
245.1144592,2.43,3.73,3.39,2.161666024,3.561011092,3.203123476,,,2.5410219774554625,2.4771935499926485
245.1647179,2.43,3.97,3.4,2.161666024,3.811666302,3.213705027,,,2.736637362333767,2.581956426167148
245.2150348,2.42,3.97,3.4,2.150418564,3.811666302,3.213705027,,,2.736637362333767,2.5872281651802065
245.2653637,2.42,3.97,3.4,2.150418564,3.811666302,3.213705027,,,2.736637362333767,2.5872281651802065
245.3155075,2.44,3.63,3.39,2.172901286,3.456124998,3.203123476,,,2.4601428570657333,2.4316363357785793
245.3658485,2.44,3.63,3.39,2.172901286,3.456124998,3.203123476,,,2.4601428570657333,2.4316363357785793
245.4159906,2.44,3.63,3.39,2.172901286,3.456124998,3.203123476,,,2.4601428570657333,2.4316363357785793
245.4663249,2.45,3.73,3.38,2.184124539,3.561011092,3.192538175,,,2.548461538298319,2.4629297654757254
245.516658,2.45,3.73,3.38,2.184124539,3.561011092,3.192538175,,,2.548461538298319,2.4629297654757254
245.5669718,2.45,3.73,3.38,2.184124539,3.561011092,3.192538175,,,2.548461538298319,2.4629297654757254
245.6173251,2.43,3.73,3.38,2.161666024,3.561011092,3.192538175,,,2.548461538298319,2.4735384614046367
245.6676461,2.43,3.73,3.38,2.161666024,3.561011092,3.192538175,,,2.548461538298319,2.4735384614046367
245.7179732,2.43,3.67,3.38,2.161666024,3.498113777,3.192538175,,,2.4996703294510847,2.4492489248263403
245.7683247,2.48,3.67,3.38,2.217724059,3.498113777,3.192538175,,,2.4996703294510847,2.4225641419403114
245.818648,2.48,3.67,3.38,2.217724059,3.498113777,3.192538175,,,2.4996703294510847,2.4225641419403114
245.8689847,2.48,3.66,3.38,2.217724059,3.487620966,3.192538175,,,2.491615385016532,2.418554180471806
245.9193207,2.44,3.66,3.4,2.172901286,3.487620966,3.213705027,,,2.4767142859250217,2.447266459934915
245.9696668,2.44,3.66,3.4,2.172901286,3.487620966,3.213705027,,,2.4767142859250217,2.447266459934915
246.0198192,2.44,3.57,3.4,2.172901286,3.393051724,3.213705027,,,2.4052087913378353,2.411669159368685
246.0701369,2.48,3.57,3.4,2.217724059,3.393051724,3.213705027,,,2.4052087913378353,2.3902778546766217
246.1204913,2.48,3.57,3.4,2.217724059,3.393051724,3.213705027,,,2.4052087913378353,2.3902778546766217
246.170829,2.48,3.6,3.39,2.217724059,3.424602167,3.203123476,,,2.4363076922767886,2.3983792642676716
246.2211836,2.5,3.6,3.39,2.240066963,3.424602167,3.203123476,,,2.4363076922767886,2.387553177652823
246.2715156,2.5,3.6,3.39,2.240066963,3.424602167,3.203123476,,,2.4363076922767886,2.387553177652823
246.3218361,2.51,3.55,3.37,2.25122189,3.372002372,3.181949088,,,2.4118791206757795,2.355250692750427
246.3721272,2.51,3.55,3.37,2.25122189,3.372002372,3.181949088,,,2.4118791206757795,2.355250692750427
246.4224493,2.51,3.55,3.37,2.25122189,3.372002372,3.181949088,,,2.4118791206757795,2.355250692750427
246.4727795,2.55,3.56,3.38,2.295735176,3.38252864,3.192538175,,,2.4122747254492216,2.3407845916376107
246.5231175,2.55,3.56,3.38,2.295735176,3.38252864,3.192538175,,,2.4122747254492216,2.3407845916376107
246.5734506,2.55,3.56,3.38,2.295735176,3.38252864,3.192538175,,,2.4122747254492216,2.3407845916376107
246.6237714,2.57,3.56,3.39,2.317930111,3.38252864,3.203123476,,,2.4048351646063653,2.3333092453172832
246.6741049,2.57,3.56,3.39,2.317930111,3.38252864,3.203123476,,,2.4048351646063653,2.3333092453172832
246.7243206,2.57,3.47,3.39,2.317930111,3.28767395,3.203123476,,,2.335307692198492,2.298696655792494
246.7746643,2.57,3.47,3.37,2.317930111,3.28767395,3.181949088,,,2.3501648354818205,2.2913972767011197
246.8250034,2.57,3.47,3.37,2.317930111,3.28767395,3.181949088,,,2.3501648354818205,2.2913972767011197
246.8753585,2.57,3.5,3.37,2.317930111,3.31932222,3.181949088,,,2.373142857314472,2.30283633539607
246.9256674,2.58,3.5,3.4,2.329012666,3.31932222,3.213705027,,,2.3508241757824897,2.308203774702222
246.9759841,2.58,3.5,3.4,2.329012666,3.31932222,3.213705027,,,2.3508241757824897,2.308203774702222
247.0260918,2.58,3.48,3.38,2.329012666,3.298226796,3.192538175,,,2.350384615276933,2.2932458193926366
247.0764413,2.57,3.48,3.38,2.317930111,3.298226796,3.192538175,,,2.350384615276933,2.2988436453608925
247.1267612,2.57,3.48,3.38,2.317930111,3.298226796,3.192538175,,,2.350384615276933,2.2988436453608925
247.1771121,2.57,3.48,3.38,2.317930111,3.298226796,3.192538175,,,2.350384615276933,2.2988436453608925
247.2273109,2.57,3.48,3.38,2.317930111,3.298226796,3.192538175,,,2.350384615276933,2.2988436453608925
247.2775351,2.57,3.48,3.38,2.317930111,3.298226796,3.192538175,,,2.350384615276933,2.2988436453608925
247.3276663,2.57,3.37,3.36,2.317930111,3.181949088,3.171356177,,,2.2823956040909867,2.2503447683317717
247.3777816,2.66,3.37,3.36,2.417333241,3.181949088,3.171356177,,,2.2823956040909867,2.1991817250096966
247.4281608,2.66,3.37,3.36,2.417333241,3.181949088,3.171356177,,,2.2823956040909867,2.1991817250096966
247.4784956,2.64,3.56,3.38,2.395307913,3.38252864,3.192538175,,,2.4122747254492216,2.2900128525336245
247.5288344,2.64,3.56,3.38,2.395307913,3.38252864,3.192538175,,,2.4122747254492216,2.2900128525336245
247.5791355,2.64,3.56,3.38,2.395307913,3.38252864,3.192538175,,,2.4122747254492216,2.2900128525336245
247.629269,2.67,3.39,3.38,2.428332761,3.203123476,3.192538175,,,2.2824395608428563,2.2080623031898616
247.679595,2.67,3.39,3.38,2.428332761,3.203123476,3.192538175,,,2.2824395608428563,2.2080623031898616
247.7299259,2.67,3.39,3.38,2.428332761,3.203123476,3.192538175,,,2.2824395608428563,2.2080623031898616
247.7802806,2.67,3.39,3.38,2.428332761,3.203123476,3.192538175,,,2.2824395608428563,2.2080623031898616
247.8304831,2.67,3.39,3.38,2.428332761,3.203123476,3.192538175,,,2.2824395608428563,2.2080623031898616
247.8808082,2.67,3.35,3.38,2.428332761,3.160759402,3.192538175,,,2.2528131866482486,2.1933135212538515
247.9311666,2.68,3.35,3.38,2.439323677,3.160759402,3.192538175,,,2.2528131866482486,2.187498303533534
247.9814488,2.68,3.35,3.38,2.439323677,3.160759402,3.192538175,,,2.2528131866482486,2.187498303533534
248.0315626,2.68,3.36,3.38,2.439323677,3.171356177,3.192538175,,,2.260186813468541,2.1911690873201577
248.0819028,2.69,3.36,3.39,2.450306103,3.171356177,3.203123476,,,2.252747252625684,2.1889872196879256
248.1322358,2.69,3.36,3.39,2.450306103,3.171356177,3.203123476,,,2.252747252625684,2.1889872196879256
248.1825542,2.69,3.29,3.39,2.450306103,3.097095413,3.203123476,,,2.201593406013551,2.163521500396233
248.2326969,2.72,3.29,3.39,2.483203576,3.097095413,3.203123476,,,2.201593406013551,2.145880195889695
248.2828384,2.72,3.29,3.39,2.483203576,3.097095413,3.203123476,,,2.201593406013551,2.145880195889695
248.3331338,2.72,3.29,3.37,2.483203576,3.097095413,3.181949088,,,2.2164505492968796,2.1385808167983207
248.3834673,2.72,3.29,3.37,2.483203576,3.097095413,3.181949088,,,2.2164505492968796,2.1385808167983207
248.4337137,2.72,3.29,3.37,2.483203576,3.097095413,3.181949088,,,2.2164505492968796,2.1385808167983207
248.4839032,2.76,3.25,3.35,2.526954689,3.054570346,3.160759402,,,2.202472527618809,2.093187410170267
248.5342441,2.76,3.25,3.35,2.526954689,3.054570346,3.160759402,,,2.202472527618809,2.093187410170267
248.5844528,2.76,3.25,3.35,2.526954689,3.054570346,3.160759402,,,2.202472527618809,2.093187410170267
248.6347723,2.77,3.17,3.4,2.537873125,2.969309684,3.213705027,,,2.1089450548275943,2.077300907943281
248.6851124,2.77,3.17,3.4,2.537873125,2.969309684,3.213705027,,,2.1089450548275943,2.077300907943281
248.7354498,2.77,3.17,3.4,2.537873125,2.969309684,3.213705027,,,2.1089450548275943,2.077300907943281
248.7857807,2.77,3.1,3.39,2.537873125,2.894460226,3.203123476,,,2.0681758238894115,2.0496244866650613
248.8360648,2.77,3.1,3.39,2.537873125,2.894460226,3.203123476,,,2.0681758238894115,2.0496244866650613
248.8864165,2.77,3.6,3.39,2.537873125,3.424602167,3.203123476,,,2.4363076922767886,2.2328901341883425
248.9367572,2.8,3.6,3.39,2.570583591,3.424602167,3.203123476,,,2.4363076922767886,2.214727090740387
248.9871084,2.8,3.6,3.39,2.570583591,3.424602167,3.203123476,,,2.4363076922767886,2.214727090740387
249.0373095,2.8,3.09,3.39,2.570583591,2.883747562,3.203123476,,,2.0613736262460023,2.028075131781582
249.0876552,2.8,3.09,3.39,2.570583591,2.883747562,3.203123476,,,2.0613736262460023,2.028075131781582
249.1379872,2.8,3.09,3.39,2.570583591,2.883747562,3.203123476,,,2.0613736262460023,2.028075131781582
249.1883011,2.8,3.08,3.38,2.570583591,2.87302976,3.192538175,,,2.062032967364102,2.0210446729392895
249.2385429,2.8,3.08,3.38,2.570583591,2.87302976,3.192538175,,,2.062032967364102,2.0210446729392895
249.2886876,2.8,3.08,3.38,2.570583591,2.87302976,3.192538175,,,2.062032967364102,2.0210446729392895
249.3390262,2.8,3.09,3.42,2.570583591,2.883747562,3.234857029,,,2.038923077282443,2.039105184098461
249.3893493,2.82,3.09,3.42,2.592354142,2.883747562,3.234857029,,,2.038923077282443,2.0268877928782327
249.4396484,2.82,3.09,3.42,2.592354142,2.883747562,3.234857029,,,2.038923077282443,2.0268877928782327
249.4899671,2.86,3.01,3.35,2.635811071,2.797856322,3.160759402,,,2.037373626508128,1.9499099135578761
249.5403373,2.86,3.01,3.35,2.635811071,2.797856322,3.160759402,,,2.037373626508128,1.9499099135578761
249.5905105,2.86,3.01,3.35,2.635811071,2.797856322,3.160759402,,,2.037373626508128,1.9499099135578761
249.6408429,2.88,3.04,3.39,2.657498824,2.830106005,3.203123476,,,2.0276923073664546,1.9619163881173158
249.6911855,2.88,3.04,3.39,2.657498824,2.830106005,3.203123476,,,2.0276923073664546,1.9619163881173158
249.7415036,2.88,3.04,3.39,2.657498824,2.830106005,3.203123476,,,2.0276923073664546,1.9619163881173158
249.7918224,2.88,3.03,3.42,2.657498824,2.81936163,3.234857029,,,1.9985714288621483,1.9696257763802134
249.8421542,2.88,3.03,3.42,2.657498824,2.81936163,3.234857029,,,1.9985714288621483,1.9696257763802134
249.8922726,2.88,3.05,3.42,2.657498824,2.840844945,3.234857029,,,2.0119340663144336,1.9762780458945033
249.9425303,2.9,3.05,3.42,2.679160316,2.840844945,3.234857029,,,2.0119340663144336,1.9637128285827816
249.9928652,2.9,3.05,3.42,2.679160316,2.840844945,3.234857029,,,2.0119340663144336,1.9637128285827816
250.0431594,2.9,2.97,3.42,2.679160316,2.754777668,3.234857029,,,1.959010989235254,1.9373663402107555
250.0934484,2.89,2.97,3.42,2.668332813,2.754777668,3.234857029,,,1.959010989235254,1.9436598182430083
250.1437929,2.89,2.97,3.42,2.668332813,2.754777668,3.234857029,,,1.959010989235254,1.9436598182430083
250.1941337,2.89,2.97,3.42,2.668332813,2.754777668,3.234857029,,,1.959010989235254,1.9436598182430083
250.244436,2.89,2.97,3.42,2.668332813,2.754777668,3.234857029,,,1.959010989235254,1.9436598182430083
250.2947704,2.89,2.97,3.42,2.668332813,2.754777668,3.234857029,,,1.959010989235254,1.9436598182430083
250.3451006,2.89,2.95,3.42,2.668332813,2.733203249,3.234857029,,,1.9460000002498292,1.93718260850896
250.3954188,2.95,2.95,3.42,2.733203249,2.733203249,3.234857029,,,1.9460000002498292,1.8990956520511708
250.4457087,2.95,2.95,3.42,2.733203249,2.733203249,3.234857029,,,1.9460000002498292,1.8990956520511708
250.495884,2.95,2.93,3.41,2.733203249,2.711604691,3.224282866,,,1.9405824176123108,1.8889747252501525
250.546181,2.96,2.93,3.41,2.74399344,2.711604691,3.224282866,,,1.9405824176123108,1.8825508123785355
250.5965245,2.96,2.93,3.41,2.74399344,2.711604691,3.224282866,,,1.9405824176123108,1.8825508123785355
250.6467722,3.0,2.88,3.42,2.787095262,2.657498824,3.234857029,,,1.9011538463176565,1.8444331102981226
250.697112,3.0,2.88,3.42,2.787095262,2.657498824,3.234857029,,,1.9011538463176565,1.8444331102981226
250.7474544,3.0,2.88,3.42,2.787095262,2.657498824,3.234857029,,,1.9011538463176565,1.8444331102981226
250.79763,3.07,2.92,3.42,2.862306762,2.700796179,3.234857029,,,1.9266483519154167,1.8109401576143906
250.8479286,3.07,2.92,3.42,2.862306762,2.700796179,3.234857029,,,1.9266483519154167,1.8109401576143906
250.8982245,3.07,2.92,3.42,2.862306762,2.700796179,3.234857029,,,1.9266483519154167,1.8109401576143906
250.948522,3.04,2.88,3.45,2.830106005,2.657498824,3.266557821,,,1.8785054946840782,1.8292994743535096
250.9986384,3.04,2.88,3.45,2.830106005,2.657498824,3.266557821,,,1.8785054946840782,1.8292994743535096
251.0489642,3.04,2.83,3.45,2.830106005,2.603228764,3.266557821,,,1.8471318681077689,1.8136808646013904
251.0993338,3.08,2.83,3.48,2.87302976,2.603228764,3.298226796,,,1.8242857142708284,1.798296583409474
251.1496626,3.08,2.83,3.48,2.87302976,2.603228764,3.298226796,,,1.8242857142708284,1.798296583409474
251.1999844,3.08,2.88,3.48,2.87302976,2.657498824,3.298226796,,,1.8556593408471385,1.8139151931615936
251.2502839,3.11,2.88,3.48,2.905167809,2.657498824,3.298226796,,,1.8556593408471385,1.7937304109220065
251.300615,3.11,2.88,3.48,2.905167809,2.657498824,3.298226796,,,1.8556593408471385,1.7937304109220065
251.3509519,3.11,2.82,3.44,2.905167809,2.592354142,3.255994472,,,1.8484945050384616,1.7600766126435707
251.4013142,3.13,2.82,3.44,2.926567956,2.592354142,3.255994472,,,1.8484945050384616,1.7465113949657272
251.4514277,3.13,2.82,3.44,2.926567956,2.592354142,3.255994472,,,1.8484945050384616,1.7465113949657272
251.5017436,3.13,2.79,3.48,2.926567956,2.559687481,3.298226796,,,1.799582417861066,1.7522486381054445
251.5520877,3.13,2.79,3.48,2.926567956,2.559687481,3.298226796,,,1.799582417861066,1.7522486381054445
251.6024228,3.13,2.79,3.48,2.926567956,2.559687481,3.298226796,,,1.799582417861066,1.7522486381054445
251.6527236,3.15,2.8,3.49,2.947948439,2.570583591,3.308776209,,,1.7980659337444007,1.7454176063903513
251.7030513,3.15,2.8,3.49,2.947948439,2.570583591,3.308776209,,,1.7980659337444007,1.7454176063903513
251.7534129,3.15,2.8,3.49,2.947948439,2.570583591,3.308776209,,,1.7980659337444007,1.7454176063903513
251.8036756,3.16,2.8,3.53,2.95863144,2.570583591,3.350940167,,,1.7672087907147764,1.753719159405564
251.8539548,3.16,2.8,3.53,2.95863144,2.570583591,3.350940167,,,1.7672087907147764,1.753719159405564
251.9043193,3.16,2.8,3.53,2.95863144,2.570583591,3.350940167,,,1.7672087907147764,1.753719159405564
251.9545131,3.19,2.8,3.52,2.990652103,2.570583591,3.340404167,,,1.774956043890933,1.7292063781253388
252.0048557,3.19,2.8,3.52,2.990652103,2.570583591,3.340404167,,,1.774956043890933,1.7292063781253388
252.055005,3.19,2.6,3.52,2.990652103,2.351148655,3.340404167,,,1.6562747251645433,1.6701237216289402
252.1053459,3.24,2.6,3.53,3.043928383,2.351148655,3.350940167,,,1.6485274719883867,1.638984328661718
252.1556716,3.24,2.6,3.53,3.043928383,2.351148655,3.350940167,,,1.6485274719883867,1.638984328661718
252.2060115,3.24,2.64,3.53,3.043928383,2.395307913,3.350940167,,,1.6715604390402665,1.650450740520154
252.2563599,3.23,2.64,3.5,3.033282051,2.395307913,3.31932222,,,1.6947362635049106,1.6460969658825488
252.3066591,3.23,2.64,3.5,3.033282051,2.395307913,3.31932222,,,1.6947362635049106,1.6460969658825488
252.3569768,3.23,2.62,3.51,3.033282051,2.373246721,3.329864862,,,1.6754725274236235,1.6441265406373593
252.4073167,3.25,2.62,3.51,3.054570346,2.373246721,3.329864862,,,1.6754725274236235,1.63003958436086
252.4576513,3.25,2.62,3.51,3.054570346,2.373246721,3.329864862,,,1.6754725274236235,1.63003958436086
252.5079755,3.25,2.61,3.57,3.054570346,2.362202362,3.393051724,,,1.6230439557471437,1.6501131869998624
252.558321,3.26,2.61,3.57,3.065207986,2.362202362,3.393051724,,,1.6230439557471437,1.6430371001764255
252.6086415,3.26,2.61,3.57,3.065207986,2.362202362,3.393051724,,,1.6230439557471437,1.6430371001764255
252.6589645,3.26,2.57,3.54,3.065207986,2.317930111,3.361472891,,,1.6237142859947882,1.6201860249288969
252.709333,3.26,2.57,3.54,3.065207986,2.317930111,3.361472891,,,1.6237142859947882,1.6201860249288969
252.7596581,3.26,2.57,3.54,3.065207986,2.317930111,3.361472891,,,1.6237142859947882,1.6201860249288969
252.8099968,3.29,2.49,3.54,3.097095413,2.228901075,3.361472891,,,1.5792307698031052,1.5766822745000522
252.8603608,3.29,2.49,3.54,3.097095413,2.228901075,3.361472891,,,1.5792307698031052,1.5766822745000522
252.9107191,3.29,2.49,3.54,3.097095413,2.228901075,3.361472891,,,1.5792307698031052,1.5766822745000522
252.961051,3.28,2.5,3.53,3.086470476,2.240066963,3.350940167,,,1.5924835160340716,1.582736359459823
253.0113798,3.28,2.5,3.53,3.086470476,2.240066963,3.350940167,,,1.5924835160340716,1.582736359459823
253.0617033,3.28,2.5,3.53,3.086470476,2.240066963,3.350940167,,,1.5924835160340716,1.582736359459823
253.1118619,3.31,2.5,3.54,3.118332888,2.240066963,3.361472891,,,1.584714285911664,1.5650642854370542
253.1622034,3.31,2.5,3.54,3.118332888,2.240066963,3.361472891,,,1.584714285911664,1.5650642854370542
253.2125022,3.31,2.5,3.54,3.118332888,2.240066963,3.361472891,,,1.584714285911664,1.5650642854370542
253.2628567,3.31,2.5,3.54,3.118332888,2.240066963,3.361472891,,,1.584714285911664,1.5650642854370542
253.3132125,3.31,2.5,3.54,3.118332888,2.240066963,3.361472891,,,1.584714285911664,1.5650642854370542
253.3634862,3.31,2.51,3.58,3.118332888,2.25122189,3.403571653,,,1.5589230770230789,1.5831812705965689
253.4138469,3.33,2.51,3.58,3.139554108,2.25122189,3.403571653,,,1.5589230770230789,1.568746488349041
253.4641795,3.33,2.51,3.58,3.139554108,2.25122189,3.403571653,,,1.5589230770230789,1.568746488349041
253.5144822,3.33,2.45,3.59,3.139554108,2.184124539,3.414088458,,,1.518340659649796,1.5563369807810008
253.5648082,3.33,2.45,3.59,3.139554108,2.184124539,3.414088458,,,1.518340659649796,1.5563369807810008
253.6151389,3.33,2.45,3.59,3.139554108,2.184124539,3.414088458,,,1.518340659649796,1.5563369807810008
253.6652794,3.4,2.51,3.6,3.213705027,2.25122189,3.424602167,,,1.5431428566806673,1.52529285709277
253.7156177,3.4,2.51,3.6,3.213705027,2.25122189,3.424602167,,,1.5431428566806673,1.52529285709277
253.7659443,3.4,2.51,3.6,3.213705027,2.25122189,3.424602167,,,1.5431428566806673,1.52529285709277
253.8163153,3.4,2.51,3.6,3.213705027,2.25122189,3.424602167,,,1.5431428566806673,1.52529285709277
253.8666002,3.4,2.51,3.6,3.213705027,2.25122189,3.424602167,,,1.5431428566806673,1.52529285709277
253.9169184,3.4,2.51,3.6,3.213705027,2.25122189,3.424602167,,,1.5431428566806673,1.52529285709277
253.9672837,3.42,2.44,3.6,3.234857029,2.172901286,3.424602167,,,1.5050659336790502,1.4915110848261346
254.0175748,3.42,2.44,3.6,3.234857029,2.172901286,3.424602167,,,1.5050659336790502,1.4915110848261346
254.0677374,3.42,2.44,3.6,3.234857029,2.172901286,3.424602167,,,1.5050659336790502,1.4915110848261346
254.1180817,3.45,2.15,3.62,3.266557821,1.841303886,3.445620409,,,1.3429230766682825,1.4040856191436732
254.1684159,3.45,2.15,3.62,3.266557821,1.841303886,3.445620409,,,1.3429230766682825,1.4040856191436732
254.2187214,3.45,2.24,3.62,3.266557821,1.945636143,3.445620409,,,1.3863406591242404,1.4257000243228346
254.2690182,3.48,2.24,3.64,3.298226796,1.945636143,3.466626602,,,1.3703846157421813,1.410941471732699
254.3193552,3.48,2.24,3.64,3.298226796,1.945636143,3.466626602,,,1.3703846157421813,1.410941471732699
254.3695255,3.48,2.74,3.64,3.298226796,2.505094809,3.466626602,,,1.644010989492822,1.5471598186650832
254.4198637,3.48,2.74,3.6,3.298226796,2.505094809,3.424602167,,,1.675835164819522,1.5315244629610958
254.4702003,3.48,2.74,3.6,3.298226796,2.505094809,3.424602167,,,1.675835164819522,1.5315244629610958
254.5205216,3.48,2.74,3.67,3.298226796,2.505094809,3.498113777,,,1.6199120884880815,1.5589997135065428
254.5708517,3.5,2.74,3.67,3.31932222,2.505094809,3.498113777,,,1.6199120884880815,1.543825800209444
254.6212024,3.5,2.74,3.67,3.31932222,2.505094809,3.498113777,,,1.6199120884880815,1.543825800209444
254.6713546,3.5,2.25,3.62,3.31932222,1.957140772,3.445620409,,,1.3912747251107063,1.3903845917107207
254.7214992,3.56,2.25,3.62,3.38252864,1.957140772,3.445620409,,,1.3912747251107063,1.34434111342436
254.7717712,3.56,2.25,3.62,3.38252864,1.957140772,3.445620409,,,1.3912747251107063,1.34434111342436
254.8219119,3.52,2.28,3.65,3.340404167,1.99155718,3.477125249,,,1.3822417586787075,1.394333397072916
254.8722442,3.52,2.28,3.65,3.340404167,1.99155718,3.477125249,,,1.3822417586787075,1.394333397072916
254.9225699,3.52,2.28,3.65,3.340404167,1.99155718,3.477125249,,,1.3822417586787075,1.394333397072916
254.972784,3.57,2.26,3.69,3.393051724,1.968628965,3.519090792,,,1.3399999999448111,1.3666847826464181
255.0231431,3.57,2.26,3.69,3.393051724,1.968628965,3.519090792,,,1.3399999999448111,1.3666847826464181
255.0734928,3.57,2.26,3.69,3.393051724,1.968628965,3.519090792,,,1.3399999999448111,1.3666847826464181
255.123835,3.57,2.25,3.67,3.393051724,1.957140772,3.498113777,,,1.3512197807239066,1.3562702816101442
255.1741708,3.57,2.25,3.67,3.393051724,1.957140772,3.498113777,,,1.3512197807239066,1.3562702816101442
255.2245075,3.57,2.24,3.67,3.393051724,1.945636143,3.498113777,,,1.3462857147374407,1.3538139748473164
255.2748498,3.58,2.24,3.7,3.403571653,1.945636143,3.529575045,,,1.3219890112814463,1.3579793122663721
255.325185,3.58,2.24,3.7,3.403571653,1.945636143,3.529575045,,,1.3219890112814463,1.3579793122663721
255.3754717,3.58,2.18,3.7,3.403571653,1.876246252,3.529575045,,,1.2928461538304719,1.3434712375788216
255.4257955,3.62,2.18,3.67,3.445620409,1.876246252,3.498113777,,,1.3171428572864663,1.3002298130752055
255.4761086,3.62,2.18,3.67,3.445620409,1.876246252,3.498113777,,,1.3171428572864663,1.3002298130752055
255.5264456,3.62,2.45,3.69,3.445620409,2.184124539,3.519090792,,,1.438340659288217,1.3765652411915101
255.5767843,3.64,2.45,3.69,3.466626602,2.184124539,3.519090792,,,1.438340659288217,1.360782633063604
255.6269477,3.64,2.45,3.69,3.466626602,2.184124539,3.519090792,,,1.438340659288217,1.360782633063604
255.6772274,3.64,2.13,3.73,3.466626602,1.817910889,3.561011092,,,1.244670329999751,1.2966293598969378
255.727558,3.68,2.13,3.73,3.508603711,1.817910889,3.561011092,,,1.244670329999751,1.2648032725981435
255.7778541,3.68,2.13,3.73,3.508603711,1.817910889,3.561011092,,,1.244670329999751,1.2648032725981435
255.8281828,3.69,2.03,3.71,3.519090792,1.699647022,3.540056497,,,1.2153076920265444,1.2260010031624236
255.8784758,3.69,2.03,3.71,3.519090792,1.699647022,3.540056497,,,1.2153076920265444,1.2260010031624236
255.928794,3.69,2.03,3.71,3.519090792,1.699647022,3.540056497,,,1.2153076920265444,1.2260010031624236
255.9789225,3.66,2.06,3.68,3.487620966,1.735367396,3.508603711,,,1.2531538459622908,1.2447113709638578
256.029006,3.66,2.06,3.68,3.487620966,1.735367396,3.508603711,,,1.2531538459622908,1.2447113709638578
256.0791413,3.66,2.06,3.68,3.487620966,1.735367396,3.508603711,,,1.2531538459622908,1.2447113709638578
256.1294617,3.7,2.09,3.71,3.529575045,1.77087549,3.540056497,,,1.2424725273770139,1.2314917585925962
256.1797954,3.7,2.09,3.71,3.529575045,1.77087549,3.540056497,,,1.2424725273770139,1.2314917585925962
256.2301315,3.7,2.09,3.71,3.529575045,1.77087549,3.540056497,,,1.2424725273770139,1.2314917585925962
256.2804521,3.7,2.09,3.71,3.529575045,1.77087549,3.540056497,,,1.2424725273770139,1.2314917585925962
256.3307931,3.7,2.09,3.71,3.529575045,1.77087549,3.540056497,,,1.2424725273770139,1.2314917585925962
256.3811457,3.7,2.16,3.71,3.529575045,1.852970588,3.540056497,,,1.275164834949577,1.247766842145024
256.4314868,3.72,2.16,3.77,3.550535171,1.852970588,3.602887731,,,1.2258461536046963,1.2558668896947651
256.4818328,3.72,2.16,3.77,3.550535171,1.852970588,3.602887731,,,1.2258461536046963,1.2558668896947651
256.5319625,3.72,2.03,3.75,3.550535171,1.699647022,3.581954774,,,1.182516483122206,1.21794842338838
256.5821,3.77,2.03,3.75,3.602887731,1.699647022,3.581954774,,,1.182516483122206,1.1772419014663877
256.6324308,3.77,2.03,3.75,3.602887731,1.699647022,3.581954774,,,1.182516483122206,1.1772419014663877
256.6827511,3.77,2.03,3.76,3.602887731,1.699647022,3.592422581,,,1.1742637361444794,1.1812965119380534
256.7330877,3.79,2.03,3.76,3.62381015,1.699647022,3.592422581,,,1.1742637361444794,1.1648617292149341
256.7834194,3.79,2.03,3.76,3.62381015,1.699647022,3.592422581,,,1.1742637361444794,1.1648617292149341
256.8337522,3.8,1.97,3.78,3.634267464,1.627513441,3.613350246,,,1.1313186813590546,1.1516238653264934
256.8839002,3.8,1.97,3.78,3.634267464,1.627513441,3.613350246,,,1.1313186813590546,1.1516238653264934
256.9342938,3.8,1.97,3.78,3.634267464,1.627513441,3.613350246,,,1.1313186813590546,1.1516238653264934
256.9845173,3.82,2.0,3.8,3.655174414,1.663700694,3.634267464,,,1.1277472526733063,1.14975895873614
257.0346084,3.82,2.0,3.8,3.655174414,1.663700694,3.634267464,,,1.1277472526733063,1.14975895873614
257.0849379,3.82,2.0,3.8,3.655174414,1.663700694,3.634267464,,,1.1277472526733063,1.14975895873614
257.1352892,3.85,1.81,3.75,3.68651597,1.42968528,3.581954774,,,1.0896813183370642,1.0647652656413158
257.1856268,3.85,1.81,3.75,3.68651597,1.42968528,3.581954774,,,1.0896813183370642,1.0647652656413158
257.2357721,3.85,1.76,3.75,3.68651597,1.365833079,3.581954774,,,1.0700659337043104,1.0550002154654452
257.286164,3.91,1.76,3.81,3.749133233,1.365833079,3.644722212,,,1.020219779894994,1.0288811517152407
257.3365019,3.91,1.76,3.81,3.749133233,1.365833079,3.644722212,,,1.020219779894994,1.0288811517152407
257.3868191,3.91,1.81,3.81,3.749133233,1.42968528,3.644722212,,,1.0398351645277475,1.0386462018911116
257.4371297,3.9,1.81,3.81,3.738702984,1.42968528,3.644722212,,,1.0398351645277475,1.0471353319144296
257.4874722,3.9,1.81,3.81,3.738702984,1.42968528,3.644722212,,,1.0398351645277475,1.0471353319144296
257.5376928,3.9,1.66,3.83,3.738702984,1.234301422,3.665624094,,,0.9658461540481208,1.0269103675525222
257.58803,3.94,1.66,3.83,3.780410031,1.234301422,3.665624094,,,0.9658461540481208,0.9928234110400315
257.6381731,3.94,1.66,3.83,3.780410031,1.234301422,3.665624094,,,0.9658461540481208,0.9928234110400315
257.6885003,3.94,1.78,3.8,3.780410031,1.391509971,3.634267464,,,1.0363626373080688,1.0030479213341876
257.738748,3.93,1.78,3.8,3.769986737,1.391509971,3.634267464,,,1.0363626373080688,1.0116022697395697
257.7890824,3.93,1.78,3.8,3.769986737,1.391509971,3.634267464,,,1.0363626373080688,1.0116022697395697
257.8392236,3.93,1.7,3.8,3.769986737,1.287594657,3.634267464,1,1.0,1.0057692308621928,0.9963720739219488
257.8895519,3.95,1.7,3.8,3.790831043,1.287594657,3.634267464,,,1.0057692308621928,0.9792416392027571
257.9398476,3.95,1.7,3.8,3.790831043,1.287594657,3.634267464,,,1.0057692308621928,0.9792416392027571
257.9901686,3.93,1.75,3.81,3.769986737,1.352922762,3.644722212,,,1.0163626370650036,1.0099174873095633
258.040485,3.93,1.75,3.81,3.769986737,1.352922762,3.644722212,,,1.0163626370650036,1.0099174873095633
258.0908147,3.93,1.75,3.81,3.769986737,1.352922762,3.644722212,,,1.0163626370650036,1.0099174873095633
258.1411647,3.93,1.7,3.8,3.769986737,1.287594657,3.634267464,,,1.0057692308621928,0.9963720739219488
258.191463,3.93,1.7,3.8,3.769986737,1.287594657,3.634267464,,,1.0057692308621928,0.9963720739219488
258.2418038,3.93,1.7,3.8,3.769986737,1.287594657,3.634267464,,,1.0057692308621928,0.9963720739219488
258.2921075,3.97,1.76,3.85,3.811666302,1.365833079,3.68651597,,,0.9865494508379755,0.9940322265326755
258.342441,3.97,1.76,3.85,3.811666302,1.365833079,3.68651597,,,0.9865494508379755,0.9940322265326755
258.3927778,3.97,1.66,3.85,3.811666302,1.234301422,3.68651597,,,0.9489670333281516,0.9753227186853934
258.4429409,3.95,1.66,3.82,3.790831043,1.234301422,3.655174414,,,0.9742527476473598,0.9801171287405095
258.4933312,3.95,1.66,3.82,3.790831043,1.234301422,3.655174414,,,0.9742527476473598,0.9801171287405095
258.5436573,3.95,1.66,3.82,3.790831043,1.234301422,3.655174414,,,0.9742527476473598,0.9801171287405095
258.5939767,3.97,1.66,3.83,3.811666302,1.234301422,3.665624094,,,0.9658461540481208,0.9670299332881911
258.6443325,3.97,1.66,3.83,3.811666302,1.234301422,3.665624094,,,0.9658461540481208,0.9670299332881911
258.6946671,3.97,1.75,3.83,3.811666302,1.352922762,3.665624094,,,0.9995714287279547,0.9838192548135867
258.7447875,3.97,1.75,3.83,3.811666302,1.352922762,3.665624094,,,0.9995714287279547,0.9838192548135867
258.7949254,3.97,1.75,3.83,3.811666302,1.352922762,3.665624094,,,0.9995714287279547,0.9838192548135867
258.8452122,3.97,1.74,3.84,3.811666302,1.339962686,3.676071272,,,0.987307692642707,0.986051003404885
258.8955088,3.95,1.74,3.84,3.790831043,1.339962686,3.676071272,,,0.987307692642707,1.003268394842916
258.9456521,3.95,1.74,3.84,3.790831043,1.339962686,3.676071272,,,0.987307692642707,1.003268394842916
258.9957959,3.91,1.74,3.82,3.749133233,1.339962686,3.655174414,,,1.0041428574848448,1.029171117962587
259.0459218,3.91,1.74,3.82,3.749133233,1.339962686,3.655174414,,,1.0041428574848448,1.029171117962587
259.0960305,3.91,1.74,3.82,3.749133233,1.339962686,3.655174414,,,1.0041428574848448,1.029171117962587
259.1461673,3.87,1.82,3.85,3.707398009,1.442324513,3.68651597,,,1.0101538465643567,1.0910005018687643
259.1963164,3.87,1.82,3.85,3.707398009,1.442324513,3.68651597,,,1.0101538465643567,1.0910005018687643
259.2464394,3.87,1.82,3.85,3.707398009,1.442324513,3.68651597,,,1.0101538465643567,1.0910005018687643
259.2965757,3.87,1.82,3.85,3.707398009,1.442324513,3.68651597,,,1.0101538465643567,1.0910005018687643
259.3467174,3.87,1.82,3.85,3.707398009,1.442324513,3.68651597,,,1.0101538465643567,1.0910005018687643
259.3968631,3.87,1.77,3.85,3.707398009,1.378695035,3.68651597,,,0.9904285716998471,1.0811807454688236
259.4469655,3.81,1.77,3.88,3.644722212,1.378695035,3.717835392,,,0.964945054673171,1.1437878641048633
259.4971008,3.81,1.77,3.88,3.644722212,1.378695035,3.717835392,,,0.964945054673171,1.1437878641048633
259.5472408,3.81,1.87,3.88,3.644722212,1.504925247,3.717835392,,,1.0049450546209029,1.1637009075571036
259.5975045,3.75,1.87,3.9,3.581954774,1.504925247,3.738702984,,,0.9878461534601652,1.2214060198300731
259.6476094,3.75,1.87,3.9,3.581954774,1.504925247,3.738702984,,,0.9878461534601652,1.2214060198300731
259.6977084,3.75,1.86,3.94,3.581954774,1.492481156,3.780410031,,,0.9492857141241398,1.236296583716586
259.7478292,3.75,1.86,3.94,3.581954774,1.492481156,3.780410031,,,0.9492857141241398,1.236296583716586
259.797914,3.75,1.86,3.94,3.581954774,1.492481156,3.780410031,,,0.9492857141241398,1.236296583716586
259.8479981,3.75,1.88,3.94,3.581954774,1.517333187,3.780410031,,,0.9575054942732036,1.2403886047038373
259.8980855,3.71,1.88,3.94,3.540056497,1.517333187,3.780410031,,,0.9575054942732036,1.272823387424433
259.9481757,3.71,1.88,3.94,3.540056497,1.517333187,3.780410031,,,0.9575054942732036,1.272823387424433
259.9982559,3.71,1.93,3.93,3.540056497,1.578860348,3.769986737,,,0.9870879122341509,1.2789959383952616
260.0483277,3.66,1.93,3.93,3.487620966,1.578860348,3.769986737,,,0.9870879122341509,1.319050286163646
260.0984113,3.66,1.93,3.93,3.487620966,1.578860348,3.769986737,,,0.9870879122341509,1.319050286163646
260.1485018,3.63,1.89,3.93,3.456124998,1.529705854,3.769986737,,,0.9702967035830725,1.3344629236702044
260.1985924,3.63,1.89,3.93,3.456124998,1.529705854,3.769986737,,,0.9702967035830725,1.3344629236702044
260.248676,3.63,1.89,3.93,3.456124998,1.529705854,3.769986737,,,0.9702967035830725,1.3344629236702044
260.2990223,3.62,1.97,3.94,3.445620409,1.627513441,3.780410031,,,0.9955824173791468,1.3634855946918027
260.349306,3.62,1.97,3.94,3.445620409,1.627513441,3.780410031,,,0.9955824173791468,1.3634855946918027
260.3996479,3.62,1.97,3.94,3.445620409,1.627513441,3.780410031,,,0.9955824173791468,1.3634855946918027
260.4499276,3.57,2.05,3.93,3.393051724,1.723484842,3.769986737,,,1.039571428950314,1.4159062108705402
260.5002947,3.57,2.05,3.93,3.393051724,1.723484842,3.769986737,,,1.039571428950314,1.4159062108705402
260.5505085,3.57,1.98,3.93,3.393051724,1.639603611,3.769986737,,,1.0085714290163001,1.4004736022077378
260.6009092,3.56,1.98,4.0,3.38252864,1.639603611,3.842902549,,,0.9475714285817077,1.4381931677820292
260.6511248,3.56,1.98,4.0,3.38252864,1.639603611,3.842902549,,,0.9475714285817077,1.4381931677820292
260.7014314,3.56,1.97,4.0,3.38252864,1.627513441,3.842902549,,,0.943230769178567,1.4360322742965528
260.7517385,3.51,1.97,3.99,3.329864862,1.627513441,3.832492661,,,0.9520109894523954,1.4701424270791905
260.8018665,3.51,1.97,3.99,3.329864862,1.627513441,3.832492661,,,0.9520109894523954,1.4701424270791905
260.851981,3.51,2.11,4.0,3.329864862,1.794435844,3.842902549,,,1.0059999996836586,1.5057043478782146
260.9023118,3.47,2.11,4.0,3.28767395,1.794435844,3.842902549,,,1.0059999996836586,1.5360521737123098
260.9526674,3.47,2.11,4.0,3.28767395,1.794435844,3.842902549,,,1.0059999996836586,1.5360521737123098
261.0027583,3.47,2.06,4.04,3.28767395,1.735367396,3.884520562,,,0.9477472530218706,1.5420089580361265
261.0528646,3.45,2.06,4.04,3.266557821,1.735367396,3.884520562,,,0.9477472530218706,1.5570524366852931
261.1031984,3.45,2.06,4.04,3.266557821,1.735367396,3.884520562,,,0.9477472530218706,1.5570524366852931
261.1535001,3.42,2.08,4.05,3.234857029,1.75906225,3.894919768,,,0.9479560439799876,1.5883520307081316
261.2037125,3.42,2.08,4.05,3.234857029,1.75906225,3.894919768,,,0.9479560439799876,1.5883520307081316
261.2540361,3.42,2.08,4.05,3.234857029,1.75906225,3.894919768,,,0.9479560439799876,1.5883520307081316
261.3043651,3.39,2.11,4.04,3.203123476,1.794435844,3.884520562,,,0.9706593408385926,1.6130673668629592
261.3546665,3.39,2.11,4.04,3.203123476,1.794435844,3.884520562,,,0.9706593408385926,1.6130673668629592
261.4050056,3.39,2.11,4.04,3.203123476,1.794435844,3.884520562,,,0.9706593408385926,1.6130673668629592
261.4553256,3.35,2.15,4.02,3.160759402,1.841303886,3.863715828,,,1.0070989012154916,1.6429905401927478
261.5056479,3.35,2.15,4.02,3.160759402,1.841303886,3.863715828,,,1.0070989012154916,1.6429905401927478
261.5557928,3.35,2.15,4.02,3.160759402,1.841303886,3.863715828,,,1.0070989012154916,1.6429905401927478
261.6061497,3.35,2.15,4.1,3.160759402,1.841303886,3.946884848,,,0.9357142854095294,1.6780621123061117
261.6564833,3.35,2.15,4.1,3.160759402,1.841303886,3.946884848,,,0.9357142854095294,1.6780621123061117
261.7068229,3.35,2.21,4.1,3.160759402,1.91102067,3.946884848,,,0.9644615382192598,1.6923732446831297
261.7571215,3.3,2.21,4.1,3.107716203,1.91102067,3.946884848,,,0.9644615382192598,1.728514548916028
261.807317,3.3,2.21,4.1,3.107716203,1.91102067,3.946884848,,,0.9644615382192598,1.728514548916028
261.8575152,3.3,2.2,4.1,3.107716203,1.899447288,3.946884848,,,0.95961538423281,1.726102007040165
261.907879,3.27,2.2,4.1,3.075841348,1.899447288,3.946884848,,,0.95961538423281,1.7475259201186737
261.9582096,3.27,2.2,4.1,3.075841348,1.899447288,3.946884848,,,0.95961538423281,1.7475259201186737
262.0085301,3.27,2.28,4.1,3.075841348,1.99155718,3.946884848,,,0.9989999997623702,1.7671326091540411
262.058848,3.22,2.28,4.1,3.022631304,1.99155718,3.946884848,,,0.9989999997623702,1.8024043480829235
262.1090083,3.22,2.28,4.1,3.022631304,1.99155718,3.946884848,,,0.9989999997623702,1.8024043480829235
262.1592077,3.22,2.23,4.15,3.022631304,1.934114785,3.99879982,,,0.9288901100135782,1.8123387722145088
262.2093728,3.19,2.23,4.15,2.990652103,1.934114785,3.99879982,,,0.9288901100135782,1.8332409459908585
262.259509,3.19,2.23,4.15,2.990652103,1.934114785,3.99879982,,,0.9288901100135782,1.8332409459908585
262.3096533,3.19,2.23,4.15,2.990652103,1.934114785,3.99879982,,,0.9288901100135782,1.8332409459908585
262.359959,3.19,2.23,4.15,2.990652103,1.934114785,3.99879982,,,0.9288901100135782,1.8332409459908585
262.4103288,3.19,2.23,4.15,2.990652103,1.934114785,3.99879982,,,0.9288901100135782,1.8332409459908585
262.4605106,3.11,2.33,4.19,2.905167809,2.048609284,4.040297019,,,0.9423406589835939,1.9309804588516613
262.510839,3.11,2.33,4.19,2.905167809,2.048609284,4.040297019,,,0.9423406589835939,1.9309804588516613
262.5611617,3.11,2.33,4.19,2.905167809,2.048609284,4.040297019,,,0.9423406589835939,1.9309804588516613
262.6113197,3.07,2.4,4.13,2.862306762,2.127886275,3.978039718,,,1.0335824177305337,1.949011681673961
262.6614343,3.07,2.4,4.13,2.862306762,2.127886275,3.978039718,,,1.0335824177305337,1.949011681673961
262.7117282,3.07,2.45,4.13,2.862306762,2.184124539,3.978039718,,,1.0602307696567521,1.9622779264372303
262.7620646,3.05,2.45,4.23,2.840844945,2.184124539,4.081764324,,,0.9683626379321739,2.0207174866170083
262.8123977,3.05,2.45,4.23,2.840844945,2.184124539,4.081764324,,,0.9683626379321739,2.0207174866170083
262.8625236,3.05,2.4,4.23,2.840844945,2.127886275,4.081764324,,,0.9417142860059556,2.007451241853739
262.9128564,3.03,2.4,4.19,2.81936163,2.127886275,4.040297019,,,0.978725274460779,2.0024849737015646
262.9631521,3.03,2.4,4.19,2.81936163,2.127886275,4.040297019,,,0.978725274460779,2.0024849737015646
263.0134444,3.03,2.47,4.21,2.81936163,2.206535746,4.061034351,,,0.9977252745465699,2.0302045387727197
263.0637784,2.99,2.47,4.21,2.776328511,2.206535746,4.061034351,,,0.9977252745465699,2.0563784517862826
263.114074,2.99,2.47,4.21,2.776328511,2.206535746,4.061034351,,,0.9977252745465699,2.0563784517862826
263.1643985,2.99,2.45,4.17,2.776328511,2.184124539,4.019552214,,,1.0237472528340283,2.0328980889196386
263.2147344,2.97,2.45,4.17,2.754777668,2.184124539,4.019552214,,,1.0237472528340283,2.045854610754417
263.2649008,2.97,2.45,4.17,2.754777668,2.184124539,4.019552214,,,1.0237472528340283,2.045854610754417
263.3150849,2.92,2.5,4.25,2.700796179,2.240066963,4.102487051,,,0.9769230763847656,2.127772575322163
263.3654197,2.92,2.5,4.25,2.700796179,2.240066963,4.102487051,,,0.9769230763847656,2.127772575322163
263.4158276,2.92,2.5,4.25,2.700796179,2.240066963,4.102487051,,,0.9769230763847656,2.127772575322163
263.4659816,2.87,2.6,4.29,2.64665827,2.351148655,4.143911196,,,0.9954285711619948,2.2055829193583363
263.5163105,2.87,2.6,4.29,2.64665827,2.351148655,4.143911196,,,0.9954285711619948,2.2055829193583363
263.5666114,2.87,2.6,4.29,2.64665827,2.351148655,4.143911196,,,0.9954285711619948,2.2055829193583363
263.6169258,2.82,2.57,4.29,2.592354142,2.317930111,4.143911196,,,0.9783846152908039,2.2280219066110303
263.6670545,2.82,2.57,4.29,2.592354142,2.317930111,4.143911196,,,0.9783846152908039,2.2280219066110303
263.7171919,2.82,2.67,4.29,2.592354142,2.428332761,4.143911196,,,1.0359670327265633,2.2566879361605716
263.7674891,2.78,2.67,4.29,2.548784024,2.428332761,4.143911196,,,1.0359670327265633,2.2810357618721935
263.8178015,2.78,2.67,4.29,2.548784024,2.428332761,4.143911196,,,1.0359670327265633,2.2810357618721935
263.8679196,2.78,2.68,4.29,2.548784024,2.439323677,4.143911196,,,1.0418461539383124,2.2839625417797818
263.918241,2.74,2.68,4.33,2.505094809,2.439323677,4.185307635,,,1.0039560441300557,2.3265781173506745
263.9683309,2.74,2.68,4.33,2.505094809,2.439323677,4.185307635,,,1.0039560441300557,2.3265781173506745
264.0184615,2.74,2.7,4.35,2.505094809,2.461280155,4.20599572,,,0.9967032972240115,2.3418370756375593
264.0686188,2.75,2.7,4.35,2.516028617,2.461280155,4.20599572,,,0.9967032972240115,2.3358696843892783
264.1189486,2.75,2.7,4.35,2.516028617,2.461280155,4.20599572,,,0.9967032972240115,2.3358696843892783
264.1690602,2.75,2.78,4.42,2.516028617,2.548784024,4.278352487,,,0.9774175821954445,2.392997013903402
264.2193891,2.7,2.78,4.42,2.461280155,2.548784024,4.278352487,,,0.9774175821954445,2.422616579138848
264.2695198,2.7,2.78,4.42,2.461280155,2.548784024,4.278352487,,,0.9774175821954445,2.422616579138848
264.3196185,2.66,2.79,4.4,2.417333241,2.559687481,4.257687166,,,1.0029230765787924,2.439444314805263
264.3699688,2.66,2.79,4.4,2.417333241,2.559687481,4.257687166,,,1.0029230765787924,2.439444314805263
264.4201082,2.66,2.79,4.4,2.417333241,2.559687481,4.257687166,,,1.0029230765787924,2.439444314805263
264.4704051,2.64,2.8,4.42,2.395307913,2.570583591,4.278352487,,,0.9896813181647656,2.4635478741449237
264.5207619,2.64,2.8,4.42,2.395307913,2.570583591,4.278352487,,,0.9896813181647656,2.4635478741449237
264.5710695,2.64,2.8,4.42,2.395307913,2.570583591,4.278352487,,,0.9896813181647656,2.4635478741449237
264.6213948,2.63,2.8,4.42,2.384281863,2.570583591,4.278352487,,,0.9896813181647656,2.4692761345633656
264.6715379,2.63,2.8,4.42,2.384281863,2.570583591,4.278352487,,,0.9896813181647656,2.4692761345633656
264.7216549,2.63,2.8,4.42,2.384281863,2.570583591,4.278352487,,,0.9896813181647656,2.4692761345633656
264.7719847,2.57,2.87,4.46,2.317930111,2.64665827,4.319664339,,,0.9942637358825369,2.54407912092281
264.8223263,2.57,2.87,4.46,2.317930111,2.64665827,4.319664339,,,0.9942637358825369,2.54407912092281
264.8726462,2.57,2.88,4.46,2.317930111,2.657498824,4.319664339,,,1.0005824173552829,2.5472247253951124
264.9230015,2.52,2.88,4.52,2.262366018,2.657498824,4.381586471,,,0.9413736260122137,2.6039773054983697
264.9731368,2.52,2.88,4.52,2.262366018,2.657498824,4.381586471,,,0.9413736260122137,2.6039773054983697
265.0234586,2.52,2.9,4.52,2.262366018,2.679160316,4.381586471,,,0.954076922635053,2.610301337947566
265.0737967,2.49,2.9,4.56,2.228901075,2.679160316,4.422838455,,,0.9141648351431242,2.646247276287624
265.1239582,2.49,2.9,4.56,2.228901075,2.679160316,4.422838455,,,0.9141648351431242,2.646247276287624
265.1740916,2.49,3.01,4.56,2.228901075,2.797856322,4.422838455,,,0.985604395552591,2.6818117531001633
265.2244254,2.46,3.01,4.56,2.195335965,2.797856322,4.422838455,,,0.985604395552591,2.6979530577646935
265.2747534,2.46,3.01,4.56,2.195335965,2.797856322,4.422838455,,,0.985604395552591,2.6979530577646935
265.3250567,2.46,3.01,4.56,2.195335965,2.797856322,4.422838455,,,0.985604395552591,2.6979530577646935
265.3753461,2.46,3.01,4.56,2.195335965,2.797856322,4.422838455,,,0.985604395552591,2.6979530577646935
265.4256779,2.46,3.01,4.56,2.195335965,2.797856322,4.422838455,,,0.985604395552591,2.6979530577646935
265.4758152,2.38,3.0,4.54,2.105302829,2.787095262,4.402215351,,,0.9990000003167907,2.7269260865473424
265.5261496,2.38,3.0,4.54,2.105302829,2.787095262,4.402215351,,,0.9990000003167907,2.7269260865473424
265.5764456,2.38,3.0,4.54,2.105302829,2.787095262,4.402215351,,,0.9990000003167907,2.7269260865473424
265.6267861,2.37,3.01,4.61,2.093991404,2.797856322,4.474371464,,,0.9352197802964682,2.7699572382162434
265.6769669,2.37,3.01,4.61,2.093991404,2.797856322,4.474371464,,,0.9352197802964682,2.7699572382162434
265.727108,2.37,3.01,4.61,2.093991404,2.797856322,4.474371464,,,0.9352197802964682,2.7699572382162434
265.7772456,2.33,2.97,4.6,2.048609284,2.754777668,4.464067652,,,0.9190549448877718,2.7723338750791084
265.8273785,2.33,2.97,4.6,2.048609284,2.754777668,4.464067652,,,0.9190549448877718,2.7723338750791084
265.8774965,2.33,3.07,4.6,2.048609284,2.862306762,4.464067652,,,0.9854285712261679,2.8053763977562665
265.9276059,2.3,3.07,4.65,2.014422994,2.862306762,4.515573053,,,0.9346043959133167,2.8454443621203054
265.9777262,2.3,3.07,4.65,2.014422994,2.862306762,4.515573053,,,0.9346043959133167,2.8454443621203054
266.027832,2.3,3.15,4.65,2.014422994,2.947948439,4.515573053,,,0.9892857145079997,2.8726661489859193
266.0780249,2.27,3.15,4.67,1.980101008,2.947948439,4.536165782,,,0.9688021974961386,2.897631963525802
266.1283619,2.27,3.15,4.67,1.980101008,2.947948439,4.536165782,,,0.9688021974961386,2.897631963525802
266.1785103,2.27,3.18,4.69,1.980101008,2.979983221,4.55675323,,,0.9690989009149559,2.9181274960242733
266.2288394,2.27,3.18,4.69,1.980101008,2.979983221,4.55675323,,,0.9690989009149559,2.9181274960242733
266.2789583,2.27,3.18,4.69,1.980101008,2.979983221,4.55675323,,,0.9690989009149559,2.9181274960242733
266.3290886,2.27,3.16,4.71,1.980101008,2.95863144,4.577335469,,,0.934505494724288,2.921340778230443
266.3794346,2.24,3.16,4.71,1.945636143,2.95863144,4.577335469,,,0.934505494724288,2.936047300071171
266.4297692,2.24,3.16,4.71,1.945636143,2.95863144,4.577335469,,,0.934505494724288,2.936047300071171
266.4798711,2.24,3.15,4.71,1.945636143,2.947948439,4.577335469,,,0.927571428927152,2.932595341228684
266.5302004,2.24,3.15,4.71,1.945636143,2.947948439,4.577335469,,,0.927571428927152,2.932595341228684
266.5803103,2.24,3.15,4.71,1.945636143,2.947948439,4.577335469,,,0.927571428927152,2.932595341228684
266.6306268,2.22,3.28,4.69,1.922576396,3.086470476,4.55675323,,,1.040087912099366,2.9778698519645856
266.6809665,2.22,3.28,4.69,1.922576396,3.086470476,4.55675323,,,1.040087912099366,2.9778698519645856
266.7313229,2.22,3.28,4.69,1.922576396,3.086470476,4.55675323,,,1.040087912099366,2.9778698519645856
266.781448,2.21,3.29,4.73,1.91102067,3.097095413,4.59791257,,,1.0059010984463332,3.0066225033783662
266.8317639,2.21,3.29,4.73,1.91102067,3.097095413,4.59791257,,,1.0059010984463332,3.0066225033783662
266.8818996,2.21,3.29,4.73,1.91102067,3.097095413,4.59791257,,,1.0059010984463332,3.0066225033783662
266.9320203,2.22,3.26,4.75,1.922576396,3.065207986,4.6184846,,,0.9634725271429684,3.0012939322060443
266.9823544,2.22,3.26,4.75,1.922576396,3.065207986,4.6184846,,,0.9634725271429684,3.0012939322060443
267.0324447,2.22,3.31,4.75,1.922576396,3.118332888,4.6184846,,,0.9995714285654127,3.0192649070446094
267.0825781,2.2,3.31,4.73,1.899447288,3.118332888,4.59791257,,,1.0204065932987265,3.0186371955197413
267.1328824,2.2,3.31,4.73,1.899447288,3.118332888,4.59791257,,,1.0204065932987265,3.0186371955197413
267.1830217,2.2,3.25,4.73,1.899447288,3.054570346,4.59791257,,,0.9771538458569838,2.9971048495107
267.2333575,2.2,3.25,4.77,1.899447288,3.054570346,4.639051627,,,0.935395604471562,3.017620855060929
267.283512,2.2,3.25,4.77,1.899447288,3.054570346,4.639051627,,,0.935395604471562,3.017620855060929
267.333845,2.2,3.25,4.77,1.899447288,3.054570346,4.639051627,,,0.935395604471562,3.017620855060929
267.3839893,2.2,3.25,4.77,1.899447288,3.054570346,4.639051627,,,0.935395604471562,3.017620855060929
267.4341155,2.2,3.25,4.77,1.899447288,3.054570346,4.639051627,,,0.935395604471562,3.017620855060929
267.4844397,2.2,3.25,4.77,1.899447288,3.054570346,4.639051627,,,0.935395604471562,3.017620855060929
267.5347614,2.2,3.25,4.77,1.899447288,3.054570346,4.639051627,,,0.935395604471562,3.017620855060929
267.5850884,2.2,3.25,4.77,1.899447288,3.054570346,4.639051627,,,0.935395604471562,3.017620855060929
267.6354122,2.2,3.31,4.79,1.899447288,3.118332888,4.659613718,,,0.9576373625723773,3.0494759914852954
267.6857348,2.2,3.31,4.79,1.899447288,3.118332888,4.659613718,,,0.9576373625723773,3.0494759914852954
267.7360295,2.2,3.31,4.79,1.899447288,3.118332888,4.659613718,,,0.9576373625723773,3.0494759914852954
267.7861713,2.21,3.25,4.73,1.91102067,3.054570346,4.59791257,,,0.9771538458569838,2.992311371111059
267.8364622,2.21,3.25,4.73,1.91102067,3.054570346,4.59791257,,,0.9771538458569838,2.992311371111059
267.8868055,2.21,3.25,4.73,1.91102067,3.054570346,4.59791257,,,0.9771538458569838,2.992311371111059
267.9371227,2.19,3.28,4.73,1.887855927,3.086470476,4.59791257,1,3.0,0.9986813184456766,3.012593525949584
267.987417,2.19,3.28,4.73,1.887855927,3.086470476,4.59791257,,,0.9986813184456766,3.012593525949584
268.0375421,2.19,3.26,4.73,1.887855927,3.065207986,4.59791257,,,0.9843076918762822,3.005437959679169
268.0878659,2.16,3.26,4.73,1.852970588,3.065207986,4.59791257,,,0.9843076918762822,3.019622742409165
268.1382059,2.16,3.26,4.73,1.852970588,3.065207986,4.59791257,,,0.9843076918762822,3.019622742409165
268.1885294,2.16,3.32,4.73,1.852970588,3.128945509,4.59791257,,,1.0276923073546438,3.041220735766871
268.2386722,2.21,3.32,4.73,1.91102067,3.128945509,4.59791257,,,1.0276923073546438,3.017470735639242
268.288804,2.21,3.32,4.73,1.91102067,3.128945509,4.59791257,,,1.0276923073546438,3.017470735639242
268.3389161,2.21,3.32,4.73,1.91102067,3.128945509,4.59791257,,,1.0276923073546438,3.017470735639242
268.3892398,2.21,3.32,4.73,1.91102067,3.128945509,4.59791257,,,1.0276923073546438,3.017470735639242
268.4395703,2.21,3.32,4.73,1.91102067,3.128945509,4.59791257,,,1.0276923073546438,3.017470735639242
268.489859,2.21,3.28,4.71,1.91102067,3.086470476,4.577335469,,,1.0194285718081553,2.992835092769516
268.5401425,2.14,3.28,4.71,1.829617446,3.086470476,4.577335469,,,1.0194285718081553,3.0259329191238304
268.5904635,2.14,3.28,4.71,1.829617446,3.086470476,4.577335469,,,1.0194285718081553,3.0259329191238304
268.6405827,2.11,3.32,4.67,1.794435844,3.128945509,4.536165782,,,1.0896703292861087,3.0339771860528333
268.6909074,2.11,3.32,4.67,1.794435844,3.128945509,4.536165782,,,1.0896703292861087,3.0339771860528333
268.7412326,2.11,3.32,4.67,1.794435844,3.128945509,4.536165782,,,1.0896703292861087,3.0339771860528333
268.7913843,2.11,3.31,4.58,1.794435844,3.118332888,4.443455862,,,1.1738681321802473,2.9854039179017073
268.8416817,2.11,3.31,4.58,1.794435844,3.118332888,4.443455862,,,1.1738681321802473,2.9854039179017073
268.8920138,2.11,3.31,4.58,1.794435844,3.118332888,4.443455862,,,1.1738681321802473,2.9854039179017073
268.9421052,2.07,3.36,4.56,1.747226373,3.171356177,4.422838455,,,1.2306043958647543,3.011953057997894
268.9924363,2.07,3.36,4.56,1.747226373,3.171356177,4.422838455,,,1.2306043958647543,3.011953057997894
269.0427039,2.07,3.36,4.56,1.747226373,3.171356177,4.422838455,,,1.2306043958647543,3.011953057997894
269.0928228,2.08,3.4,4.56,1.75906225,3.213705027,4.422838455,,,1.2603186814877234,3.022234734876684
269.1429382,2.08,3.4,4.56,1.75906225,3.213705027,4.422838455,,,1.2603186814877234,3.022234734876684
269.19331,2.08,3.37,4.56,1.75906225,3.181949088,4.422838455,,,1.2379999999557412,3.0111239129835887
269.2436449,2.04,3.37,4.52,1.711578219,3.181949088,4.381586471,,,1.27791208744767,3.00942797430493
269.2937743,2.04,3.37,4.52,1.711578219,3.181949088,4.381586471,,,1.27791208744767,3.00942797430493
269.3441355,2.04,3.4,4.52,1.711578219,3.213705027,4.381586471,,,1.3002307689796522,3.020538796198026
269.3944252,2.01,3.4,4.48,1.675708805,3.213705027,4.340311049,,,1.3397912086256687,3.0143091020024477
269.444764,2.01,3.4,4.48,1.675708805,3.213705027,4.340311049,,,1.3397912086256687,3.0143091020024477
269.4951076,2.01,3.41,4.46,1.675708805,3.224282866,4.319664339,,,1.366923076742073,3.0083812710817908
269.5454596,2.01,3.41,4.46,1.675708805,3.224282866,4.319664339,,,1.366923076742073,3.0083812710817908
269.5957779,2.01,3.41,4.46,1.675708805,3.224282866,4.319664339,,,1.366923076742073,3.0083812710817908
269.646122,2.01,3.43,4.44,1.675708805,3.245427553,4.299011514,,,1.401516483985384,3.0062549451090326
269.6964273,2.0,3.43,4.44,1.663700694,3.245427553,4.299011514,,,1.401516483985384,3.0106136407545163
269.7467242,2.0,3.43,4.44,1.663700694,3.245427553,4.299011514,,,1.401516483985384,3.0106136407545163
269.7971062,1.97,3.45,4.44,1.627513441,3.266557821,4.299011514,,,1.4166373626848017,3.0310868606484025
269.8474074,1.97,3.45,4.44,1.627513441,3.266557821,4.299011514,,,1.4166373626848017,3.0310868606484025
269.8977392,1.97,3.45,4.44,1.627513441,3.266557821,4.299011514,,,1.4166373626848017,3.0310868606484025
269.9478743,1.94,3.45,4.36,1.591068823,3.266557821,4.216337273,,,1.493999999807384,3.0058282607917706
269.9980159,1.94,3.45,4.36,1.591068823,3.266557821,4.216337273,,,1.493999999807384,3.0058282607917706
270.0483513,1.94,3.45,4.36,1.591068823,3.266557821,4.216337273,,,1.493999999807384,3.0058282607917706
270.0986871,1.95,3.49,4.33,1.603246706,3.308776209,4.185307635,,,1.5531538463357273,3.002711371250769
270.149034,1.95,3.49,4.33,1.603246706,3.308776209,4.185307635,,,1.5531538463357273,3.002711371250769
270.199371,1.95,3.56,4.33,1.603246706,3.38252864,4.185307635,,,1.6073846154759293,3.029708862844478
270.2495193,1.95,3.56,4.31,1.603246706,3.38252864,4.164612827,,,1.6263736265502544,3.0203794791427443
270.2997685,1.95,3.56,4.31,1.603246706,3.38252864,4.164612827,,,1.6263736265502544,3.0203794791427443
270.3499166,1.95,3.57,4.31,1.603246706,3.393051724,4.164612827,,,1.634208791530378,3.0242800286654585
270.4002868,1.91,3.57,4.29,1.554348738,3.393051724,4.143911196,,,1.6531098902643098,3.0317764454807064
270.450361,1.91,3.57,4.29,1.554348738,3.393051724,4.143911196,,,1.6531098902643098,3.0317764454807064
270.5006976,1.91,3.58,4.23,1.554348738,3.403571653,4.081764324,,,1.7171428571896676,3.008088509052789
270.5509925,1.92,3.58,4.23,1.566620567,3.403571653,4.081764324,,,1.7171428571896676,3.003925465397876
270.6013186,1.92,3.58,4.23,1.566620567,3.403571653,4.081764324,,,1.7171428571896676,3.003925465397876
270.6515669,1.92,3.63,4.23,1.566620567,3.456124998,4.081764324,,,1.7567582423210244,3.023647037561094
270.7018654,1.97,3.63,4.23,1.627513441,3.456124998,4.081764324,,,1.7567582423210244,3.0025057332471534
270.7522072,1.97,3.63,4.23,1.627513441,3.456124998,4.081764324,,,1.7567582423210244,3.0025057332471534
270.802483,1.93,3.59,4.21,1.578860348,3.414088458,4.061034351,,,1.7435714284666841,2.994549689553557
270.8525997,1.93,3.59,4.21,1.578860348,3.414088458,4.061034351,,,1.7435714284666841,2.994549689553557
270.9028563,1.93,3.59,4.21,1.578860348,3.414088458,4.061034351,,,1.7435714284666841,2.994549689553557
270.9531982,1.91,3.69,4.19,1.554348738,3.519090792,4.040297019,,,1.84203296709878,3.03365336866636
271.003286,1.91,3.69,4.19,1.554348738,3.519090792,4.040297019,,,1.84203296709878,3.03365336866636
271.0536066,1.91,3.69,4.19,1.554348738,3.519090792,4.040297019,,,1.84203296709878,3.03365336866636
271.1039057,1.89,3.71,4.15,1.529705854,3.540056497,3.99879982,,,1.8949560441230635,3.031999856821066
271.1542399,1.89,3.71,4.15,1.529705854,3.540056497,3.99879982,,,1.8949560441230635,3.031999856821066
271.2044688,1.89,3.73,4.15,1.529705854,3.561011092,3.99879982,,,1.9113076919686813,3.04014013368334
271.2548195,1.89,3.73,4.11,1.529705854,3.561011092,3.957271787,,,1.9476153847429516,3.022302006363807
271.3051474,1.89,3.73,4.11,1.529705854,3.561011092,3.957271787,,,1.9476153847429516,3.022302006363807
271.3553047,1.89,3.73,4.11,1.529705854,3.561011092,3.957271787,,,1.9476153847429516,3.022302006363807
271.4056403,1.89,3.73,4.11,1.529705854,3.561011092,3.957271787,,,1.9476153847429516,3.022302006363807
271.4559731,1.89,3.73,4.11,1.529705854,3.561011092,3.957271787,,,1.9476153847429516,3.022302006363807
271.5063069,1.89,3.78,4.03,1.529705854,3.613350246,3.874119255,,,2.060439560253462,3.0076862161044295
271.5564244,1.93,3.78,4.03,1.578860348,3.613350246,3.874119255,,,2.060439560253462,2.991077520590863
271.6067485,1.93,3.78,4.03,1.578860348,3.613350246,3.874119255,,,2.060439560253462,2.991077520590863
271.657091,1.93,3.79,4.04,1.578860348,3.62381015,3.884520562,,,2.0598901106200245,2.99957572877759
271.7074284,1.87,3.79,4.04,1.504925247,3.62381015,3.884520562,,,2.0598901106200245,3.024358337411142
271.7577784,1.87,3.79,4.04,1.504925247,3.62381015,3.884520562,,,2.0598901106200245,3.024358337411142
271.808073,1.88,3.86,3.98,1.517333187,3.696958209,3.822080585,,,2.17161538470973,3.023597658677493
271.8584058,1.88,3.86,3.98,1.517333187,3.696958209,3.822080585,,,2.17161538470973,3.023597658677493
271.908626,1.88,3.86,3.98,1.517333187,3.696958209,3.822080585,,,2.17161538470973,3.023597658677493
271.9589827,1.92,3.91,4.0,1.566620567,3.749133233,3.842902549,,,2.196769230513663,3.0369459865125954
272.0091541,1.92,3.91,4.0,1.566620567,3.749133233,3.842902549,,,2.196769230513663,3.0369459865125954
272.0594835,1.92,3.91,4.0,1.566620567,3.749133233,3.842902549,,,2.196769230513663,3.0369459865125954
272.1097274,1.86,3.93,3.99,1.492481156,3.769986737,3.832492661,,,2.2227802198392355,3.0658623263551594
272.1600737,1.86,3.93,3.99,1.492481156,3.769986737,3.832492661,,,2.2227802198392355,3.0658623263551594
272.2104028,1.86,3.93,3.99,1.492481156,3.769986737,3.832492661,,,2.2227802198392355,3.0658623263551594
272.2607238,1.89,3.95,3.95,1.529705854,3.790831043,3.790831043,,,2.275,3.0451086953054998
272.3110639,1.89,3.95,3.95,1.529705854,3.790831043,3.790831043,,,2.275,3.0451086953054998
272.3613965,1.89,3.95,3.95,1.529705854,3.790831043,3.790831043,,,2.275,3.0451086953054998
272.4117353,1.88,3.95,3.88,1.517333187,3.790831043,3.717835392,,,2.3352307686334806,3.0196148828236478
272.4620774,1.88,3.95,3.88,1.517333187,3.790831043,3.717835392,,,2.3352307686334806,3.0196148828236478
272.5122214,1.88,4.01,3.88,1.517333187,3.853310265,3.717835392,,,2.3877142853128106,3.045742546561836
272.562568,1.87,4.01,3.92,1.504925247,3.853310265,3.759561145,,,2.3534285709187537,3.06666335421126
272.6128661,1.87,4.01,3.92,1.504925247,3.853310265,3.759561145,,,2.3534285709187537,3.06666335421126
272.6632064,1.87,4.03,3.87,1.504925247,3.874119255,3.707398009,,,2.4139010994312735,3.054431199290694
272.713536,1.91,4.03,3.87,1.554348738,3.874119255,3.707398009,,,2.4139010994312735,3.037996416653283
272.7638747,1.91,4.03,3.87,1.554348738,3.874119255,3.707398009,,,2.4139010994312735,3.037996416653283
272.8141715,1.91,4.09,3.85,1.554348738,3.936495904,3.68651597,,,2.484406593971839,3.0563132824058554
272.8644939,1.88,4.09,3.85,1.517333187,3.936495904,3.68651597,,,2.484406593971839,3.0686719779439655
272.9148934,1.88,4.09,3.85,1.517333187,3.936495904,3.68651597,,,2.484406593971839,3.0686719779439655
272.9651906,1.89,4.09,3.88,1.529705854,3.936495904,3.717835392,,,2.458923076945163,3.0770943146363883
273.0153362,1.89,4.09,3.88,1.529705854,3.936495904,3.717835392,,,2.458923076945163,3.0770943146363883
273.0654845,1.89,4.09,3.88,1.529705854,3.936495904,3.717835392,,,2.458923076945163,3.0770943146363883
273.115823,1.89,4.11,3.83,1.529705854,3.957271787,3.665624094,,,2.519307692051962,3.065253176994504
273.1661175,1.89,4.11,3.83,1.529705854,3.957271787,3.665624094,,,2.519307692051962,3.065253176994504
273.2164583,1.89,4.11,3.83,1.529705854,3.957271787,3.665624094,,,2.519307692051962,3.065253176994504
273.2667991,1.92,4.09,3.83,1.566620567,3.936495904,3.665624094,,,2.501285714691808,3.0438574533537395
273.3171327,1.92,4.09,3.83,1.566620567,3.936495904,3.665624094,,,2.501285714691808,3.0438574533537395
273.3674732,1.92,4.22,3.83,1.566620567,4.071400251,3.665624094,,,2.6200000005856636,3.102956521766115
273.4178105,1.96,4.22,3.81,1.615394689,4.071400251,3.644722212,,,2.636791208922713,3.077837362854652
273.4679732,1.96,4.22,3.81,1.615394689,4.071400251,3.644722212,,,2.636791208922713,3.077837362854652
273.5183261,1.96,4.22,3.81,1.615394689,4.071400251,3.644722212,,,2.636791208922713,3.077837362854652
273.5686644,1.95,4.22,3.76,1.603246706,4.071400251,3.592422581,,,2.6783846157543034,3.0616523413406043
273.6190043,1.95,4.22,3.76,1.603246706,4.071400251,3.592422581,,,2.6783846157543034,3.0616523413406043
273.669123,1.95,4.28,3.78,1.603246706,4.13355779,3.613350246,,,2.7178571431869694,3.097694099539645
273.7193138,1.97,4.28,3.78,1.627513441,4.13355779,3.613350246,,,2.7178571431869694,3.089172360372709
273.7694239,1.97,4.28,3.78,1.627513441,4.13355779,3.613350246,,,2.7178571431869694,3.089172360372709
273.8195586,1.97,4.32,3.74,1.627513441,4.174961078,3.571484285,,,2.7887142862431826,3.091751242213052
273.8697454,1.97,4.32,3.74,1.627513441,4.174961078,3.571484285,,,2.7887142862431826,3.091751242213052
273.9200833,1.97,4.32,3.74,1.627513441,4.174961078,3.571484285,,,2.7887142862431826,3.091751242213052
273.9702246,1.97,4.38,3.7,1.627513441,4.237015459,3.529575045,,,2.8787802199470582,3.1042405875009376
274.0205672,1.97,4.38,3.7,1.627513441,4.237015459,3.529575045,,,2.8787802199470582,3.1042405875009376
274.0706968,1.97,4.38,3.7,1.627513441,4.237015459,3.529575045,,,2.8787802199470582,3.1042405875009376
274.1208884,1.97,4.43,3.68,1.627513441,4.288682781,3.508603711,,,2.9434065928794424,3.1203698038690395
274.1712312,1.97,4.43,3.68,1.627513441,4.288682781,3.508603711,,,2.9434065928794424,3.1203698038690395
274.2215742,1.97,4.43,3.68,1.627513441,4.288682781,3.508603711,,,2.9434065928794424,3.1203698038690395
274.271711,2.04,4.36,3.73,1.711578219,4.216337273,3.561011092,,,2.8350769233342903,3.076201337659008
274.3220408,2.04,4.36,3.73,1.711578219,4.216337273,3.561011092,,,2.8350769233342903,3.076201337659008
274.3723821,2.04,4.36,3.73,1.711578219,4.216337273,3.561011092,,,2.8350769233342903,3.076201337659008
274.4226874,2.04,4.36,3.73,1.711578219,4.216337273,3.561011092,,,2.8350769233342903,3.076201337659008
274.472871,2.04,4.36,3.73,1.711578219,4.216337273,3.561011092,,,2.8350769233342903,3.076201337659008
274.523214,2.04,4.43,3.73,1.711578219,4.288682781,3.561011092,,,2.9026923075493256,3.109862039800841
274.5735537,2.0,4.43,3.63,1.663700694,4.288682781,3.456124998,,,2.983571427939055,3.0876909937549226
274.6238759,2.0,4.43,3.63,1.663700694,4.288682781,3.456124998,,,2.983571427939055,3.0876909937549226
274.6742023,2.0,4.43,3.67,1.663700694,4.288682781,3.498113777,,,2.9514835163965594,3.103455924208409
274.7245426,2.02,4.43,3.67,1.68769073,4.288682781,3.498113777,,,2.9514835163965594,3.0947167936745124
274.774959,2.02,4.43,3.67,1.68769073,4.288682781,3.498113777,,,2.9514835163965594,3.0947167936745124
274.8253803,2.02,4.45,3.66,1.68769073,4.309338696,3.487620966,,,2.979054944435188,3.100475179116087
274.8756328,2.01,4.45,3.66,1.675708805,4.309338696,3.487620966,,,2.979054944435188,3.1048556140045007
274.9259484,2.01,4.45,3.66,1.675708805,4.309338696,3.487620966,,,2.979054944435188,3.1048556140045007
274.9760816,2.0,4.47,3.63,1.663700694,4.329988453,3.456124998,,,3.022692307836575,3.107166388312602
275.0262864,2.0,4.47,3.63,1.663700694,4.329988453,3.456124998,,,3.022692307836575,3.107166388312602
275.0766189,2.0,4.47,3.63,1.663700694,4.329988453,3.456124998,,,3.022692307836575,3.107166388312602
275.1269482,2.02,4.45,3.64,1.68769073,4.309338696,3.466626602,,,2.9950989010053752,3.092592713496821
275.1773324,2.02,4.45,3.64,1.68769073,4.309338696,3.466626602,,,2.9950989010053752,3.092592713496821
275.2275035,2.02,4.45,3.64,1.68769073,4.309338696,3.466626602,,,2.9950989010053752,3.092592713496821
275.2776201,2.05,4.47,3.61,1.723484842,4.329988453,3.435112807,,,3.038604396296474,3.077337840353207
275.3279592,2.05,4.47,3.61,1.723484842,4.329988453,3.435112807,,,3.038604396296474,3.077337840353207
275.3782908,2.05,4.47,3.61,1.723484842,4.329988453,3.435112807,,,3.038604396296474,3.077337840353207
275.4286198,2.01,4.51,3.61,1.675708805,4.371269838,3.435112807,,,3.0780769230541893,3.114640467961857
275.4789371,2.01,4.51,3.61,1.675708805,4.371269838,3.435112807,,,3.0780769230541893,3.114640467961857
275.5292808,2.01,4.57,3.61,1.675708805,4.433147866,3.435112807,,,3.1379450554950474,3.144444386068283
275.5795977,2.02,4.57,3.61,1.68769073,4.433147866,3.435112807,,,3.1379450554950474,3.1400639511798705
275.6299271,2.02,4.57,3.61,1.68769073,4.433147866,3.435112807,,,3.1379450554950474,3.1400639511798705
275.6802913,2.02,4.53,3.61,1.68769073,4.391901638,3.435112807,,,3.0979450550606225,3.120150907485341
275.7305249,2.02,4.53,3.65,1.68769073,4.391901638,3.477125249,,,3.0660329671026125,3.1358294550473196
275.7807031,2.02,4.53,3.65,1.68769073,4.391901638,3.477125249,,,3.0660329671026125,3.1358294550473196
275.8310088,2.02,4.55,3.63,1.68769073,4.41252762,3.456124998,,,3.101989010490369,3.137903224969398
275.8811541,2.05,4.55,3.63,1.723484842,4.41252762,3.456124998,,,3.101989010490369,3.1246314857872424
275.9314883,2.05,4.55,3.63,1.723484842,4.41252762,3.456124998,,,3.101989010490369,3.1246314857872424
275.9816325,2.05,4.53,3.64,1.723484842,4.391901638,3.466626602,,,3.074043956062969,3.1186218821585547
276.0317566,2.05,4.53,3.64,1.723484842,4.391901638,3.466626602,,,3.074043956062969,3.1186218821585547
276.0820801,2.05,4.53,3.64,1.723484842,4.391901638,3.466626602,,,3.074043956062969,3.1186218821585547
276.1324182,2.01,4.51,3.62,1.675708805,4.371269838,3.445620409,,,3.070131867438595,3.118543908329518
276.1827215,2.01,4.51,3.62,1.675708805,4.371269838,3.445620409,,,3.070131867438595,3.118543908329518
276.2331081,2.01,4.51,3.62,1.675708805,4.371269838,3.445620409,,,3.070131867438595,3.118543908329518
276.2834489,2.05,4.51,3.6,1.723484842,4.371269838,3.424602167,,,3.085999999383236,3.093095652042669
276.3337929,2.05,4.51,3.6,1.723484842,4.371269838,3.424602167,,,3.085999999383236,3.093095652042669
276.3839091,2.05,4.51,3.6,1.723484842,4.371269838,3.424602167,,,3.085999999383236,3.093095652042669
276.4340426,2.04,4.47,3.6,1.711578219,4.329988453,3.424602167,,,3.0465274726255207,3.077890850770736
276.4843445,2.04,4.47,3.6,1.711578219,4.329988453,3.424602167,,,3.0465274726255207,3.077890850770736
276.5346722,2.04,4.47,3.6,1.711578219,4.329988453,3.424602167,,,3.0465274726255207,3.077890850770736
276.5849951,2.05,4.47,3.6,1.723484842,4.329988453,3.424602167,,,3.0465274726255207,3.0734451985045887
276.6353238,2.05,4.47,3.6,1.723484842,4.329988453,3.424602167,,,3.0465274726255207,3.0734451985045887
276.6856408,2.05,4.49,3.6,1.723484842,4.350632138,3.424602167,,,3.0662197799975113,3.083248542826732
276.7357281,2.05,4.49,3.65,1.723484842,4.350632138,3.477125249,,,3.026384615710455,3.102819732237329
276.7860506,2.05,4.49,3.65,1.723484842,4.350632138,3.477125249,,,3.026384615710455,3.102819732237329
276.8361951,2.05,4.43,3.6,1.723484842,4.288682781,3.424602167,3,3.0,3.007406592728,3.0539698039469103
276.8865436,2.05,4.43,3.6,1.723484842,4.288682781,3.424602167,,,3.007406592728,3.0539698039469103
276.9368761,2.05,4.43,3.6,1.723484842,4.288682781,3.424602167,,,3.007406592728,3.0539698039469103
276.9871667,2.05,4.4,3.58,1.723484842,4.257687166,3.403571653,,,2.9940769237819738,3.0317252508068293
277.037504,2.04,4.4,3.58,1.711578219,4.257687166,3.403571653,,,2.9940769237819738,3.036170903072976
277.0878303,2.04,4.4,3.58,1.711578219,4.257687166,3.403571653,,,2.9940769237819738,3.036170903072976
277.1379734,2.07,4.38,3.62,1.747226373,4.237015459,3.445620409,,,2.943131867789852,3.0287112998791423
277.1883399,2.07,4.38,3.62,1.747226373,4.237015459,3.445620409,,,2.943131867789852,3.0287112998791423
277.2384874,2.07,4.38,3.62,1.747226373,4.237015459,3.445620409,,,2.943131867789852,3.0287112998791423
277.2887387,2.07,4.38,3.56,1.747226373,4.237015459,3.38252864,,,2.9904725274049158,3.005452627981307
277.3391149,2.07,4.38,3.56,1.747226373,4.237015459,3.38252864,,,2.9904725274049158,3.005452627981307
277.3894541,2.07,4.38,3.56,1.747226373,4.237015459,3.38252864,,,2.9904725274049158,3.005452627981307
277.439763,2.07,4.38,3.56,1.747226373,4.237015459,3.38252864,,,2.9904725274049158,3.005452627981307
277.4901068,2.07,4.38,3.56,1.747226373,4.237015459,3.38252864,,,2.9904725274049158,3.005452627981307
277.5404366,2.07,4.32,3.56,1.747226373,4.174961078,3.38252864,,,2.933109890373041,2.976896010850221
277.5907761,2.06,4.32,3.59,1.735367396,4.174961078,3.414088458,,,2.909538461952319,2.992965886488111
277.6411143,2.06,4.32,3.59,1.735367396,4.174961078,3.414088458,,,2.909538461952319,2.992965886488111
277.6914428,2.06,4.38,3.59,1.735367396,4.237015459,3.414088458,,,2.9669010989841937,3.021522503619196
277.7415306,2.09,4.38,3.59,1.77087549,4.237015459,3.414088458,,,2.9669010989841937,3.0079898947080097
277.7918365,2.09,4.38,3.59,1.77087549,4.237015459,3.414088458,,,2.9669010989841937,3.0079898947080097
277.841927,2.09,4.28,3.52,1.77087549,4.13355779,3.340404167,,,2.926428571907551,2.933743788822262
277.8922979,2.12,4.28,3.52,1.806183822,4.13355779,3.340404167,,,2.926428571907551,2.9200155281948947
277.9426581,2.12,4.28,3.52,1.806183822,4.13355779,3.340404167,,,2.926428571907551,2.9200155281948947
277.9929942,2.12,4.22,3.53,1.806183822,4.071400251,3.350940167,,,2.8626373627504256,2.8959216440604796
278.0433312,2.1,4.22,3.53,1.782666542,4.071400251,3.350940167,,,2.8626373627504256,2.9050955569831194
278.0934702,2.1,4.22,3.53,1.782666542,4.071400251,3.350940167,,,2.8626373627504256,2.9050955569831194
278.143555,2.17,4.22,3.54,1.864617923,4.071400251,3.361472891,,,2.854868132628018,2.8764234832164557
278.1938808,2.17,4.22,3.54,1.864617923,4.071400251,3.361472891,,,2.854868132628018,2.8764234832164557
278.2439701,2.17,4.22,3.54,1.864617923,4.071400251,3.361472891,,,2.854868132628018,2.8764234832164557
278.2943186,2.13,4.18,3.5,1.817910889,4.029925558,3.31932222,,,2.848890110201746,2.8615344244092347
278.3446601,2.13,4.18,3.5,1.817910889,4.029925558,3.31932222,,,2.848890110201746,2.8615344244092347
278.3949968,2.13,4.18,3.5,1.817910889,4.029925558,3.31932222,,,2.848890110201746,2.8615344244092347
278.4453289,2.18,4.15,3.5,1.876246252,3.99879982,3.31932222,,,2.8214285714556375,2.8244394412291847
278.4956663,2.18,4.15,3.5,1.876246252,3.99879982,3.31932222,,,2.8214285714556375,2.8244394412291847
278.5460056,2.18,4.15,3.5,1.876246252,3.99879982,3.31932222,,,2.8214285714556375,2.8244394412291847
278.5963314,2.16,4.22,3.49,1.852970588,4.071400251,3.308776209,,,2.89349450578005,2.8621526997526057
278.6466401,2.16,4.22,3.49,1.852970588,4.071400251,3.308776209,,,2.89349450578005,2.8621526997526057
278.6967686,2.16,4.2,3.49,1.852970588,4.050666612,3.308776209,,,2.8749890110249607,2.8529401817114866
278.7470983,2.2,4.2,3.48,1.899447288,4.050666612,3.298226796,,,2.8826483520570467,2.8302205924329513
278.7974317,2.2,4.2,3.48,1.899447288,4.050666612,3.298226796,,,2.8826483520570467,2.8302205924329513
278.8477768,2.2,4.09,3.48,1.899447288,3.936495904,3.298226796,,,2.782439560918281,2.780334042061694
278.8981232,2.17,4.09,3.45,1.864617923,3.936495904,3.266557821,,,2.805285714755221,2.7833596274719943
278.9484586,2.17,4.09,3.45,1.864617923,3.936495904,3.266557821,,,2.805285714755221,2.7833596274719943
278.9986262,2.17,4.03,3.43,1.864617923,3.874119255,3.245427553,,,2.7668681318890314,2.749277831201141
279.0489186,2.19,4.03,3.43,1.887855927,3.874119255,3.245427553,,,2.7668681318890314,2.7397995700776425
279.0992454,2.19,4.03,3.43,1.887855927,3.874119255,3.245427553,,,2.7668681318890314,2.7397995700776425
279.1495854,2.19,4.07,3.46,1.887855927,3.91571194,3.277117636,,,2.779758241414982,2.7686839939949803
279.1999241,2.22,4.07,3.46,1.922576396,3.91571194,3.277117636,,,2.779758241414982,2.754303559500706
279.2502302,2.22,4.07,3.46,1.922576396,3.91571194,3.277117636,,,2.779758241414982,2.754303559500706
279.3004821,2.23,4.01,3.46,1.934114785,3.853310265,3.277117636,,,2.7264835162826535,2.722945054695781
279.3508115,2.23,4.01,3.46,1.934114785,3.853310265,3.277117636,,,2.7264835162826535,2.722945054695781
279.4011596,2.23,4.01,3.46,1.934114785,3.853310265,3.277117636,,,2.7264835162826535,2.722945054695781
279.4514885,2.22,4.01,3.42,1.922576396,3.853310265,3.234857029,,,2.756725274756447,2.712924104130313
279.50162,2.22,4.01,3.42,1.922576396,3.853310265,3.234857029,,,2.756725274756447,2.712924104130313
279.5519538,2.22,4.01,3.42,1.922576396,3.853310265,3.234857029,,,2.756725274756447,2.712924104130313
279.6020986,2.25,4.03,3.42,1.957140772,3.874119255,3.234857029,,,2.774395604823192,2.707144768123497
279.6524349,2.25,4.03,3.42,1.957140772,3.874119255,3.234857029,,,2.774395604823192,2.707144768123497
279.702555,2.25,3.93,3.42,1.957140772,3.769986737,3.234857029,,,2.6869230768225494,2.6635986617927427
279.7528815,2.28,3.93,3.43,1.99155718,3.769986737,3.245427553,,,2.679395603888389,2.6525252028663955
279.8032142,2.28,3.93,3.43,1.99155718,3.769986737,3.245427553,,,2.679395603888389,2.6525252028663955
279.8535051,2.28,3.93,3.43,1.99155718,3.769986737,3.245427553,,,2.679395603888389,2.6525252028663955
279.9036737,2.3,3.93,3.4,2.014422994,3.769986737,3.213705027,,,2.7019120875374547,2.6315062350794225
279.9540109,2.3,3.93,3.4,2.014422994,3.769986737,3.213705027,,,2.7019120875374547,2.6315062350794225
280.0041573,2.3,3.89,3.42,2.014422994,3.728270376,3.234857029,,,2.652549450383349,2.621758313268535
280.054289,2.32,3.89,3.42,2.03722851,3.728270376,3.234857029,,,2.652549450383349,2.611714834659742
280.1044271,2.32,3.89,3.42,2.03722851,3.728270376,3.234857029,,,2.652549450383349,2.611714834659742
280.1545559,2.32,3.89,3.37,2.03722851,3.728270376,3.181949088,,,2.689857142630236,2.5933854032514883
280.2048822,2.32,3.89,3.37,2.03722851,3.728270376,3.181949088,,,2.689857142630236,2.5933854032514883
280.2551578,2.32,3.89,3.37,2.03722851,3.728270376,3.181949088,,,2.689857142630236,2.5933854032514883
280.3054069,2.35,3.82,3.39,2.071328076,3.655174414,3.203123476,,,2.61569230706131,2.5559316054801373
280.3557183,2.35,3.82,3.39,2.071328076,3.655174414,3.203123476,,,2.61569230706131,2.5559316054801373
280.4060899,2.35,3.82,3.39,2.071328076,3.655174414,3.203123476,,,2.61569230706131,2.5559316054801373
280.4564319,2.35,3.82,3.39,2.071328076,3.655174414,3.203123476,,,2.61569230706131,2.5559316054801373
280.506578,2.35,3.82,3.39,2.071328076,3.655174414,3.203123476,,,2.61569230706131,2.5559316054801373
280.5569275,2.35,3.82,3.39,2.071328076,3.655174414,3.203123476,,,2.61569230706131,2.5559316054801373
280.6072773,2.39,3.99,3.38,2.116601049,3.832492661,3.192538175,,,2.769032966789728,2.6043011941414553
280.6576032,2.39,3.99,3.38,2.116601049,3.832492661,3.192538175,,,2.769032966789728,2.6043011941414553
280.7078902,2.39,4.03,3.38,2.116601049,3.874119255,3.192538175,,,2.8042857146296067,2.621850931653047
280.758235,2.38,4.03,3.39,2.105302829,3.874119255,3.203123476,,,2.796846153786751,2.630690802722852
280.8085714,2.38,4.03,3.39,2.105302829,3.874119255,3.203123476,,,2.796846153786751,2.630690802722852
280.858913,2.38,3.76,3.39,2.105302829,3.592422581,3.203123476,,,2.56571428549191,2.515627329158681
280.9092463,2.39,3.76,3.36,2.116601049,3.592422581,3.171356177,,,2.587967032866225,2.4995096751408115
280.9595703,2.39,3.76,3.36,2.116601049,3.592422581,3.171356177,,,2.587967032866225,2.4995096751408115
281.0096504,2.39,3.76,3.42,2.116601049,3.592422581,3.234857029,,,2.5432637365283512,2.521472598993767
281.0599715,2.41,3.76,3.42,2.139158713,3.592422581,3.234857029,,,2.5432637365283512,2.5110378165181233
281.1103286,2.41,3.76,3.42,2.139158713,3.592422581,3.234857029,,,2.5432637365283512,2.5110378165181233
281.1606805,2.41,3.81,3.41,2.139158713,3.644722212,3.224282866,,,2.5923626376554942,2.5280566175042956
281.2109807,2.42,3.81,3.41,2.150418564,3.644722212,3.224282866,,,2.5923626376554942,2.522806617396469
281.2612978,2.42,3.81,3.41,2.150418564,3.644722212,3.224282866,,,2.5923626376554942,2.522806617396469
281.311632,2.41,3.7,3.4,2.139158713,3.529575045,3.213705027,,,2.509065933815569,2.4791871715257137
281.3619665,2.41,3.7,3.4,2.139158713,3.529575045,3.213705027,,,2.509065933815569,2.4791871715257137
281.4120581,2.41,3.7,3.4,2.139158713,3.529575045,3.213705027,,,2.509065933815569,2.4791871715257137
281.4623987,2.45,3.64,3.39,2.184124539,3.466626602,3.203123476,,,2.468131867603488,2.4302982558982977
281.5127198,2.45,3.64,3.39,2.184124539,3.466626602,3.203123476,,,2.468131867603488,2.4302982558982977
281.5630461,2.45,3.64,3.39,2.184124539,3.466626602,3.203123476,,,2.468131867603488,2.4302982558982977
281.6133687,2.47,3.63,3.37,2.206535746,3.456124998,3.181949088,,,2.475000000349062,2.4083260871572785
281.6636903,2.47,3.63,3.37,2.206535746,3.456124998,3.181949088,,,2.475000000349062,2.4083260871572785
281.7140234,2.47,3.63,3.37,2.206535746,3.456124998,3.181949088,,,2.475000000349062,2.4083260871572785
281.7643632,2.48,3.61,3.38,2.217724059,3.435112807,3.192538175,,,2.4516703294486906,2.398668489765207
281.8147044,2.48,3.61,3.38,2.217724059,3.435112807,3.192538175,,,2.4516703294486906,2.398668489765207
281.8648162,2.48,3.72,3.38,2.217724059,3.550535171,3.192538175,,,2.5402747254588647,2.4427780695180976
281.9149328,2.49,3.72,3.38,2.228901075,3.550535171,3.192538175,,,2.5402747254588647,2.437375895575845
281.9650677,2.49,3.72,3.38,2.228901075,3.550535171,3.192538175,,,2.5402747254588647,2.437375895575845
282.0151894,2.49,3.67,3.38,2.228901075,3.498113777,3.192538175,,,2.4996703294510847,2.417161967998059
282.0656264,2.53,3.67,3.38,2.273499505,3.498113777,3.192538175,,,2.4996703294510847,2.395335881356854
282.1159963,2.53,3.67,3.38,2.273499505,3.498113777,3.192538175,,,2.4996703294510847,2.395335881356854
282.1663301,2.53,3.62,3.41,2.273499505,3.445620409,3.224282866,,,2.437230769553423,2.386393144054414
282.2166586,2.52,3.62,3.41,2.262366018,3.445620409,3.224282866,,,2.437230769553423,2.3918822744711603
282.2670048,2.52,3.62,3.41,2.262366018,3.445620409,3.224282866,,,2.437230769553423,2.3918822744711603
282.3173315,2.52,3.59,3.42,2.262366018,3.414088458,3.234857029,,,2.4059560440635286,2.3837368130957053
282.3676406,2.55,3.59,3.42,2.295735176,3.414088458,3.234857029,,,2.4059560440635286,2.367204204517165
282.4179647,2.55,3.59,3.42,2.295735176,3.414088458,3.234857029,,,2.4059560440635286,2.367204204517165
282.4681055,2.55,3.58,3.37,2.295735176,3.403571653,3.181949088,,,2.4353846152177057,2.344952341086671
282.5184388,2.55,3.58,3.37,2.295735176,3.403571653,3.181949088,,,2.4353846152177057,2.344952341086671
282.5687484,2.55,3.58,3.37,2.295735176,3.403571653,3.181949088,,,2.4353846152177057,2.344952341086671
282.6190847,2.52,3.61,3.41,2.262366018,3.435112807,3.224282866,,,2.4292857139378294,2.3879270185233974
282.6694228,2.52,3.61,3.41,2.262366018,3.435112807,3.224282866,,,2.4292857139378294,2.3879270185233974
282.7196861,2.52,3.61,3.41,2.262366018,3.435112807,3.224282866,,,2.4292857139378294,2.3879270185233974
282.7700204,2.56,3.48,3.36,2.306837662,3.298226796,3.171356177,,,2.365197801808392,2.297141949440964
282.8203561,2.56,3.48,3.36,2.306837662,3.298226796,3.171356177,,,2.365197801808392,2.297141949440964
282.870484,2.56,3.55,3.36,2.306837662,3.372002372,3.171356177,,,2.4192747247667663,2.32406285239198
282.9207818,2.61,3.55,3.35,2.362202362,3.372002372,3.160759402,,,2.4266483515870583,2.2923423313654063
282.9711205,2.61,3.55,3.35,2.362202362,3.372002372,3.160759402,,,2.4266483515870583,2.2923423313654063
283.021423,2.61,3.51,3.35,2.362202362,3.329864862,3.160759402,,,2.3956153848187784,2.276893310952502
283.0717578,2.57,3.51,3.35,2.317930111,3.329864862,3.160759402,,,2.3956153848187784,2.2994150500348836
283.1220983,2.57,3.51,3.35,2.317930111,3.329864862,3.160759402,,,2.3956153848187784,2.2994150500348836
283.1722405,2.57,3.59,3.36,2.317930111,3.414088458,3.171356177,,,2.4506593404014025,2.3341108457558706
283.2225881,2.58,3.59,3.36,2.329012666,3.414088458,3.171356177,,,2.4506593404014025,2.3285130197876143
283.2729329,2.58,3.59,3.36,2.329012666,3.414088458,3.171356177,,,2.4506593404014025,2.3285130197876143
283.3231141,2.58,3.53,3.39,2.329012666,3.350940167,3.203123476,,,2.381461538495787,2.3160754185244135
283.3734401,2.64,3.53,3.39,2.395307913,3.350940167,3.203123476,,,2.381461538495787,2.2820319402970237
283.423569,2.64,3.53,3.39,2.395307913,3.350940167,3.203123476,,,2.381461538495787,2.2820319402970237
283.4736799,2.64,3.53,3.39,2.395307913,3.350940167,3.203123476,,,2.381461538495787,2.2820319402970237
283.5238179,2.64,3.53,3.39,2.395307913,3.350940167,3.203123476,,,2.381461538495787,2.2820319402970237
283.5741518,2.64,3.53,3.39,2.395307913,3.350940167,3.203123476,,,2.381461538495787,2.2820319402970237
283.6244352,2.66,3.48,3.39,2.417333241,3.298226796,3.203123476,,,2.342945054434077,2.2513356906268296
283.6747928,2.66,3.48,3.39,2.417333241,3.298226796,3.203123476,,,2.342945054434077,2.2513356906268296
283.7251308,2.66,3.48,3.39,2.417333241,3.298226796,3.203123476,,,2.342945054434077,2.2513356906268296
283.7754635,2.67,3.47,3.39,2.428332761,3.28767395,3.203123476,,,2.335307692198492,2.2417401341984275
283.8257989,2.67,3.47,3.39,2.428332761,3.28767395,3.203123476,,,2.335307692198492,2.2417401341984275
283.8759611,2.67,3.39,3.39,2.428332761,3.203123476,3.203123476,,,2.275,2.211717391777874
283.9263219,2.71,3.39,3.4,2.472245942,3.203123476,3.213705027,,,2.2675384617513465,2.191991973657692
283.9764492,2.71,3.39,3.4,2.472245942,3.203123476,3.213705027,,,2.2675384617513465,2.191991973657692
284.0265606,2.71,3.45,3.4,2.472245942,3.266557821,3.213705027,,,2.312637362348483,2.214443382868006
284.0766962,2.72,3.45,3.35,2.483203576,3.266557821,3.160759402,,,2.349725274791744,2.190319756088956
284.1268611,2.72,3.45,3.35,2.483203576,3.266557821,3.160759402,,,2.349725274791744,2.190319756088956
284.1770818,2.72,3.45,3.35,2.483203576,3.266557821,3.160759402,,,2.349725274791744,2.190319756088956
284.2274237,2.72,3.45,3.35,2.483203576,3.266557821,3.160759402,,,2.349725274791744,2.190319756088956
284.2777642,2.72,3.45,3.35,2.483203576,3.266557821,3.160759402,,,2.349725274791744,2.190319756088956
284.3281156,2.72,3.45,3.38,2.483203576,3.266557821,3.192538175,,,2.3275384614399925,2.2012202339530775
284.3784475,2.74,3.45,3.38,2.505094809,3.266557821,3.192538175,,,2.3275384614399925,2.1893506684944297
284.4288028,2.74,3.45,3.38,2.505094809,3.266557821,3.192538175,,,2.3275384614399925,2.1893506684944297
284.4789083,2.76,3.22,3.41,2.526954689,3.022631304,3.224282866,,,2.136571428564787,2.1044670807118275
284.5290499,2.76,3.22,3.41,2.526954689,3.022631304,3.224282866,,,2.136571428564787,2.1044670807118275
284.5791922,2.76,3.22,3.41,2.526954689,3.022631304,3.224282866,,,2.136571428564787,2.1044670807118275
284.6293256,2.75,3.35,3.36,2.516028617,3.160759402,3.171356177,,,2.267626373179708,2.138905303151759
284.6796664,2.75,3.35,3.36,2.516028617,3.160759402,3.171356177,,,2.267626373179708,2.138905303151759
284.7301345,2.75,3.35,3.36,2.516028617,3.160759402,3.171356177,,,2.267626373179708,2.138905303151759
284.7803075,2.8,3.21,3.39,2.570583591,3.011976096,3.203123476,,,2.144450549491547,2.0694329913972993
284.8306054,2.8,3.21,3.39,2.570583591,3.011976096,3.203123476,,,2.144450549491547,2.0694329913972993
284.880908,2.8,3.21,3.39,2.570583591,3.011976096,3.203123476,,,2.144450549491547,2.0694329913972993
284.9310486,2.79,3.15,3.38,2.559687481,2.947948439,3.192538175,,,2.109956043974748,2.0509781173748425
284.9813815,2.79,3.15,3.38,2.559687481,2.947948439,3.192538175,,,2.109956043974748,2.0509781173748425
285.0314992,2.79,3.19,3.38,2.559687481,2.990652103,3.192538175,,,2.137824176081977,2.0648516005325717
285.0816375,2.82,3.19,3.37,2.592354142,2.990652103,3.181949088,,,2.1452417585224492,2.0429138320774234
285.1319529,2.82,3.19,3.37,2.592354142,2.990652103,3.181949088,,,2.1452417585224492,2.0429138320774234
285.1823078,2.82,3.19,3.37,2.592354142,2.990652103,3.181949088,,,2.1452417585224492,2.0429138320774234
285.2326186,2.82,3.19,3.39,2.592354142,2.990652103,3.203123476,,,2.1303846152391204,2.0502132111687983
285.2827574,2.82,3.19,3.39,2.592354142,2.990652103,3.203123476,,,2.1303846152391204,2.0502132111687983
285.3329128,2.82,3.12,3.38,2.592354142,2.915870367,3.192538175,,,2.0892857141007015,2.0223944099857594
285.3830278,2.86,3.12,3.38,2.635811071,2.915870367,3.192538175,,,2.0892857141007015,1.997698757326889
285.4333564,2.86,3.12,3.38,2.635811071,2.915870367,3.192538175,,,2.0892857141007015,1.997698757326889
285.4835449,2.86,3.16,3.37,2.635811071,2.95863144,3.181949088,,,2.124307692212356,2.0077966551033106
285.5338786,2.88,3.16,3.37,2.657498824,2.95863144,3.181949088,,,2.124307692212356,1.9953183944994828
285.5841738,2.88,3.16,3.37,2.657498824,2.95863144,3.181949088,,,2.124307692212356,1.9953183944994828
285.6343215,2.88,3.09,3.38,2.657498824,2.883747562,3.192538175,,,2.0688131870888586,1.9750287387106435
285.6846505,2.88,3.09,3.38,2.657498824,2.883747562,3.192538175,,,2.0688131870888586,1.9750287387106435
285.7349776,2.88,3.09,3.38,2.657498824,2.883747562,3.192538175,,,2.0688131870888586,1.9750287387106435
285.785322,2.89,3.09,3.39,2.668332813,2.883747562,3.203123476,,,2.0613736262460023,1.9724120880191873
285.8356703,2.89,3.09,3.39,2.668332813,2.883747562,3.203123476,,,2.0613736262460023,1.9724120880191873
285.8858135,2.89,3.09,3.39,2.668332813,2.883747562,3.203123476,,,2.0613736262460023,1.9724120880191873
285.9361628,2.92,3.06,3.43,2.700796179,2.85157851,3.245427553,,,2.0111208787826653,1.9581014810973012
285.9863064,2.92,3.06,3.43,2.700796179,2.85157851,3.245427553,,,2.0111208787826653,1.9581014810973012
286.0365007,2.92,3.0,3.43,2.700796179,2.787095262,3.245427553,,,1.9711648349111295,1.9382103201264722
286.0868427,2.94,3.0,3.42,2.722407023,2.787095262,3.234857029,,,1.9786923078452903,1.921772909687219
286.1371358,2.94,3.0,3.42,2.722407023,2.787095262,3.234857029,,,1.9786923078452903,1.921772909687219
286.1874689,2.94,2.83,3.42,2.722407023,2.603228764,3.234857029,,,1.8697802197413471,1.8675536310441692
286.2375793,2.97,2.83,3.42,2.754777668,2.603228764,3.234857029,,,1.8697802197413471,1.8482818917798436
286.2879152,2.97,2.83,3.42,2.754777668,2.603228764,3.234857029,,,1.8697802197413471,1.8482818917798436
286.3380579,2.97,2.84,3.44,2.754777668,2.614096402,3.255994472,,,1.8609340656323943,1.8587910893673265
286.3883852,2.97,2.84,3.44,2.754777668,2.614096402,3.255994472,,,1.8609340656323943,1.8587910893673265
286.4387078,2.97,2.84,3.44,2.754777668,2.614096402,3.255994472,,,1.8609340656323943,1.8587910893673265
286.4890569,2.97,2.84,3.44,2.754777668,2.614096402,3.255994472,,,1.8609340656323943,1.8587910893673265
286.5393864,2.97,2.84,3.44,2.754777668,2.614096402,3.255994472,,,1.8609340656323943,1.8587910893673265
286.5895753,2.97,2.84,3.44,2.754777668,2.614096402,3.255994472,,,1.8609340656323943,1.8587910893673265
286.6396772,2.97,2.81,3.43,2.754777668,2.581472448,3.245427553,,,1.8498571426386312,1.8458093168418461
286.6899932,2.97,2.81,3.43,2.754777668,2.581472448,3.245427553,,,1.8498571426386312,1.8458093168418461
286.7402838,2.97,2.81,3.43,2.754777668,2.581472448,3.245427553,,,1.8498571426386312,1.8458093168418461
286.7905889,3.0,2.87,3.43,2.787095262,2.64665827,3.245427553,,,1.8873076919107499,1.8449857860065164
286.8409278,3.0,2.87,3.43,2.787095262,2.64665827,3.245427553,,,1.8873076919107499,1.8449857860065164
286.8913862,3.0,2.87,3.43,2.787095262,2.64665827,3.245427553,,,1.8873076919107499,1.8449857860065164
286.9416093,3.02,2.86,3.42,2.808611757,2.635811071,3.234857029,,,1.8885384619709298,1.8250658861237974
286.9917679,3.02,2.86,3.42,2.808611757,2.635811071,3.234857029,,,1.8885384619709298,1.8250658861237974
287.0419805,3.02,2.86,3.42,2.808611757,2.635811071,3.234857029,,,1.8885384619709298,1.8250658861237974
287.0921197,3.07,2.92,3.44,2.862306762,2.700796179,3.255994472,,,1.9115714284402683,1.818347515669572
287.1423501,3.07,2.92,3.44,2.862306762,2.700796179,3.255994472,,,1.9115714284402683,1.818347515669572
287.1926238,3.07,2.82,3.44,2.862306762,2.592354142,3.255994472,,,1.8484945050384616,1.786946177715194
287.2430322,3.1,2.82,3.43,2.894460226,2.592354142,3.245427553,,,1.8560439555794492,1.7631175346118992
287.293171,3.1,2.82,3.43,2.894460226,2.592354142,3.245427553,,,1.8560439555794492,1.7631175346118992
287.343496,3.1,2.86,3.43,2.894460226,2.635811071,3.245427553,,,1.8810109890367692,1.7755467751808696
287.3938399,3.07,2.86,3.49,2.862306762,2.635811071,3.308776209,,,1.8353846154683247,1.8180827761193932
287.4440164,3.07,2.86,3.49,2.862306762,2.635811071,3.308776209,,,1.8353846154683247,1.8180827761193932
287.4941454,3.07,2.83,3.48,2.862306762,2.603228764,3.298226796,,,1.8242857142708284,1.8049813662415106
287.5444754,3.1,2.83,3.48,2.894460226,2.603228764,3.298226796,,,1.8242857142708284,1.784861801012701
287.5948165,3.1,2.83,3.48,2.894460226,2.603228764,3.298226796,,,1.8242857142708284,1.784861801012701
287.6451385,3.1,2.76,3.48,2.894460226,2.526954689,3.298226796,,,1.7812857145501826,1.7634552794126401
287.6954723,3.14,2.76,3.48,2.937260629,2.526954689,3.298226796,,,1.7812857145501826,1.736324844328129
287.74588,3.14,2.76,3.48,2.937260629,2.526954689,3.298226796,,,1.7812857145501826,1.736324844328129
287.7959909,3.17,2.7,3.51,2.969309684,2.461280155,3.329864862,,,1.7222417584851146,1.7091486145160784
287.8463152,3.17,2.7,3.51,2.969309684,2.461280155,3.329864862,,,1.7222417584851146,1.7091486145160784
287.8966513,3.17,2.7,3.51,2.969309684,2.461280155,3.329864862,,,1.7222417584851146,1.7091486145160784
287.9470199,3.2,2.66,3.5,3.001316378,2.417333241,3.31932222,,,1.7063846151492126,1.672863210512835
287.9973649,3.2,2.66,3.5,3.001316378,2.417333241,3.31932222,,,1.7063846151492126,1.672863210512835
288.047482,3.2,2.66,3.5,3.001316378,2.417333241,3.31932222,,,1.7063846151492126,1.672863210512835
288.0978239,3.22,2.59,3.52,3.022631304,2.340085469,3.340404167,,,1.6505714289356028,1.6463822982081833
288.1479594,3.22,2.59,3.52,3.022631304,2.340085469,3.340404167,,,1.6505714289356028,1.6463822982081833
288.1981045,3.22,2.54,3.52,3.022631304,2.284622507,3.340404167,,,1.6223846154483517,1.6323501671460516
288.2484588,3.22,2.54,3.53,3.022631304,2.284622507,3.350940167,,,1.614637362272195,1.6361564263152066
288.2986182,3.22,2.54,3.53,3.022631304,2.284622507,3.350940167,,,1.614637362272195,1.6361564263152066
288.3487563,3.22,2.59,3.53,3.022631304,2.340085469,3.350940167,,,1.6428241757594462,1.6501885573773383
288.3990868,3.21,2.59,3.52,3.011976096,2.340085469,3.340404167,,,1.6505714289356028,1.6533714283218066
288.4494267,3.21,2.59,3.52,3.011976096,2.340085469,3.340404167,,,1.6505714289356028,1.6533714283218066
288.4996112,3.21,2.51,3.55,3.011976096,2.25122189,3.372002372,,,1.582428571565005,1.642502483876733
288.5499533,3.23,2.51,3.55,3.033282051,2.25122189,3.372002372,,,1.582428571565005,1.6285024840894111
288.6003028,3.23,2.51,3.55,3.033282051,2.25122189,3.372002372,,,1.582428571565005,1.6285024840894111
288.6505747,3.23,2.54,3.5,3.033282051,2.284622507,3.31932222,,,1.6378131867368388,1.6177591733175747
288.7008988,3.21,2.54,3.5,3.011976096,2.284622507,3.31932222,,,1.6378131867368388,1.6317591731048968
288.7510425,3.21,2.54,3.5,3.011976096,2.284622507,3.31932222,,,1.6378131867368388,1.6317591731048968
288.8011817,3.25,2.56,3.55,3.054570346,2.306837662,3.372002372,,,1.610285714510769,1.6282835402793896
288.8515142,3.25,2.56,3.55,3.054570346,2.306837662,3.372002372,,,1.610285714510769,1.6282835402793896
288.9018161,3.25,2.56,3.55,3.054570346,2.306837662,3.372002372,,,1.610285714510769,1.6282835402793896
288.9521104,3.25,2.57,3.59,3.054570346,2.317930111,3.414088458,,,1.584538461585896,1.6465093646140938
289.002447,3.25,2.57,3.59,3.054570346,2.317930111,3.414088458,,,1.584538461585896,1.6465093646140938
289.0527775,3.25,2.57,3.59,3.054570346,2.317930111,3.414088458,,,1.584538461585896,1.6465093646140938
289.103123,3.3,2.56,3.53,3.107716203,2.306837662,3.350940167,,,1.6258461534074324,1.5850408029381842
289.1534564,3.3,2.56,3.53,3.107716203,2.306837662,3.350940167,,,1.6258461534074324,1.5850408029381842
289.2035846,3.3,2.53,3.53,3.107716203,2.273499505,3.350940167,,,1.6090659336726656,1.5766871718093542
289.2539165,3.32,2.53,3.55,3.128945509,2.273499505,3.372002372,,,1.593505494776002,1.569940778756136
289.3042989,3.32,2.53,3.55,3.128945509,2.273499505,3.372002372,,,1.593505494776002,1.569940778756136
289.3546564,3.32,2.42,3.55,3.128945509,2.150418564,3.372002372,,,1.533670330068373,1.540153272847338
289.4050506,3.32,2.42,3.59,3.128945509,2.150418564,3.414088458,,,1.5022857144337365,1.5555726709634854
289.4552165,3.32,2.42,3.59,3.128945509,2.150418564,3.414088458,,,1.5022857144337365,1.5555726709634854
289.5055926,3.32,2.42,3.59,3.128945509,2.150418564,3.414088458,,,1.5022857144337365,1.5555726709634854
289.5558903,3.32,2.42,3.59,3.128945509,2.150418564,3.414088458,,,1.5022857144337365,1.5555726709634854
289.60633,3.32,2.42,3.59,3.128945509,2.150418564,3.414088458,,,1.5022857144337365,1.5555726709634854
289.6566233,3.32,2.43,3.59,3.128945509,2.161666024,3.414088458,,,1.5076153846447415,1.5582259198293988
289.7069451,3.39,2.43,3.59,3.203123476,2.161666024,3.414088458,,,1.5076153846447415,1.5071715715455882
289.757226,3.39,2.43,3.59,3.203123476,2.161666024,3.414088458,,,1.5076153846447415,1.5071715715455882
289.8073607,3.37,2.4,3.58,3.181949088,2.127886275,3.403571653,,,1.4995714288162878,1.510069254615187
289.8576938,3.37,2.4,3.58,3.181949088,2.127886275,3.403571653,,,1.4995714288162878,1.510069254615187
289.9078352,3.37,2.4,3.58,3.181949088,2.127886275,3.403571653,,,1.4995714288162878,1.510069254615187
289.9581603,3.41,2.35,3.58,3.224282866,2.071328076,3.403571653,,,1.47347252761766,1.4675982797405291
290.0083227,3.41,2.35,3.58,3.224282866,2.071328076,3.403571653,,,1.47347252761766,1.4675982797405291
290.0586519,3.41,2.35,3.58,3.224282866,2.071328076,3.403571653,,,1.47347252761766,1.4675982797405291
290.108982,3.43,2.32,3.6,3.245427553,2.03722851,3.424602167,,,1.4422967032676612,1.4528172718929806
290.159321,3.43,2.32,3.6,3.245427553,2.03722851,3.424602167,,,1.4422967032676612,1.4528172718929806
290.2097679,3.43,2.32,3.6,3.245427553,2.03722851,3.424602167,,,1.4422967032676612,1.4528172718929806
290.2598798,3.44,2.39,3.57,3.255994472,2.116601049,3.393051724,,,1.502164835042695,1.4517733635369954
290.3099975,3.44,2.39,3.57,3.255994472,2.116601049,3.393051724,,,1.502164835042695,1.4517733635369954
290.3603444,3.44,2.51,3.57,3.255994472,2.25122189,3.393051724,,,1.5667802193709668,1.4839405874743308
290.4106727,3.44,2.51,3.61,3.255994472,2.25122189,3.435112807,,,1.5352197803516212,1.4994463683838355
290.461006,3.44,2.51,3.61,3.255994472,2.25122189,3.435112807,,,1.5352197803516212,1.4994463683838355
290.5111361,3.44,2.41,3.61,3.255994472,2.139158713,3.435112807,,,1.4811538464382852,1.4725309360661094
290.5614434,3.47,2.41,3.62,3.28767395,2.139158713,3.445620409,,,1.4732087908226907,1.4539017677583317
290.6118786,3.47,2.41,3.62,3.28767395,2.139158713,3.445620409,,,1.4732087908226907,1.4539017677583317
290.6620463,3.47,2.44,3.65,3.28767395,2.172901286,3.477125249,,,1.4652307693919935,1.4736366216891348
290.7123346,3.45,2.44,3.65,3.266557821,2.172901286,3.477125249,,,1.4652307693919935,1.4886801003383017
290.7624842,3.45,2.44,3.65,3.266557821,2.172901286,3.477125249,,,1.4652307693919935,1.4886801003383017
290.8128027,3.45,2.34,3.63,3.266557821,2.059975728,3.456124998,,,1.4287032964998492,1.4546696849819065
290.8629296,3.49,2.34,3.63,3.308776209,2.059975728,3.456124998,,,1.4287032964998492,1.4244957715788478
290.9132432,3.49,2.34,3.63,3.308776209,2.059975728,3.456124998,,,1.4287032964998492,1.4244957715788478
290.963573,3.5,2.22,3.62,3.31932222,1.922576396,3.445620409,,,1.3765384610482438,1.3830484950361475
291.0136663,3.5,2.22,3.62,3.31932222,1.922576396,3.445620409,,,1.3765384610482438,1.3830484950361475
291.0639885,3.5,2.22,3.62,3.31932222,1.922576396,3.445620409,,,1.3765384610482438,1.3830484950361475
291.1143214,3.55,2.24,3.66,3.372002372,1.945636143,3.487620966,,,1.3543406591719935,1.3653348070344433
291.1646616,3.55,2.24,3.66,3.372002372,1.945636143,3.487620966,,,1.3543406591719935,1.3653348070344433
291.2149955,3.55,2.24,3.66,3.372002372,1.945636143,3.487620966,,,1.3543406591719935,1.3653348070344433
291.2653382,3.54,2.22,3.67,3.361472891,1.922576396,3.498113777,,,1.3364835166614442,1.372118968067252
291.3155139,3.54,2.22,3.67,3.361472891,1.922576396,3.498113777,,,1.3364835166614442,1.372118968067252
291.3658402,3.54,2.24,3.67,3.361472891,1.945636143,3.498113777,,,1.3462857147374407,1.3769987579789984
291.4161457,3.56,2.24,3.66,3.38252864,1.945636143,3.487620966,,,1.3543406591719935,1.3576065457685058
291.4664655,3.56,2.24,3.66,3.38252864,1.945636143,3.487620966,,,1.3543406591719935,1.3576065457685058
291.5166057,3.56,2.31,3.66,3.38252864,2.025833162,3.487620966,,,1.3893406590962794,1.375030458774292
291.5669333,3.63,2.31,3.65,3.456124998,2.025833162,3.477125249,,,1.3973736267061103,1.3163773049724778
291.6172954,3.63,2.31,3.65,3.456124998,2.025833162,3.477125249,,,1.3973736267061103,1.3163773049724778
291.6674743,3.63,2.14,3.68,3.456124998,1.829617446,3.508603711,,,1.2900769228422626,1.2868643810500036
291.7176149,3.63,2.14,3.68,3.456124998,1.829617446,3.508603711,,,1.2900769228422626,1.2868643810500036
291.7679452,3.63,2.14,3.68,3.456124998,1.829617446,3.508603711,,,1.2900769228422626,1.2868643810500036
291.8180909,3.63,2.11,3.68,3.456124998,1.794435844,3.508603711,,,1.2760659337790128,1.2798893451902558
291.868229,3.64,2.11,3.68,3.466626602,1.794435844,3.508603711,,,1.2760659337790128,1.2719871717235638
291.9185585,3.64,2.11,3.68,3.466626602,1.794435844,3.508603711,,,1.2760659337790128,1.2719871717235638
291.9687542,3.68,2.16,3.68,3.508603711,1.852970588,3.508603711,,,1.299527472434076,1.2518408504073988
292.019083,3.68,2.16,3.68,3.508603711,1.852970588,3.508603711,,,1.299527472434076,1.2518408504073988
292.0692056,3.68,2.16,3.68,3.508603711,1.852970588,3.508603711,,,1.299527472434076,1.2518408504073988
292.1194796,3.68,2.26,3.67,3.508603711,1.968628965,3.498113777,,,1.356175824725249,1.2720527470908558
292.1697876,3.68,2.26,3.67,3.508603711,1.968628965,3.498113777,,,1.356175824725249,1.2720527470908558
292.2199338,3.68,2.26,3.67,3.508603711,1.968628965,3.498113777,,,1.356175824725249,1.2720527470908558
292.2700778,3.72,2.4,3.7,3.550535171,2.127886275,3.529575045,,,1.403571428686442,1.2875062109959412
292.3202149,3.72,2.4,3.7,3.550535171,2.127886275,3.529575045,,,1.403571428686442,1.2875062109959412
292.3703161,3.72,2.11,3.7,3.550535171,1.794435844,3.529575045,,,1.259846153840136,1.215956019822454
292.4206421,3.69,2.11,3.75,3.519090792,1.794435844,3.581954774,,,1.2189120873901755,1.2602301479227402
292.4709675,3.69,2.11,3.75,3.519090792,1.794435844,3.581954774,,,1.2189120873901755,1.2602301479227402
292.5210936,3.69,2.11,3.75,3.519090792,1.794435844,3.581954774,,,1.2189120873901755,1.2602301479227402
292.571412,3.69,2.11,3.75,3.519090792,1.794435844,3.581954774,,,1.2189120873901755,1.2602301479227402
292.6217412,3.69,2.11,3.75,3.519090792,1.794435844,3.581954774,,,1.2189120873901755,1.2602301479227402
292.6718744,3.69,2.12,3.75,3.519090792,1.806183822,3.581954774,,,1.2235604391069377,1.2625442186686937
292.722191,3.76,2.12,3.75,3.592422581,1.806183822,3.581954774,,,1.2235604391069377,1.2058594362622241
292.7725257,3.76,2.12,3.75,3.592422581,1.806183822,3.581954774,,,1.2235604391069377,1.2058594362622241
292.8228583,3.76,2.0,3.76,3.592422581,1.663700694,3.592422581,,,1.1609780218392722,1.1828673195678117
292.8731557,3.77,2.0,3.76,3.602887731,1.663700694,3.592422581,,,1.1609780218392722,1.1746825367730698
292.9233162,3.77,2.0,3.76,3.602887731,1.663700694,3.592422581,,,1.1609780218392722,1.1746825367730698
292.9734787,3.77,2.05,3.75,3.602887731,1.723484842,3.581954774,,,1.1914835162222386,1.1817059244661865
293.0237732,3.77,2.05,3.75,3.602887731,1.723484842,3.581954774,,,1.1914835162222386,1.1817059244661865
293.0741902,3.77,2.05,3.75,3.602887731,1.723484842,3.581954774,,,1.1914835162222386,1.1817059244661865
293.1243254,3.77,2.05,3.75,3.602887731,1.723484842,3.581954774,,,1.1914835162222386,1.1817059244661865
293.1746589,3.77,2.05,3.75,3.602887731,1.723484842,3.581954774,,,1.1914835162222386,1.1817059244661865
293.2249569,3.77,2.05,3.75,3.602887731,1.723484842,3.581954774,,,1.1914835162222386,1.1817059244661865
293.2751416,3.81,1.89,3.77,3.644722212,1.529705854,3.602887731,,,1.1056813184144547,1.1223826562915606
293.3253122,3.81,1.89,3.77,3.644722212,1.529705854,3.602887731,,,1.1056813184144547,1.1223826562915606
293.3755229,3.81,1.89,3.77,3.644722212,1.529705854,3.602887731,,,1.1056813184144547,1.1223826562915606
293.4259266,3.79,1.87,3.75,3.62381015,1.504925247,3.581954774,,,1.113945054513914,1.1266704727621841
293.4762198,3.79,1.87,3.75,3.62381015,1.504925247,3.581954774,,,1.113945054513914,1.1266704727621841
293.5264742,3.79,1.85,3.75,3.62381015,1.48,3.581954774,,,1.1057692304416051,1.122600334256622
293.5768185,3.79,1.85,3.76,3.62381015,1.48,3.592422581,,,1.0975164834638786,1.1266549447282874
293.6271615,3.79,1.85,3.76,3.62381015,1.48,3.592422581,,,1.0975164834638786,1.1266549447282874
293.677499,3.79,1.85,3.76,3.62381015,1.48,3.592422581,,,1.0975164834638786,1.1266549447282874
293.7276211,3.79,1.85,3.76,3.62381015,1.48,3.592422581,,,1.0975164834638786,1.1266549447282874
293.7779701,3.79,1.85,3.76,3.62381015,1.48,3.592422581,,,1.0975164834638786,1.1266549447282874
293.8281551,3.79,1.82,3.83,3.62381015,1.442324513,3.665624094,,,1.0270329672843257,1.1493164114600554
293.8783094,3.87,1.82,3.83,3.707398009,1.442324513,3.665624094,,,1.0270329672843257,1.082707716471562
293.9284155,3.87,1.82,3.83,3.707398009,1.442324513,3.665624094,,,1.0270329672843257,1.082707716471562
293.9784825,3.87,1.75,3.83,3.707398009,1.352922762,3.665624094,,,0.9995714287279547,1.0690366461902379
294.0288091,3.92,1.75,3.83,3.759561145,1.352922762,3.665624094,,,0.9995714287279547,1.0266996890319173
294.0791463,3.92,1.75,3.83,3.759561145,1.352922762,3.665624094,,,0.9995714287279547,1.0266996890319173
294.1293085,3.95,1.76,3.84,3.790831043,1.365833079,3.676071272,,,0.9950000003150461,1.0070978262711026
294.1796378,3.95,1.76,3.84,3.790831043,1.365833079,3.676071272,,,0.9950000003150461,1.0070978262711026
294.2297794,3.95,1.76,3.84,3.790831043,1.365833079,3.676071272,,,0.9950000003150461,1.0070978262711026
294.2800967,3.93,1.77,3.83,3.769986737,1.378695035,3.665624094,,,1.0073076924198163,1.0220183948521926
294.33024,3.93,1.77,3.83,3.769986737,1.378695035,3.665624094,,,1.0073076924198163,1.0220183948521926
294.3805556,3.93,1.77,3.83,3.769986737,1.378695035,3.665624094,,,1.0073076924198163,1.0220183948521926
294.4308751,3.96,1.73,3.82,3.801249794,1.326951393,3.655174414,,,1.000329670618065,0.984501075196298
294.4812023,3.96,1.73,3.82,3.801249794,1.326951393,3.655174414,,,1.000329670618065,0.984501075196298
294.5313475,3.96,1.69,3.82,3.801249794,1.274362586,3.655174414,,,0.9852967037182813,0.9770172721092316
294.5817022,3.95,1.69,3.85,3.790831043,1.274362586,3.68651597,,,0.9600109893990731,0.9980380795587314
294.6320331,3.95,1.69,3.85,3.790831043,1.274362586,3.68651597,,,0.9600109893990731,0.9980380795587314
294.6821934,3.95,1.72,3.85,3.790831043,1.313887362,3.68651597,,,0.9712527475778325,1.0036345200433745
294.7325135,3.95,1.72,3.88,3.790831043,1.313887362,3.717835392,,,0.9457692305511565,1.0161546827564807
294.7826952,3.95,1.72,3.88,3.790831043,1.313887362,3.717835392,,,0.9457692305511565,1.0161546827564807
294.8327866,3.95,1.77,3.85,3.790831043,1.378695035,3.68651597,1,1.0,0.9904285716998471,1.0131807455302038
294.8830858,3.91,1.77,3.85,3.749133233,1.378695035,3.68651597,,,0.9904285716998471,1.0473546583331856
294.9333951,3.91,1.77,3.85,3.749133233,1.378695035,3.68651597,,,0.9904285716998471,1.0473546583331856
294.9837136,3.91,1.77,3.85,3.749133233,1.378695035,3.68651597,,,0.9904285716998471,1.0473546583331856
295.0338592,3.91,1.77,3.85,3.749133233,1.378695035,3.68651597,,,0.9904285716998471,1.0473546583331856
295.084121,3.91,1.77,3.85,3.749133233,1.378695035,3.68651597,,,0.9904285716998471,1.0473546583331856
295.1342175,3.87,1.8,3.84,3.707398009,1.417003881,3.676071272,,,1.0106483518621276,1.0828879838277263
295.1845504,3.87,1.8,3.84,3.707398009,1.417003881,3.676071272,,,1.0106483518621276,1.0828879838277263
295.2346418,3.87,1.8,3.84,3.707398009,1.417003881,3.676071272,,,1.0106483518621276,1.0828879838277263
295.2849868,3.85,1.9,3.86,3.68651597,1.542044098,3.696958209,,,1.0343846155037524,1.128226254460286
295.3353217,3.85,1.9,3.86,3.68651597,1.542044098,3.696958209,,,1.0343846155037524,1.128226254460286
295.3854853,3.85,1.9,3.86,3.68651597,1.542044098,3.696958209,,,1.0343846155037524,1.128226254460286
295.4358258,3.79,1.86,3.9,3.62381015,1.492481156,3.738702984,,,0.9837472525763284,1.1865828713181592
295.4861583,3.79,1.86,3.9,3.62381015,1.492481156,3.738702984,,,0.9837472525763284,1.1865828713181592
295.5364999,3.79,1.86,3.9,3.62381015,1.492481156,3.738702984,,,0.9837472525763284,1.1865828713181592
295.5868022,3.79,1.86,3.9,3.62381015,1.492481156,3.738702984,,,0.9837472525763284,1.1865828713181592
295.6371377,3.79,1.86,3.9,3.62381015,1.492481156,3.738702984,,,0.9837472525763284,1.1865828713181592
295.6874507,3.79,1.92,3.9,3.62381015,1.566620567,3.738702984,,,1.0086703294919661,1.1989902291739878
295.7375978,3.68,1.92,3.88,3.508603711,1.566620567,3.717835392,,,1.025769230652704,1.2799046823428484
295.7877682,3.68,1.92,3.88,3.508603711,1.566620567,3.717835392,,,1.025769230652704,1.2799046823428484
295.8380946,3.68,1.94,3.88,3.508603711,1.591068823,3.717835392,,,1.0342527469796494,1.2841279980795233
295.8884364,3.66,1.94,3.93,3.487620966,1.591068823,3.769986737,,,0.9913406596007358,1.3211674147439676
295.9387597,3.66,1.94,3.93,3.487620966,1.591068823,3.769986737,,,0.9913406596007358,1.3211674147439676
295.9888487,3.66,2.07,3.96,3.487620966,1.747226373,3.801249794,,,1.0226153848485375,1.3624650496204969
296.0391733,3.63,2.07,3.96,3.456124998,1.747226373,3.801249794,,,1.0226153848485375,1.386236788825092
296.0893519,3.63,2.07,3.96,3.456124998,1.747226373,3.801249794,,,1.0226153848485375,1.386236788825092
296.1395428,3.63,2.05,3.98,3.456124998,1.723484842,3.822080585,,,0.99610989037031,1.3903025319923328
296.189873,3.61,2.05,3.98,3.435112807,1.723484842,3.822080585,,,0.99610989037031,1.406041662968972
296.2401809,3.61,2.05,3.98,3.435112807,1.723484842,3.822080585,,,0.99610989037031,1.406041662968972
296.2903292,3.56,2.12,3.98,3.38252864,1.806183822,3.822080585,,,1.0281868132550092,1.4609777828827861
296.3406581,3.56,2.12,3.98,3.38252864,1.806183822,3.822080585,,,1.0281868132550092,1.4609777828827861
296.3907709,3.56,2.12,3.98,3.38252864,1.806183822,3.822080585,,,1.0281868132550092,1.4609777828827861
296.4409092,3.52,2.08,4.0,3.340404167,1.75906225,3.842902549,,,0.9921868129960837,1.491186478882804
296.4912439,3.52,2.08,4.0,3.340404167,1.75906225,3.842902549,,,0.9921868129960837,1.491186478882804
296.5414915,3.52,2.08,4.0,3.340404167,1.75906225,3.842902549,,,0.9921868129960837,1.491186478882804
296.5917924,3.48,2.08,4.0,3.298226796,1.75906225,3.842902549,,,0.9921868129960837,1.5216212616065585
296.6419404,3.48,2.08,4.0,3.298226796,1.75906225,3.842902549,,,0.9921868129960837,1.5216212616065585
296.6920479,3.48,2.07,4.0,3.298226796,1.747226373,3.842902549,,,0.9876263733402236,1.5193509557778804
296.7421866,3.42,2.07,4.0,3.234857029,1.747226373,3.842902549,,,0.9876263733402236,1.564350955754154
296.7925098,3.42,2.07,4.0,3.234857029,1.747226373,3.842902549,,,0.9876263733402236,1.564350955754154
296.8428476,3.42,2.1,4.0,3.234857029,1.782666542,3.842902549,,,1.0013736262478612,1.5711946968755648
296.8929931,3.42,2.1,4.02,3.234857029,1.782666542,3.863715828,,,0.9837472527943417,1.5798546107896854
296.9433237,3.42,2.1,4.02,3.234857029,1.782666542,3.863715828,,,0.9837472527943417,1.5798546107896854
296.9934853,3.42,2.09,4.03,3.234857029,1.77087549,3.874119255,,,0.970296703200108,1.5819085765812548
297.0437943,3.44,2.09,4.03,3.255994472,1.77087549,3.874119255,,,0.970296703200108,1.5669955327090974
297.0939384,3.44,2.09,4.03,3.255994472,1.77087549,3.874119255,,,0.970296703200108,1.5669955327090974
297.1440553,3.44,2.05,4.05,3.255994472,1.723484842,3.894919768,,,0.9343406594996252,1.5666608932577062
297.194388,3.42,2.05,4.05,3.234857029,1.723484842,3.894919768,,,0.9343406594996252,1.5815739371298643
297.2447207,3.42,2.05,4.05,3.234857029,1.723484842,3.894919768,,,0.9343406594996252,1.5815739371298643
297.294848,3.36,2.12,4.04,3.171356177,1.806183822,3.884520562,,,0.9753076925553547,1.6373923072943768
297.3451536,3.36,2.12,4.04,3.171356177,1.806183822,3.884520562,,,0.9753076925553547,1.6373923072943768
297.3952461,3.36,2.12,4.04,3.171356177,1.806183822,3.884520562,,,0.9753076925553547,1.6373923072943768
297.4455655,3.36,2.16,4.03,3.171356177,1.852970588,3.874119255,,,1.002989010772671,1.64240105107658
297.4959002,3.36,2.16,4.03,3.171356177,1.852970588,3.874119255,,,1.002989010772671,1.64240105107658
297.5460703,3.36,2.16,4.03,3.171356177,1.852970588,3.874119255,,,1.002989010772671,1.64240105107658
297.5963844,3.29,2.18,4.09,3.097095413,1.876246252,3.936495904,,,0.9589890105423371,1.72405105144207
297.6467129,3.29,2.18,4.09,3.097095413,1.876246252,3.936495904,,,0.9589890105423371,1.72405105144207
297.6970427,3.29,2.18,4.09,3.097095413,1.876246252,3.936495904,,,0.9589890105423371,1.72405105144207
297.7472356,3.24,2.22,4.11,3.043928383,1.922576396,3.957271787,,,0.960307692557162,1.7780227420940198
297.7975638,3.24,2.22,4.11,3.043928383,1.922576396,3.957271787,,,0.960307692557162,1.7780227420940198
297.8476898,3.24,2.29,4.11,3.043928383,2.002997753,3.957271787,,,0.9950000002567992,1.7952934778836218
297.898,3.24,2.29,4.09,3.043928383,2.002997753,3.936495904,,,1.0130219776169527,1.786439202050155
297.9482316,3.24,2.29,4.09,3.043928383,2.002997753,3.936495904,,,1.0130219776169527,1.786439202050155
297.9985619,3.24,2.24,4.09,3.043928383,1.945636143,3.936495904,,,0.9881318679933118,1.774048256172299
298.0488905,3.19,2.24,4.11,2.990652103,1.945636143,3.957271787,,,0.9701098906331583,1.817848184142143
298.0992191,3.19,2.24,4.11,2.990652103,1.945636143,3.957271787,,,0.9701098906331583,1.817848184142143
298.1494323,3.19,2.29,4.11,2.990652103,2.002997753,3.957271787,,,0.9950000002567992,1.8302391300199992
298.1997595,3.15,2.29,4.11,2.947948439,2.002997753,3.957271787,,,0.9950000002567992,1.857804347647802
298.2498863,3.15,2.29,4.11,2.947948439,2.002997753,3.957271787,,,0.9950000002567992,1.857804347647802
298.3000328,3.15,2.38,4.13,2.947948439,2.105302829,3.978039718,,,1.0230769234955919,1.8896948161513902
298.3503609,3.11,2.38,4.13,2.905167809,2.105302829,3.978039718,,,1.0230769234955919,1.9169122075158116
298.4006437,3.11,2.38,4.13,2.905167809,2.105302829,3.978039718,,,1.0230769234955919,1.9169122075158116
298.450973,3.05,2.38,4.1,2.840844945,2.105302829,3.946884848,,,1.0502087910355409,1.9437561157372503
298.5013193,3.05,2.38,4.1,2.840844945,2.105302829,3.946884848,,,1.0502087910355409,1.9437561157372503
298.5515408,3.05,2.38,4.1,2.840844945,2.105302829,3.946884848,,,1.0502087910355409,1.9437561157372503
298.6016703,3.05,2.38,4.1,2.840844945,2.105302829,3.946884848,,,1.0502087910355409,1.9437561157372503
298.6520097,3.05,2.38,4.1,2.840844945,2.105302829,3.946884848,,,1.0502087910355409,1.9437561157372503
298.7023569,3.05,2.38,4.1,2.840844945,2.105302829,3.946884848,,,1.0502087910355409,1.9437561157372503
298.7526061,3.04,2.38,4.17,2.830106005,2.105302829,4.019552214,,,0.9865934066728682,1.9816301960974978
298.8028937,3.04,2.38,4.17,2.830106005,2.105302829,4.019552214,,,0.9865934066728682,1.9816301960974978
298.8532254,3.04,2.4,4.17,2.830106005,2.127886275,4.019552214,,,0.99709890090781,1.986860105184023
298.9035523,3.04,2.4,4.21,2.830106005,2.127886275,4.061034351,,,0.9602637361902618,2.0049573817626447
298.9536791,3.04,2.4,4.21,2.830106005,2.127886275,4.061034351,,,0.9602637361902618,2.0049573817626447
299.0040031,3.04,2.39,4.21,2.830106005,2.116601049,4.061034351,,,0.9550000000687809,2.002336956606516
299.0541496,2.99,2.39,4.21,2.776328511,2.116601049,4.061034351,,,0.9550000000687809,2.035108695578862
299.1043089,2.99,2.39,4.21,2.776328511,2.116601049,4.061034351,,,0.9550000000687809,2.035108695578862
299.1545852,2.99,2.45,4.21,2.776328511,2.184124539,4.061034351,,,0.9869120881164801,2.05099536549826
299.2048761,2.97,2.45,4.21,2.754777668,2.184124539,4.061034351,,,0.9869120881164801,2.0639518873330385
299.2550182,2.97,2.45,4.21,2.754777668,2.184124539,4.061034351,,,0.9869120881164801,2.0639518873330385
299.3053668,2.97,2.48,4.23,2.754777668,2.217724059,4.081764324,,,0.9846153851855227,2.0811563544257994
299.3554897,2.92,2.48,4.23,2.700796179,2.217724059,4.081764324,,,0.9846153851855227,2.113167223948682
299.4056074,2.92,2.48,4.23,2.700796179,2.217724059,4.081764324,,,0.9846153851855227,2.113167223948682
299.4557513,2.9,2.56,4.31,2.679160316,2.306837662,4.164612827,,,0.9538461538471089,2.184762541804725
299.5060702,2.9,2.56,4.31,2.679160316,2.306837662,4.164612827,,,0.9538461538471089,2.184762541804725
299.5561916,2.9,2.56,4.31,2.679160316,2.306837662,4.164612827,,,0.9538461538471089,2.184762541804725
299.6065014,2.87,2.56,4.25,2.64665827,2.306837662,4.102487051,,,1.0102857137581263,2.1758487580951633
299.6566441,2.87,2.56,4.25,2.64665827,2.306837662,4.102487051,,,1.0102857137581263,2.1758487580951633
299.7069654,2.87,2.56,4.25,2.64665827,2.306837662,4.102487051,,,1.0102857137581263,2.1758487580951633
299.7571975,2.85,2.67,4.31,2.624957143,2.428332761,4.164612827,,,1.0170659339926318,2.2474849971643986
299.8075247,2.85,2.67,4.31,2.624957143,2.428332761,4.164612827,,,1.0170659339926318,2.2474849971643986
299.857671,2.85,2.67,4.31,2.624957143,2.428332761,4.164612827,,,1.0170659339926318,2.2474849971643986
299.9079346,2.78,2.64,4.33,2.548784024,2.395307913,4.185307635,,,0.9805714284056178,2.290936645727107
299.9580828,2.78,2.64,4.33,2.548784024,2.395307913,4.185307635,,,0.9805714284056178,2.290936645727107
300.0082322,2.78,2.68,4.33,2.548784024,2.439323677,4.185307635,,,1.0039560441300557,2.3025781174681863
300.0585589,2.75,2.68,4.31,2.516028617,2.439323677,4.164612827,,,1.0229450552043808,2.31128134240066
300.1089092,2.75,2.68,4.31,2.516028617,2.439323677,4.164612827,,,1.0229450552043808,2.31128134240066
300.1590151,2.75,2.68,4.31,2.516028617,2.439323677,4.164612827,,,1.0229450552043808,2.31128134240066
300.2091139,2.74,2.68,4.35,2.505094809,2.439323677,4.20599572,,,0.9848791213752175,2.335950692443269
300.2592135,2.74,2.68,4.35,2.505094809,2.439323677,4.20599572,,,0.9848791213752175,2.335950692443269
300.3094604,2.74,2.71,4.38,2.505094809,2.472245942,4.237015459,,,0.9738681316407124,2.3589365261565978
300.3595637,2.7,2.71,4.38,2.461280155,2.472245942,4.237015459,,,0.9738681316407124,2.382588700143763
300.4097673,2.7,2.71,4.38,2.461280155,2.472245942,4.237015459,,,0.9738681316407124,2.382588700143763
300.4599159,2.7,2.75,4.4,2.461280155,2.516028617,4.257687166,,,0.9785714283562437,2.404017080869118
300.5101967,2.63,2.75,4.4,2.384281863,2.516028617,4.257687166,,,0.9785714283562437,2.444571428604561
300.5605003,2.63,2.75,4.4,2.384281863,2.516028617,4.257687166,,,0.9785714283562437,2.444571428604561
300.6106451,2.63,2.82,4.42,2.384281863,2.592354142,4.278352487,,,1.00203296643137,2.4754251072873927
300.6609775,2.63,2.82,4.42,2.384281863,2.592354142,4.278352487,,,1.00203296643137,2.4754251072873927
300.7111218,2.63,2.82,4.42,2.384281863,2.592354142,4.278352487,,,1.00203296643137,2.4754251072873927
300.7612328,2.63,2.83,4.42,2.384281863,2.603228764,4.278352487,,,1.0082417576591076,2.478516005529027
300.8113122,2.63,2.83,4.42,2.384281863,2.603228764,4.278352487,,,1.0082417576591076,2.478516005529027
300.8614481,2.63,2.83,4.42,2.384281863,2.603228764,4.278352487,,,1.0082417576591076,2.478516005529027
300.9115722,2.63,2.85,4.44,2.384281863,2.624957143,4.299011514,,,1.0012527478112252,2.494297563070569
300.9618928,2.63,2.85,4.44,2.384281863,2.624957143,4.299011514,,,1.0012527478112252,2.494297563070569
301.0119799,2.63,2.85,4.44,2.384281863,2.624957143,4.299011514,,,1.0012527478112252,2.494297563070569
301.0623213,2.63,2.85,4.44,2.384281863,2.624957143,4.299011514,,,1.0012527478112252,2.494297563070569
301.1126541,2.63,2.85,4.44,2.384281863,2.624957143,4.299011514,,,1.0012527478112252,2.494297563070569
301.1627708,2.63,2.88,4.44,2.384281863,2.657498824,4.299011514,,,1.02014285736888,2.5037015523938364
301.2130972,2.52,2.88,4.48,2.262366018,2.657498824,4.340311049,,,0.9809340656582303,2.58454108949837
301.2634367,2.52,2.88,4.48,2.262366018,2.657498824,4.340311049,,,0.9809340656582303,2.58454108949837
301.3135841,2.52,2.91,4.52,2.262366018,2.689981413,4.381586471,,,0.9604615383994767,2.6134797662302898
301.3637114,2.48,2.91,4.52,2.217724059,2.689981413,4.381586471,,,0.9604615383994767,2.635218896397001
301.4138842,2.48,2.91,4.52,2.217724059,2.689981413,4.381586471,,,0.9604615383994767,2.635218896397001
301.4642261,2.48,2.91,4.5,2.217724059,2.689981413,4.360951731,,,0.9802857145245688,2.625479192474673
301.5145364,2.46,2.91,4.5,2.195335965,2.689981413,4.360951731,,,0.9802857145245688,2.6362183231969505
301.564675,2.46,2.91,4.5,2.195335965,2.689981413,4.360951731,,,0.9802857145245688,2.6362183231969505
301.6148192,2.46,2.91,4.5,2.195335965,2.689981413,4.360951731,,,0.9802857145245688,2.6362183231969505
301.6651531,2.46,2.91,4.5,2.195335965,2.689981413,4.360951731,,,0.9802857145245688,2.6362183231969505
301.7154465,2.46,2.91,4.5,2.195335965,2.689981413,4.360951731,,,0.9802857145245688,2.6362183231969505
301.7655848,2.4,3.09,4.6,2.127886275,2.883747562,4.464067652,,,0.9989670329349615,2.77612706664582
301.8158787,2.4,3.09,4.6,2.127886275,2.883747562,4.464067652,,,0.9989670329349615,2.77612706664582
301.8662081,2.4,3.09,4.6,2.127886275,2.883747562,4.464067652,,,0.9989670329349615,2.77612706664582
301.9165006,2.37,3.03,4.56,2.093991404,2.81936163,4.422838455,,,0.9988791210647769,2.751811562334519
301.9666418,2.37,3.03,4.56,2.093991404,2.81936163,4.422838455,,,0.9988791210647769,2.751811562334519
302.0169822,2.37,3.03,4.56,2.093991404,2.81936163,4.422838455,,,0.9988791210647769,2.751811562334519
302.0673357,2.38,3.08,4.61,2.105302829,2.87302976,4.474371464,,,0.9820659345041926,2.788115432183837
302.1176629,2.38,3.08,4.61,2.105302829,2.87302976,4.474371464,,,0.9820659345041926,2.788115432183837
302.1677924,2.38,3.15,4.61,2.105302829,2.947948439,4.474371464,,,1.0299890111148386,2.8119727898878324
302.2181181,2.33,3.15,4.67,2.048609284,2.947948439,4.536165782,,,0.9688021974961386,2.8676319638944565
302.2682393,2.33,3.15,4.67,2.048609284,2.947948439,4.536165782,,,0.9688021974961386,2.8676319638944565
302.3185007,2.33,3.13,4.67,2.048609284,2.926567956,4.536165782,,,0.9549999999228947,2.8607608698851674
302.3689485,2.26,3.13,4.73,1.968628965,2.926567956,4.59791257,,,0.8930219779914297,2.9261348542095416
302.4193211,2.26,3.13,4.73,1.968628965,2.926567956,4.59791257,,,0.8930219779914297,2.9261348542095416
302.4696596,2.26,3.15,4.71,1.968628965,2.947948439,4.577335469,,,0.927571428927152,2.9228127324363955
302.5199847,2.26,3.15,4.71,1.968628965,2.947948439,4.577335469,,,0.927571428927152,2.9228127324363955
302.5704104,2.26,3.15,4.71,1.968628965,2.947948439,4.577335469,,,0.927571428927152,2.9228127324363955
302.6207678,2.26,3.17,4.71,1.968628965,2.969309684,4.577335469,,,0.9414615388715085,2.9297275915173904
302.6710676,2.24,3.17,4.71,1.945636143,2.969309684,4.577335469,,,0.9414615388715085,2.939510200309679
302.7213949,2.24,3.17,4.71,1.945636143,2.969309684,4.577335469,,,0.9414615388715085,2.939510200309679
302.771522,2.23,3.2,4.73,1.934114785,3.001316378,4.59791257,,,0.9417142856579153,2.965016459578442
302.8216362,2.23,3.2,4.73,1.934114785,3.001316378,4.59791257,,,0.9417142856579153,2.965016459578442
302.8719658,2.23,3.2,4.73,1.934114785,3.001316378,4.59791257,,,0.9417142856579153,2.965016459578442
302.9221068,2.21,3.19,4.75,1.91102067,2.990652103,4.6184846,,,0.9138571429385889,2.9814093167313755
302.9724399,2.21,3.19,4.75,1.91102067,2.990652103,4.6184846,,,0.9138571429385889,2.9814093167313755
303.0225708,2.21,3.19,4.75,1.91102067,2.990652103,4.6184846,,,0.9138571429385889,2.9814093167313755
303.072902,2.21,3.22,4.75,1.91102067,3.022631304,4.6184846,,,0.9349890109322609,2.991929311884747
303.1232218,2.21,3.22,4.75,1.91102067,3.022631304,4.6184846,,,0.9349890109322609,2.991929311884747
303.1735476,2.21,3.3,4.75,1.91102067,3.107716203,4.6184846,,,0.9923076920825903,3.0204640466313233
303.223865,2.22,3.3,4.75,1.922576396,3.107716203,4.6184846,,,0.9923076920825903,3.0156488295346833
303.274183,2.22,3.3,4.75,1.922576396,3.107716203,4.6184846,,,0.9923076920825903,3.0156488295346833
303.3245049,2.22,3.23,4.75,1.922576396,3.033282051,4.6184846,,,0.9420769231298464,2.9906426423821206
303.3748373,2.21,3.23,4.79,1.91102067,3.033282051,4.659613718,,,0.900142857136811,3.016060248423167
303.4251574,2.21,3.23,4.79,1.91102067,3.033282051,4.659613718,,,0.900142857136811,3.016060248423167
303.4754378,2.21,3.28,4.81,1.91102067,3.086470476,4.680170937,,,0.914813186778045,3.0442330862843097
303.525767,2.22,3.28,4.81,1.922576396,3.086470476,4.680170937,,,0.914813186778045,3.039417869187669
303.5760835,2.22,3.28,4.81,1.922576396,3.086470476,4.680170937,,,0.914813186778045,3.039417869187669
303.626226,2.22,3.22,4.79,1.922576396,3.022631304,4.659613718,,,0.8930549449392255,3.00771648373251
303.6765757,2.22,3.22,4.79,1.922576396,3.022631304,4.659613718,,,0.8930549449392255,3.00771648373251
303.7268816,2.22,3.22,4.79,1.922576396,3.022631304,4.659613718,,,0.8930549449392255,3.00771648373251
303.7769895,2.2,3.28,4.75,1.899447288,3.086470476,4.6184846,,,0.9778461537123628,3.0180581939727427
303.8273231,2.2,3.28,4.75,1.899447288,3.086470476,4.6184846,,,0.9778461537123628,3.0180581939727427
303.8774773,2.2,3.28,4.75,1.899447288,3.086470476,4.6184846,,,0.9778461537123628,3.0180581939727427
303.9278204,2.18,3.25,4.75,1.876246252,3.054570346,4.6184846,,,0.9563186811236699,3.016862995852122
303.9781516,2.18,3.25,4.75,1.876246252,3.054570346,4.6184846,,,0.9563186811236699,3.016862995852122
304.028323,2.18,3.25,4.75,1.876246252,3.054570346,4.6184846,,,0.9563186811236699,3.016862995852122
304.0786582,2.16,3.24,4.69,1.852970588,3.043928383,4.55675323,1,3.0,1.0114285716173141,2.9921677018619213
304.1289784,2.16,3.24,4.69,1.852970588,3.043928383,4.55675323,,,1.0114285716173141,2.9921677018619213
304.1793141,2.16,3.24,4.69,1.852970588,3.043928383,4.55675323,,,1.0114285716173141,2.9921677018619213
304.2296095,2.16,3.24,4.71,1.852970588,3.043928383,4.577335469,,,0.9907692313261034,3.0023177255702116
304.2799544,2.16,3.24,4.71,1.852970588,3.043928383,4.577335469,,,0.9907692313261034,3.0023177255702116
304.3303227,2.16,3.31,4.71,1.852970588,3.118332888,4.577335469,,,1.0411538466612051,3.027400501465294
304.3806588,2.11,3.31,4.69,1.794435844,3.118332888,4.55675323,,,1.0618131869524159,3.040456999687555
304.4309534,2.11,3.31,4.69,1.794435844,3.118332888,4.55675323,,,1.0618131869524159,3.040456999687555
304.4813063,2.11,3.37,4.65,1.794435844,3.181949088,4.515573053,,,1.1469120880927794,3.0422127567622477
304.5314229,2.16,3.37,4.65,1.852970588,3.181949088,4.515573053,,,1.1469120880927794,3.019006234831696
304.5818142,2.16,3.37,4.65,1.852970588,3.181949088,4.515573053,,,1.1469120880927794,3.019006234831696
304.6319591,2.16,3.37,4.65,1.852970588,3.181949088,4.515573053,,,1.1469120880927794,3.019006234831696
304.6823024,2.16,3.37,4.65,1.852970588,3.181949088,4.515573053,,,1.1469120880927794,3.019006234831696
304.7326218,2.16,3.37,4.65,1.852970588,3.181949088,4.515573053,,,1.1469120880927794,3.019006234831696
304.7827616,2.09,3.34,4.58,1.77087549,3.150158726,4.443455862,,,1.1957912089507443,3.0054482318971565
304.8331031,2.09,3.34,4.58,1.77087549,3.150158726,4.443455862,,,1.1957912089507443,3.0054482318971565
304.8834252,2.09,3.34,4.58,1.77087549,3.150158726,4.443455862,,,1.1957912089507443,3.0054482318971565
304.9335085,2.07,3.4,4.56,1.747226373,3.213705027,4.422838455,,,1.2603186814877234,3.0267456045362855
304.983839,2.07,3.4,4.56,1.747226373,3.213705027,4.422838455,,,1.2603186814877234,3.0267456045362855
305.0339845,2.07,3.4,4.56,1.747226373,3.213705027,4.422838455,,,1.2603186814877234,3.0267456045362855
305.0843364,2.08,3.36,4.52,1.75906225,3.171356177,4.381586471,,,1.270516483356683,2.9878332062226938
305.1345719,2.08,3.36,4.52,1.75906225,3.171356177,4.381586471,,,1.270516483356683,2.9878332062226938
305.1849199,2.08,3.36,4.52,1.75906225,3.171356177,4.381586471,,,1.270516483356683,2.9878332062226938
305.2352917,2.07,3.39,4.48,1.747226373,3.203123476,4.340311049,,,1.332329670377015,2.9839858580316823
305.2854893,2.07,3.39,4.48,1.747226373,3.203123476,4.340311049,,,1.332329670377015,2.9839858580316823
305.3358215,2.07,3.39,4.48,1.747226373,3.203123476,4.340311049,,,1.332329670377015,2.9839858580316823
305.3861186,2.05,3.39,4.42,1.723484842,3.203123476,4.278352487,,,1.3910109889542017,2.9641119925897357
305.4364259,2.05,3.39,4.42,1.723484842,3.203123476,4.278352487,,,1.3910109889542017,2.9641119925897357
305.4867495,2.05,3.45,4.42,1.723484842,3.266557821,4.278352487,,,1.4361098895513384,2.986563401800049
305.5368968,2.05,3.45,4.4,1.723484842,3.266557821,4.257687166,,,1.4554945048807864,2.977039656007755
305.5872453,2.05,3.45,4.4,1.723484842,3.266557821,4.257687166,,,1.4554945048807864,2.977039656007755
305.6375793,2.05,3.45,4.4,1.723484842,3.266557821,4.257687166,,,1.4554945048807864,2.977039656007755
305.687921,2.05,3.45,4.4,1.723484842,3.266557821,4.257687166,,,1.4554945048807864,2.977039656007755
305.7382228,2.05,3.45,4.4,1.723484842,3.266557821,4.257687166,,,1.4554945048807864,2.977039656007755
305.7885455,2.05,3.48,4.33,1.723484842,3.298226796,4.185307635,,,1.5454945053036406,2.9554200905735004
305.8386908,1.99,3.48,4.33,1.651665826,3.298226796,4.185307635,,,1.5454945053036406,2.9817679166417075
305.8890235,1.99,3.48,4.33,1.651665826,3.298226796,4.185307635,,,1.5454945053036406,2.9817679166417075
305.9391348,1.99,3.55,4.36,1.651665826,3.372002372,4.216337273,,,1.570923076602698,3.0227638793209968
305.9892764,1.99,3.55,4.36,1.651665826,3.372002372,4.216337273,,,1.570923076602698,3.0227638793209968
306.0395458,1.99,3.55,4.36,1.651665826,3.372002372,4.216337273,,,1.570923076602698,3.0227638793209968
306.0896886,1.97,3.55,4.29,1.627513441,3.372002372,4.143911196,,,1.6374615380702715,2.998681939571776
306.1398311,1.97,3.55,4.29,1.627513441,3.372002372,4.143911196,,,1.6374615380702715,2.998681939571776
306.1899499,1.97,3.55,4.29,1.627513441,3.372002372,4.143911196,,,1.6374615380702715,2.998681939571776
306.2404281,1.93,3.6,4.29,1.578860348,3.424602167,4.143911196,,,1.6767472529546092,3.0351959152586505
306.2906634,1.93,3.6,4.29,1.578860348,3.424602167,4.143911196,,,1.6767472529546092,3.0351959152586505
306.3407913,1.93,3.56,4.29,1.578860348,3.38252864,4.143911196,,,1.645274725284186,3.019528069961853
306.3911455,1.95,3.56,4.27,1.603246706,3.38252864,4.123202639,,,1.6640879118861194,3.0018502867820804
306.4413078,1.95,3.56,4.27,1.603246706,3.38252864,4.123202639,,,1.6640879118861194,3.0018502867820804
306.4915313,1.95,3.62,4.27,1.603246706,3.445620409,4.123202639,,,1.711428571501183,3.025417702112188
306.5416727,1.93,3.62,4.21,1.578860348,3.445620409,4.061034351,,,1.7673406596610257,3.006382632909001
306.5920104,1.93,3.62,4.21,1.578860348,3.445620409,4.061034351,,,1.7673406596610257,3.006382632909001
306.6421154,1.93,3.59,4.19,1.578860348,3.414088458,4.040297019,,,1.762032966737201,2.985479455533694
306.6924463,1.96,3.59,4.19,1.615394689,3.414088458,4.040297019,,,1.762032966737201,2.9727946726247017
306.7427664,1.96,3.59,4.19,1.615394689,3.414088458,4.040297019,,,1.762032966737201,2.9727946726247017
306.7931125,1.96,3.68,4.19,1.615394689,3.508603711,4.040297019,,,1.83393406583546,3.008588915436661
306.8434198,1.93,3.68,4.19,1.578860348,3.508603711,4.040297019,,,1.83393406583546,3.0212736983456536
306.8937178,1.93,3.68,4.19,1.578860348,3.508603711,4.040297019,,,1.83393406583546,3.0212736983456536
306.9438651,1.93,3.66,4.15,1.578860348,3.487620966,3.99879982,,,1.8544615386868946,2.995231940122971
306.99418,1.93,3.66,4.15,1.578860348,3.487620966,3.99879982,,,1.8544615386868946,2.995231940122971
307.0445104,1.93,3.66,4.15,1.578860348,3.487620966,3.99879982,,,1.8544615386868946,2.995231940122971
307.0946437,1.94,3.71,4.13,1.591068823,3.540056497,3.978039718,,,1.9131538465897138,3.0022439799830227
307.14512,1.94,3.71,4.13,1.591068823,3.540056497,3.978039718,,,1.9131538465897138,3.0022439799830227
307.1952389,1.94,3.71,4.13,1.591068823,3.540056497,3.978039718,,,1.9131538465897138,3.0022439799830227
307.2455622,1.92,3.74,4.05,1.566620567,3.571484285,3.894919768,,,2.009626373499427,2.9875313900909948
307.2958262,1.92,3.74,4.05,1.566620567,3.571484285,3.894919768,,,2.009626373499427,2.9875313900909948
307.3459795,1.92,3.81,4.05,1.566620567,3.644722212,3.894919768,,,2.0677032970867035,3.0164435977029207
307.3963199,1.93,3.81,4.08,1.578860348,3.644722212,3.92610494,,,2.040901099203711,3.0254268517129046
307.4466511,1.93,3.81,4.08,1.578860348,3.644722212,3.92610494,,,2.040901099203711,3.0254268517129046
307.4970464,1.93,3.81,4.08,1.578860348,3.644722212,3.92610494,,,2.040901099203711,3.0254268517129046
307.5473929,1.94,3.81,4.03,1.591068823,3.644722212,3.874119255,,,2.085461538536749,2.9993275922758107
307.5976809,1.94,3.81,4.03,1.591068823,3.644722212,3.874119255,,,2.085461538536749,2.9993275922758107
307.648005,1.94,3.81,4.03,1.591068823,3.644722212,3.874119255,,,2.085461538536749,2.9993275922758107
307.6983356,1.94,3.81,4.03,1.591068823,3.644722212,3.874119255,,,2.085461538536749,2.9993275922758107
307.7486745,1.94,3.81,4.03,1.591068823,3.644722212,3.874119255,,,2.085461538536749,2.9993275922758107
307.7987937,1.94,3.9,4.01,1.591068823,3.738702984,3.853310265,,,2.179384615847927,3.0286066890668772
307.8491169,1.93,3.9,4.01,1.578860348,3.738702984,3.853310265,,,2.179384615847927,3.0328132109186083
307.8994629,1.93,3.9,4.01,1.578860348,3.738702984,3.853310265,,,2.179384615847927,3.0328132109186083
307.9495547,1.88,3.91,3.96,1.517333187,3.749133233,3.801249794,,,2.231758242021977,3.036277472225448
307.9998762,1.88,3.91,3.96,1.517333187,3.749133233,3.801249794,,,2.231758242021977,3.036277472225448
308.0499657,1.88,3.91,3.96,1.517333187,3.749133233,3.801249794,,,2.231758242021977,3.036277472225448
308.1001127,1.86,3.99,3.95,1.492481156,3.832492661,3.790831043,,,2.309901098906197,3.074711633537799
308.1504128,1.86,3.99,3.95,1.492481156,3.832492661,3.790831043,,,2.309901098906197,3.074711633537799
308.2007359,1.86,3.99,3.95,1.492481156,3.832492661,3.790831043,,,2.309901098906197,3.074711633537799
308.2510673,1.91,3.97,3.92,1.554348738,3.811666302,3.759561145,,,2.3183516477811694,3.032766364185791
308.3011871,1.91,3.97,3.92,1.554348738,3.811666302,3.759561145,,,2.3183516477811694,3.032766364185791
308.3515197,1.91,3.97,3.92,1.554348738,3.811666302,3.759561145,,,2.3183516477811694,3.032766364185791
308.4016628,1.88,4.03,3.93,1.517333187,3.874119255,3.769986737,,,2.3624725280006427,3.075622192937747
308.4520091,1.88,4.03,3.93,1.517333187,3.874119255,3.769986737,,,2.3624725280006427,3.075622192937747
308.5023267,1.88,4.05,3.93,1.517333187,3.894919768,3.769986737,,,2.3802307694506886,3.0844627087900522
308.5526277,1.93,4.05,3.89,1.578860348,3.894919768,3.728270376,,,2.414604395889889,3.046868275135673
308.6029375,1.93,4.05,3.89,1.578860348,3.894919768,3.728270376,,,2.414604395889889,3.046868275135673
308.6533083,1.93,4.16,3.89,1.578860348,4.009176973,3.728270376,,,2.5138461543158526,3.0962734113955555
308.703488,1.87,4.16,3.86,1.504925247,4.009176973,3.696958209,,,2.539395604586918,3.108503464026365
308.7538308,1.87,4.16,3.86,1.504925247,4.009176973,3.696958209,,,2.539395604586918,3.108503464026365
308.8041605,1.87,4.11,3.83,1.504925247,3.957271787,3.665624094,,,2.519307692051962,3.0734270901144893
308.8544952,1.89,4.11,3.83,1.529705854,3.957271787,3.665624094,,,2.519307692051962,3.065253176994504
308.9047984,1.89,4.11,3.83,1.529705854,3.957271787,3.665624094,,,2.519307692051962,3.065253176994504
308.9551364,1.89,4.15,3.83,1.529705854,3.99879982,3.665624094,,,2.555615384826232,3.0833280936147385
309.005301,1.88,4.15,3.83,1.517333187,3.99879982,3.665624094,,,2.555615384826232,3.087425919635422
309.0556349,1.88,4.15,3.83,1.517333187,3.99879982,3.665624094,,,2.555615384826232,3.087425919635422
309.1059665,1.94,4.18,3.82,1.591068823,4.029925558,3.655174414,,,2.5914835171715795,3.0720537506395083
309.1563207,1.94,4.18,3.82,1.591068823,4.029925558,3.655174414,,,2.5914835171715795,3.0720537506395083
309.2066397,1.94,4.18,3.82,1.591068823,4.029925558,3.655174414,,,2.5914835171715795,3.0720537506395083
309.25696,1.96,4.3,3.78,1.615394689,4.154262871,3.613350246,,,2.736714285835264,3.1028316769722135
309.307329,1.96,4.3,3.78,1.615394689,4.154262871,3.613350246,,,2.736714285835264,3.1028316769722135
309.3576526,1.96,4.3,3.78,1.615394689,4.154262871,3.613350246,,,2.736714285835264,3.1028316769722135
309.4077931,1.97,4.32,3.8,1.627513441,4.174961078,3.634267464,,,2.7390000003215302,3.1161760870354294
309.4581422,1.97,4.32,3.8,1.627513441,4.174961078,3.634267464,,,2.7390000003215302,3.1161760870354294
309.5082947,1.97,4.36,3.8,1.627513441,4.216337273,3.634267464,,,2.7771538461318768,3.135170066797536
309.5586246,1.96,4.36,3.75,1.615394689,4.216337273,3.581954774,,,2.8186373622755694,3.1190607740167495
309.6089626,1.96,4.36,3.75,1.615394689,4.216337273,3.581954774,,,2.8186373622755694,3.1190607740167495
309.659088,1.96,4.36,3.75,1.615394689,4.216337273,3.581954774,,,2.8186373622755694,3.1190607740167495
309.7094216,1.96,4.36,3.74,1.615394689,4.216337273,3.571484285,,,2.826868132053529,3.1150169610388825
309.7597242,1.96,4.36,3.74,1.615394689,4.216337273,3.571484285,,,2.826868132053529,3.1150169610388825
309.8098693,1.96,4.41,3.69,1.615394689,4.268020619,3.519090792,,,2.9158791210846102,3.1189485190931845
309.8601705,2.02,4.41,3.69,1.68769073,4.268020619,3.519090792,,,2.9158791210846102,3.0929919974759534
309.9103191,2.02,4.41,3.69,1.68769073,4.268020619,3.519090792,,,2.9158791210846102,3.0929919974759534
309.9605285,2.02,4.41,3.69,1.68769073,4.268020619,3.519090792,,,2.9158791210846102,3.0929919974759534
310.010867,2.04,4.41,3.69,1.711578219,4.268020619,3.519090792,,,2.9158791210846102,3.0841659105599444
310.0611555,2.04,4.41,3.69,1.711578219,4.268020619,3.519090792,,,2.9158791210846102,3.0841659105599444
310.1113051,1.97,4.38,3.65,1.627513441,4.237015459,3.477125249,,,2.9191648354474364,3.0843994503203165
310.1616192,1.97,4.38,3.65,1.627513441,4.237015459,3.477125249,,,2.9191648354474364,3.0843994503203165
310.2117632,1.97,4.38,3.65,1.627513441,4.237015459,3.477125249,,,2.9191648354474364,3.0843994503203165
310.262053,2.01,4.36,3.68,1.675708805,4.216337273,3.508603711,,,2.8757912086644066,3.069404754062112
310.3123842,2.01,4.36,3.68,1.675708805,4.216337273,3.508603711,,,2.8757912086644066,3.069404754062112
310.3627027,2.01,4.36,3.68,1.675708805,4.216337273,3.508603711,,,2.8757912086644066,3.069404754062112
310.4130334,2.01,4.45,3.62,1.675708805,4.309338696,3.445620409,,,3.0110549443874346,3.089133874897527
310.4633647,2.01,4.45,3.62,1.675708805,4.309338696,3.445620409,,,3.0110549443874346,3.089133874897527
310.5134561,2.01,4.51,3.62,1.675708805,4.371269838,3.445620409,,,3.070131867438595,3.118543908329518
310.5637941,2.0,4.51,3.66,1.663700694,4.371269838,3.487620966,,,3.0381318674863484,3.138624343081975
310.614133,2.0,4.51,3.66,1.663700694,4.371269838,3.487620966,,,3.0381318674863484,3.138624343081975
310.6644354,2.0,4.51,3.66,1.663700694,4.371269838,3.487620966,,,3.0381318674863484,3.138624343081975
310.7147738,2.0,4.51,3.66,1.663700694,4.371269838,3.487620966,,,3.0381318674863484,3.138624343081975
310.7651026,2.0,4.51,3.66,1.663700694,4.371269838,3.487620966,,,3.0381318674863484,3.138624343081975
310.815293,2.0,4.51,3.66,1.663700694,4.371269838,3.487620966,,,3.0381318674863484,3.138624343081975
310.8656234,1.99,4.51,3.62,1.651665826,4.371269838,3.445620409,,,3.070131867438595,3.127239560327156
310.9159546,1.99,4.51,3.62,1.651665826,4.371269838,3.445620409,,,3.070131867438595,3.127239560327156
310.9660763,1.99,4.51,3.64,1.651665826,4.371269838,3.466626602,,,3.0541758240565358,3.1350788338148634
311.0161631,2.08,4.51,3.64,1.75906225,4.371269838,3.466626602,,,3.0541758240565358,3.0952636165758625
311.0664859,2.08,4.51,3.64,1.75906225,4.371269838,3.466626602,,,3.0541758240565358,3.0952636165758625
311.1166189,2.08,4.51,3.6,1.75906225,4.371269838,3.424602167,,,3.085999999383236,3.0796282608718752
311.1669569,2.07,4.51,3.6,1.747226373,4.371269838,3.424602167,,,3.085999999383236,3.084139130531476
311.217099,2.07,4.51,3.6,1.747226373,4.371269838,3.424602167,,,3.085999999383236,3.084139130531476
311.2673933,2.05,4.53,3.65,1.723484842,4.391901638,3.477125249,,,3.0660329671026125,3.1225577158651645
311.3177203,2.05,4.53,3.65,1.723484842,4.391901638,3.477125249,,,3.0660329671026125,3.1225577158651645
311.3681185,2.05,4.53,3.65,1.723484842,4.391901638,3.477125249,,,3.0660329671026125,3.1225577158651645
311.4184566,2.05,4.51,3.62,1.723484842,4.371269838,3.445620409,,,3.070131867438595,3.100891734258949
311.4687754,2.05,4.51,3.62,1.723484842,4.371269838,3.445620409,,,3.070131867438595,3.100891734258949
311.5191312,2.05,4.51,3.62,1.723484842,4.371269838,3.445620409,,,3.070131867438595,3.100891734258949
311.5694707,2.06,4.55,3.62,1.735367396,4.41252762,3.445620409,,,3.1099560433346745,3.116249856770686
311.6198123,2.06,4.55,3.62,1.735367396,4.41252762,3.445620409,,,3.1099560433346745,3.116249856770686
311.6701439,2.06,4.55,3.62,1.735367396,4.41252762,3.445620409,,,3.1099560433346745,3.116249856770686
311.7204862,2.04,4.55,3.63,1.711578219,4.41252762,3.456124998,,,3.101989010490369,3.1290771380533897
311.7708152,2.04,4.55,3.63,1.711578219,4.41252762,3.456124998,,,3.101989010490369,3.1290771380533897
311.8211714,2.04,4.53,3.63,1.711578219,4.391901638,3.456124998,,,3.0820329666007233,3.1191424988126744
311.8715577,2.05,4.53,3.62,1.723484842,4.391901638,3.445620409,,,3.0899999994450282,3.1107826086708474
311.9217705,2.05,4.53,3.62,1.723484842,4.391901638,3.445620409,,,3.0899999994450282,3.1107826086708474
311.971916,2.05,4.55,3.63,1.723484842,4.41252762,3.456124998,,,3.101989010490369,3.1246314857872424
312.0223044,2.06,4.55,3.63,1.735367396,4.41252762,3.456124998,,,3.101989010490369,3.1201640946463662
312.0726429,2.06,4.55,3.63,1.735367396,4.41252762,3.456124998,,,3.101989010490369,3.1201640946463662
312.1229629,2.06,4.53,3.62,1.735367396,4.391901638,3.445620409,,,3.0899999994450282,3.1063152175299713
312.1733229,2.07,4.53,3.62,1.747226373,4.391901638,3.445620409,,,3.0899999994450282,3.101826087159655
312.2236196,2.07,4.53,3.62,1.747226373,4.391901638,3.445620409,,,3.0899999994450282,3.101826087159655
312.2737621,2.08,4.57,3.59,1.75906225,4.433147866,3.414088458,,,3.153769231073795,3.1055503345643194
312.3239627,2.08,4.57,3.59,1.75906225,4.433147866,3.414088458,,,3.153769231073795,3.1055503345643194
312.3740865,2.08,4.57,3.59,1.75906225,4.433147866,3.414088458,,,3.153769231073795,3.1055503345643194
312.4242325,2.07,4.53,3.6,1.747226373,4.391901638,3.424602167,,,3.1058681313896686,3.0940300049433747
312.4745049,2.07,4.53,3.6,1.747226373,4.391901638,3.424602167,,,3.1058681313896686,3.0940300049433747
312.5248412,2.07,4.53,3.6,1.747226373,4.391901638,3.424602167,,,3.1058681313896686,3.0940300049433747
312.5752014,2.09,4.45,3.63,1.77087549,4.309338696,3.456124998,3,3.0,3.0030879115431297,3.057395938650576
312.6255317,2.09,4.45,3.63,1.77087549,4.309338696,3.456124998,,,3.0030879115431297,3.057395938650576
312.675714,2.09,4.43,3.63,1.77087549,4.288682781,3.456124998,,,2.983571427939055,3.0476801239868077
312.7261051,2.08,4.43,3.6,1.75906225,4.288682781,3.424602167,,,3.007406592728,3.0405024127761164
312.7764479,2.08,4.43,3.6,1.75906225,4.288682781,3.424602167,,,3.007406592728,3.0405024127761164
312.826753,2.08,4.36,3.6,1.75906225,4.216337273,3.424602167,,,2.9397912085129643,3.006841710634284
312.8770689,2.11,4.36,3.61,1.794435844,4.216337273,3.435112807,,,2.931868132183918,2.9970713091288887
312.9274096,2.11,4.36,3.61,1.794435844,4.216337273,3.435112807,,,2.931868132183918,2.9970713091288887
312.9775919,2.11,4.34,3.56,1.794435844,4.195652512,3.38252864,,,2.9521428572562263,2.9681972052632366
313.0279325,2.11,4.34,3.56,1.794435844,4.195652512,3.38252864,,,2.9521428572562263,2.9681972052632366
313.0783056,2.11,4.34,3.56,1.794435844,4.195652512,3.38252864,,,2.9521428572562263,2.9681972052632366
313.1286464,2.11,4.32,3.55,1.794435844,4.174961078,3.372002372,,,2.9409230775869553,2.9548834449880315
313.1789882,2.12,4.32,3.55,1.806183822,4.174961078,3.372002372,,,2.9409230775869553,2.950285618833408
313.2293364,2.12,4.32,3.55,1.806183822,4.174961078,3.372002372,,,2.9409230775869553,2.950285618833408
313.2796667,2.13,4.3,3.56,1.817910889,4.154262871,3.38252864,,,2.9141648352691116,2.940073363653045
313.3298412,2.13,4.3,3.56,1.817910889,4.154262871,3.38252864,,,2.9141648352691116,2.940073363653045
313.3799536,2.13,4.3,3.56,1.817910889,4.154262871,3.38252864,,,2.9141648352691116,2.940073363653045
313.4302852,2.17,4.32,3.55,1.864617923,4.174961078,3.372002372,,,2.9409230775869553,2.926970401450984
313.4805947,2.17,4.32,3.55,1.864617923,4.174961078,3.372002372,,,2.9409230775869553,2.926970401450984
313.5307586,2.17,4.32,3.55,1.864617923,4.174961078,3.372002372,,,2.9409230775869553,2.926970401450984
313.5809447,2.17,4.3,3.52,1.864617923,4.154262871,3.340404167,,,2.9452857145558458,2.9060878883482513
313.6313258,2.17,4.3,3.52,1.864617923,4.154262871,3.340404167,,,2.9452857145558458,2.9060878883482513
313.6816665,2.17,4.3,3.52,1.864617923,4.154262871,3.340404167,,,2.9452857145558458,2.9060878883482513
313.7320146,2.17,4.3,3.52,1.864617923,4.154262871,3.340404167,,,2.9452857145558458,2.9060878883482513
313.7821386,2.17,4.3,3.52,1.864617923,4.154262871,3.340404167,,,2.9452857145558458,2.9060878883482513
313.832436,2.17,4.22,3.52,1.864617923,4.071400251,3.340404167,,,2.8703846159265827,2.8688001675089003
313.8827674,2.17,4.22,3.45,1.864617923,4.071400251,3.266557821,,,2.9240000006490763,2.8424586958843707
313.9330943,2.17,4.22,3.45,1.864617923,4.071400251,3.266557821,,,2.9240000006490763,2.8424586958843707
313.9832023,2.17,4.18,3.48,1.864617923,4.029925558,3.298226796,,,2.864230769798812,2.835301839647625
314.0335441,2.16,4.18,3.48,1.852970588,4.029925558,3.298226796,,,2.864230769798812,2.840008361254122
314.0837304,2.16,4.18,3.48,1.852970588,4.029925558,3.298226796,,,2.864230769798812,2.840008361254122
314.1339242,2.16,4.24,3.48,1.852970588,4.092126587,3.298226796,,,2.919747253426357,2.8676459150600078
314.1843048,2.2,4.24,3.48,1.899447288,4.092126587,3.298226796,,,2.919747253426357,2.848689393332019
314.2346057,2.2,4.24,3.48,1.899447288,4.092126587,3.298226796,,,2.919747253426357,2.848689393332019
314.2849081,2.2,4.18,3.49,1.899447288,4.029925558,3.308776209,,,2.8565714287667254,2.824814907076681
314.3350486,2.22,4.18,3.49,1.922576396,4.029925558,3.308776209,,,2.8565714287667254,2.8152062115803993
314.3851673,2.22,4.18,3.49,1.922576396,4.029925558,3.308776209,,,2.8565714287667254,2.8152062115803993
314.4353027,2.2,4.07,3.46,1.899447288,3.91571194,3.277117636,,,2.779758241414982,2.7639122549969883
314.4854494,2.2,4.07,3.46,1.899447288,3.91571194,3.277117636,,,2.779758241414982,2.7639122549969883
314.5355893,2.2,4.07,3.46,1.899447288,3.91571194,3.277117636,,,2.779758241414982,2.7639122549969883
314.5857129,2.2,4.07,3.46,1.899447288,3.91571194,3.277117636,,,2.779758241414982,2.7639122549969883
314.635987,2.2,4.07,3.46,1.899447288,3.91571194,3.277117636,,,2.779758241414982,2.7639122549969883
314.6863221,2.2,4.07,3.46,1.899447288,3.91571194,3.277117636,,,2.779758241414982,2.7639122549969883
314.7366658,2.22,4.03,3.45,1.922576396,3.874119255,3.266557821,,,2.751747253189614,2.7328480890313434
314.7867863,2.22,4.03,3.45,1.922576396,3.874119255,3.266557821,,,2.751747253189614,2.7328480890313434
314.8371396,2.22,4.05,3.45,1.922576396,3.894919768,3.266557821,,,2.76950549463966,2.7416886048836475
314.887476,2.29,4.05,3.42,2.002997753,3.894919768,3.234857029,,,2.792153846273238,2.6962461538564226
314.9378255,2.29,4.05,3.42,2.002997753,3.894919768,3.234857029,,,2.792153846273238,2.6962461538564226
314.9881279,2.29,4.07,3.42,2.002997753,3.91571194,3.234857029,,,2.8099999998887752,2.705130434678071
315.0386265,2.24,4.07,3.42,1.945636143,3.91571194,3.234857029,,,2.8099999998887752,2.7297499996318892
315.0889658,2.24,4.07,3.42,1.945636143,3.91571194,3.234857029,,,2.8099999998887752,2.7297499996318892
315.1392692,2.24,3.99,3.41,1.945636143,3.832492661,3.224282866,,,2.746648351278867,2.690787983466355
315.1895924,2.26,3.99,3.41,1.968628965,3.832492661,3.224282866,,,2.746648351278867,2.6810053746740667
315.2399198,2.26,3.99,3.41,1.968628965,3.832492661,3.224282866,,,2.746648351278867,2.6810053746740667
315.2902068,2.26,4.01,3.41,1.968628965,3.853310265,3.224282866,,,2.764230769052,2.6897583609133
315.3405472,2.26,4.01,3.41,1.968628965,3.853310265,3.224282866,,,2.764230769052,2.6897583609133
315.3906912,2.26,4.01,3.41,1.968628965,3.853310265,3.224282866,,,2.764230769052,2.6897583609133
315.4410186,2.36,4.05,3.4,2.08266656,3.894919768,3.213705027,,,2.807142856988143,2.6535015527639714
315.4913566,2.36,4.05,3.4,2.08266656,3.894919768,3.213705027,,,2.807142856988143,2.6535015527639714
315.5416978,2.36,4.05,3.4,2.08266656,3.894919768,3.213705027,,,2.807142856988143,2.6535015527639714
315.5918146,2.32,3.93,3.39,2.03722851,3.769986737,3.203123476,,,2.709373625786108,2.6177968702875956
315.6419534,2.32,3.93,3.39,2.03722851,3.769986737,3.203123476,,,2.709373625786108,2.6177968702875956
315.6921212,2.32,3.93,3.39,2.03722851,3.769986737,3.203123476,,,2.709373625786108,2.6177968702875956
315.742457,2.35,3.95,3.4,2.071328076,3.790831043,3.213705027,,,2.7192307687920216,2.6148561873050724
315.7925775,2.35,3.95,3.4,2.071328076,3.790831043,3.213705027,,,2.7192307687920216,2.6148561873050724
315.8427595,2.35,3.82,3.4,2.071328076,3.655174414,3.213705027,,,2.6082307688126565,2.5595974916631716
315.8931061,2.35,3.82,3.37,2.071328076,3.655174414,3.181949088,,,2.6305494503446387,2.548632226388763
315.9434026,2.35,3.82,3.37,2.071328076,3.655174414,3.181949088,,,2.6305494503446387,2.548632226388763
315.993521,2.35,3.83,3.37,2.071328076,3.665624094,3.181949088,,,2.6389560439438777,2.5528172479849056
316.0438481,2.41,3.83,3.37,2.139158713,3.665624094,3.181949088,,,2.6389560439438777,2.5217737696177367
316.0941686,2.41,3.83,3.37,2.139158713,3.665624094,3.181949088,,,2.6389560439438777,2.5217737696177367
316.1444917,2.41,3.86,3.4,2.139158713,3.696958209,3.213705027,,,2.641989010827188,2.5453597468206284
316.1946119,2.4,3.86,3.4,2.127886275,3.696958209,3.213705027,,,2.641989010827188,2.55058800769785
316.2449028,2.4,3.86,3.4,2.127886275,3.696958209,3.213705027,,,2.641989010827188,2.55058800769785
316.2952316,2.4,3.9,3.43,2.127886275,3.738702984,3.245427553,,,2.6535824176702127,2.578631247322584
316.3455647,2.45,3.9,3.43,2.184124539,3.738702984,3.245427553,,,2.6535824176702127,2.5522725513955633
316.395693,2.45,3.9,3.43,2.184124539,3.738702984,3.245427553,,,2.6535824176702127,2.5522725513955633
316.4457783,2.45,3.79,3.43,2.184124539,3.62381015,3.245427553,,,2.560626373788072,2.505996607810758
316.4959218,2.45,3.79,3.43,2.184124539,3.62381015,3.245427553,,,2.560626373788072,2.505996607810758
316.5460283,2.45,3.79,3.43,2.184124539,3.62381015,3.245427553,,,2.560626373788072,2.505996607810758
316.5963703,2.49,3.81,3.41,2.228901075,3.644722212,3.224282866,,,2.5923626376554942,2.485447921555129
316.6465505,2.49,3.81,3.41,2.228901075,3.644722212,3.224282866,,,2.5923626376554942,2.485447921555129
316.696892,2.49,3.81,3.41,2.228901075,3.644722212,3.224282866,,,2.5923626376554942,2.485447921555129
316.7472404,2.49,3.81,3.41,2.228901075,3.644722212,3.224282866,,,2.5923626376554942,2.485447921555129
316.7975397,2.49,3.81,3.41,2.228901075,3.644722212,3.224282866,,,2.5923626376554942,2.485447921555129
316.847835,2.49,3.81,3.41,2.228901075,3.644722212,3.224282866,,,2.5923626376554942,2.485447921555129
316.8981407,2.51,3.81,3.4,2.25122189,3.644722212,3.213705027,,,2.5998461540748465,2.470901672631815
316.9484796,2.51,3.81,3.4,2.25122189,3.644722212,3.213705027,,,2.5998461540748465,2.470901672631815
316.9988082,2.51,3.68,3.4,2.25122189,3.508603711,3.213705027,,,2.4928461538766924,2.4176342812288207
317.0489242,2.49,3.68,3.37,2.228901075,3.508603711,3.181949088,,,2.5151648354086746,2.4175385807238703
317.0990323,2.49,3.68,3.37,2.228901075,3.508603711,3.181949088,,,2.5151648354086746,2.4175385807238703
317.1493697,2.49,3.56,3.37,2.228901075,3.38252864,3.181949088,,,2.419692307889694,2.370009865937247
317.1996725,2.53,3.56,3.41,2.273499505,3.38252864,3.224282866,,,2.3898901099383596,2.362825728724306
317.2500199,2.53,3.56,3.41,2.273499505,3.38252864,3.224282866,,,2.3898901099383596,2.362825728724306
317.3003593,2.53,3.6,3.36,2.273499505,3.424602167,3.171356177,,,2.458560439651104,2.360218132148137
317.3506947,2.53,3.6,3.36,2.273499505,3.424602167,3.171356177,,,2.458560439651104,2.360218132148137
317.400838,2.53,3.6,3.36,2.273499505,3.424602167,3.171356177,,,2.458560439651104,2.360218132148137
317.4511728,2.53,3.65,3.38,2.273499505,3.477125249,3.192538175,,,2.4835824174067014,2.387326899056497
317.5015158,2.55,3.65,3.38,2.295735176,3.477125249,3.192538175,,,2.4835824174067014,2.376283420894703
317.5518499,2.55,3.65,3.38,2.295735176,3.477125249,3.192538175,,,2.4835824174067014,2.376283420894703
317.6019752,2.57,3.59,3.38,2.317930111,3.414088458,3.192538175,,,2.4358461538699436,2.3413886287039354
317.652304,2.57,3.59,3.38,2.317930111,3.414088458,3.192538175,,,2.4358461538699436,2.3413886287039354
317.7025124,2.57,3.59,3.38,2.317930111,3.414088458,3.192538175,,,2.4358461538699436,2.3413886287039354
317.7526878,2.64,3.54,3.38,2.395307913,3.361472891,3.192538175,,,2.396670329461051,2.2822445771395143
317.8029785,2.64,3.54,3.38,2.395307913,3.361472891,3.192538175,,,2.396670329461051,2.2822445771395143
317.853337,2.64,3.54,3.38,2.395307913,3.361472891,3.192538175,,,2.396670329461051,2.2822445771395143
317.9036548,2.62,3.44,3.35,2.373246721,3.255994472,3.160759402,,,2.3421538466333143,2.2445939800189914
317.9539798,2.62,3.44,3.35,2.373246721,3.255994472,3.160759402,,,2.3421538466333143,2.2445939800189914
318.0041004,2.62,3.44,3.35,2.373246721,3.255994472,3.160759402,,,2.3421538466333143,2.2445939800189914
318.0544283,2.66,3.44,3.42,2.417333241,3.255994472,3.234857029,,,2.290076923475148,2.247223077124274
318.1046224,2.66,3.44,3.42,2.417333241,3.255994472,3.234857029,,,2.290076923475148,2.247223077124274
318.1547487,2.66,3.46,3.42,2.417333241,3.277117636,3.234857029,,,2.3052417584737936,2.2547725275909913
318.2050375,2.66,3.46,3.39,2.417333241,3.277117636,3.203123476,,,2.327692307437352,2.243742475274112
318.2553671,2.66,3.46,3.39,2.417333241,3.277117636,3.203123476,,,2.327692307437352,2.243742475274112
318.3055082,2.66,3.4,3.41,2.417333241,3.213705027,3.224282866,,,2.267516483580648,2.2285679887757586
318.3558373,2.74,3.4,3.41,2.505094809,3.213705027,3.224282866,,,2.267516483580648,2.1816114665980213
318.4061029,2.74,3.4,3.41,2.505094809,3.213705027,3.224282866,,,2.267516483580648,2.1816114665980213
318.4564387,2.74,3.37,3.4,2.505094809,3.181949088,3.213705027,,,2.2526813184680177,2.16682396055107
318.5067752,2.72,3.37,3.4,2.483203576,3.181949088,3.213705027,,,2.2526813184680177,2.178693526009717
318.5570751,2.72,3.37,3.4,2.483203576,3.181949088,3.213705027,,,2.2526813184680177,2.178693526009717
318.6072171,2.76,3.41,3.38,2.526954689,3.224282866,3.192538175,,,2.2973846155108615,2.162382775827499
318.657509,2.76,3.41,3.38,2.526954689,3.224282866,3.192538175,,,2.2973846155108615,2.162382775827499
318.7076492,2.76,3.41,3.38,2.526954689,3.224282866,3.192538175,,,2.2973846155108615,2.162382775827499
318.7580129,2.79,3.36,3.4,2.559687481,3.171356177,3.213705027,,,2.245285714377031,2.1330878882634514
318.8083382,2.79,3.36,3.4,2.559687481,3.171356177,3.213705027,,,2.245285714377031,2.1330878882634514
318.8586769,2.79,3.36,3.4,2.559687481,3.171356177,3.213705027,,,2.245285714377031,2.1330878882634514
318.9090267,2.76,3.33,3.4,2.526954689,3.139554108,3.213705027,,,2.223230768845561,2.1402061871324625
318.9593531,2.76,3.33,3.4,2.526954689,3.139554108,3.213705027,,,2.223230768845561,2.1402061871324625
319.009515,2.76,3.29,3.4,2.526954689,3.097095413,3.213705027,,,2.1941318677648978,2.1257199950727412
319.0598521,2.78,3.29,3.4,2.548784024,3.097095413,3.213705027,,,2.1941318677648978,2.1136765167315947
319.1101702,2.78,3.29,3.4,2.548784024,3.097095413,3.213705027,,,2.1941318677648978,2.1136765167315947
319.1605074,2.78,3.23,3.4,2.548784024,3.033282051,3.213705027,,,2.151142857181725,2.092275465810841
319.2106518,2.81,3.23,3.41,2.581472448,3.033282051,3.224282866,,,2.143659340762373,2.077723889227144
319.2609481,2.81,3.23,3.41,2.581472448,3.033282051,3.224282866,,,2.143659340762373,2.077723889227144
319.3111681,2.81,3.24,3.41,2.581472448,3.043928383,3.224282866,,,2.1507692308628372,2.0812633779945497
319.3615079,2.82,3.24,3.44,2.592354142,3.043928383,3.255994472,,,2.1281868130921358,2.08623865305565
319.4117995,2.82,3.24,3.44,2.592354142,3.043928383,3.255994472,,,2.1281868130921358,2.08623865305565
319.4621024,2.82,3.16,3.43,2.592354142,2.95863144,3.245427553,,,2.0794725270313084,2.0545200193511315
319.5123256,2.81,3.16,3.43,2.581472448,2.95863144,3.245427553,,,2.0794725270313084,2.060639584325201
319.5626574,2.81,3.16,3.43,2.581472448,2.95863144,3.245427553,,,2.0794725270313084,2.060639584325201
319.6127916,2.81,3.17,3.4,2.581472448,2.969309684,3.213705027,,,2.1089450548275943,2.053040038249167
319.6630822,2.83,3.17,3.4,2.603228764,2.969309684,3.213705027,,,2.1089450548275943,2.0407791689085313
319.7134192,2.83,3.17,3.4,2.603228764,2.969309684,3.213705027,,,2.1089450548275943,2.0407791689085313
319.7637376,2.83,3.17,3.4,2.603228764,2.969309684,3.213705027,,,2.1089450548275943,2.0407791689085313
319.8140864,2.83,3.17,3.4,2.603228764,2.969309684,3.213705027,,,2.1089450548275943,2.0407791689085313
319.8644036,2.83,3.17,3.4,2.603228764,2.969309684,3.213705027,,,2.1089450548275943,2.0407791689085313
319.9147243,2.85,3.13,3.41,2.624957143,2.926567956,3.224282866,,,2.073769230890642,2.0183220733558254
319.9648394,2.85,3.13,3.41,2.624957143,2.926567956,3.224282866,,,2.073769230890642,2.0183220733558254
320.0149778,2.85,3.13,3.41,2.624957143,2.926567956,3.224282866,,,2.073769230890642,2.0183220733558254
320.0653335,2.92,3.1,3.41,2.700796179,2.894460226,3.224282866,,,2.0532307692214062,1.9641953176645885
320.1155199,2.92,3.1,3.41,2.700796179,2.894460226,3.224282866,,,2.0532307692214062,1.9641953176645885
320.1656645,2.92,3.11,3.41,2.700796179,2.905167809,3.224282866,,,2.060054944886669,1.9675925703327297
320.216003,2.93,3.11,3.38,2.711604691,2.905167809,3.192538175,,,2.0824395603975305,1.9502362157825888
320.2661442,2.93,3.11,3.38,2.711604691,2.905167809,3.192538175,,,2.0824395603975305,1.9502362157825888
320.3163067,2.93,3.09,3.38,2.711604691,2.883747562,3.192538175,,,2.0688131870888586,1.9434526516789237
320.3664917,2.96,3.09,3.49,2.74399344,2.883747562,3.308776209,,,1.985769230779839,1.9650459868970693
320.4167293,2.96,3.09,3.49,2.74399344,2.883747562,3.308776209,,,1.985769230779839,1.9650459868970693
320.4668702,2.96,3.12,3.49,2.74399344,2.915870367,3.308776209,,,2.006241757791682,1.975237744909487
320.5171915,2.91,3.12,3.49,2.689981413,2.915870367,3.308776209,,,2.006241757791682,2.0071399184396563
320.5675304,2.91,3.12,3.49,2.689981413,2.915870367,3.308776209,,,2.006241757791682,2.0071399184396563
320.617677,2.91,3.07,3.44,2.689981413,2.862306762,3.255994472,,,2.0103076920985012,1.9715010031761109
320.6679821,2.97,3.07,3.44,2.754777668,2.862306762,3.255994472,,,2.0103076920985012,1.933153177325454
320.7182922,2.97,3.07,3.44,2.754777668,2.862306762,3.255994472,,,2.0103076920985012,1.933153177325454
320.7686237,2.97,2.95,3.43,2.754777668,2.733203249,3.245427553,,,1.9384725273156689,1.8899243670397623
320.818974,2.97,2.95,3.43,2.754777668,2.733203249,3.245427553,,,1.9384725273156689,1.8899243670397623
320.8693165,2.97,2.95,3.43,2.754777668,2.733203249,3.245427553,,,1.9384725273156689,1.8899243670397623
320.919488,2.98,2.94,3.42,2.765556002,2.722407023,3.234857029,,,1.9395274726163754,1.8765365024408134
320.9696283,2.98,2.94,3.42,2.765556002,2.722407023,3.234857029,,,1.9395274726163754,1.8765365024408134
321.0197077,2.98,2.94,3.42,2.765556002,2.722407023,3.234857029,,,1.9395274726163754,1.8765365024408134
321.069881,3.01,2.89,3.48,2.797856322,2.668332813,3.298226796,,,1.862000000338469,1.8634086957442655
321.1201822,3.01,2.89,3.48,2.797856322,2.668332813,3.298226796,,,1.862000000338469,1.8634086957442655
321.1705106,3.01,2.84,3.48,2.797856322,2.614096402,3.298226796,,,1.830516483637024,1.8477353798211558
321.2208676,3.03,2.84,3.48,2.81936163,2.614096402,3.298226796,,,1.830516483637024,1.834604944803667
321.2710921,3.03,2.84,3.48,2.81936163,2.614096402,3.298226796,,,1.830516483637024,1.834604944803667
321.3214327,3.03,2.83,3.48,2.81936163,2.603228764,3.298226796,,,1.8242857142708284,1.8315031052713655
321.3717748,3.05,2.83,3.48,2.840844945,2.603228764,3.298226796,,,1.8242857142708284,1.8182857138783441
321.42213,3.05,2.83,3.48,2.840844945,2.603228764,3.298226796,,,1.8242857142708284,1.8182857138783441
321.472465,3.05,2.8,3.48,2.840844945,2.570583591,3.298226796,,,1.8057252747764867,1.8090458429126823
321.5227974,3.06,2.8,3.48,2.85157851,2.570583591,3.298226796,,,1.8057252747764867,1.8024045388733607
321.5731453,3.06,2.8,3.48,2.85157851,2.570583591,3.298226796,,,1.8057252747764867,1.8024045388733607
321.6234773,3.06,2.78,3.52,2.85157851,2.548784024,3.340404167,,,1.762692307921612,1.8114163880976228
321.6738988,3.13,2.78,3.52,2.926567956,2.548784024,3.340404167,,,1.762692307921612,1.7643185617506445
321.7240815,3.13,2.78,3.52,2.926567956,2.548784024,3.340404167,,,1.762692307921612,1.7643185617506445
321.7741957,3.11,2.72,3.43,2.905167809,2.483203576,3.245427553,,,1.7951648349546836,1.7260603203711038
321.8245894,3.11,2.72,3.43,2.905167809,2.483203576,3.245427553,,,1.7951648349546836,1.7260603203711038
321.8748522,3.11,2.72,3.43,2.905167809,2.483203576,3.245427553,,,1.7951648349546836,1.7260603203711038
321.9251886,3.13,2.76,3.52,2.926567956,2.526954689,3.340404167,,,1.7505164836646285,1.7582571188053202
321.9755252,3.13,2.76,3.52,2.926567956,2.526954689,3.340404167,,,1.7505164836646285,1.7582571188053202
322.0256467,3.13,2.76,3.52,2.926567956,2.526954689,3.340404167,,,1.7505164836646285,1.7582571188053202
322.0759911,3.19,2.79,3.52,2.990652103,2.559687481,3.340404167,,,1.768813186975512,1.7261483037044008
322.1261762,3.19,2.79,3.52,2.990652103,2.559687481,3.340404167,,,1.768813186975512,1.7261483037044008
322.176324,3.19,2.79,3.52,2.990652103,2.559687481,3.340404167,,,1.768813186975512,1.7261483037044008
322.2266488,3.17,2.79,3.53,2.969309684,2.559687481,3.350940167,,,1.7610659337993553,1.7437806500129192
322.2770664,3.17,2.79,3.53,2.969309684,2.559687481,3.350940167,,,1.7610659337993553,1.7437806500129192
322.3273595,3.17,2.67,3.53,2.969309684,2.428332761,3.350940167,,,1.6890659335529552,1.7079371716293852
322.3776805,3.19,2.67,3.49,2.990652103,2.428332761,3.308776209,,,1.7199230765825793,1.6789508359580765
322.4279867,3.19,2.67,3.49,2.990652103,2.428332761,3.308776209,,,1.7199230765825793,1.6789508359580765
322.4783142,3.19,2.67,3.49,2.990652103,2.428332761,3.308776209,,,1.7199230765825793,1.6789508359580765
322.5286083,3.24,2.67,3.54,3.043928383,2.428332761,3.361472891,,,1.6812967034305477,1.6629824888920448
322.5789623,3.24,2.67,3.54,3.043928383,2.428332761,3.361472891,,,1.6812967034305477,1.6629824888920448
322.6293317,3.24,2.66,3.51,3.043928383,2.417333241,3.329864862,,,1.6986813185561853,1.6486478736235448
322.6796628,3.24,2.66,3.51,3.043928383,2.417333241,3.329864862,,,1.6986813185561853,1.6486478736235448
322.7298233,3.24,2.66,3.51,3.043928383,2.417333241,3.329864862,,,1.6986813185561853,1.6486478736235448
322.7801544,3.24,2.66,3.51,3.043928383,2.417333241,3.329864862,,,1.6986813185561853,1.6486478736235448
322.8304514,3.24,2.66,3.51,3.043928383,2.417333241,3.329864862,,,1.6986813185561853,1.6486478736235448
322.8805782,3.24,2.66,3.51,3.043928383,2.417333241,3.329864862,,,1.6986813185561853,1.6486478736235448
322.9308883,3.25,2.6,3.54,3.054570346,2.351148655,3.361472891,,,1.6407582418659792,1.635747037609948
322.9812131,3.25,2.6,3.54,3.054570346,2.351148655,3.361472891,,,1.6407582418659792,1.635747037609948
323.0313119,3.25,2.6,3.54,3.054570346,2.351148655,3.361472891,,,1.6407582418659792,1.635747037609948
323.0814735,3.28,2.55,3.55,3.086470476,2.295735176,3.372002372,,,1.604670329840673,1.604194576980896
323.1317886,3.28,2.55,3.55,3.086470476,2.295735176,3.372002372,,,1.604670329840673,1.604194576980896
323.1821326,3.28,2.55,3.55,3.086470476,2.295735176,3.372002372,,,1.604670329840673,1.604194576980896
323.2324653,3.26,2.51,3.55,3.065207986,2.25122189,3.372002372,,,1.582428571565005,1.607339440989475
323.2827922,3.26,2.51,3.55,3.065207986,2.25122189,3.372002372,,,1.582428571565005,1.607339440989475
323.33314,3.26,2.56,3.55,3.065207986,2.306837662,3.372002372,,,1.610285714510769,1.6212074534559533
323.3834689,3.26,2.56,3.54,3.065207986,2.306837662,3.361472891,,,1.618076923285025,1.6173795987103408
323.4338108,3.26,2.56,3.54,3.065207986,2.306837662,3.361472891,,,1.618076923285025,1.6173795987103408
323.4839527,3.26,2.56,3.54,3.065207986,2.306837662,3.361472891,,,1.618076923285025,1.6173795987103408
323.5340619,3.32,2.56,3.55,3.128945509,2.306837662,3.372002372,,,1.610285714510769,1.578294409884965
323.5844328,3.32,2.56,3.55,3.128945509,2.306837662,3.372002372,,,1.610285714510769,1.578294409884965
323.6347515,3.32,2.51,3.6,3.128945509,2.25122189,3.424602167,,,1.5431428566806673,1.5837276399486182
323.6850888,3.33,2.51,3.6,3.139554108,2.25122189,3.424602167,,,1.5431428566806673,1.5764993792129216
323.7353846,3.33,2.51,3.6,3.139554108,2.25122189,3.424602167,,,1.5431428566806673,1.5764993792129216
323.7855698,3.33,2.53,3.59,3.139554108,2.273499505,3.414088458,,,1.5621208791413654,1.5781319161365863
323.8358731,3.37,2.53,3.59,3.181949088,2.273499505,3.414088458,,,1.5621208791413654,1.5490014811839388
323.8860549,3.37,2.53,3.59,3.181949088,2.273499505,3.414088458,,,1.5621208791413654,1.5490014811839388
323.9363849,3.37,2.45,3.6,3.181949088,2.184124539,3.424602167,,,1.5104395604000949,1.531088390242337
323.9867208,3.37,2.45,3.6,3.181949088,2.184124539,3.424602167,,,1.5104395604000949,1.531088390242337
324.0369111,3.37,2.45,3.6,3.181949088,2.184124539,3.424602167,,,1.5104395604000949,1.531088390242337
324.087241,3.42,2.38,3.59,3.234857029,2.105302829,3.414088458,,,1.4811868134886357,1.4718082181256587
324.1373985,3.42,2.38,3.59,3.234857029,2.105302829,3.414088458,,,1.4811868134886357,1.4718082181256587
324.1877377,3.42,2.38,3.59,3.234857029,2.105302829,3.414088458,,,1.4811868134886357,1.4718082181256587
324.2380737,3.44,2.38,3.58,3.255994472,2.105302829,3.403571653,,,1.4890659345813462,1.4530241278036045
324.2884808,3.44,2.38,3.58,3.255994472,2.105302829,3.403571653,,,1.4890659345813462,1.4530241278036045
324.3387706,3.44,2.38,3.58,3.255994472,2.105302829,3.403571653,,,1.4890659345813462,1.4530241278036045
324.3889579,3.44,2.38,3.6,3.255994472,2.105302829,3.424602167,,,1.4732857142389346,1.4607770186674849
324.4394453,3.44,2.38,3.6,3.255994472,2.105302829,3.424602167,,,1.4732857142389346,1.4607770186674849
324.4896207,3.44,2.4,3.6,3.255994472,2.127886275,3.424602167,,,1.4837912084738762,1.4660069277540102
324.5399045,3.48,2.4,3.6,3.298226796,2.127886275,3.424602167,,,1.4837912084738762,1.4359199716498945
324.5901275,3.48,2.4,3.6,3.298226796,2.127886275,3.424602167,,,1.4837912084738762,1.4359199716498945
324.6404432,3.48,2.37,3.65,3.298226796,2.093991404,3.477125249,,,1.4282307695376457,1.4476627091155767
324.6907842,3.49,2.37,3.65,3.308776209,2.093991404,3.477125249,,,1.4282307695376457,1.440086621790361
324.7411304,3.49,2.37,3.65,3.308776209,2.093991404,3.477125249,,,1.4282307695376457,1.440086621790361
324.7914533,3.49,2.35,3.67,3.308776209,2.071328076,3.498113777,,,1.4017692309438081,1.4428264210125477
324.8417713,3.5,2.35,3.67,3.31932222,2.071328076,3.498113777,,,1.4017692309438081,1.4352285950406647
324.8921103,3.5,2.35,3.67,3.31932222,2.071328076,3.498113777,,,1.4017692309438081,1.4352285950406647
324.942457,3.51,2.39,3.64,3.329864862,2.116601049,3.466626602,,,1.446703297025696,1.4261414237923344
324.9927916,3.51,2.39,3.64,3.329864862,2.116601049,3.466626602,,,1.446703297025696,1.4261414237923344
325.0429768,3.51,2.39,3.64,3.329864862,2.116601049,3.466626602,,,1.446703297025696,1.4261414237923344
325.0934681,3.52,2.3,3.66,3.340404167,2.014422994,3.487620966,,,1.384274724865181,1.4032911134189499
325.1436353,3.52,2.3,3.66,3.340404167,2.014422994,3.487620966,,,1.384274724865181,1.4032911134189499
325.1938646,3.52,2.3,3.66,3.340404167,2.014422994,3.487620966,,,1.384274724865181,1.4032911134189499
325.2439885,3.6,2.32,3.68,3.424602167,2.03722851,3.508603711,,,1.3782967034191038,1.3543585761175403
325.2943349,3.6,2.32,3.68,3.424602167,2.03722851,3.508603711,,,1.3782967034191038,1.3543585761175403
325.3445309,3.6,2.32,3.68,3.424602167,2.03722851,3.508603711,,,1.3782967034191038,1.3543585761175403
325.3949248,3.62,2.25,3.65,3.445620409,1.957140772,3.477125249,,,1.3673076927682903,1.3092901333907343
325.4452212,3.62,2.25,3.65,3.445620409,1.957140772,3.477125249,,,1.3673076927682903,1.3092901333907343
325.4955549,3.62,2.2,3.65,3.445620409,1.899447288,3.477125249,,,1.3428571431491474,1.2971180119498997
325.5459066,3.64,2.2,3.69,3.466626602,1.899447288,3.519090792,,,1.3105934063243259,1.297186718001145
325.5962789,3.64,2.2,3.69,3.466626602,1.899447288,3.519090792,,,1.3105934063243259,1.297186718001145
325.6464423,3.64,2.05,3.69,3.466626602,1.723484842,3.519090792,,,1.2405384613477557,1.2623115388715045
325.6967725,3.67,2.05,3.67,3.498113777,1.723484842,3.498113777,,,1.2567142861281935,1.2305273293986005
325.7468914,3.67,2.05,3.67,3.498113777,1.723484842,3.498113777,,,1.2567142861281935,1.2305273293986005
325.7970107,3.67,2.05,3.67,3.498113777,1.723484842,3.498113777,,,1.2567142861281935,1.2305273293986005
325.847352,3.67,2.05,3.67,3.498113777,1.723484842,3.498113777,,,1.2567142861281935,1.2305273293986005
325.8975329,3.67,2.05,3.67,3.498113777,1.723484842,3.498113777,,,1.2567142861281935,1.2305273293986005
325.9478475,3.67,1.99,3.71,3.498113777,1.651665826,3.540056497,,,1.1976373625081702,1.233204252761101
325.997988,3.67,1.99,3.71,3.498113777,1.651665826,3.540056497,,,1.1976373625081702,1.233204252761101
326.0483196,3.67,1.99,3.71,3.498113777,1.651665826,3.540056497,,,1.1976373625081702,1.233204252761101
326.0985052,3.72,2.05,3.75,3.550535171,1.723484842,3.581954774,,,1.1914835162222386,1.222412446388179
326.1487371,3.72,2.05,3.75,3.550535171,1.723484842,3.581954774,,,1.1914835162222386,1.222412446388179
326.1990815,3.72,2.05,3.75,3.550535171,1.723484842,3.581954774,,,1.1914835162222386,1.222412446388179
326.2493125,3.72,1.95,3.71,3.550535171,1.603246706,3.540056497,,,1.1803186811371358,1.1844195175056513
326.2996323,3.72,1.95,3.71,3.550535171,1.603246706,3.540056497,,,1.1803186811371358,1.1844195175056513
326.349775,3.72,1.95,3.71,3.550535171,1.603246706,3.540056497,,,1.1803186811371358,1.1844195175056513
326.4000761,3.74,1.98,3.75,3.571484285,1.639603611,3.581954774,,,1.160483516288225,1.1907624466934241
326.4504236,3.74,1.98,3.75,3.571484285,1.639603611,3.581954774,,,1.160483516288225,1.1907624466934241
326.5006099,3.74,1.98,3.75,3.571484285,1.639603611,3.581954774,,,1.160483516288225,1.1907624466934241
326.5509477,3.74,1.98,3.75,3.571484285,1.639603611,3.581954774,,,1.160483516288225,1.1907624466934241
326.6012221,3.74,1.98,3.75,3.571484285,1.639603611,3.581954774,,,1.160483516288225,1.1907624466934241
326.6515509,3.74,1.95,3.75,3.571484285,1.603246706,3.581954774,,,1.1475274722327975,1.1843125899788742
326.7018929,3.83,1.95,3.8,3.665624094,1.603246706,3.634267464,,,1.106043956089105,1.1306392739417144
326.7523256,3.83,1.95,3.8,3.665624094,1.603246706,3.634267464,,,1.106043956089105,1.1306392739417144
326.8025604,3.83,1.91,3.8,3.665624094,1.554348738,3.634267464,,,1.089076923014637,1.12219264225899
326.8527066,3.82,1.91,3.8,3.655174414,1.554348738,3.634267464,,,1.089076923014637,1.1305078598408462
326.9030496,3.82,1.91,3.8,3.655174414,1.554348738,3.634267464,,,1.089076923014637,1.1305078598408462
326.9533791,3.82,1.92,3.83,3.655174414,1.566620567,3.665624094,,,1.0681318683993493,1.1449612998937058
327.003554,3.87,1.92,3.83,3.707398009,1.566620567,3.665624094,,,1.0681318683993493,1.103167821591867
327.053734,3.87,1.92,3.83,3.707398009,1.566620567,3.665624094,,,1.0681318683993493,1.103167821591867
327.1039265,3.87,1.88,3.84,3.707398009,1.517333187,3.676071272,,,1.0430000003898765,1.0989934784208881
327.1542988,3.87,1.88,3.84,3.707398009,1.517333187,3.676071272,,,1.0430000003898765,1.0989934784208881
327.2044843,3.87,1.88,3.84,3.707398009,1.517333187,3.676071272,,,1.0430000003898765,1.0989934784208881
327.2546075,3.9,1.78,3.82,3.738702984,1.391509971,3.655174414,,,1.0196153849046345,1.0453628757666267
327.3047801,3.9,1.78,3.82,3.738702984,1.391509971,3.655174414,,,1.0196153849046345,1.0453628757666267
327.3549274,3.9,1.78,3.82,3.738702984,1.391509971,3.655174414,,,1.0196153849046345,1.0453628757666267
327.4053727,3.9,1.8,3.85,3.738702984,1.417003881,3.68651597,,,1.002197802385057,1.0617028184150106
327.4557372,3.9,1.8,3.85,3.738702984,1.417003881,3.68651597,,,1.002197802385057,1.0617028184150106
327.5059134,3.9,1.69,3.85,3.738702984,1.274362586,3.68651597,,,0.9600109893990731,1.0407011223850313
327.55623,3.95,1.69,3.85,3.790831043,1.274362586,3.68651597,,,0.9600109893990731,0.9980380795587314
327.6065347,3.95,1.69,3.85,3.790831043,1.274362586,3.68651597,,,0.9600109893990731,0.9980380795587314
327.6567139,3.95,1.76,3.85,3.790831043,1.365833079,3.68651597,,,0.9865494508379755,1.0112496179707067
327.7070424,3.96,1.76,3.87,3.801249794,1.365833079,3.707398009,,,0.9695824178630171,1.010987768974428
327.7573657,3.96,1.76,3.87,3.801249794,1.365833079,3.707398009,,,0.9695824178630171,1.010987768974428
327.8074522,3.96,1.76,3.85,3.801249794,1.365833079,3.68651597,,,0.9865494508379755,1.0026517919041225
327.8577839,3.97,1.76,3.85,3.811666302,1.365833079,3.68651597,,,0.9865494508379755,0.9940322265326755
327.9080909,3.97,1.76,3.85,3.811666302,1.365833079,3.68651597,,,0.9865494508379755,0.9940322265326755
327.9584507,3.97,1.65,3.86,3.811666302,1.220819397,3.696958209,,,0.9368571429669182,0.9776745343563716
328.0087669,3.97,1.65,3.86,3.811666302,1.220819397,3.696958209,,,0.9368571429669182,0.9776745343563716
328.0590933,3.97,1.65,3.86,3.811666302,1.220819397,3.696958209,,,0.9368571429669182,0.9776745343563716
328.1092291,3.96,1.72,3.87,3.801249794,1.313887362,3.707398009,,,0.9542857146028741,1.003372671047096
328.1595676,3.96,1.72,3.87,3.801249794,1.313887362,3.707398009,,,0.9542857146028741,1.003372671047096
328.2097106,3.96,1.72,3.87,3.801249794,1.313887362,3.707398009,,,0.9542857146028741,1.003372671047096
328.2598504,3.94,1.66,3.87,3.780410031,1.234301422,3.707398009,,,0.9320000003531931,1.0094521735075392
328.3099667,3.94,1.66,3.87,3.780410031,1.234301422,3.707398009,,,0.9320000003531931,1.0094521735075392
328.3603337,3.94,1.66,3.87,3.780410031,1.234301422,3.707398009,1,1.0,0.9320000003531931,1.0094521735075392
328.4106523,3.94,1.78,3.86,3.780410031,1.391509971,3.696958209,,,0.9858571428901025,1.0278614903308407
328.460982,3.94,1.78,3.86,3.780410031,1.391509971,3.696958209,,,0.9858571428901025,1.0278614903308407
328.511322,3.94,1.78,3.86,3.780410031,1.391509971,3.696958209,,,0.9858571428901025,1.0278614903308407
328.5616555,3.88,1.73,3.9,3.717835392,1.326951393,3.738702984,,,0.9324615381114433,1.0860188962079478
328.6120078,3.88,1.73,3.9,3.717835392,1.326951393,3.738702984,,,0.9324615381114433,1.0860188962079478
328.6621494,3.88,1.8,3.9,3.717835392,1.417003881,3.738702984,,,0.9596153841976434,1.0995367891508607
328.7123232,3.87,1.8,3.92,3.707398009,1.417003881,3.759561145,,,0.942428570964324,1.1164046587905603
328.762707,3.87,1.8,3.92,3.707398009,1.417003881,3.759561145,,,0.942428570964324,1.1164046587905603
328.8128306,3.87,1.8,3.92,3.707398009,1.417003881,3.759561145,,,0.942428570964324,1.1164046587905603
328.863022,3.87,1.8,3.92,3.707398009,1.417003881,3.759561145,,,0.942428570964324,1.1164046587905603
328.913135,3.87,1.8,3.92,3.707398009,1.417003881,3.759561145,,,0.942428570964324,1.1164046587905603
328.9634905,3.87,1.88,3.92,3.707398009,1.517333187,3.759561145,,,0.9747802194920729,1.132510153383722
329.0138088,3.8,1.88,3.92,3.634267464,1.517333187,3.759561145,,,0.9747802194920729,1.190868848736784
329.0641468,3.8,1.88,3.92,3.634267464,1.517333187,3.759561145,,,0.9747802194920729,1.190868848736784
329.1144851,3.8,1.9,3.96,3.634267464,1.542044098,3.801249794,,,0.9484505498672078,1.2120221211834632
329.1648227,3.73,1.9,3.96,3.561011092,1.542044098,3.801249794,,,0.9484505498672078,1.2693155997206325
329.2151488,3.73,1.9,3.96,3.561011092,1.542044098,3.801249794,,,0.9484505498672078,1.2693155997206325
329.2654796,3.74,1.89,3.94,3.571484285,1.529705854,3.780410031,,,0.9616483513490598,1.2505923319197996
329.3158143,3.74,1.89,3.94,3.571484285,1.529705854,3.780410031,,,0.9616483513490598,1.2505923319197996
329.3659371,3.74,1.89,3.94,3.571484285,1.529705854,3.780410031,,,0.9616483513490598,1.2505923319197996
329.4160918,3.71,1.95,3.91,3.540056497,1.603246706,3.749133233,,,1.0128461540126172,1.2747755850229243
329.4662339,3.71,1.95,3.91,3.540056497,1.603246706,3.749133233,,,1.0128461540126172,1.2747755850229243
329.5165485,3.71,1.95,3.91,3.540056497,1.603246706,3.749133233,,,1.0128461540126172,1.2747755850229243
329.5668426,3.63,2.01,3.95,3.456124998,1.675708805,3.790831043,,,1.0044065936903364,1.3685741515080119
329.6170653,3.63,2.01,3.95,3.456124998,1.675708805,3.790831043,,,1.0044065936903364,1.3685741515080119
329.6673876,3.63,1.97,3.95,3.456124998,1.627513441,3.790831043,,,0.9869120883585926,1.3598649303754695
329.7177266,3.63,1.97,3.94,3.456124998,1.627513441,3.780410031,,,0.9955824173791468,1.3556051600305885
329.7681085,3.63,1.97,3.94,3.456124998,1.627513441,3.780410031,,,0.9955824173791468,1.3556051600305885
329.8184215,3.63,1.93,3.94,3.456124998,1.578860348,3.780410031,,,0.9784395600001381,1.3470709984223428
329.8687418,3.62,1.93,3.92,3.445620409,1.578860348,3.759561145,,,0.9957142852190075,1.3464642854760256
329.9188877,3.62,1.93,3.92,3.445620409,1.578860348,3.759561145,,,0.9957142852190075,1.3464642854760256
329.9692101,3.62,1.98,3.99,3.445620409,1.639603611,3.832492661,,,0.956351648855536,1.3870533201586832
330.0195165,3.57,1.98,3.99,3.393051724,1.639603611,3.832492661,,,0.956351648855536,1.4261294072432436
330.0698579,3.57,1.98,3.99,3.393051724,1.639603611,3.832492661,,,0.956351648855536,1.4261294072432436
330.1201862,3.57,1.99,4.05,3.393051724,1.651665826,3.894919768,,,0.9077032968812184,1.454345771427585
330.1705245,3.51,1.99,4.05,3.329864862,1.651665826,3.894919768,,,0.9077032968812184,1.5005196847490083
330.2206677,3.51,1.99,4.05,3.329864862,1.651665826,3.894919768,,,0.9077032968812184,1.5005196847490083
330.2707688,3.48,1.99,3.98,3.298226796,1.651665826,3.822080585,,,0.969472527751903,1.4929656714657866
330.3210946,3.48,1.99,3.98,3.298226796,1.651665826,3.822080585,,,0.969472527751903,1.4929656714657866
330.3713945,3.48,1.99,3.98,3.298226796,1.651665826,3.822080585,,,0.969472527751903,1.4929656714657866
330.4215175,3.48,2.05,4.06,3.298226796,1.723484842,3.905316889,,,0.9254285711093545,1.5409524849279408
330.4718301,3.48,2.05,4.06,3.298226796,1.723484842,3.905316889,,,0.9254285711093545,1.5409524849279408
330.5219451,3.48,2.05,4.06,3.298226796,1.723484842,3.905316889,,,0.9254285711093545,1.5409524849279408
330.5723058,3.46,2.06,4.07,3.277117636,1.735367396,3.91571194,,,0.9210109892353027,1.5626772095189154
330.6226655,3.46,2.06,4.07,3.277117636,1.735367396,3.91571194,,,0.9210109892353027,1.5626772095189154
330.672864,3.46,2.06,4.07,3.277117636,1.735367396,3.91571194,,,0.9210109892353027,1.5626772095189154
330.7230088,3.43,2.06,4.04,3.245427553,1.735367396,3.884520562,,,0.9477472530218706,1.5720089580075431
330.7733609,3.43,2.06,4.04,3.245427553,1.735367396,3.884520562,,,0.9477472530218706,1.5720089580075431
330.8235873,3.43,2.08,4.04,3.245427553,1.75906225,3.884520562,,,0.956846154151018,1.5765386283522707
330.8738856,3.36,2.08,4.1,3.171356177,1.75906225,3.946884848,,,0.9031758237366021,1.6545701385532137
330.9241934,3.36,2.08,4.1,3.171356177,1.75906225,3.946884848,,,0.9031758237366021,1.6545701385532137
330.9743439,3.36,2.13,4.1,3.171356177,1.817910889,3.946884848,,,0.9263076919750314,1.6660857860023446
331.0244282,3.35,2.13,4.06,3.160759402,1.817910889,3.905316889,,,0.9621758238281463,1.6557570955771903
331.0746407,3.35,2.13,4.06,3.160759402,1.817910889,3.905316889,,,0.9621758238281463,1.6557570955771903
331.1249742,3.35,2.15,4.07,3.160759402,1.841303886,3.91571194,,,0.9626483520373776,1.6648292882672127
331.175105,3.32,2.15,4.07,3.128945509,1.841303886,3.91571194,,,0.9626483520373776,1.6865792881628792
331.225497,3.32,2.15,4.07,3.128945509,1.841303886,3.91571194,,,0.9626483520373776,1.6865792881628792
331.2758372,3.32,2.24,4.1,3.128945509,1.945636143,3.946884848,,,0.9791318678654871,1.7214265173809398
331.3261269,3.26,2.24,4.1,3.065207986,1.945636143,3.946884848,,,0.9791318678654871,1.764339560951928
331.3764438,3.26,2.24,4.1,3.065207986,1.945636143,3.946884848,,,0.9791318678654871,1.764339560951928
331.4267811,3.21,2.18,4.1,3.011976096,1.876246252,3.946884848,,,0.9499890104145128,1.7849945291516358
331.4771289,3.21,2.18,4.1,3.011976096,1.876246252,3.946884848,,,0.9499890104145128,1.7849945291516358
331.5274608,3.21,2.18,4.1,3.011976096,1.876246252,3.946884848,,,0.9499890104145128,1.7849945291516358
331.5777807,3.18,2.25,4.17,2.979983221,1.957140772,4.019552214,,,0.9204505494892804,1.854050382640399
331.6281203,3.18,2.25,4.17,2.979983221,1.957140772,4.019552214,,,0.9204505494892804,1.854050382640399
331.6782879,3.18,2.25,4.17,2.979983221,1.957140772,4.019552214,,,0.9204505494892804,1.854050382640399
331.7286118,3.17,2.23,4.13,2.969309684,1.934114785,3.978039718,,,0.9470879124802283,1.838126373657476
331.7789308,3.17,2.23,4.13,2.969309684,1.934114785,3.978039718,,,0.9470879124802283,1.838126373657476
331.8290536,3.17,2.23,4.13,2.969309684,1.934114785,3.978039718,,,0.9470879124802283,1.838126373657476
331.8793471,3.17,2.23,4.13,2.969309684,1.934114785,3.978039718,,,0.9470879124802283,1.838126373657476
331.9296813,3.17,2.23,4.13,2.969309684,1.934114785,3.978039718,,,0.9470879124802283,1.838126373657476
331.9798459,3.17,2.34,4.13,2.969309684,2.059975728,3.978039718,,,1.0023296705454516,1.8656271619116853
332.0299347,3.11,2.34,4.13,2.905167809,2.059975728,3.978039718,,,1.0023296705454516,1.906583683764546
332.0802845,3.11,2.34,4.13,2.905167809,2.059975728,3.978039718,,,1.0023296705454516,1.906583683764546
332.1304822,3.11,2.35,4.17,2.905167809,2.071328076,4.019552214,,,0.9709999997091823,1.9270739131837495
332.1808396,3.08,2.35,4.17,2.87302976,2.071328076,4.019552214,,,0.9709999997091823,1.9472586954233366
332.2311745,3.08,2.35,4.17,2.87302976,2.071328076,4.019552214,,,0.9709999997091823,1.9472586954233366
332.2813117,3.08,2.4,4.17,2.87302976,2.127886275,4.019552214,,,0.99709890090781,1.9602514092809145
332.331527,3.03,2.4,4.17,2.81936163,2.127886275,4.019552214,,,0.99709890090781,1.9934579311428058
332.3818418,3.03,2.4,4.17,2.81936163,2.127886275,4.019552214,,,0.99709890090781,1.9934579311428058
332.4319867,3.0,2.47,4.21,2.787095262,2.206535746,4.061034351,,,0.9977252745465699,2.0498675823872206
332.4823295,3.0,2.47,4.21,2.787095262,2.206535746,4.061034351,,,0.9977252745465699,2.0498675823872206
332.532667,3.0,2.47,4.21,2.787095262,2.206535746,4.061034351,,,0.9977252745465699,2.0498675823872206
332.5828145,2.94,2.47,4.23,2.722407023,2.206535746,4.081764324,,,0.9791758243622636,2.09772013841072
332.632932,2.94,2.47,4.23,2.722407023,2.206535746,4.081764324,,,0.9791758243622636,2.09772013841072
332.6833018,2.94,2.47,4.23,2.722407023,2.206535746,4.081764324,,,0.9791758243622636,2.09772013841072
332.7334866,2.95,2.49,4.29,2.733203249,2.228901075,4.143911196,,,0.9339010990991207,2.1243442428113015
332.7838209,2.95,2.49,4.29,2.733203249,2.228901075,4.143911196,,,0.9339010990991207,2.1243442428113015
332.8339141,2.95,2.48,4.29,2.733203249,2.217724059,4.143911196,,,0.9284395606080528,2.1216253464755304
332.8842351,2.91,2.48,4.29,2.689981413,2.217724059,4.143911196,,,0.9284395606080528,2.1471036071340825
332.9345747,2.91,2.48,4.29,2.689981413,2.217724059,4.143911196,,,0.9284395606080528,2.1471036071340825
332.9849133,2.91,2.53,4.29,2.689981413,2.273499505,4.143911196,,,0.9559670328462736,2.1608075009222403
333.0350955,2.88,2.53,4.29,2.657498824,2.273499505,4.143911196,,,0.9559670328462736,2.179687936000946
333.0854332,2.88,2.53,4.29,2.657498824,2.273499505,4.143911196,,,0.9559670328462736,2.179687936000946
333.135777,2.88,2.61,4.27,2.657498824,2.362202362,4.123202639,,,1.0199670326133865,2.1929401100070094
333.1861342,2.85,2.61,4.27,2.624957143,2.362202362,4.123202639,,,1.0199670326133865,2.211624892286864
333.2363268,2.85,2.61,4.27,2.624957143,2.362202362,4.123202639,,,1.0199670326133865,2.211624892286864
333.2866572,2.85,2.62,4.33,2.624957143,2.373246721,4.185307635,,,0.969010988917358,2.242344600678703
333.3369951,2.81,2.62,4.33,2.581472448,2.373246721,4.185307635,,,0.969010988917358,2.2669532966356174
333.3873381,2.81,2.62,4.33,2.581472448,2.373246721,4.185307635,,,0.969010988917358,2.2669532966356174
333.437641,2.75,2.56,4.33,2.516028617,2.306837662,4.185307635,,,0.9348571427727836,2.2862114904267075
333.4877753,2.75,2.56,4.33,2.516028617,2.306837662,4.185307635,,,0.9348571427727836,2.2862114904267075
333.5380673,2.75,2.56,4.33,2.516028617,2.306837662,4.185307635,,,0.9348571427727836,2.2862114904267075
333.588401,2.72,2.64,4.4,2.483203576,2.395307913,4.257687166,,,0.9134175818197033,2.359799187869149
333.6386979,2.72,2.64,4.4,2.483203576,2.395307913,4.257687166,,,0.9134175818197033,2.359799187869149
333.6890284,2.72,2.64,4.4,2.483203576,2.395307913,4.257687166,,,0.9134175818197033,2.359799187869149
333.7393576,2.69,2.69,4.36,2.450306103,2.450306103,4.216337273,,,0.9812087910670296,2.373101767867068
333.7896937,2.69,2.69,4.36,2.450306103,2.450306103,4.216337273,,,0.9812087910670296,2.373101767867068
333.8399171,2.69,2.69,4.36,2.450306103,2.450306103,4.216337273,,,0.9812087910670296,2.373101767867068
333.8902818,2.66,2.8,4.48,2.417333241,2.570583591,4.340311049,,,0.930999999587579,2.4808565219716345
333.9405727,2.66,2.8,4.48,2.417333241,2.570583591,4.340311049,,,0.930999999587579,2.4808565219716345
333.9909068,2.66,2.79,4.48,2.417333241,2.559687481,4.340311049,,,0.9248571426721581,2.4777984475506964
334.0412754,2.63,2.79,4.48,2.384281863,2.559687481,4.340311049,,,0.9248571426721581,2.4950484470955674
334.0915511,2.63,2.79,4.48,2.384281863,2.559687481,4.340311049,,,0.9248571426721581,2.4950484470955674
334.1418775,2.63,2.83,4.48,2.384281863,2.603228764,4.340311049,,,0.949560439081921,2.5073463924821664
334.1920241,2.57,2.83,4.42,2.317930111,2.603228764,4.278352487,,,1.0082417576591076,2.512429049306231
334.2421577,2.57,2.83,4.42,2.317930111,2.603228764,4.278352487,,,1.0082417576591076,2.512429049306231
334.2924892,2.57,2.88,4.48,2.317930111,2.657498824,4.340311049,,,0.9809340656582303,2.5568780460114904
334.3428192,2.56,2.88,4.48,2.306837662,2.657498824,4.340311049,,,0.9809340656582303,2.562454133039626
334.3931624,2.56,2.88,4.48,2.306837662,2.657498824,4.340311049,,,0.9809340656582303,2.562454133039626
334.4433261,2.56,2.86,4.52,2.306837662,2.635811071,4.381586471,,,0.9287582416654869,2.5756100816148413
334.4934649,2.53,2.86,4.52,2.273499505,2.635811071,4.381586471,,,0.9287582416654869,2.592207907656839
334.543646,2.53,2.86,4.52,2.273499505,2.635811071,4.381586471,,,0.9287582416654869,2.592207907656839
334.5939718,2.49,2.89,4.54,2.228901075,2.668332813,4.402215351,,,0.9278021982804878,2.633253702453101
334.6441174,2.49,2.89,4.54,2.228901075,2.668332813,4.402215351,,,0.9278021982804878,2.633253702453101
334.6943322,2.49,2.89,4.54,2.228901075,2.668332813,4.402215351,,,0.9278021982804878,2.633253702453101
334.7446649,2.48,2.94,4.58,2.217724059,2.722407023,4.443455862,,,0.9197472528942366,2.6742980884706893
334.7950026,2.48,2.94,4.58,2.217724059,2.722407023,4.443455862,,,0.9197472528942366,2.6742980884706893
334.8453945,2.48,2.94,4.58,2.217724059,2.722407023,4.443455862,,,0.9197472528942366,2.6742980884706893
334.8957382,2.48,2.94,4.58,2.217724059,2.722407023,4.443455862,,,0.9197472528942366,2.6742980884706893
334.9460414,2.48,2.94,4.58,2.217724059,2.722407023,4.443455862,,,0.9197472528942366,2.6742980884706893
334.9961882,2.48,3.04,4.58,2.217724059,2.830106005,4.443455862,,,0.9854615386807573,2.7070123742209353
335.0465175,2.41,3.04,4.58,2.139158713,2.830106005,4.443455862,,,0.9854615386807573,2.74421889622785
335.0966427,2.41,3.04,4.58,2.139158713,2.830106005,4.443455862,,,0.9854615386807573,2.74421889622785
335.1469273,2.41,3.1,4.58,2.139158713,2.894460226,4.443455862,,,1.0259450552037144,2.764372646844713
335.1972004,2.38,3.1,4.65,2.105302829,2.894460226,4.515573053,,,0.95494505526552,2.8148748204674363
335.2475196,2.38,3.1,4.65,2.105302829,2.894460226,4.515573053,,,0.95494505526552,2.8148748204674363
335.2978542,2.38,3.09,4.67,2.105302829,2.883747562,4.536165782,,,0.9276593406102492,2.82155214999861
335.3481994,2.3,3.09,4.67,2.014422994,2.883747562,4.536165782,,,0.9276593406102492,2.8622478025029015
335.3983314,2.3,3.09,4.67,2.014422994,2.883747562,4.536165782,,,0.9276593406102492,2.8622478025029015
335.4484704,2.3,3.11,4.63,2.014422994,2.905167809,4.494974972,,,0.9821648351146658,2.8489472766277877
335.4988068,2.32,3.11,4.63,2.03722851,2.905167809,4.494974972,,,0.9821648351146658,2.838903798018994
335.5489529,2.32,3.11,4.63,2.03722851,2.905167809,4.494974972,,,0.9821648351146658,2.838903798018994
335.5992966,2.27,3.13,4.67,1.980101008,2.926567956,4.536165782,,,0.9549999999228947,2.890760869516513
335.6496201,2.27,3.13,4.67,1.980101008,2.926567956,4.536165782,,,0.9549999999228947,2.890760869516513
335.699939,2.27,3.13,4.67,1.980101008,2.926567956,4.536165782,,,0.9549999999228947,2.890760869516513
335.7503058,2.25,3.15,4.71,1.957140772,2.947948439,4.577335469,,,0.927571428927152,2.9277149063942445
335.8006627,2.25,3.15,4.71,1.957140772,2.947948439,4.577335469,,,0.927571428927152,2.9277149063942445
335.8510043,2.25,3.15,4.71,1.957140772,2.947948439,4.577335469,,,0.927571428927152,2.9277149063942445
335.9013986,2.22,3.16,4.75,1.922576396,2.95863144,4.6184846,,,0.8929230766284956,2.966172575319492
335.9515321,2.22,3.16,4.75,1.922576396,2.95863144,4.6184846,,,0.8929230766284956,2.966172575319492
336.0016621,2.22,3.19,4.75,1.922576396,2.990652103,4.6184846,,,0.9138571429385889,2.9765940996347338
336.0519811,2.22,3.19,4.71,1.922576396,2.990652103,4.577335469,,,0.9554395610343812,2.9561644768311486
336.1023184,2.22,3.19,4.71,1.922576396,2.990652103,4.577335469,,,0.9554395610343812,2.9561644768311486
336.1526458,2.22,3.24,4.71,1.922576396,3.043928383,4.577335469,,,0.9907692313261034,2.973752508345941
336.2029836,2.25,3.24,4.77,1.957140772,3.043928383,4.639051627,,,0.9282637365782029,2.98988564239943
336.2533223,2.25,3.24,4.77,1.957140772,3.043928383,4.639051627,,,0.9282637365782029,2.98988564239943
336.3035258,2.25,3.24,4.75,1.957140772,3.043928383,4.6184846,,,0.9491868132303108,2.9796060438703513
336.3538253,2.22,3.24,4.75,1.922576396,3.043928383,4.6184846,,,0.9491868132303108,2.9941821311495262
336.4041569,2.22,3.24,4.75,1.922576396,3.043928383,4.6184846,,,0.9491868132303108,2.9941821311495262
336.4544944,2.22,3.28,4.75,1.922576396,3.086470476,4.6184846,,,0.9778461537123628,3.008449498476461
336.5048284,2.22,3.28,4.75,1.922576396,3.086470476,4.6184846,,,0.9778461537123628,3.008449498476461
336.5551352,2.22,3.28,4.75,1.922576396,3.086470476,4.6184846,,,0.9778461537123628,3.008449498476461
336.6052268,2.24,3.24,4.79,1.945636143,3.043928383,4.659613718,,,0.9072527472372754,3.005088867649195
336.6555457,2.24,3.24,4.79,1.945636143,3.043928383,4.659613718,,,0.9072527472372754,3.005088867649195
336.7056364,2.24,3.24,4.79,1.945636143,3.043928383,4.659613718,,,0.9072527472372754,3.005088867649195
336.7559725,2.21,3.24,4.73,1.91102067,3.043928383,4.59791257,,,0.9700219779636248,2.9887609412250176
336.8063142,2.21,3.24,4.73,1.91102067,3.043928383,4.59791257,,,0.9700219779636248,2.9887609412250176
336.8566607,2.21,3.24,4.73,1.91102067,3.043928383,4.59791257,,,0.9700219779636248,2.9887609412250176
336.9067743,2.2,3.29,4.75,1.899447288,3.097095413,4.6184846,,,0.9850659337130193,3.0216523887991564
336.957102,2.2,3.29,4.75,1.899447288,3.097095413,4.6184846,,,0.9850659337130193,3.0216523887991564
337.0072632,2.2,3.29,4.75,1.899447288,3.097095413,4.6184846,,,0.9850659337130193,3.0216523887991564
337.057545,2.2,3.29,4.73,1.899447288,3.097095413,4.59791257,,,1.0059010984463332,3.011415981778007
337.107879,2.2,3.29,4.73,1.899447288,3.097095413,4.59791257,,,1.0059010984463332,3.011415981778007
337.1580657,2.2,3.29,4.73,1.899447288,3.097095413,4.59791257,,,1.0059010984463332,3.011415981778007
337.2083904,2.2,3.29,4.73,1.899447288,3.097095413,4.59791257,1,3.0,1.0059010984463332,3.011415981778007
337.2587171,2.2,3.29,4.73,1.899447288,3.097095413,4.59791257,,,1.0059010984463332,3.011415981778007
337.3090216,2.2,3.3,4.73,1.899447288,3.107716203,4.59791257,,,1.013142856815904,3.0150211180098143
337.3593366,2.18,3.3,4.73,1.876246252,3.107716203,4.59791257,,,1.013142856815904,3.024542857330087
337.4096669,2.18,3.3,4.73,1.876246252,3.107716203,4.59791257,,,1.013142856815904,3.024542857330087
337.4600209,2.18,3.32,4.67,1.876246252,3.128945509,4.536165782,,,1.0896703292861087,3.0013358817145663
337.5103622,2.13,3.32,4.67,1.817910889,3.128945509,4.536165782,,,1.0896703292861087,3.024759794518835
337.5605049,2.13,3.32,4.67,1.817910889,3.128945509,4.536165782,,,1.0896703292861087,3.024759794518835
337.6107344,2.13,3.32,4.67,1.817910889,3.128945509,4.536165782,,,1.0896703292861087,3.024759794518835
337.6610461,2.13,3.32,4.67,1.817910889,3.128945509,4.536165782,,,1.0896703292861087,3.024759794518835
337.7113772,2.13,3.32,4.67,1.817910889,3.128945509,4.536165782,,,1.0896703292861087,3.024759794518835
337.7616781,2.13,3.32,4.67,1.817910889,3.128945509,4.536165782,,,1.0896703292861087,3.024759794518835
337.8117887,2.13,3.32,4.67,1.817910889,3.128945509,4.536165782,,,1.0896703292861087,3.024759794518835
337.8621351,2.13,3.32,4.67,1.817910889,3.128945509,4.536165782,,,1.0896703292861087,3.024759794518835
337.912299,2.13,3.32,4.67,1.817910889,3.128945509,4.536165782,,,1.0896703292861087,3.024759794518835
337.9626361,2.13,3.32,4.67,1.817910889,3.128945509,4.536165782,,,1.0896703292861087,3.024759794518835
338.0127283,2.13,3.32,4.67,1.817910889,3.128945509,4.536165782,,,1.0896703292861087,3.024759794518835
338.0630186,2.07,3.34,4.56,1.747226373,3.150158726,4.422838455,,,1.2158791208755115,3.0046224319706414
338.1133576,2.07,3.34,4.56,1.747226373,3.150158726,4.422838455,,,1.2158791208755115,3.0046224319706414
338.1635096,2.07,3.4,4.56,1.747226373,3.213705027,4.422838455,,,1.2603186814877234,3.0267456045362855
338.213834,2.07,3.4,4.52,1.747226373,3.213705027,4.381586471,,,1.3002307689796522,3.0071366224206857
338.2641653,2.07,3.4,4.52,1.747226373,3.213705027,4.381586471,,,1.3002307689796522,3.0071366224206857
338.3144802,2.07,3.4,4.52,1.747226373,3.213705027,4.381586471,,,1.3002307689796522,3.0071366224206857
338.3647796,2.06,3.4,4.52,1.735367396,3.213705027,4.381586471,,,1.3002307689796522,3.0116257527910024
338.4151149,2.06,3.4,4.52,1.735367396,3.213705027,4.381586471,,,1.3002307689796522,3.0116257527910024
338.4652733,2.06,3.38,4.46,1.735367396,3.192538175,4.319664339,,,1.3445384612312115,2.9751180603225467
338.5156053,2.05,3.38,4.46,1.723484842,3.192538175,4.319664339,,,1.3445384612312115,2.979585451463423
338.5659448,2.05,3.38,4.46,1.723484842,3.192538175,4.319664339,,,1.3445384612312115,2.979585451463423
338.6163041,2.05,3.4,4.5,1.723484842,3.213705027,4.360951731,,,1.3200549451047443,3.0063534400095504
338.6666265,2.02,3.4,4.5,1.68769073,3.213705027,4.360951731,,,1.3200549451047443,3.0196251791917055
338.7169623,2.02,3.4,4.5,1.68769073,3.213705027,4.360951731,,,1.3200549451047443,3.0196251791917055
338.7671055,2.0,3.44,4.42,1.663700694,3.255994472,4.278352487,,,1.4285384613929086,3.004805017063318
338.817268,2.0,3.44,4.42,1.663700694,3.255994472,4.278352487,,,1.4285384613929086,3.004805017063318
338.867354,2.0,3.44,4.42,1.663700694,3.255994472,4.278352487,,,1.4285384613929086,3.004805017063318
338.9176919,1.97,3.44,4.38,1.627513441,3.255994472,4.237015459,,,1.4672197804274256,2.9987463688616223
338.9678032,1.97,3.44,4.38,1.627513441,3.255994472,4.237015459,,,1.4672197804274256,2.9987463688616223
339.0179214,1.97,3.44,4.38,1.627513441,3.255994472,4.237015459,,,1.4672197804274256,2.9987463688616223
339.0680616,2.0,3.5,4.35,1.663700694,3.31932222,4.20599572,,,1.5417582421458693,2.994440515920687
339.118203,2.0,3.5,4.35,1.663700694,3.31932222,4.20599572,,,1.5417582421458693,2.994440515920687
339.1683101,2.0,3.54,4.35,1.663700694,3.361472891,4.20599572,,,1.5727032967329209,3.009845771356414
339.2184839,1.96,3.54,4.36,1.615394689,3.361472891,4.216337273,,,1.563131867828442,3.031765647075428
339.2685885,1.96,3.54,4.36,1.615394689,3.361472891,4.216337273,,,1.563131867828442,3.031765647075428
339.3189139,1.96,3.55,4.36,1.615394689,3.372002372,4.216337273,,,1.570923076602698,3.0356443140521763
339.3692307,1.95,3.55,4.27,1.603246706,3.372002372,4.123202639,,,1.6562747246722047,2.9979606783647186
339.419559,1.95,3.55,4.27,1.603246706,3.372002372,4.123202639,,,1.6562747246722047,2.9979606783647186
339.4698894,1.95,3.58,4.27,1.603246706,3.403571653,4.123202639,,,1.679780219214131,3.009662326734503
339.5202287,1.95,3.58,4.29,1.603246706,3.403571653,4.143911196,,,1.6609670326121975,3.0189053271084965
339.5705608,1.95,3.58,4.29,1.603246706,3.403571653,4.143911196,,,1.6609670326121975,3.0189053271084965
339.6206902,1.95,3.6,4.27,1.603246706,3.424602167,4.123202639,,,1.6955604395565425,3.017518132078878
339.671022,1.96,3.6,4.27,1.615394689,3.424602167,4.123202639,,,1.6955604395565425,3.0132681319756656
339.7213434,1.96,3.6,4.27,1.615394689,3.424602167,4.123202639,,,1.6955604395565425,3.0132681319756656
339.771686,1.96,3.65,4.21,1.615394689,3.477125249,4.061034351,,,1.7913076920034416,3.0056292639269953
339.8218282,1.94,3.65,4.21,1.591068823,3.477125249,4.061034351,,,1.7913076920034416,3.014107524984255
339.8721602,1.94,3.65,4.21,1.591068823,3.477125249,4.061034351,,,1.7913076920034416,3.014107524984255
339.9224957,1.94,3.64,4.21,1.591068823,3.466626602,4.061034351,,,1.7832967030430853,3.0101194456974687
339.9727876,1.94,3.64,4.21,1.591068823,3.466626602,4.061034351,,,1.7832967030430853,3.0101194456974687
340.0229505,1.94,3.64,4.21,1.591068823,3.466626602,4.061034351,,,1.7832967030430853,3.0101194456974687
340.0730832,1.93,3.7,4.13,1.578860348,3.529575045,3.978039718,,,1.9050109890440918,3.0023967749261704
340.1234117,1.93,3.7,4.13,1.578860348,3.529575045,3.978039718,,,1.9050109890440918,3.0023967749261704
340.1737573,1.93,3.7,4.13,1.578860348,3.529575045,3.978039718,,,1.9050109890440918,3.0023967749261704
340.2240981,1.93,3.71,4.13,1.578860348,3.540056497,3.978039718,,,1.9131538465897138,3.006450501834753
340.2744324,1.93,3.71,4.13,1.578860348,3.540056497,3.978039718,,,1.9131538465897138,3.006450501834753
340.3245602,1.93,3.74,4.13,1.578860348,3.571484285,3.978039718,,,1.9377142857160927,3.018677329138973
340.374809,1.93,3.74,4.11,1.578860348,3.571484285,3.957271787,,,1.9558241760237132,3.0097798612921856
340.4251001,1.93,3.74,4.11,1.578860348,3.571484285,3.957271787,,,1.9558241760237132,3.0097798612921856
340.4753883,1.93,3.78,4.11,1.578860348,3.613350246,3.957271787,,,1.988879121327702,3.0262354753674314
340.5256971,1.92,3.78,4.09,1.566620567,3.613350246,3.936495904,,,2.0069010986878553,3.021565981875191
340.5759995,1.92,3.78,4.09,1.566620567,3.613350246,3.936495904,,,2.0069010986878553,3.021565981875191
340.6261761,1.92,3.78,4.05,1.566620567,3.613350246,3.894919768,,,2.042681318803416,3.0039870041662415
340.6765228,1.96,3.78,4.05,1.615394689,3.613350246,3.894919768,,,2.042681318803416,2.987117438916024
340.7266548,1.96,3.78,4.05,1.615394689,3.613350246,3.894919768,,,2.042681318803416,2.987117438916024
340.7769529,1.96,3.79,4.07,1.615394689,3.62381015,3.91571194,,,2.033153846833457,3.000026588511564
340.8273244,1.93,3.79,4.07,1.578860348,3.62381015,3.91571194,,,2.033153846833457,3.012711371420556
340.8776199,1.93,3.79,4.07,1.578860348,3.62381015,3.91571194,,,2.033153846833457,3.012711371420556
340.9279398,1.93,3.79,4.07,1.578860348,3.62381015,3.91571194,,,2.033153846833457,3.012711371420556
340.9780709,1.93,3.79,4.07,1.578860348,3.62381015,3.91571194,,,2.033153846833457,3.012711371420556
341.0281712,1.93,3.79,4.07,1.578860348,3.62381015,3.91571194,,,2.033153846833457,3.012711371420556
341.0784907,1.95,3.99,3.96,1.603246706,3.832492661,3.801249794,,,2.301208791234485,3.0417104630368623
341.1288228,1.95,3.99,3.96,1.603246706,3.832492661,3.801249794,,,2.301208791234485,3.0417104630368623
341.1791591,1.95,3.99,3.96,1.603246706,3.832492661,3.801249794,,,2.301208791234485,3.0417104630368623
341.2294827,1.93,3.97,4.0,1.578860348,3.811666302,3.842902549,,,2.2487252743617203,3.0586262781739886
341.2797993,1.93,3.97,4.0,1.578860348,3.811666302,3.842902549,,,2.2487252743617203,3.0586262781739886
341.3299414,1.93,4.01,4.0,1.578860348,3.853310265,3.842902549,,,2.283802197499305,3.076088485562047
341.3803126,1.94,4.01,3.9,1.591068823,3.853310265,3.738702984,,,2.3706153841520727,3.0292302676591736
341.4306154,1.94,4.01,3.9,1.591068823,3.853310265,3.738702984,,,2.3706153841520727,3.0292302676591736
341.4809455,1.94,3.99,3.9,1.591068823,3.832492661,3.738702984,,,2.3530329663789398,3.0204772814199394
341.5311528,1.91,3.99,3.95,1.554348738,3.832492661,3.790831043,,,2.309901098906197,3.054222503287028
341.58148,1.91,3.99,3.95,1.554348738,3.832492661,3.790831043,,,2.309901098906197,3.054222503287028
341.6316206,1.91,4.07,3.9,1.554348738,3.91571194,3.738702984,,,2.423890109284402,3.068306163453356
341.681952,1.92,4.07,3.9,1.566620567,3.91571194,3.738702984,,,2.423890109284402,3.0641431197984423
341.7323101,1.92,4.07,3.9,1.566620567,3.91571194,3.738702984,,,2.423890109284402,3.0641431197984423
341.7826534,1.92,4.03,3.85,1.566620567,3.874119255,3.68651597,,,2.430868132406232,3.0254973959280633
341.832985,1.87,4.03,3.85,1.504925247,3.874119255,3.68651597,,,2.430868132406232,3.0460952222203885
341.8833423,1.87,4.03,3.85,1.504925247,3.874119255,3.68651597,,,2.430868132406232,3.0460952222203885
341.933524,1.89,4.07,3.85,1.529705854,3.91571194,3.68651597,,,2.4664725274718156,3.055646105774357
341.9838585,1.89,4.07,3.85,1.529705854,3.91571194,3.68651597,,,2.4664725274718156,3.055646105774357
342.0339296,1.89,4.07,3.85,1.529705854,3.91571194,3.68651597,,,2.4664725274718156,3.055646105774357
342.0843026,1.87,4.13,3.84,1.504925247,3.978039718,3.676071272,,,2.5289890111166833,3.0865836596391403
342.1346315,1.87,4.13,3.84,1.504925247,3.978039718,3.676071272,,,2.5289890111166833,3.0865836596391403
342.1848606,1.87,4.13,3.84,1.504925247,3.978039718,3.676071272,,,2.5289890111166833,3.0865836596391403
342.2349809,1.87,4.2,3.84,1.504925247,4.050666612,3.676071272,,,2.5930659345876763,3.1184828237149183
342.2853329,1.87,4.2,3.84,1.504925247,4.050666612,3.676071272,,,2.5930659345876763,3.1184828237149183
342.3355737,1.87,4.2,3.84,1.504925247,4.050666612,3.676071272,,,2.5930659345876763,3.1184828237149183
342.3859143,1.95,4.2,3.78,1.603246706,4.050666612,3.613350246,,,2.643307692450911,3.0605814381949554
342.4362444,1.95,4.2,3.78,1.603246706,4.050666612,3.613350246,,,2.643307692450911,3.0605814381949554
342.4865852,1.95,4.2,3.78,1.603246706,4.050666612,3.613350246,,,2.643307692450911,3.0605814381949554
342.536915,1.95,4.2,3.78,1.603246706,4.050666612,3.613350246,,,2.643307692450911,3.0605814381949554
342.5872867,1.95,4.2,3.78,1.603246706,4.050666612,3.613350246,,,2.643307692450911,3.0605814381949554
342.6375798,1.95,4.2,3.78,1.603246706,4.050666612,3.613350246,,,2.643307692450911,3.0605814381949554
342.6878553,1.98,4.2,3.77,1.639603611,4.050666612,3.602887731,,,2.6516043955363986,3.0436900144068253
342.7380351,1.98,4.2,3.77,1.639603611,4.050666612,3.602887731,,,2.6516043955363986,3.0436900144068253
342.7883545,1.98,4.2,3.77,1.639603611,4.050666612,3.602887731,,,2.6516043955363986,3.0436900144068253
342.8386168,1.98,4.2,3.77,1.639603611,4.050666612,3.602887731,,,2.6516043955363986,3.0436900144068253
342.8889372,1.98,4.2,3.77,1.639603611,4.050666612,3.602887731,,,2.6516043955363986,3.0436900144068253
342.9392871,1.98,4.43,3.73,1.639603611,4.288682781,3.561011092,,,2.9026923075493256,3.136079430947686
342.9896271,1.99,4.43,3.73,1.651665826,4.288682781,3.561011092,,,2.9026923075493256,3.131764213602901
343.0399664,1.99,4.43,3.73,1.651665826,4.288682781,3.561011092,,,2.9026923075493256,3.131764213602901
343.0903288,2.05,4.45,3.71,1.723484842,4.309338696,3.540056497,,,2.9385604389990188,3.107098566517789
343.1406455,2.05,4.45,3.71,1.723484842,4.309338696,3.540056497,,,2.9385604389990188,3.107098566517789
343.1908171,2.05,4.45,3.71,1.723484842,4.309338696,3.540056497,,,2.9385604389990188,3.107098566517789
343.2411764,2.05,4.45,3.64,1.723484842,4.309338696,3.466626602,,,2.9950989010053752,3.079320974314666
343.2913102,2.05,4.45,3.64,1.723484842,4.309338696,3.466626602,,,2.9950989010053752,3.079320974314666
343.3414892,2.05,4.45,3.64,1.723484842,4.309338696,3.466626602,,,2.9950989010053752,3.079320974314666
343.3918258,2.0,4.45,3.7,1.663700694,4.309338696,3.529575045,,,2.9467032965446407,3.1251088149179487
343.4421565,2.0,4.45,3.7,1.663700694,4.309338696,3.529575045,,,2.9467032965446407,3.1251088149179487
343.4924852,2.0,4.41,3.7,1.663700694,4.268020619,3.529575045,,,2.9077582424090536,3.105720951011319
343.5428209,1.98,4.41,3.67,1.639603611,4.268020619,3.498113777,,,2.9320549458650476,3.102436048662488
343.5931581,1.98,4.41,3.67,1.639603611,4.268020619,3.498113777,,,2.9320549458650476,3.102436048662488
343.6434735,1.98,4.49,3.67,1.639603611,4.350632138,3.498113777,,,3.0102967036660715,3.1413868367851707
343.6937954,1.99,4.49,3.63,1.651665826,4.350632138,3.456124998,,,3.042384615208566,3.121306688986899
343.7441363,1.99,4.49,3.63,1.651665826,4.350632138,3.456124998,,,3.042384615208566,3.121306688986899
343.7944649,1.99,4.47,3.62,1.651665826,4.329988453,3.445620409,,,3.03065934068088,3.107589106789076
343.8448095,1.99,4.47,3.62,1.651665826,4.329988453,3.445620409,,,3.03065934068088,3.107589106789076
343.8951515,1.99,4.47,3.62,1.651665826,4.329988453,3.445620409,,,3.03065934068088,3.107589106789076
343.9454906,1.99,4.47,3.62,1.651665826,4.329988453,3.445620409,,,3.03065934068088,3.107589106789076
343.9957885,1.99,4.47,3.62,1.651665826,4.329988453,3.445620409,,,3.03065934068088,3.107589106789076
344.0459333,1.99,4.47,3.62,1.651665826,4.329988453,3.445620409,,,3.03065934068088,3.107589106789076
344.0963036,2.02,4.53,3.62,1.68769073,4.391901638,3.445620409,,,3.0899999994450282,3.124054347853003
344.1466267,2.02,4.53,3.62,1.68769073,4.391901638,3.445620409,,,3.0899999994450282,3.124054347853003
344.1969511,2.02,4.53,3.62,1.68769073,4.391901638,3.445620409,,,3.0899999994450282,3.124054347853003
344.2473137,2.04,4.57,3.63,1.711578219,4.433147866,3.456124998,,,3.122032967035148,3.139055542507203
344.2975181,2.04,4.57,3.63,1.711578219,4.433147866,3.456124998,,,3.122032967035148,3.139055542507203
344.3478171,2.04,4.57,3.63,1.711578219,4.433147866,3.456124998,,,3.122032967035148,3.139055542507203
344.3981565,2.06,4.57,3.64,1.735367396,4.433147866,3.466626602,,,3.114043956497394,3.1340675347122082
344.448457,2.06,4.57,3.64,1.735367396,4.433147866,3.466626602,,,3.114043956497394,3.1340675347122082
344.4987857,2.06,4.59,3.64,1.735367396,4.453762454,3.466626602,,,3.1341758240622015,3.1440897035651214
344.5491377,2.02,4.59,3.6,1.68769073,4.453762454,3.424602167,,,3.165999999388901,3.1461934781841667
344.5994553,2.02,4.59,3.6,1.68769073,4.453762454,3.424602167,,,3.165999999388901,3.1461934781841667
344.6496812,2.02,4.57,3.6,1.68769073,4.433147866,3.424602167,,,3.1458681318240935,3.136171309331252
344.6999775,2.06,4.57,3.63,1.735367396,4.433147866,3.456124998,,,3.122032967035148,3.1301424991001805
344.7503337,2.06,4.57,3.63,1.735367396,4.433147866,3.456124998,,,3.122032967035148,3.1301424991001805
344.8006831,2.06,4.53,3.61,1.735367396,4.391901638,3.435112807,,,3.0979450550606225,3.1024117771623096
344.8510105,2.05,4.53,3.61,1.723484842,4.391901638,3.435112807,,,3.0979450550606225,3.106879168303186
344.9013451,2.05,4.53,3.61,1.723484842,4.391901638,3.435112807,,,3.0979450550606225,3.106879168303186
344.951664,2.05,4.41,3.62,1.723484842,4.268020619,3.445620409,,,2.9721098902518475,3.0520938369203288
345.0020089,2.06,4.41,3.62,1.735367396,4.268020619,3.445620409,,,2.9721098902518475,3.0476264457794526
345.0523199,2.06,4.41,3.62,1.735367396,4.268020619,3.445620409,,,2.9721098902518475,3.0476264457794526
345.1026703,2.11,4.43,3.6,1.794435844,4.288682781,3.424602167,,,3.007406592728,3.0268393694221025
345.1530115,2.11,4.43,3.6,1.794435844,4.288682781,3.424602167,,,3.007406592728,3.0268393694221025
345.2033472,2.11,4.43,3.6,1.794435844,4.288682781,3.424602167,,,3.007406592728,3.0268393694221025
345.2535144,2.11,4.43,3.6,1.794435844,4.288682781,3.424602167,3,3.0,3.007406592728,3.0268393694221025
345.303843,2.11,4.43,3.6,1.794435844,4.288682781,3.424602167,,,3.007406592728,3.0268393694221025
345.3541765,2.11,4.43,3.6,1.794435844,4.288682781,3.424602167,,,3.007406592728,3.0268393694221025
345.4045098,2.14,4.41,3.6,1.829617446,4.268020619,3.424602167,,,2.987978022196488,3.0033086244753755
345.4548065,2.14,4.41,3.6,1.829617446,4.268020619,3.424602167,,,2.987978022196488,3.0033086244753755
345.5051372,2.14,4.4,3.6,1.829617446,4.257687166,3.424602167,,,2.978296703439562,2.9984890114420355
345.555465,2.1,4.4,3.54,1.782666542,4.257687166,3.361472891,,,3.0253736270981557,2.993794696638176
345.6057949,2.1,4.4,3.54,1.782666542,4.257687166,3.361472891,,,3.0253736270981557,2.993794696638176
345.6559882,2.1,4.38,3.54,1.782666542,4.237015459,3.361472891,,,3.0060769233930857,2.9841882941415214
345.7063226,2.11,4.38,3.55,1.794435844,4.237015459,3.372002372,,,2.99828571461883,2.983440062119117
345.7565645,2.11,4.38,3.55,1.794435844,4.237015459,3.372002372,,,2.99828571461883,2.983440062119117
345.8068514,2.11,4.32,3.56,1.794435844,4.174961078,3.38252864,,,2.933109890373041,2.9587220978366067
345.8570119,2.13,4.32,3.56,1.817910889,4.174961078,3.38252864,,,2.933109890373041,2.94950470630261
345.9073523,2.13,4.32,3.56,1.817910889,4.174961078,3.38252864,,,2.933109890373041,2.94950470630261
345.9577014,2.13,4.3,3.54,1.817910889,4.154262871,3.361472891,,,2.929769231257282,2.9324068560588565
346.0078023,2.13,4.3,3.54,1.817910889,4.154262871,3.361472891,,,2.929769231257282,2.9324068560588565
346.0579069,2.13,4.3,3.54,1.817910889,4.154262871,3.361472891,,,2.929769231257282,2.9324068560588565
346.1080267,2.17,4.24,3.56,1.864617923,4.092126587,3.38252864,,,2.8578571432540683,2.8933462736685924
346.1583595,2.17,4.24,3.56,1.864617923,4.092126587,3.38252864,,,2.8578571432540683,2.8933462736685924
346.2084646,2.17,4.24,3.56,1.864617923,4.092126587,3.38252864,,,2.8578571432540683,2.8933462736685924
346.2586116,2.18,4.2,3.53,1.876246252,4.050666612,3.350940167,,,2.844131867995337,2.8586656478357155
346.3089152,2.18,4.2,3.53,1.876246252,4.050666612,3.350940167,,,2.844131867995337,2.8586656478357155
346.3593004,2.18,4.2,3.53,1.876246252,4.050666612,3.350940167,,,2.844131867995337,2.8586656478357155
346.4096543,2.16,4.3,3.52,1.852970588,4.154262871,3.340404167,,,2.9452857145558458,2.910794409954747
346.4599853,2.16,4.3,3.52,1.852970588,4.154262871,3.340404167,,,2.9452857145558458,2.910794409954747
346.5103361,2.16,4.3,3.52,1.852970588,4.154262871,3.340404167,,,2.9452857145558458,2.910794409954747
346.5606769,2.2,4.32,3.49,1.899447288,4.174961078,3.308776209,,,2.987340659513243,2.889915241513533
346.6110092,2.2,4.32,3.49,1.899447288,4.174961078,3.308776209,,,2.987340659513243,2.889915241513533
346.6611945,2.2,4.24,3.49,1.899447288,4.092126587,3.308776209,,,2.9120879123942705,2.852452460882566
346.71154,2.2,4.24,3.51,1.899447288,4.092126587,3.329864862,,,2.8967032972362627,2.8600109891993264
346.7616583,2.2,4.24,3.51,1.899447288,4.092126587,3.329864862,,,2.8967032972362627,2.8600109891993264
346.8119791,2.2,4.24,3.51,1.899447288,4.092126587,3.329864862,,,2.8967032972362627,2.8600109891993264
346.8621769,2.2,4.24,3.46,1.899447288,4.092126587,3.277117636,,,2.9350000004230816,2.8411956524162374
346.9125073,2.2,4.24,3.46,1.899447288,4.092126587,3.277117636,,,2.9350000004230816,2.8411956524162374
346.962834,2.2,4.24,3.46,1.899447288,4.092126587,3.277117636,,,2.9350000004230816,2.8411956524162374
347.0131748,2.2,4.24,3.46,1.899447288,4.092126587,3.277117636,,,2.9350000004230816,2.8411956524162374
347.0633262,2.2,4.24,3.46,1.899447288,4.092126587,3.277117636,,,2.9350000004230816,2.8411956524162374
347.1136634,2.2,4.11,3.43,1.899447288,3.957271787,3.245427553,,,2.838428570814792,2.770652484370952
347.1637892,2.24,4.11,3.43,1.945636143,3.957271787,3.245427553,,,2.838428570814792,2.751348136429935
347.2140907,2.24,4.11,3.43,1.945636143,3.957271787,3.245427553,,,2.838428570814792,2.751348136429935
347.2642354,2.24,4.07,3.48,1.945636143,3.91571194,3.298226796,,,2.7645054944182568,2.752101647971752
347.3144888,2.24,4.07,3.48,1.945636143,3.91571194,3.298226796,,,2.7645054944182568,2.752101647971752
347.3646335,2.24,4.07,3.48,1.945636143,3.91571194,3.298226796,,,2.7645054944182568,2.752101647971752
347.414883,2.24,4.16,3.44,1.945636143,4.009176973,3.255994472,,,2.876318681224053,2.7776782131253044
347.4650022,2.24,4.16,3.44,1.945636143,4.009176973,3.255994472,,,2.876318681224053,2.7776782131253044
347.5151394,2.24,4.16,3.44,1.945636143,4.009176973,3.255994472,,,2.876318681224053,2.7776782131253044
347.5652953,2.25,4.03,3.46,1.957140772,3.874119255,3.277117636,,,2.744153846349399,2.722002675547578
347.615482,2.25,4.03,3.46,1.957140772,3.874119255,3.277117636,,,2.744153846349399,2.722002675547578
347.6656251,2.25,4.03,3.46,1.957140772,3.874119255,3.277117636,,,2.744153846349399,2.722002675547578
347.7157691,2.28,4.03,3.45,1.99155718,3.874119255,3.266557821,,,2.751747253189614,2.703500262645125
347.7659155,2.28,4.03,3.45,1.99155718,3.874119255,3.266557821,,,2.751747253189614,2.703500262645125
347.81606,2.28,4.05,3.45,1.99155718,3.894919768,3.266557821,,,2.76950549463966,2.7123407784974307
347.866201,2.27,4.05,3.45,1.980101008,3.894919768,3.266557821,,,2.76950549463966,2.7172864305981843
347.9165154,2.27,4.05,3.45,1.980101008,3.894919768,3.266557821,,,2.76950549463966,2.7172864305981843
347.9666117,2.27,3.95,3.4,1.980101008,3.790831043,3.213705027,,,2.7192307687920216,2.655030099972817
348.0167507,2.31,3.95,3.4,2.025833162,3.790831043,3.213705027,,,2.7192307687920216,2.6351170566710445
348.066894,2.31,3.95,3.4,2.025833162,3.790831043,3.213705027,,,2.7192307687920216,2.6351170566710445
348.1170362,2.31,3.91,3.44,2.025833162,3.749133233,3.255994472,,,2.654615384295657,2.632688963207581
348.1673683,2.32,3.91,3.44,2.03722851,3.749133233,3.255994472,,,2.654615384295657,2.6276563543273745
348.2175061,2.32,3.91,3.44,2.03722851,3.749133233,3.255994472,,,2.654615384295657,2.6276563543273745
348.2677396,2.32,3.93,3.41,2.03722851,3.769986737,3.224282866,,,2.6944285711181024,2.6251394406244852
348.3178331,2.32,3.93,3.41,2.03722851,3.769986737,3.224282866,,,2.6944285711181024,2.6251394406244852
348.3679179,2.32,3.93,3.41,2.03722851,3.769986737,3.224282866,,,2.6944285711181024,2.6251394406244852
348.4180044,2.32,3.97,3.42,2.03722851,3.811666302,3.234857029,,,2.7216483516188625,2.6461140702748125
348.4680902,2.32,3.97,3.42,2.03722851,3.811666302,3.234857029,,,2.7216483516188625,2.6461140702748125
348.5181805,2.32,3.97,3.42,2.03722851,3.811666302,3.234857029,,,2.7216483516188625,2.6461140702748125
348.5683417,2.37,3.9,3.39,2.093991404,3.738702984,3.203123476,,,2.6835604395679318,2.5794572625758216
348.6184869,2.37,3.9,3.39,2.093991404,3.738702984,3.203123476,,,2.6835604395679318,2.5794572625758216
348.6686233,2.37,3.9,3.39,2.093991404,3.738702984,3.203123476,,,2.6835604395679318,2.5794572625758216
348.7189812,2.37,3.78,3.4,2.093991404,3.613350246,3.213705027,,,2.574824175791559,2.5327059484417953
348.7693452,2.37,3.78,3.4,2.093991404,3.613350246,3.213705027,,,2.574824175791559,2.5327059484417953
348.8196835,2.37,3.91,3.4,2.093991404,3.749133233,3.213705027,,,2.68468131848571,2.5873956999134493
348.8698269,2.4,3.91,3.39,2.127886275,3.749133233,3.203123476,,,2.692142856734363,2.5681754659796026
348.9199574,2.4,3.91,3.39,2.127886275,3.749133233,3.203123476,,,2.692142856734363,2.5681754659796026
348.9700911,2.4,3.78,3.39,2.127886275,3.613350246,3.203123476,,,2.582285714040213,2.513485714507948
349.0204211,2.45,3.78,3.41,2.184124539,3.613350246,3.224282866,,,2.5673406593722077,2.4944695889178172
349.0705641,2.45,3.78,3.41,2.184124539,3.613350246,3.224282866,,,2.5673406593722077,2.4944695889178172
349.1209091,2.45,3.81,3.37,2.184124539,3.644722212,3.181949088,,,2.622164835606829,2.4922842330262336
349.1712455,2.43,3.81,3.37,2.161666024,3.644722212,3.181949088,,,2.622164835606829,2.5028929289551454
349.2215618,2.43,3.81,3.37,2.161666024,3.644722212,3.181949088,,,2.622164835606829,2.5028929289551454
349.2717186,2.43,3.7,3.42,2.161666024,3.529575045,3.234857029,,,2.494076923100664,2.476029598538672
349.3221005,2.46,3.7,3.42,2.195335965,3.529575045,3.234857029,,,2.494076923100664,2.4600839463749207
349.3722447,2.46,3.7,3.42,2.195335965,3.529575045,3.234857029,,,2.494076923100664,2.4600839463749207
349.4224206,2.48,3.7,3.39,2.217724059,3.529575045,3.203123476,,,2.5165274720642232,2.438314763335764
349.4727428,2.48,3.7,3.39,2.217724059,3.529575045,3.203123476,,,2.5165274720642232,2.438314763335764
349.5229308,2.48,3.7,3.39,2.217724059,3.529575045,3.203123476,,,2.5165274720642232,2.438314763335764
349.5732917,2.52,3.7,3.41,2.262366018,3.529575045,3.224282866,,,2.5015824173962176,2.4239182035059432
349.6236135,2.52,3.7,3.41,2.262366018,3.529575045,3.224282866,,,2.5015824173962176,2.4239182035059432
349.673949,2.52,3.7,3.41,2.262366018,3.529575045,3.224282866,,,2.5015824173962176,2.4239182035059432
349.7243106,2.51,3.65,3.36,2.25122189,3.477125249,3.171356177,,,2.49839560393816,2.39100563798018
349.7746583,2.51,3.65,3.36,2.25122189,3.477125249,3.171356177,,,2.49839560393816,2.39100563798018
349.8247991,2.51,3.55,3.36,2.25122189,3.372002372,3.171356177,,,2.4192747247667663,2.351617200305725
349.8750805,2.54,3.55,3.37,2.284622507,3.372002372,3.181949088,,,2.4118791206757795,2.338783301285668
349.9252242,2.54,3.55,3.37,2.284622507,3.372002372,3.181949088,,,2.4118791206757795,2.338783301285668
349.9755675,2.54,3.55,3.37,2.284622507,3.372002372,3.181949088,,,2.4118791206757795,2.338783301285668
350.0257269,2.54,3.55,3.37,2.284622507,3.372002372,3.181949088,,,2.4118791206757795,2.338783301285668
350.0760701,2.54,3.55,3.37,2.284622507,3.372002372,3.181949088,,,2.4118791206757795,2.338783301285668
350.1262245,2.54,3.48,3.35,2.284622507,3.298226796,3.160759402,,,2.372571428628684,2.304606210973892
350.1763865,2.57,3.48,3.35,2.317930111,3.298226796,3.160759402,,,2.372571428628684,2.2879431674967714
350.2267168,2.57,3.48,3.35,2.317930111,3.298226796,3.160759402,,,2.372571428628684,2.2879431674967714
350.2770351,2.57,3.46,3.37,2.317930111,3.277117636,3.181949088,,,2.3425494507206808,2.287606139504813
350.3273667,2.57,3.46,3.37,2.317930111,3.277117636,3.181949088,,,2.3425494507206808,2.287606139504813
350.3777058,2.57,3.46,3.37,2.317930111,3.277117636,3.181949088,,,2.3425494507206808,2.287606139504813
350.4278981,2.6,3.43,3.35,2.351148655,3.245427553,3.160759402,,,2.334604396092326,2.252183492774559
350.4782417,2.6,3.43,3.35,2.351148655,3.245427553,3.160759402,,,2.334604396092326,2.252183492774559
350.5283438,2.6,3.43,3.35,2.351148655,3.245427553,3.160759402,,,2.334604396092326,2.252183492774559
350.5786855,2.62,3.39,3.41,2.373246721,3.203123476,3.224282866,,,2.2600549453319942,2.2478099620504843
350.6290248,2.62,3.39,3.41,2.373246721,3.203123476,3.224282866,,,2.2600549453319942,2.2478099620504843
350.679219,2.62,3.39,3.41,2.373246721,3.203123476,3.224282866,,,2.2600549453319942,2.2478099620504843
350.7295617,2.66,3.39,3.38,2.417333241,3.203123476,3.192538175,,,2.2824395608428563,2.2138557814618527
350.7798805,2.66,3.39,3.38,2.417333241,3.203123476,3.192538175,,,2.2824395608428563,2.2138557814618527
350.830025,2.66,3.39,3.38,2.417333241,3.203123476,3.192538175,,,2.2824395608428563,2.2138557814618527
350.8802067,2.65,3.34,3.36,2.406324999,3.150158726,3.171356177,,,2.2602747250107567,2.1939411131666273
350.9305341,2.65,3.34,3.36,2.406324999,3.150158726,3.171356177,,,2.2602747250107567,2.1939411131666273
350.9807098,2.65,3.28,3.36,2.406324999,3.086470476,3.171356177,,,2.2166263733872102,2.1722118250757747
351.0307893,2.71,3.28,3.41,2.472245942,3.086470476,3.224282866,,,2.179428571344889,2.155530745544054
351.0809448,2.71,3.28,3.41,2.472245942,3.086470476,3.224282866,,,2.179428571344889,2.155530745544054
351.1312963,2.71,3.29,3.41,2.472245942,3.097095413,3.224282866,,,2.186648351345546,2.159124940370468
351.1815555,2.72,3.29,3.39,2.483203576,3.097095413,3.203123476,,,2.201593406013551,2.145880195889695
351.2318804,2.72,3.29,3.39,2.483203576,3.097095413,3.203123476,,,2.201593406013551,2.145880195889695
351.2821925,2.72,3.33,3.37,2.483203576,3.139554108,3.181949088,,,2.2455494503775433,2.153067008858043
351.3323609,2.72,3.33,3.37,2.483203576,3.139554108,3.181949088,,,2.2455494503775433,2.153067008858043
351.3826732,2.72,3.33,3.37,2.483203576,3.139554108,3.181949088,,,2.2455494503775433,2.153067008858043
351.4329949,2.72,3.2,3.4,2.483203576,3.001316378,3.213705027,,,2.12994505497648,2.117592212228061
351.4833224,2.75,3.2,3.4,2.516028617,3.001316378,3.213705027,,,2.12994505497648,2.099755255521132
351.5335093,2.75,3.2,3.4,2.516028617,3.001316378,3.213705027,,,2.12994505497648,2.099755255521132
351.5838531,2.79,3.21,3.4,2.559687481,3.011976096,3.213705027,,,2.136989011242893,2.0791749643118913
351.6341912,2.79,3.21,3.4,2.559687481,3.011976096,3.213705027,,,2.136989011242893,2.0791749643118913
351.684356,2.79,3.21,3.4,2.559687481,3.011976096,3.213705027,,,2.136989011242893,2.0791749643118913
351.7345622,2.83,3.26,3.41,2.603228764,3.065207986,3.224282866,,,2.165054944775495,2.0761143097104315
351.7847552,2.83,3.26,3.41,2.603228764,3.065207986,3.224282866,,,2.165054944775495,2.0761143097104315
351.8348982,2.83,3.26,3.41,2.603228764,3.065207986,3.224282866,,,2.165054944775495,2.0761143097104315
351.8850095,2.82,3.2,3.42,2.592354142,3.001316378,3.234857029,,,2.1149560442615747,2.0647389873091484
351.9353424,2.82,3.2,3.42,2.592354142,3.001316378,3.234857029,,,2.1149560442615747,2.0647389873091484
351.9855289,2.82,3.15,3.42,2.592354142,2.947948439,3.234857029,,,2.0800659341683327,2.047369780327947
352.0356125,2.88,3.15,3.41,2.657498824,2.947948439,3.224282866,,,2.0875714284638858,2.00650838508526
352.0859265,2.88,3.15,3.41,2.657498824,2.947948439,3.224282866,,,2.0875714284638858,2.00650838508526
352.1362955,2.88,3.14,3.41,2.657498824,2.937260629,3.224282866,,,2.080659340955198,2.0030673676081086
352.1865181,2.86,3.14,3.35,2.635811071,2.937260629,3.160759402,,,2.1252307698178106,1.9936474914229134
352.236848,2.86,3.14,3.35,2.635811071,2.937260629,3.160759402,,,2.1252307698178106,1.9936474914229134
352.2869421,2.86,3.12,3.37,2.635811071,2.915870367,3.181949088,,,2.096703296541174,1.994054466823526
352.3371328,2.88,3.12,3.37,2.657498824,2.915870367,3.181949088,,,2.096703296541174,1.9815762062196989
352.3874549,2.88,3.12,3.37,2.657498824,2.915870367,3.181949088,,,2.096703296541174,1.9815762062196989
352.4377828,2.88,3.06,3.41,2.657498824,2.85157851,3.224282866,,,2.0261538460123782,1.975933110343096
352.4880661,2.89,3.06,3.41,2.668332813,2.85157851,3.224282866,,,2.0261538460123782,1.9696613710636275
352.5383967,2.89,3.06,3.41,2.668332813,2.85157851,3.224282866,,,2.0261538460123782,1.9696613710636275
352.5884903,2.94,3.05,3.44,2.722407023,2.840844945,3.255994472,,,1.9968571428392852,1.9457288822846477
352.6388213,2.94,3.05,3.44,2.722407023,2.840844945,3.255994472,,,1.9968571428392852,1.9457288822846477
352.6889199,2.94,3.05,3.44,2.722407023,2.840844945,3.255994472,,,1.9968571428392852,1.9457288822846477
352.7392869,2.96,3.0,3.38,2.74399344,2.787095262,3.192538175,,,2.008582417651705,1.8942616818384894
352.7896199,2.96,3.0,3.38,2.74399344,2.787095262,3.192538175,,,2.008582417651705,1.8942616818384894
352.8399608,2.96,3.0,3.38,2.74399344,2.787095262,3.192538175,,,2.008582417651705,1.8942616818384894
352.8901464,2.97,2.92,3.42,2.754777668,2.700796179,3.234857029,,,1.9266483519154167,1.8765923314925868
352.9404778,2.97,2.92,3.42,2.754777668,2.700796179,3.234857029,,,1.9266483519154167,1.8765923314925868
352.9907978,2.97,2.92,3.42,2.754777668,2.700796179,3.234857029,,,1.9266483519154167,1.8765923314925868
353.0411212,2.97,2.92,3.42,2.754777668,2.700796179,3.234857029,,,1.9266483519154167,1.8765923314925868
353.0914106,2.97,2.92,3.42,2.754777668,2.700796179,3.234857029,,,1.9266483519154167,1.8765923314925868
353.1417518,2.97,2.89,3.42,2.754777668,2.668332813,3.234857029,,,1.9074945058089872,1.8670570472352557
353.1918893,3.0,2.89,3.41,2.787095262,2.668332813,3.224282866,,,1.9150000001045404,1.8439021740214265
353.2422278,3.0,2.89,3.41,2.787095262,2.668332813,3.224282866,,,1.9150000001045404,1.8439021740214265
353.2925662,3.0,2.86,3.41,2.787095262,2.635811071,3.224282866,,,1.8960439562664828,1.8344653608933497
353.3427249,3.02,2.86,3.49,2.808611757,2.635811071,3.308776209,,,1.8353846154683247,1.8511806020142076
353.3930394,3.02,2.86,3.49,2.808611757,2.635811071,3.308776209,,,1.8353846154683247,1.8511806020142076
353.4433794,3.02,2.84,3.49,2.808611757,2.614096402,3.308776209,,,1.8228571426049376,1.844944099219174
353.4935608,3.05,2.84,3.49,2.840844945,2.614096402,3.308776209,,,1.8228571426049376,1.8251506209611927
353.5438661,3.05,2.84,3.49,2.840844945,2.614096402,3.308776209,,,1.8228571426049376,1.8251506209611927
353.5941952,3.05,2.79,3.49,2.840844945,2.559687481,3.308776209,,,1.7919230768289793,1.8097508360422914
353.64433,3.07,2.79,3.49,2.862306762,2.559687481,3.308776209,,,1.7919230768289793,1.7964464884054583
353.6945073,3.07,2.79,3.49,2.862306762,2.559687481,3.308776209,,,1.7919230768289793,1.7964464884054583
353.7448263,3.11,2.84,3.48,2.905167809,2.614096402,3.298226796,,,1.830516483637024,1.7812136407021883
353.7950008,3.11,2.84,3.48,2.905167809,2.614096402,3.298226796,,,1.830516483637024,1.7812136407021883
353.8451394,3.11,2.84,3.48,2.905167809,2.614096402,3.298226796,,,1.830516483637024,1.7812136407021883
353.895459,3.1,2.84,3.51,2.894460226,2.614096402,3.329864862,,,1.80747252744693,1.7992852364123098
353.9456003,3.1,2.84,3.51,2.894460226,2.614096402,3.329864862,,,1.80747252744693,1.7992852364123098
353.9957868,3.1,2.84,3.51,2.894460226,2.614096402,3.329864862,,,1.80747252744693,1.7992852364123098
354.0461214,3.13,2.85,3.52,2.926567956,2.624957143,3.340404167,,,1.8060000004039294,1.7858782608342327
354.0964111,3.13,2.85,3.52,2.926567956,2.624957143,3.340404167,,,1.8060000004039294,1.7858782608342327
354.1465975,3.13,2.73,3.52,2.926567956,2.494153163,3.340404167,,,1.7324175825925208,1.7492470137063796
354.1969362,3.16,2.73,3.46,2.95863144,2.494153163,3.277117636,,,1.7784395604747993,1.7061253466739497
354.2472815,3.16,2.73,3.46,2.95863144,2.494153163,3.277117636,,,1.7784395604747993,1.7061253466739497
354.2974624,3.16,2.71,3.46,2.95863144,2.472245942,3.277117636,,,1.7664835162146413,1.700173315944436
354.3477962,3.19,2.71,3.48,2.990652103,2.472245942,3.298226796,,,1.7512307692179165,1.6869605347491479
354.3981249,3.19,2.71,3.48,2.990652103,2.472245942,3.298226796,,,1.7512307692179165,1.6869605347491479
354.4483208,3.19,2.65,3.5,2.990652103,2.406324999,3.31932222,,,1.7005494506183096,1.6769039655260074
354.4986473,3.22,2.65,3.5,3.022631304,2.406324999,3.31932222,,,1.7005494506183096,1.6560017917496577
354.5489694,3.22,2.65,3.5,3.022631304,2.406324999,3.31932222,,,1.7005494506183096,1.6560017917496577
354.599151,3.22,2.63,3.52,3.022631304,2.384281863,3.340404167,,,1.673516483881295,1.6578049451267998
354.6494816,3.23,2.63,3.52,3.033282051,2.384281863,3.340404167,,,1.673516483881295,1.6507940754531008
354.6998213,3.23,2.63,3.52,3.033282051,2.384281863,3.340404167,,,1.673516483881295,1.6507940754531008
354.7500144,3.24,2.61,3.49,3.043928383,2.362202362,3.308776209,,,1.6851098898674688,1.6266742713048288
354.8003402,3.24,2.61,3.49,3.043928383,2.362202362,3.308776209,,,1.6851098898674688,1.6266742713048288
354.8505235,3.24,2.61,3.49,3.043928383,2.362202362,3.308776209,,,1.6851098898674688,1.6266742713048288
354.9006418,3.25,2.64,3.53,3.054570346,2.395307913,3.350940167,,,1.6715604390402665,1.6433963929299837
354.9509805,3.25,2.64,3.53,3.054570346,2.395307913,3.350940167,,,1.6715604390402665,1.6433963929299837
355.0013055,3.25,2.64,3.53,3.054570346,2.395307913,3.350940167,,,1.6715604390402665,1.6433963929299837
355.0516271,3.28,2.71,3.54,3.086470476,2.472245942,3.361472891,,,1.7049450550337988,1.6464074293220685
355.1018126,3.28,2.71,3.54,3.086470476,2.472245942,3.361472891,,,1.7049450550337988,1.6464074293220685
355.1519037,3.28,2.67,3.54,3.086470476,2.428332761,3.361472891,,,1.6812967034305477,1.63463466298045
355.2021836,3.27,2.67,3.53,3.075841348,2.428332761,3.350940167,,,1.6890659335529552,1.6379371717847897
355.2524944,3.27,2.67,3.53,3.075841348,2.428332761,3.350940167,,,1.6890659335529552,1.6379371717847897
355.3028315,3.27,2.62,3.53,3.075841348,2.373246721,3.350940167,,,1.659999999552007,1.6234673915973612
355.3529494,3.33,2.62,3.54,3.139554108,2.373246721,3.361472891,,,1.6522307694295992,1.5842409699843247
355.4033097,3.33,2.62,3.54,3.139554108,2.373246721,3.361472891,,,1.6522307694295992,1.5842409699843247
355.453482,3.33,2.5,3.54,3.139554108,2.240066963,3.361472891,,,1.584714285911664,1.5506295031895263
355.5038128,3.31,2.5,3.57,3.118332888,2.240066963,3.393051724,,,1.56127472494337,1.5765802436519116
355.5541479,3.31,2.5,3.57,3.118332888,2.240066963,3.393051724,,,1.56127472494337,1.5765802436519116
355.6044953,3.31,2.51,3.55,3.118332888,2.25122189,3.372002372,,,1.582428571565005,1.5716329189303182
355.6548081,3.3,2.51,3.55,3.107716203,2.25122189,3.372002372,,,1.582428571565005,1.5788177017557188
355.7051359,3.3,2.51,3.55,3.107716203,2.25122189,3.372002372,,,1.582428571565005,1.5788177017557188
355.7553584,3.3,2.44,3.6,3.107716203,2.172901286,3.424602167,,,1.5050659336790502,1.5791632587046096
355.8056555,3.38,2.44,3.6,3.192538175,2.172901286,3.424602167,,,1.5050659336790502,1.521076302134654
355.8559941,3.38,2.44,3.6,3.192538175,2.172901286,3.424602167,,,1.5050659336790502,1.521076302134654
355.9063311,3.38,2.43,3.6,3.192538175,2.161666024,3.424602167,,,1.4997142853950407,1.5184121120106575
355.9566735,3.38,2.43,3.6,3.192538175,2.161666024,3.424602167,,,1.4997142853950407,1.5184121120106575
356.0067607,3.38,2.43,3.6,3.192538175,2.161666024,3.424602167,,,1.4997142853950407,1.5184121120106575
356.0570923,3.38,2.43,3.6,3.192538175,2.161666024,3.424602167,,,1.4997142853950407,1.5184121120106575
356.107418,3.38,2.43,3.6,3.192538175,2.161666024,3.424602167,,,1.4997142853950407,1.5184121120106575
356.1576638,3.38,2.43,3.6,3.192538175,2.161666024,3.424602167,,,1.4997142853950407,1.5184121120106575
356.2080045,3.43,2.31,3.59,3.245427553,2.025833162,3.414088458,,,1.445109890242868,1.446402532020607
356.2583432,3.43,2.31,3.59,3.245427553,2.025833162,3.414088458,,,1.445109890242868,1.446402532020607
356.3084814,3.43,2.31,3.59,3.245427553,2.025833162,3.414088458,,,1.445109890242868,1.446402532020607
356.3588321,3.43,2.31,3.6,3.245427553,2.025833162,3.424602167,,,1.4372087909931668,1.4502843764345907
356.4091677,3.43,2.31,3.6,3.245427553,2.025833162,3.424602167,,,1.4372087909931668,1.4502843764345907
356.4595177,3.43,2.25,3.6,3.245427553,1.957140772,3.424602167,,,1.4071428570553468,1.4353167701916325
356.5099282,3.47,2.25,3.65,3.28767395,1.957140772,3.477125249,,,1.3673076927682903,1.4248879596308133
356.5601485,3.47,2.25,3.65,3.28767395,1.957140772,3.477125249,,,1.3673076927682903,1.4248879596308133
356.6103146,3.47,2.24,3.64,3.28767395,1.945636143,3.466626602,,,1.3703846157421813,1.4184958191613752
356.6606328,3.5,2.24,3.64,3.31932222,1.945636143,3.466626602,,,1.3703846157421813,1.3957675584356006
356.7109705,3.5,2.24,3.64,3.31932222,1.945636143,3.466626602,,,1.3703846157421813,1.3957675584356006
356.7613114,3.5,2.17,3.62,3.31932222,1.864617923,3.445620409,,,1.3524175819621433,1.3710404921867625
356.8114698,3.48,2.17,3.62,3.298226796,1.864617923,3.445620409,,,1.3524175819621433,1.386214405483861
356.8617964,3.48,2.17,3.62,3.298226796,1.864617923,3.445620409,,,1.3524175819621433,1.386214405483861
356.9119919,3.55,2.17,3.62,3.372002372,1.864617923,3.445620409,,,1.3524175819621433,1.332725275166339
356.9623339,3.55,2.17,3.62,3.372002372,1.864617923,3.445620409,,,1.3524175819621433,1.332725275166339
357.0124671,3.55,2.17,3.62,3.372002372,1.864617923,3.445620409,,,1.3524175819621433,1.332725275166339
357.0626778,3.61,2.04,3.62,3.435112807,1.711578219,3.445620409,,,1.29227472492724,1.2560889398118114
357.1130187,3.61,2.04,3.62,3.435112807,1.711578219,3.445620409,,,1.29227472492724,1.2560889398118114
357.1634107,3.61,2.04,3.62,3.435112807,1.711578219,3.445620409,,,1.29227472492724,1.2560889398118114
357.2137184,3.62,2.08,3.68,3.445620409,1.75906225,3.508603711,,,1.2622527470914382,1.2808932151743948
357.2640539,3.62,2.08,3.68,3.445620409,1.75906225,3.508603711,,,1.2622527470914382,1.2808932151743948
357.3142424,3.62,2.17,3.68,3.445620409,1.864617923,3.508603711,,,1.3042857140582262,1.3018183226426434
357.3645765,3.65,2.17,3.67,3.477125249,1.864617923,3.498113777,,,1.3123626375753437,1.274143573880322
357.4149154,3.65,2.17,3.67,3.477125249,1.864617923,3.498113777,,,1.3123626375753437,1.274143573880322
357.4652795,3.65,2.1,3.67,3.477125249,1.782666542,3.498113777,,,1.2795164838603332,1.2577919017048065
357.5155635,3.65,2.1,3.67,3.477125249,1.782666542,3.498113777,,,1.2795164838603332,1.2577919017048065
357.5658811,3.65,2.1,3.67,3.477125249,1.782666542,3.498113777,,,1.2795164838603332,1.2577919017048065
357.6160713,3.65,2.04,3.7,3.477125249,1.711578219,3.529575045,,,1.2279230770844458,1.256139966750022
357.6663801,3.69,2.04,3.7,3.519090792,1.711578219,3.529575045,,,1.2279230770844458,1.2242269227167748
357.71674,3.69,2.04,3.7,3.519090792,1.711578219,3.529575045,,,1.2279230770844458,1.2242269227167748
357.7670333,3.69,1.98,3.71,3.519090792,1.639603611,3.540056497,,,1.1932747251925633,1.2150324174994203
357.8171522,3.68,1.98,3.71,3.508603711,1.639603611,3.540056497,,,1.1932747251925633,1.2230432872272694
357.867494,3.68,1.98,3.71,3.508603711,1.639603611,3.540056497,,,1.1932747251925633,1.2230432872272694
357.9176357,3.72,1.98,3.71,3.550535171,1.639603611,3.540056497,,,1.1932747251925633,1.1908693742202017
357.9679776,3.72,1.98,3.71,3.550535171,1.639603611,3.540056497,,,1.1932747251925633,1.1908693742202017
358.0183402,3.72,1.98,3.71,3.550535171,1.639603611,3.540056497,,,1.1932747251925633,1.1908693742202017
358.068663,3.73,2.03,3.73,3.561011092,1.699647022,3.561011092,,,1.1989560441809266,1.2017737698205047
358.1189616,3.73,2.03,3.73,3.561011092,1.699647022,3.561011092,,,1.1989560441809266,1.2017737698205047
358.1691072,3.73,2.03,3.73,3.561011092,1.699647022,3.561011092,,,1.1989560441809266,1.2017737698205047
358.2194295,3.77,1.87,3.75,3.602887731,1.504925247,3.581954774,,,1.113945054513914,1.1431052554853034
358.2695447,3.77,1.87,3.75,3.602887731,1.504925247,3.581954774,,,1.113945054513914,1.1431052554853034
358.3196834,3.77,1.91,3.75,3.602887731,1.554348738,3.581954774,,,1.1305604391583295,1.15137682740611
358.3699841,3.79,1.91,3.79,3.62381015,1.554348738,3.62381015,,,1.0974175819867216,1.1512252745107812
358.4203114,3.79,1.91,3.79,3.62381015,1.554348738,3.62381015,,,1.0974175819867216,1.1512252745107812
358.4706437,3.79,1.85,3.79,3.62381015,1.48,3.62381015,,,1.0726263732699972,1.138883564084412
358.520974,3.79,1.85,3.81,3.62381015,1.48,3.644722212,,,1.0559230766322885,1.1470899663455472
358.5713152,3.79,1.85,3.81,3.62381015,1.48,3.644722212,,,1.0559230766322885,1.1470899663455472
358.6216231,3.79,1.85,3.81,3.62381015,1.48,3.644722212,,,1.0559230766322885,1.1470899663455472
358.6717401,3.79,1.85,3.81,3.62381015,1.48,3.644722212,,,1.0559230766322885,1.1470899663455472
358.7218742,3.79,1.85,3.81,3.62381015,1.48,3.644722212,,,1.0559230766322885,1.1470899663455472
358.7720585,3.79,1.74,3.81,3.62381015,1.339962686,3.644722212,,,1.0125274722226547,1.1254865024111858
358.8224043,3.87,1.74,3.81,3.707398009,1.339962686,3.644722212,,,1.0125274722226547,1.0588778074226923
358.8725247,3.87,1.74,3.81,3.707398009,1.339962686,3.644722212,,,1.0125274722226547,1.0588778074226923
358.922859,3.87,1.87,3.82,3.707398009,1.504925247,3.655174414,,,1.0557142859667872,1.0886708075381484
358.9730403,3.9,1.87,3.82,3.738702984,1.504925247,3.655174414,,,1.0557142859667872,1.0633338504258285
359.023365,3.9,1.87,3.82,3.738702984,1.504925247,3.655174414,,,1.0557142859667872,1.0633338504258285
359.073684,3.9,1.87,3.82,3.738702984,1.504925247,3.655174414,,,1.0557142859667872,1.0633338504258285
359.1240538,3.9,1.87,3.82,3.738702984,1.504925247,3.655174414,,,1.0557142859667872,1.0633338504258285
359.1743514,3.9,1.87,3.82,3.738702984,1.504925247,3.655174414,,,1.0557142859667872,1.0633338504258285
359.2245364,3.95,1.74,3.8,3.790831043,1.339962686,3.634267464,,,1.0208901098882792,0.9867692072396566
359.2748829,3.95,1.74,3.8,3.790831043,1.339962686,3.634267464,,,1.0208901098882792,0.9867692072396566
359.3250231,3.95,1.74,3.8,3.790831043,1.339962686,3.634267464,,,1.0208901098882792,0.9867692072396566
359.3751588,3.96,1.72,3.86,3.801249794,1.313887362,3.696958209,,,0.9627802198825087,0.99919928367058
359.4254988,3.96,1.72,3.86,3.801249794,1.313887362,3.696958209,,,0.9627802198825087,0.99919928367058
359.4756393,3.96,1.68,3.86,3.801249794,1.261070973,3.696958209,,,0.9478351648187558,0.9917592453888421
359.5259769,3.94,1.68,3.84,3.780410031,1.261070973,3.676071272,,,0.96475824199115,1.0006187763758418
359.5763326,3.94,1.68,3.84,3.780410031,1.261070973,3.676071272,,,0.96475824199115,1.0006187763758418
359.6265152,3.94,1.67,3.84,3.780410031,1.247717917,3.676071272,,,0.9610769234702328,0.9987861199817326
359.6766561,3.95,1.67,3.84,3.790831043,1.247717917,3.676071272,,,0.9610769234702328,0.9902100336679238
359.7267986,3.95,1.67,3.84,3.790831043,1.247717917,3.676071272,,,0.9610769234702328,0.9902100336679238
359.7769397,3.95,1.73,3.87,3.790831043,1.326951393,3.707398009,,,0.9580769233238985,1.0138578597161034
359.8270568,3.96,1.73,3.87,3.801249794,1.326951393,3.707398009,,,0.9580769233238985,1.005260033649519
359.8773583,3.96,1.73,3.87,3.801249794,1.326951393,3.707398009,,,0.9580769233238985,1.005260033649519
359.9275656,3.96,1.69,3.9,3.801249794,1.274362586,3.738702984,,,0.9174285712116593,1.010361180688572
359.9779176,3.96,1.69,3.9,3.801249794,1.274362586,3.738702984,,,0.9174285712116593,1.010361180688572
360.0282917,3.96,1.69,3.9,3.801249794,1.274362586,3.738702984,,,0.9174285712116593,1.010361180688572
360.0786186,3.96,1.73,3.87,3.801249794,1.326951393,3.707398009,,,0.9580769233238985,1.005260033649519
360.1289588,3.96,1.73,3.87,3.801249794,1.326951393,3.707398009,,,0.9580769233238985,1.005260033649519
360.1793258,3.96,1.73,3.87,3.801249794,1.326951393,3.707398009,,,0.9580769233238985,1.005260033649519
360.2295194,3.97,1.74,3.87,3.811666302,1.339962686,3.707398009,,,0.961890110190678,0.9985387721747949
360.2796326,3.97,1.74,3.87,3.811666302,1.339962686,3.707398009,,,0.961890110190678,0.9985387721747949
360.3297461,3.97,1.74,3.87,3.811666302,1.339962686,3.707398009,,,0.961890110190678,0.9985387721747949
360.3800802,3.96,1.65,3.86,3.801249794,1.220819397,3.696958209,,,0.9368571429669182,0.9862940997278186
360.4304113,3.96,1.65,3.86,3.801249794,1.220819397,3.696958209,,,0.9368571429669182,0.9862940997278186
360.4807308,3.96,1.69,3.86,3.801249794,1.274362586,3.696958209,,,0.9515384617037493,0.9936028431859365
360.5309407,3.95,1.69,3.85,3.790831043,1.274362586,3.68651597,,,0.9600109893990731,0.9980380795587314
360.5813131,3.95,1.69,3.85,3.790831043,1.274362586,3.68651597,,,0.9600109893990731,0.9980380795587314
360.6316445,3.95,1.65,3.85,3.790831043,1.220819397,3.68651597,,,0.945329670662242,0.9907293361006131
360.6819852,3.96,1.65,3.83,3.801249794,1.220819397,3.665624094,,,0.9622087913822113,0.9738387246368267
360.7323258,3.96,1.65,3.83,3.801249794,1.220819397,3.665624094,,,0.9622087913822113,0.9738387246368267
360.7826478,3.96,1.73,3.86,3.801249794,1.326951393,3.696958209,,,0.9665714286035333,1.001086646273003
360.8329883,3.97,1.73,3.86,3.811666302,1.326951393,3.696958209,,,0.9665714286035333,0.9924670809015561
360.8832992,3.97,1.73,3.86,3.811666302,1.326951393,3.696958209,,,0.9665714286035333,0.9924670809015561
360.9334603,3.97,1.63,3.86,3.811666302,1.193649865,3.696958209,,,0.9296483517716516,0.9740858100439453
360.9837956,3.97,1.63,3.86,3.811666302,1.193649865,3.696958209,,,0.9296483517716516,0.9740858100439453
361.0338831,3.97,1.63,3.86,3.811666302,1.193649865,3.696958209,,,0.9296483517716516,0.9740858100439453
361.0839663,3.96,1.69,3.81,3.801249794,1.274362586,3.644722212,,,0.9936813184560914,0.9728978744336988
361.1343202,3.96,1.69,3.81,3.801249794,1.274362586,3.644722212,,,0.9936813184560914,0.9728978744336988
361.1844091,3.96,1.69,3.81,3.801249794,1.274362586,3.644722212,,,0.9936813184560914,0.9728978744336988
361.2345524,3.97,1.65,3.85,3.811666302,1.220819397,3.68651597,,,0.945329670662242,0.9735119446625821
361.2848889,3.97,1.65,3.85,3.811666302,1.220819397,3.68651597,,,0.945329670662242,0.9735119446625821
361.3352133,3.97,1.65,3.85,3.811666302,1.220819397,3.68651597,,,0.945329670662242,0.9735119446625821
361.3855576,3.96,1.73,3.82,3.801249794,1.326951393,3.655174414,1,1.0,1.000329670618065,0.984501075196298
361.4358808,3.96,1.73,3.82,3.801249794,1.326951393,3.655174414,,,1.000329670618065,0.984501075196298
361.4861992,3.96,1.73,3.82,3.801249794,1.326951393,3.655174414,,,1.000329670618065,0.984501075196298
361.5365287,3.96,1.69,3.86,3.801249794,1.274362586,3.696958209,,,0.9515384617037493,0.9936028431859365
361.5868734,3.96,1.69,3.86,3.801249794,1.274362586,3.696958209,,,0.9515384617037493,0.9936028431859365
361.6372051,3.96,1.7,3.86,3.801249794,1.287594657,3.696958209,,,0.9552637364442262,0.9954573821328263
361.6874891,3.97,1.7,3.83,3.811666302,1.287594657,3.665624094,,,0.9806153848595193,0.9743824416703876
361.7378238,3.97,1.7,3.83,3.811666302,1.287594657,3.665624094,,,0.9806153848595193,0.9743824416703876
361.7881533,3.97,1.74,3.83,3.811666302,1.339962686,3.665624094,,,0.9957362638856059,0.9819100097072869
361.8383155,3.98,1.74,3.85,3.822080585,1.339962686,3.68651597,,,0.9788571431656367,0.9815614907097511
361.8886446,3.98,1.74,3.85,3.822080585,1.339962686,3.68651597,,,0.9788571431656367,0.9815614907097511
361.9387888,3.98,1.62,3.83,3.822080585,1.179957626,3.665624094,,,0.9514285714991465,0.9512111801897246
361.9891249,3.95,1.62,3.83,3.790831043,1.179957626,3.665624094,,,0.9514285714991465,0.9770698760224941
362.0392995,3.95,1.62,3.83,3.790831043,1.179957626,3.665624094,,,0.9514285714991465,0.9770698760224941
362.0896274,3.95,1.62,3.83,3.790831043,1.179957626,3.665624094,,,0.9514285714991465,0.9770698760224941
362.1399698,3.95,1.62,3.83,3.790831043,1.179957626,3.665624094,,,0.9514285714991465,0.9770698760224941
362.1903187,3.95,1.62,3.83,3.790831043,1.179957626,3.665624094,,,0.9514285714991465,0.9770698760224941
362.2406484,3.97,1.65,3.85,3.811666302,1.220819397,3.68651597,,,0.945329670662242,0.9735119446625821
362.2909661,3.97,1.65,3.85,3.811666302,1.220819397,3.68651597,,,0.945329670662242,0.9735119446625821
362.3411129,3.97,1.65,3.85,3.811666302,1.220819397,3.68651597,,,0.945329670662242,0.9735119446625821
362.3916145,3.95,1.73,3.83,3.790831043,1.326951393,3.665624094,,,0.9919230770188263,0.9972290972485953
