time,d1,d2,d3,t_uwb_1,t_uwb_2,t_uwb_3,el1,el2,el3
0.10189320400002089,3.9899999999999998,1.78,3.87,0.03688699100001713,0.05080159200002754,0.023011515999996845,3.8324926614411146,1.3915099712183165,3.7073980093860976
0.15197245799998882,3.9899999999999998,1.78,3.87,0.08696624499998507,0.10088084599999547,0.07309076999996478,3.8324926614411146,1.3915099712183165,3.7073980093860976
0.20204643499999975,3.9899999999999998,1.83,3.87,0.137040221999996,0.006930177000015192,0.1231647469999757,3.8324926614411146,1.454922678357857,3.7073980093860976
0.25212716100003263,4.01,1.83,3.83,0.043142243000033886,0.057010903000048074,0.02918373300002486,3.8533102652135343,1.454922678357857,3.6656240942027867
0.3022059150000018,4.01,1.83,3.83,0.09322099700000308,0.10708965700001727,0.07926248699999405,3.8533102652135343,1.454922678357857,3.6656240942027867
0.3522849739999856,4.01,1.76,3.83,0.14330005599998685,0.013264961000004405,0.12934154599997782,3.8533102652135343,1.3658330791132567,3.6656240942027867
0.4024070269999811,4.01,1.76,3.8400000000000003,0.04958534599995801,0.06338701399999991,0.03559377199997016,3.8533102652135343,1.3658330791132567,3.6760712724320244
0.45251993099998344,4.01,1.76,3.8400000000000003,0.09969824999996035,0.11349991800000225,0.0857066759999725,3.8533102652135343,1.3658330791132567,3.6760712724320244
0.502599201999999,3.9899999999999998,1.75,3.8400000000000003,0.005685503999984576,0.019628000000011525,0.13578594699998803,3.8324926614411146,1.3529227620230209,3.6760712724320244
0.552675378999993,3.9899999999999998,1.75,3.86,0.05576168099997858,0.06970417700000553,0.041550210999957926,3.8324926614411146,1.3529227620230209,3.6969582091227373
0.6027559670000073,3.9899999999999998,1.75,3.86,0.10584226899999294,0.11978476500001989,0.09163079899997228,3.8324926614411146,1.3529227620230209,3.6969582091227373
0.652829827000005,3.98,1.75,3.86,0.011926400999982434,0.025845043999993322,0.14170465899996998,3.8220805852310336,1.3529227620230209,3.6969582091227373
0.702949861000036,3.98,1.75,3.85,0.06204643500001339,0.07596507800002428,0.047812261000046874,3.8220805852310336,1.3529227620230209,3.6865159703980668
0.75303128500002,3.98,1.75,3.85,0.11212785899999744,0.12604650200000833,0.09789368500003093,3.8220805852310336,1.3529227620230209,3.6865159703980668
0.803106807000006,3.9899999999999998,1.78,3.85,0.018171626000025753,0.03218175900002507,0.003952373999993597,3.8324926614411146,1.3915099712183165,3.6865159703980668
0.8531852060000347,3.9899999999999998,1.78,3.85,0.06825002500005439,0.0822601580000537,0.054030773000022236,3.8324926614411146,1.3915099712183165,3.6865159703980668
0.9032930770000007,3.9899999999999998,1.78,3.85,0.11835789600002045,0.13236802900001976,0.10413864399998829,3.8324926614411146,1.3915099712183165,3.6865159703980668
0.9533699170000318,4.0200000000000005,1.69,3.86,0.02451345100001845,0.038465172000030634,0.010274411000011696,3.863715828059823,1.274362585765919,3.6969582091227373
1.0034484290000023,4.0200000000000005,1.69,3.86,0.07459196299998894,0.08854368400000112,0.060352922999982184,3.863715828059823,1.274362585765919,3.6969582091227373
1.053565137000021,4.0200000000000005,1.69,3.86,0.1247086710000076,0.13866039200001978,0.11046963100000085,3.863715828059823,1.274362585765919,3.6969582091227373
1.10369001600003,3.98,1.78,3.85,0.030513340000027256,0.044788392000043586,0.016637074000016128,3.8220805852310336,1.3915099712183165,3.6865159703980668
1.1538423970000053,3.98,1.78,3.85,0.08066572100000258,0.09494077300001891,0.06678945499999145,3.8220805852310336,1.3915099712183165,3.6865159703980668
1.2039058710000177,3.98,1.78,3.85,0.1307291950000149,0.0010532179999813707,0.11685292900000377,3.8220805852310336,1.3915099712183165,3.6865159703980668
1.2539875820000361,4.0,1.78,3.85,0.03688773900000797,0.05113492899999983,0.022943243000042912,3.842902548855487,1.3915099712183165,3.6865159703980668
1.3040660430000344,4.0,1.78,3.85,0.08696620000000621,0.10121338999999807,0.07302170400004115,3.842902548855487,1.3915099712183165,3.6865159703980668
1.3541468669999972,4.0,1.74,3.85,0.13704702399996904,0.007318591999990076,0.12310252800000399,3.842902548855487,1.3399626860476377,3.6865159703980668
1.404228451999984,3.98,1.74,3.85,0.04321350599997231,0.05740017699997679,0.0291671739999515,3.8220805852310336,1.3399626860476377,3.6865159703980668
1.4543078259999902,3.98,1.74,3.85,0.0932928799999786,0.10747955099998308,0.07924654799995778,3.8220805852310336,1.3399626860476377,3.6865159703980668
1.504386291000003,3.98,1.66,3.85,0.14337134499999138,0.013592076000009001,0.12932501299997057,3.8220805852310336,1.2343014218577242,3.6865159703980668
1.5545047400000271,3.9899999999999998,1.66,3.85,0.04952322200000481,0.06371052500003316,0.03545475100003159,3.8324926614411146,1.2343014218577242,3.6865159703980668
1.6045830090000095,3.9899999999999998,1.66,3.85,0.09960149099998716,0.11378879400001551,0.08553302000001395,3.8324926614411146,1.2343014218577242,3.6865159703980668
1.6546599010000023,3.98,1.75,3.85,0.005650787999968543,0.019898054000009324,0.13560991200000672,3.8220805852310336,1.3529227620230209,3.6865159703980668
1.7047423430000208,3.98,1.75,3.85,0.05573322999998709,0.06998049600002787,0.04180526700002929,3.8220805852310336,1.3529227620230209,3.6865159703980668
1.7548742500000003,3.98,1.75,3.85,0.10586513699996658,0.12011240300000736,0.09193717400000878,3.8220805852310336,1.3529227620230209,3.6865159703980668
1.8049496950000048,4.0,1.7,3.85,0.011936486000024615,0.026208447999977125,0.14201261900001327,3.842902548855487,1.2875946567146042,3.6865159703980668
1.855027038000003,4.0,1.7,3.83,0.062013829000022724,0.07628579099997523,0.04807017100000621,3.842902548855487,1.2875946567146042,3.6656240942027867
1.9051092270000254,4.0,1.7,3.83,0.1120960180000452,0.12636797999999771,0.0981523600000287,3.842902548855487,1.2875946567146042,3.6656240942027867
1.9551849420000167,3.9899999999999998,1.84,3.85,0.01815613299999086,0.032467777000022124,0.004221049000022958,3.8324926614411146,1.4674808346278325,3.6865159703980668
2.0052671340000074,3.9899999999999998,1.84,3.85,0.06823832499998161,0.08254996900001288,0.05430324100001371,3.8324926614411146,1.4674808346278325,3.6865159703980668
2.0553444079999963,3.9899999999999998,1.84,3.85,0.11831559899997046,0.13262724300000173,0.10438051500000256,3.8324926614411146,1.4674808346278325,3.6865159703980668
2.105427402000032,4.0,1.8,3.85,0.024478347000012946,0.03840613800002757,0.01050806700004614,3.842902548855487,1.4170038814343453,3.6865159703980668
2.155505215000005,4.0,1.8,3.85,0.074556159999986,0.08848395100000062,0.06058588000001919,3.842902548855487,1.4170038814343453,3.6865159703980668
2.2056212400000277,4.0,1.8,3.85,0.12467218500000854,0.13859997600002316,0.11070190500004173,3.842902548855487,1.4170038814343453,3.6865159703980668
2.2557014519999825,4.0,1.76,3.86,0.030753468999989764,0.04473593499994877,0.0168794539999908,3.842902548855487,1.3658330791132567,3.6969582091227373
2.305784028000005,4.0,1.76,3.86,0.08083604500001229,0.0948185109999713,0.06696203000001333,3.842902548855487,1.3658330791132567,3.6969582091227373
2.3558178970000085,4.0,1.78,3.86,0.1308699140000158,0.0008575990000281308,0.11699589900001683,3.842902548855487,1.3915099712183165,3.6969582091227373
2.405945674999998,3.98,1.78,3.8400000000000003,0.036994591999985005,0.050985377000017706,0.023168953999970654,3.8220805852310336,1.3915099712183165,3.6760712724320244
2.4560208789999933,3.98,1.78,3.8400000000000003,0.08706979599998022,0.10106058100001292,0.07324415799996586,3.8220805852310336,1.3915099712183165,3.6760712724320244
2.5061021040000355,3.98,1.78,3.8400000000000003,0.1371510210000224,0.1511418060000551,0.12332538300000806,3.8220805852310336,1.3915099712183165,3.6760712724320244
2.556179433000011,3.98,1.78,3.8400000000000003,0.18722834999999804,0.20121913500003075,0.1734027119999837,3.8220805852310336,1.3915099712183165,3.6760712724320244
2.606257577000008,3.98,1.78,3.8400000000000003,0.23730649399999493,0.25129727900002763,0.22348085599998058,3.8220805852310336,1.3915099712183165,3.6760712724320244
2.656333454999981,3.98,1.75,3.8400000000000003,0.28738237199996775,0.01336883799996258,0.2735567339999534,3.8220805852310336,1.3529227620230209,3.6760712724320244
2.7064108250000345,4.01,1.75,3.86,0.049622305000013966,0.06344620800001621,0.03566866900001742,3.8533102652135343,1.3529227620230209,3.6969582091227373
2.7564888229999838,4.01,1.75,3.86,0.09970030299996324,0.11352420599996549,0.08574666699996669,3.8533102652135343,1.3529227620230209,3.6969582091227373
2.806562695000025,3.9899999999999998,1.74,3.86,0.005807545000038772,0.019678965000025528,0.135820539000008,3.8324926614411146,1.3399626860476377,3.6969582091227373
2.856700083000021,3.9899999999999998,1.74,3.88,0.05594493300003478,0.06981635300002154,0.042016534000026695,3.8324926614411146,1.3399626860476377,3.717835391729978
2.9067797790000327,3.9899999999999998,1.74,3.88,0.10602462900004639,0.11989604900003314,0.0920962300000383,3.8324926614411146,1.3399626860476377,3.717835391729978
2.956877426999995,4.0200000000000005,1.83,3.88,0.012101445999974203,0.025926894999997785,0.1421938780000005,3.863715828059823,1.454922678357857,3.717835391729978
3.0069541720000075,4.0200000000000005,1.83,3.85,0.06217819099998678,0.07600364000001036,0.04829561299999341,3.863715828059823,1.454922678357857,3.6865159703980668
3.0570333130000336,4.0200000000000005,1.83,3.85,0.11225733200001287,0.12608278100003645,0.0983747540000195,3.863715828059823,1.454922678357857,3.6865159703980668
3.10711089900002,3.9899999999999998,1.83,3.83,0.01837182799999937,0.03225742300003276,0.0043912390000286905,3.8324926614411146,1.454922678357857,3.6656240942027867
3.157185502999994,3.9899999999999998,1.83,3.83,0.06844643199997336,0.08233202700000675,0.05446584300000268,3.8324926614411146,1.454922678357857,3.6656240942027867
3.207262657000001,3.9899999999999998,1.83,3.83,0.1185235859999807,0.1324091810000141,0.10454299700001002,3.8324926614411146,1.454922678357857,3.6656240942027867
3.257338799000024,4.0,1.73,3.87,0.02465991000002532,0.03844261900002266,0.010694645999990371,3.842902548855487,1.3269513932318697,3.7073980093860976
3.3074187600000187,4.0,1.73,3.87,0.07473987100001978,0.08852258000001711,0.060774606999984826,3.842902548855487,1.3269513932318697,3.7073980093860976
3.3574966529999983,4.0,1.73,3.87,0.12481776399999944,0.13860047299999678,0.1108524999999645,3.842902548855487,1.3269513932318697,3.7073980093860976
3.4075719020000292,4.01,1.75,3.85,0.030934322999996766,0.044793540000000576,0.0169764470000473,3.8533102652135343,1.3529227620230209,3.6865159703980668
3.457653789999995,4.01,1.75,3.85,0.08101621099996237,0.09487542799996618,0.0670583350000129,3.8533102652135343,1.3529227620230209,3.6865159703980668
3.5077160129999925,4.01,1.76,3.85,0.13107843399996,0.0009896500000081687,0.11712055800001053,3.8533102652135343,1.3658330791132567,3.6865159703980668
3.557864467999991,4.03,1.76,3.85,0.03712431099995683,0.05113810500000682,0.16726901300000918,3.8741192547468133,1.3658330791132567,3.6865159703980668
3.607944855000028,4.03,1.76,3.85,0.08720469799999364,0.10121849200004363,0.217349400000046,3.8741192547468133,1.3658330791132567,3.6865159703980668
3.6580198089999953,4.03,1.76,3.85,0.13727965199996106,0.15129344600001104,0.2674243540000134,3.8741192547468133,1.3658330791132567,3.6865159703980668
3.708131642000012,4.03,1.76,3.85,0.18739148499997782,0.2014052790000278,0.31753618700003017,3.8741192547468133,1.3658330791132567,3.6865159703980668
3.75824153100001,4.03,1.76,3.85,0.23750137399997584,0.2515151680000258,0.3676460760000282,3.8741192547468133,1.3658330791132567,3.6865159703980668
3.8083158709999907,4.03,1.75,3.85,0.2875757139999564,0.013579532999983712,0.41772041600000875,3.8741192547468133,1.3529227620230209,3.6865159703980668
3.858449062000034,3.9899999999999998,1.75,3.8400000000000003,0.04989120400000502,0.06371272400002681,0.035937844000045516,3.8324926614411146,1.3529227620230209,3.6760712724320244
3.90852980599999,3.9899999999999998,1.75,3.8400000000000003,0.09997194799996123,0.11379346799998302,0.08601858800000173,3.8324926614411146,1.3529227620230209,3.6760712724320244
3.958654354000032,3.98,1.82,3.8400000000000003,0.0060289290000241635,0.01997055200001796,0.1361431360000438,3.8220805852310336,1.4423245127224318,3.6760712724320244
4.008787008000013,3.98,1.82,3.85,0.056161583000005066,0.07010320599999886,0.04228723500000342,3.8220805852310336,1.4423245127224318,3.6865159703980668
4.058923331000017,3.98,1.82,3.85,0.10629790600000888,0.12023952900000268,0.09242355800000723,3.8220805852310336,1.4423245127224318,3.6865159703980668
4.109055878999982,4.0200000000000005,1.76,3.85,0.012455054999975346,0.02638687299997855,0.14255610599997226,3.863715828059823,1.3658330791132567,3.6865159703980668
4.159187541999984,4.0200000000000005,1.76,3.85,0.06258671799997728,0.07651853599998049,0.048698561999970025,3.863715828059823,1.3658330791132567,3.6865159703980668
4.209270482000022,4.0200000000000005,1.76,3.85,0.11266965800001572,0.12660147600001892,0.09878150200000846,3.863715828059823,1.3658330791132567,3.6865159703980668
4.259356604999994,4.0,1.74,3.85,0.018811364999976377,0.032686667999996644,0.004457096000010097,3.842902548855487,1.3399626860476377,3.6865159703980668
4.309504978999996,4.0,1.74,3.85,0.06895973899997898,0.08283504199999925,0.0546054700000127,3.842902548855487,1.3399626860476377,3.6865159703980668
4.359578104000036,4.0,1.74,3.85,0.11903286400001889,0.13290816700003916,0.10467859500005261,3.842902548855487,1.3399626860476377,3.6865159703980668
4.409667990000003,3.98,1.79,3.86,0.02515918699998565,0.039102818999992905,0.011279765999972824,3.8220805852310336,1.4042791745233565,3.6969582091227373
4.459832127000027,3.98,1.79,3.86,0.07532332400000996,0.08926695600001722,0.061443902999997135,3.8220805852310336,1.4042791745233565,3.6969582091227373
4.509898878999991,3.98,1.79,3.86,0.12539007599997376,0.13933370799998102,0.11151065499996093,3.8220805852310336,1.4042791745233565,3.6969582091227373
4.560033874999988,4.0200000000000005,1.83,3.85,0.031544891999999436,0.04545615999995789,0.017341025999996873,3.863715828059823,1.454922678357857,3.6865159703980668
4.610166507000031,4.0200000000000005,1.83,3.85,0.08167752400004247,0.09558879200000092,0.0674736580000399,3.863715828059823,1.454922678357857,3.6865159703980668
4.660236255000029,4.0200000000000005,1.79,3.85,0.131747272000041,0.0017575630000123965,0.11754340600003843,3.863715828059823,1.4042791745233565,3.6865159703980668
4.7103643199999965,3.9899999999999998,1.79,3.8400000000000003,0.03785649599996077,0.05188562799997953,0.02359868199999937,3.8324926614411146,1.4042791745233565,3.6760712724320244
4.760494007000034,3.9899999999999998,1.79,3.8400000000000003,0.08798618299999816,0.10201531500001693,0.07372836900003676,3.8324926614411146,1.4042791745233565,3.6760712724320244
4.8106198330000325,3.9899999999999998,1.74,3.8400000000000003,0.13811200899999676,0.008113109000021268,0.12385419500003536,3.8324926614411146,1.3399626860476377,3.6760712724320244
4.860746187000018,3.98,1.74,3.8400000000000003,0.0443342140000027,0.05823946300000671,0.1739805490000208,3.8220805852310336,1.3399626860476377,3.6760712724320244
4.910861925000006,3.98,1.74,3.8400000000000003,0.09444995199999084,0.10835520099999485,0.22409628700000894,3.8220805852310336,1.3399626860476377,3.6760712724320244
4.960983709000004,3.98,1.74,3.8400000000000003,0.14457173599998896,0.15847698499999296,0.27421807100000706,3.8220805852310336,1.3399626860476377,3.6760712724320244
5.011119650000012,3.98,1.74,3.8400000000000003,0.1947076769999967,0.2086129260000007,0.3243540120000148,3.8220805852310336,1.3399626860476377,3.6760712724320244
5.061247509999987,3.98,1.74,3.8400000000000003,0.24483553699997174,0.25874078599997574,0.37448187199998983,3.8220805852310336,1.3399626860476377,3.6760712724320244
5.111375956000018,3.98,1.8,3.8400000000000003,0.007004758999983096,0.020918972999993457,0.42461031800002047,3.8220805852310336,1.4170038814343453,3.6760712724320244
5.161501794999992,3.98,1.8,3.86,0.0571305979999579,0.07104481199996826,0.04292014499998231,3.8220805852310336,1.4170038814343453,3.6969582091227373
5.211626082000009,3.98,1.8,3.86,0.10725488499997482,0.12116909899998518,0.09304443199999923,3.8220805852310336,1.4170038814343453,3.6969582091227373
5.2617112689999885,3.98,1.72,3.86,0.0133936839999933,0.027303625999991255,0.14312961899997845,3.8220805852310336,1.3138873619911258,3.6969582091227373
5.31185813899998,3.98,1.72,3.85,0.06354055399998515,0.0774504959999831,0.049326363999966816,3.8220805852310336,1.3138873619911258,3.6865159703980668
5.361988789999998,3.98,1.72,3.85,0.11367120500000283,0.12758114700000078,0.0994570149999845,3.8220805852310336,1.3138873619911258,3.6865159703980668
5.412055449000036,4.03,1.77,3.87,0.019413441000040166,0.033677579000027436,0.005490623000014239,3.8741192547468133,1.378695035169127,3.7073980093860976
5.462171920999992,4.03,1.77,3.87,0.06952991299999667,0.08379405099998394,0.05560709499997074,3.8741192547468133,1.378695035169127,3.7073980093860976
5.512281874999985,4.03,1.77,3.87,0.11963986699998941,0.13390400499997668,0.10571704899996348,3.8741192547468133,1.378695035169127,3.7073980093860976
5.5623618989999954,4.03,1.77,3.87,0.16971989099999973,0.183984028999987,0.1557970729999738,3.8741192547468133,1.378695035169127,3.7073980093860976
5.612475375000031,4.03,1.77,3.87,0.2198333670000352,0.23409750500002247,0.20591054900000927,3.8741192547468133,1.378695035169127,3.7073980093860976
5.662588609000011,4.03,1.77,3.87,0.2699466010000151,0.2842107390000024,0.2560237829999892,3.8741192547468133,1.378695035169127,3.7073980093860976
5.712721176000002,3.9899999999999998,1.79,3.88,0.03210536299997102,0.04637581299999738,0.018229975999986436,3.8324926614411146,1.4042791745233565,3.717835391729978
5.762842654999986,3.9899999999999998,1.79,3.88,0.08222684199995456,0.09649729199998092,0.06835145499996997,3.8324926614411146,1.4042791745233565,3.717835391729978
5.812912716000028,3.9899999999999998,1.82,3.88,0.13229690299999675,0.002607920999992075,0.11842151600001216,3.8324926614411146,1.4423245127224318,3.717835391729978
5.862997832000019,3.98,1.82,3.83,0.038412523000033616,0.05269303699998318,0.024466204000020753,3.8220805852310336,1.4423245127224318,3.6656240942027867
5.913079529000015,3.98,1.82,3.83,0.0884942200000296,0.10277473399997916,0.07454790100001674,3.8220805852310336,1.4423245127224318,3.6656240942027867
5.963166924999996,3.98,1.73,3.83,0.1385816160000104,0.008853575999978602,0.12463529699999754,3.8220805852310336,1.3269513932318697,3.6656240942027867
6.013242966000007,4.0,1.73,3.86,0.04473382800000536,0.058929616999989776,0.03078809400000182,3.842902548855487,1.3269513932318697,3.6969582091227373
6.0633273469999835,4.0,1.73,3.86,0.09481820899998183,0.10901399799996625,0.0808724749999783,3.842902548855487,1.3269513932318697,3.6969582091227373
6.113393459000008,4.0,1.83,3.86,0.0009350590000281045,0.015145674999985204,0.13093858700000283,3.842902548855487,1.454922678357857,3.6969582091227373
6.163468131999991,4.0,1.83,3.87,0.051009732000011354,0.06522034799996845,0.03705370599999469,3.842902548855487,1.454922678357857,3.7073980093860976
6.213544174999981,4.0,1.83,3.87,0.10108577500000138,0.11529639099995848,0.08712974899998471,3.842902548855487,1.454922678357857,3.7073980093860976
6.263618103999988,3.9899999999999998,1.8,3.87,0.006189672000004975,0.020900580999978047,0.13720367799999167,3.8324926614411146,1.4170038814343453,3.7073980093860976
6.313702544000023,3.9899999999999998,1.8,3.85,0.05627411200003962,0.0709850210000127,0.043323996000026455,3.8324926614411146,1.4170038814343453,3.6865159703980668
6.363776957000027,3.9899999999999998,1.8,3.85,0.10634852500004399,0.12105943400001706,0.09339840900003082,3.8324926614411146,1.4170038814343453,3.6865159703980668
6.413823458000024,3.9899999999999998,1.79,3.85,0.013404594999997244,0.027198107999993226,0.1434449100000279,3.8324926614411146,1.4042791745233565,3.6865159703980668
6.4638979179999865,3.9899999999999998,1.79,3.85,0.06347905499995932,0.0772725679999553,0.04958857799999805,3.8324926614411146,1.4042791745233565,3.6865159703980668
6.513984887999982,3.9899999999999998,1.79,3.85,0.1135660249999546,0.1273595379999506,0.09967554799999334,3.8324926614411146,1.4042791745233565,3.6865159703980668
6.564068184000007,3.9899999999999998,1.78,3.88,0.019678204999991067,0.03352731600000425,0.0057809069999734675,3.8324926614411146,1.3915099712183165,3.717835391729978
6.614151058999994,3.9899999999999998,1.78,3.88,0.06976107999997794,0.08361019099999112,0.05586378199996034,3.8324926614411146,1.3915099712183165,3.717835391729978
6.664225190000025,3.9899999999999998,1.78,3.88,0.11983521100000871,0.1336843220000219,0.10593791299999111,3.8324926614411146,1.3915099712183165,3.717835391729978
6.714302298000007,4.01,1.74,3.86,0.02586950799997112,0.03978874199998472,0.012004551000018182,3.8533102652135343,1.3399626860476377,3.6969582091227373
6.764376843000036,4.01,1.74,3.86,0.07594405300000062,0.08986328700001422,0.062079096000047684,3.8533102652135343,1.3399626860476377,3.6969582091227373
6.814459300999999,4.01,1.74,3.86,0.12602651099996365,0.13994574499997725,0.11216155400001071,3.8533102652135343,1.3399626860476377,3.6969582091227373
6.864529661000006,4.0,1.74,3.85,0.03217367199999899,0.046076687999971,0.018279828000004272,3.842902548855487,1.3399626860476377,3.6865159703980668
6.914606896999999,4.0,1.74,3.85,0.0822509079999918,0.09615392399996381,0.06835706399999708,3.842902548855487,1.3399626860476377,3.6865159703980668
6.964680369000007,4.0,1.75,3.85,0.13232438000000002,0.002286813000011989,0.1184305360000053,3.842902548855487,1.3529227620230209,3.6865159703980668
7.014764215000014,3.98,1.75,3.85,0.03839098499997817,0.052370659000018804,0.024371833000031984,3.8220805852310336,1.3529227620230209,3.6865159703980668
7.064853599000003,3.98,1.75,3.85,0.08848036899996714,0.10246004300000777,0.07446121700002095,3.8220805852310336,1.3529227620230209,3.6865159703980668
7.11497602999998,3.98,1.8,3.85,0.13860279999994418,0.008541298999944047,0.12458364799999799,3.8220805852310336,1.4170038814343453,3.6865159703980668
7.165065265999999,4.01,1.8,3.8400000000000003,0.04476776799998561,0.0586305349999634,0.03083909499997617,3.8533102652135343,1.4170038814343453,3.6760712724320244
7.2151464429999805,4.01,1.8,3.8400000000000003,0.09484894499996699,0.10871171199994478,0.08092027199995755,3.8533102652135343,1.4170038814343453,3.6760712724320244
7.265210927999988,3.9899999999999998,1.82,3.8400000000000003,0.0009141009999780181,0.014870205999955033,0.1309847569999647,3.8324926614411146,1.4423245127224318,3.6760712724320244
7.315298058999986,3.9899999999999998,1.82,3.86,0.05100123199997597,0.06495733699995299,0.037019310000005134,3.8324926614411146,1.4423245127224318,3.6969582091227373
7.365377404000014,3.9899999999999998,1.82,3.86,0.10108057700000472,0.11503668199998174,0.08709865500003389,3.8324926614411146,1.4423245127224318,3.6969582091227373
7.415461628000003,4.0,1.84,3.86,0.007117168999968726,0.021034258999975464,0.13718287900002224,3.842902548855487,1.4674808346278325,3.6969582091227373
7.4655423080000105,4.0,1.84,3.85,0.057197848999976486,0.07111493899998322,0.043337006000001566,3.842902548855487,1.4674808346278325,3.6865159703980668
7.515666447000001,4.0,1.84,3.85,0.10732198799996695,0.12123907799997369,0.09346114499999203,3.842902548855487,1.4674808346278325,3.6865159703980668
7.565748370999984,3.98,1.66,3.85,0.013536254999962694,0.027453731999969477,0.14354306899997482,3.8220805852310336,1.2343014218577242,3.6865159703980668
7.615942404000009,3.98,1.66,3.86,0.06373028799998792,0.0776477649999947,0.04980419999998276,3.8220805852310336,1.2343014218577242,3.6969582091227373
7.666067784999996,3.98,1.66,3.86,0.11385566899997457,0.12777314599998135,0.0999295809999694,3.8220805852310336,1.2343014218577242,3.6969582091227373
7.7161947750000195,4.0200000000000005,1.69,3.85,0.020002492000003258,0.03392041000000745,0.006051087999992433,3.863715828059823,1.274362585765919,3.6865159703980668
7.766312782,4.0200000000000005,1.69,3.85,0.07012049899998374,0.08403841699998793,0.05616909499997291,3.863715828059823,1.274362585765919,3.6865159703980668
7.8164375030000315,4.0200000000000005,1.69,3.85,0.12024522000001525,0.13416313800001944,0.10629381600000443,3.863715828059823,1.274362585765919,3.6865159703980668
7.866564636000021,4.01,1.87,3.8400000000000003,0.026354276000006394,0.04029670800002805,0.012455503000012413,3.8533102652135343,1.5049252473129688,3.6760712724320244
7.9166817579999815,4.01,1.87,3.8400000000000003,0.07647139799996694,0.09041382999998859,0.06257262499997296,3.8533102652135343,1.5049252473129688,3.6760712724320244
7.966808662999995,4.01,1.87,3.8400000000000003,0.1265983029999802,0.14054073500000186,0.11269952999998623,3.8533102652135343,1.5049252473129688,3.6760712724320244
8.016932551000025,4.03,1.78,3.85,0.0327767200000153,0.04670224000000189,0.018850686999996924,3.8741192547468133,1.3915099712183165,3.6865159703980668
8.067067504000022,4.03,1.78,3.85,0.08291167300001234,0.09683719299999893,0.06898563999999396,3.8741192547468133,1.3915099712183165,3.6865159703980668
8.117155803000003,4.03,1.8,3.85,0.13299997199999325,0.0029416159999868796,0.11907393899997487,3.8741192547468133,1.4170038814343453,3.6865159703980668
8.167281769999988,4.0,1.8,3.86,0.039151861999982884,0.053067582999972274,0.025240457999984756,3.842902548855487,1.4170038814343453,3.6969582091227373
8.217407130000026,4.0,1.8,3.86,0.08927722200002108,0.10319294300001047,0.07536581800002295,3.842902548855487,1.4170038814343453,3.6969582091227373
8.267532463999999,4.0,1.82,3.86,0.13940255599999318,0.009338915000000725,0.12549115199999505,3.842902548855487,1.4423245127224318,3.6969582091227373
8.317664925000031,4.0200000000000005,1.82,3.8400000000000003,0.04555310900002496,0.05947137600003316,0.03161462700001039,3.863715828059823,1.4423245127224318,3.6760712724320244
8.367813683000008,4.0200000000000005,1.82,3.8400000000000003,0.0957018670000025,0.1096201340000107,0.08176338499998792,3.863715828059823,1.4423245127224318,3.6760712724320244
8.417875654999989,4.01,1.79,3.8400000000000003,0.0017812809999782075,0.015724678999958996,0.13182535699996834,3.8533102652135343,1.4042791745233565,3.6760712724320244
8.467966749000027,4.01,1.79,3.8400000000000003,0.05187237500001629,0.06581577299999708,0.037951719000034245,3.8533102652135343,1.4042791745233565,3.6760712724320244
8.518096154000034,4.01,1.79,3.8400000000000003,0.10200178000002325,0.11594517800000403,0.0880811240000412,3.8533102652135343,1.4042791745233565,3.6760712724320244
8.568230921000008,4.01,1.79,3.8400000000000003,0.1521365469999978,0.16607994499997858,0.13821589100001574,3.8533102652135343,1.4042791745233565,3.6760712724320244
8.618368621999991,4.01,1.79,3.8400000000000003,0.20227424799998062,0.2162176459999614,0.18835359199999857,3.8533102652135343,1.4042791745233565,3.6760712724320244
8.668498981000027,4.01,1.79,3.8400000000000003,0.25240460700001677,0.26634800499999756,0.23848395100003472,3.8533102652135343,1.4042791745233565,3.6760712724320244
8.718565135999995,3.9899999999999998,1.85,3.83,0.014529729000003044,0.02846281199998657,0.0002766719999840461,3.8324926614411146,1.4800000000000002,3.6656240942027867
8.768658708000032,3.9899999999999998,1.85,3.83,0.0646233010000401,0.07855638400002363,0.0503702440000211,3.8324926614411146,1.4800000000000002,3.6656240942027867
8.818730012999993,3.9899999999999998,1.85,3.83,0.11469460600000048,0.128627688999984,0.10044154899998148,3.8324926614411146,1.4800000000000002,3.6656240942027867
8.868861253000034,4.0,1.85,3.8400000000000003,0.020855678000032185,0.03477777000000515,0.006583110999997643,3.842902548855487,1.4800000000000002,3.6760712724320244
8.918939840999997,4.0,1.85,3.8400000000000003,0.07093426599999475,0.08485635799996771,0.05666169899996021,3.842902548855487,1.4800000000000002,3.6760712724320244
8.969025588000022,4.0,1.85,3.8400000000000003,0.1210200130000203,0.13494210499999326,0.10674744599998576,3.842902548855487,1.4800000000000002,3.6760712724320244
9.019152814999984,4.01,1.75,3.88,0.027160950999984834,0.041081456999961574,0.01294624299998759,3.8533102652135343,1.3529227620230209,3.717835391729978
9.06923801900001,4.01,1.75,3.88,0.07724615500001164,0.09116666099998838,0.0630314470000144,3.8533102652135343,1.3529227620230209,3.717835391729978
9.119363566999994,4.01,1.75,3.88,0.12737170299999434,0.14129220899997108,0.1131569949999971,3.8533102652135343,1.3529227620230209,3.717835391729978
9.169493364000004,4.01,1.76,3.86,0.033543023999982324,0.0474585819999902,0.01927288399997451,3.8533102652135343,1.3658330791132567,3.6969582091227373
9.219623608000006,4.01,1.76,3.86,0.08367326799998409,0.09758882599999197,0.06940312799997628,3.8533102652135343,1.3658330791132567,3.6969582091227373
9.269709057,4.01,1.76,3.86,0.13375871699997788,0.0036959610000053544,0.11948857699997006,3.8533102652135343,1.3658330791132567,3.6969582091227373
9.319837118999999,4.01,1.76,3.8400000000000003,0.18388677899997674,0.05382402300000422,0.025648225999987062,3.8533102652135343,1.3658330791132567,3.6760712724320244
9.369966634000036,4.01,1.76,3.8400000000000003,0.2340162940000141,0.10395353800004159,0.07577774100002443,3.8533102652135343,1.3658330791132567,3.6760712724320244
9.420105099000011,4.01,1.8,3.8400000000000003,0.2841547589999891,0.010117977999982486,0.12591620599999942,3.8533102652135343,1.4170038814343453,3.6760712724320244
9.470176393000031,4.01,1.8,3.85,0.33422605300000896,0.06018927200000235,0.03205216400004929,3.8533102652135343,1.4170038814343453,3.6865159703980668
9.520307869000021,4.01,1.8,3.85,0.384357528999999,0.11032074799999236,0.0821836400000393,3.8533102652135343,1.4170038814343453,3.6865159703980668
9.570393429000035,3.9899999999999998,1.75,3.85,0.0021965250000448577,0.016434983999999986,0.13226920000005293,3.8324926614411146,1.3529227620230209,3.6865159703980668
9.620506664000004,3.9899999999999998,1.75,3.83,0.052309760000014194,0.06654821899996932,0.03842075400001477,3.8324926614411146,1.3529227620230209,3.6656240942027867
9.67058833499999,3.9899999999999998,1.75,3.83,0.10239143100000092,0.11662988999995605,0.0885024250000015,3.8324926614411146,1.3529227620230209,3.6656240942027867
9.720668058000001,3.9899999999999998,1.78,3.83,0.008446310000010726,0.02277770299997428,0.13858214800001178,3.8324926614411146,1.3915099712183165,3.6656240942027867
9.770753439000032,3.9899999999999998,1.78,3.85,0.05853169100004152,0.07286308400000507,0.04466284100004714,3.8324926614411146,1.3915099712183165,3.6865159703980668
9.820883582000022,3.9899999999999998,1.78,3.85,0.10866183400003138,0.12299322699999493,0.094792984000037,3.8324926614411146,1.3915099712183165,3.6865159703980668
9.87095674599999,4.03,1.69,3.85,0.014848357000005308,0.029074617999981456,0.0008769129999564029,3.8741192547468133,1.274362585765919,3.6865159703980668
9.921036584000035,4.03,1.69,3.85,0.06492819500004998,0.07915445600002613,0.05095675100000108,3.8741192547468133,1.274362585765919,3.6865159703980668
9.971109995000006,4.03,1.69,3.85,0.11500160600002118,0.12922786699999733,0.10103016199997228,3.8741192547468133,1.274362585765919,3.6865159703980668
10.021187628000007,3.98,1.78,3.85,0.021034782000015184,0.03529626400001007,0.007123548999970808,3.8220805852310336,1.3915099712183165,3.6865159703980668
10.071269761999986,3.98,1.78,3.85,0.07111691599999403,0.08537839799998892,0.05720568299994966,3.8220805852310336,1.3915099712183165,3.6865159703980668
10.121344712999985,3.98,1.78,3.85,0.12119186699999318,0.13545334899998807,0.1072806339999488,3.8220805852310336,1.3915099712183165,3.6865159703980668
10.171476280000036,3.9899999999999998,1.83,3.86,0.027407587000027434,0.04158768900003906,0.013430913000036071,3.8324926614411146,1.454922678357857,3.6969582091227373
10.221558106000032,3.9899999999999998,1.83,3.86,0.07748941300002343,0.09166951500003506,0.06351273900003207,3.8324926614411146,1.454922678357857,3.6969582091227373
10.271645070000034,3.9899999999999998,1.83,3.86,0.12757637700002533,0.14175647900003696,0.11359970300003397,3.8324926614411146,1.454922678357857,3.6969582091227373
10.321729603999984,3.9899999999999998,1.79,3.85,0.03357980599997745,0.047935990999974365,0.019654910999975073,3.8324926614411146,1.4042791745233565,3.6865159703980668
10.371882999000036,3.9899999999999998,1.79,3.85,0.08373320100002957,0.09808938600002648,0.06980830600002719,3.8324926614411146,1.4042791745233565,3.6865159703980668
10.42195307000003,3.9899999999999998,1.78,3.85,0.13380327200002284,0.0038226670000085505,0.11987837700002046,3.8324926614411146,1.3915099712183165,3.6865159703980668
10.47203302600002,4.0,1.78,3.88,0.039942091000000346,0.05390262299999904,0.026111820000039643,3.842902548855487,1.3915099712183165,3.717835391729978
10.522114888000033,4.0,1.78,3.88,0.09002395300001353,0.10398448500001223,0.07619368200005283,3.842902548855487,1.3915099712183165,3.717835391729978
10.572246999000015,4.0,1.79,3.88,0.1401560639999957,0.01013684600002307,0.126325793000035,3.842902548855487,1.4042791745233565,3.717835391729978
10.622325159000013,3.98,1.79,3.85,0.046308289000023706,0.060215006000021276,0.03241379000002098,3.8220805852310336,1.4042791745233565,3.6865159703980668
10.672409316000028,3.98,1.79,3.85,0.09639244600003849,0.11029916300003606,0.08249794700003577,3.8220805852310336,1.4042791745233565,3.6865159703980668
10.722480338000025,4.0,1.78,3.85,0.002427447000002303,0.01636156300003222,0.13256896900003312,3.842902548855487,1.3915099712183165,3.6865159703980668
10.772561362000033,4.0,1.78,3.86,0.052508471000010104,0.06644258700004002,0.03859021300002041,3.842902548855487,1.3915099712183165,3.6969582091227373
10.822640205000027,4.0,1.78,3.86,0.10258731400000443,0.11652143000003434,0.08866905600001473,3.842902548855487,1.3915099712183165,3.6969582091227373
10.872718743000007,3.9899999999999998,1.83,3.86,0.00872505000000956,0.02262220699998352,0.13874759399999448,3.8324926614411146,1.454922678357857,3.6969582091227373
10.922807782999996,3.9899999999999998,1.83,3.85,0.05881408999999849,0.07271124699997245,0.04490004899997757,3.8324926614411146,1.454922678357857,3.6865159703980668
10.972875335000026,3.9899999999999998,1.83,3.85,0.10888164200002848,0.12277879900000244,0.09496760100000756,3.8324926614411146,1.454922678357857,3.6865159703980668
11.022952290000035,4.0,1.83,3.87,0.014978385000006256,0.028920866000021306,0.001023485000018809,3.842902548855487,1.454922678357857,3.7073980093860976
11.073066480000023,4.0,1.83,3.87,0.06509257499999421,0.07903505600000926,0.051137675000006766,3.842902548855487,1.454922678357857,3.7073980093860976
11.123139113000036,4.0,1.83,3.87,0.11516520800000762,0.12910768900002267,0.10121030800002018,3.842902548855487,1.454922678357857,3.7073980093860976
11.173216303000004,4.0,1.82,3.85,0.021284902999980204,0.03522161400002233,0.007372870999972747,3.842902548855487,1.4423245127224318,3.6865159703980668
11.223301303000028,4.0,1.82,3.85,0.07136990300000434,0.08530661400004647,0.057457870999996885,3.842902548855487,1.4423245127224318,3.6865159703980668
11.273380489000033,4.0,1.82,3.85,0.12144908900000928,0.1353858000000514,0.10753705700000182,3.842902548855487,1.4423245127224318,3.6865159703980668
11.323460334999993,3.9899999999999998,1.75,3.85,0.027533858999959193,0.04148839900000212,0.013603380999995807,3.8324926614411146,1.3529227620230209,3.6865159703980668
11.373540321000007,3.9899999999999998,1.75,3.85,0.07761384499997348,0.0915683850000164,0.0636833670000101,3.8324926614411146,1.3529227620230209,3.6865159703980668
11.423696176000021,3.9899999999999998,1.75,3.85,0.12776969999998755,0.14172424000003048,0.11383922200002417,3.8324926614411146,1.3529227620230209,3.6865159703980668
11.473774916000025,4.01,1.74,3.83,0.03391220000003159,0.04776044200002616,0.01995342600002914,3.8533102652135343,1.3399626860476377,3.6656240942027867
11.523889875000009,4.01,1.74,3.83,0.08402715900001567,0.09787540100001024,0.07006838500001322,3.8533102652135343,1.3399626860476377,3.6656240942027867
11.57396586599998,4.01,1.74,3.83,0.13410314999998718,0.14795139199998175,0.12014437599998473,3.8533102652135343,1.3399626860476377,3.6656240942027867
11.624070512999992,4.01,1.74,3.83,0.18420779699999912,0.1980560389999937,0.17024902299999667,3.8533102652135343,1.3399626860476377,3.6656240942027867
11.674147837000021,4.01,1.74,3.83,0.23428512100002763,0.2481333630000222,0.22032634700002518,3.8533102652135343,1.3399626860476377,3.6656240942027867
11.724227291000034,4.01,1.82,3.83,0.28436457500004053,0.010378689000049235,0.2704058010000381,3.8533102652135343,1.4423245127224318,3.6656240942027867
11.774339430999987,3.98,1.82,3.85,0.04656160899997985,0.06049082900000258,0.03263777699999082,3.8220805852310336,1.4423245127224318,3.6865159703980668
11.824453173999984,3.98,1.82,3.85,0.09667535199997701,0.11060457199999973,0.08275151999998798,3.8220805852310336,1.4423245127224318,3.6865159703980668
11.874550659000022,4.01,1.75,3.85,0.002782867999997052,0.016636054000002787,0.1328490050000255,3.8533102652135343,1.3529227620230209,3.6865159703980668
11.924633570000026,4.01,1.75,3.8400000000000003,0.05286577900000111,0.06671896500000685,0.03895524099999648,3.8533102652135343,1.3529227620230209,3.6760712724320244
11.974744191000013,4.01,1.75,3.8400000000000003,0.10297639999998864,0.11682958599999438,0.08906586199998401,3.8533102652135343,1.3529227620230209,3.6760712724320244
12.024871206,4.01,1.8,3.8400000000000003,0.009082121000005827,0.023105898999972396,0.13919287699997085,3.8533102652135343,1.4170038814343453,3.6760712724320244
12.074985886000036,4.01,1.8,3.87,0.05919680100004143,0.073220579000008,0.045247190000054616,3.8533102652135343,1.4170038814343453,3.7073980093860976
12.125067127000023,4.01,1.8,3.87,0.10927804200002811,0.12330181999999468,0.09532843100004129,3.8533102652135343,1.4170038814343453,3.7073980093860976
12.175130174000003,4.0,1.75,3.85,0.0154312839999875,0.02933465299997806,0.0015253170000164573,3.842902548855487,1.3529227620230209,3.6865159703980668
12.225212612000007,4.0,1.75,3.85,0.0655137219999915,0.07941709099998207,0.05160775500002046,3.842902548855487,1.3529227620230209,3.6865159703980668
12.275282478999998,4.0,1.75,3.85,0.11558358899998211,0.12948695799997267,0.10167762200001107,3.842902548855487,1.3529227620230209,3.6865159703980668
12.325361052999995,4.0,1.75,3.85,0.16566216299997905,0.1795655319999696,0.151756196000008,3.842902548855487,1.3529227620230209,3.6865159703980668
12.375432811999985,4.0,1.75,3.85,0.21573392199996988,0.22963729099996044,0.20182795499999884,3.842902548855487,1.3529227620230209,3.6865159703980668
12.425514816000032,4.0,1.75,3.85,0.26581592600001613,0.2797192950000067,0.2519099590000451,3.842902548855487,1.3529227620230209,3.6865159703980668
12.475595137000028,4.01,1.75,3.8400000000000003,0.027937331000032373,0.04180648200002679,0.014016988000037145,3.8533102652135343,1.3529227620230209,3.6760712724320244
12.525674857000013,4.01,1.75,3.8400000000000003,0.07801705100001755,0.09188620200001196,0.06409670800002232,3.8533102652135343,1.3529227620230209,3.6760712724320244
12.575756259000002,4.01,1.75,3.8400000000000003,0.12809845300000688,0.1419676040000013,0.11417811000001166,3.8533102652135343,1.3529227620230209,3.6760712724320244
12.625882190000027,4.0,1.75,3.85,0.03414990000004536,0.048136701000032645,0.020347629000013967,3.842902548855487,1.3529227620230209,3.6865159703980668
12.675959132000003,4.0,1.75,3.85,0.08422684200002095,0.09821364300000823,0.07042457099998956,3.842902548855487,1.3529227620230209,3.6865159703980668
12.726055068999983,4.0,1.79,3.85,0.13432277900000145,0.004377357999999276,0.12052050799997005,3.842902548855487,1.4042791745233565,3.6865159703980668
12.776135377000003,4.01,1.79,3.86,0.040546941000002334,0.05445766600001889,0.02619811900001423,3.8533102652135343,1.4042791745233565,3.6969582091227373
12.826260589000015,4.01,1.79,3.86,0.09067215300001408,0.10458287800003063,0.07632333100002597,3.8533102652135343,1.4042791745233565,3.6969582091227373
12.876377519000016,4.01,1.87,3.86,0.14078908300001558,0.01072408599998198,0.12644026100002748,3.8533102652135343,1.5049252473129688,3.6969582091227373
12.926457947000017,4.01,1.87,3.86,0.04691797700002098,0.0608045139999831,0.032600703000014164,3.8533102652135343,1.5049252473129688,3.6969582091227373
12.976535211999987,4.01,1.87,3.86,0.09699524199999132,0.11088177899995344,0.0826779679999845,3.8533102652135343,1.5049252473129688,3.6969582091227373
13.02661324799999,4.0,1.78,3.86,0.0030462859999715874,0.01698576899997306,0.13275600399998666,3.842902548855487,1.3915099712183165,3.6969582091227373
13.076741583,4.0,1.78,3.85,0.05317462099998238,0.06711410399998385,0.03894764299997178,3.842902548855487,1.3915099712183165,3.6865159703980668
13.126894010000001,4.0,1.78,3.85,0.10332704799998282,0.1172665309999843,0.08910006999997222,3.842902548855487,1.3915099712183165,3.6865159703980668
13.177021410000009,3.98,1.79,3.85,0.009500815000023977,0.023439470000027995,0.13922746999998026,3.8220805852310336,1.4042791745233565,3.6865159703980668
13.227108322999982,3.98,1.79,3.85,0.05958772799999679,0.0735263830000008,0.04529936299996962,3.8220805852310336,1.4042791745233565,3.6865159703980668
13.277185769000027,3.98,1.79,3.85,0.1096651740000425,0.12360382900004652,0.09537680900001533,3.8220805852310336,1.4042791745233565,3.6865159703980668
13.327257121000002,4.0200000000000005,1.85,3.83,0.01572976599999265,0.029686636999997518,0.0015054020000206947,3.863715828059823,1.4800000000000002,3.6656240942027867
13.377369722000026,4.0200000000000005,1.85,3.83,0.06584236700001611,0.07979923800002098,0.051618003000044155,3.863715828059823,1.4800000000000002,3.6656240942027867
13.427442133,4.0200000000000005,1.85,3.83,0.11591477799998984,0.1298716489999947,0.10169041400001788,3.863715828059823,1.4800000000000002,3.6656240942027867
13.477522015000034,4.0,1.76,3.86,0.02200179700002991,0.035915559000045505,0.007721651000053953,3.842902548855487,1.3658330791132567,3.6969582091227373
13.527643872999988,4.0,1.76,3.86,0.07212365499998441,0.086037417,0.05784350900000845,3.842902548855487,1.3658330791132567,3.6969582091227373
13.577724783999997,4.0,1.76,3.86,0.12220456599999352,0.13611832800000911,0.10792442000001756,3.842902548855487,1.3658330791132567,3.6969582091227373
13.627848553000035,3.98,1.79,3.85,0.02803826100000606,0.042348079000021244,0.014118399000039972,3.8220805852310336,1.4042791745233565,3.6865159703980668
13.677922834000015,3.98,1.79,3.85,0.0781125419999853,0.09242236000000048,0.06419268000001921,3.8220805852310336,1.4042791745233565,3.6865159703980668
13.728001960000029,3.98,1.79,3.85,0.12819166799999948,0.14250148600001467,0.1142718060000334,3.8220805852310336,1.4042791745233565,3.6865159703980668
13.778083144999982,4.0,1.83,3.8400000000000003,0.034335405999968316,0.04859982199997148,0.020417594999969424,3.842902548855487,1.454922678357857,3.6760712724320244
13.82818413199999,4.0,1.83,3.8400000000000003,0.08443639299997585,0.09870080899997902,0.07051858199997696,3.842902548855487,1.454922678357857,3.6760712724320244
13.878296122999984,4.0,1.76,3.8400000000000003,0.13454838399997016,0.00476878899996791,0.12063057299997126,3.842902548855487,1.3658330791132567,3.6760712724320244
13.928374099999985,3.9899999999999998,1.76,3.85,0.040687773000001926,0.05484676599996874,0.026732940999977473,3.8324926614411146,1.3658330791132567,3.6865159703980668
13.978452328000003,3.9899999999999998,1.76,3.85,0.09076600100001997,0.10492499399998678,0.07681116899999552,3.8324926614411146,1.3658330791132567,3.6865159703980668
14.02853557100002,3.9899999999999998,1.7,3.85,0.1408492440000373,0.01110662799999318,0.12689441200001284,3.8324926614411146,1.2875946567146042,3.6865159703980668
14.078654643999982,4.0,1.7,3.85,0.04694634300000189,0.06122570099995528,0.03303804099999752,3.842902548855487,1.2875946567146042,3.6865159703980668
14.128736379000031,4.0,1.7,3.85,0.09702807800005075,0.11130743600000415,0.08311977600004639,3.842902548855487,1.2875946567146042,3.6865159703980668
14.17887485,4.0,1.76,3.85,0.003136299000004783,0.017499513000018396,0.13325824700001476,3.842902548855487,1.3658330791132567,3.6865159703980668
14.228953019000016,4.0,1.76,3.8400000000000003,0.0532144680000215,0.06757768200003511,0.03936475599999767,3.842902548855487,1.3658330791132567,3.6760712724320244
14.27907498799999,4.0,1.76,3.8400000000000003,0.10333643699999584,0.11769965100000945,0.08948672499997201,3.842902548855487,1.3658330791132567,3.6760712724320244
14.329151071000013,3.9899999999999998,1.84,3.8400000000000003,0.009502440000005663,0.023742360000028384,0.13956280799999377,3.8324926614411146,1.4674808346278325,3.6760712724320244
14.379232145000003,3.9899999999999998,1.84,3.87,0.059583513999996285,0.073823434000019,0.045671571000013955,3.8324926614411146,1.4674808346278325,3.7073980093860976
14.429348515000015,3.9899999999999998,1.84,3.87,0.1096998840000083,0.12393980400003102,0.09578794100002597,3.8324926614411146,1.4674808346278325,3.7073980093860976
14.479426777000015,3.98,1.84,3.83,0.015796448000003238,0.03009389800001827,0.0018594539999980952,3.8220805852310336,1.4674808346278325,3.6656240942027867
14.529506985000012,3.98,1.84,3.83,0.06587665600000037,0.0801741060000154,0.051939661999995224,3.8220805852310336,1.4674808346278325,3.6656240942027867
14.579580344000021,3.98,1.84,3.83,0.1159500150000099,0.13024746500002493,0.10201302100000476,3.8220805852310336,1.4674808346278325,3.6656240942027867
14.62966095500002,3.98,1.84,3.83,0.1660306260000084,0.18032807600002343,0.15209363200000325,3.8220805852310336,1.4674808346278325,3.6656240942027867
14.679748328000016,3.98,1.84,3.83,0.21611799900000506,0.2304154490000201,0.2021810049999999,3.8220805852310336,1.4674808346278325,3.6656240942027867
14.729853337000009,3.98,1.84,3.83,0.2662230079999972,0.28052045800001224,0.25228601399999206,3.8220805852310336,1.4674808346278325,3.6656240942027867
14.779933960999983,4.0200000000000005,1.72,3.83,0.028333007999947313,0.042301053999949545,0.014441042999976617,3.863715828059823,1.3138873619911258,3.6656240942027867
14.830015556000035,4.0200000000000005,1.72,3.83,0.0784146029999988,0.09238264900000104,0.06452263800002811,3.863715828059823,1.3138873619911258,3.6656240942027867
14.88009385800001,4.0200000000000005,1.72,3.83,0.12849290499997323,0.14246095099997547,0.11460094000000254,3.863715828059823,1.3138873619911258,3.6656240942027867
14.930169087000024,4.0,1.75,3.8400000000000003,0.03464983100002428,0.04856731300003503,0.020690206000040234,3.842902548855487,1.3529227620230209,3.6760712724320244
14.980247152999993,4.0,1.75,3.8400000000000003,0.08472789699999339,0.09864537900000414,0.07076827200000935,3.842902548855487,1.3529227620230209,3.6760712724320244
15.030321586000014,4.0,1.75,3.8400000000000003,0.13480233000001363,0.004717251999977634,0.12084270500002958,3.842902548855487,1.3529227620230209,3.6760712724320244
15.080405529000018,4.0,1.75,3.8400000000000003,0.040882417000034366,0.05480119499998182,0.026965464999989308,3.842902548855487,1.3529227620230209,3.6760712724320244
15.130534210000008,4.0,1.75,3.8400000000000003,0.09101109800002405,0.1049298759999715,0.07709414599997899,3.842902548855487,1.3529227620230209,3.6760712724320244
15.180618659000004,4.0,1.75,3.8400000000000003,0.14109554700002036,0.011059826999996858,0.1271785949999753,3.842902548855487,1.3529227620230209,3.6760712724320244
15.230695436000019,4.03,1.75,3.85,0.04719612799999595,0.061136604000012085,0.03328130800002782,3.8741192547468133,1.3529227620230209,3.6865159703980668
15.280855126999995,4.03,1.75,3.85,0.09735581899997214,0.11129629499998828,0.08344099900000401,3.8741192547468133,1.3529227620230209,3.6865159703980668
15.330926594000005,3.98,1.8,3.85,0.0035042079999811904,0.01737049999996998,0.13351246600001332,3.8220805852310336,1.4170038814343453,3.6865159703980668
15.381038094000019,3.98,1.8,3.88,0.053615707999995266,0.06748199999998405,0.039689769999995406,3.8220805852310336,1.4170038814343453,3.717835391729978
15.431118194000021,3.98,1.8,3.88,0.10369580799999767,0.11756209999998646,0.08976986999999781,3.8220805852310336,1.4170038814343453,3.717835391729978
15.481204792000028,3.98,1.78,3.88,0.00969319099999666,0.0236652309999954,0.13985646800000495,3.8220805852310336,1.3915099712183165,3.717835391729978
15.53128510700003,3.98,1.78,3.88,0.05977350599999909,0.07374554599999783,0.04588448300000891,3.8220805852310336,1.3915099712183165,3.717835391729978
15.581369317999986,3.98,1.78,3.88,0.10985771699995439,0.12382975699995313,0.09596869399996422,3.8220805852310336,1.3915099712183165,3.717835391729978
15.631437774999995,3.98,1.75,3.88,0.01601775199998201,0.029844574999970064,0.002040492999981325,3.8220805852310336,1.3529227620230209,3.717835391729978
15.681527440000025,3.98,1.75,3.88,0.06610741700001199,0.07993424000000005,0.052130158000011306,3.8220805852310336,1.3529227620230209,3.717835391729978
15.731629803000033,3.98,1.75,3.88,0.11620978000001969,0.13003660300000774,0.102232521000019,3.8220805852310336,1.3529227620230209,3.717835391729978
15.78173928000001,4.0,1.75,3.86,0.02233957900000405,0.036323905000017476,0.008459141999992426,3.842902548855487,1.3529227620230209,3.6969582091227373
15.831858992000036,4.0,1.75,3.86,0.07245929100002968,0.0864436170000431,0.058578854000018055,3.842902548855487,1.3529227620230209,3.6969582091227373
15.881987513000013,4.0,1.75,3.86,0.12258781200000612,0.13657213800001955,0.1087073749999945,3.842902548855487,1.3529227620230209,3.6969582091227373
15.932106797000017,3.9899999999999998,1.75,3.8400000000000003,0.028741113000023688,0.04268447499998729,0.014807248000010986,3.8324926614411146,1.3529227620230209,3.6760712724320244
15.98218426599999,3.9899999999999998,1.75,3.8400000000000003,0.0788185819999967,0.0927619439999603,0.064884716999984,3.8324926614411146,1.3529227620230209,3.6760712724320244
16.032268093000027,3.9899999999999998,1.75,3.8400000000000003,0.1289024090000339,0.1428457709999975,0.11496854400002121,3.8324926614411146,1.3529227620230209,3.6760712724320244
16.082400826000026,4.03,1.72,3.86,0.0350178690000007,0.049011090000021795,0.02116802400001916,3.8741192547468133,1.3138873619911258,3.6969582091227373
16.132482540000012,4.03,1.72,3.86,0.08509958299998743,0.09909280400000853,0.07124973800000589,3.8741192547468133,1.3138873619911258,3.6969582091227373
16.182557094999993,4.03,1.87,3.86,0.13517413799996802,0.005199379999965004,0.12132429299998648,3.8741192547468133,1.5049252473129688,3.6969582091227373
16.232636457000012,3.98,1.87,3.86,0.04137001999998802,0.055278741999984504,0.02741138400000409,3.8220805852310336,1.5049252473129688,3.6969582091227373
16.282715595000013,3.98,1.87,3.86,0.09144915799998898,0.10535787999998547,0.07749052200000506,3.8220805852310336,1.5049252473129688,3.6969582091227373
16.332860772000004,3.98,1.75,3.86,0.1415943349999793,0.011470255999995516,0.12763569899999538,3.8220805852310336,1.3529227620230209,3.6969582091227373
16.382938443,3.98,1.75,3.8400000000000003,0.047670027999970443,0.06154792699999234,0.03372960899997679,3.8220805852310336,1.3529227620230209,3.6760712724320244
16.433053754000014,3.98,1.75,3.8400000000000003,0.09778533899998365,0.11166323800000555,0.08384491999999,3.8220805852310336,1.3529227620230209,3.6760712724320244
16.483167525,3.98,1.83,3.8400000000000003,0.003923540000016601,0.017844092000018463,0.13395869099997526,3.8220805852310336,1.454922678357857,3.6760712724320244
16.533253946000002,3.98,1.83,3.86,0.05400996100001976,0.06793051300002162,0.04004737899998645,3.8220805852310336,1.454922678357857,3.6969582091227373
16.58337112700002,3.98,1.83,3.86,0.10412714200003848,0.11804769400004034,0.09016456000000517,3.8220805852310336,1.454922678357857,3.6969582091227373
16.633484268000018,4.0,1.72,3.86,0.010259946000019227,0.02407305299999507,0.14027770100000225,3.842902548855487,1.3138873619911258,3.6969582091227373
16.683565506000036,4.0,1.72,3.8400000000000003,0.06034118400003763,0.07415429100001347,0.04603814800003647,3.842902548855487,1.3138873619911258,3.6760712724320244
16.733650014000034,4.0,1.72,3.8400000000000003,0.11042569200003527,0.12423879900001111,0.09612265600003411,3.842902548855487,1.3138873619911258,3.6760712724320244
16.783723654000028,3.9899999999999998,1.83,3.8400000000000003,0.016437042999996265,0.030377613000041492,0.0022231750000401007,3.8324926614411146,1.454922678357857,3.6760712724320244
16.83388114400003,3.9899999999999998,1.83,3.8400000000000003,0.06659453299999996,0.08053510300004518,0.05238066500004379,3.8324926614411146,1.454922678357857,3.6760712724320244
16.883976924000024,3.9899999999999998,1.83,3.8400000000000003,0.11669031299999233,0.13063088300003756,0.10247644500003616,3.8324926614411146,1.454922678357857,3.6760712724320244
16.934053902000016,4.0200000000000005,1.76,3.8200000000000003,0.022896326000022782,0.036805732999994234,0.008537610000018958,3.863715828059823,1.3658330791132567,3.655174414443174
16.984132560000035,4.0200000000000005,1.76,3.8200000000000003,0.07297498400004088,0.08688439100001233,0.05861626800003705,3.863715828059823,1.3658330791132567,3.655174414443174
17.034205428000007,4.0200000000000005,1.76,3.8200000000000003,0.12304785200001334,0.1369572589999848,0.10868913600000951,3.863715828059823,1.3658330791132567,3.655174414443174
17.084284158999992,4.0200000000000005,1.82,3.85,0.029048074999991513,0.043065121999973144,0.014835119999986546,3.863715828059823,1.4423245127224318,3.6865159703980668
17.13440788500003,4.0200000000000005,1.82,3.85,0.07917180100002952,0.09318884800001115,0.06495884600002455,3.863715828059823,1.4423245127224318,3.6865159703980668
17.18452089599998,4.0200000000000005,1.82,3.85,0.12928481199998032,0.14330185899996195,0.11507185699997535,3.863715828059823,1.4423245127224318,3.6865159703980668
17.23462983799999,4.0200000000000005,1.77,3.83,0.0354553180000039,0.04943279200000461,0.021204361000002336,3.863715828059823,1.378695035169127,3.6656240942027867
17.284744380999996,4.0200000000000005,1.77,3.83,0.0855698610000104,0.09954733500001112,0.07131890400000884,3.863715828059823,1.378695035169127,3.6656240942027867
17.334868379,4.0200000000000005,1.78,3.83,0.13569385900001407,0.00567250299997113,0.12144290200001251,3.863715828059823,1.3915099712183165,3.6656240942027867
17.384948119,4.0,1.78,3.85,0.04189779000000726,0.05575224299997217,0.02756836899999371,3.842902548855487,1.3915099712183165,3.6865159703980668
17.435065006000002,4.0,1.78,3.85,0.09201467700000876,0.10586912999997367,0.0776852559999952,3.842902548855487,1.3915099712183165,3.6865159703980668
17.48514375100001,4.0,1.8,3.85,0.1420934220000163,0.012001666999992722,0.12776400100000274,3.842902548855487,1.4170038814343453,3.6865159703980668
17.53522923600002,4.04,1.8,3.83,0.04812389700003905,0.0620871520000037,0.03387067700003854,3.884520562437532,1.4170038814343453,3.6656240942027867
17.58534307299999,4.04,1.8,3.83,0.09823773400000846,0.1122009889999731,0.08398451400000795,3.884520562437532,1.4170038814343453,3.6656240942027867
17.635425139999995,4.04,1.8,3.83,0.14831980100001374,0.1622830559999784,0.13406658100001323,3.884520562437532,1.4170038814343453,3.6656240942027867
17.685503624000035,4.04,1.8,3.83,0.19839828500005297,0.2123615400000176,0.18414506500005245,3.884520562437532,1.4170038814343453,3.6656240942027867
17.735593142000027,4.04,1.8,3.83,0.24848780300004591,0.26245105800001056,0.2342345830000454,3.884520562437532,1.4170038814343453,3.6656240942027867
17.785674432999997,4.04,1.8,3.83,0.2985690940000154,0.31253234899998006,0.2843158740000149,3.884520562437532,1.4170038814343453,3.6656240942027867
17.83581220000002,4.04,1.8,3.83,0.3487068610000392,0.3626701160000039,0.3344536410000387,3.884520562437532,1.4170038814343453,3.6656240942027867
17.885916467000015,4.04,1.8,3.83,0.39881112800003393,0.4127743829999986,0.3845579080000334,3.884520562437532,1.4170038814343453,3.6656240942027867
17.93602275400002,3.98,1.82,3.85,0.016665646000035395,0.030959198000005017,0.0026716970000393303,3.8220805852310336,1.4423245127224318,3.6865159703980668
17.986140320999993,3.98,1.82,3.85,0.06678321300000789,0.08107676499997751,0.052789264000011826,3.8220805852310336,1.4423245127224318,3.6865159703980668
18.036218029999986,3.98,1.82,3.85,0.11686092200000076,0.13115447399997038,0.10286697300000469,3.8220805852310336,1.4423245127224318,3.6865159703980668
18.086334808999993,4.04,1.78,3.85,0.023024842999973316,0.03727548299997352,0.009100716999967062,3.884520562437532,1.3915099712183165,3.6865159703980668
18.13645531100002,4.04,1.78,3.85,0.07314534500000036,0.08739598500000056,0.05922121899999411,3.884520562437532,1.3915099712183165,3.6865159703980668
18.18657353399999,4.04,1.78,3.85,0.12326356799997029,0.1375142079999705,0.10933944199996404,3.884520562437532,1.3915099712183165,3.6865159703980668
18.236658815999988,4.0,1.74,3.8400000000000003,0.02931064099999503,0.04364950299998327,0.015484350999997787,3.842902548855487,1.3399626860476377,3.6760712724320244
18.286775705000025,4.0,1.74,3.8400000000000003,0.07942753000003222,0.09376639200002046,0.06560124000003498,3.842902548855487,1.3399626860476377,3.6760712724320244
18.33690864900001,4.0,1.74,3.8400000000000003,0.1295604740000158,0.14389933600000404,0.11573418400001856,3.842902548855487,1.3399626860476377,3.6760712724320244
18.386987982999983,4.01,1.72,3.8400000000000003,0.0357464949999553,0.049872012999969684,0.021807959999989635,3.8533102652135343,1.3138873619911258,3.6760712724320244
18.437068226000008,4.01,1.72,3.8400000000000003,0.0858267379999802,0.09995225599999458,0.07188820300001453,3.8533102652135343,1.3138873619911258,3.6760712724320244
18.48714718299999,4.01,1.78,3.8400000000000003,0.13590569499996263,0.0061763829999677,0.12196715999999697,3.8533102652135343,1.3915099712183165,3.6760712724320244
18.53726529300002,4.01,1.78,3.85,0.04201982800003634,0.05629449299999578,0.028110655000034512,3.8533102652135343,1.3915099712183165,3.6865159703980668
18.587344468000026,4.01,1.78,3.85,0.09209900300004392,0.10637366800000336,0.0781898300000421,3.8533102652135343,1.3915099712183165,3.6865159703980668
18.637459648000004,4.01,1.85,3.85,0.14221418300002142,0.012188593000018955,0.1283050100000196,3.8533102652135343,1.4800000000000002,3.6865159703980668
18.68757776199999,4.01,1.85,3.85,0.04838675499996725,0.062306707000004735,0.034405871999979354,3.8533102652135343,1.4800000000000002,3.6865159703980668
18.737691718999997,4.01,1.85,3.85,0.09850071199997501,0.1124206640000125,0.08451982899998711,3.8533102652135343,1.4800000000000002,3.6865159703980668
18.787797609999984,3.98,1.83,3.85,0.0046210299999529525,0.018484188000002177,0.13462571999997408,3.8220805852310336,1.454922678357857,3.6865159703980668
18.837919526999997,3.98,1.83,3.85,0.054742946999965625,0.06860610500001485,0.04077595899997277,3.8220805852310336,1.454922678357857,3.6865159703980668
18.888041112999986,3.98,1.83,3.85,0.10486453299995446,0.11872769100000369,0.09089754499996161,3.8220805852310336,1.454922678357857,3.6865159703980668
18.93812006400003,4.0200000000000005,1.78,3.85,0.010921037000002798,0.024820905000012772,0.1409764960000075,3.863715828059823,1.3915099712183165,3.6865159703980668
18.988197246000027,4.0200000000000005,1.78,3.85,0.060998218999998244,0.07489808700000822,0.04709579900003291,3.863715828059823,1.3915099712183165,3.6865159703980668
19.038278185000024,4.0200000000000005,1.78,3.85,0.11107915799999546,0.12497902600000543,0.09717673800003013,3.863715828059823,1.3915099712183165,3.6865159703980668
19.088391128000012,4.0,1.85,3.85,0.01725570600001447,0.031159224000020913,0.003325781000000916,3.842902548855487,1.4800000000000002,3.6865159703980668
19.138507769,4.0,1.85,3.85,0.06737234700000272,0.08127586500000916,0.053442421999989165,3.842902548855487,1.4800000000000002,3.6865159703980668
19.188580919999993,4.0,1.85,3.85,0.11744549799999504,0.13134901600000148,0.10351557299998149,3.842902548855487,1.4800000000000002,3.6865159703980668
19.238660858000003,3.98,1.83,3.8400000000000003,0.023486912000009852,0.03742304999997259,0.009573630999966554,3.8220805852310336,1.454922678357857,3.6760712724320244
19.28874222600001,3.98,1.83,3.8400000000000003,0.0735682800000177,0.08750441799998043,0.059654998999974396,3.8220805852310336,1.454922678357857,3.6760712724320244
19.338877964999995,3.98,1.83,3.8400000000000003,0.12370401900000161,0.13764015699996435,0.10979073799995831,3.8220805852310336,1.454922678357857,3.6760712724320244
19.388957645999994,3.9899999999999998,1.78,3.86,0.029835553999987496,0.04382897499999672,0.015834207000011702,3.8324926614411146,1.3915099712183165,3.6969582091227373
19.43905575399998,3.9899999999999998,1.78,3.86,0.07993366199997354,0.09392708299998276,0.06593231499999774,3.8324926614411146,1.3915099712183165,3.6969582091227373
19.489253442000006,3.9899999999999998,1.82,3.86,0.1301313499999992,3.334299998414281e-05,0.11613000300002341,3.8324926614411146,1.4423245127224318,3.6969582091227373
19.53938008,3.98,1.82,3.85,0.03635044200001403,0.05015998099997887,0.022316079999995964,3.8220805852310336,1.4423245127224318,3.6865159703980668
19.589499821000004,3.98,1.82,3.85,0.08647018300001719,0.10027972199998203,0.07243582099999912,3.8220805852310336,1.4423245127224318,3.6865159703980668
19.639611171000013,3.98,1.84,3.85,0.13658153300002596,0.0064565690000222276,0.12254717100000789,3.8220805852310336,1.4674808346278325,3.6865159703980668
19.689731806999987,3.9899999999999998,1.84,3.87,0.0426690209999947,0.05657720499999641,0.028732104999960484,3.8324926614411146,1.4674808346278325,3.7073980093860976
19.739846805000013,3.9899999999999998,1.84,3.87,0.09278401900002109,0.1066922030000228,0.07884710299998687,3.8324926614411146,1.4674808346278325,3.7073980093860976
19.789958420000005,3.9899999999999998,1.87,3.87,0.1428956340000127,0.012803210000015497,0.1289587179999785,3.8324926614411146,1.5049252473129688,3.7073980093860976
19.840061572000025,3.9899999999999998,1.87,3.86,0.049045049000028484,0.06290636200003519,0.03508765899999844,3.8324926614411146,1.5049252473129688,3.6969582091227373
19.890179526999987,3.9899999999999998,1.87,3.86,0.09916300399999045,0.11302431699999715,0.0852056139999604,3.8324926614411146,1.5049252473129688,3.6969582091227373
19.94030111699999,4.0,1.83,3.86,0.005231535999996595,0.019199727000000166,0.13532720399996379,3.842902548855487,1.454922678357857,3.6969582091227373
19.990411607,4.0,1.83,3.8400000000000003,0.05534202600000526,0.06931021700000883,0.04147387099999378,3.842902548855487,1.454922678357857,3.6760712724320244
20.040524300000016,4.0,1.83,3.8400000000000003,0.10545471900002212,0.1194229100000257,0.09158656400001064,3.842902548855487,1.454922678357857,3.6760712724320244
20.090643561000036,4.03,1.76,3.8400000000000003,0.011713342000007287,0.025591225000027862,0.14170582500003093,3.8741192547468133,1.3658330791132567,3.6760712724320244
20.140758654000024,4.03,1.76,3.85,0.06182843499999535,0.07570631800001593,0.04781381399999418,3.8741192547468133,1.3658330791132567,3.6865159703980668
20.190890016000026,4.03,1.76,3.85,0.11195979699999725,0.12583768000001783,0.09794517599999608,3.8741192547468133,1.3658330791132567,3.6865159703980668
20.240988238,3.98,1.78,3.85,0.018011681000018598,0.03189354400001321,0.004058865999979844,3.8220805852310336,1.3915099712183165,3.6865159703980668
20.291112827000006,3.98,1.78,3.85,0.06813627000002498,0.08201813300001959,0.054183454999986225,3.8220805852310336,1.3915099712183165,3.6865159703980668
20.34118843599998,3.98,1.78,3.85,0.11821187900000041,0.13209374199999502,0.10425906399996165,3.8220805852310336,1.3915099712183165,3.6865159703980668
20.391297261000034,4.0,1.78,3.8400000000000003,0.02428359600003205,0.038225517000000764,0.010388186000000132,3.842902548855487,1.3915099712183165,3.6760712724320244
20.44137608699998,4.0,1.78,3.8400000000000003,0.07436242199997878,0.0883043429999475,0.06046701199994686,3.842902548855487,1.3915099712183165,3.6760712724320244
20.49150933100003,4.0,1.78,3.8400000000000003,0.12449566600002981,0.13843758699999853,0.1106002559999979,3.842902548855487,1.3915099712183165,3.6760712724320244
20.541623025000035,3.9899999999999998,1.75,3.87,0.030751171000019895,0.04466480000002093,0.016877474000011716,3.8324926614411146,1.3529227620230209,3.7073980093860976
20.591751654999996,3.9899999999999998,1.75,3.87,0.08087980099998049,0.09479342999998153,0.06700610399997231,3.8324926614411146,1.3529227620230209,3.7073980093860976
20.64189211500002,3.9899999999999998,1.75,3.87,0.1310202610000033,0.14493389000000434,0.11714656399999512,3.8324926614411146,1.3529227620230209,3.7073980093860976
20.691974284000025,3.9899999999999998,1.75,3.87,0.18110243000000992,0.19501605900001096,0.16722873300000174,3.8324926614411146,1.3529227620230209,3.7073980093860976
20.742082957000036,3.9899999999999998,1.75,3.87,0.231211103000021,0.24512473200002205,0.21733740600001283,3.8324926614411146,1.3529227620230209,3.7073980093860976
20.792187431000002,3.9899999999999998,1.71,3.87,0.28131557699998666,0.007182450000016161,0.2674418799999785,3.8324926614411146,1.3007690033207278,3.7073980093860976
20.842296324000017,3.98,1.71,3.85,0.043464612000036595,0.05729134300003125,0.02912913000000117,3.8220805852310336,1.3007690033207278,3.6865159703980668
20.892416148999985,3.98,1.71,3.85,0.09358443700000407,0.10741116799999872,0.07924895499996865,3.8220805852310336,1.3007690033207278,3.6865159703980668
20.942492897000022,3.98,1.79,3.85,0.14366118500004177,0.013515885000003891,0.12932570300000634,3.8220805852310336,1.4042791745233565,3.6865159703980668
20.992585529999985,3.98,1.79,3.83,0.04985877699999719,0.06360851799996681,0.035490548999973726,3.8220805852310336,1.4042791745233565,3.6656240942027867
21.04271776600001,3.98,1.79,3.83,0.09999101300002167,0.11374075399999128,0.0856227849999982,3.8220805852310336,1.4042791745233565,3.6656240942027867
21.092817013,3.9899999999999998,1.73,3.83,0.0059305049999807125,0.01999030600001106,0.13572203199998967,3.8324926614411146,1.3269513932318697,3.6656240942027867
21.14286154299998,3.9899999999999998,1.73,3.85,0.05597503499996037,0.07003483599999072,0.04182546299995238,3.8324926614411146,1.3269513932318697,3.6865159703980668
21.19293726799998,3.9899999999999998,1.73,3.85,0.10605075999995961,0.12011056099998996,0.09190118799995162,3.8324926614411146,1.3269513932318697,3.6865159703980668
21.243016302,3.9899999999999998,1.84,3.85,0.012229226999977527,0.026078965000010612,0.1419802219999724,3.8324926614411146,1.4674808346278325,3.6865159703980668
21.293103212000005,3.9899999999999998,1.84,3.85,0.062316136999982064,0.07616587500001515,0.04802269700002171,3.8324926614411146,1.4674808346278325,3.6865159703980668
21.343182173999992,3.9899999999999998,1.84,3.85,0.11239509899996847,0.12624483700000155,0.09810165900000811,3.8324926614411146,1.4674808346278325,3.6865159703980668
21.393256570999995,3.9899999999999998,1.79,3.85,0.018401274999973793,0.03240293499999325,0.004202222999992955,3.8324926614411146,1.4042791745233565,3.6865159703980668
21.443338631000017,3.9899999999999998,1.79,3.85,0.06848333499999626,0.08248499500001572,0.05428428300001542,3.8324926614411146,1.4042791745233565,3.6865159703980668
21.49341703700003,3.9899999999999998,1.79,3.85,0.11856174100000771,0.13256340100002717,0.10436268900002688,3.8324926614411146,1.4042791745233565,3.6865159703980668
21.543493993000027,3.9899999999999998,1.71,3.85,0.02473774200001344,0.03868312200000901,0.010463198000024931,3.8324926614411146,1.3007690033207278,3.6865159703980668
21.593575619000035,3.9899999999999998,1.71,3.85,0.07481936800002131,0.08876474800001688,0.060544824000032804,3.8324926614411146,1.3007690033207278,3.6865159703980668
21.643661259999988,3.9899999999999998,1.71,3.85,0.12490500899997414,0.1388503889999697,0.11063046499998563,3.8324926614411146,1.3007690033207278,3.6865159703980668
21.693743411000014,3.9899999999999998,1.8,3.83,0.03066585300001634,0.04503969400002461,0.01675482699999975,3.8324926614411146,1.4170038814343453,3.6656240942027867
21.743839425000033,3.9899999999999998,1.8,3.83,0.08076186700003518,0.09513570800004345,0.06685084100001859,3.8324926614411146,1.4170038814343453,3.6656240942027867
21.793867723999995,3.9899999999999998,1.84,3.83,0.13079016599999704,0.0011198459999945953,0.11687913999998045,3.8324926614411146,1.4674808346278325,3.6656240942027867
21.843949478000013,3.9899999999999998,1.84,3.85,0.03691428700000188,0.05120160000001306,0.022984017999988282,3.8324926614411146,1.4674808346278325,3.6865159703980668
21.89402831900003,3.9899999999999998,1.84,3.85,0.08699312800001735,0.10128044100002853,0.07306285900000375,3.8324926614411146,1.4674808346278325,3.6865159703980668
21.944115737000004,3.9899999999999998,1.79,3.85,0.13708054599999286,0.007398724999973183,0.12315027699997927,3.8324926614411146,1.4042791745233565,3.6865159703980668
21.994197622,4.0,1.79,3.85,0.04326680399998395,0.05748060999997051,0.029281449999984943,3.842902548855487,1.4042791745233565,3.6865159703980668
22.044281942999987,4.0,1.79,3.85,0.09335112499996967,0.10756493099995623,0.07936577099997066,3.842902548855487,1.4042791745233565,3.6865159703980668
22.094401446000006,4.0,1.76,3.85,0.14347062799998866,0.013748142999986612,0.12948527399998966,3.842902548855487,1.3658330791132567,3.6865159703980668
22.14448254199999,4.0,1.76,3.8400000000000003,0.049591593000002376,0.06382923899997195,0.03562811299997293,3.842902548855487,1.3658330791132567,3.6760712724320244
22.194602847,4.0,1.76,3.8400000000000003,0.09971189800000957,0.11394954399997914,0.08574841799998012,3.842902548855487,1.3658330791132567,3.6760712724320244
22.244680011000014,3.9899999999999998,1.75,3.8400000000000003,0.0057322430000112945,0.020049432999996952,0.1358255819999954,3.8324926614411146,1.3529227620230209,3.6760712724320244
22.294795378999993,3.9899999999999998,1.75,3.85,0.05584761099999014,0.0701648009999758,0.042023862999997164,3.8324926614411146,1.3529227620230209,3.6865159703980668
22.344887071000016,3.9899999999999998,1.75,3.85,0.10593930300001375,0.12025649299999941,0.09211555500002078,3.8324926614411146,1.3529227620230209,3.6865159703980668
22.394991716999982,3.9899999999999998,1.79,3.85,0.012073007999958918,0.026304804999995213,0.14222020099998645,3.8324926614411146,1.4042791745233565,3.6865159703980668
22.445096766000006,3.9899999999999998,1.79,3.86,0.0621780569999828,0.0764098540000191,0.04824960299998793,3.8324926614411146,1.4042791745233565,3.6969582091227373
22.49517597800002,3.9899999999999998,1.79,3.86,0.112257268999997,0.1264890660000333,0.09832881500000212,3.8324926614411146,1.4042791745233565,3.6969582091227373
22.54524918300001,4.03,1.77,3.83,0.018319484000016928,0.03262660400002915,0.004407947000004242,3.8741192547468133,1.378695035169127,3.6656240942027867
22.595331240000007,4.03,1.77,3.83,0.06840154100001428,0.0827086610000265,0.05449000400000159,3.8741192547468133,1.378695035169127,3.6656240942027867
22.645408946000032,4.03,1.77,3.83,0.11847924700003887,0.1327863670000511,0.10456771000002618,3.8741192547468133,1.378695035169127,3.6656240942027867
22.69552260400002,4.0,1.74,3.8400000000000003,0.024678911000023618,0.03856029199999966,0.010738871000000927,3.842902548855487,1.3399626860476377,3.6760712724320244
22.745643710000024,4.0,1.74,3.8400000000000003,0.07480001700002958,0.08868139800000563,0.06085997700000689,3.842902548855487,1.3399626860476377,3.6760712724320244
22.79576041400003,4.0,1.74,3.8400000000000003,0.1249167210000337,0.13879810200000975,0.11097668100001101,3.842902548855487,1.3399626860476377,3.6760712724320244
22.845898653000006,3.9899999999999998,1.78,3.8400000000000003,0.031037008999987847,0.04494956399997818,0.017178264999984094,3.8324926614411146,1.3915099712183165,3.6760712724320244
22.896020050000004,3.9899999999999998,1.78,3.8400000000000003,0.08115840599998592,0.09507096099997625,0.06729966199998216,3.8324926614411146,1.3915099712183165,3.6760712724320244
22.94609404800002,3.9899999999999998,1.75,3.8400000000000003,0.13123240400000213,0.001229466000040702,0.11737365999999838,3.8324926614411146,1.3529227620230209,3.6760712724320244
22.996174137000025,4.0,1.75,3.85,0.037397933000022476,0.05130955500004575,0.023443224000004648,3.842902548855487,1.3529227620230209,3.6865159703980668
23.046256430000028,4.0,1.75,3.85,0.08748022600002514,0.10139184800004841,0.07352551700000731,3.842902548855487,1.3529227620230209,3.6865159703980668
23.09636840400003,4.0,1.8,3.85,0.1375922000000287,0.007511864000036894,0.12363749100001087,3.842902548855487,1.4170038814343453,3.6865159703980668
23.14644977300003,4.0,1.8,3.85,0.04369695299999421,0.05759323300003416,0.02976663900000176,3.842902548855487,1.4170038814343453,3.6865159703980668
23.196563532000027,4.0,1.8,3.85,0.09381071199999269,0.10770699200003264,0.07988039800000024,3.842902548855487,1.4170038814343453,3.6865159703980668
23.24667934400003,4.0,1.79,3.85,0.14392652399999406,0.01388003300002083,0.1299962100000016,3.842902548855487,1.4042791745233565,3.6865159703980668
23.296798001000013,4.0200000000000005,1.79,3.85,0.049975789000029636,0.06399869000000535,0.03610304400001496,3.863715828059823,1.4042791745233565,3.6865159703980668
23.346868368000003,4.0200000000000005,1.79,3.85,0.10004615600001898,0.1140690569999947,0.08617341100000431,3.863715828059823,1.4042791745233565,3.6865159703980668
23.396969490999993,4.0,1.67,3.85,0.006275603999995383,0.020107924000001276,0.13627453399999467,3.842902548855487,1.2477179168385777,3.6865159703980668
23.447049314000026,4.0,1.67,3.85,0.05635542700002816,0.07018774700003405,0.042386380000039026,3.842902548855487,1.2477179168385777,3.6865159703980668
23.497170826,4.0,1.67,3.85,0.10647693900000377,0.12030925900000966,0.09250789200001464,3.842902548855487,1.2477179168385777,3.6865159703980668
23.547280408999995,3.9899999999999998,1.82,3.85,0.012571159000003718,0.02648579199995993,0.14261747500000865,3.8324926614411146,1.4423245127224318,3.6865159703980668
23.597394629999997,3.9899999999999998,1.82,3.8400000000000003,0.0626853800000049,0.07660001299996111,0.048792310000010275,3.8324926614411146,1.4423245127224318,3.6760712724320244
23.64747742100002,3.9899999999999998,1.82,3.8400000000000003,0.11276817100002745,0.12668280399998366,0.09887510100003283,3.8324926614411146,1.4423245127224318,3.6760712724320244
23.697598518000007,3.9899999999999998,1.82,3.8400000000000003,0.1628892680000149,0.17680390099997112,0.14899619800002029,3.8324926614411146,1.4423245127224318,3.6760712724320244
23.747673141999996,3.9899999999999998,1.82,3.8400000000000003,0.21296389200000476,0.22687852499996097,0.19907082200001014,3.8324926614411146,1.4423245127224318,3.6760712724320244
23.797793233999982,3.9899999999999998,1.82,3.8400000000000003,0.2630839839999908,0.276998616999947,0.24919091399999616,3.8324926614411146,1.4423245127224318,3.6760712724320244
23.84792744600003,3.9899999999999998,1.75,3.85,0.025239505000001827,0.0392040320000433,0.011336791000019275,3.8324926614411146,1.3529227620230209,3.6865159703980668
23.89800790800001,3.9899999999999998,1.75,3.85,0.07531996699998444,0.08928449400002592,0.06141725300000189,3.8324926614411146,1.3529227620230209,3.6865159703980668
23.948084070999982,3.9899999999999998,1.75,3.85,0.12539612999995597,0.13936065699999745,0.11149341599997342,3.8324926614411146,1.3529227620230209,3.6865159703980668
23.998193242000013,4.0,1.69,3.85,0.031552001000022756,0.04550539100000606,0.017598395999982586,3.842902548855487,1.274362585765919,3.6865159703980668
24.048274187000004,4.0,1.69,3.85,0.08163294600001336,0.09558633599999666,0.06767934099997319,3.842902548855487,1.274362585765919,3.6865159703980668
24.098371170999997,4.0,1.85,3.85,0.13172993000000588,0.0016663860000107888,0.11777632499996571,3.842902548855487,1.4800000000000002,3.6865159703980668
24.148447439999984,3.9899999999999998,1.85,3.85,0.03784710999997287,0.051742654999998194,0.023926623999955154,3.8324926614411146,1.4800000000000002,3.6865159703980668
24.19852798400001,3.9899999999999998,1.85,3.85,0.0879276539999978,0.10182319900002312,0.07400716799998008,3.8324926614411146,1.4800000000000002,3.6865159703980668
24.248601578000034,3.9899999999999998,1.75,3.85,0.13800124800002322,0.007933474000026308,0.1240807620000055,3.8324926614411146,1.3529227620230209,3.6865159703980668
24.298735769000018,4.01,1.75,3.85,0.044177126000022326,0.05806766500001004,0.0302297559999829,3.8533102652135343,1.3529227620230209,3.6865159703980668
24.348818478999988,4.01,1.75,3.85,0.09425983599999199,0.1081503749999797,0.08031246599995256,3.8533102652135343,1.3529227620230209,3.6865159703980668
24.398911903,3.9899999999999998,1.77,3.85,0.0003418279999891638,0.014324171999987811,0.13040588999996316,3.8324926614411146,1.378695035169127,3.6865159703980668
24.448989986000015,3.9899999999999998,1.77,3.8400000000000003,0.05041991100000587,0.06440225500000452,0.036495309000031284,3.8324926614411146,1.378695035169127,3.6760712724320244
24.499099648000026,3.9899999999999998,1.77,3.8400000000000003,0.10052957300001708,0.11451191700001573,0.0866049710000425,3.8324926614411146,1.378695035169127,3.6760712724320244
24.54917622800002,3.97,1.83,3.8400000000000003,0.006612958000005165,0.020583127999998396,0.13668155100003787,3.8116663022882786,1.454922678357857,3.6760712724320244
24.599290536000012,3.97,1.83,3.85,0.05672726599999578,0.07069743599998901,0.042819677000011325,3.8116663022882786,1.454922678357857,3.6865159703980668
24.64940223100001,3.97,1.83,3.85,0.10683896099999401,0.12080913099998725,0.09293137200000956,3.8116663022882786,1.454922678357857,3.6865159703980668
24.699532705000024,3.9899999999999998,1.77,3.85,0.013018943000020045,0.026952580999989095,0.14306184600002325,3.8324926614411146,1.378695035169127,3.6865159703980668
24.749662075999993,3.9899999999999998,1.77,3.85,0.06314831399998866,0.07708195199995771,0.048868699999957244,3.8324926614411146,1.378695035169127,3.6865159703980668
24.79976656399998,3.9899999999999998,1.77,3.85,0.11325280199997678,0.12718643999994583,0.09897318799994537,3.8324926614411146,1.378695035169127,3.6865159703980668
24.849966574999996,4.01,1.84,3.8400000000000003,0.01948760699997365,0.03342416899999989,0.005257256999982474,3.8533102652135343,1.4674808346278325,3.6760712724320244
24.90009782499999,4.01,1.84,3.8400000000000003,0.06961885699996628,0.08355541899999253,0.05538850699997511,3.8533102652135343,1.4674808346278325,3.6760712724320244
24.950173508000034,4.01,1.84,3.8400000000000003,0.11969454000001178,0.13363110200003803,0.10546419000002061,3.8533102652135343,1.4674808346278325,3.6760712724320244
25.000255466999988,4.01,1.73,3.85,0.02577405199997429,0.039703409999958694,0.011544249999985823,3.8533102652135343,1.3269513932318697,3.6865159703980668
25.050373864999983,4.01,1.73,3.85,0.07589244999996936,0.08982180799995376,0.06166264799998089,3.8533102652135343,1.3269513932318697,3.6865159703980668
25.10050734700002,4.01,1.73,3.85,0.12602593200000456,0.13995528999998896,0.11179613000001609,3.8533102652135343,1.3269513932318697,3.6865159703980668
25.150584459000015,3.9899999999999998,1.76,3.89,0.03214770099998532,0.0461234539999964,0.01785435200002894,3.8324926614411146,1.3658330791132567,3.7282703764614498
25.200668714000017,3.9899999999999998,1.76,3.89,0.0822319559999869,0.09620770899999798,0.06793860700003052,3.8324926614411146,1.3658330791132567,3.7282703764614498
25.250737894999986,3.9899999999999998,1.77,3.89,0.13230113699995627,0.0022389459999772043,0.11800778799999989,3.8324926614411146,1.378695035169127,3.7282703764614498
25.300868414000036,3.98,1.77,3.86,0.03844161800003576,0.052369465000026594,0.02417406500001107,3.8220805852310336,1.378695035169127,3.6969582091227373
25.350945929000034,3.98,1.77,3.86,0.08851913300003389,0.10244698000002472,0.0742515800000092,3.8220805852310336,1.378695035169127,3.6969582091227373
25.401026332000015,3.98,1.84,3.86,0.13859953600001518,0.008571856000003208,0.12433198299999049,3.8220805852310336,1.4674808346278325,3.6969582091227373
25.451132196999993,3.9899999999999998,1.84,3.85,0.044745342999988225,0.05867772099998092,0.03040785700000015,3.8324926614411146,1.4674808346278325,3.6865159703980668
25.501261217000035,3.9899999999999998,1.84,3.85,0.09487436300003083,0.10880674100002352,0.08053687700004275,3.8324926614411146,1.4674808346278325,3.6865159703980668
25.55132600799999,4.0,1.87,3.85,0.0005957340000009026,0.014868757999977333,0.13060166799999706,3.842902548855487,1.5049252473129688,3.6865159703980668
25.601410191000014,4.0,1.87,3.85,0.05067991700002494,0.06495294100000137,0.036757814999987204,3.842902548855487,1.5049252473129688,3.6865159703980668
25.651525556000024,4.0,1.87,3.85,0.10079528200003551,0.11506830600001194,0.08687317999999777,3.842902548855487,1.5049252473129688,3.6865159703980668
25.701606723999987,3.9899999999999998,1.76,3.85,0.006905421999988448,0.02116370199996709,0.13695434799996065,3.8324926614411146,1.3658330791132567,3.6865159703980668
25.751718614000026,3.9899999999999998,1.76,3.86,0.05701731200002769,0.07127559200000633,0.04317395300000726,3.8324926614411146,1.3658330791132567,3.6969582091227373
25.80185563499998,3.9899999999999998,1.76,3.86,0.10715433299998267,0.12141261299996131,0.09331097399996224,3.8324926614411146,1.3658330791132567,3.6969582091227373
25.851935570000023,4.0200000000000005,1.75,3.86,0.013271280000026309,0.027548774000024423,0.14339090900000429,3.863715828059823,1.3529227620230209,3.6969582091227373
25.902040975000034,4.0200000000000005,1.75,3.85,0.06337668500003701,0.07765417900003513,0.04952874100001736,3.863715828059823,1.3529227620230209,3.6865159703980668
25.952118208,4.0200000000000005,1.75,3.85,0.1134539180000047,0.12773141200000282,0.09960597399998505,3.863715828059823,1.3529227620230209,3.6865159703980668
26.002197599,4.0200000000000005,1.75,3.86,0.01961003499997105,0.033895568999980696,0.005697767000015119,3.863715828059823,1.3529227620230209,3.6969582091227373
26.052280063000012,4.0200000000000005,1.75,3.86,0.06969249899998431,0.08397803299999396,0.05578023100002838,3.863715828059823,1.3529227620230209,3.6969582091227373
26.102359595999985,4.0200000000000005,1.75,3.86,0.11977203199995756,0.1340575659999672,0.10585976400000163,3.863715828059823,1.3529227620230209,3.6969582091227373
26.15243744899999,4.0,1.8,3.85,0.025905937000004542,0.04010875000000169,0.011952093999980207,3.842902548855487,1.4170038814343453,3.6865159703980668
26.202543999,4.0,1.8,3.85,0.07601248700001406,0.09021530000001121,0.06205864399998973,3.842902548855487,1.4170038814343453,3.6865159703980668
26.252622718999987,4.0,1.8,3.85,0.12609120700000176,0.1402940199999989,0.11213736399997742,3.842902548855487,1.4170038814343453,3.6865159703980668
26.302707138000017,3.98,1.84,3.85,0.032168455000032736,0.04641503400000602,0.018220810999991954,3.8220805852310336,1.4674808346278325,3.6865159703980668
26.352822753999988,3.98,1.84,3.85,0.08228407100000368,0.09653064999997696,0.0683364269999629,3.8220805852310336,1.4674808346278325,3.6865159703980668
26.402859286000023,3.98,1.76,3.85,0.13232060300003923,0.0025623050000262992,0.11837295899999845,3.8220805852310336,1.3658330791132567,3.6865159703980668
26.452938517999996,4.0,1.76,3.85,0.03834354700001086,0.052641536999999516,0.024448690999975042,3.842902548855487,1.3658330791132567,3.6865159703980668
26.503024234999998,4.0,1.76,3.85,0.08842926400001261,0.10272725400000127,0.07453440799997679,3.842902548855487,1.3658330791132567,3.6865159703980668
26.553098694000028,4.0,1.76,3.85,0.1385037230000421,0.008818709000024683,0.12460886700000628,3.842902548855487,1.3658330791132567,3.6865159703980668
26.603180460000033,4.01,1.76,3.85,0.04464190500004861,0.05890047500002993,0.030720786000017597,3.8533102652135343,1.3658330791132567,3.6865159703980668
26.653298180000036,4.01,1.76,3.85,0.09475962500005153,0.10901819500003285,0.08083850600002052,3.8533102652135343,1.3658330791132567,3.6865159703980668
26.703424288000008,4.01,1.76,3.85,0.14488573300002372,0.15914430300000504,0.1309646139999927,3.8533102652135343,1.3658330791132567,3.6865159703980668
26.753501819000007,4.01,1.76,3.85,0.19496326400002317,0.2092218340000045,0.18104214499999216,3.8533102652135343,1.3658330791132567,3.6865159703980668
26.803582119999987,4.01,1.76,3.85,0.24504356500000313,0.25930213499998445,0.23112244599997211,3.8533102652135343,1.3658330791132567,3.6865159703980668
26.853664132999995,3.9899999999999998,1.78,3.85,0.007241230999966319,0.021096716999977616,0.28120445899998003,3.8324926614411146,1.3915099712183165,3.6865159703980668
26.903745197000035,3.9899999999999998,1.78,3.86,0.05732229500000585,0.07117778100001715,0.04337184800004934,3.8324926614411146,1.3915099712183165,3.6969582091227373
26.95384500099999,3.9899999999999998,1.78,3.86,0.10742209899996169,0.12127758499997299,0.09347165200000518,3.8324926614411146,1.3915099712183165,3.6969582091227373
27.003896034000036,3.9899999999999998,1.79,3.86,0.013466403000052196,0.027389950000042518,0.1435226850000504,3.8324926614411146,1.4042791745233565,3.6969582091227373
27.05397589300003,3.9899999999999998,1.79,3.86,0.06354626200004532,0.07746980900003564,0.049714063000010356,3.8324926614411146,1.4042791745233565,3.6969582091227373
27.104081844999996,3.9899999999999998,1.79,3.86,0.11365221400001246,0.12757576100000279,0.0998200149999775,3.8324926614411146,1.4042791745233565,3.6969582091227373
27.15416540000001,4.01,1.78,3.87,0.019701465000025564,0.03364351999999826,0.005792476999999963,3.8533102652135343,1.3915099712183165,3.7073980093860976
27.204243502999987,4.01,1.78,3.87,0.06977956800000129,0.08372162299997399,0.05587057999997569,3.8533102652135343,1.3915099712183165,3.7073980093860976
27.254323408000005,4.01,1.78,3.87,0.11985947300001953,0.13380152799999223,0.10595048499999393,3.8533102652135343,1.3915099712183165,3.7073980093860976
27.30441779800003,4.0200000000000005,1.83,3.85,0.026049875000012435,0.03992542200001026,0.01212171299999909,3.863715828059823,1.454922678357857,3.6865159703980668
27.354502432999993,4.0200000000000005,1.83,3.85,0.0761345099999744,0.09001005699997222,0.062206347999961054,3.863715828059823,1.454922678357857,3.6865159703980668
27.404581759999985,4.0200000000000005,1.83,3.85,0.12621383699996613,0.14008938399996396,0.11228567499995279,3.863715828059823,1.454922678357857,3.6865159703980668
27.454660907999994,3.98,1.76,3.85,0.03225951299998542,0.04624790099995835,0.01832457099999374,3.8220805852310336,1.3658330791132567,3.6865159703980668
27.504783032000034,3.98,1.76,3.85,0.08238163700002588,0.0963700249999988,0.0684466950000342,3.8220805852310336,1.3658330791132567,3.6865159703980668
27.554861318000007,3.98,1.85,3.85,0.13245992299999898,0.002413433000015175,0.1185249810000073,3.8220805852310336,1.4800000000000002,3.6865159703980668
27.604963774999987,4.03,1.85,3.85,0.03864540899996882,0.052515889999995125,0.02470683699999654,3.8741192547468133,1.4800000000000002,3.6865159703980668
27.655064745999994,4.03,1.85,3.85,0.08874637999997503,0.10261686100000134,0.07480780800000275,3.8741192547468133,1.4800000000000002,3.6865159703980668
27.705185313000015,4.03,1.84,3.85,0.1388669469999968,0.008786454000016874,0.12492837500002452,3.8741192547468133,1.4674808346278325,3.6865159703980668
27.755264097999998,4.0200000000000005,1.84,3.85,0.04493736000000581,0.05886523899999929,0.031036475000007613,3.863715828059823,1.4674808346278325,3.6865159703980668
27.805343239000024,4.0200000000000005,1.84,3.85,0.0950165010000319,0.10894438000002538,0.0811156160000337,3.863715828059823,1.4674808346278325,3.6865159703980668
27.855406372000004,3.9899999999999998,1.75,3.85,0.0011058270000035009,0.015044955000007576,0.13117874900001425,3.8324926614411146,1.3529227620230209,3.6865159703980668
27.90553531500001,3.9899999999999998,1.75,3.85,0.05123477000000776,0.06517389800001183,0.03730937300002779,3.8324926614411146,1.3529227620230209,3.6865159703980668
27.95564916500001,3.9899999999999998,1.75,3.85,0.10134862000001021,0.11528774800001429,0.08742322300003025,3.8324926614411146,1.3529227620230209,3.6865159703980668
28.005762188000006,4.04,1.74,3.85,0.007421852999982548,0.021446520999973018,0.13753624600002468,3.884520562437532,1.3399626860476377,3.6865159703980668
28.055893739,4.04,1.74,3.86,0.05755340399997522,0.07157807199996569,0.04372227300001441,3.884520562437532,1.3399626860476377,3.6969582091227373
28.10599920200002,4.04,1.74,3.86,0.10765886699999783,0.1216835349999883,0.09382773600003702,3.884520562437532,1.3399626860476377,3.6969582091227373
28.156169938999994,4.0,1.79,3.86,0.013959483999997246,0.027851268999995682,0.14399847300001056,3.842902548855487,1.4042791745233565,3.6969582091227373
28.206248303999985,4.0,1.79,3.85,0.06403784899998755,0.07792963399998598,0.050011761999996907,3.842902548855487,1.4042791745233565,3.6865159703980668
28.256329773000004,4.0,1.79,3.85,0.1141193180000073,0.12801110300000573,0.10009323100001666,3.842902548855487,1.4042791745233565,3.6865159703980668
28.306406922999997,4.0,1.76,3.85,0.020176818999971147,0.034111496999969404,0.0062787339999772485,3.842902548855487,1.3658330791132567,3.6865159703980668
28.35652684500002,4.0,1.76,3.85,0.07029674099999283,0.08423141899999109,0.05639865599999894,3.842902548855487,1.3658330791132567,3.6865159703980668
28.406604550999987,4.0,1.76,3.85,0.12037444699996058,0.13430912499995884,0.10647636199996668,3.842902548855487,1.3658330791132567,3.6865159703980668
28.456687524000017,4.0,1.74,3.8400000000000003,0.026476041000023542,0.040420792000020356,0.012556660000029751,3.842902548855487,1.3399626860476377,3.6760712724320244
28.50682980700003,4.0,1.74,3.8400000000000003,0.07661832400003732,0.09056307500003413,0.06269894300004353,3.842902548855487,1.3399626860476377,3.6760712724320244
28.556932517000007,4.0,1.74,3.8400000000000003,0.12672103400001333,0.14066578500001015,0.11280165300001954,3.842902548855487,1.3399626860476377,3.6760712724320244
28.607033365000007,4.0,1.89,3.86,0.032885614000008445,0.0467476630000192,0.01894254000001183,3.842902548855487,1.5297058540778354,3.6969582091227373
28.657147639000016,4.0,1.89,3.86,0.08299988800001756,0.09686193700002832,0.06905681400002095,3.842902548855487,1.5297058540778354,3.6969582091227373
28.707258069000034,4.0,1.82,3.86,0.13311031800003548,0.003033111000036115,0.11916724400003886,3.842902548855487,1.4423245127224318,3.6969582091227373
28.757340575,4.0,1.82,3.85,0.03913774799997327,0.05311561700000311,0.024957357999994656,3.842902548855487,1.4423245127224318,3.6865159703980668
28.807418713000004,4.0,1.82,3.85,0.08921588599997676,0.1031937550000066,0.07503549599999815,3.842902548855487,1.4423245127224318,3.6865159703980668
28.857496243000014,4.0,1.75,3.85,0.1392934159999868,0.00930343800001765,0.12511302600000818,3.842902548855487,1.3529227620230209,3.6865159703980668
28.90757759799999,3.9899999999999998,1.75,3.85,0.045438961999991534,0.05938479299999244,0.031192473999965387,3.8324926614411146,1.3529227620230209,3.6865159703980668
28.957661761999987,3.9899999999999998,1.75,3.85,0.09552312599998913,0.10946895699999004,0.08127663799996299,3.8324926614411146,1.3529227620230209,3.6865159703980668
29.00773189800003,4.0,1.75,3.85,0.0016219360000491179,0.015556677000006403,0.13134677400000783,3.842902548855487,1.3529227620230209,3.6865159703980668
29.057823617999986,4.0,1.75,3.85,0.051713656000003994,0.06564839699996128,0.03745970599999282,3.842902548855487,1.3529227620230209,3.6865159703980668
29.107946757000036,4.0,1.75,3.85,0.10183679500005383,0.11577153600001111,0.08758284500004265,3.842902548855487,1.3529227620230209,3.6865159703980668
29.158024694000005,4.01,1.85,3.85,0.007941530999971746,0.021851070000025175,0.13766078200001175,3.8533102652135343,1.4800000000000002,3.6865159703980668
29.208104858000013,4.01,1.85,3.83,0.058021694999979445,0.07193123400003287,0.04380169900002784,3.8533102652135343,1.4800000000000002,3.6656240942027867
29.258187292000002,4.01,1.85,3.83,0.10810412899996891,0.12201366800002234,0.0938841330000173,3.8533102652135343,1.4800000000000002,3.6656240942027867
29.30826030899999,3.9899999999999998,1.8,3.83,0.014211603999967792,0.02810445699998354,0.14395715000000564,3.8324926614411146,1.4170038814343453,3.6656240942027867
29.358354355000017,3.9899999999999998,1.8,3.86,0.06430564999999433,0.07819850300001008,0.049936269999989236,3.8324926614411146,1.4170038814343453,3.6969582091227373
29.40843365500001,3.9899999999999998,1.8,3.86,0.11438494999998738,0.12827780300000313,0.10001556999998229,3.8324926614411146,1.4170038814343453,3.6969582091227373
29.458513708999988,4.01,1.69,3.85,0.020431471999984296,0.034407634999979564,0.006236180999962926,3.8533102652135343,1.274362585765919,3.6865159703980668
29.50863286499998,4.01,1.69,3.85,0.07055062799997813,0.0845267909999734,0.05635533699995676,3.8533102652135343,1.274362585765919,3.6865159703980668
29.558760643000028,4.01,1.69,3.85,0.12067840600002455,0.13465456900001982,0.10648311500000318,3.8533102652135343,1.274362585765919,3.6865159703980668
29.608866751999983,3.9899999999999998,1.77,3.86,0.026855848999957743,0.04081195599997045,0.012605139999948278,3.8324926614411146,1.378695035169127,3.6969582091227373
29.65894818999999,3.9899999999999998,1.77,3.86,0.07693728699996427,0.09089339399997698,0.0626865779999548,3.8324926614411146,1.378695035169127,3.6969582091227373
29.70903031199998,3.9899999999999998,1.77,3.86,0.12701940899995634,0.14097551599996905,0.11276869999994688,3.8324926614411146,1.378695035169127,3.6969582091227373
29.759151212999996,3.9899999999999998,1.77,3.86,0.1771403099999702,0.19109641699998292,0.16288960099996075,3.8324926614411146,1.378695035169127,3.6969582091227373
29.809230788000036,3.9899999999999998,1.77,3.86,0.2272198850000109,0.2411759920000236,0.21296917600000143,3.8324926614411146,1.378695035169127,3.6969582091227373
29.859308209000005,3.9899999999999998,1.8,3.86,0.2772973059999799,0.0032377289999772074,0.26304659699997046,3.8324926614411146,1.4170038814343453,3.6969582091227373
29.90939079000003,3.9899999999999998,1.8,3.8400000000000003,0.039129120000040984,0.0533203100000037,0.025171976000024188,3.8324926614411146,1.4170038814343453,3.6760712724320244
29.959504348999985,3.9899999999999998,1.8,3.8400000000000003,0.0892426789999945,0.10343386899995721,0.0752855349999777,3.8324926614411146,1.4170038814343453,3.6760712724320244
30.009583394000003,3.9899999999999998,1.79,3.8400000000000003,0.13932172400001264,0.009558898000022964,0.12536457999999584,3.8324926614411146,1.4042791745233565,3.6760712724320244
30.059664250000026,4.01,1.79,3.8400000000000003,0.045450200999994195,0.059639754000045286,0.03146607299999005,3.8533102652135343,1.4042791745233565,3.6760712724320244
30.109745486999998,4.01,1.79,3.8400000000000003,0.09553143799996633,0.10972099100001742,0.08154730999996218,3.8533102652135343,1.4042791745233565,3.6760712724320244
30.159870541000032,3.98,1.76,3.8400000000000003,0.001646611000012399,0.015887458999998216,0.13167236399999638,3.8220805852310336,1.3658330791132567,3.6760712724320244
30.209948724000014,3.98,1.76,3.83,0.051724793999994745,0.06596564199998056,0.03779943799997909,3.8220805852310336,1.3658330791132567,3.6656240942027867
30.26002976000001,3.98,1.76,3.83,0.10180582999998933,0.11604667799997515,0.08788047399997367,3.8220805852310336,1.3658330791132567,3.6656240942027867
30.31010968999999,3.9899999999999998,1.78,3.83,0.00795156499998484,0.02213098900000432,0.1379604039999549,3.8324926614411146,1.3915099712183165,3.6656240942027867
30.360187107,3.9899999999999998,1.78,3.85,0.058028981999996176,0.07220840600001566,0.04400208599997768,3.8324926614411146,1.3915099712183165,3.6865159703980668
30.41026562600001,3.9899999999999998,1.78,3.85,0.10810750100000632,0.1222869250000258,0.09408060499998783,3.8324926614411146,1.3915099712183165,3.6865159703980668
30.460328497000035,4.01,1.82,3.85,0.014139650000004167,0.02838625200001843,0.00023556300004656805,3.8533102652135343,1.4423245127224318,3.6865159703980668
30.510444868000036,4.01,1.82,3.85,0.0642560210000056,0.07850262300001987,0.050351934000048004,3.8533102652135343,1.4423245127224318,3.6865159703980668
30.56050811099999,4.01,1.82,3.85,0.11431926399995973,0.128565865999974,0.10041517700000213,3.8533102652135343,1.4423245127224318,3.6865159703980668
30.610591526999997,3.9899999999999998,1.82,3.86,0.02045219100000395,0.03438776799998777,0.006506085000012263,3.8324926614411146,1.4423245127224318,3.6969582091227373
30.660673152000015,3.9899999999999998,1.82,3.86,0.0705338160000224,0.08446939300000622,0.05658771000003071,3.8324926614411146,1.4423245127224318,3.6969582091227373
30.710790498999984,3.9899999999999998,1.82,3.86,0.1206511629999909,0.13458673999997472,0.10670505699999921,3.8324926614411146,1.4423245127224318,3.6969582091227373
30.76086813400002,3.9899999999999998,1.85,3.85,0.026720651999994516,0.04062213399998882,0.01280268700003262,3.8324926614411146,1.4800000000000002,3.6865159703980668
30.81096029500003,3.9899999999999998,1.85,3.85,0.07681281300000364,0.09071429499999795,0.06289484800004175,3.8324926614411146,1.4800000000000002,3.6865159703980668
30.861040662999983,3.9899999999999998,1.85,3.85,0.12689318099995717,0.14079466299995147,0.11297521599999527,3.8324926614411146,1.4800000000000002,3.6865159703980668
30.91114595099998,4.0,1.73,3.85,0.032996809999986,0.046936520999963705,0.019087240999965616,3.842902548855487,1.3269513932318697,3.6865159703980668
30.961231003000023,4.0,1.73,3.85,0.08308186200002865,0.09702157300000636,0.06917229300000827,3.842902548855487,1.3269513932318697,3.6865159703980668
31.01130485599998,4.0,1.72,3.85,0.13315571499998669,0.003127814999970724,0.1192461459999663,3.842902548855487,1.3138873619911258,3.6865159703980668
31.061381799999992,4.01,1.72,3.86,0.03931358199997703,0.053204758999982005,0.025361069999974006,3.8533102652135343,1.3138873619911258,3.6969582091227373
31.111496244000023,4.01,1.72,3.86,0.08942802600000732,0.1033192030000123,0.0754755140000043,3.8533102652135343,1.3138873619911258,3.6969582091227373
31.16161214599998,4.01,1.84,3.86,0.1395439279999664,0.00950489199999538,0.12559141599996337,3.8533102652135343,1.4674808346278325,3.6969582091227373
31.211729692999995,4.0,1.84,3.8400000000000003,0.04567362799997454,0.05962243900000885,0.03172206199997163,3.842902548855487,1.4674808346278325,3.6760712724320244
31.261843709000004,4.0,1.84,3.8400000000000003,0.09578764399998363,0.10973645500001794,0.08183607799998072,3.842902548855487,1.4674808346278325,3.6760712724320244
31.311917911000023,4.0,1.76,3.8400000000000003,0.0018305080000118323,0.01569268700001203,0.1319102799999996,3.842902548855487,1.3658330791132567,3.6760712724320244
31.36202296900001,4.0,1.76,3.83,0.05193556599999738,0.06579774499999758,0.03800240999999005,3.842902548855487,1.3658330791132567,3.6656240942027867
31.412130892999983,4.0,1.76,3.83,0.10204348999997137,0.11590566899997157,0.08811033399996404,3.842902548855487,1.3658330791132567,3.6656240942027867
31.462241329999983,4.01,1.85,3.83,0.008227691000001869,0.022155232999978125,0.13822077099996477,3.8533102652135343,1.4800000000000002,3.6656240942027867
31.51235420400002,4.01,1.85,3.85,0.05834056500003726,0.07226810700001352,0.044407464000016716,3.8533102652135343,1.4800000000000002,3.6865159703980668
31.562471228999982,4.01,1.85,3.85,0.10845759000000044,0.12238513199997669,0.0945244889999799,3.8533102652135343,1.4800000000000002,3.6865159703980668
31.61253623700003,4.0200000000000005,1.75,3.85,0.014461345000029269,0.02843737700004567,0.0005812870000454495,3.863715828059823,1.3529227620230209,3.6865159703980668
31.662615421999988,4.0200000000000005,1.75,3.85,0.06454052999998794,0.07851656200000434,0.05066047200000412,3.863715828059823,1.3529227620230209,3.6865159703980668
31.712681288,4.0200000000000005,1.75,3.85,0.11460639599999922,0.12858242800001563,0.1007263380000154,3.863715828059823,1.3529227620230209,3.6865159703980668
31.762762173,4.0,1.79,3.83,0.020847373999970387,0.03467193899996346,0.0067983089999756885,3.842902548855487,1.4042791745233565,3.6656240942027867
31.812871811000036,4.0,1.79,3.83,0.07095701200000804,0.08478157700000111,0.05690794700001334,3.842902548855487,1.4042791745233565,3.6656240942027867
31.86294841900002,4.0,1.79,3.83,0.12103361999999152,0.1348581849999846,0.10698455499999682,3.842902548855487,1.4042791745233565,3.6656240942027867
31.91302833100002,4.01,1.82,3.85,0.02705217499999435,0.040953962999992655,0.013070671000036782,3.8533102652135343,1.4423245127224318,3.6865159703980668
31.963109169000006,4.01,1.82,3.85,0.07713301299997966,0.09103480099997796,0.06315150900002209,3.8533102652135343,1.4423245127224318,3.6865159703980668
32.013188275000005,4.01,1.82,3.85,0.12721211899997797,0.14111390699997628,0.11323061500002041,3.8533102652135343,1.4423245127224318,3.6865159703980668
32.063297358,3.9899999999999998,1.82,3.85,0.03335352599998487,0.04724090100000922,0.019398296000019855,3.8324926614411146,1.4423245127224318,3.6865159703980668
32.11337645200001,3.9899999999999998,1.82,3.85,0.0834326199999964,0.09731999500002075,0.06947739000003139,3.8324926614411146,1.4423245127224318,3.6865159703980668
32.16345296999998,3.9899999999999998,1.75,3.85,0.13350913799996533,0.003476650999971298,0.11955390800000032,3.8324926614411146,1.3529227620230209,3.6865159703980668
32.213573403,4.01,1.75,3.85,0.03967579300001489,0.05359708399998908,0.0257189249999783,3.8533102652135343,1.3529227620230209,3.6865159703980668
32.26369673800002,4.01,1.75,3.85,0.08979912800003831,0.1037204190000125,0.07584226000000172,3.8533102652135343,1.3529227620230209,3.6865159703980668
32.313858090999986,4.01,1.79,3.85,0.1399604810000028,0.009837650999998004,0.1260036129999662,3.8533102652135343,1.4042791745233565,3.6865159703980668
32.36398021000002,3.9899999999999998,1.79,3.8400000000000003,0.04613101900002903,0.059959770000034496,0.032128131000035864,3.8324926614411146,1.4042791745233565,3.6760712724320244
32.414102883,3.9899999999999998,1.79,3.8400000000000003,0.09625369200000478,0.11008244300001024,0.08225080400001161,3.8324926614411146,1.4042791745233565,3.6760712724320244
32.464209831000005,3.9899999999999998,1.72,3.8400000000000003,0.002302739000015208,0.016290165999976125,0.13235775200001854,3.8324926614411146,1.3138873619911258,3.6760712724320244
32.51432387900002,3.9899999999999998,1.72,3.8400000000000003,0.05241678700002694,0.06640421399998786,0.03847684800001616,3.8324926614411146,1.3138873619911258,3.6760712724320244
32.56445096499999,3.9899999999999998,1.72,3.8400000000000003,0.1025438730000019,0.11653129999996281,0.08860393399999111,3.8324926614411146,1.3138873619911258,3.6760712724320244
32.61452974500003,3.98,1.84,3.8400000000000003,0.008642808000047353,0.022606499999994867,0.1386827140000264,3.8220805852310336,1.4674808346278325,3.6760712724320244
32.664654633,3.98,1.84,3.89,0.05876769600001808,0.07273138799996559,0.044893838000007236,3.8220805852310336,1.4674808346278325,3.7282703764614498
32.714769417000014,3.98,1.84,3.89,0.10888248000003387,0.12284617199998138,0.09500862200002302,3.8220805852310336,1.4674808346278325,3.7282703764614498
32.76491393200001,3.98,1.84,3.89,0.15902699500003337,0.17299068699998088,0.14515313700002253,3.8220805852310336,1.4674808346278325,3.7282703764614498
32.81499322500002,3.98,1.84,3.89,0.2091062880000436,0.22306997999999112,0.19523243000003276,3.8220805852310336,1.4674808346278325,3.7282703764614498
32.86512168799999,3.98,1.84,3.89,0.25923475100000815,0.27319844299995566,0.2453608929999973,3.8220805852310336,1.4674808346278325,3.7282703764614498
32.91524042000003,4.03,1.75,3.85,0.021399784000038835,0.03534413800002767,0.007149523000009594,3.8741192547468133,1.3529227620230209,3.6865159703980668
32.96532116100002,4.03,1.75,3.85,0.07148052500002677,0.08542487900001561,0.05723026399999753,3.8741192547468133,1.3529227620230209,3.6865159703980668
33.015399506999984,4.03,1.75,3.85,0.12155887099999063,0.13550322499997947,0.10730860999996139,3.8741192547468133,1.3529227620230209,3.6865159703980668
33.06551566600001,4.0,1.75,3.85,0.027724896999984594,0.04164976599997772,0.013471472999981415,3.842902548855487,1.3529227620230209,3.6865159703980668
33.115625892000025,4.0,1.75,3.85,0.07783512299999984,0.09175999199999296,0.06358169899999666,3.842902548855487,1.3529227620230209,3.6865159703980668
33.16570734200002,4.0,1.75,3.85,0.12791657299999315,0.14184144199998627,0.11366314899998997,3.842902548855487,1.3529227620230209,3.6865159703980668
33.215841522999995,4.0200000000000005,1.8,3.87,0.03405061000000842,0.04802997899997763,0.019816566999963925,3.863715828059823,1.4170038814343453,3.7073980093860976
33.265947918999984,4.0200000000000005,1.8,3.87,0.08415700599999809,0.0981363749999673,0.0699229629999536,3.863715828059823,1.4170038814343453,3.7073980093860976
33.31604909700002,4.0200000000000005,1.78,3.87,0.1342581840000321,0.0042877760000124,0.1200241409999876,3.863715828059823,1.3915099712183165,3.7073980093860976
33.36617525899999,4.0,1.78,3.85,0.040441977000000406,0.054413937999981954,0.026151118999962364,3.842902548855487,1.3915099712183165,3.6865159703980668
33.416255465000006,4.0,1.78,3.85,0.09052218300001869,0.10449414400000023,0.07623132499998064,3.842902548855487,1.3915099712183165,3.6865159703980668
33.466374400999996,4.0,1.82,3.85,0.14064111900000853,0.010599772999967172,0.1263502609999705,3.842902548855487,1.4423245127224318,3.6865159703980668
33.51648896900002,3.9899999999999998,1.82,3.85,0.04678258500001675,0.06071434099999351,0.03252461200003154,3.8324926614411146,1.4423245127224318,3.6865159703980668
33.566602423999996,3.9899999999999998,1.82,3.85,0.09689603999999008,0.11082779599996684,0.08263806700000487,3.8324926614411146,1.4423245127224318,3.6865159703980668
33.616705142,3.98,1.75,3.85,0.0027214950000029603,0.016989825999985442,0.13274078500000996,3.8220805852310336,1.3529227620230209,3.6865159703980668
33.66683803699999,3.98,1.75,3.85,0.052854389999993145,0.06712272099997563,0.038873422999984086,3.8220805852310336,1.3529227620230209,3.6865159703980668
33.71694297800002,3.98,1.75,3.85,0.1029593310000223,0.11722766200000478,0.08897836400001324,3.8220805852310336,1.3529227620230209,3.6865159703980668
33.76704725899998,3.9899999999999998,1.71,3.85,0.009041839999952117,0.023266678999959822,0.13908264499997358,3.8324926614411146,1.3007690033207278,3.6865159703980668
33.817147146000025,3.9899999999999998,1.71,3.85,0.059141726999996536,0.07336656600000424,0.04523140700001704,3.8324926614411146,1.3007690033207278,3.6865159703980668
33.86727691599998,3.9899999999999998,1.71,3.85,0.10927149699995198,0.12349633599995968,0.09536117699997249,3.8324926614411146,1.3007690033207278,3.6865159703980668
33.91738111300003,4.0,1.8,3.86,0.01536090500002274,0.02965540200000305,0.0014881840000384727,3.842902548855487,1.4170038814343453,3.6969582091227373
33.967459037000026,4.0,1.8,3.86,0.06543882900001563,0.07973332599999594,0.05156610800003136,3.842902548855487,1.4170038814343453,3.6969582091227373
34.01752979700001,4.0,1.8,3.86,0.11550958899999841,0.12980408599997872,0.10163686800001415,3.842902548855487,1.4170038814343453,3.6969582091227373
34.067652173,4.0,1.78,3.85,0.021698259999993752,0.035970149999968726,0.0077610700000150246,3.842902548855487,1.3915099712183165,3.6865159703980668
34.117765916999986,4.0,1.78,3.85,0.07181200399998033,0.08608389399995531,0.057874814000001606,3.842902548855487,1.3915099712183165,3.6865159703980668
34.16790623000003,4.0,1.78,3.85,0.12195231700002296,0.13622420699999793,0.10801512700004423,3.842902548855487,1.3915099712183165,3.6865159703980668
34.217970874,4.0200000000000005,1.77,3.8400000000000003,0.028013760000021648,0.042340722000005826,0.014131318000011106,3.863715828059823,1.378695035169127,3.6760712724320244
34.26810605700001,4.0200000000000005,1.77,3.8400000000000003,0.07814894300003061,0.09247590500001479,0.06426650100002007,3.863715828059823,1.378695035169127,3.6760712724320244
34.318188873999986,4.0200000000000005,1.77,3.8400000000000003,0.12823176000000558,0.14255872199998976,0.11434931799999504,3.863715828059823,1.378695035169127,3.6760712724320244
34.368267936999985,4.0,1.72,3.8400000000000003,0.034348353999973824,0.04868107799995869,0.020409559999961857,3.842902548855487,1.3138873619911258,3.6760712724320244
34.418381453999984,4.0,1.72,3.8400000000000003,0.0844618709999736,0.09879459499995846,0.07052307699996163,3.842902548855487,1.3138873619911258,3.6760712724320244
34.468495507,4.0,1.74,3.8400000000000003,0.1345759239999893,0.004527300000006562,0.12063712999997733,3.842902548855487,1.3399626860476377,3.6760712724320244
34.518573737,3.98,1.74,3.83,0.04077401500001088,0.054605530000003455,0.02677899200000411,3.8220805852310336,1.3399626860476377,3.6656240942027867
34.56865509099998,3.98,1.74,3.83,0.09085536899999624,0.10468688399998882,0.07686034599998948,3.8220805852310336,1.3399626860476377,3.6656240942027867
34.61877568900002,3.98,1.83,3.83,0.14097596700003123,0.010875349999992068,0.12698094400002446,3.8220805852310336,1.454922678357857,3.6656240942027867
34.668895126999985,3.9899999999999998,1.83,3.83,0.04708104599995977,0.0609947879999595,0.03309905999998364,3.8324926614411146,1.454922678357857,3.6656240942027867
34.718996086000004,3.9899999999999998,1.83,3.83,0.0971820049999792,0.11109574699997893,0.08320001900000307,3.8324926614411146,1.454922678357857,3.6656240942027867
34.769067952,4.01,1.75,3.83,0.0032231210000190913,0.01712331900000663,0.1332718849999992,3.8533102652135343,1.3529227620230209,3.6656240942027867
34.81914581699999,4.01,1.75,3.83,0.05330098600001065,0.06720118399999819,0.18334974999999076,3.8533102652135343,1.3529227620230209,3.6656240942027867
34.86921908800002,4.01,1.75,3.83,0.10337425700004133,0.11727445500002887,0.23342302100002144,3.8533102652135343,1.3529227620230209,3.6656240942027867
34.919296755000005,4.01,1.75,3.83,0.1534519240000236,0.16735212200001115,0.2835006880000037,3.8533102652135343,1.3529227620230209,3.6656240942027867
34.96937058000003,4.01,1.75,3.83,0.20352574900005038,0.21742594700003792,0.3335745130000305,3.8533102652135343,1.3529227620230209,3.6656240942027867
35.01948593399999,4.01,1.75,3.83,0.25364110300000675,0.2675413009999943,0.38368986699998686,3.8533102652135343,1.3529227620230209,3.6656240942027867
35.06955822200001,4.01,1.75,3.85,0.015835506000030364,0.02967676000002939,0.0018441450000068471,3.8533102652135343,1.3529227620230209,3.6865159703980668
35.11964617000001,4.01,1.75,3.85,0.06592345400002841,0.07976470800002744,0.0519320930000049,3.8533102652135343,1.3529227620230209,3.6865159703980668
35.169754186000034,4.01,1.75,3.85,0.11603147000005265,0.12987272400005168,0.10204010900002913,3.8533102652135343,1.3529227620230209,3.6865159703980668
35.219930007000016,4.0,1.71,3.86,0.0221326160000217,0.036038028000007216,0.008305323999991288,3.842902548855487,1.3007690033207278,3.6969582091227373
35.270019804000015,4.0,1.71,3.86,0.07222241300001997,0.08612782500000549,0.05839512099998956,3.842902548855487,1.3007690033207278,3.6969582091227373
35.32009155500003,4.0,1.71,3.86,0.12229416400003856,0.13619957600002408,0.10846687200000815,3.842902548855487,1.3007690033207278,3.6969582091227373
35.370174039000005,4.0,1.76,3.85,0.028474475999985316,0.042424729000003936,0.014547162999974717,3.842902548855487,1.3658330791132567,3.6865159703980668
35.420251406000034,4.0,1.76,3.85,0.07855184300001383,0.09250209600003245,0.06462453000000323,3.842902548855487,1.3658330791132567,3.6865159703980668
35.470333321,4.0,1.76,3.85,0.12863375799997812,0.14258401099999674,0.11470644499996752,3.842902548855487,1.3658330791132567,3.6865159703980668
35.52047285399999,4.01,1.83,3.85,0.034747240999990936,0.04869657000000416,0.020839574999968136,3.8533102652135343,1.454922678357857,3.6865159703980668
35.570602022,4.01,1.83,3.85,0.08487640900000315,0.09882573800001637,0.07096874299998035,3.8533102652135343,1.454922678357857,3.6865159703980668
35.62073085100002,4.01,1.8,3.85,0.1350052380000193,0.0049748220000083165,0.12109757199999649,3.8533102652135343,1.4170038814343453,3.6865159703980668
35.67085566100002,4.01,1.8,3.83,0.041187610999998014,0.055099632000008114,0.027222774999984267,3.8533102652135343,1.4170038814343453,3.6656240942027867
35.720936754000036,4.01,1.8,3.83,0.09126870400001508,0.10518072500002518,0.07730386800000133,3.8533102652135343,1.4170038814343453,3.6656240942027867
35.77106712300002,4.01,1.8,3.83,0.14139907300000232,0.15531109400001242,0.12743423699998857,3.8533102652135343,1.4170038814343453,3.6656240942027867
35.82119368000002,4.01,1.8,3.83,0.191525630000001,0.2054376510000111,0.17756079399998725,3.8533102652135343,1.4170038814343453,3.6656240942027867
35.871333145999984,4.01,1.8,3.83,0.2416650959999629,0.255577116999973,0.22770025999994914,3.8533102652135343,1.4170038814343453,3.6656240942027867
35.92146656099999,4.0200000000000005,1.8,3.83,0.003810840999960874,0.017758544000002985,0.27783367499995393,3.863715828059823,1.4170038814343453,3.6656240942027867
35.97156182200001,4.0200000000000005,1.8,3.85,0.05390610199998491,0.06785380500002702,0.04000838100000692,3.863715828059823,1.4170038814343453,3.6865159703980668
36.02165101200001,4.0200000000000005,1.8,3.85,0.10399529199997914,0.11794299500002126,0.09009757100000115,3.863715828059823,1.4170038814343453,3.6865159703980668
36.07178436100003,4.0,1.82,3.85,0.010130498000023636,0.024107725000021674,0.1402309200000218,3.842902548855487,1.4423245127224318,3.6865159703980668
36.121910566999986,4.0,1.82,3.86,0.06025670399998262,0.07423393099998066,0.046366538999961904,3.842902548855487,1.4423245127224318,3.6969582091227373
36.172033795000004,4.0,1.82,3.86,0.11037993200000074,0.12435715899999877,0.09648976699998002,3.842902548855487,1.4423245127224318,3.6969582091227373
36.222110112999985,4.0,1.77,3.85,0.01647672199999306,0.030448576999958732,0.0026043649999678564,3.842902548855487,1.378695035169127,3.6865159703980668
36.27223388499999,4.0,1.77,3.85,0.06660049399999934,0.08057234899996502,0.05272813699997414,3.842902548855487,1.378695035169127,3.6865159703980668
36.322308711000005,4.0,1.77,3.85,0.11667532000001302,0.1306471749999787,0.10280296299998781,3.842902548855487,1.378695035169127,3.6865159703980668
36.37239599399999,4.03,1.78,3.87,0.022767075999979625,0.036755811999967136,0.008919313999967926,3.8741192547468133,1.3915099712183165,3.7073980093860976
36.422530392,4.03,1.78,3.87,0.07290147399999114,0.08689020999997865,0.05905371199997944,3.8741192547468133,1.3915099712183165,3.7073980093860976
36.472653906000005,4.03,1.78,3.87,0.12302498799999739,0.1370137239999849,0.1091772259999857,3.8741192547468133,1.3915099712183165,3.7073980093860976
36.522798558000034,3.98,1.75,3.8400000000000003,0.029207322000047498,0.04322625400004654,0.015266189000044506,3.8220805852310336,1.3529227620230209,3.6760712724320244
36.572928030000014,3.98,1.75,3.8400000000000003,0.07933679400002802,0.09335572600002706,0.06539566100002503,3.8220805852310336,1.3529227620230209,3.6760712724320244
36.623057330999984,3.98,1.75,3.8400000000000003,0.12946609499999795,0.143485026999997,0.11552496199999496,3.8220805852310336,1.3529227620230209,3.6760712724320244
36.673188181,3.98,1.77,3.86,0.035624645999973836,0.04961566399998674,0.021688973999971495,3.8220805852310336,1.378695035169127,3.6969582091227373
36.723320993000016,3.98,1.77,3.86,0.08575745799998913,0.09974847600000203,0.07182178599998679,3.8220805852310336,1.378695035169127,3.6969582091227373
36.773449829000015,3.98,1.82,3.86,0.13588629399998808,0.00577492299998994,0.12195062199998574,3.8220805852310336,1.4423245127224318,3.6969582091227373
36.823578277000024,4.01,1.82,3.85,0.04202193700001544,0.055903370999999424,0.027742867000029037,3.8533102652135343,1.4423245127224318,3.6865159703980668
36.87367247100002,4.01,1.82,3.85,0.09211613100001159,0.10599756499999557,0.07783706100002519,3.8533102652135343,1.4423245127224318,3.6865159703980668
36.923791145999985,4.01,1.86,3.85,0.1422348059999763,0.012187120999954004,0.12795573599998988,3.8533102652135343,1.49248115565993,3.6865159703980668
36.97392184400002,4.0,1.86,3.88,0.04847296700000925,0.06231781899998623,0.03419541300002038,3.842902548855487,1.49248115565993,3.717835391729978
37.023999355,4.0,1.86,3.88,0.09855047799999284,0.11239532999996982,0.08427292400000397,3.842902548855487,1.49248115565993,3.717835391729978
37.07407456300001,4.01,1.73,3.88,0.0046396100000265506,0.018607328000030066,0.13434813200001372,3.8533102652135343,1.3269513932318697,3.717835391729978
37.12415849299998,4.01,1.73,3.86,0.054723539999997683,0.0686912580000012,0.04040050799994788,3.8533102652135343,1.3269513932318697,3.6969582091227373
37.174240378000036,4.01,1.73,3.86,0.10480542500005186,0.11877314300005537,0.09048239300000205,3.8533102652135343,1.3269513932318697,3.6969582091227373
37.22431766599999,3.9899999999999998,1.75,3.86,0.01087589299999081,0.024804595999967205,0.14055968099995653,3.8324926614411146,1.3529227620230209,3.6969582091227373
37.27439577199999,3.9899999999999998,1.75,3.85,0.060953998999991654,0.07488270199996805,0.046702949000007266,3.8324926614411146,1.3529227620230209,3.6865159703980668
37.32451292400003,3.9899999999999998,1.75,3.85,0.11107115100003284,0.12499985400000924,0.09682010100004845,3.8324926614411146,1.3529227620230209,3.6865159703980668
37.374603449999995,4.03,1.77,3.89,0.017178972000010617,0.031131345000005695,0.0029174299999681352,3.8741192547468133,1.378695035169127,3.7282703764614498
37.424734253,4.03,1.77,3.89,0.06730977500001245,0.08126214800000753,0.05304823299996997,3.8741192547468133,1.378695035169127,3.7282703764614498
37.47482723400003,4.03,1.77,3.89,0.11740275600004679,0.13135512900004187,0.10314121400000431,3.8741192547468133,1.378695035169127,3.7282703764614498
37.52493992699999,3.98,1.78,3.86,0.023263935999978003,0.03753264799996714,0.009322496999971008,3.8220805852310336,1.3915099712183165,3.6969582091227373
37.57506304000003,3.98,1.78,3.86,0.07338704900001858,0.08765576100000771,0.059445610000011584,3.8220805852310336,1.3915099712183165,3.6969582091227373
37.625147712,3.98,1.78,3.86,0.12347172099998716,0.1377404329999763,0.10953028199998016,3.8220805852310336,1.3915099712183165,3.6969582091227373
37.67522620699998,4.0200000000000005,1.8,3.85,0.029543057999944722,0.04383370699997613,0.015674132999947687,3.863715828059823,1.4170038814343453,3.6865159703980668
37.72530508800003,4.0200000000000005,1.8,3.85,0.07962193899999193,0.09391258800002333,0.06575301399999489,3.863715828059823,1.4170038814343453,3.6865159703980668
37.77536782200002,4.0200000000000005,1.82,3.85,0.12968467299998565,6.124000003637775e-05,0.11581574799998862,3.863715828059823,1.4423245127224318,3.6865159703980668
37.82544710600001,4.0200000000000005,1.82,3.86,0.03587516400000368,0.05014052400002811,0.021932870999989973,3.863715828059823,1.4423245127224318,3.6969582091227373
37.875525469000024,4.0200000000000005,1.82,3.86,0.08595352700001513,0.10021888700003956,0.07201123400000142,3.863715828059823,1.4423245127224318,3.6969582091227373
37.92564300999999,4.0200000000000005,1.84,3.86,0.13607106799997837,0.006205392999959258,0.12212877499996466,3.863715828059823,1.4674808346278325,3.6969582091227373
37.97576319000001,3.9899999999999998,1.84,3.85,0.0420567610000262,0.05632557299998098,0.028270323000015196,3.8324926614411146,1.4674808346278325,3.6865159703980668
38.02585149600003,3.9899999999999998,1.84,3.85,0.09214506700004677,0.10641387900000154,0.07835862900003576,3.8324926614411146,1.4674808346278325,3.6865159703980668
38.075942836000024,3.9899999999999998,1.82,3.85,0.14223640700004125,0.012653094000029341,0.12844996900003025,3.8324926614411146,1.4423245127224318,3.6865159703980668
38.12602466999999,4.0,1.82,3.83,0.048517365999998674,0.06273492799999758,0.03455321399997047,3.842902548855487,1.4423245127224318,3.6656240942027867
38.176145706,4.0,1.82,3.83,0.09863840200000595,0.11285596400000486,0.08467424999997775,3.842902548855487,1.4423245127224318,3.6656240942027867
38.22626170199999,4.0,1.74,3.83,0.14875439799999413,0.018545506999998906,0.13479024599996592,3.842902548855487,1.3399626860476377,3.6656240942027867
38.27633927599999,4.0,1.74,3.85,0.19883197199999358,0.06862308099999836,0.040906547999952636,3.842902548855487,1.3399626860476377,3.6865159703980668
38.326422062999995,4.0,1.74,3.85,0.2489147590000016,0.11870586800000638,0.09098933499996065,3.842902548855487,1.3399626860476377,3.6865159703980668
38.376540234000004,4.0,1.75,3.85,0.29903293000000986,0.024847890999978972,0.1411075059999689,3.842902548855487,1.3529227620230209,3.6865159703980668
38.426632197,4.0,1.75,3.85,0.3491248930000097,0.07493985399997882,0.0471135309999795,3.842902548855487,1.3529227620230209,3.6865159703980668
38.47672054899999,4.0,1.75,3.85,0.39921324499999855,0.12502820599996767,0.09720188299996835,3.842902548855487,1.3529227620230209,3.6865159703980668
38.52680098600001,3.9899999999999998,1.76,3.88,0.017308744999979808,0.031172749999996086,0.0033180909999828145,3.8324926614411146,1.3658330791132567,3.717835391729978
38.576894482,3.9899999999999998,1.76,3.88,0.06740224099996794,0.08126624599998422,0.05341158699997095,3.8324926614411146,1.3658330791132567,3.717835391729978
38.627022361,3.9899999999999998,1.76,3.88,0.11753011999996943,0.1313941249999857,0.10353946599997244,3.8324926614411146,1.3658330791132567,3.717835391729978
38.67713047900003,4.0200000000000005,1.76,3.83,0.023654179999994085,0.03754381999999623,0.009671054000023105,3.863715828059823,1.3658330791132567,3.6656240942027867
38.72727709600002,4.0200000000000005,1.76,3.83,0.07380079699998987,0.08769043699999202,0.05981767100001889,3.863715828059823,1.3658330791132567,3.6656240942027867
38.77741315399999,4.0200000000000005,1.76,3.83,0.123936854999954,0.13782649499995614,0.10995372899998301,3.863715828059823,1.3658330791132567,3.6656240942027867
38.82756001600001,4.0200000000000005,1.76,3.83,0.1740837169999736,0.18797335699997575,0.16010059100000262,3.863715828059823,1.3658330791132567,3.6656240942027867
38.87764375699999,4.0200000000000005,1.76,3.83,0.22416745799995397,0.2380570979999561,0.210184331999983,3.863715828059823,1.3658330791132567,3.6656240942027867
38.927704912000024,4.0200000000000005,1.75,3.83,0.27422861299999113,9.739200004332815e-05,0.26024548700002015,3.863715828059823,1.3529227620230209,3.6656240942027867
38.977785423,3.9899999999999998,1.75,3.8400000000000003,0.03625914299999522,0.05017790300001934,0.022338479999973515,3.8324926614411146,1.3529227620230209,3.6760712724320244
39.02792328200002,3.9899999999999998,1.75,3.8400000000000003,0.08639700200001244,0.10031576200003656,0.07247633899999073,3.8324926614411146,1.3529227620230209,3.6760712724320244
39.078050426999994,3.9899999999999998,1.76,3.8400000000000003,0.13652414699998872,0.006465462999983629,0.12260348399996701,3.8324926614411146,1.3658330791132567,3.6760712724320244
39.128180305,3.9899999999999998,1.76,3.86,0.04270697099997278,0.05659534099999064,0.028739347999987785,3.8324926614411146,1.3658330791132567,3.6969582091227373
39.17831547100002,3.9899999999999998,1.76,3.86,0.092842136999991,0.10673050700000886,0.078874514000006,3.8324926614411146,1.3658330791132567,3.6969582091227373
39.228441089,3.9899999999999998,1.85,3.86,0.14296775499997239,0.01287593699998979,0.1290001319999874,3.8324926614411146,1.4800000000000002,3.6969582091227373
39.278562561,3.9899999999999998,1.85,3.85,0.049107995999975174,0.06299740899999051,0.035152371999970455,3.8324926614411146,1.4800000000000002,3.6865159703980668
39.32869408700003,3.9899999999999998,1.85,3.85,0.09923952200000485,0.11312893500002019,0.08528389800000014,3.8324926614411146,1.4800000000000002,3.6865159703980668
39.37885401800003,4.0,1.75,3.85,0.005402201000038076,0.019323561000021527,0.13544382899999619,3.842902548855487,1.3529227620230209,3.6865159703980668
39.42900019699999,4.0,1.75,3.86,0.05554838000000473,0.06946973999998818,0.0416507449999699,3.842902548855487,1.3529227620230209,3.6969582091227373
39.479094879,4.0,1.75,3.86,0.10564306200001283,0.11956442199999628,0.09174542699997801,3.842902548855487,1.3529227620230209,3.6969582091227373
39.529182064999986,4.0200000000000005,1.78,3.86,0.011772070999995776,0.025656276000006528,0.14183261299996275,3.863715828059823,1.3915099712183165,3.6969582091227373
39.579274080000005,4.0200000000000005,1.78,3.87,0.06186408600001414,0.07574829100002489,0.04796184899998934,3.863715828059823,1.3915099712183165,3.7073980093860976
39.629413581999984,4.0200000000000005,1.78,3.87,0.11200358799999321,0.12588779300000397,0.09810135099996842,3.863715828059823,1.3915099712183165,3.7073980093860976
39.67954854300001,4.0,1.79,3.85,0.01812750699997423,0.032018724000010934,0.004200475000004644,3.842902548855487,1.4042791745233565,3.6865159703980668
39.72967259400002,4.0,1.79,3.85,0.06825155799998583,0.08214277500002254,0.05432452600001625,3.842902548855487,1.4042791745233565,3.6865159703980668
39.779815842999994,4.0,1.79,3.85,0.11839480699995875,0.13228602399999545,0.10446777499998916,3.842902548855487,1.4042791745233565,3.6865159703980668
39.829949349,4.0200000000000005,1.82,3.85,0.02457435600001645,0.03844337700002143,0.0106339839999805,3.863715828059823,1.4423245127224318,3.6865159703980668
39.880095642000015,4.0200000000000005,1.82,3.85,0.07472064900002806,0.08858967000003304,0.06078027699999211,3.863715828059823,1.4423245127224318,3.6865159703980668
39.930227462999994,4.0200000000000005,1.82,3.85,0.12485247000000754,0.13872149100001252,0.11091209799997159,3.863715828059823,1.4423245127224318,3.6865159703980668
39.980303090999996,4.0,1.86,3.85,0.03101314299999558,0.0449031839999634,0.017117589000008593,3.842902548855487,1.49248115565993,3.6865159703980668
40.030456127000036,4.0,1.86,3.85,0.08116617900003575,0.09505622000000358,0.06727062500004877,3.842902548855487,1.49248115565993,3.6865159703980668
40.080563815999994,4.0,1.78,3.85,0.13127386799999385,0.001159643999983473,0.11737831400000687,3.842902548855487,1.3915099712183165,3.6865159703980668
40.13068509300001,4.0200000000000005,1.78,3.8400000000000003,0.037386984000022494,0.051280921000000035,0.023410599999976967,3.863715828059823,1.3915099712183165,3.6760712724320244
40.18083760600001,4.0200000000000005,1.78,3.8400000000000003,0.08753949700002295,0.10143343400000049,0.07356311299997742,3.863715828059823,1.3915099712183165,3.6760712724320244
40.23096405900003,4.0200000000000005,1.77,3.8400000000000003,0.13766595000004145,0.007563429000015276,0.12368956599999592,3.863715828059823,1.378695035169127,3.6760712724320244
40.28104452399998,3.9899999999999998,1.77,3.86,0.04384778099995401,0.05764389399996617,0.02981033999998317,3.8324926614411146,1.378695035169127,3.6969582091227373
40.33117542000002,3.9899999999999998,1.77,3.86,0.09397867699999551,0.10777479000000767,0.07994123600002467,3.8324926614411146,1.378695035169127,3.6969582091227373
40.381337299999984,4.0,1.77,3.86,1.1063999977523054e-05,0.013970040000003792,0.13010311599998658,3.842902548855487,1.378695035169127,3.6969582091227373
40.43147070200001,4.0,1.77,3.88,0.050144466000006105,0.06410344200003237,0.03625051699998494,3.842902548855487,1.378695035169127,3.717835391729978
40.481592406000004,4.0,1.77,3.88,0.1002661699999976,0.11422514600002387,0.08637222099997643,3.842902548855487,1.378695035169127,3.717835391729978
40.53169258600002,4.0,1.78,3.88,0.006529218000025594,0.020404444000007516,0.1364724009999918,3.842902548855487,1.3915099712183165,3.717835391729978
40.581835302,4.0,1.78,3.85,0.056671934000007695,0.07054715999998962,0.04234166200001255,3.842902548855487,1.3915099712183165,3.6865159703980668
40.631959746999996,4.0,1.78,3.85,0.10679637900000216,0.12067160499998408,0.09246610700000701,3.842902548855487,1.3915099712183165,3.6865159703980668
40.682069188000014,4.0,1.75,3.85,0.01288872499998206,0.02680189000000155,0.1425755480000248,3.842902548855487,1.3529227620230209,3.6865159703980668
40.73215145300003,4.0,1.75,3.85,0.06297098999999662,0.07688415500001611,0.048732681000046796,3.842902548855487,1.3529227620230209,3.6865159703980668
40.782266719999996,4.0,1.75,3.85,0.11308625699996355,0.12699942199998304,0.09884794800001373,3.842902548855487,1.3529227620230209,3.6865159703980668
40.83235525399999,3.98,1.77,3.85,0.0191667080000002,0.033141443999966214,0.004906000000005406,3.8220805852310336,1.378695035169127,3.6865159703980668
40.88243401400001,3.98,1.77,3.85,0.06924546800001963,0.08322020399998564,0.054984760000024835,3.8220805852310336,1.378695035169127,3.6865159703980668
40.93251366200002,3.98,1.77,3.85,0.11932511600002726,0.13329985199999328,0.10506440800003247,3.8220805852310336,1.378695035169127,3.6865159703980668
40.98259268800001,4.01,1.77,3.85,0.02549884000001157,0.18337887799998498,0.011194381999985126,3.8533102652135343,1.378695035169127,3.6865159703980668
41.03271803400003,4.01,1.77,3.85,0.0756241860000273,0.2335042240000007,0.06131972800000085,3.8533102652135343,1.378695035169127,3.6865159703980668
41.08283734899999,4.01,1.77,3.85,0.1257435009999881,0.2836235389999615,0.11143904299996166,3.8533102652135343,1.378695035169127,3.6865159703980668
41.13290207900002,4.0200000000000005,1.77,3.85,0.03176120699998819,0.3336882689999925,0.017468552000025284,3.863715828059823,1.378695035169127,3.6865159703980668
41.182981729999995,4.0200000000000005,1.77,3.85,0.0818408579999641,0.3837679199999684,0.0675482030000012,3.863715828059823,1.378695035169127,3.6865159703980668
41.23306731700001,4.0200000000000005,1.78,3.85,0.1319264449999764,0.0018961609999905704,0.1176337900000135,3.863715828059823,1.3915099712183165,3.6865159703980668
41.2831779,4.0,1.78,3.8400000000000003,0.03809370599998374,0.052006743999982064,0.02378391700000293,3.842902548855487,1.3915099712183165,3.6760712724320244
41.333265013000016,4.0,1.78,3.8400000000000003,0.08818081900000152,0.10209385699999984,0.07387103000002071,3.842902548855487,1.3915099712183165,3.6760712724320244
41.38334449900003,4.0,1.75,3.8400000000000003,0.13826030500001707,0.0082089930000393,0.12395051600003626,3.842902548855487,1.3529227620230209,3.6760712724320244
41.433463184000004,3.9899999999999998,1.75,3.8400000000000003,0.04447169499997017,0.05832767800001193,0.1740692010000089,3.8324926614411146,1.3529227620230209,3.6760712724320244
41.48355041799999,3.9899999999999998,1.75,3.8400000000000003,0.09455892899995888,0.10841491200000064,0.2241564349999976,3.8324926614411146,1.3529227620230209,3.6760712724320244
41.533672916,3.9899999999999998,1.75,3.8400000000000003,0.14468142699996633,0.1585374100000081,0.27427893300000505,3.8324926614411146,1.3529227620230209,3.6760712724320244
41.58379688000002,3.9899999999999998,1.75,3.8400000000000003,0.1948053909999885,0.20866137400003026,0.3244028970000272,3.8324926614411146,1.3529227620230209,3.6760712724320244
41.633940462,3.9899999999999998,1.75,3.8400000000000003,0.2449489729999641,0.25880495600000586,0.3745464790000028,3.8324926614411146,1.3529227620230209,3.6760712724320244
41.68404447500001,3.9899999999999998,1.79,3.8400000000000003,0.00662257800001953,0.020929889000001367,0.42465049200001204,3.8324926614411146,1.4042791745233565,3.6760712724320244
41.73412917000002,3.9899999999999998,1.79,3.85,0.05670727300002909,0.07101458400001093,0.042872943000020314,3.8324926614411146,1.4042791745233565,3.6865159703980668
41.78423572000003,3.9899999999999998,1.79,3.85,0.10681382300003861,0.12112113400002045,0.09297949300002983,3.8324926614411146,1.4042791745233565,3.6865159703980668
41.834349616,3.9899999999999998,1.79,3.85,0.15692771900000935,0.17123502999999118,0.14309338900000057,3.8324926614411146,1.4042791745233565,3.6865159703980668
41.88444776900002,3.9899999999999998,1.79,3.85,0.20702587200003109,0.22133318300001292,0.1931915420000223,3.8324926614411146,1.4042791745233565,3.6865159703980668
41.93452782100002,3.9899999999999998,1.79,3.85,0.2571059240000295,0.27141323500001135,0.24327159400002074,3.8324926614411146,1.4042791745233565,3.6865159703980668
41.98461096300002,4.0,1.79,3.85,0.019284119000019473,0.03358525999999529,0.005383939000012106,3.842902548855487,1.4042791745233565,3.6865159703980668
42.034694745000024,4.0,1.79,3.85,0.06936790100002099,0.08366904199999681,0.055467721000013626,3.842902548855487,1.4042791745233565,3.6865159703980668
42.084773925000036,4.0,1.79,3.85,0.11944708100003254,0.13374822200000835,0.10554690100002517,3.842902548855487,1.4042791745233565,3.6865159703980668
42.13487435500002,3.9899999999999998,1.71,3.85,0.02552930400003106,0.03983236900000975,0.011713224999994054,3.8324926614411146,1.3007690033207278,3.6865159703980668
42.184989881000035,3.9899999999999998,1.71,3.85,0.0756448300000443,0.08994789500002298,0.06182875100000729,3.8324926614411146,1.3007690033207278,3.6865159703980668
42.235061632,3.9899999999999998,1.71,3.85,0.12571658100000604,0.14001964599998473,0.11190050199996904,3.8324926614411146,1.3007690033207278,3.6865159703980668
42.28514011100003,4.01,1.79,3.87,0.03181440400004476,0.04580061500001875,0.017938817000015206,3.8533102652135343,1.4042791745233565,3.7073980093860976
42.33526919899998,4.01,1.79,3.87,0.08194349199999351,0.0959297029999675,0.06806790499996396,3.8533102652135343,1.4042791745233565,3.7073980093860976
42.38533676399999,4.01,1.78,3.87,0.1320110569999997,0.002033705999963331,0.11813546999997016,3.8533102652135343,1.3915099712183165,3.7073980093860976
42.43542475100003,4.01,1.78,3.85,0.03812402800002701,0.05212169300000369,0.02427144800003589,3.8533102652135343,1.3915099712183165,3.6865159703980668
42.48554051000002,4.01,1.78,3.85,0.08823978700002044,0.10223745199999712,0.07438720700002932,3.8533102652135343,1.3915099712183165,3.6865159703980668
42.53562071599998,4.01,1.77,3.85,0.13831999299998188,0.008328908999999385,0.12446741299999076,3.8533102652135343,1.378695035169127,3.6865159703980668
42.58570021700001,4.01,1.77,3.8400000000000003,0.044463328000006186,0.058408410000026834,0.030566442000008465,3.8533102652135343,1.378695035169127,3.6760712724320244
42.63579161900003,4.01,1.77,3.8400000000000003,0.09455473000002712,0.10849981200004777,0.0806578440000294,3.8533102652135343,1.378695035169127,3.6760712724320244
42.685868803999995,3.9899999999999998,1.78,3.8400000000000003,0.0007228829999803565,0.014566069000011339,0.13073502899999312,3.8324926614411146,1.3915099712183165,3.6760712724320244
42.73594897700002,3.9899999999999998,1.78,3.86,0.05080305600000656,0.06464624200003755,0.03684240300003694,3.8324926614411146,1.3915099712183165,3.6969582091227373
42.78605284399998,3.9899999999999998,1.78,3.86,0.10090692299996817,0.11475010899999916,0.08694626999999855,3.8324926614411146,1.3915099712183165,3.6969582091227373
42.83613222600002,3.9899999999999998,1.8,3.86,0.006967897000038192,0.02087756700001364,0.13702565200003392,3.8324926614411146,1.4170038814343453,3.6969582091227373
42.88621376200001,3.9899999999999998,1.8,3.8400000000000003,0.05704943300003151,0.07095910300000696,0.043184320000023035,3.8324926614411146,1.4170038814343453,3.6760712724320244
42.93629220700001,3.9899999999999998,1.8,3.8400000000000003,0.10712787800002843,0.12103754800000388,0.09326276500001995,3.8324926614411146,1.4170038814343453,3.6760712724320244
42.98637044899999,4.01,1.73,3.8400000000000003,0.013214489000006324,0.02705465799999729,0.14334100700000363,3.8533102652135343,1.3269513932318697,3.6760712724320244
43.036498005,4.01,1.73,3.85,0.06334204500001306,0.07718221400000402,0.049432244999991326,3.8533102652135343,1.3269513932318697,3.6865159703980668
43.08660996000003,4.01,1.73,3.85,0.11345400000004702,0.12729416900003798,0.09954420000002528,3.8533102652135343,1.3269513932318697,3.6865159703980668
43.13668604700001,4.03,1.75,3.85,0.019560317000014038,0.033489434999978585,0.005633148000015353,3.8741192547468133,1.3529227620230209,3.6865159703980668
43.18681046199998,4.03,1.75,3.85,0.0696847319999847,0.08361384999994925,0.05575756299998602,3.8741192547468133,1.3529227620230209,3.6865159703980668
43.23690963199999,4.03,1.75,3.85,0.11978390199999467,0.13371301999995922,0.10585673299999598,3.8741192547468133,1.3529227620230209,3.6865159703980668
43.286990247000006,3.9899999999999998,1.79,3.85,0.025809793999997055,0.039837773999977344,0.011922653999988597,3.8324926614411146,1.4042791745233565,3.6865159703980668
43.33709332400002,3.9899999999999998,1.79,3.85,0.07591287100001409,0.08994085099999438,0.062025731000005635,3.8324926614411146,1.4042791745233565,3.6865159703980668
43.38717078100001,3.9899999999999998,1.79,3.85,0.12599032800000032,0.1400183079999806,0.11210318799999186,3.8324926614411146,1.4042791745233565,3.6865159703980668
43.43725087400003,3.9899999999999998,1.8,3.85,0.03210918199999924,0.04611708500004852,0.01819504100001268,3.8324926614411146,1.4170038814343453,3.6865159703980668
43.48736689000003,3.9899999999999998,1.8,3.85,0.08222519800000327,0.09623310100005256,0.06831105700001672,3.8324926614411146,1.4170038814343453,3.6865159703980668
43.53743719800002,3.9899999999999998,1.75,3.85,0.1322955059999913,0.002321510000001581,0.11838136500000473,3.8324926614411146,1.3529227620230209,3.6865159703980668
43.58751951099998,3.9899999999999998,1.75,3.86,0.038460221999969235,0.05240382299996327,0.024470596999947247,3.8324926614411146,1.3529227620230209,3.6969582091227373
43.63763730599999,3.9899999999999998,1.75,3.86,0.0885780169999748,0.10252161799996884,0.07458839199995282,3.8324926614411146,1.3529227620230209,3.6969582091227373
43.68775941900003,3.9899999999999998,1.73,3.86,0.1387001300000179,0.008630892000041968,0.12471050499999592,3.8324926614411146,1.3269513932318697,3.6969582091227373
43.73784686700003,3.9899999999999998,1.73,3.85,0.044799967000017205,0.05871834000004128,0.030857416000003468,3.8324926614411146,1.3269513932318697,3.6865159703980668
43.78790916700001,3.9899999999999998,1.73,3.85,0.09486226699999634,0.10878064000002041,0.0809197159999826,3.8324926614411146,1.3269513932318697,3.6865159703980668
43.83797341500002,4.0,1.77,3.85,0.000939034999987598,0.01487567700002046,0.130983963999995,3.842902548855487,1.378695035169127,3.6865159703980668
43.88808468100001,4.0,1.77,3.86,0.05105030099997521,0.06498694300000807,0.03714050500002486,3.842902548855487,1.378695035169127,3.6969582091227373
43.93816481700003,4.0,1.77,3.86,0.1011304369999948,0.11506707900002766,0.08722064100004445,3.842902548855487,1.378695035169127,3.6969582091227373
43.98824120699999,4.0,1.84,3.86,0.007264910999992935,0.02115278399998033,0.1372970310000028,3.842902548855487,1.4674808346278325,3.6969582091227373
44.03831832100002,4.0,1.84,3.85,0.05734202500002539,0.07122989800001278,0.04340638799999397,3.842902548855487,1.4674808346278325,3.6865159703980668
44.08840038400001,4.0,1.84,3.85,0.10742408800001613,0.12131196100000352,0.0934884509999847,3.842902548855487,1.4674808346278325,3.6865159703980668
44.138479700999994,3.9899999999999998,1.8,3.85,0.013485779000006914,0.027477228999998715,0.1435677679999685,3.8324926614411146,1.4170038814343453,3.6865159703980668
44.18859941900001,3.9899999999999998,1.8,3.8400000000000003,0.06360549700002593,0.07759694700001774,0.04983259400000861,3.8324926614411146,1.4170038814343453,3.6760712724320244
44.23871068,3.9899999999999998,1.8,3.8400000000000003,0.11371675800000958,0.12770820800000138,0.09994385499999225,3.8324926614411146,1.4170038814343453,3.6760712724320244
44.28884433100001,4.0,1.8,3.85,0.019893750999983695,0.033837101000017356,0.005976105999991432,3.842902548855487,1.4170038814343453,3.6865159703980668
44.33888040800002,4.0,1.8,3.85,0.06992982799999936,0.08387317800003302,0.0560121830000071,3.842902548855487,1.4170038814343453,3.6865159703980668
44.38896002199999,4.0,1.8,3.85,0.12000944199996866,0.13395279200000232,0.1060917969999764,3.842902548855487,1.4170038814343453,3.6865159703980668
44.43906316900001,4.03,1.79,3.85,0.026132550999989235,0.04010122800002591,0.011886222999976326,3.8741192547468133,1.4042791745233565,3.6865159703980668
44.489194793000024,4.03,1.79,3.85,0.07626417500000571,0.09023285200004239,0.0620178469999928,3.8741192547468133,1.4042791745233565,3.6865159703980668
44.53927563600001,4.03,1.79,3.85,0.12634501799999498,0.14031369500003166,0.11209868999998207,3.8741192547468133,1.4042791745233565,3.6865159703980668
44.589355286,4.01,1.8,3.86,0.03244604399998252,0.046418527000014365,0.01813189799997872,3.8533102652135343,1.4170038814343453,3.6969582091227373
44.639432924999994,4.01,1.8,3.86,0.0825236829999767,0.09649616600000854,0.0682095369999729,3.8533102652135343,1.4170038814343453,3.6969582091227373
44.689518953000004,4.01,1.8,3.86,0.13260971099998642,0.002494811000019581,0.11829556499998262,3.8533102652135343,1.4170038814343453,3.6969582091227373
44.739597468,3.9899999999999998,1.8,3.85,0.03877722599997924,0.052573326000015186,0.02449254399999745,3.8324926614411146,1.4170038814343453,3.6865159703980668
44.78967976500002,3.9899999999999998,1.8,3.85,0.08885952299999644,0.10265562300003239,0.07457484100001466,3.8324926614411146,1.4170038814343453,3.6865159703980668
44.839814648000015,3.9899999999999998,1.8,3.85,0.1389944059999948,0.15279050600003075,0.12470972400001301,3.8324926614411146,1.4170038814343453,3.6865159703980668
44.88993529300001,3.9899999999999998,1.8,3.85,0.1891150509999875,0.20291115100002344,0.1748303690000057,3.8324926614411146,1.4170038814343453,3.6865159703980668
44.940013004000036,3.9899999999999998,1.8,3.85,0.23919276200001605,0.252988862000052,0.22490808000003426,3.8324926614411146,1.4170038814343453,3.6865159703980668
44.990081410000016,4.0,1.83,3.85,0.0013075850000063838,0.015179632000013044,0.2749764860000141,3.842902548855487,1.454922678357857,3.6865159703980668
45.040197471,4.0,1.83,3.85,0.051423645999989276,0.06529569299999594,0.03711918799996283,3.842902548855487,1.454922678357857,3.6865159703980668
45.09031866999999,4.0,1.83,3.85,0.10154484499997807,0.11541689199998473,0.08724038699995162,3.842902548855487,1.454922678357857,3.6865159703980668
45.14039913800002,4.01,1.78,3.85,0.0075261840000280245,0.021474193000017294,0.13732085499998448,3.8533102652135343,1.3915099712183165,3.6865159703980668
45.19051499599999,4.01,1.78,3.83,0.05764204199999767,0.07159005099998694,0.04354004999999006,3.8533102652135343,1.3915099712183165,3.6656240942027867
45.24059030500001,4.01,1.78,3.83,0.10771735100001933,0.1216653600000086,0.09361535900001172,3.8533102652135343,1.3915099712183165,3.6656240942027867
45.290724546000035,3.9899999999999998,1.77,3.83,0.013536621000014293,0.02782689200000732,0.14374960000003512,3.8324926614411146,1.378695035169127,3.6656240942027867
45.34086444799999,3.9899999999999998,1.77,3.83,0.06367652299996962,0.07796679399996265,0.04957357799997908,3.8324926614411146,1.378695035169127,3.6656240942027867
45.39097281800002,3.9899999999999998,1.77,3.83,0.11378489300000183,0.12807516399999486,0.09968194800001129,3.8324926614411146,1.378695035169127,3.6656240942027867
45.44107069500001,3.98,1.83,3.86,0.01999778800001195,0.03419725800000606,0.006009237999990091,3.8220805852310336,1.454922678357857,3.6969582091227373
45.49120497199999,3.98,1.83,3.86,0.07013206499999569,0.0843315349999898,0.05614351499997383,3.8220805852310336,1.454922678357857,3.6969582091227373
45.54128231100003,3.98,1.83,3.86,0.1202094040000361,0.1344088740000302,0.10622085400001424,3.8220805852310336,1.454922678357857,3.6969582091227373
45.591397186999984,4.0,1.8,3.85,0.026343866999980037,0.04064476899998226,0.012371880999978657,3.842902548855487,1.4170038814343453,3.6865159703980668
45.641516448999994,4.0,1.8,3.85,0.07646312899998975,0.09076403099999197,0.06249114299998837,3.842902548855487,1.4170038814343453,3.6865159703980668
45.691632732000016,4.0,1.8,3.85,0.12657941200001233,0.14088031400001455,0.11260742600001095,3.842902548855487,1.4170038814343453,3.6865159703980668
45.74174832900002,4.0,1.79,3.85,0.03270217499999717,0.04703118100002257,0.018786205000026257,3.842902548855487,1.4042791745233565,3.6865159703980668
45.79191613800003,4.0,1.79,3.85,0.08286998400001266,0.09719899000003807,0.06895401400004175,3.842902548855487,1.4042791745233565,3.6865159703980668
45.84197573300003,4.0,1.77,3.85,0.13292957900000602,0.0032472880000113946,0.1190136090000351,3.842902548855487,1.378695035169127,3.6865159703980668
45.89205602100003,4.0200000000000005,1.77,3.86,0.039013423000028524,0.05332757600001514,0.025067080000042097,3.863715828059823,1.378695035169127,3.6969582091227373
45.942136344999994,4.0200000000000005,1.77,3.86,0.08909374699999262,0.10340789999997924,0.07514740400000619,3.863715828059823,1.378695035169127,3.6969582091227373
45.99221587200003,4.0200000000000005,1.78,3.86,0.13917327400002932,0.009148039000024255,0.1252269310000429,3.863715828059823,1.3915099712183165,3.6969582091227373
46.04232640700002,3.9899999999999998,1.78,3.85,0.04533241299998281,0.05925857400001178,0.03139071399999693,3.8324926614411146,1.3915099712183165,3.6865159703980668
46.092416068000034,3.9899999999999998,1.78,3.85,0.09542207399999825,0.10934823500002722,0.08148037500001237,3.8324926614411146,1.3915099712183165,3.6865159703980668
46.142483604999995,4.0,1.77,3.85,0.0015248180000071443,0.015393003999975008,0.13154791199997362,3.842902548855487,1.378695035169127,3.6865159703980668
46.192600879999986,4.0,1.77,3.85,0.05164209299999811,0.06551027899996598,0.037709043999996084,3.842902548855487,1.378695035169127,3.6865159703980668
46.242681124,4.0,1.77,3.85,0.10172233700001243,0.1155905229999803,0.0877892880000104,3.842902548855487,1.378695035169127,3.6865159703980668
46.29276143100003,3.9899999999999998,1.75,3.85,0.00781562299999905,0.02170501900002364,0.1378695950000406,3.8324926614411146,1.3529227620230209,3.6865159703980668
46.34290235200001,3.9899999999999998,1.75,3.85,0.057956543999978294,0.07184594000000288,0.04405381499998384,3.8324926614411146,1.3529227620230209,3.6865159703980668
46.393015187,3.9899999999999998,1.75,3.85,0.10806937899997138,0.12195877499999597,0.09416664999997693,3.8324926614411146,1.3529227620230209,3.6865159703980668
46.443077389999985,3.9899999999999998,1.76,3.87,0.014129364999973859,0.028027449999967757,0.00026366999998117535,3.8324926614411146,1.3658330791132567,3.7073980093860976
46.493211196000004,3.9899999999999998,1.76,3.87,0.06426317099999324,0.07816125599998713,0.05039747600000055,3.8324926614411146,1.3658330791132567,3.7073980093860976
46.54327591700002,3.9899999999999998,1.76,3.87,0.1143278920000057,0.1282259769999996,0.10046219700001302,3.8324926614411146,1.3658330791132567,3.7073980093860976
46.593390839999984,4.01,1.78,3.87,0.02041694099995084,0.03439246599998569,0.006537510999976348,3.8533102652135343,1.3915099712183165,3.7073980093860976
46.643514330000016,4.01,1.78,3.87,0.07054043099998353,0.08451595600001838,0.05666100100000904,3.8533102652135343,1.3915099712183165,3.7073980093860976
46.69364523400003,4.01,1.78,3.87,0.12067133499999727,0.13464686000003212,0.10679190500002278,3.8533102652135343,1.3915099712183165,3.7073980093860976
46.743721365,4.01,1.77,3.85,0.026793294000015067,0.04076621699999805,0.012869133999970472,3.8533102652135343,1.378695035169127,3.6865159703980668
46.79381867699999,4.01,1.77,3.85,0.0768906060000063,0.09086352899998928,0.0629664459999617,3.8533102652135343,1.378695035169127,3.6865159703980668
46.843921963000014,4.01,1.77,3.85,0.12699389200002997,0.14096681500001296,0.11306973199998538,3.8533102652135343,1.378695035169127,3.6865159703980668
46.894053751,4.0,1.75,3.85,0.033237537999980304,0.04711846599997216,0.019319553999991967,3.842902548855487,1.3529227620230209,3.6865159703980668
46.94412718699999,4.0,1.75,3.85,0.08331097399997134,0.09719190199996319,0.069392989999983,3.842902548855487,1.3529227620230209,3.6865159703980668
46.99419788900002,4.0,1.75,3.85,0.13338167599999906,0.0033362270000338867,0.11946369200001072,3.842902548855487,1.3529227620230209,3.6865159703980668
47.044305938000036,4.01,1.75,3.87,0.03948316299999988,0.053444276000050195,0.025461396000025616,3.8533102652135343,1.3529227620230209,3.7073980093860976
47.09445302400002,4.01,1.75,3.87,0.08963024899998118,0.1035913620000315,0.07560848200000692,3.8533102652135343,1.3529227620230209,3.7073980093860976
47.144566268000005,4.01,1.84,3.87,0.13974349299996902,0.009595536000006177,0.12572172599999476,3.8533102652135343,1.4674808346278325,3.7073980093860976
47.19464788800002,4.0,1.84,3.85,0.045854090000034375,0.05967715600002066,0.031923067000036554,3.842902548855487,1.4674808346278325,3.6865159703980668
47.24473031500003,4.0,1.84,3.85,0.09593651700004102,0.1097595830000273,0.0820054940000432,3.842902548855487,1.4674808346278325,3.6865159703980668
47.29480618100001,3.9899999999999998,1.74,3.85,0.0020157619999849885,0.015916731000004347,0.13208136000002924,3.8324926614411146,1.3399626860476377,3.6865159703980668
47.344867393000015,3.9899999999999998,1.74,3.85,0.052076973999987786,0.06597794300000714,0.0382200920000173,3.8324926614411146,1.3399626860476377,3.6865159703980668
47.39494696600002,3.9899999999999998,1.74,3.85,0.10215654699999277,0.11605751600001213,0.08829966500002229,3.8324926614411146,1.3399626860476377,3.6865159703980668
47.445025982000004,3.98,1.78,3.85,0.008306475999972918,0.02223911499999076,0.13837868100000605,3.8220805852310336,1.3915099712183165,3.6865159703980668
47.495103856000014,3.98,1.78,3.86,0.05838434999998299,0.07231698900000083,0.04438231300002826,3.8220805852310336,1.3915099712183165,3.6969582091227373
47.545181286,3.98,1.78,3.86,0.10846177999997053,0.12239441899998837,0.0944597430000158,3.8220805852310336,1.3915099712183165,3.6969582091227373
47.59524921600001,4.01,1.77,3.85,0.014542070000004514,0.028418109000028835,0.000588075999985449,3.8533102652135343,1.378695035169127,3.6865159703980668
47.645329505999996,4.01,1.77,3.85,0.06462235999998711,0.07849839900001143,0.050668365999968046,3.8533102652135343,1.378695035169127,3.6865159703980668
47.695400968,4.01,1.77,3.85,0.11469382199999245,0.12856986100001677,0.10073982799997339,3.8533102652135343,1.378695035169127,3.6865159703980668
47.74551151200001,4.01,1.75,3.86,0.02078160299998899,0.034696515000007366,0.006850596999981917,3.8533102652135343,1.3529227620230209,3.6969582091227373
47.79559582400003,4.01,1.75,3.86,0.07086591500001305,0.08478082700003142,0.05693490900000597,3.8533102652135343,1.3529227620230209,3.6969582091227373
47.84567420299999,4.01,1.75,3.86,0.12094429399996898,0.13485920599998735,0.1070132879999619,3.8533102652135343,1.3529227620230209,3.6969582091227373
47.89579994400003,4.01,1.75,3.86,0.17107003500001383,0.1849849470000322,0.15713902900000676,3.8533102652135343,1.3529227620230209,3.6969582091227373
47.94587501000001,4.01,1.75,3.86,0.22114510099999052,0.2350600130000089,0.20721409499998344,3.8533102652135343,1.3529227620230209,3.6969582091227373
47.99595053400003,4.01,1.75,3.86,0.2712206250000122,0.2851355370000306,0.25728961900000513,3.8533102652135343,1.3529227620230209,3.6969582091227373
48.04603134199999,3.9899999999999998,1.77,3.85,0.03332568700000138,0.04728150899995853,0.019437219999986155,3.8324926614411146,1.378695035169127,3.6865159703980668
48.09611476200001,3.9899999999999998,1.77,3.85,0.08340910700002269,0.09736492899997984,0.06952064000000746,3.8324926614411146,1.378695035169127,3.6865159703980668
48.14618985100003,3.9899999999999998,1.78,3.85,0.13348419600004036,0.0034644460000095023,0.11959572900002513,3.8324926614411146,1.3915099712183165,3.6865159703980668
48.19630606200002,3.9899999999999998,1.78,3.83,0.039641225000025315,0.0535806569999977,0.02533680300001606,3.8324926614411146,1.3915099712183165,3.6656240942027867
48.246385980000014,3.9899999999999998,1.78,3.83,0.08972114300001977,0.10366057499999215,0.07541672100001051,3.8324926614411146,1.3915099712183165,3.6656240942027867
48.29650537399999,3.9899999999999998,1.82,3.83,0.13984053699999777,0.009798112999988007,0.1255361149999885,3.8324926614411146,1.4423245127224318,3.6656240942027867
48.346584603,4.0,1.82,3.85,0.045991766999975425,0.05987734199999295,0.031709278999983326,3.842902548855487,1.4423245127224318,3.6865159703980668
48.39666879499998,4.0,1.82,3.85,0.09607595899996113,0.10996153399997866,0.08179347099996903,3.842902548855487,1.4423245127224318,3.6865159703980668
48.446739364999985,4.0200000000000005,1.79,3.85,0.0021393449999891345,0.016066911999985223,0.13186404099997162,3.863715828059823,1.4042791745233565,3.6865159703980668
48.49688512199998,4.0200000000000005,1.79,3.86,0.05228510199998482,0.0662126689999809,0.03800302599995575,3.863715828059823,1.4042791745233565,3.6969582091227373
48.54698688100001,4.0200000000000005,1.79,3.86,0.1023868610000136,0.11631442800000968,0.08810478499998453,3.863715828059823,1.4042791745233565,3.6969582091227373
48.59709248600001,3.9899999999999998,1.8,3.86,0.008487061999971957,0.022395280000012008,0.13821038999998336,3.8324926614411146,1.4170038814343453,3.6969582091227373
48.647209772999986,3.9899999999999998,1.8,3.83,0.05860434899994971,0.07251256699998976,0.04434718499999235,3.8324926614411146,1.4170038814343453,3.6656240942027867
48.697321563,3.9899999999999998,1.8,3.83,0.10871613899996646,0.12262435700000651,0.0944589750000091,3.8324926614411146,1.4170038814343453,3.6656240942027867
48.74742064000003,3.98,1.82,3.85,0.01485805300001175,0.02878574999999728,0.000620710000021063,3.8220805852310336,1.4423245127224318,3.6865159703980668
48.797495878999996,3.98,1.82,3.85,0.06493329199997788,0.07886098899996341,0.050695948999987195,3.8220805852310336,1.4423245127224318,3.6865159703980668
48.84760691299999,3.98,1.82,3.85,0.11504432599997472,0.12897202299996025,0.10080698299998403,3.8220805852310336,1.4423245127224318,3.6865159703980668
48.897737619,3.9899999999999998,1.79,3.88,0.021252930000002834,0.03513999899996634,0.006921710999961306,3.8324926614411146,1.4042791745233565,3.717835391729978
48.947834305000015,3.9899999999999998,1.79,3.88,0.07134961600002043,0.08523668499998394,0.057018396999978904,3.8324926614411146,1.4042791745233565,3.717835391729978
48.99790187100001,3.9899999999999998,1.79,3.88,0.12141718200001606,0.13530425099997956,0.10708596299997453,3.8324926614411146,1.4042791745233565,3.717835391729978
49.04800347899999,3.9899999999999998,1.77,3.85,0.0271820659999662,0.041394030999981624,0.013202957999965292,3.8324926614411146,1.378695035169127,3.6865159703980668
49.098135033000005,3.9899999999999998,1.77,3.85,0.07731361999998398,0.09152558499999941,0.06333451199998308,3.8324926614411146,1.378695035169127,3.6865159703980668
49.14821485700003,3.9899999999999998,1.77,3.85,0.12739344400000618,0.1416054090000216,0.11341433600000528,3.8324926614411146,1.378695035169127,3.6865159703980668
49.198295315999985,4.01,1.77,3.85,0.03344477999996798,0.04777789499996743,0.019537492999972983,3.8533102652135343,1.378695035169127,3.6865159703980668
49.24841301999999,4.01,1.77,3.85,0.08356248399996957,0.09789559899996902,0.06965519699997458,3.8533102652135343,1.378695035169127,3.6865159703980668
49.29849942999999,4.01,1.76,3.85,0.13364889399997537,0.003961766999964311,0.11974160699998038,3.8533102652135343,1.3658330791132567,3.6865159703980668
49.34861576399999,3.9899999999999998,1.76,3.85,0.03985369199995148,0.05407810099995913,0.025918526999987535,3.8324926614411146,1.3658330791132567,3.6865159703980668
49.39873630200003,3.9899999999999998,1.76,3.85,0.08997422999999571,0.10419863900000337,0.07603906500003177,3.8324926614411146,1.3658330791132567,3.6865159703980668
49.44886706599999,3.9899999999999998,1.82,3.85,0.14010499399995524,0.010350120999987666,0.1261698289999913,3.8324926614411146,1.4423245127224318,3.6865159703980668
49.49900313400002,4.01,1.82,3.85,0.04622292800002015,0.060486189000016566,0.03233614100003024,3.8533102652135343,1.4423245127224318,3.6865159703980668
49.54911287300001,4.01,1.82,3.85,0.09633266700001286,0.11059592800000928,0.08244588000002295,3.8533102652135343,1.4423245127224318,3.6865159703980668
49.599222355999984,3.98,1.74,3.85,0.002438025000003563,0.016776583999956074,0.13255536299999449,3.8220805852310336,1.3399626860476377,3.6865159703980668
49.649333765999984,3.98,1.74,3.87,0.052549435000003086,0.0668879939999556,0.03867193599995744,3.8220805852310336,1.3399626860476377,3.7073980093860976
49.69945271300003,3.98,1.74,3.87,0.10266838200004713,0.11700694099999964,0.08879088300000149,3.8220805852310336,1.3399626860476377,3.7073980093860976
49.749560202,3.9899999999999998,1.78,3.87,0.008802994999996372,0.023102273000006335,0.13889837199997146,3.8324926614411146,1.3915099712183165,3.7073980093860976
49.79967462899998,3.9899999999999998,1.78,3.85,0.05891742199997907,0.07321669999998903,0.045047314999976606,3.8324926614411146,1.3915099712183165,3.6865159703980668
49.849795745999984,3.9899999999999998,1.78,3.85,0.10903853899998239,0.12333781699999236,0.09516843199997993,3.8324926614411146,1.3915099712183165,3.6865159703980668
49.899932928,3.9899999999999998,1.76,3.85,0.015220876000000771,0.029472849000001133,0.0012769040000080167,3.8324926614411146,1.3658330791132567,3.6865159703980668
49.95000507999998,3.9899999999999998,1.76,3.85,0.06529302799998504,0.0795450009999854,0.05134905599999229,3.8324926614411146,1.3658330791132567,3.6865159703980668
50.00007715300001,3.9899999999999998,1.76,3.85,0.11536510100000896,0.12961707400000932,0.10142112900001621,3.8324926614411146,1.3658330791132567,3.6865159703980668
50.050153892000026,3.98,1.87,3.85,0.02148826199999121,0.03537074600001233,0.007510720000027504,3.8220805852310336,1.5049252473129688,3.6865159703980668
50.100288895999995,3.98,1.87,3.85,0.0716232659999605,0.08550574999998162,0.05764572399999679,3.8220805852310336,1.5049252473129688,3.6865159703980668
50.15040600999998,3.98,1.87,3.85,0.1217403799999488,0.13562286399996992,0.1077628379999851,3.8220805852310336,1.5049252473129688,3.6865159703980668
50.200488509000024,4.0200000000000005,1.75,3.85,0.02777459600002885,0.04179144200003293,0.013875154000004386,3.863715828059823,1.3529227620230209,3.6865159703980668
50.250606859000015,4.0200000000000005,1.75,3.85,0.07789294600001995,0.09190979200002403,0.06399350399999548,3.863715828059823,1.3529227620230209,3.6865159703980668
50.30073332500001,4.0200000000000005,1.75,3.85,0.12801941200001465,0.14203625800001873,0.11411996999999019,3.863715828059823,1.3529227620230209,3.6865159703980668
50.350819274,4.0,1.78,3.86,0.03418676199999027,0.04807104700000764,0.020219182000005276,3.842902548855487,1.3915099712183165,3.6969582091227373
50.40090192100001,4.0,1.78,3.86,0.0842694090000009,0.09815369400001828,0.07030182900001591,3.842902548855487,1.3915099712183165,3.6969582091227373
50.450973718,4.0,1.82,3.86,0.13434120599998778,0.0042168840000158525,0.12037362600000279,3.842902548855487,1.4423245127224318,3.6969582091227373
50.50106164800002,3.98,1.82,3.86,0.040409272000033525,0.05430481400003373,0.026548935999983314,3.8220805852310336,1.4423245127224318,3.6969582091227373
50.551166464000005,3.98,1.82,3.86,0.09051408800002037,0.10440963000002057,0.07665375199997015,3.8220805852310336,1.4423245127224318,3.6969582091227373
50.60127371100003,3.98,1.75,3.86,0.14062133500004848,0.010601578000034806,0.12676099899999826,3.8220805852310336,1.3529227620230209,3.6969582091227373
50.65135241500002,3.98,1.75,3.86,0.046760790000007546,0.06068028200002118,0.03278321200002665,3.8220805852310336,1.3529227620230209,3.6969582091227373
50.70143225600003,3.98,1.75,3.86,0.0968406310000205,0.11076012300003413,0.0828630530000396,3.8220805852310336,1.3529227620230209,3.6969582091227373
50.75150639200001,4.0,1.76,3.86,0.0029316090000293116,0.016809969999997065,0.1329371890000175,3.842902548855487,1.3658330791132567,3.6969582091227373
50.801621649000026,4.0,1.76,3.85,0.053046866000045156,0.06692522700001291,0.03914234900003066,3.842902548855487,1.3658330791132567,3.6865159703980668
50.851747875,4.0,1.76,3.85,0.10317309200002,0.11705145299998776,0.08926857500000551,3.842902548855487,1.3658330791132567,3.6865159703980668
50.901876655000024,4.0,1.76,3.85,0.15330187200004275,0.1671802330000105,0.13939735500002826,3.842902548855487,1.3658330791132567,3.6865159703980668
50.951956086999985,4.0,1.76,3.85,0.2033813040000041,0.21725966499997185,0.1894767869999896,3.842902548855487,1.3658330791132567,3.6865159703980668
51.002032841000016,4.0,1.76,3.85,0.2534580580000352,0.26733641900000293,0.2395535410000207,3.842902548855487,1.3658330791132567,3.6865159703980668
51.05210415200003,3.98,1.75,3.85,0.01554990100004261,0.029489189999992504,0.0016298440000355185,3.8220805852310336,1.3529227620230209,3.6865159703980668
51.10218528400003,3.98,1.75,3.85,0.06563103300004514,0.07957032199999503,0.051710976000038045,3.8220805852310336,1.3529227620230209,3.6865159703980668
51.15226095899999,3.98,1.75,3.85,0.11570670800000471,0.1296459969999546,0.10178665099999762,3.8220805852310336,1.3529227620230209,3.6865159703980668
51.20233667399998,3.98,1.75,3.85,0.021833921999984796,0.03572714899996754,0.007950854999990042,3.8220805852310336,1.3529227620230209,3.6865159703980668
51.25242065100002,3.98,1.75,3.85,0.07191789900002732,0.08581112600001006,0.058034832000032566,3.8220805852310336,1.3529227620230209,3.6865159703980668
51.30249455500001,3.98,1.75,3.85,0.12199180300001444,0.1358850299999972,0.10810873600001969,3.8220805852310336,1.3529227620230209,3.6865159703980668
51.352609883000014,3.98,1.86,3.87,0.028155506000018704,0.04201879700002564,0.014203805000022385,3.8220805852310336,1.49248115565993,3.7073980093860976
51.40272994700001,3.98,1.86,3.87,0.07827557000001661,0.09213886100002355,0.0643238690000203,3.8220805852310336,1.49248115565993,3.7073980093860976
51.452862729,3.98,1.86,3.87,0.1284083520000081,0.14227164300001505,0.11445665100001179,3.8220805852310336,1.49248115565993,3.7073980093860976
51.50296788000003,3.98,1.79,3.85,0.034485703000029844,0.048455340000032265,0.020592286999999487,3.8220805852310336,1.4042791745233565,3.6865159703980668
51.553078915000015,3.98,1.79,3.85,0.0845967380000161,0.09856637500001852,0.07070332199998575,3.8220805852310336,1.4042791745233565,3.6865159703980668
51.603181608,3.98,1.74,3.85,0.13469943100000137,0.004703532999997151,0.12080601499997101,3.8220805852310336,1.3399626860476377,3.6865159703980668
51.65326401300001,3.98,1.74,3.86,0.04084038700000292,0.05478593800000908,0.02690644400001929,3.8220805852310336,1.3399626860476377,3.6969582091227373
51.70333899000002,3.98,1.74,3.86,0.09091536400001132,0.10486091500001748,0.0769814210000277,3.8220805852310336,1.3399626860476377,3.6969582091227373
51.75346845400003,3.98,1.83,3.86,0.1410448280000196,0.010966754000037326,0.12711088500003598,3.8220805852310336,1.454922678357857,3.6969582091227373
51.803547858,3.9899999999999998,1.83,3.85,0.04715192800000523,0.061046158000010564,0.03322598699998025,3.8324926614411146,1.454922678357857,3.6865159703980668
51.853669551999985,3.9899999999999998,1.83,3.85,0.09727362199998879,0.11116785199999413,0.08334768099996381,3.8324926614411146,1.454922678357857,3.6865159703980668
51.903787376000025,3.9899999999999998,1.76,3.85,0.003371216999994431,0.017352085000027273,0.13346550500000376,3.8324926614411146,1.3658330791132567,3.6865159703980668
51.953855793,3.9899999999999998,1.76,3.86,0.05343963399997165,0.06742050200000449,0.03954743600002075,3.8324926614411146,1.3658330791132567,3.6969582091227373
52.00388950600001,3.9899999999999998,1.76,3.86,0.10347334699997646,0.1174542150000093,0.08958114900002556,3.8324926614411146,1.3658330791132567,3.6969582091227373
52.05399679200002,4.0,1.78,3.86,0.00966646900002388,0.02349650799999381,0.13968843500003914,3.842902548855487,1.3915099712183165,3.6969582091227373
52.104104538,4.0,1.78,3.85,0.05977421500000446,0.07360425399997439,0.04546502099998406,3.842902548855487,1.3915099712183165,3.6865159703980668
52.15423382,4.0,1.78,3.85,0.10990349700000479,0.12373353599997472,0.09559430299998439,3.842902548855487,1.3915099712183165,3.6865159703980668
52.204302488999986,3.9899999999999998,1.8,3.8400000000000003,0.01593901100000039,0.029861805999985336,0.0016934509999941838,3.8324926614411146,1.4170038814343453,3.6760712724320244
52.25438017700003,3.9899999999999998,1.8,3.8400000000000003,0.06601669900004481,0.07993949400002975,0.0517711390000386,3.8324926614411146,1.4170038814343453,3.6760712724320244
52.30444943600003,3.9899999999999998,1.8,3.8400000000000003,0.11608595800004196,0.1300087530000269,0.10184039800003575,3.8324926614411146,1.4170038814343453,3.6760712724320244
52.35457776499999,4.0200000000000005,1.77,3.83,0.022262877000002845,0.03617773999997098,0.007957830999998805,3.863715828059823,1.378695035169127,3.6656240942027867
52.40470496500001,4.0200000000000005,1.77,3.83,0.07239007700002276,0.08630493999999089,0.058085031000018716,3.863715828059823,1.378695035169127,3.6656240942027867
52.45484713100001,4.0200000000000005,1.77,3.83,0.1225322430000233,0.13644710599999144,0.10822719700001926,3.863715828059823,1.378695035169127,3.6656240942027867
52.504951110000036,4.01,1.78,3.85,0.028666054000041186,0.04263518500005148,0.014379997000048661,3.8533102652135343,1.3915099712183165,3.6865159703980668
52.55507600200002,4.01,1.78,3.85,0.07879094600002645,0.09276007700003674,0.06450488900003393,3.8533102652135343,1.3915099712183165,3.6865159703980668
52.605180287999985,4.01,1.78,3.85,0.12889523199999076,0.14286436300000105,0.11460917499999823,3.8533102652135343,1.3915099712183165,3.6865159703980668
52.655259029000035,3.9899999999999998,1.82,3.8400000000000003,0.034995619000028455,0.0489510580000001,0.020709578000037254,3.8324926614411146,1.4423245127224318,3.6760712724320244
52.70537317100002,3.9899999999999998,1.82,3.8400000000000003,0.08510976100001244,0.09906519999998409,0.07082372000002124,3.8324926614411146,1.4423245127224318,3.6760712724320244
52.75550232300003,3.9899999999999998,1.74,3.8400000000000003,0.13523891300002333,0.005165938000004644,0.12095287200003213,3.8324926614411146,1.3399626860476377,3.6760712724320244
52.805618552,4.0,1.74,3.85,0.04136990399996421,0.055282166999973015,0.02709682699997984,3.842902548855487,1.3399626860476377,3.6865159703980668
52.85573911800003,4.0,1.74,3.85,0.09149046999999655,0.10540273300000536,0.07721739300001218,3.842902548855487,1.3399626860476377,3.6865159703980668
52.905883776999985,4.0,1.83,3.85,0.14163512899995112,0.011582030999989001,0.12736205199996675,3.842902548855487,1.454922678357857,3.6865159703980668
52.95598821100003,4.0,1.83,3.86,0.19173956299999872,0.061686465000036605,0.033491383000011865,3.842902548855487,1.454922678357857,3.6969582091227373
53.006122199,4.0,1.83,3.86,0.2418735509999692,0.11182045300000709,0.08362537099998235,3.842902548855487,1.454922678357857,3.6969582091227373
53.05624203100001,4.0,1.83,3.86,0.29199338299997635,0.017940862999978435,0.1337452029999895,3.842902548855487,1.454922678357857,3.6969582091227373
53.106322202,4.0,1.83,3.86,0.34207355399996686,0.06802103399996895,0.03985883399997192,3.842902548855487,1.454922678357857,3.6969582091227373
53.15645423500001,4.0,1.83,3.86,0.3922055869999781,0.11815306699998018,0.08999086699998315,3.842902548855487,1.454922678357857,3.6969582091227373
53.20653492299999,4.03,1.85,3.86,0.009967996999989737,0.024276750000012726,0.14007155499996315,3.8741192547468133,1.4800000000000002,3.6969582091227373
53.256616345,4.03,1.85,3.85,0.06004941899999494,0.07435817200001793,0.04619987199998832,3.8741192547468133,1.4800000000000002,3.6865159703980668
53.306696853000005,4.03,1.85,3.85,0.11012992700000268,0.12443868000002567,0.09628037999999606,3.8741192547468133,1.4800000000000002,3.6865159703980668
53.356780265,4.0,1.78,3.86,0.016256204000001162,0.030588033000015002,0.002358953999987534,3.842902548855487,1.3915099712183165,3.6969582091227373
53.40689540300002,4.0,1.78,3.86,0.06637134200002492,0.08070317100003876,0.052474092000011296,3.842902548855487,1.3915099712183165,3.6969582091227373
53.45696875700003,4.0,1.78,3.86,0.11644469600003049,0.13077652500004433,0.10254744600001686,3.842902548855487,1.3915099712183165,3.6969582091227373
53.507113806999996,4.0200000000000005,1.78,3.85,0.02261335999997982,0.036877021000009336,0.00871237100000144,3.863715828059823,1.3915099712183165,3.6865159703980668
53.55722203200003,4.0200000000000005,1.78,3.85,0.07272158500001069,0.0869852460000402,0.05882059600003231,3.863715828059823,1.3915099712183165,3.6865159703980668
53.60730266500002,4.0200000000000005,1.78,3.85,0.1228022180000039,0.13706587900003342,0.10890122900002552,3.863715828059823,1.3915099712183165,3.6865159703980668
53.65738433299998,4.0,1.78,3.85,0.028861741999946844,0.04322387399997751,0.014973419999989801,3.842902548855487,1.3915099712183165,3.6865159703980668
53.70746355,4.0,1.78,3.85,0.078940958999965,0.09330309099999567,0.06505263700000796,3.842902548855487,1.3915099712183165,3.6865159703980668
53.75754657499999,4.0,1.78,3.85,0.12902398399995718,0.14338611599998785,0.11513566200000014,3.842902548855487,1.3915099712183165,3.6865159703980668
53.80762621500003,3.9899999999999998,1.79,3.85,0.03516776000003574,0.04948368000003711,0.021241393000025255,3.8324926614411146,1.4042791745233565,3.6865159703980668
53.85770995199999,3.9899999999999998,1.79,3.85,0.08525149700000156,0.09956741700000293,0.07132512999999108,3.8324926614411146,1.4042791745233565,3.6865159703980668
53.90778986800001,3.9899999999999998,1.79,3.85,0.13533141300001716,0.14964733300001853,0.12140504600000668,3.8324926614411146,1.4042791745233565,3.6865159703980668
53.95783759200003,3.9899999999999998,1.79,3.85,0.18537913700004083,0.1996950570000422,0.17145277000003034,3.8324926614411146,1.4042791745233565,3.6865159703980668
54.007914696,3.9899999999999998,1.79,3.85,0.2354562410000085,0.24977216100000987,0.22152987399999802,3.8324926614411146,1.4042791745233565,3.6865159703980668
54.05799339499998,3.9899999999999998,1.76,3.85,0.2855349399999909,0.011588934999963385,0.2716085729999804,3.8324926614411146,1.3658330791132567,3.6865159703980668
54.108077062999996,3.9899999999999998,1.76,3.85,0.04769911500000035,0.06167260299997679,0.03375132999997277,3.8324926614411146,1.3658330791132567,3.6865159703980668
54.15818680799998,3.9899999999999998,1.76,3.85,0.09780885999998645,0.1117823479999629,0.08386107499995887,3.8324926614411146,1.3658330791132567,3.6865159703980668
54.208263515,3.9899999999999998,1.76,3.85,0.0038548069999819745,0.017792822999979307,0.1339377819999754,3.8324926614411146,1.3658330791132567,3.6865159703980668
54.25834149100001,3.9899999999999998,1.76,3.85,0.05393278299999338,0.06787079899999071,0.040031214999999065,3.8324926614411146,1.3658330791132567,3.6865159703980668
54.30842555700002,3.9899999999999998,1.76,3.85,0.10401684900000419,0.11795486500000152,0.09011528100000987,3.8324926614411146,1.3658330791132567,3.6865159703980668
54.35855135000003,4.0,1.79,3.85,0.010117447000027369,0.024174628000025677,0.1402410740000164,3.842902548855487,1.4042791745233565,3.6865159703980668
54.408675655000025,4.0,1.79,3.85,0.06024175200002446,0.07429893300002277,0.046428551000019525,3.842902548855487,1.4042791745233565,3.6865159703980668
54.458750563000024,4.0,1.79,3.85,0.1103166600000236,0.12437384100002191,0.09650345900001867,3.842902548855487,1.4042791745233565,3.6865159703980668
54.50887776400003,4.0,1.78,3.85,0.01654117500004304,0.03045889600002738,0.0025811210000483698,3.842902548855487,1.3915099712183165,3.6865159703980668
54.558957975,4.0,1.78,3.85,0.06662138600000844,0.08053910699999278,0.05266133200001377,3.842902548855487,1.3915099712183165,3.6865159703980668
54.60906509099999,4.0,1.78,3.85,0.11672850200000084,0.13064622299998518,0.10276844800000617,3.842902548855487,1.3915099712183165,3.6865159703980668
54.65917596700001,3.9899999999999998,1.75,3.8400000000000003,0.022859550000021045,0.03676458299997876,0.008996392000028663,3.8324926614411146,1.3529227620230209,3.6760712724320244
54.70926012199999,3.9899999999999998,1.75,3.8400000000000003,0.07294370500000014,0.08684873799995785,0.059080547000007755,3.8324926614411146,1.3529227620230209,3.6760712724320244
54.759338523999986,3.9899999999999998,1.75,3.8400000000000003,0.12302210699999705,0.13692713999995476,0.10915894900000467,3.8324926614411146,1.3529227620230209,3.6760712724320244
54.809422385000005,3.9899999999999998,1.78,3.87,0.02915266600001587,0.043084245999978066,0.015251111999987188,3.8324926614411146,1.3915099712183165,3.7073980093860976
54.859503226000015,3.9899999999999998,1.78,3.87,0.0792335070000263,0.09316508699998849,0.06533195299999761,3.8324926614411146,1.3915099712183165,3.7073980093860976
54.909583034000036,3.9899999999999998,1.78,3.87,0.12931331500004717,0.14324489500000936,0.11541176100001849,3.8324926614411146,1.3915099712183165,3.7073980093860976
54.95966146500001,4.01,1.74,3.86,0.035409844000014346,0.04938120299999582,0.02153244200002291,3.8533102652135343,1.3399626860476377,3.6969582091227373
55.00979438400003,4.01,1.74,3.86,0.08554276300003494,0.09951412200001641,0.0716653610000435,3.8533102652135343,1.3399626860476377,3.6969582091227373
55.059869254000034,4.01,1.83,3.86,0.13561763300003804,0.005590484000038032,0.1217402310000466,3.8533102652135343,1.454922678357857,3.6969582091227373
55.109950156000025,3.98,1.83,3.85,0.04174758600004225,0.05567138600002863,0.027797743999997238,3.8220805852310336,1.454922678357857,3.6865159703980668
55.160055048000004,3.98,1.83,3.85,0.09185247800002116,0.10577627800000755,0.07790263599997616,3.8220805852310336,1.454922678357857,3.6865159703980668
55.21018644100002,3.98,1.77,3.85,0.1419838710000363,0.011896668000019872,0.12803402899999128,3.8220805852310336,1.378695035169127,3.6865159703980668
55.26029926199999,4.0,1.77,3.8400000000000003,0.048022119999984625,0.06200948899999048,0.03414181299996244,3.842902548855487,1.378695035169127,3.6760712724320244
55.310416866000025,4.0,1.77,3.8400000000000003,0.09813972400002058,0.11212709300002643,0.0842594169999984,3.842902548855487,1.378695035169127,3.6760712724320244
55.36048784600001,3.98,1.79,3.8400000000000003,0.0042986739999832935,0.018236653000030856,0.13433039699998517,3.8220805852310336,1.4042791745233565,3.6760712724320244
55.41062000800002,3.98,1.79,3.85,0.05443083599999454,0.0683688150000421,0.04051045900001782,3.8220805852310336,1.4042791745233565,3.6865159703980668
55.46073706999999,3.98,1.79,3.85,0.10454789799996433,0.1184858770000119,0.09062752099998761,3.8220805852310336,1.4042791745233565,3.6865159703980668
55.51087528800002,4.03,1.77,3.85,0.010691328000007161,0.024610456000004888,0.14076573900001677,3.8741192547468133,1.378695035169127,3.6865159703980668
55.56097736800001,4.03,1.77,3.8400000000000003,0.060793407999995,0.07471253599999272,0.04687312999999449,3.8741192547468133,1.378695035169127,3.6760712724320244
55.611104117000025,4.03,1.77,3.8400000000000003,0.11092015700000957,0.1248392850000073,0.09699987900000906,3.8741192547468133,1.378695035169127,3.6760712724320244
55.66121676,4.03,1.77,3.85,0.01706853999996838,0.030980301999989024,0.003126733999977205,3.8741192547468133,1.378695035169127,3.6865159703980668
55.71133539700003,4.03,1.77,3.85,0.06718717699999388,0.08109893900001452,0.053245371000002706,3.8741192547468133,1.378695035169127,3.6865159703980668
55.761447308000015,4.03,1.77,3.85,0.11729908799998157,0.1312108500000022,0.10335728199999039,3.8741192547468133,1.378695035169127,3.6865159703980668
55.81157797100002,4.01,1.78,3.85,0.023428475999992315,0.037318909000020994,0.009580356000014945,3.8533102652135343,1.3915099712183165,3.6865159703980668
55.86167698899999,4.01,1.78,3.85,0.07352749399996128,0.08741792699998996,0.05967937399998391,3.8533102652135343,1.3915099712183165,3.6865159703980668
55.911800008,4.01,1.78,3.85,0.12365051299997276,0.13754094600000144,0.10980239299999539,3.8533102652135343,1.3915099712183165,3.6865159703980668
55.96187548400002,3.98,1.8,3.85,0.029685049000022445,0.04377499500003523,0.015832723000016813,3.8220805852310336,1.4170038814343453,3.6865159703980668
56.011957671000005,3.98,1.8,3.85,0.07976723600000923,0.09385718200002202,0.0659149100000036,3.8220805852310336,1.4170038814343453,3.6865159703980668
56.06203727299999,3.98,1.8,3.85,0.12984683799999175,0.14393678400000454,0.11599451199998612,3.8220805852310336,1.4170038814343453,3.6865159703980668
56.11211758100001,3.98,1.83,3.85,0.03599810899999056,0.049940531000004285,0.021727946999988035,3.8220805852310336,1.454922678357857,3.6865159703980668
56.162200997000014,3.98,1.83,3.85,0.08608152499999733,0.10002394700001105,0.0718113629999948,3.8220805852310336,1.454922678357857,3.6865159703980668
56.21229919799998,3.98,1.82,3.85,0.1361797259999662,0.006169340999974793,0.12190956399996367,3.8220805852310336,1.4423245127224318,3.6865159703980668
56.26241536499998,3.9899999999999998,1.82,3.8400000000000003,0.04230585999999903,0.05628550799997356,0.028127690999951938,3.8324926614411146,1.4423245127224318,3.6760712724320244
56.312525582000035,3.9899999999999998,1.82,3.8400000000000003,0.09241607700005261,0.10639572500002714,0.07823790800000552,3.8324926614411146,1.4423245127224318,3.6760712724320244
56.362649024999996,3.9899999999999998,1.76,3.8400000000000003,0.1425395200000139,0.012545863000013924,0.12836135099996682,3.8324926614411146,1.3658330791132567,3.6760712724320244
56.412731097000005,4.0,1.76,3.88,0.048714786000005006,0.06262793500002317,0.03438727200000358,3.842902548855487,1.3658330791132567,3.717835391729978
56.462841774000026,4.0,1.76,3.88,0.09882546300002559,0.11273861200004376,0.08449794900002416,3.842902548855487,1.3658330791132567,3.717835391729978
56.51288382299998,4.0,1.75,3.88,0.14886751199998116,0.018821841999965727,0.13453999799997973,3.842902548855487,1.3529227620230209,3.717835391729978
56.562967560000004,4.0,1.75,3.8400000000000003,0.19895124900000383,0.06890557899998839,0.04070120199997973,3.842902548855487,1.3529227620230209,3.6760712724320244
56.61307462799999,4.0,1.75,3.8400000000000003,0.24905831699999226,0.11901264699997682,0.09080826999996816,3.842902548855487,1.3529227620230209,3.6760712724320244
56.66315758100001,4.0,1.83,3.8400000000000003,0.2991412700000069,0.025125822000006792,0.1408912229999828,3.842902548855487,1.454922678357857,3.6760712724320244
56.71323932500002,4.0,1.83,3.8400000000000003,0.34922301400001743,0.07520756600001732,0.04701613100002078,3.842902548855487,1.454922678357857,3.6760712724320244
56.763322224000035,4.0,1.83,3.8400000000000003,0.3993059130000347,0.1252904650000346,0.09709903000003806,3.842902548855487,1.454922678357857,3.6760712724320244
56.81339534,3.98,1.79,3.86,0.017421082999987902,0.031311686999970334,0.0032102920000056656,3.8220805852310336,1.4042791745233565,3.6969582091227373
56.86347633500003,3.98,1.79,3.86,0.06750207800001817,0.0813926820000006,0.053291287000035936,3.8220805852310336,1.4042791745233565,3.6969582091227373
56.91354907599998,3.98,1.79,3.86,0.11757481899996947,0.1314654229999519,0.10336402799998723,3.8220805852310336,1.4042791745233565,3.6969582091227373
56.963632184000005,3.98,1.79,3.86,0.16765792699999338,0.1815485309999758,0.15344713600001114,3.8220805852310336,1.4042791745233565,3.6969582091227373
57.01374427400003,3.98,1.79,3.86,0.21777001700002074,0.23166062100000318,0.2035592260000385,3.8220805852310336,1.4042791745233565,3.6969582091227373
57.06385337300003,3.98,1.79,3.86,0.26787911600001735,0.2817697199999998,0.2536683250000351,3.8220805852310336,1.4042791745233565,3.6969582091227373
57.11393212600001,4.01,1.78,3.85,0.02968925599998329,0.043950444000017796,0.015758817000005365,3.8533102652135343,1.3915099712183165,3.6865159703980668
57.16401253499998,4.01,1.78,3.85,0.07976966499995797,0.09403085299999248,0.06583922599998004,3.8533102652135343,1.3915099712183165,3.6865159703980668
57.214079458000015,4.01,1.83,3.85,0.1298365879999892,0.00013449800002263146,0.11590614900001128,3.8533102652135343,1.454922678357857,3.6865159703980668
57.26416209600001,4.0,1.83,3.8400000000000003,0.03588250899997547,0.05021713600001476,0.022035545999983697,3.842902548855487,1.454922678357857,3.6760712724320244
57.31426988999999,4.0,1.83,3.8400000000000003,0.08599030299996002,0.10032492999999931,0.07214333999996825,3.842902548855487,1.454922678357857,3.6760712724320244
57.36434427500001,4.0,1.75,3.8400000000000003,0.13606468799997629,0.006402491000017108,0.12221772499998451,3.842902548855487,1.3529227620230209,3.6760712724320244
57.41442740299999,4.03,1.75,3.86,0.04225953399998161,0.05648561900000004,0.028337485000008655,3.8741192547468133,1.3529227620230209,3.6969582091227373
57.46450792400003,4.03,1.75,3.86,0.0923400550000224,0.10656614000004083,0.07841800600004944,3.8741192547468133,1.3529227620230209,3.6969582091227373
57.51458970700003,4.03,1.78,3.86,0.1424218380000184,0.012624951000020701,0.12849978900004544,3.8741192547468133,1.3915099712183165,3.6969582091227373
57.56466570499998,4.0,1.78,3.87,0.04854022899996835,0.06270094899997503,0.03456889499994986,3.842902548855487,1.3915099712183165,3.7073980093860976
57.61479040300003,4.0,1.78,3.87,0.09866492700001572,0.1128256470000224,0.08469359299999724,3.842902548855487,1.3915099712183165,3.7073980093860976
57.66488609700002,4.0,1.78,3.87,0.004670903000032922,0.018629137999994327,0.1347892869999896,3.842902548855487,1.3915099712183165,3.7073980093860976
57.714968913999996,4.0,1.78,3.85,0.05475372000000789,0.0687119549999693,0.04084031799999366,3.842902548855487,1.3915099712183165,3.6865159703980668
57.76504532199999,4.0,1.78,3.85,0.10483012800000324,0.11878836299996465,0.09091672599998901,3.842902548855487,1.3915099712183165,3.6865159703980668
57.81514909399999,3.9899999999999998,1.76,3.85,0.011006785999995827,0.02497481699998616,0.14102049799998895,3.8324926614411146,1.3658330791132567,3.6865159703980668
57.86522822500001,3.9899999999999998,1.76,3.85,0.06108591700001398,0.07505394800000431,0.04715767200002574,3.8324926614411146,1.3658330791132567,3.6865159703980668
57.91534900700003,3.9899999999999998,1.76,3.85,0.11120669900003577,0.1251747300000261,0.09727845400004753,3.8324926614411146,1.3658330791132567,3.6865159703980668
57.965422345000036,3.9899999999999998,1.78,3.85,0.01735897000003206,0.031204424000009112,0.0034275400000183254,3.8324926614411146,1.3915099712183165,3.6865159703980668
58.015541481000014,3.9899999999999998,1.78,3.85,0.06747810600001003,0.08132355999998708,0.053546675999996296,3.8324926614411146,1.3915099712183165,3.6865159703980668
58.065618890999986,3.9899999999999998,1.78,3.85,0.11755551599998171,0.13140096999995876,0.10362408599996797,3.8324926614411146,1.3915099712183165,3.6865159703980668
58.115733863,4.0,1.75,3.8400000000000003,0.023625788000003922,0.03750780000001441,0.009679663999975219,3.842902548855487,1.3529227620230209,3.6760712724320244
58.165815321000025,4.0,1.75,3.8400000000000003,0.07370724600002632,0.08758925800003681,0.05976112199999761,3.842902548855487,1.3529227620230209,3.6760712724320244
58.21586576999999,4.0,1.75,3.8400000000000003,0.12375769499999478,0.13763970700000527,0.10981157099996608,3.842902548855487,1.3529227620230209,3.6760712724320244
58.26594482600001,3.9899999999999998,1.79,3.85,0.029836998999996922,0.043852096000023266,0.015914160000022548,3.8324926614411146,1.4042791745233565,3.6865159703980668
58.31604841500001,3.9899999999999998,1.79,3.85,0.07994058799999948,0.09395568500002582,0.0660177490000251,3.8324926614411146,1.4042791745233565,3.6865159703980668
58.366139175,3.9899999999999998,1.79,3.85,0.1300313479999886,2.049400001169488e-05,0.11610850900001424,3.8324926614411146,1.4042791745233565,3.6865159703980668
58.41622209299999,3.98,1.79,3.83,0.03616632499995376,0.05010341199999857,0.022203590000003715,3.8220805852310336,1.4042791745233565,3.6656240942027867
58.466305507000015,3.98,1.79,3.83,0.08624973899998167,0.10018682600002649,0.07228700400003163,3.8220805852310336,1.4042791745233565,3.6656240942027867
58.51638452100002,3.98,1.74,3.83,0.1363287529999866,0.006231044999992719,0.12236601800003655,3.8220805852310336,1.3399626860476377,3.6656240942027867
58.56646294699999,4.01,1.74,3.85,0.042427997000004325,0.056309470999963196,0.02851958499996954,3.8533102652135343,1.3399626860476377,3.6865159703980668
58.616542546000005,4.01,1.74,3.85,0.09250759600001857,0.10638906999997744,0.07859918399998378,3.8533102652135343,1.3399626860476377,3.6865159703980668
58.66662236000002,4.01,1.77,3.85,0.14258741000003283,0.012503272999992987,0.12867899799999805,3.8533102652135343,1.378695035169127,3.6865159703980668
58.716706031,4.0,1.77,3.85,0.048730836000004274,0.06258694399997466,0.034744268999986616,3.842902548855487,1.378695035169127,3.6865159703980668
58.76678886299999,4.0,1.77,3.85,0.09881366799999114,0.11266977599996153,0.08482710099997348,3.842902548855487,1.378695035169127,3.6865159703980668
58.816883509000036,3.98,1.75,3.85,0.004909278000013728,0.018829747000040697,0.13492174700002124,3.8220805852310336,1.3529227620230209,3.6865159703980668
58.866966434999995,3.98,1.75,3.85,0.054992203999972844,0.06891267299999981,0.04105278200000839,3.8220805852310336,1.3529227620230209,3.6865159703980668
58.91704861400001,3.98,1.75,3.85,0.10507438299998739,0.11899485200001436,0.09113496100002294,3.8220805852310336,1.3529227620230209,3.6865159703980668
58.96713167500002,3.9899999999999998,1.75,3.85,0.01110260900003368,0.025021750000007614,0.1412180220000323,3.8324926614411146,1.3529227620230209,3.6865159703980668
59.01721160599999,3.9899999999999998,1.75,3.85,0.06118254000000434,0.07510168099997827,0.04735600300000442,3.8324926614411146,1.3529227620230209,3.6865159703980668
59.06732520000003,3.9899999999999998,1.75,3.85,0.11129613400004246,0.1252152750000164,0.09746959700004254,3.8324926614411146,1.3529227620230209,3.6865159703980668
59.11739755100001,3.98,1.74,3.86,0.01745898000001489,0.03130916800000705,0.0034938339999825985,3.8220805852310336,1.3399626860476377,3.6969582091227373
59.16748141700003,3.98,1.74,3.86,0.06754284600003757,0.08139303400002973,0.05357770000000528,3.8220805852310336,1.3399626860476377,3.6969582091227373
59.21755520400001,3.98,1.74,3.86,0.11761663300001146,0.13146682100000362,0.10365148699997917,3.8220805852310336,1.3399626860476377,3.6969582091227373
59.26763615599998,4.0200000000000005,1.75,3.86,0.023670167999966907,0.03758830399999624,0.009750965999955952,3.863715828059823,1.3529227620230209,3.6969582091227373
59.317716464,4.0200000000000005,1.75,3.86,0.07375047599998652,0.08766861200001586,0.059831273999975565,3.863715828059823,1.3529227620230209,3.6969582091227373
59.367856641,4.0200000000000005,1.75,3.86,0.12389065299998947,0.1378087890000188,0.10997145099997852,3.863715828059823,1.3529227620230209,3.6969582091227373
59.417951181000035,4.01,1.75,3.86,0.029987106000021413,0.04399102100001073,0.01605879300001334,3.8533102652135343,1.3529227620230209,3.6969582091227373
59.468031980000035,4.01,1.75,3.86,0.08006790500002126,0.09407182000001058,0.06613959200001318,3.8533102652135343,1.3529227620230209,3.6969582091227373
59.51813056999998,4.01,1.71,3.86,0.13016649499996902,0.00016253299997970316,0.11623818199996094,3.8533102652135343,1.3007690033207278,3.6969582091227373
59.56825189,3.98,1.71,3.8400000000000003,0.03633012699998517,0.05028385299999627,0.022455626999999367,3.8220805852310336,1.3007690033207278,3.6760712724320244
59.618364337,3.98,1.71,3.8400000000000003,0.08644257399998878,0.10039629999999988,0.07256807400000298,3.8220805852310336,1.3007690033207278,3.6760712724320244
59.66849126599999,3.98,1.73,3.8400000000000003,0.1365695029999756,0.006553632999953152,0.12269500299998981,3.8220805852310336,1.3269513932318697,3.6760712724320244
59.71861760500002,3.9899999999999998,1.73,3.87,0.042726654000034614,0.056679971999983536,0.028713331999995262,3.8324926614411146,1.3269513932318697,3.7073980093860976
59.768748007,3.9899999999999998,1.73,3.87,0.09285705600001393,0.10681037399996285,0.07884373399997457,3.8324926614411146,1.3269513932318697,3.7073980093860976
59.818891551000036,3.9899999999999998,1.79,3.87,0.14300060000005033,0.012922385000024406,0.12898727800001097,3.8324926614411146,1.4042791745233565,3.7073980093860976
59.86899898400003,3.9899999999999998,1.79,3.86,0.04925829800004067,0.06302981800001817,0.03491834400000471,3.8324926614411146,1.4042791745233565,3.6969582091227373
59.91910278800003,3.9899999999999998,1.79,3.86,0.09936210200004325,0.11313362200002075,0.08502214800000729,3.8324926614411146,1.4042791745233565,3.6969582091227373
59.969230486000015,3.9899999999999998,1.79,3.86,0.1494898000000262,0.1632613200000037,0.13514984599999025,3.8324926614411146,1.4042791745233565,3.6969582091227373
60.01931887699999,3.9899999999999998,1.79,3.86,0.19957819100000052,0.21334971099997802,0.18523823699996456,3.8324926614411146,1.4042791745233565,3.6969582091227373
60.06940204800003,3.9899999999999998,1.79,3.86,0.2496613620000403,0.2634328820000178,0.23532140800000434,3.8324926614411146,1.4042791745233565,3.6969582091227373
60.119483615000036,4.0,1.79,3.86,0.011714219000054982,0.02554656100005559,0.2854029750000109,3.842902548855487,1.4042791745233565,3.6969582091227373
60.16956237599999,4.0,1.79,3.8400000000000003,0.06179298000000699,0.0756253220000076,0.04750116099995694,3.842902548855487,1.4042791745233565,3.6760712724320244
60.21964483700003,4.0,1.79,3.8400000000000003,0.11187544100005198,0.1257077830000526,0.09758362200000192,3.842902548855487,1.4042791745233565,3.6760712724320244
60.26977420100002,3.9899999999999998,1.75,3.85,0.01794254000003548,0.03188275600001589,0.003758574000016779,3.8324926614411146,1.3529227620230209,3.6865159703980668
60.31986930800002,3.9899999999999998,1.75,3.85,0.06803764700003967,0.08197786300002008,0.05385368100002097,3.8324926614411146,1.3529227620230209,3.6865159703980668
60.36994417300002,3.9899999999999998,1.75,3.85,0.1181125120000388,0.13205272800001921,0.1039285460000201,3.8324926614411146,1.3529227620230209,3.6865159703980668
60.42002147900001,4.0200000000000005,1.73,3.85,0.023977597999987665,0.038221975999988445,0.010022676000005504,3.863715828059823,1.3269513932318697,3.6865159703980668
60.470101733000035,4.0200000000000005,1.73,3.85,0.07405785200000992,0.0883022300000107,0.060102930000027754,3.863715828059823,1.3269513932318697,3.6865159703980668
60.520183351000014,4.0200000000000005,1.73,3.85,0.1241394699999887,0.13838384799998948,0.11018454800000654,3.863715828059823,1.3269513932318697,3.6865159703980668
60.570262318999994,3.98,1.77,3.85,0.030230975999984366,0.044466085999999905,0.016263993999984905,3.8220805852310336,1.378695035169127,3.6865159703980668
60.62034467500001,3.98,1.77,3.85,0.0803133320000029,0.09454844200001844,0.06634635000000344,3.8220805852310336,1.378695035169127,3.6865159703980668
60.67044343800001,3.98,1.7,3.85,0.13041209499999695,0.0006192100000248502,0.11644511299999749,3.8220805852310336,1.2875946567146042,3.6865159703980668
60.72052506900002,3.98,1.7,3.86,0.036464500000022326,0.05070084100003669,0.02247193599998809,3.8220805852310336,1.2875946567146042,3.6969582091227373
60.770606870999984,3.98,1.7,3.86,0.08654630199998792,0.10078264300000228,0.07255373799995368,3.8220805852310336,1.2875946567146042,3.6969582091227373
60.82068425800003,3.98,1.83,3.86,0.1366236890000323,0.006793557000037254,0.12263112499999806,3.8220805852310336,1.454922678357857,3.6969582091227373
60.870809759999986,3.9899999999999998,1.83,3.85,0.04284146699995972,0.05691905899999483,0.028902931000004628,3.8324926614411146,1.454922678357857,3.6865159703980668
60.92090072600001,3.9899999999999998,1.83,3.85,0.09293243299998721,0.10701002500002232,0.07899389700003212,3.8324926614411146,1.454922678357857,3.6865159703980668
60.97098474300003,3.9899999999999998,1.78,3.85,0.14301645000000462,0.013289847999999438,0.12907791400004953,3.8324926614411146,1.3915099712183165,3.6865159703980668
61.021102496000026,3.98,1.78,3.85,0.049152573000014854,0.06340760099999443,0.03524672100002135,3.8220805852310336,1.3915099712183165,3.6865159703980668
61.07118281200002,3.98,1.78,3.85,0.09923288900000671,0.11348791699998628,0.0853270370000132,3.8220805852310336,1.3915099712183165,3.6865159703980668
61.12126077099998,4.0,1.78,3.85,0.005286601999955565,0.019515498999965075,0.13540499599997702,3.842902548855487,1.3915099712183165,3.6865159703980668
61.17134027899999,4.0,1.78,3.86,0.05536610999996583,0.06959500699997534,0.04141979299998866,3.842902548855487,1.3915099712183165,3.6969582091227373
61.22147074399999,4.0,1.78,3.86,0.10549657499996101,0.11972547199997052,0.09155025799998384,3.842902548855487,1.3915099712183165,3.6969582091227373
61.27155049999999,4.0,1.74,3.86,0.011564593999992212,0.02582184199997073,0.1416300139999862,3.842902548855487,1.3399626860476377,3.6969582091227373
61.32163075,4.0,1.74,3.85,0.06164484399999992,0.07590209199997844,0.04775422899996329,3.842902548855487,1.3399626860476377,3.6865159703980668
61.37171140800001,4.0,1.74,3.85,0.11172550200001297,0.12598274999999148,0.09783488699997633,3.842902548855487,1.3399626860476377,3.6865159703980668
61.42185733500003,3.9899999999999998,1.78,3.86,0.0178606860000059,0.031879491000040616,0.003945697999995446,3.8324926614411146,1.3915099712183165,3.6969582091227373
61.471935127999984,3.9899999999999998,1.78,3.86,0.06793847899996308,0.0819572839999978,0.05402349099995263,3.8324926614411146,1.3915099712183165,3.6969582091227373
61.52201120699999,3.9899999999999998,1.78,3.86,0.1180145579999703,0.132033363000005,0.10409956999995984,3.8324926614411146,1.3915099712183165,3.6969582091227373
61.572090445000015,3.9899999999999998,1.78,3.85,0.024165101999983563,0.03805404899998166,0.010205600999995568,3.8324926614411146,1.3915099712183165,3.6865159703980668
61.62217251499999,3.9899999999999998,1.78,3.85,0.07424717199995712,0.08813611899995522,0.06028767099996912,3.8324926614411146,1.3915099712183165,3.6865159703980668
61.672251095000036,3.9899999999999998,1.78,3.85,0.12432575200000429,0.13821469900000238,0.11036625100001629,3.8324926614411146,1.3915099712183165,3.6865159703980668
61.722364588999994,4.0,1.77,3.88,0.030432889999985946,0.0444068580000021,0.016437447999976484,3.842902548855487,1.378695035169127,3.717835391729978
61.77244207000001,4.0,1.77,3.88,0.08051037100000258,0.09448433900001874,0.06651492899999312,3.842902548855487,1.378695035169127,3.717835391729978
61.82250570400004,4.0,1.8,3.88,0.13057400500002814,0.0005510180000101172,0.11657856300001868,3.842902548855487,1.4170038814343453,3.717835391729978
61.872584941000014,3.98,1.8,3.85,0.03675205100000767,0.0506302549999873,0.02280865199998061,3.8220805852310336,1.4170038814343453,3.6865159703980668
61.92269939900001,3.98,1.8,3.85,0.08686650900000359,0.10074471299998322,0.07292310999997653,3.8220805852310336,1.4170038814343453,3.6865159703980668
61.97283365800001,3.98,1.76,3.85,0.13700076800000716,0.006919406000008621,0.1230573689999801,3.8220805852310336,1.3658330791132567,3.6865159703980668
62.02287485800002,4.0200000000000005,1.76,3.85,0.04304631200000131,0.05696060600001829,0.029187081000031867,3.863715828059823,1.3658330791132567,3.6865159703980668
62.072963023,4.0200000000000005,1.76,3.85,0.09313447699997823,0.10704877099999521,0.07927524600000879,3.863715828059823,1.3658330791132567,3.6865159703980668
62.12306217600002,4.0200000000000005,1.83,3.85,0.14323362999999745,0.013136216000020795,0.129374399000028,3.863715828059823,1.454922678357857,3.6865159703980668
62.173144484000034,3.9899999999999998,1.83,3.86,0.04944712900004333,0.06321852400003536,0.03542335600002389,3.8324926614411146,1.454922678357857,3.6969582091227373
62.223225188000015,3.9899999999999998,1.83,3.86,0.09952783300002466,0.11329922800001668,0.08550406000000521,3.8324926614411146,1.454922678357857,3.6969582091227373
62.27334707900002,3.9899999999999998,1.8,3.86,0.005553943999984767,0.019454745000018647,0.13562595100000863,3.8324926614411146,1.4170038814343453,3.6969582091227373
62.323426300999984,3.9899999999999998,1.8,3.86,0.05563316599995005,0.06953396699998393,0.041736316999958945,3.8324926614411146,1.4170038814343453,3.6969582091227373
62.373506889,3.9899999999999998,1.8,3.86,0.10571375399996441,0.11961455499999829,0.0918169049999733,3.8324926614411146,1.4170038814343453,3.6969582091227373
62.423625396000034,4.01,1.78,3.86,0.011842227000045114,0.025781001000041215,0.14193541200000936,3.8533102652135343,1.3915099712183165,3.6969582091227373
62.47378279700001,4.01,1.78,3.85,0.06199962800002368,0.07593840200001978,0.04808665500002007,3.8533102652135343,1.3915099712183165,3.6865159703980668
62.52394029200002,4.01,1.78,3.85,0.11215712300003133,0.12609589700002743,0.09824415000002773,3.8533102652135343,1.3915099712183165,3.6865159703980668
62.57401675800003,3.9899999999999998,1.77,3.85,0.01826088300003903,0.03213291899999149,0.004373654000005445,3.8324926614411146,1.378695035169127,3.6865159703980668
62.62413242299999,3.9899999999999998,1.77,3.85,0.06837654800000337,0.08224858399995583,0.05448931899996978,3.8324926614411146,1.378695035169127,3.6865159703980668
62.67422023500001,3.9899999999999998,1.77,3.85,0.11846436000001859,0.13233639599997105,0.104577130999985,3.8324926614411146,1.378695035169127,3.6865159703980668
62.724300363,3.9899999999999998,1.77,3.85,0.02456724099999974,0.038534388000016406,0.010611242999971182,3.8324926614411146,1.378695035169127,3.6865159703980668
62.774379797999984,3.9899999999999998,1.77,3.85,0.0746466759999862,0.08861382300000287,0.06069067799995764,3.8324926614411146,1.378695035169127,3.6865159703980668
62.8244555,3.9899999999999998,1.77,3.85,0.1247223780000013,0.13868952500001797,0.11076637999997274,3.8324926614411146,1.378695035169127,3.6865159703980668
62.87458017800003,3.9899999999999998,1.8,3.85,0.030911073000027045,0.04480393500000446,0.016923514000040996,3.8324926614411146,1.4170038814343453,3.6865159703980668
62.92466121199999,3.9899999999999998,1.8,3.85,0.08099210699998594,0.09488496899996335,0.06700454799999989,3.8324926614411146,1.4170038814343453,3.6865159703980668
62.974743459000024,3.9899999999999998,1.8,3.85,0.13107435400002032,0.14496721599999773,0.11708679500003427,3.8324926614411146,1.4170038814343453,3.6865159703980668
63.024860418,3.9899999999999998,1.8,3.85,0.18119131299999935,0.19508417499997677,0.1672037540000133,3.8324926614411146,1.4170038814343453,3.6865159703980668
63.07498661200003,3.9899999999999998,1.8,3.85,0.2313175070000284,0.2452103690000058,0.21732994800004235,3.8324926614411146,1.4170038814343453,3.6865159703980668
63.125099490000025,3.9899999999999998,1.76,3.85,0.2814303850000215,0.007360283000025447,0.26744282600003544,3.8324926614411146,1.3658330791132567,3.6865159703980668
63.17521484100001,4.0,1.76,3.87,0.043555339000022286,0.05747563400001354,0.029602373999978226,3.842902548855487,1.3658330791132567,3.7073980093860976
63.22533851100002,4.0,1.76,3.87,0.09367900900002724,0.10759930400001849,0.07972604399998318,3.842902548855487,1.3658330791132567,3.7073980093860976
63.275429365000036,4.0,1.78,3.87,0.14376986300004546,0.013712123000004794,0.1298168980000014,3.842902548855487,1.3915099712183165,3.7073980093860976
63.325540348000004,3.9899999999999998,1.78,3.85,0.049896122000006926,0.06382310599997254,0.03602079099999855,3.8324926614411146,1.3915099712183165,3.6865159703980668
63.375656702000015,3.9899999999999998,1.78,3.85,0.10001247600001761,0.11393945999998323,0.08613714500000924,3.8324926614411146,1.3915099712183165,3.6865159703980668
63.42576961999998,4.0,1.77,3.85,0.006165323999994143,0.02014371799998571,0.13625006299997722,3.842902548855487,1.378695035169127,3.6865159703980668
63.475901676000035,4.0,1.77,3.85,0.05629738000004636,0.07027577400003793,0.04236367400000063,3.842902548855487,1.378695035169127,3.6865159703980668
63.52598943100003,4.0,1.77,3.85,0.1063851350000391,0.12036352900003067,0.09245142899999337,3.842902548855487,1.378695035169127,3.6865159703980668
63.576071797,3.9899999999999998,1.8,3.85,0.012518270999976266,0.026348102999975254,0.142533794999963,3.8324926614411146,1.4170038814343453,3.6865159703980668
63.62617415099999,3.9899999999999998,1.8,3.8400000000000003,0.06262062499996546,0.07645045699996444,0.0483739739999578,3.8324926614411146,1.4170038814343453,3.6760712724320244
63.67630607699999,3.9899999999999998,1.8,3.8400000000000003,0.11275255099997139,0.12658238299997038,0.09850589999996373,3.8324926614411146,1.4170038814343453,3.6760712724320244
63.72640196000003,3.98,1.74,3.85,0.018793759000004684,0.032727270999998836,0.004606231000025218,3.8220805852310336,1.3399626860476377,3.6865159703980668
63.77648578999998,3.98,1.74,3.85,0.06887758899995333,0.08281110099994748,0.054690060999973866,3.8220805852310336,1.3399626860476377,3.6865159703980668
63.82655979499998,3.98,1.74,3.85,0.11895159399995237,0.13288510599994652,0.1047640659999729,3.8220805852310336,1.3399626860476377,3.6865159703980668
63.876649791000034,3.98,1.77,3.85,0.025082013000030656,0.038961223000001155,0.010786109000036959,3.8220805852310336,1.378695035169127,3.6865159703980668
63.926729085000034,3.98,1.77,3.85,0.07516130700003032,0.08904051700000082,0.06086540300003662,3.8220805852310336,1.378695035169127,3.6865159703980668
63.976880756000014,3.98,1.77,3.85,0.12531297800001084,0.13919218799998134,0.11101707400001715,3.8220805852310336,1.378695035169127,3.6865159703980668
64.02696159300001,4.0,1.75,3.85,0.031454506999978094,0.04538863099998025,0.01716818699998157,3.842902548855487,1.3529227620230209,3.6865159703980668
64.07704145500003,4.0,1.75,3.85,0.08153436899999633,0.09546849299999849,0.06724804899999981,3.842902548855487,1.3529227620230209,3.6865159703980668
64.12711126800002,4.0,1.78,3.85,0.13160418199998958,0.001539630000024772,0.11731786199999306,3.842902548855487,1.3915099712183165,3.6865159703980668
64.17719294200003,4.01,1.78,3.86,0.03767742500002669,0.051621304000036616,0.02342424400001164,3.8533102652135343,1.3915099712183165,3.6969582091227373
64.22727499400003,4.01,1.78,3.86,0.08775947700002007,0.10170335600003,0.07350629600000502,3.8533102652135343,1.3915099712183165,3.6969582091227373
64.27735518999998,4.01,1.78,3.86,0.13783967299997357,0.007753420999961236,0.12358649199995853,3.8533102652135343,1.3915099712183165,3.6969582091227373
64.327432838,4.0,1.78,3.86,0.04398026699999491,0.05783106899997392,0.029695136999976057,3.842902548855487,1.3915099712183165,3.6969582091227373
64.37751422399998,4.0,1.78,3.86,0.09406165299998293,0.10791245499996194,0.07977652299996407,3.842902548855487,1.3915099712183165,3.6969582091227373
64.42765083500001,4.0,1.77,3.86,0.14419826400001057,0.014142635999974118,0.12991313399999171,3.842902548855487,1.378695035169127,3.6969582091227373
64.47772516999999,4.0,1.77,3.85,0.04980710399996724,0.06421697099995072,0.03595284699997592,3.842902548855487,1.378695035169127,3.6865159703980668
64.527847597,4.0,1.77,3.85,0.09992953099998658,0.11433939799997006,0.08607527399999526,3.842902548855487,1.378695035169127,3.6865159703980668
64.57792389000002,3.9899999999999998,1.78,3.85,0.006106905000024199,0.02037412800001448,0.13615156700001307,3.8324926614411146,1.3915099712183165,3.6865159703980668
64.62800783,3.9899999999999998,1.78,3.83,0.056190845000003264,0.07045806799999355,0.04237273399996866,3.8324926614411146,1.3915099712183165,3.6656240942027867
64.67809198100002,3.9899999999999998,1.78,3.83,0.10627499600002466,0.12054221900001494,0.09245688499999005,3.8324926614411146,1.3915099712183165,3.6656240942027867
64.728175599,3.9899999999999998,1.75,3.83,0.012387192999995023,0.026693337999972755,0.1425405029999638,3.8324926614411146,1.3529227620230209,3.6656240942027867
64.77825489500003,3.9899999999999998,1.75,3.86,0.06246648900003038,0.07677263400000811,0.048598649000041405,3.8324926614411146,1.3529227620230209,3.6969582091227373
64.828335133,3.9899999999999998,1.75,3.86,0.11254672699999446,0.1268528719999722,0.09867888700000549,3.8324926614411146,1.3529227620230209,3.6969582091227373
64.87841268599999,4.0,1.83,3.85,0.018657542999960697,0.032877777000010155,0.0047163840000052915,3.842902548855487,1.454922678357857,3.6865159703980668
64.92849694400002,4.0,1.83,3.85,0.06874180099998739,0.08296203500003685,0.054800642000031985,3.842902548855487,1.454922678357857,3.6865159703980668
64.97857295099999,4.0,1.83,3.85,0.11881780799996022,0.13303804200000968,0.10487664900000482,3.842902548855487,1.454922678357857,3.6865159703980668
65.02868639500002,4.0,1.8,3.85,0.02494933799999899,0.03923478699999805,0.011061388000030092,3.842902548855487,1.4170038814343453,3.6865159703980668
65.078767631,4.0,1.8,3.85,0.0750305739999817,0.08931602299998076,0.0611426240000128,3.842902548855487,1.4170038814343453,3.6865159703980668
65.12888489200003,4.0,1.8,3.85,0.12514783500000703,0.1394332840000061,0.11125988500003814,3.842902548855487,1.4170038814343453,3.6865159703980668
65.178964339,4.0,1.75,3.87,0.03124712199996793,0.045536169999991216,0.01731418899998971,3.842902548855487,1.3529227620230209,3.7073980093860976
65.229078641,4.0,1.75,3.87,0.08136142399996515,0.09565047199998844,0.06742849099998693,3.842902548855487,1.3529227620230209,3.7073980093860976
65.27914771799999,4.0,1.75,3.87,0.13143050099995435,0.0014248939999674803,0.11749756799997613,3.842902548855487,1.3529227620230209,3.7073980093860976
65.32927739500002,4.0,1.75,3.85,0.037623258999985865,0.05155457099999694,0.023732203000008667,3.842902548855487,1.3529227620230209,3.6865159703980668
65.37939638900002,4.0,1.75,3.85,0.08774225299998761,0.10167356499999869,0.07385119700001042,3.842902548855487,1.3529227620230209,3.6865159703980668
65.429508941,4.0,1.75,3.85,0.13785480499996083,0.007784491999984766,0.12396374899998364,3.842902548855487,1.3529227620230209,3.6865159703980668
65.479622226,3.98,1.75,3.83,0.0439628419999849,0.057897776999993766,0.030030076000002737,3.8220805852310336,1.3529227620230209,3.6656240942027867
65.529755024,3.98,1.75,3.83,0.09409563999997772,0.10803057499998658,0.08016287399999555,3.8220805852310336,1.3529227620230209,3.6656240942027867
65.57981573300003,4.0,1.79,3.83,0.00021162500001992157,0.014118381000002955,0.13022358300003134,3.842902548855487,1.4042791745233565,3.6656240942027867
65.62987922600001,4.0,1.79,3.86,0.05027511800000184,0.06418187399998487,0.036320213000010426,3.842902548855487,1.4042791745233565,3.6969582091227373
65.67999431800001,4.0,1.79,3.86,0.10039021000000048,0.11429696599998351,0.08643530500000907,3.842902548855487,1.4042791745233565,3.6969582091227373
65.73012483500003,3.9899999999999998,1.79,3.86,0.00647501700001385,0.020408908000035808,0.13656582200002276,3.8324926614411146,1.4042791745233565,3.6969582091227373
65.78024081900003,3.9899999999999998,1.79,3.85,0.05659100100001524,0.0705248920000372,0.04275949200001605,3.8324926614411146,1.4042791745233565,3.6865159703980668
65.830321362,3.9899999999999998,1.79,3.85,0.1066715439999939,0.12060543500001586,0.09284003499999471,3.8324926614411146,1.4042791745233565,3.6865159703980668
65.880403323,3.9899999999999998,1.79,3.85,0.1567535049999833,0.17068739600000526,0.14292199599998412,3.8324926614411146,1.4042791745233565,3.6865159703980668
65.930539711,3.9899999999999998,1.79,3.85,0.20688989299998184,0.2208237840000038,0.19305838399998265,3.8324926614411146,1.4042791745233565,3.6865159703980668
65.98061870999999,3.9899999999999998,1.79,3.85,0.25696889199997486,0.2709027829999968,0.24313738299997567,3.8324926614411146,1.4042791745233565,3.6865159703980668
66.03070043500003,3.9899999999999998,1.79,3.85,0.3070506170000158,0.32098450800003775,0.2932191080000166,3.8324926614411146,1.4042791745233565,3.6865159703980668
66.08078314099998,3.9899999999999998,1.79,3.85,0.3571333229999709,0.3710672139999929,0.3433018139999717,3.8324926614411146,1.4042791745233565,3.6865159703980668
66.13091245700002,3.9899999999999998,1.79,3.85,0.4072626390000096,0.42119653000003154,0.3934311300000104,3.8324926614411146,1.4042791745233565,3.6865159703980668
66.18102358499999,4.01,1.78,3.85,0.025504269999998996,0.03943840499999851,0.01154863699997577,3.8533102652135343,1.3915099712183165,3.6865159703980668
66.23110168400001,4.01,1.78,3.85,0.07558236900001702,0.08951650400001654,0.0616267359999938,3.8533102652135343,1.3915099712183165,3.6865159703980668
66.28118194799998,4.01,1.78,3.85,0.12566263299999036,0.13959676799998988,0.11170699999996714,3.8533102652135343,1.3915099712183165,3.6865159703980668
66.33129874000002,3.9899999999999998,1.77,3.85,0.03176853200000096,0.04572729500000605,0.01789518399999679,3.8324926614411146,1.378695035169127,3.6865159703980668
66.381379606,3.9899999999999998,1.77,3.85,0.08184939799997437,0.09580816099997946,0.0679760499999702,3.8324926614411146,1.378695035169127,3.6865159703980668
66.43146647000003,3.9899999999999998,1.77,3.85,0.13193626200001063,0.0018499340000062148,0.11806291400000646,3.8324926614411146,1.378695035169127,3.6865159703980668
66.48154827500002,3.9899999999999998,1.77,3.85,0.03798149600004308,0.051931738999996924,0.024135567000030278,3.8324926614411146,1.378695035169127,3.6865159703980668
66.53164798800003,3.9899999999999998,1.77,3.85,0.08808120900005179,0.10203145200000563,0.07423528000003898,3.8324926614411146,1.378695035169127,3.6865159703980668
66.58195974099999,3.9899999999999998,1.85,3.85,0.13839296200001172,0.00787824499997214,0.12454703299999892,3.8324926614411146,1.4800000000000002,3.6865159703980668
66.63204431000003,3.9899999999999998,1.85,3.85,0.04397067799999377,0.0579628140000068,0.030438010000011673,3.8324926614411146,1.4800000000000002,3.6865159703980668
66.682187392,3.9899999999999998,1.85,3.85,0.09411375999997063,0.10810589599998366,0.08058109199998853,3.8324926614411146,1.4800000000000002,3.6865159703980668
66.73225491300002,4.0,1.77,3.85,0.0007566020000240314,0.014664296000034938,0.1306486130000053,3.842902548855487,1.378695035169127,3.6865159703980668
66.78238535000003,4.0,1.77,3.8400000000000003,0.05088703900003111,0.06479473300004202,0.037006220000023404,3.842902548855487,1.378695035169127,3.6760712724320244
66.83246642,4.0,1.77,3.8400000000000003,0.10096810900000719,0.1148758030000181,0.08708728999999948,3.842902548855487,1.378695035169127,3.6760712724320244
66.88259642000003,3.9899999999999998,1.77,3.8400000000000003,0.007094670000014958,0.021011310999995203,0.1372172900000237,3.8324926614411146,1.378695035169127,3.6760712724320244
66.93274205300003,3.9899999999999998,1.77,3.86,0.05724030300001459,0.07115694399999484,0.04341740500001379,3.8324926614411146,1.378695035169127,3.6969582091227373
66.98286465199999,3.9899999999999998,1.77,3.86,0.10736290199997711,0.12127954299995736,0.0935400039999763,3.8324926614411146,1.378695035169127,3.6969582091227373
67.03299287499999,4.0,1.77,3.86,0.013571567999974832,0.027509831999964263,0.14366822699997783,3.842902548855487,1.378695035169127,3.6969582091227373
67.083128794,4.0,1.77,3.87,0.06370748699998785,0.07764575099997728,0.04988552200001095,3.842902548855487,1.378695035169127,3.7073980093860976
67.13326942399999,4.0,1.77,3.87,0.11384811699997499,0.12778638099996442,0.10002615199999809,3.842902548855487,1.378695035169127,3.7073980093860976
67.18337385799998,4.01,1.72,3.85,0.019921818999989682,0.0338899689999721,0.006070238999996036,3.8533102652135343,1.3138873619911258,3.6865159703980668
67.233459004,4.01,1.72,3.85,0.07000696500000458,0.083975114999987,0.05615538500001094,3.8533102652135343,1.3138873619911258,3.6865159703980668
67.28359723800003,4.01,1.72,3.85,0.12014519900003506,0.13411334900001748,0.10629361900004142,3.8533102652135343,1.3138873619911258,3.6865159703980668
67.33372343400004,3.98,1.75,3.85,0.026281280000034712,0.04021440500002882,0.012042440000016086,3.8220805852310336,1.3529227620230209,3.6865159703980668
67.38385448100001,3.98,1.75,3.85,0.0764123270000141,0.09034545200000821,0.062173486999995475,3.8220805852310336,1.3529227620230209,3.6865159703980668
67.434002013,3.98,1.75,3.85,0.12655985899999678,0.14049298399999088,0.11232101899997815,3.8220805852310336,1.3529227620230209,3.6865159703980668
67.48408195600001,4.01,1.75,3.83,0.03269013700003143,0.04661494300000868,0.018477545999985523,3.8533102652135343,1.3529227620230209,3.6656240942027867
67.53420805400003,4.01,1.75,3.83,0.08281623500005253,0.09674104100002978,0.06860364400000662,3.8533102652135343,1.3529227620230209,3.6656240942027867
67.58429395400003,4.01,1.82,3.83,0.13290213500005166,0.002952154000013252,0.11868954400000575,3.8533102652135343,1.4423245127224318,3.6656240942027867
67.63443425899999,4.0,1.82,3.87,0.039112651999971604,0.05309245899996995,0.0248297960000059,3.842902548855487,1.4423245127224318,3.7073980093860976
67.68455914399999,4.0,1.82,3.87,0.08923753699997405,0.1032173439999724,0.07495468100000835,3.842902548855487,1.4423245127224318,3.7073980093860976
67.734640394,4.0,1.75,3.87,0.13931878699997924,0.009234365999986949,0.12503593100001353,3.842902548855487,1.3529227620230209,3.7073980093860976
67.78476814200002,3.98,1.75,3.85,0.04546115599998757,0.05936211400000957,0.03119920500000717,3.8220805852310336,1.3529227620230209,3.6865159703980668
67.83490017600002,3.98,1.75,3.85,0.09559318999998823,0.10949414800001023,0.08133123900000783,3.8220805852310336,1.3529227620230209,3.6865159703980668
67.88496625599998,4.0,1.75,3.85,0.0016976839999642834,0.015590395999993234,0.13139731899997287,3.842902548855487,1.3529227620230209,3.6865159703980668
67.935100444,4.0,1.75,3.86,0.05183187199997974,0.06572458400000869,0.03757322799998519,3.842902548855487,1.3529227620230209,3.6969582091227373
67.98518369499999,4.0,1.75,3.86,0.1019151229999693,0.11580783499999825,0.08765647899997475,3.842902548855487,1.3529227620230209,3.6969582091227373
68.03530954600001,4.0,1.76,3.86,0.008072454999989986,0.021977026000001842,0.13778232999999318,3.842902548855487,1.3658330791132567,3.6969582091227373
68.08543424100003,4.0,1.76,3.8400000000000003,0.05819715000001224,0.0721017210000241,0.04396759200000133,3.842902548855487,1.3658330791132567,3.6760712724320244
68.13551964499999,4.0,1.76,3.8400000000000003,0.10828255399997033,0.12218712499998219,0.09405299599995942,3.842902548855487,1.3658330791132567,3.6760712724320244
68.18558150299998,3.9899999999999998,1.76,3.83,0.014022670999963793,0.028263307999964127,0.00013267799999994168,3.8324926614411146,1.3658330791132567,3.6656240942027867
68.235660586,3.9899999999999998,1.76,3.83,0.06410175399997797,0.0783423909999783,0.05021176100001412,3.8324926614411146,1.3658330791132567,3.6656240942027867
68.28572320300003,3.9899999999999998,1.76,3.83,0.11416437100001531,0.12840500800001564,0.10027437800005146,3.8324926614411146,1.3658330791132567,3.6656240942027867
68.33583326299998,3.98,1.75,3.86,0.020276463999948646,0.034562935999986166,0.0063465409999707845,3.8220805852310336,1.3529227620230209,3.6969582091227373
68.38595844100001,3.98,1.75,3.86,0.07040164199997889,0.08468811400001641,0.05647171900000103,3.8220805852310336,1.3529227620230209,3.6969582091227373
68.43603083599999,3.98,1.75,3.86,0.1204740369999513,0.13476050899998882,0.10654411399997343,3.8220805852310336,1.3529227620230209,3.6969582091227373
68.48610780199999,4.0,1.83,3.85,0.026570800000001782,0.04085612899996249,0.012633725000000595,3.842902548855487,1.454922678357857,3.6865159703980668
68.53623927199999,4.0,1.83,3.85,0.07670226999999841,0.09098759899995912,0.06276519499999722,3.842902548855487,1.454922678357857,3.6865159703980668
68.58632853,4.0,1.83,3.85,0.12679152800001248,0.1410768569999732,0.11285445300001129,3.842902548855487,1.454922678357857,3.6865159703980668
68.63641416000002,4.0200000000000005,1.76,3.86,0.032872992000022805,0.04723068100003047,0.018944912999984354,3.863715828059823,1.3658330791132567,3.6969582091227373
68.68649477500003,4.0200000000000005,1.76,3.86,0.08295360700003584,0.09731129600004351,0.0690255279999974,3.863715828059823,1.3658330791132567,3.6969582091227373
68.73657504099998,4.0200000000000005,1.75,3.86,0.13303387299998803,0.0033248419999836187,0.11910579399994958,3.863715828059823,1.3529227620230209,3.6969582091227373
68.78665966200003,3.98,1.75,3.85,0.039118594000001394,0.053409463000036794,0.02523672200004512,3.8220805852310336,1.3529227620230209,3.6865159703980668
68.83678640400001,3.98,1.75,3.85,0.0892453359999763,0.1035362050000117,0.07536346400002003,3.8220805852310336,1.3529227620230209,3.6865159703980668
68.88682064200003,3.98,1.78,3.85,0.13927957399999968,0.009691285000030803,0.1253977020000434,3.8220805852310336,1.3915099712183165,3.6865159703980668
68.93689838,3.98,1.78,3.85,0.04553948299997046,0.0597690230000012,0.03147243400002253,3.8220805852310336,1.3915099712183165,3.6865159703980668
68.98697654200004,3.98,1.78,3.85,0.09561764500000436,0.1098471850000351,0.08155059600005643,3.8220805852310336,1.3915099712183165,3.6865159703980668
69.03710219100003,3.98,1.78,3.85,0.14574329399999897,0.1599728340000297,0.13167624500005104,3.8220805852310336,1.3915099712183165,3.6865159703980668
69.08718194200003,3.98,1.78,3.85,0.19582304499999736,0.2100525850000281,0.18175599600004944,3.8220805852310336,1.3915099712183165,3.6865159703980668
69.13726113400003,3.98,1.78,3.85,0.2459022369999957,0.26013177700002643,0.23183518800004776,3.8220805852310336,1.3915099712183165,3.6865159703980668
69.187351535,3.98,1.83,3.85,0.2959926379999729,0.021845301999974254,0.28192558900002496,3.8220805852310336,1.454922678357857,3.6865159703980668
69.23745173999998,3.98,1.83,3.85,0.34609284299995124,0.07194550699995261,0.04413674199997786,3.8220805852310336,1.454922678357857,3.6865159703980668
69.28757607,3.98,1.83,3.85,0.39621717299996817,0.12206983699996954,0.09426107199999478,3.8220805852310336,1.454922678357857,3.6865159703980668
69.337667818,3.98,1.76,3.87,0.446308920999968,0.028141167000001133,0.0002948160000073585,3.8220805852310336,1.3658330791132567,3.7073980093860976
69.38779712400003,3.98,1.76,3.87,0.49643822699999873,0.07827047300003187,0.050424122000038096,3.8220805852310336,1.3658330791132567,3.7073980093860976
69.43787331599998,3.98,1.76,3.87,0.5465144189999478,0.12834666499998093,0.10050031399998716,3.8220805852310336,1.3658330791132567,3.7073980093860976
69.48800258699998,4.0200000000000005,1.76,3.85,0.02061247699998603,0.03463885499996877,0.006698581999955877,3.863715828059823,1.3658330791132567,3.6865159703980668
69.53813064600001,4.0200000000000005,1.76,3.85,0.07074053600001662,0.08476691399999936,0.056826640999986466,3.863715828059823,1.3658330791132567,3.6865159703980668
69.588222127,4.0200000000000005,1.76,3.85,0.1208320169999979,0.13485839499998065,0.10691812199996775,3.863715828059823,1.3658330791132567,3.6865159703980668
69.63835055800001,4.01,1.77,3.85,0.026996816000007584,0.04091638800002784,0.013078398000004654,3.8533102652135343,1.378695035169127,3.6865159703980668
69.68848365600002,4.01,1.77,3.85,0.07712991400001101,0.09104948600003127,0.06321149600000808,3.8533102652135343,1.378695035169127,3.6865159703980668
69.73863206600004,4.01,1.77,3.85,0.1272783240000308,0.14119789600005106,0.11335990600002788,3.8533102652135343,1.378695035169127,3.6865159703980668
69.78876053300002,3.9899999999999998,1.75,3.85,0.03342547800002649,0.04736081800001557,0.019523093000032077,3.8324926614411146,1.3529227620230209,3.6865159703980668
69.838889612,3.9899999999999998,1.75,3.85,0.08355455700001357,0.09748989700000266,0.06965217200001916,3.8324926614411146,1.3529227620230209,3.6865159703980668
69.889016922,3.9899999999999998,1.76,3.85,0.13368186700000706,0.003627687000005153,0.11977948200001265,3.8324926614411146,1.3658330791132567,3.6865159703980668
69.93914370499999,4.0200000000000005,1.76,3.85,0.03985667099999546,0.05375447000000122,0.025902756999983012,3.863715828059823,1.3658330791132567,3.6865159703980668
69.989275512,4.0200000000000005,1.76,3.85,0.08998847800000931,0.10388627700001507,0.07603456399999686,3.863715828059823,1.3658330791132567,3.6865159703980668
70.03942452300004,4.0200000000000005,1.76,3.85,0.14013748900003975,0.010051342000053864,0.1261835750000273,3.863715828059823,1.3658330791132567,3.6865159703980668
70.08955686500002,3.98,1.76,3.86,0.04619996500002799,0.060183684000037374,0.032326597999997375,3.8220805852310336,1.3658330791132567,3.6969582091227373
70.13963745799998,3.98,1.76,3.86,0.09628055799998947,0.11026427699999886,0.08240719099995886,3.8220805852310336,1.3658330791132567,3.6969582091227373
70.189760976,4.01,1.75,3.86,0.0024834679999798936,0.01641909500000338,0.13253070899997965,3.8533102652135343,1.3529227620230209,3.6969582091227373
70.239876261,4.01,1.75,3.86,0.052598752999983844,0.06653438000000733,0.0386743149999802,3.8533102652135343,1.3529227620230209,3.6969582091227373
70.29001202500001,4.01,1.75,3.86,0.10273451699998759,0.11667014400001108,0.08881007899998394,3.8533102652135343,1.3529227620230209,3.6969582091227373
70.34014636300003,4.0200000000000005,1.79,3.86,0.008892817000003106,0.022838492000005317,0.1389444170000047,3.863715828059823,1.4042791745233565,3.6969582091227373
70.39028505599998,4.0200000000000005,1.79,3.85,0.059031509999954324,0.07297718499995653,0.045110108999949716,3.863715828059823,1.4042791745233565,3.6865159703980668
70.44041973500003,4.0200000000000005,1.79,3.85,0.10916618900000685,0.12311186400000906,0.09524478800000225,3.863715828059823,1.4042791745233565,3.6865159703980668
70.49054704899999,4.0,1.76,3.85,0.015337566999960472,0.029259819999992942,0.0013659319999987929,3.842902548855487,1.3658330791132567,3.6865159703980668
70.540693196,4.0,1.76,3.85,0.06548371399998132,0.07940596700001379,0.05151207900001964,3.842902548855487,1.3658330791132567,3.6865159703980668
70.5908488,4.0,1.76,3.85,0.11563931799997818,0.12956157100001064,0.1016676830000165,3.842902548855487,1.3658330791132567,3.6865159703980668
70.640925428,4.04,1.77,3.86,0.02172634900000503,0.03563619499999504,0.007768541000018558,3.884520562437532,1.378695035169127,3.6969582091227373
70.69105355599999,4.04,1.77,3.86,0.07185447699998804,0.08576432299997805,0.057896669000001566,3.884520562437532,1.378695035169127,3.6969582091227373
70.74115774699999,4.04,1.77,3.86,0.12195866799999067,0.13586851399998068,0.1080008600000042,3.884520562437532,1.378695035169127,3.6969582091227373
70.79129743300001,3.98,1.8,3.86,0.028092431999994005,0.042067621000001054,0.014132934000031128,3.8220805852310336,1.4170038814343453,3.6969582091227373
70.84137553200003,3.98,1.8,3.86,0.07817053100001203,0.09214572000001908,0.06421103300004916,3.8220805852310336,1.4170038814343453,3.6969582091227373
70.891457076,3.98,1.8,3.86,0.1282520749999776,0.14222726399998464,0.11429257700001472,3.8220805852310336,1.4170038814343453,3.6969582091227373
70.94158617300002,3.9899999999999998,1.77,3.87,0.03441504099998838,0.04840948000003209,0.020496946000037042,3.8324926614411146,1.378695035169127,3.7073980093860976
70.99166618999999,3.9899999999999998,1.77,3.87,0.08449505799995904,0.09848949700000276,0.07057696300000771,3.8324926614411146,1.378695035169127,3.7073980093860976
71.04175367800002,3.9899999999999998,1.78,3.87,0.1345825459999901,0.004569935000006353,0.12066445100003875,3.8324926614411146,1.3915099712183165,3.7073980093860976
71.09183403999998,3.9899999999999998,1.78,3.86,0.04069011099994668,0.054650296999966486,0.026426679999985936,3.8324926614411146,1.3915099712183165,3.6969582091227373
71.14191322300002,3.9899999999999998,1.78,3.86,0.09076929399998335,0.10472948000000315,0.0765058630000226,3.8324926614411146,1.3915099712183165,3.6969582091227373
71.19199596100003,3.9899999999999998,1.82,3.86,0.14085203199999796,0.010803183000007266,0.12658860100003722,3.8324926614411146,1.4423245127224318,3.6969582091227373
71.24212568600001,4.0,1.82,3.8400000000000003,0.047041601999978866,0.060932907999983854,0.032755049000002145,3.842902548855487,1.4423245127224318,3.6760712724320244
71.29225948300001,4.0,1.82,3.8400000000000003,0.09717539899997973,0.11106670499998472,0.08288884600000301,3.842902548855487,1.4423245127224318,3.6760712724320244
71.34235238100001,4.04,1.78,3.8400000000000003,0.003239107000013064,0.017176173999985167,0.13298174400000562,3.884520562437532,1.3915099712183165,3.6760712724320244
71.39249475399998,4.04,1.78,3.85,0.05338147999998455,0.06731854699995665,0.03912907999995241,3.884520562437532,1.3915099712183165,3.6865159703980668
71.44257217300003,4.04,1.78,3.85,0.10345889900003158,0.11739596600000368,0.08920649899999944,3.884520562437532,1.3915099712183165,3.6865159703980668
71.492662113,3.98,1.8,3.85,0.009574154000006274,0.023516946999961874,0.13929643899996336,3.8220805852310336,1.4170038814343453,3.6865159703980668
71.54277895000001,3.98,1.8,3.85,0.05969099100002495,0.07363378399998055,0.0454698419999886,3.8220805852310336,1.4170038814343453,3.6865159703980668
71.592919284,3.98,1.8,3.85,0.10983132500001602,0.12377411799997162,0.09561017599997967,3.8220805852310336,1.4170038814343453,3.6865159703980668
71.64299520399999,3.98,1.77,3.85,0.015632585999981075,0.029859194999971805,0.001696520999985296,3.8220805852310336,1.378695035169127,3.6865159703980668
71.69308321900002,3.98,1.77,3.85,0.06572060100000954,0.07994721000000027,0.05178453600001376,3.8220805852310336,1.378695035169127,3.6865159703980668
71.74315554200001,3.98,1.77,3.85,0.1157929240000044,0.13001953299999514,0.10185685900000863,3.8220805852310336,1.378695035169127,3.6865159703980668
71.793237368,3.9899999999999998,1.78,3.85,0.021854686999972728,0.036132054999995944,0.00795870299998569,3.8324926614411146,1.3915099712183165,3.6865159703980668
71.84331484800003,3.9899999999999998,1.78,3.85,0.07193216699999994,0.08620953500002315,0.0580361830000129,3.8324926614411146,1.3915099712183165,3.6865159703980668
71.89345239800002,3.9899999999999998,1.78,3.85,0.12206971699998803,0.13634708500001125,0.108173733000001,3.8324926614411146,1.3915099712183165,3.6865159703980668
71.943570287,4.0200000000000005,1.83,3.86,0.02827000700000326,0.04250195399998802,0.014316479999990861,3.863715828059823,1.454922678357857,3.6969582091227373
71.99365056900001,4.0200000000000005,1.83,3.86,0.07835028900001362,0.09258223599999837,0.06439676200000122,3.863715828059823,1.454922678357857,3.6969582091227373
72.04373037599998,4.0200000000000005,1.83,3.86,0.12843009599998823,0.14266204299997298,0.11447656899997583,3.863715828059823,1.454922678357857,3.6969582091227373
72.09386944800002,4.0200000000000005,1.83,3.86,0.1785691680000241,0.19280111500000885,0.1646156410000117,3.863715828059823,1.454922678357857,3.6969582091227373
72.14398508400001,4.0200000000000005,1.83,3.86,0.2286848040000109,0.24291675099999566,0.2147312769999985,3.863715828059823,1.454922678357857,3.6969582091227373
72.19406106899999,4.0200000000000005,1.78,3.86,0.278760788999989,0.005051148999996258,0.2648072619999766,3.863715828059823,1.3915099712183165,3.6969582091227373
72.24414172000002,4.0,1.78,3.85,0.04086156599998958,0.05513180000002649,0.026902855000003,3.842902548855487,1.3915099712183165,3.6865159703980668
72.29427035999998,4.0,1.78,3.85,0.09099020599995811,0.10526043999999501,0.07703149499997153,3.842902548855487,1.3915099712183165,3.6865159703980668
72.344381924,4.0,1.83,3.85,0.14110176999997748,0.011270921000004819,0.1271430589999909,3.842902548855487,1.454922678357857,3.6865159703980668
72.39449667299999,4.0,1.83,3.8400000000000003,0.04722127799999498,0.06138566999999284,0.03328005899999198,3.842902548855487,1.454922678357857,3.6760712724320244
72.44461663499999,4.0,1.83,3.8400000000000003,0.09734123999999156,0.11150563199998942,0.08340002099998856,3.842902548855487,1.454922678357857,3.6760712724320244
72.49469092200002,3.9899999999999998,1.83,3.8400000000000003,0.0034606220000341636,0.01766660700002376,0.13347430800001803,3.8324926614411146,1.454922678357857,3.6760712724320244
72.54482029400003,3.9899999999999998,1.83,3.9,0.053589994000049046,0.06779597900003864,0.03969850200002156,3.8324926614411146,1.454922678357857,3.73870298365623
72.594953138,3.9899999999999998,1.83,3.9,0.10372283800001014,0.11792882299999974,0.08983134599998266,3.8324926614411146,1.454922678357857,3.73870298365623
72.64505281700002,4.0200000000000005,1.83,3.9,0.009818741000003683,0.02369127299999718,0.13993102500000987,3.863715828059823,1.454922678357857,3.73870298365623
72.69515563499999,4.0200000000000005,1.83,3.85,0.05992155899997442,0.07379409099996792,0.04599794699998938,3.863715828059823,1.454922678357857,3.6865159703980668
72.74528442899998,4.0200000000000005,1.83,3.85,0.1100503529999628,0.1239228849999563,0.09612674099997776,3.863715828059823,1.454922678357857,3.6865159703980668
72.79535339099999,4.0,1.79,3.83,0.01610266599999477,0.030069416000003457,0.0022350719999622015,3.842902548855487,1.4042791745233565,3.6656240942027867
72.84543452700001,4.0,1.79,3.83,0.06618380200001184,0.08015055200002053,0.05231620799997927,3.842902548855487,1.4042791745233565,3.6656240942027867
72.895511484,4.0,1.79,3.83,0.11626075899999933,0.130227509000008,0.10239316499996676,3.842902548855487,1.4042791745233565,3.6656240942027867
72.94559397699999,4.0,1.78,3.85,0.022456655999974373,0.03639006399998834,0.008504899999991267,3.842902548855487,1.3915099712183165,3.6865159703980668
72.99568292499998,4.0,1.78,3.85,0.0725456039999699,0.08647901199998387,0.05859384799998679,3.842902548855487,1.3915099712183165,3.6865159703980668
73.045809942,4.0,1.78,3.85,0.12267262099999243,0.1366060290000064,0.10872086500000933,3.842902548855487,1.3915099712183165,3.6865159703980668
73.09591236099999,3.98,1.8,3.85,0.028754485999968438,0.04270774700000857,0.01480271799999855,3.8220805852310336,1.4170038814343453,3.6865159703980668
73.14599173800002,3.98,1.8,3.85,0.07883386299999984,0.09278712400003997,0.06488209500002995,3.8220805852310336,1.4170038814343453,3.6865159703980668
73.19606854,3.98,1.8,3.85,0.12891066499997805,0.14286392600001818,0.11495889700000816,3.8220805852310336,1.4170038814343453,3.6865159703980668
73.24615028200003,4.0,1.77,3.8400000000000003,0.03502907700004698,0.048999093000020366,0.021029848000011953,3.842902548855487,1.378695035169127,3.6760712724320244
73.29627098399999,4.0,1.77,3.8400000000000003,0.08514977900000531,0.0991197949999787,0.07115054999997028,3.842902548855487,1.378695035169127,3.6760712724320244
73.34634802300002,4.0,1.77,3.8400000000000003,0.1352268180000351,0.0051167689999829236,0.12122758900000008,3.842902548855487,1.378695035169127,3.6760712724320244
73.39642750500002,3.9899999999999998,1.77,3.87,0.04133588799999188,0.05519625099998393,0.02735980599999266,3.8324926614411146,1.378695035169127,3.7073980093860976
73.44650889299999,3.9899999999999998,1.77,3.87,0.09141727599995875,0.1052776389999508,0.07744119399995952,3.8324926614411146,1.378695035169127,3.7073980093860976
73.49659032,3.9899999999999998,1.78,3.87,0.14149870299996792,0.011446543999966252,0.1275226209999687,3.8324926614411146,1.3915099712183165,3.7073980093860976
73.54671391400001,4.0,1.78,3.8400000000000003,0.0476148989999956,0.061570137999979124,0.03370078599999715,3.842902548855487,1.3915099712183165,3.6760712724320244
73.59683623699999,4.0,1.78,3.8400000000000003,0.09773722199997792,0.11169246099996144,0.08382310899997947,3.842902548855487,1.3915099712183165,3.6760712724320244
73.64688978499998,4.0,1.75,3.8400000000000003,0.0038024699999823497,0.017720322999991822,0.13387665699997342,3.842902548855487,1.3529227620230209,3.6760712724320244
73.697000269,4.0,1.75,3.85,0.053912953999997626,0.0678308070000071,0.03998273399997743,3.842902548855487,1.3529227620230209,3.6865159703980668
73.74713067599998,4.0,1.75,3.85,0.1040433609999809,0.11796121399999038,0.0901131409999607,3.842902548855487,1.3529227620230209,3.6865159703980668
73.79720719800002,4.0,1.79,3.85,0.010111563999998907,0.02408755400000473,0.14018966300000102,3.842902548855487,1.4042791745233565,3.6865159703980668
73.84729230599999,4.0,1.79,3.8400000000000003,0.06019667199996093,0.07417266199996675,0.04630599899996923,3.842902548855487,1.4042791745233565,3.6760712724320244
73.89737293799999,4.0,1.79,3.8400000000000003,0.11027730399996472,0.12425329399997054,0.09638663099997302,3.842902548855487,1.4042791745233565,3.6760712724320244
73.947461777,4.0,1.75,3.85,0.016396627999995417,0.03036020299998654,0.002446861999999328,3.842902548855487,1.3529227620230209,3.6865159703980668
73.99754036799999,4.0,1.75,3.85,0.0664752189999831,0.08043879399997422,0.05252545299998701,3.842902548855487,1.3529227620230209,3.6865159703980668
74.04764799000003,4.0,1.75,3.85,0.11658284100002447,0.1305464160000156,0.10263307500002838,3.842902548855487,1.3529227620230209,3.6865159703980668
74.09776883699999,3.9899999999999998,1.75,3.85,0.0227431839999781,0.03667685499999607,0.00877658999996811,3.8324926614411146,1.3529227620230209,3.6865159703980668
74.147917452,3.9899999999999998,1.75,3.85,0.07289179899998999,0.08682547000000795,0.058925204999979997,3.8324926614411146,1.3529227620230209,3.6865159703980668
74.19802507700001,3.9899999999999998,1.75,3.85,0.12299942399999964,0.1369330950000176,0.10903282999998964,3.8324926614411146,1.3529227620230209,3.6865159703980668
74.24813947299998,3.9899999999999998,1.78,3.86,0.029078554999955486,0.043098192999991625,0.015204979999964507,3.8324926614411146,1.3915099712183165,3.6969582091227373
74.29826116100003,3.9899999999999998,1.78,3.86,0.0792002430000025,0.09321988100003864,0.06532666800001152,3.8324926614411146,1.3915099712183165,3.6969582091227373
74.34834938800003,3.9899999999999998,1.78,3.86,0.12928847000000587,0.143308108000042,0.1154148950000149,3.8324926614411146,1.3915099712183165,3.6969582091227373
74.39843017499999,4.01,1.78,3.86,0.035339352999983475,0.049382953999952406,0.021510938000005808,3.8533102652135343,1.3915099712183165,3.6969582091227373
74.44854074300002,4.01,1.78,3.86,0.08544992100001991,0.09949352199998884,0.07162150600004225,3.8533102652135343,1.3915099712183165,3.6969582091227373
74.49861818200003,4.01,1.74,3.86,0.13552736000002596,0.005527005000033114,0.1216989450000483,3.8533102652135343,1.3399626860476377,3.6969582091227373
74.548701725,3.9899999999999998,1.74,3.85,0.041731872000013936,0.0556105480000042,0.02778795500000797,3.8324926614411146,1.3399626860476377,3.6865159703980668
74.598780309,3.9899999999999998,1.74,3.85,0.0918104560000188,0.10568913200000907,0.07786653900001284,3.8324926614411146,1.3399626860476377,3.6865159703980668
74.648845897,3.9899999999999998,1.8,3.85,0.1418760440000142,0.011875856000017393,0.12793212700000822,3.8324926614411146,1.4170038814343453,3.6865159703980668
74.69892615399999,4.0200000000000005,1.8,3.85,0.048032930999966084,0.06195611300000792,0.03369708200000332,3.863715828059823,1.4170038814343453,3.6865159703980668
74.74901124900003,4.0200000000000005,1.8,3.85,0.09811802600000874,0.11204120800005057,0.08378217700004598,3.863715828059823,1.4170038814343453,3.6865159703980668
74.79908926600001,3.9899999999999998,1.75,3.85,0.004204459999982646,0.018026981999980762,0.1338601940000217,3.8324926614411146,1.3529227620230209,3.6865159703980668
74.84917076099998,3.9899999999999998,1.75,3.85,0.05428595499995481,0.06810847699995293,0.04001734699994586,3.8324926614411146,1.3529227620230209,3.6865159703980668
74.89925014800002,3.9899999999999998,1.75,3.85,0.10436534199999414,0.11818786399999226,0.09009673399998519,3.8324926614411146,1.3529227620230209,3.6865159703980668
74.94936604999998,3.9899999999999998,1.8,3.85,0.010460462999958509,0.02440531699994608,0.14021263599994427,3.8324926614411146,1.4170038814343453,3.6865159703980668
74.999445449,3.9899999999999998,1.8,3.87,0.06053986199998462,0.0744847159999722,0.04628936299997122,3.8324926614411146,1.4170038814343453,3.7073980093860976
75.04957053999999,3.9899999999999998,1.8,3.87,0.11066495299996859,0.12460980699995616,0.09641445399995519,3.8324926614411146,1.4170038814343453,3.7073980093860976
75.09968417200002,3.9899999999999998,1.8,3.87,0.16077858500000275,0.17472343899999032,0.14652808599998934,3.8324926614411146,1.4170038814343453,3.7073980093860976
75.149836494,3.9899999999999998,1.8,3.87,0.21093090699997674,0.2248757609999643,0.19668040799996334,3.8324926614411146,1.4170038814343453,3.7073980093860976
75.19987861499999,3.9899999999999998,1.8,3.87,0.2609730279999667,0.27491788199995426,0.24672252899995328,3.8324926614411146,1.4170038814343453,3.7073980093860976
75.24995475500003,4.0,1.83,3.85,0.023086964000015087,0.03701895599999716,0.008864056000049914,3.842902548855487,1.454922678357857,3.6865159703980668
75.30006431499999,4.0,1.83,3.85,0.07319652399996812,0.0871285159999502,0.05897361600000295,3.842902548855487,1.454922678357857,3.6865159703980668
75.350147983,4.0,1.83,3.85,0.12328019199998153,0.1372121839999636,0.10905728400001635,3.842902548855487,1.454922678357857,3.6865159703980668
75.40024990400002,3.9899999999999998,1.77,3.87,0.029363110000019788,0.04338367700000845,0.015147214000023723,3.8324926614411146,1.378695035169127,3.7073980093860976
75.45033084800002,3.9899999999999998,1.77,3.87,0.07944405400002097,0.09346462100000963,0.0652281580000249,3.8324926614411146,1.378695035169127,3.7073980093860976
75.500412632,3.9899999999999998,1.77,3.87,0.1295258380000064,0.14354640499999505,0.11530994200001032,3.8324926614411146,1.378695035169127,3.7073980093860976
75.550545553,3.98,1.74,3.85,0.035408867999990434,0.04969640399997388,0.0214455469999848,3.8220805852310336,1.3399626860476377,3.6865159703980668
75.60062495099999,3.98,1.74,3.85,0.08548826599997028,0.09977580199995373,0.07152494499996465,3.8220805852310336,1.3399626860476377,3.6865159703980668
75.65071541999998,3.98,1.79,3.85,0.1355787349999673,0.0058453620000022966,0.12161541399996167,3.8220805852310336,1.4042791745233565,3.6865159703980668
75.70079666800001,3.9899999999999998,1.79,3.85,0.041700328999979774,0.05592661000002863,0.02771447499998203,3.8324926614411146,1.4042791745233565,3.6865159703980668
75.750878387,3.9899999999999998,1.79,3.85,0.09178204799997047,0.10600832900001933,0.07779619399997273,3.8324926614411146,1.4042791745233565,3.6865159703980668
75.80095684100002,3.9899999999999998,1.79,3.85,0.1418605019999859,0.012057835999996769,0.12787464799998816,3.8324926614411146,1.4042791745233565,3.6865159703980668
75.85103784800003,3.9899999999999998,1.79,3.83,0.04796854700003905,0.06213884300001382,0.034012870000026396,3.8324926614411146,1.4042791745233565,3.6656240942027867
75.90111909799998,3.9899999999999998,1.79,3.83,0.0980497969999874,0.11222009299996216,0.08409411999997474,3.8324926614411146,1.4042791745233565,3.6656240942027867
75.95120489499999,3.9899999999999998,1.79,3.83,0.0040995869999846946,0.01840520299998616,0.1341799169999831,3.8324926614411146,1.4042791745233565,3.6656240942027867
76.00129483300003,3.9899999999999998,1.79,3.83,0.054189525000026606,0.06849514100002807,0.04012122000000318,3.8324926614411146,1.4042791745233565,3.6656240942027867
76.05141380999999,3.9899999999999998,1.79,3.83,0.10430850199998076,0.11861411799998223,0.09024019699995733,3.8324926614411146,1.4042791745233565,3.6656240942027867
76.10149407099999,4.01,1.79,3.83,0.010511973000006947,0.024720872999978383,0.1403204579999624,3.8533102652135343,1.4042791745233565,3.6656240942027867
76.151606485,4.01,1.79,3.85,0.06062438700001849,0.07483328699998992,0.04664255500000536,3.8533102652135343,1.4042791745233565,3.6865159703980668
76.201696406,4.01,1.79,3.85,0.1107143080000128,0.12492320799998424,0.09673247599999968,3.8533102652135343,1.4042791745233565,3.6865159703980668
76.251764681,4.0,1.78,3.85,0.016682855999988533,0.030989634999968985,0.002789188999997805,3.842902548855487,1.3915099712183165,3.6865159703980668
76.30188792400003,4.0,1.78,3.85,0.06680609900001855,0.081112877999999,0.05291243200002782,3.842902548855487,1.3915099712183165,3.6865159703980668
76.35196230399998,4.0,1.78,3.85,0.116880478999974,0.13118725799995445,0.10298681199998327,3.842902548855487,1.3915099712183165,3.6865159703980668
76.402039307,3.9899999999999998,1.83,3.85,0.022997186999987207,0.036967938999964645,0.009056245000010676,3.8324926614411146,1.454922678357857,3.6865159703980668
76.45211961199999,3.9899999999999998,1.83,3.85,0.0730774919999817,0.08704824399995914,0.05913655000000517,3.8324926614411146,1.454922678357857,3.6865159703980668
76.50219838100003,3.9899999999999998,1.83,3.85,0.12315626100001964,0.13712701299999708,0.10921531900004311,3.8324926614411146,1.454922678357857,3.6865159703980668
76.552280085,4.01,1.8,3.8400000000000003,0.02934077800000523,0.04324969399999645,0.015276914000025954,3.8533102652135343,1.4170038814343453,3.6760712724320244
76.60237912500003,4.01,1.8,3.8400000000000003,0.07943981800002575,0.09334873400001698,0.06537595400004648,3.8533102652135343,1.4170038814343453,3.6760712724320244
76.65250026500001,4.01,1.8,3.8400000000000003,0.12956095800001322,0.14346987400000444,0.11549709400003394,3.8533102652135343,1.4170038814343453,3.6760712724320244
76.702582178,3.98,1.77,3.8400000000000003,0.035612776999983,0.04955289399998719,0.021652995000010833,3.8220805852310336,1.378695035169127,3.6760712724320244
76.752663186,3.98,1.77,3.8400000000000003,0.08569378499998948,0.09963390199999367,0.07173400300001731,3.8220805852310336,1.378695035169127,3.6760712724320244
76.802744953,3.98,1.76,3.8400000000000003,0.13577555199998415,0.005694194999989577,0.12181577000001198,3.8220805852310336,1.3658330791132567,3.6760712724320244
76.85285850600002,3.9899999999999998,1.76,3.85,0.0419498580000095,0.05580774800000654,0.027967297000031976,3.8324926614411146,1.3658330791132567,3.6865159703980668
76.90293977300001,3.9899999999999998,1.76,3.85,0.09203112500000543,0.10588901500000247,0.07804856400002791,3.8324926614411146,1.3658330791132567,3.6865159703980668
76.95302110900002,3.9899999999999998,1.75,3.85,0.14211246100001063,0.011980643000015334,0.1281299000000331,3.8324926614411146,1.3529227620230209,3.6865159703980668
77.00311201800002,4.01,1.75,3.85,0.04815894300003265,0.06207155200002035,0.03428579400002718,3.8533102652135343,1.3529227620230209,3.6865159703980668
77.05322855200001,4.01,1.75,3.85,0.0982754770000156,0.1121880860000033,0.08440232800001013,3.8533102652135343,1.3529227620230209,3.6865159703980668
77.10334257300002,4.0,1.75,3.85,0.004394152000031681,0.018322446000013315,0.13451634900002318,3.842902548855487,1.3529227620230209,3.6865159703980668
77.15342441900003,4.0,1.75,3.8400000000000003,0.054475998000043546,0.06840429200002518,0.04060913600000049,3.842902548855487,1.3529227620230209,3.6760712724320244
77.20350643400002,4.0,1.75,3.8400000000000003,0.10455801300003031,0.11848630700001195,0.09069115099998726,3.842902548855487,1.3529227620230209,3.6760712724320244
77.25358722300001,3.98,1.75,3.8400000000000003,0.010644958000000315,0.024587384000028578,0.14077193999997917,3.8220805852310336,1.3529227620230209,3.6760712724320244
77.30366735299998,3.98,1.75,3.85,0.060725087999969674,0.07466751399999794,0.04687019699997563,3.8220805852310336,1.3529227620230209,3.6865159703980668
77.353749747,3.98,1.75,3.85,0.11080748199998425,0.12474990800001251,0.0969525909999902,3.8220805852310336,1.3529227620230209,3.6865159703980668
77.40386813600003,3.98,1.79,3.86,0.017000309000025027,0.030760049000036815,0.0030672800000388634,3.8220805852310336,1.4042791745233565,3.6969582091227373
77.45394763799999,3.98,1.79,3.86,0.06707981099998506,0.08083955099999685,0.05314678199999889,3.8220805852310336,1.4042791745233565,3.6969582091227373
77.50402113199999,3.98,1.79,3.86,0.117153304999988,0.13091304499999978,0.10322027600000183,3.8220805852310336,1.4042791745233565,3.6969582091227373
77.55410072699999,3.98,1.77,3.85,0.023148959999957697,0.037149233999969056,0.009325985999964814,3.8220805852310336,1.378695035169127,3.6865159703980668
77.60420776000001,3.98,1.77,3.85,0.0732559929999752,0.08725626699998656,0.05943301899998232,3.8220805852310336,1.378695035169127,3.6865159703980668
77.65432087200003,3.98,1.77,3.85,0.12336910499999476,0.13736937900000612,0.10954613100000188,3.8220805852310336,1.378695035169127,3.6865159703980668
77.704400631,4.03,1.73,3.85,0.029559572999971806,0.043523795999988124,0.015668118999997205,3.8741192547468133,1.3269513932318697,3.6865159703980668
77.75448022400002,4.03,1.73,3.85,0.07963916599999266,0.09360338900000897,0.06574771200001805,3.8741192547468133,1.3269513932318697,3.6865159703980668
77.80455676600002,4.03,1.73,3.85,0.129715707999992,0.1436799310000083,0.11582425400001739,3.8741192547468133,1.3269513932318697,3.6865159703980668
77.85464716900003,4.01,1.83,3.85,0.03587414000003264,0.04982339800000091,0.021944318000009844,3.8533102652135343,1.454922678357857,3.6865159703980668
77.904728428,4.01,1.83,3.85,0.08595539899999949,0.09990465699996776,0.07202557699997669,3.8533102652135343,1.454922678357857,3.6865159703980668
77.95486614999999,4.01,1.75,3.85,0.1360931209999876,0.0059823639999763145,0.12216329899996481,3.8533102652135343,1.3529227620230209,3.6865159703980668
78.00500062600003,3.9899999999999998,1.75,3.85,0.042227055000012115,0.0561168400000156,0.028270516000020507,3.8324926614411146,1.3529227620230209,3.6865159703980668
78.05512907299999,3.9899999999999998,1.75,3.85,0.09235550199997533,0.10624528699997882,0.07839896299998372,3.8324926614411146,1.3529227620230209,3.6865159703980668
78.10524328500003,3.9899999999999998,1.75,3.85,0.14246971400001485,0.15635949900001833,0.12851317500002324,3.8324926614411146,1.3529227620230209,3.6865159703980668
78.15532526800001,3.9899999999999998,1.75,3.85,0.19255169699999897,0.20644148200000245,0.17859515800000736,3.8324926614411146,1.3529227620230209,3.6865159703980668
78.205405128,3.9899999999999998,1.75,3.85,0.2426315569999815,0.256521341999985,0.2286750179999899,3.8324926614411146,1.3529227620230209,3.6865159703980668
78.255480933,3.9899999999999998,1.79,3.85,0.004709407000007104,0.018579708000004302,0.27875082299999576,3.8324926614411146,1.4042791745233565,3.6865159703980668
78.30555767600003,3.9899999999999998,1.79,3.85,0.054786150000040834,0.06865645100003803,0.04092391400001816,3.8324926614411146,1.4042791745233565,3.6865159703980668
78.35563927999999,3.9899999999999998,1.79,3.85,0.10486775399999715,0.11873805499999435,0.09100551799997447,3.8324926614411146,1.4042791745233565,3.6865159703980668
78.40571725400002,3.98,1.76,3.85,0.010997103000022435,0.024850536000030843,0.14108349200000703,3.8220805852310336,1.3658330791132567,3.6865159703980668
78.45581631700003,3.98,1.76,3.86,0.0610961660000271,0.0749495990000355,0.04677776100004394,3.8220805852310336,1.3658330791132567,3.6969582091227373
78.50589932399998,3.98,1.76,3.86,0.11117917299998226,0.12503260599999066,0.0968607679999991,3.8220805852310336,1.3658330791132567,3.6969582091227373
78.55597597600001,4.01,1.78,3.85,0.017262898000012683,0.031226648000028945,0.0030208890000267274,3.8533102652135343,1.3915099712183165,3.6865159703980668
78.60605760200002,4.01,1.78,3.85,0.06734452400002056,0.08130827400003682,0.0531025150000346,3.8533102652135343,1.3915099712183165,3.6865159703980668
78.656144439,4.01,1.78,3.85,0.11743136100000129,0.13139511100001755,0.10318935200001533,3.8533102652135343,1.3915099712183165,3.6865159703980668
78.70625915400001,4.01,1.78,3.85,0.023615726999992148,0.037561947000028795,0.009314791999997851,3.8533102652135343,1.3915099712183165,3.6865159703980668
78.75635045400003,4.01,1.78,3.85,0.07370702700001175,0.0876532470000484,0.05940609200001745,3.8533102652135343,1.3915099712183165,3.6865159703980668
78.80642883299998,4.01,1.78,3.85,0.12378540599996768,0.13773162600000433,0.10948447099997338,3.8533102652135343,1.3915099712183165,3.6865159703980668
78.85650880899999,3.98,1.74,3.87,0.02988557399999081,0.04382207499998003,0.015687146999994184,3.8220805852310336,1.3399626860476377,3.7073980093860976
78.90658811600002,3.98,1.74,3.87,0.07996488100002352,0.09390138200001275,0.0657664540000269,3.8220805852310336,1.3399626860476377,3.7073980093860976
78.95669055799999,3.98,1.76,3.87,0.13006732299999157,3.384299998288043e-05,0.11586889599999495,3.8220805852310336,1.3658330791132567,3.7073980093860976
79.00677241400001,3.98,1.76,3.85,0.03614711300002682,0.05011569900000268,0.021920956000030856,3.8220805852310336,1.3658330791132567,3.6865159703980668
79.05689269200002,3.98,1.76,3.85,0.08626739100003533,0.10023597700001119,0.07204123400003937,3.8220805852310336,1.3658330791132567,3.6865159703980668
79.10696765900002,3.98,1.77,3.85,0.1363423580000358,0.006260542000006808,0.12211620100003984,3.8220805852310336,1.378695035169127,3.6865159703980668
79.15704763000002,3.9899999999999998,1.77,3.87,0.042137722999996186,0.056340513000009196,0.028103358999999273,3.8324926614411146,1.378695035169127,3.7073980093860976
79.20717157900003,3.9899999999999998,1.77,3.87,0.09226167200000646,0.10646446200001947,0.07822730800000954,3.8324926614411146,1.378695035169127,3.7073980093860976
79.25729757200003,3.9899999999999998,1.75,3.87,0.1423876650000011,0.012656945999992786,0.1283533010000042,3.8324926614411146,1.3529227620230209,3.7073980093860976
79.30740677300003,4.01,1.75,3.85,0.04847874600000068,0.06276614699999072,0.034541894000028606,3.8533102652135343,1.3529227620230209,3.6865159703980668
79.35753072,4.01,1.75,3.85,0.09860269299997526,0.1128900939999653,0.08466584100000318,3.8533102652135343,1.3529227620230209,3.6865159703980668
79.407652455,3.98,1.79,3.85,0.004728689999978997,0.019024342000022898,0.1347875760000079,3.8220805852310336,1.4042791745233565,3.6865159703980668
79.45773376400001,3.98,1.79,3.85,0.05480999899998551,0.06910565100002941,0.040860635000001366,3.8220805852310336,1.4042791745233565,3.6865159703980668
79.507890164,3.98,1.79,3.85,0.10496639899997717,0.11926205100002107,0.09101703499999303,3.8220805852310336,1.4042791745233565,3.6865159703980668
79.55797143000001,4.0,1.74,3.85,0.011075996999977633,0.025335933000008026,0.14109830099999954,3.842902548855487,1.3399626860476377,3.6865159703980668
79.60805270700001,4.0,1.74,3.85,0.0611572739999815,0.07541721000001189,0.04723564300002181,3.842902548855487,1.3399626860476377,3.6865159703980668
79.658134663,4.0,1.74,3.85,0.11123922999996694,0.12549916599999733,0.09731759900000725,3.842902548855487,1.3399626860476377,3.6865159703980668
79.708274453,3.98,1.76,3.85,0.017346675999988292,0.03169216200001301,0.0034772359999806213,3.8220805852310336,1.3658330791132567,3.6865159703980668
79.758356365,3.98,1.76,3.85,0.0674285879999843,0.08177407400000902,0.05355914799997663,3.8220805852310336,1.3658330791132567,3.6865159703980668
79.80843127100002,3.98,1.76,3.85,0.1175034940000046,0.13184898000002931,0.10363405399999692,3.8220805852310336,1.3658330791132567,3.6865159703980668
79.85854956899999,4.0,1.76,3.85,0.023672963999956664,0.03798967399995945,0.009804251999980806,3.842902548855487,1.3658330791132567,3.6865159703980668
79.90867506400002,4.0,1.76,3.85,0.07379845899998827,0.08811516899999106,0.05992974700001241,3.842902548855487,1.3658330791132567,3.6865159703980668
79.958754612,4.0,1.76,3.85,0.12387800699997342,0.1381947169999762,0.11000929499999756,3.842902548855487,1.3658330791132567,3.6865159703980668
80.008872758,4.0,1.76,3.87,0.03000494599996273,0.0439979369999719,0.016169828999977653,3.842902548855487,1.3658330791132567,3.7073980093860976
80.058973348,4.0,1.76,3.87,0.08010553599996229,0.09409852699997145,0.06627041899997721,3.842902548855487,1.3658330791132567,3.7073980093860976
80.10904009699999,4.0,1.77,3.87,0.1301722849999578,0.00018896399996037871,0.11633716799997273,3.842902548855487,1.378695035169127,3.7073980093860976
80.15911941000002,3.98,1.77,3.85,0.036367299999994884,0.05026827699998648,0.02238460300003453,3.8220805852310336,1.378695035169127,3.6865159703980668
80.20920107,3.98,1.77,3.85,0.08644895999998425,0.10034993699997585,0.0724662630000239,3.8220805852310336,1.378695035169127,3.6865159703980668
80.25927586900002,3.98,1.77,3.85,0.13652375899999925,0.006390409000005093,0.12254106200003889,3.8220805852310336,1.378695035169127,3.6865159703980668
80.30935609400001,4.01,1.77,3.87,0.04261411200002385,0.05647063399999297,0.028675056999986737,3.8533102652135343,1.378695035169127,3.7073980093860976
80.35943434,4.01,1.77,3.87,0.09269235800002207,0.10654887999999119,0.07875330299998495,3.8533102652135343,1.378695035169127,3.7073980093860976
80.40951500699998,4.01,1.75,3.87,0.14277302499999678,0.012667785999951775,0.12883396999995966,3.8533102652135343,1.3529227620230209,3.7073980093860976
80.459630634,4.0,1.75,3.85,0.04889508799999476,0.06278341299997692,0.034937046999971244,3.842902548855487,1.3529227620230209,3.6865159703980668
80.50971282500001,4.0,1.75,3.85,0.09897727899999609,0.11286560399997825,0.08501923799997257,3.842902548855487,1.3529227620230209,3.6865159703980668
80.55984194799998,3.98,1.78,3.85,0.005112410999970507,0.01901299499996867,0.1351483609999491,3.8220805852310336,1.3915099712183165,3.6865159703980668
80.60996370600003,3.98,1.78,3.8400000000000003,0.05523416900001621,0.06913475300001437,0.041313605000027565,3.8220805852310336,1.3915099712183165,3.6760712724320244
80.66004393700001,3.98,1.78,3.8400000000000003,0.10531439999999748,0.11921498399999564,0.09139383600000883,3.8220805852310336,1.3915099712183165,3.6760712724320244
80.71015708100003,4.0,1.75,3.8400000000000003,0.01147066700002597,0.025274591000027158,0.14150698000003104,3.842902548855487,1.3529227620230209,3.6760712724320244
80.760236781,4.0,1.75,3.85,0.061550366999995276,0.07535429099999646,0.047582832999978564,3.842902548855487,1.3529227620230209,3.6865159703980668
80.81031714400001,4.0,1.75,3.85,0.11163073000000168,0.12543465400000287,0.09766319599998496,3.842902548855487,1.3529227620230209,3.6865159703980668
80.86039036200003,4.0,1.75,3.85,0.017686530000048606,0.03153376500000604,0.003757274999998117,3.842902548855487,1.3529227620230209,3.6865159703980668
80.91050775500003,4.0,1.75,3.85,0.06780392300004223,0.08165115799999967,0.05387466799999174,3.842902548855487,1.3529227620230209,3.6865159703980668
80.96058600700002,4.0,1.75,3.85,0.11788217500003384,0.13172940999999128,0.10395291999998335,3.842902548855487,1.3529227620230209,3.6865159703980668
81.01066526400001,4.0200000000000005,1.78,3.87,0.02404775200000131,0.037992184000017915,0.01010234099999252,3.863715828059823,1.3915099712183165,3.7073980093860976
81.06074702199999,4.0200000000000005,1.78,3.87,0.07412950999997747,0.08807394199999408,0.06018409899996868,3.863715828059823,1.3915099712183165,3.7073980093860976
81.110874491,4.0200000000000005,1.78,3.87,0.12425697899999477,0.13820141100001138,0.11031156799998598,3.863715828059823,1.3915099712183165,3.7073980093860976
81.16095183499999,4.0200000000000005,1.78,3.87,0.1743343229999823,0.1882787549999989,0.16038891199997352,3.863715828059823,1.3915099712183165,3.7073980093860976
81.21103218000002,4.0200000000000005,1.78,3.87,0.22441466800000853,0.23835910000002514,0.21046925699999974,3.863715828059823,1.3915099712183165,3.7073980093860976
81.26109789899999,4.0200000000000005,1.75,3.87,0.2744803869999828,0.0004005959999631159,0.260534975999974,3.863715828059823,1.3529227620230209,3.7073980093860976
81.31117929999999,3.9899999999999998,1.75,3.8400000000000003,0.03653407799998831,0.05048199699996303,0.02265522299995837,3.8324926614411146,1.3529227620230209,3.6760712724320244
81.36125762500001,3.9899999999999998,1.75,3.8400000000000003,0.08661240300000372,0.10056032199997844,0.07273354799997378,3.8324926614411146,1.3529227620230209,3.6760712724320244
81.411337559,3.9899999999999998,1.84,3.8400000000000003,0.1366923369999995,0.006709012999976949,0.12281348199996955,3.8324926614411146,1.4674808346278325,3.6760712724320244
81.46141944700003,4.01,1.84,3.87,0.04282291900000246,0.056790900999999394,0.02882596500001,3.8533102652135343,1.4674808346278325,3.7073980093860976
81.51155392700002,4.01,1.84,3.87,0.09295739899999944,0.10692538099999638,0.07896044500000698,3.8533102652135343,1.4674808346278325,3.7073980093860976
81.56163105299999,4.01,1.76,3.87,0.14303452499996183,0.012976300999980594,0.12903757099996938,3.8533102652135343,1.3658330791132567,3.7073980093860976
81.61171174700002,4.01,1.76,3.85,0.0492002070000126,0.06305699500001083,0.03523487400002523,3.8533102652135343,1.3658330791132567,3.6865159703980668
81.66185263800003,4.01,1.76,3.85,0.09934109800002489,0.11319788600002312,0.08537576500003752,3.8533102652135343,1.3658330791132567,3.6865159703980668
81.711952865,4.0,1.75,3.85,0.0054248849999680715,0.019344653000018752,0.1354759920000106,3.842902548855487,1.3529227620230209,3.6865159703980668
81.76202914800001,4.0,1.75,3.87,0.05550116799997795,0.06942093600002863,0.04160500400001865,3.842902548855487,1.3529227620230209,3.7073980093860976
81.812111179,4.0,1.75,3.87,0.10558319899996604,0.11950296700001672,0.09168703500000674,3.842902548855487,1.3529227620230209,3.7073980093860976
81.862190629,4.0,1.83,3.87,0.01174088599998413,0.025519938000002185,0.1417664850000051,3.842902548855487,1.454922678357857,3.7073980093860976
81.91226858200002,4.0,1.83,3.85,0.061818839000011394,0.07559789100002945,0.04747309200001837,3.842902548855487,1.454922678357857,3.6865159703980668
81.96234644100002,4.0,1.83,3.85,0.11189669800000956,0.12567575000002762,0.09755095100001654,3.842902548855487,1.454922678357857,3.6865159703980668
82.01241905300003,3.9899999999999998,1.77,3.87,0.01796382400004859,0.031829250000043885,0.004024906000040573,3.8324926614411146,1.378695035169127,3.7073980093860976
82.06250370499998,3.9899999999999998,1.77,3.87,0.0680484760000013,0.0819139019999966,0.054109557999993285,3.8324926614411146,1.378695035169127,3.7073980093860976
82.11262527600002,3.9899999999999998,1.77,3.87,0.11817004700003508,0.13203547300003038,0.10423112900002707,3.8324926614411146,1.378695035169127,3.7073980093860976
82.16271466900002,3.9899999999999998,1.75,3.85,0.024254872000028627,0.03815742800003363,0.009959233000017775,3.8324926614411146,1.3529227620230209,3.6865159703980668
82.21279774300001,3.9899999999999998,1.75,3.85,0.0743379460000142,0.0882405020000192,0.06004230700000335,3.8324926614411146,1.3529227620230209,3.6865159703980668
82.26286371100002,3.9899999999999998,1.75,3.85,0.12440391400002682,0.13830647000003182,0.11010827500001596,3.8324926614411146,1.3529227620230209,3.6865159703980668
82.31294644100001,4.0200000000000005,1.73,3.85,0.030496094000000085,0.044398765999972056,0.01616405200002191,3.863715828059823,1.3269513932318697,3.6865159703980668
82.36303823899999,4.0200000000000005,1.73,3.85,0.08058789199998273,0.0944905639999547,0.06625585000000456,3.863715828059823,1.3269513932318697,3.6865159703980668
82.41311516100001,4.0200000000000005,1.79,3.85,0.1306648139999993,0.0006279469999981302,0.11633277200002112,3.863715828059823,1.4042791745233565,3.6865159703980668
82.46322261900002,3.98,1.79,3.83,0.03685203600002751,0.050735405000011724,0.02248491200003855,3.8220805852310336,1.4042791745233565,3.6656240942027867
82.51333556999998,3.98,1.79,3.83,0.08696498699998756,0.10084835599997177,0.0725978629999986,3.8220805852310336,1.4042791745233565,3.6656240942027867
82.563412819,3.98,1.79,3.83,0.13704223600001342,0.0068632910000019365,0.12267511200002446,3.8220805852310336,1.4042791745233565,3.6656240942027867
82.61349213099999,4.0200000000000005,1.79,3.8400000000000003,0.04315592999995488,0.05694260299998177,0.02882679799995458,3.863715828059823,1.4042791745233565,3.6760712724320244
82.66357456200001,4.0200000000000005,1.79,3.8400000000000003,0.09323836099997607,0.10702503400000296,0.07890922899997577,3.863715828059823,1.4042791745233565,3.6760712724320244
82.713712123,4.0200000000000005,1.82,3.8400000000000003,0.14337592199996152,0.013206833999959144,0.12904678999996122,3.863715828059823,1.4423245127224318,3.6760712724320244
82.763793583,3.9899999999999998,1.82,3.85,0.04938256899998805,0.06328829399996039,0.03512452399996846,3.8324926614411146,1.4423245127224318,3.6865159703980668
82.81389823199999,3.9899999999999998,1.82,3.85,0.09948721799997884,0.11339294299995117,0.08522917299995925,3.8324926614411146,1.4423245127224318,3.6865159703980668
82.86397600700002,4.0200000000000005,1.79,3.85,0.005208683000034853,0.019489850000013575,0.1353069479999931,3.863715828059823,1.4042791745233565,3.6865159703980668
82.91405913,4.0200000000000005,1.79,3.86,0.05529180600001382,0.06957297299999254,0.041419148999978006,3.863715828059823,1.4042791745233565,3.6969582091227373
82.964138327,4.0200000000000005,1.79,3.86,0.10537100300001612,0.11965216999999484,0.0914983459999803,3.863715828059823,1.4042791745233565,3.6969582091227373
83.01421845100003,3.98,1.77,3.86,0.011507341000026372,0.025723638000044957,0.1415784700000131,3.8220805852310336,1.378695035169127,3.6969582091227373
83.064328187,3.98,1.77,3.86,0.06161707699999397,0.07583337400001255,0.04773816799996666,3.8220805852310336,1.378695035169127,3.6969582091227373
83.11440748199999,3.98,1.77,3.86,0.11169637199998306,0.12591266900000164,0.09781746299995575,3.8220805852310336,1.378695035169127,3.6969582091227373
83.164490457,4.01,1.83,3.85,0.017804178000005777,0.0320921900000144,0.003875641999968593,3.8533102652135343,1.454922678357857,3.6865159703980668
83.21461638900001,4.01,1.83,3.85,0.06793011000002025,0.08221812200002887,0.054001573999983066,3.8533102652135343,1.454922678357857,3.6865159703980668
83.264693739,4.01,1.83,3.85,0.11800746000000117,0.1322954720000098,0.10407892399996399,3.8533102652135343,1.454922678357857,3.6865159703980668
83.31484076100003,4.0,1.79,3.8400000000000003,0.02420430900002657,0.03845384499999227,0.010239889000047242,3.842902548855487,1.4042791745233565,3.6760712724320244
83.36494474,4.0,1.79,3.8400000000000003,0.07430828799999745,0.08855782399996315,0.06034386800001812,3.842902548855487,1.4042791745233565,3.6760712724320244
83.41506376500001,4.0,1.79,3.8400000000000003,0.12442731300001242,0.13867684899997812,0.11046289300003309,3.842902548855487,1.4042791745233565,3.6760712724320244
83.465171725,3.98,1.78,3.85,0.030563416999996207,0.04446244600001137,0.016675243000008777,3.8220805852310336,1.3915099712183165,3.6865159703980668
83.51527826199998,3.98,1.78,3.85,0.08066995399997268,0.09456898299998784,0.06678177999998525,3.8220805852310336,1.3915099712183165,3.6865159703980668
83.56534714700001,3.98,1.72,3.85,0.13073883900000283,0.000984797000000981,0.1168506650000154,3.8220805852310336,1.3138873619911258,3.6865159703980668
83.615464519,4.0200000000000005,1.72,3.85,0.0368848269999944,0.05110216899998932,0.022982319999982792,3.863715828059823,1.3138873619911258,3.6865159703980668
83.66558508600002,4.0200000000000005,1.72,3.85,0.08700539400001617,0.10122273600001108,0.07310288700000456,3.863715828059823,1.3138873619911258,3.6865159703980668
83.71569795900001,4.0200000000000005,1.83,3.85,0.1371182670000053,0.0070108059999824945,0.12321575999999368,3.863715828059823,1.454922678357857,3.6865159703980668
83.76578604500003,3.98,1.83,3.85,0.04320149800003037,0.05709889199999907,0.02928238100003,3.8220805852310336,1.454922678357857,3.6865159703980668
83.81585951300002,3.98,1.83,3.85,0.09327496600002405,0.10717235999999275,0.07935584900002368,3.8220805852310336,1.454922678357857,3.6865159703980668
83.86593933800003,3.98,1.79,3.85,0.14335479100003568,0.013315074000047389,0.1294356740000353,3.8220805852310336,1.4042791745233565,3.6865159703980668
83.91606384599999,3.9899999999999998,1.79,3.86,0.04957291199997371,0.06343958200000088,0.03554741599998579,3.8324926614411146,1.4042791745233565,3.6969582091227373
83.96614330200003,3.9899999999999998,1.79,3.86,0.0996523680000223,0.11351903800004948,0.08562687200003438,3.8324926614411146,1.4042791745233565,3.6969582091227373
84.01621931400001,3.9899999999999998,1.75,3.86,0.005650351999975101,0.01957974300000842,0.13570288400001118,3.8324926614411146,1.3529227620230209,3.6969582091227373
84.06630239100002,3.9899999999999998,1.75,3.86,0.05573342899998579,0.06966282000001911,0.04186762500000896,3.8324926614411146,1.3529227620230209,3.6969582091227373
84.11638474400002,3.9899999999999998,1.75,3.86,0.10581578199997921,0.11974517300001253,0.09194997800000237,3.8324926614411146,1.3529227620230209,3.6969582091227373
84.16647406300001,3.9899999999999998,1.75,3.86,0.15590510099997346,0.16983449200000678,0.14203929699999662,3.8324926614411146,1.3529227620230209,3.6969582091227373
84.216554777,3.9899999999999998,1.75,3.86,0.2059858149999627,0.21991520599999603,0.19212001099998588,3.8324926614411146,1.3529227620230209,3.6969582091227373
84.26663754000003,3.9899999999999998,1.75,3.86,0.25606857799999716,0.2699979690000305,0.24220277400002033,3.8324926614411146,1.3529227620230209,3.6969582091227373
84.31671016900003,4.0200000000000005,1.8,3.86,0.018220635000034235,0.03214041800003997,0.0043155430000183514,3.863715828059823,1.4170038814343453,3.6969582091227373
84.36679812800003,4.0200000000000005,1.8,3.86,0.06830859400002964,0.08222837700003538,0.05440350200001376,3.863715828059823,1.4170038814343453,3.6969582091227373
84.41684122800001,4.0200000000000005,1.8,3.86,0.11835169400001178,0.1322714770000175,0.10444660199999589,3.863715828059823,1.4170038814343453,3.6969582091227373
84.466921426,4.01,1.76,3.85,0.024451351999971394,0.03840039300001763,0.01056430599999203,3.8533102652135343,1.3658330791132567,3.6865159703980668
84.51699676300001,4.01,1.76,3.85,0.07452668899998116,0.0884757300000274,0.0606396430000018,3.8533102652135343,1.3658330791132567,3.6865159703980668
84.56707967599999,4.01,1.76,3.85,0.12460960199996407,0.1385586430000103,0.1107225559999847,3.8533102652135343,1.3658330791132567,3.6865159703980668
84.61717047000002,3.97,1.77,3.86,0.030721844000026977,0.04462627999998858,0.01679952099999582,3.8116663022882786,1.378695035169127,3.6969582091227373
84.66724938800002,3.97,1.77,3.86,0.08080076200002395,0.09470519799998556,0.0668784389999928,3.8116663022882786,1.378695035169127,3.6969582091227373
84.71731750800001,3.97,1.77,3.86,0.13086888200001567,0.0008134049999739545,0.11694655899998452,3.8116663022882786,1.378695035169127,3.6969582091227373
84.76740278200003,4.01,1.77,3.8400000000000003,0.03696441499999992,0.05089867899999945,0.02304426300003115,3.8533102652135343,1.378695035169127,3.6760712724320244
84.817484595,4.01,1.77,3.8400000000000003,0.08704622799996287,0.1009804919999624,0.0731260759999941,3.8533102652135343,1.378695035169127,3.6760712724320244
84.867566963,4.01,1.77,3.8400000000000003,0.13712859599996818,0.007109071999991556,0.12320844399999942,3.8533102652135343,1.378695035169127,3.6760712724320244
84.91764915100003,3.98,1.77,3.85,0.043307741000035094,0.05719126000002461,0.029309400000045116,3.8220805852310336,1.378695035169127,3.6865159703980668
84.96777353100003,3.98,1.77,3.85,0.09343212100003484,0.10731564000002436,0.07943378000004486,3.8220805852310336,1.378695035169127,3.6865159703980668
85.01788829899999,3.98,1.75,3.85,0.14354688899999246,0.013439100999960374,0.12954854800000248,3.8220805852310336,1.3529227620230209,3.6865159703980668
85.067967151,3.98,1.75,3.86,0.049665443999970194,0.0635179529999732,0.03568343299997423,3.8220805852310336,1.3529227620230209,3.6969582091227373
85.118047478,3.98,1.75,3.86,0.0997457709999594,0.11359827999996241,0.08576375999996344,3.8220805852310336,1.3529227620230209,3.6969582091227373
85.16815330200001,3.9899999999999998,1.83,3.86,0.005752950999976747,0.019711416999996345,0.13586958399997684,3.8324926614411146,1.454922678357857,3.6969582091227373
85.21823239399998,3.9899999999999998,1.83,3.85,0.05583204299995259,0.06979050899997219,0.04194299599998885,3.8324926614411146,1.454922678357857,3.6865159703980668
85.26830846799999,3.9899999999999998,1.83,3.85,0.10590811699995584,0.11986658299997544,0.0920190699999921,3.8324926614411146,1.454922678357857,3.6865159703980668
85.31839260600003,4.01,1.83,3.85,0.01204767200005108,0.025956781000047613,0.14210320800003728,3.8533102652135343,1.454922678357857,3.6865159703980668
85.36851543900002,4.01,1.83,3.85,0.062170505000040066,0.0760796140000366,0.04827814300000455,3.8533102652135343,1.454922678357857,3.6865159703980668
85.41859740500001,4.01,1.83,3.85,0.11225247100003344,0.12616158000002997,0.09836010899999792,3.8533102652135343,1.454922678357857,3.6865159703980668
85.468670498,3.98,1.77,3.85,0.01831438699997534,0.03226635699996905,0.004414655000005041,3.8220805852310336,1.378695035169127,3.6865159703980668
85.51875335300002,3.98,1.77,3.85,0.06839724200000319,0.0823492119999969,0.05449751000003289,3.8220805852310336,1.378695035169127,3.6865159703980668
85.56887147600003,3.98,1.77,3.85,0.11851536500000748,0.13246733500000119,0.10461563300003718,3.8220805852310336,1.378695035169127,3.6865159703980668
85.61894631799998,3.98,1.82,3.85,0.02464404399995601,0.03862216999999646,0.010404376999986198,3.8220805852310336,1.4423245127224318,3.6865159703980668
85.66902566800002,3.98,1.82,3.85,0.07472339399998873,0.08870152000002918,0.060483727000018916,3.8220805852310336,1.4423245127224318,3.6865159703980668
85.71910399000001,3.98,1.82,3.85,0.12480171599997902,0.13877984200001947,0.11056204900000921,3.8220805852310336,1.4423245127224318,3.6865159703980668
85.76918470700002,4.0,1.75,3.8400000000000003,0.030894853000006606,0.0448552440000185,0.016634022999994613,3.842902548855487,1.3529227620230209,3.6760712724320244
85.81929988299999,4.0,1.75,3.8400000000000003,0.08101002899996956,0.09497041999998146,0.06674919899995757,3.842902548855487,1.3529227620230209,3.6760712724320244
85.869363039,4.0,1.75,3.8400000000000003,0.1310731849999911,0.0010057009999968614,0.1168123549999791,3.842902548855487,1.3529227620230209,3.6760712724320244
85.919480808,3.9899999999999998,1.75,3.8400000000000003,0.03721010099997102,0.051123469999993176,0.022910848999970312,3.8324926614411146,1.3529227620230209,3.6760712724320244
85.96956503000001,3.9899999999999998,1.75,3.8400000000000003,0.08729432299998052,0.10120769200000268,0.07299507099997982,3.8324926614411146,1.3529227620230209,3.6760712724320244
86.01969731600002,3.9899999999999998,1.73,3.8400000000000003,0.13742660899998782,0.007373629000028359,0.12312735699998711,3.8324926614411146,1.3269513932318697,3.6760712724320244
86.06977627999999,3.9899999999999998,1.73,3.85,0.04359227599996984,0.05745259299999361,0.02926465799998823,3.8324926614411146,1.3269513932318697,3.6865159703980668
86.119863001,3.9899999999999998,1.73,3.85,0.09367899699998361,0.10753931400000738,0.079351379000002,3.8324926614411146,1.3269513932318697,3.6865159703980668
86.16997959500003,3.9899999999999998,1.71,3.85,0.14379559100001416,0.013725629000020945,0.12946797300003254,3.8324926614411146,1.3007690033207278,3.6865159703980668
86.22010670700001,4.0,1.71,3.85,0.049867908000010175,0.06385274100000515,0.03556496200002357,3.842902548855487,1.3007690033207278,3.6865159703980668
86.27018547099999,4.0,1.71,3.85,0.0999466719999873,0.11393150499998228,0.0856437260000007,3.842902548855487,1.3007690033207278,3.6865159703980668
86.320263452,3.9899999999999998,1.76,3.85,0.006047012999999879,0.02001331299999265,0.13572170700001607,3.8324926614411146,1.3658330791132567,3.6865159703980668
86.37034620999998,3.9899999999999998,1.76,3.8400000000000003,0.056129770999973516,0.07009607099996629,0.041903260999959,3.8324926614411146,1.3658330791132567,3.6760712724320244
86.420461666,3.9899999999999998,1.76,3.8400000000000003,0.10624522699998806,0.12021152699998083,0.09201871699997355,3.8324926614411146,1.3658330791132567,3.6760712724320244
86.47053962799998,4.0,1.79,3.8400000000000003,0.012354697999967357,0.026284848999978294,0.14209667899996248,3.842902548855487,1.4042791745233565,3.6760712724320244
86.52061888700001,4.0,1.79,3.85,0.0624339569999961,0.07636410800000704,0.04822683499997993,3.842902548855487,1.4042791745233565,3.6865159703980668
86.570704487,4.0,1.79,3.85,0.11251955699998462,0.12644970799999555,0.09831243499996845,3.842902548855487,1.4042791745233565,3.6865159703980668
86.62083505700002,3.98,1.75,3.86,0.01837857300000678,0.0326206960000377,0.0044353210000167564,3.8220805852310336,1.3529227620230209,3.6969582091227373
86.67091393499999,3.98,1.75,3.86,0.06845745099997202,0.08269957400000294,0.054514198999982,3.8220805852310336,1.3529227620230209,3.6969582091227373
86.72098903800003,3.98,1.75,3.86,0.11853255400001217,0.13277467700004308,0.10458930200002214,3.8220805852310336,1.3529227620230209,3.6969582091227373
86.771071571,3.9899999999999998,1.76,3.86,0.024515129000008073,0.03881999699996186,0.15467183499998782,3.8324926614411146,1.3658330791132567,3.6969582091227373
86.82116816500002,3.9899999999999998,1.76,3.86,0.07461172300003227,0.08891659099998606,0.20476842900001202,3.8324926614411146,1.3658330791132567,3.6969582091227373
86.87124419500003,3.9899999999999998,1.76,3.86,0.12468775300004609,0.13899262099999987,0.25484445900002584,3.8324926614411146,1.3658330791132567,3.6969582091227373
86.921323744,3.9899999999999998,1.76,3.86,0.17476730200002066,0.18907216999997445,0.3049240080000004,3.8324926614411146,1.3658330791132567,3.6969582091227373
86.97140662200002,3.9899999999999998,1.76,3.86,0.22485018000003265,0.23915504799998644,0.3550068860000124,3.8324926614411146,1.3658330791132567,3.6969582091227373
87.02147098,3.9899999999999998,1.79,3.86,0.27491453800001864,0.0013129019999951197,0.4050712439999984,3.8324926614411146,1.4042791745233565,3.6969582091227373
87.07156399000002,4.01,1.79,3.83,0.03715264900000648,0.05140591200000699,0.023229179999987082,3.8533102652135343,1.4042791745233565,3.6656240942027867
87.12168486500002,4.01,1.79,3.83,0.0872735240000111,0.10152678700001161,0.0733500549999917,3.8533102652135343,1.4042791745233565,3.6656240942027867
87.17182763900001,4.01,1.79,3.83,0.1374162980000051,0.15166956100000561,0.1234928289999857,3.8533102652135343,1.4042791745233565,3.6656240942027867
87.22192808800003,4.01,1.79,3.83,0.18751674700001786,0.20177001000001837,0.17359327799999846,3.8533102652135343,1.4042791745233565,3.6656240942027867
87.272014061,4.01,1.79,3.83,0.23760271999998395,0.25185598299998446,0.22367925099996455,3.8533102652135343,1.4042791745233565,3.6656240942027867
87.32209432899998,4.01,1.74,3.83,0.28768298799997183,0.013600750999955835,0.27375951899995243,3.8533102652135343,1.3399626860476377,3.6656240942027867
87.37217408000004,3.9899999999999998,1.74,3.85,0.049830128000053264,0.06368050200001107,0.03589268100000709,3.8324926614411146,1.3399626860476377,3.6865159703980668
87.42229658399998,3.9899999999999998,1.74,3.85,0.09995263199999727,0.11380300599995508,0.08601518499995109,3.8324926614411146,1.3399626860476377,3.6865159703980668
87.47241643300003,3.98,1.8,3.85,0.0060876240000311554,0.01999028300002692,0.13613503400000582,3.8220805852310336,1.4170038814343453,3.6865159703980668
87.52252915000003,3.98,1.8,3.85,0.05620034100002158,0.07010300000001735,0.04230528600004391,3.8220805852310336,1.4170038814343453,3.6865159703980668
87.57261144699999,3.98,1.8,3.85,0.10628263799998194,0.12018529699997771,0.09238758300000427,3.8220805852310336,1.4170038814343453,3.6865159703980668
87.62269321299999,4.0,1.8,3.85,0.012344762999987324,0.026285503999986304,0.14246934900000952,3.842902548855487,1.4170038814343453,3.6865159703980668
87.672837249,4.0,1.8,3.87,0.06248879899999338,0.07642953999999236,0.04859740099999499,3.842902548855487,1.4170038814343453,3.7073980093860976
87.72291819700001,4.0,1.8,3.87,0.1125697470000091,0.12651048800000808,0.09867834900001071,3.842902548855487,1.4170038814343453,3.7073980093860976
87.77299864100002,3.9899999999999998,1.76,3.85,0.018625687999985985,0.03260654100000693,0.004759943999999905,3.8324926614411146,1.3658330791132567,3.6865159703980668
87.82307493100001,3.9899999999999998,1.76,3.85,0.06870197799997868,0.08268283099999962,0.0548362339999926,3.8324926614411146,1.3658330791132567,3.6865159703980668
87.873204655,3.9899999999999998,1.76,3.85,0.11883170199996584,0.1328125549999868,0.10496595799997976,3.8324926614411146,1.3658330791132567,3.6865159703980668
87.92328408999998,3.98,1.82,3.86,0.025020285999971748,0.038922249999984615,0.01106682799996861,3.8220805852310336,1.4423245127224318,3.6969582091227373
87.97336683999998,3.98,1.82,3.86,0.07510303599997314,0.08900499999998601,0.061149577999970006,3.8220805852310336,1.4423245127224318,3.6969582091227373
88.02344213600003,3.98,1.82,3.86,0.1251783320000186,0.13908029600003147,0.11122487400001546,3.8220805852310336,1.4423245127224318,3.6969582091227373
88.07352230800001,3.9899999999999998,1.83,3.86,0.03122383200002332,0.04515660099997376,0.017290401000025213,3.8324926614411146,1.454922678357857,3.6969582091227373
88.12359933800002,3.9899999999999998,1.83,3.86,0.08130086200003461,0.09523363099998505,0.0673674310000365,3.8324926614411146,1.454922678357857,3.6969582091227373
88.17367039300001,3.9899999999999998,1.79,3.86,0.13137191700002404,0.0013253750000217224,0.11743848600002593,3.8324926614411146,1.4042791745233565,3.6969582091227373
88.22379526700001,3.98,1.79,3.8400000000000003,0.03748988099999906,0.051450249000026815,0.023618735000013658,3.8220805852310336,1.4042791745233565,3.6760712724320244
88.27392931899999,3.98,1.79,3.8400000000000003,0.08762393299997484,0.1015843010000026,0.07375278699998944,3.8220805852310336,1.4042791745233565,3.6760712724320244
88.32400783100002,3.98,1.77,3.8400000000000003,0.13770244500000217,0.007691195000006701,0.12383129900001677,3.8220805852310336,1.378695035169127,3.6760712724320244
88.37408692500003,3.98,1.77,3.8400000000000003,0.04390411000002814,0.05777028900001824,0.029925315000014052,3.8220805852310336,1.378695035169127,3.6760712724320244
88.424170172,3.98,1.77,3.8400000000000003,0.09398735700000316,0.10785353599999326,0.08000856199998907,3.8220805852310336,1.378695035169127,3.6760712724320244
88.474241027,3.98,1.76,3.8400000000000003,1.1590999974941951e-05,0.013916500999982873,0.13007941699999037,3.8220805852310336,1.3658330791132567,3.6760712724320244
88.524320896,3.98,1.76,3.85,0.050091459999975996,0.06399636999998393,0.03616287799997053,3.8220805852310336,1.3658330791132567,3.6865159703980668
88.57440143899998,3.98,1.76,3.85,0.10017200299995466,0.11407691299996259,0.0862434209999492,3.8220805852310336,1.3658330791132567,3.6865159703980668
88.62448028400001,4.0200000000000005,1.8,3.85,0.006316055000013421,0.020173650999993242,0.1363222659999792,3.863715828059823,1.4170038814343453,3.6865159703980668
88.67460287800003,4.0200000000000005,1.8,3.86,0.05643864900002882,0.07029624500000864,0.04247211099999504,3.863715828059823,1.4170038814343453,3.6969582091227373
88.72468343500003,4.0200000000000005,1.8,3.86,0.10651920600002995,0.12037680200000977,0.09255266799999617,3.863715828059823,1.4170038814343453,3.6969582091227373
88.77476299400001,3.98,1.75,3.86,0.012572486000010485,0.02652006400001028,0.14263222699997868,3.8220805852310336,1.3529227620230209,3.6969582091227373
88.82487319199998,3.98,1.75,3.86,0.06268268399998078,0.07663026199998058,0.04877592200000436,3.8220805852310336,1.3529227620230209,3.6969582091227373
88.874975452,3.98,1.75,3.86,0.11278494399999772,0.12673252199999752,0.0988781820000213,3.8220805852310336,1.3529227620230209,3.6969582091227373
88.925057331,4.01,1.75,3.85,0.018917831999999635,0.032833182999979726,0.0049385009999696194,3.8533102652135343,1.3529227620230209,3.6865159703980668
88.97513876900001,4.01,1.75,3.85,0.06899927000000616,0.08291462099998625,0.05501993899997615,3.8533102652135343,1.3529227620230209,3.6865159703980668
89.02521672900002,4.01,1.75,3.85,0.11907723000001624,0.13299258099999633,0.10509789899998623,3.8533102652135343,1.3529227620230209,3.6865159703980668
89.07529800000003,3.9899999999999998,1.75,3.85,0.025148378000039884,0.039070647000016834,0.011228941000013037,3.8324926614411146,1.3529227620230209,3.6865159703980668
89.12538653000001,3.9899999999999998,1.75,3.85,0.07523690800002214,0.08915917699999909,0.061317470999995294,3.8324926614411146,1.3529227620230209,3.6865159703980668
89.17546571700001,3.9899999999999998,1.75,3.85,0.1253160950000165,0.13923836399999345,0.11139665799998966,3.8324926614411146,1.3529227620230209,3.6865159703980668
89.22554639600003,3.98,1.78,3.85,0.0314077950000069,0.04536104300001398,0.01748016499999494,3.8220805852310336,1.3915099712183165,3.6865159703980668
89.27562870899999,3.98,1.78,3.85,0.08149010799996859,0.09544335599997567,0.06756247799995663,3.8220805852310336,1.3915099712183165,3.6865159703980668
89.32573465600001,3.98,1.82,3.85,0.1315960549999886,0.0015333989999817277,0.11766842499997665,3.8220805852310336,1.4423245127224318,3.6865159703980668
89.37581871000003,4.0,1.82,3.85,0.03777137800000219,0.05161745300000575,0.023476684000002024,3.842902548855487,1.4423245127224318,3.6865159703980668
89.425894583,4.0,1.82,3.85,0.08784725099997104,0.1016933259999746,0.07355255699997088,3.842902548855487,1.4423245127224318,3.6865159703980668
89.47597694699999,4.0,1.75,3.85,0.1379296149999618,0.007808686999965175,0.12363492099996165,3.842902548855487,1.3529227620230209,3.6865159703980668
89.526080175,4.0,1.75,3.8400000000000003,0.04405293799999299,0.05791191499997694,0.02976294100000132,3.842902548855487,1.3529227620230209,3.6760712724320244
89.57615818200003,4.0,1.75,3.8400000000000003,0.09413094500001762,0.10798992200000157,0.07984094800002595,3.842902548855487,1.3529227620230209,3.6760712724320244
89.626226691,3.98,1.75,3.8400000000000003,0.00018746899996813227,0.014043437999987418,0.12990945699999656,3.8220805852310336,1.3529227620230209,3.6760712724320244
89.67630484,3.98,1.75,3.86,0.05026561799996898,0.06412158699998827,0.0359650409999972,3.8220805852310336,1.3529227620230209,3.6969582091227373
89.726381925,3.98,1.75,3.86,0.10034270299996706,0.11419867199998635,0.08604212599999528,3.8220805852310336,1.3529227620230209,3.6969582091227373
89.77649578800003,4.01,1.77,3.86,0.006425853000052939,0.020373527000003833,0.13615598900003079,3.8533102652135343,1.378695035169127,3.6969582091227373
89.826573768,4.01,1.77,3.86,0.05650383300002204,0.07045150699997293,0.04230653199999779,3.8533102652135343,1.378695035169127,3.6969582091227373
89.876657948,4.01,1.77,3.86,0.10658801300002096,0.12053568699997186,0.09239071199999671,3.8533102652135343,1.378695035169127,3.6969582091227373
89.926738414,3.9899999999999998,1.75,3.86,0.012673001999985445,0.02663859199998342,0.14247117799999387,3.8324926614411146,1.3529227620230209,3.6969582091227373
89.97690568799999,3.9899999999999998,1.75,3.8400000000000003,0.06284027599997444,0.07680586599997241,0.0486486119999654,3.8324926614411146,1.3529227620230209,3.6760712724320244
90.02699361999998,3.9899999999999998,1.75,3.8400000000000003,0.11292820799997116,0.12689379799996914,0.09873654399996212,3.8324926614411146,1.3529227620230209,3.6760712724320244
90.07707210799998,4.01,1.77,3.88,0.018708506999985275,0.032990476999998464,0.004855610999982218,3.8533102652135343,1.378695035169127,3.717835391729978
90.12715363000001,4.01,1.77,3.88,0.06879002900001296,0.08307199900002615,0.05493713300000991,3.8533102652135343,1.378695035169127,3.717835391729978
90.177243955,4.01,1.77,3.88,0.11888035399999808,0.13316232400001127,0.10502745799999502,3.8533102652135343,1.378695035169127,3.717835391729978
90.22732142799998,4.01,1.77,3.88,0.16895782699998563,0.18323979699999882,0.15510493099998257,3.8533102652135343,1.378695035169127,3.717835391729978
90.27740259500001,4.01,1.77,3.88,0.21903899400001592,0.2333209640000291,0.20518609800001286,3.8533102652135343,1.378695035169127,3.717835391729978
90.32748373300001,4.01,1.77,3.88,0.26912013200001184,0.283402102000025,0.2552672360000088,3.8533102652135343,1.378695035169127,3.717835391729978
90.37761874099999,3.9899999999999998,1.75,3.85,0.031388020999997934,0.04559334800001125,0.01744522799998549,3.8324926614411146,1.3529227620230209,3.6865159703980668
90.42769695499999,3.9899999999999998,1.75,3.85,0.0814662349999935,0.09567156200000682,0.06752344199998106,3.8324926614411146,1.3529227620230209,3.6865159703980668
90.477767229,3.9899999999999998,1.76,3.85,0.13153650900000002,0.001760638000007475,0.11759371599998758,3.8324926614411146,1.3658330791132567,3.6865159703980668
90.52789692599998,4.01,1.76,3.8400000000000003,0.03765723999998727,0.05189033499999596,0.02376236799995013,3.8533102652135343,1.3658330791132567,3.6760712724320244
90.57801131500003,4.01,1.76,3.8400000000000003,0.08777162900003077,0.10200472400003946,0.07387675699999363,3.8533102652135343,1.3658330791132567,3.6760712724320244
90.62808866699999,4.01,1.75,3.8400000000000003,0.13784898099999054,0.008070889999999054,0.1239541089999534,3.8533102652135343,1.3529227620230209,3.6760712724320244
90.67817038300001,3.9899999999999998,1.75,3.8400000000000003,0.04395661400002382,0.05815260600002148,0.029972707000013088,3.8324926614411146,1.3529227620230209,3.6760712724320244
90.72825124799999,3.9899999999999998,1.75,3.8400000000000003,0.0940374790000078,0.10823347100000547,0.08005357199999708,3.8324926614411146,1.3529227620230209,3.6760712724320244
90.77831476099999,4.0,1.75,3.8400000000000003,6.965699998318087e-05,0.014358318999995845,0.13011708499999486,3.842902548855487,1.3529227620230209,3.6760712724320244
90.82839803799999,4.0,1.75,3.83,0.050152933999982,0.06444159599999466,0.03622424399998181,3.842902548855487,1.3529227620230209,3.6656240942027867
90.87848071799999,4.0,1.75,3.83,0.10023561399998471,0.11452427599999737,0.08630692399998452,3.842902548855487,1.3529227620230209,3.6656240942027867
90.92855803200001,3.9899999999999998,1.83,3.83,0.006342996999990191,0.0202828260000274,0.1363842380000051,3.8324926614411146,1.454922678357857,3.6656240942027867
90.978640751,3.9899999999999998,1.83,3.85,0.056425715999978365,0.07036554500001557,0.04246900499998674,3.8324926614411146,1.454922678357857,3.6865159703980668
91.02875684600002,3.9899999999999998,1.83,3.85,0.1065418109999996,0.1204816400000368,0.09258510000000797,3.8324926614411146,1.454922678357857,3.6865159703980668
91.07890612300002,4.01,1.75,3.85,0.012690475999988848,0.026642002000016873,0.14273437700001068,3.8533102652135343,1.3529227620230209,3.6865159703980668
91.12897479600002,4.01,1.75,3.85,0.06275914899998725,0.07671067500001527,0.048905741999988095,3.8533102652135343,1.3529227620230209,3.6865159703980668
91.17908181299998,4.01,1.75,3.85,0.11286616599994659,0.1268176919999746,0.09901275899994744,3.8533102652135343,1.3529227620230209,3.6865159703980668
91.22919860000002,3.9899999999999998,1.78,3.8400000000000003,0.01900059299998702,0.033014767999986816,0.005060667999998714,3.8324926614411146,1.3915099712183165,3.6760712724320244
91.27927808700002,3.9899999999999998,1.78,3.8400000000000003,0.069080079999992,0.08309425499999179,0.05514015500000369,3.8324926614411146,1.3915099712183165,3.6760712724320244
91.32935835900003,3.9899999999999998,1.78,3.8400000000000003,0.11916035199999442,0.1331745269999942,0.10522042700000611,3.8324926614411146,1.3915099712183165,3.6760712724320244
91.37943811100001,3.9899999999999998,1.82,3.8400000000000003,0.02528421699997807,0.03922877500002642,0.011389537000013661,3.8324926614411146,1.4423245127224318,3.6760712724320244
91.42952574899999,3.9899999999999998,1.82,3.8400000000000003,0.07537185499995758,0.08931641300000592,0.06147717499999317,3.8324926614411146,1.4423245127224318,3.6760712724320244
91.47960618100001,3.9899999999999998,1.82,3.8400000000000003,0.12545228699997324,0.13939684500002159,0.11155760700000883,3.8324926614411146,1.4423245127224318,3.6760712724320244
91.529690985,4.0200000000000005,1.75,3.85,0.03161311499997055,0.04553298600001199,0.0176459559999671,3.863715828059823,1.3529227620230209,3.6865159703980668
91.57977366800003,4.0200000000000005,1.75,3.85,0.08169579799999838,0.09561566900003982,0.06772863899999493,3.863715828059823,1.3529227620230209,3.6865159703980668
91.629857593,4.0200000000000005,1.77,3.85,0.13177972299996554,0.0016476540000098794,0.1178125639999621,3.863715828059823,1.378695035169127,3.6865159703980668
91.67994740900002,3.9899999999999998,1.77,3.85,0.037854681999988316,0.05173747000003459,0.023922749999996995,3.8324926614411146,1.378695035169127,3.6865159703980668
91.73002445100002,3.9899999999999998,1.77,3.85,0.08793172399998639,0.10181451200003266,0.07399979199999507,3.8324926614411146,1.378695035169127,3.6865159703980668
91.78010090800001,3.9899999999999998,1.79,3.85,0.13800818099997514,0.00796322999997301,0.12407624899998382,3.8324926614411146,1.4042791745233565,3.6865159703980668
91.830239683,3.9899999999999998,1.79,3.86,0.04420724099998097,0.05810200499996654,0.030262891000006675,3.8324926614411146,1.4042791745233565,3.6969582091227373
91.880320445,3.9899999999999998,1.79,3.86,0.0942880029999742,0.10818276699995977,0.0803436529999999,3.8324926614411146,1.4042791745233565,3.6969582091227373
91.93038439399999,3.98,1.78,3.86,0.0003921489999925143,0.014267999999958647,0.13040760199999113,3.8220805852310336,1.3915099712183165,3.6969582091227373
91.980467079,3.98,1.78,3.87,0.05047483399999919,0.06435068499996532,0.03648963500000946,3.8220805852310336,1.3915099712183165,3.7073980093860976
92.030554413,3.98,1.78,3.87,0.10056216800001039,0.11443801899997652,0.08657696900002065,3.8220805852310336,1.3915099712183165,3.7073980093860976
92.080633627,3.9899999999999998,1.75,3.87,0.006568036999965443,0.020540103999962867,0.1366561830000137,3.8324926614411146,1.3529227620230209,3.7073980093860976
92.13071468499999,3.9899999999999998,1.75,3.85,0.05664909499995474,0.07062116199995216,0.042801002999965476,3.8324926614411146,1.3529227620230209,3.6865159703980668
92.18079521300001,3.9899999999999998,1.75,3.85,0.10672962299997835,0.12070168999997577,0.09288153099998908,3.8324926614411146,1.3529227620230209,3.6865159703980668
92.23091334100002,3.9899999999999998,1.77,3.85,0.01286252200003446,0.02684840599999916,0.14299965899999734,3.8324926614411146,1.378695035169127,3.6865159703980668
92.28099007399999,3.9899999999999998,1.77,3.87,0.06293925500000341,0.07692513899996811,0.0490481319999958,3.8324926614411146,1.378695035169127,3.7073980093860976
92.331071474,3.9899999999999998,1.77,3.87,0.1130206550000139,0.1270065389999786,0.09912953200000629,3.8324926614411146,1.378695035169127,3.7073980093860976
92.38114774000002,3.98,1.77,3.85,0.019149190000007366,0.03307583899999145,0.005260614999997415,3.8220805852310336,1.378695035169127,3.6865159703980668
92.43126927600002,3.98,1.77,3.85,0.06927072600001338,0.08319737499999746,0.05538215100000343,3.8220805852310336,1.378695035169127,3.6865159703980668
92.481345132,3.98,1.77,3.85,0.11934658199999149,0.13327323099997557,0.10545800699998154,3.8220805852310336,1.378695035169127,3.6865159703980668
92.53142684400001,4.01,1.79,3.85,0.025435172000015882,0.03935780000000477,0.011478655000018989,3.8533102652135343,1.4042791745233565,3.6865159703980668
92.58150843600004,4.01,1.79,3.85,0.07551676400004226,0.08943939200003115,0.061560247000045365,3.8533102652135343,1.4042791745233565,3.6865159703980668
92.63158782599999,4.01,1.79,3.85,0.12559615399999302,0.1395187819999819,0.11163963699999613,3.8533102652135343,1.4042791745233565,3.6865159703980668
92.681666592,3.98,1.77,3.85,0.03170125299999427,0.04558770299996695,0.01775561499999867,3.8220805852310336,1.378695035169127,3.6865159703980668
92.73174475799999,3.98,1.77,3.85,0.08177941899998586,0.09566586899995855,0.06783378099999027,3.8220805852310336,1.378695035169127,3.6865159703980668
92.78189223999999,3.98,1.77,3.85,0.13192690099998572,0.0018743969999945875,0.11798126299999012,3.8220805852310336,1.378695035169127,3.6865159703980668
92.83197603299999,3.98,1.77,3.86,0.038009521999981644,0.051958189999993465,0.02381303399999979,3.8220805852310336,1.378695035169127,3.6969582091227373
92.88208472100001,3.98,1.77,3.86,0.08811821000000464,0.10206687800001646,0.07392172200002278,3.8220805852310336,1.378695035169127,3.6969582091227373
92.93216332000003,3.98,1.75,3.86,0.1381968090000214,0.008156747000043651,0.12400032100003955,3.8220805852310336,1.3529227620230209,3.6969582091227373
92.98224233100001,3.9899999999999998,1.75,3.86,0.04434586700000409,0.05823575800002345,0.030075595000027988,3.8324926614411146,1.3529227620230209,3.6969582091227373
93.03232388800001,3.9899999999999998,1.75,3.86,0.0944274240000027,0.10831731500002206,0.0801571520000266,3.8324926614411146,1.3529227620230209,3.6969582091227373
93.08238970500003,3.9899999999999998,1.78,3.86,0.0004387440000073184,0.014393675000007988,0.1302229690000445,3.8324926614411146,1.3915099712183165,3.6969582091227373
93.13247241099998,3.9899999999999998,1.78,3.8400000000000003,0.05052144999996244,0.06447638099996311,0.036335277999967275,3.8324926614411146,1.3915099712183165,3.6760712724320244
93.18255625900002,3.9899999999999998,1.78,3.8400000000000003,0.10060529800000495,0.11456022900000562,0.08641912600000978,3.8324926614411146,1.3915099712183165,3.6760712724320244
93.23263132599999,3.9899999999999998,1.78,3.8400000000000003,0.15068036499997106,0.16463529599997173,0.1364941929999759,3.8324926614411146,1.3915099712183165,3.6760712724320244
93.28276113999999,3.9899999999999998,1.78,3.8400000000000003,0.20081017899997278,0.21476510999997345,0.1866240069999776,3.8324926614411146,1.3915099712183165,3.6760712724320244
93.33291192900003,3.9899999999999998,1.78,3.8400000000000003,0.2509609680000153,0.264915899000016,0.23677479600002016,3.8324926614411146,1.3915099712183165,3.6760712724320244
93.382991662,3.98,1.73,3.8400000000000003,0.013159053999970638,0.027016312999990078,0.28685452899998154,3.8220805852310336,1.3269513932318697,3.6760712724320244
93.433072369,3.98,1.73,3.85,0.06323976099997708,0.07709701999999652,0.04897840799998221,3.8220805852310336,1.3269513932318697,3.6865159703980668
93.483182263,3.98,1.73,3.85,0.11334965499997907,0.1272069139999985,0.0990883019999842,3.8220805852310336,1.3269513932318697,3.6865159703980668
93.53325989900003,3.9899999999999998,1.75,3.87,0.01912640700004431,0.03334228700003905,0.005192587999999887,3.8324926614411146,1.3529227620230209,3.7073980093860976
93.583341093,3.9899999999999998,1.75,3.87,0.06920760100001644,0.08342348100001118,0.055273781999972016,3.8324926614411146,1.3529227620230209,3.7073980093860976
93.63341603600003,3.9899999999999998,1.75,3.87,0.11928254400004334,0.13349842400003809,0.10534872499999892,3.8324926614411146,1.3529227620230209,3.7073980093860976
93.68354526500002,3.9899999999999998,1.82,3.85,0.025411768000026314,0.03961117900001909,0.011460369000019455,3.8324926614411146,1.4423245127224318,3.6865159703980668
93.73362562599999,3.9899999999999998,1.82,3.85,0.07549212899999702,0.0896915399999898,0.06154072999999016,3.8324926614411146,1.4423245127224318,3.6865159703980668
93.78370617000002,3.9899999999999998,1.82,3.85,0.12557267300002195,0.13977208400001473,0.11162127400001509,3.8324926614411146,1.4423245127224318,3.6865159703980668
93.83378626799998,4.01,1.76,3.83,0.031675128999950175,0.045932112999992114,0.01776696299998548,3.8533102652135343,1.3658330791132567,3.6656240942027867
93.88388685500001,4.01,1.76,3.83,0.08177571599998146,0.0960327000000234,0.06786755000001676,3.8533102652135343,1.3658330791132567,3.6656240942027867
93.93395613900003,4.01,1.78,3.83,0.13184499999999844,0.0021600000000034925,0.11793683400003374,3.8533102652135343,1.3915099712183165,3.6656240942027867
93.98403323299999,4.0200000000000005,1.78,3.86,0.03795015999997986,0.052237093999963236,0.023986872999955722,3.863715828059823,1.3915099712183165,3.6969582091227373
94.03411401200003,4.0200000000000005,1.78,3.86,0.08803093900002068,0.10231787300000406,0.07406765199999654,3.863715828059823,1.3915099712183165,3.6969582091227373
94.08420061600003,4.0200000000000005,1.75,3.86,0.13811754300002121,0.008401331000015944,0.12415425599999708,3.863715828059823,1.3529227620230209,3.6969582091227373
94.134279451,4.0,1.75,3.85,0.044202906000009534,0.05848016599998118,0.03029053699998485,3.842902548855487,1.3529227620230209,3.6865159703980668
94.18435651700003,4.0,1.75,3.85,0.09427997200003801,0.10855723200000966,0.08036760300001333,3.842902548855487,1.3529227620230209,3.6865159703980668
94.23442381500001,4.01,1.77,3.85,0.0003865200000063851,0.014660147000029156,0.130434901000001,3.8533102652135343,1.378695035169127,3.6865159703980668
94.28451156,4.01,1.77,3.8400000000000003,0.05047426499999119,0.06474789200001396,0.036458680000009736,3.8533102652135343,1.378695035169127,3.6760712724320244
94.334592031,4.01,1.77,3.8400000000000003,0.10055473599999232,0.11482836300001509,0.08653915100001086,3.8533102652135343,1.378695035169127,3.6760712724320244
94.384671594,4.01,1.75,3.8400000000000003,0.006619983999996748,0.020879960999991454,0.1366187140000079,3.8533102652135343,1.3529227620230209,3.6760712724320244
94.43476559999999,4.01,1.75,3.8400000000000003,0.056713989999991554,0.07097396699998626,0.042873804999999265,3.8533102652135343,1.3529227620230209,3.6760712724320244
94.48489527200002,4.01,1.75,3.8400000000000003,0.10684366200001705,0.12110363900001175,0.09300347700002476,3.8533102652135343,1.3529227620230209,3.6760712724320244
94.534974874,3.9899999999999998,1.76,3.8400000000000003,0.012961449999977503,0.02690102700000807,0.14308307900000727,3.8324926614411146,1.3658330791132567,3.6760712724320244
94.585059162,3.9899999999999998,1.76,3.85,0.06304573799997115,0.07698531500000172,0.04919502999996439,3.8324926614411146,1.3658330791132567,3.6865159703980668
94.63514066800002,3.9899999999999998,1.76,3.85,0.11312724399999752,0.12706682100002809,0.09927653599999076,3.8324926614411146,1.3658330791132567,3.6865159703980668
94.685227887,3.9899999999999998,1.78,3.86,0.019237244000009923,0.033176176999972995,0.005306587000006857,3.8324926614411146,1.3915099712183165,3.6969582091227373
94.735306621,3.9899999999999998,1.78,3.86,0.0693159780000201,0.08325491099998317,0.05538532100001703,3.8324926614411146,1.3915099712183165,3.6969582091227373
94.78538819800002,3.9899999999999998,1.78,3.86,0.11939755500003457,0.13333648799999764,0.1054668980000315,3.8324926614411146,1.3915099712183165,3.6969582091227373
94.835502351,4.0,1.77,3.85,0.02544486199997209,0.039410750000001826,0.01159864800001742,3.842902548855487,1.378695035169127,3.6865159703980668
94.885591422,4.0,1.77,3.85,0.07553393299997424,0.08949982100000398,0.06168771900001957,3.842902548855487,1.378695035169127,3.6865159703980668
94.93566968800002,4.0,1.77,3.85,0.12561219899998832,0.13957808700001806,0.11176598500003365,3.842902548855487,1.378695035169127,3.6865159703980668
94.985749199,4.0,1.76,3.85,0.0318169679999869,0.04575677899998709,0.01784581800001206,3.842902548855487,1.3658330791132567,3.6865159703980668
95.035896917,4.0,1.76,3.85,0.08196468599999207,0.09590449699999226,0.06799353600001723,3.842902548855487,1.3658330791132567,3.6865159703980668
95.08596911699999,4.0,1.82,3.85,0.1320368859999803,0.00197214599995732,0.11806573600000547,3.842902548855487,1.4423245127224318,3.6865159703980668
95.13604423499999,3.9899999999999998,1.82,3.85,0.03814726100000598,0.05204726399995252,0.024186693999979525,3.8324926614411146,1.4423245127224318,3.6865159703980668
95.186123791,3.9899999999999998,1.82,3.85,0.08822681700002022,0.10212681999996676,0.07426624999999376,3.8324926614411146,1.4423245127224318,3.6865159703980668
95.236201145,3.9899999999999998,1.77,3.85,0.13830417100001569,0.008242348000010224,0.12434360399998923,3.8324926614411146,1.378695035169127,3.6865159703980668
95.28631386400002,4.03,1.77,3.83,0.044352927000034015,0.05835506700003634,0.030450320999989344,3.8741192547468133,1.378695035169127,3.6656240942027867
95.336430656,4.03,1.77,3.83,0.094469719000017,0.10847185900001932,0.08056711299997232,3.8741192547468133,1.378695035169127,3.6656240942027867
95.38651732700004,3.9899999999999998,1.76,3.83,0.0006212290000462417,0.014547322000055374,0.13065378400000327,3.8324926614411146,1.3658330791132567,3.6656240942027867
95.43659905300001,3.9899999999999998,1.76,3.85,0.050702955000019756,0.06462904800002889,0.0368001830000253,3.8324926614411146,1.3658330791132567,3.6865159703980668
95.486680648,3.9899999999999998,1.76,3.85,0.1007845500000144,0.11471064300002354,0.08688177800001995,3.8324926614411146,1.3658330791132567,3.6865159703980668
95.53676231399999,4.0200000000000005,1.75,3.85,0.0068355369999721916,0.020769863999987592,0.1369634440000027,3.863715828059823,1.3529227620230209,3.6865159703980668
95.58688456700003,4.0200000000000005,1.75,3.85,0.056957790000012665,0.07089211700002807,0.04315701400003036,3.863715828059823,1.3529227620230209,3.6865159703980668
95.636962531,4.0200000000000005,1.75,3.85,0.10703575399998044,0.12097008099999584,0.09323497799999814,3.863715828059823,1.3529227620230209,3.6865159703980668
95.68708164000003,3.9899999999999998,1.79,3.85,0.01322582800003147,0.02716502600003423,0.14335408700003427,3.8324926614411146,1.4042791745233565,3.6865159703980668
95.73719579200002,3.9899999999999998,1.79,3.85,0.06333998000002339,0.07727917800002615,0.049457847000041966,3.8324926614411146,1.4042791745233565,3.6865159703980668
95.78727439599999,3.9899999999999998,1.79,3.85,0.11341858399998728,0.12735778199999004,0.09953645100000585,3.8324926614411146,1.4042791745233565,3.6865159703980668
95.83735039300001,4.0200000000000005,1.8,3.8400000000000003,0.019526338999980908,0.0334046269999817,0.005600628000024699,3.863715828059823,1.4170038814343453,3.6760712724320244
95.88746079200001,4.0200000000000005,1.8,3.8400000000000003,0.0696367379999856,0.08351502599998639,0.05571102700002939,3.863715828059823,1.4170038814343453,3.6760712724320244
95.937548032,4.0200000000000005,1.8,3.8400000000000003,0.1197239779999677,0.1336022659999685,0.10579826700001149,3.863715828059823,1.4170038814343453,3.6760712724320244
95.98762862500001,4.0,1.76,3.85,0.025871298000026854,0.03971567199999981,0.011961159999998472,3.842902548855487,1.3658330791132567,3.6865159703980668
96.03774460900001,4.0,1.76,3.85,0.07598728200002824,0.0898316560000012,0.06207714399999986,3.842902548855487,1.3658330791132567,3.6865159703980668
96.08787548999999,4.0,1.76,3.85,0.126118163000001,0.13996253699997396,0.11220802499997262,3.842902548855487,1.3658330791132567,3.6865159703980668
96.13798956599999,4.0,1.76,3.8400000000000003,0.03224535799995465,0.04608778199997232,0.01824505299998691,3.842902548855487,1.3658330791132567,3.6760712724320244
96.188102969,4.0,1.76,3.8400000000000003,0.08235876099996631,0.09620118499998398,0.06835845599999857,3.842902548855487,1.3658330791132567,3.6760712724320244
96.238184896,4.0,1.76,3.8400000000000003,0.13244068799997422,0.1462831119999919,0.11844038300000648,3.842902548855487,1.3658330791132567,3.6760712724320244
96.28826823600002,4.0,1.76,3.8400000000000003,0.1825240279999889,0.19636645200000657,0.16852372300002116,3.842902548855487,1.3658330791132567,3.6760712724320244
96.33834877499999,4.0,1.76,3.8400000000000003,0.23260456699995302,0.2464469909999707,0.21860426199998528,3.842902548855487,1.3658330791132567,3.6760712724320244
96.38842593700002,4.0,1.79,3.8400000000000003,0.28268172899998945,0.00860892700001159,0.2686814240000217,3.842902548855487,1.4042791745233565,3.6760712724320244
96.43850620800004,3.9899999999999998,1.79,3.8400000000000003,0.04485514300000659,0.05868919800002459,0.03045024900001181,3.8324926614411146,1.4042791745233565,3.6760712724320244
96.48859013499998,3.9899999999999998,1.79,3.8400000000000003,0.09493906999995261,0.1087731249999706,0.08053417599995782,3.8324926614411146,1.4042791745233565,3.6760712724320244
96.538659107,4.01,1.75,3.8400000000000003,0.0009809729999687988,0.014850647999992361,0.1306031479999774,3.8533102652135343,1.3529227620230209,3.6760712724320244
96.58874148300004,4.01,1.75,3.86,0.0510633490000032,0.06493302400002676,0.03677036900000985,3.8533102652135343,1.3529227620230209,3.6969582091227373
96.63886096300001,4.01,1.75,3.86,0.10118282899998121,0.11505250400000477,0.08688984899998786,3.8533102652135343,1.3529227620230209,3.6969582091227373
96.68894383500003,3.9899999999999998,1.8,3.86,0.007234021000044777,0.021145048000050792,0.13697272100000646,3.8324926614411146,1.4170038814343453,3.6969582091227373
96.73904699400003,3.9899999999999998,1.8,3.85,0.05733718000004728,0.0712482070000533,0.043085785000016585,3.8324926614411146,1.4170038814343453,3.6865159703980668
96.78916682800002,3.9899999999999998,1.8,3.85,0.10745701400003327,0.12136804100003928,0.09320561900000257,3.8324926614411146,1.4170038814343453,3.6865159703980668
96.83924128199999,4.03,1.79,3.85,0.013526771999977427,0.02747925699998177,0.14328007299997125,3.8741192547468133,1.4042791745233565,3.6865159703980668
96.88935664799999,4.03,1.79,3.8400000000000003,0.06364213799997742,0.07759462299998177,0.049517928999989635,3.8741192547468133,1.4042791745233565,3.6760712724320244
96.93947338999999,4.03,1.79,3.8400000000000003,0.11375887999997758,0.12771136499998192,0.0996346709999898,3.8741192547468133,1.4042791745233565,3.6760712724320244
96.98955669500003,4.0,1.79,3.85,0.019929839000042193,0.03387433800003237,0.005615953000017271,3.842902548855487,1.4042791745233565,3.6865159703980668
97.03965072900002,4.0,1.79,3.85,0.0700238730000251,0.08396837200001528,0.05570998700000018,3.842902548855487,1.4042791745233565,3.6865159703980668
97.089728261,4.0,1.79,3.85,0.12010140500001398,0.13404590400000416,0.10578751899998906,3.842902548855487,1.4042791745233565,3.6865159703980668
97.13986935399998,4.0,1.77,3.86,0.025917969999966317,0.04015060399996173,0.01199900799997522,3.842902548855487,1.378695035169127,3.6969582091227373
97.18999759600001,4.0,1.77,3.86,0.07604621199999428,0.0902788459999897,0.06212725000000319,3.842902548855487,1.378695035169127,3.6969582091227373
97.24007595900002,4.0,1.77,3.86,0.12612457500000573,0.14035720900000115,0.11220561300001464,3.842902548855487,1.378695035169127,3.6969582091227373
97.29015690699998,3.98,1.75,3.85,0.03216487299999926,0.046483746999967934,0.018203583999991224,3.8220805852310336,1.3529227620230209,3.6865159703980668
97.34023768200001,3.98,1.75,3.85,0.08224564800002554,0.09656452199999421,0.0682843590000175,3.8220805852310336,1.3529227620230209,3.6865159703980668
97.39031133700001,3.98,1.82,3.85,0.13231930300003114,0.0026842380000289268,0.1183580140000231,3.8220805852310336,1.4423245127224318,3.6865159703980668
97.44039339599999,4.0,1.82,3.85,0.03852369300000191,0.052766297000005125,0.024573751999980686,3.842902548855487,1.4423245127224318,3.6865159703980668
97.49047077,4.0,1.82,3.85,0.08860106700001324,0.10284367100001646,0.07465112599999202,3.842902548855487,1.4423245127224318,3.6865159703980668
97.54060216700003,4.0,1.76,3.85,0.1387324640000429,0.008871275000046808,0.12478252300002168,3.842902548855487,1.3658330791132567,3.6865159703980668
97.59068801300003,3.98,1.76,3.87,0.04475727000004781,0.058957121000048573,0.03081408799999963,3.8220805852310336,1.3658330791132567,3.7073980093860976
97.64084394100001,3.98,1.76,3.87,0.09491319800002884,0.1091130490000296,0.08097001599998066,3.8220805852310336,1.3658330791132567,3.7073980093860976
97.69086912199998,4.0,1.77,3.87,0.000944317999994837,0.01519916999995985,0.13099519699994744,3.842902548855487,1.378695035169127,3.7073980093860976
97.74099951800002,4.0,1.77,3.85,0.0510747140000376,0.06532956600000261,0.03713244100003976,3.842902548855487,1.378695035169127,3.6865159703980668
97.79112749799998,4.0,1.77,3.85,0.10120269399999415,0.11545754599995917,0.08726042099999631,3.842902548855487,1.378695035169127,3.6865159703980668
97.84124655400001,4.0200000000000005,1.83,3.85,0.007294823999984601,0.021635699999990265,0.1373794770000245,3.863715828059823,1.454922678357857,3.6865159703980668
97.891379067,4.0200000000000005,1.83,3.8400000000000003,0.057427336999978706,0.07176821299998437,0.04358451899997817,3.863715828059823,1.454922678357857,3.6760712724320244
97.941461242,4.0200000000000005,1.83,3.8400000000000003,0.10750951199997871,0.12185038799998438,0.09366669399997818,3.863715828059823,1.454922678357857,3.6760712724320244
97.99163603700003,4.0,1.78,3.8400000000000003,0.013708891000021595,0.027679212000009557,0.14384148900001037,3.842902548855487,1.3915099712183165,3.6760712724320244
98.041710738,4.0,1.78,3.86,0.06378359199999295,0.07775391299998091,0.04982432700001027,3.842902548855487,1.3915099712183165,3.6969582091227373
98.091831276,4.0,1.78,3.86,0.11390412999998034,0.1278744509999683,0.09994486499999766,3.842902548855487,1.3915099712183165,3.6969582091227373
98.14192651899998,3.9899999999999998,1.76,3.85,0.02003134499994985,0.03397502699999677,0.006165389999978288,3.8324926614411146,1.3658330791132567,3.6865159703980668
98.19205286599998,3.9899999999999998,1.76,3.85,0.07015769199995248,0.0841013739999994,0.05629173699998091,3.8324926614411146,1.3658330791132567,3.6865159703980668
98.24218377,3.9899999999999998,1.76,3.85,0.12028859599996622,0.13423227800001314,0.10642264099999466,3.8324926614411146,1.3658330791132567,3.6865159703980668
98.29231094599999,4.01,1.76,3.85,0.026391149999994923,0.040385700000001634,0.012534802000004674,3.8533102652135343,1.3658330791132567,3.6865159703980668
98.34244511399999,4.01,1.76,3.85,0.07652531799999451,0.09051986800000122,0.06266897000000426,3.8533102652135343,1.3658330791132567,3.6865159703980668
98.392546321,4.01,1.76,3.85,0.12662652500000604,0.14062107500001275,0.11277017700001579,3.8533102652135343,1.3658330791132567,3.6865159703980668
98.44267998999999,4.0200000000000005,1.78,3.85,0.032976206999990154,0.04678806099997246,0.018919537999977365,3.863715828059823,1.3915099712183165,3.6865159703980668
98.49284677100002,4.0200000000000005,1.78,3.85,0.08314298800002007,0.09695484200000237,0.06908631900000728,3.863715828059823,1.3915099712183165,3.6865159703980668
98.54291614599998,4.0200000000000005,1.76,3.85,0.13321236299998418,0.002977162999968641,0.11915569399997139,3.863715828059823,1.3658330791132567,3.6865159703980668
98.59299658700002,4.0200000000000005,1.76,3.87,0.039205320999997184,0.05305760400000281,0.025252619000013965,3.863715828059823,1.3658330791132567,3.7073980093860976
98.64312739000002,4.0200000000000005,1.76,3.87,0.08933612399999902,0.10318840700000464,0.0753834220000158,3.863715828059823,1.3658330791132567,3.7073980093860976
98.69325369300003,4.0200000000000005,1.84,3.87,0.1394624270000122,0.00935795500004133,0.125509725000029,3.863715828059823,1.4674808346278325,3.7073980093860976
98.74338984400003,4.01,1.84,3.85,0.045602965000000495,0.05949410600004512,0.03164560100003655,3.8533102652135343,1.4674808346278325,3.6865159703980668
98.79350383899998,4.01,1.84,3.85,0.09571695999994745,0.10960810099999208,0.0817595959999835,3.8533102652135343,1.4674808346278325,3.6865159703980668
98.84357540000002,4.0,1.83,3.85,0.001812336000000414,0.015678242000035425,0.1318311570000219,3.842902548855487,1.454922678357857,3.6865159703980668
98.893723911,4.0,1.83,3.8400000000000003,0.051960846999975274,0.06582675300001029,0.038047306999999364,3.842902548855487,1.454922678357857,3.6760712724320244
98.94384049199999,4.0,1.83,3.8400000000000003,0.10207742799997277,0.11594333400000778,0.08816388799999686,3.842902548855487,1.454922678357857,3.6760712724320244
98.99392128400001,4.01,1.85,3.8400000000000003,0.00826690100001315,0.022163448000014796,0.1382446800000139,3.8533102652135343,1.4800000000000002,3.6760712724320244
99.044038984,4.01,1.85,3.86,0.0583846010000002,0.07228114800000185,0.04443667199996071,3.8533102652135343,1.4800000000000002,3.6969582091227373
99.09413824300003,4.01,1.85,3.86,0.10848386000003529,0.12238040700003694,0.0945359309999958,3.8533102652135343,1.4800000000000002,3.6969582091227373
99.14420191800002,3.98,1.83,3.87,0.014534335000007559,0.028416848999995636,0.0005727879999994911,3.8220805852310336,1.454922678357857,3.7073980093860976
99.194280628,3.98,1.83,3.87,0.06461304499998732,0.0784955589999754,0.050651497999979256,3.8220805852310336,1.454922678357857,3.7073980093860976
99.24434415500002,3.98,1.83,3.87,0.11467657200000758,0.12855908599999566,0.10071502499999951,3.8220805852310336,1.454922678357857,3.7073980093860976
99.29446740100002,3.98,1.83,3.87,0.16479981800000587,0.17868233199999395,0.1508382709999978,3.8220805852310336,1.454922678357857,3.7073980093860976
99.344532308,3.98,1.83,3.87,0.214864724999984,0.22874723899997207,0.20090317799997592,3.8220805852310336,1.454922678357857,3.7073980093860976
99.394611484,3.98,1.83,3.87,0.264943900999981,0.2788264149999691,0.25098235399997293,3.8220805852310336,1.454922678357857,3.7073980093860976
99.44473804900002,3.98,1.73,3.85,0.027082255000038913,0.041070676000003914,0.01318603400000029,3.8220805852310336,1.3269513932318697,3.6865159703980668
99.494856696,3.98,1.73,3.85,0.0772009020000155,0.0911893229999805,0.06330468099997688,3.8220805852310336,1.3269513932318697,3.6865159703980668
99.54497203700004,3.98,1.73,3.85,0.1273162430000525,0.1413046640000175,0.11342002200001389,3.8220805852310336,1.3269513932318697,3.6865159703980668
99.59504616700002,4.0,1.77,3.85,0.03338999100003548,0.04738973700000315,0.019498197000018536,3.842902548855487,1.378695035169127,3.6865159703980668
99.64516207500003,4.0,1.77,3.85,0.08350589900004479,0.09750564500001246,0.06961410500002785,3.842902548855487,1.378695035169127,3.6865159703980668
99.695235362,4.0,1.78,3.85,0.13357918600001994,0.0035606380000103854,0.119687392000003,3.842902548855487,1.3915099712183165,3.6865159703980668
99.74537688200002,4.01,1.78,3.8400000000000003,0.03977321200000006,0.05370215800002143,0.025841654000032577,3.8533102652135343,1.3915099712183165,3.6760712724320244
99.79549091000001,4.01,1.78,3.8400000000000003,0.08988723999999593,0.1038161860000173,0.07595568200002845,3.8533102652135343,1.3915099712183165,3.6760712724320244
99.845560852,4.01,1.75,3.8400000000000003,0.1399571819999892,0.010005421000016668,0.1260256240000217,3.8533102652135343,1.3529227620230209,3.6760712724320244
99.89564466600001,3.9899999999999998,1.75,3.88,0.046152130999985275,0.060089235000020835,0.03184680900000103,3.8324926614411146,1.3529227620230209,3.717835391729978
99.94572940699999,3.9899999999999998,1.75,3.88,0.09623687199996311,0.11017397599999867,0.08193154999997887,3.8324926614411146,1.3529227620230209,3.717835391729978
99.99583599900001,4.0,1.76,3.88,0.0022612860000208457,0.016256766000026346,0.13203814199999897,3.842902548855487,1.3658330791132567,3.717835391729978
100.045963342,4.0,1.76,3.85,0.052388629000006404,0.0663841090000119,0.038090980999982094,3.842902548855487,1.3658330791132567,3.6865159703980668
100.09604712600003,4.0,1.76,3.85,0.10247241300004362,0.11646789300004912,0.0881747650000193,3.842902548855487,1.3658330791132567,3.6865159703980668
100.14612280900002,4.01,1.73,3.85,0.008603558999993766,0.02255763300001945,0.13825044800000796,3.8533102652135343,1.3269513932318697,3.6865159703980668
100.19621124899999,4.01,1.73,3.86,0.05869199899996147,0.07264607299998715,0.044483139999954346,3.8533102652135343,1.3269513932318697,3.6969582091227373
100.24629006999999,4.01,1.73,3.86,0.10877081999996108,0.12272489399998676,0.09456196099995395,3.8533102652135343,1.3269513932318697,3.6969582091227373
100.29635304300001,4.01,1.75,3.86,0.014913611999986642,0.028779649000000518,0.0006163969999875007,3.8533102652135343,1.3529227620230209,3.6969582091227373
100.34642989000002,4.01,1.75,3.86,0.06499045900000056,0.07885649600001443,0.050693244000001414,3.8533102652135343,1.3529227620230209,3.6969582091227373
100.39649835,4.01,1.75,3.86,0.11505891899997778,0.12892495599999165,0.10076170399997864,3.8533102652135343,1.3529227620230209,3.6969582091227373
100.44660543999998,3.98,1.75,3.8400000000000003,0.02119318399996928,0.03505800499999623,0.006872479999969983,3.8220805852310336,1.3529227620230209,3.6760712724320244
100.496727438,3.98,1.75,3.8400000000000003,0.071315181999978,0.08518000300000494,0.0569944779999787,3.8220805852310336,1.3529227620230209,3.6760712724320244
100.54687681299998,3.98,1.75,3.8400000000000003,0.1214645569999675,0.13532937799999445,0.1071438529999682,3.8220805852310336,1.3529227620230209,3.6760712724320244
100.59695142600003,4.0,1.79,3.8400000000000003,0.027216859000020577,0.041380616000026293,0.15721846600001754,3.842902548855487,1.4042791745233565,3.6760712724320244
100.64703981000002,4.0,1.79,3.8400000000000003,0.07730524300001207,0.09146900000001779,0.20730685000000904,3.842902548855487,1.4042791745233565,3.6760712724320244
100.69712050999999,4.0,1.79,3.8400000000000003,0.12738594299997885,0.14154969999998457,0.2573875499999758,3.842902548855487,1.4042791745233565,3.6760712724320244
100.74727720100003,4.0,1.79,3.8400000000000003,0.17754263400001946,0.19170639100002518,0.3075442410000164,3.842902548855487,1.4042791745233565,3.6760712724320244
100.797365119,4.0,1.79,3.8400000000000003,0.2276305519999937,0.24179430899999943,0.3576321589999907,3.842902548855487,1.4042791745233565,3.6760712724320244
100.84744091700003,4.0,1.8,3.8400000000000003,0.27770635000001676,0.003894873000035659,0.4077079570000137,3.842902548855487,1.4170038814343453,3.6760712724320244
100.89752512299998,3.98,1.8,3.85,0.03982907299996441,0.053979078999986996,0.025863716999992903,3.8220805852310336,1.4170038814343453,3.6865159703980668
100.94761079800003,3.98,1.8,3.85,0.08991474800001242,0.10406475400003501,0.07594939200004092,3.8220805852310336,1.4170038814343453,3.6865159703980668
100.997681967,3.98,1.79,3.85,0.13998591699998997,0.010277791000021352,0.12602056100001846,3.8220805852310336,1.4042791745233565,3.6865159703980668
101.04781533800002,3.9899999999999998,1.79,3.86,0.046133830000030684,0.06041116200003671,0.03222840900002666,3.8324926614411146,1.4042791745233565,3.6969582091227373
101.09793864599999,3.9899999999999998,1.79,3.86,0.09625713799999858,0.1105344700000046,0.08235171699999455,3.8324926614411146,1.4042791745233565,3.6969582091227373
101.14802385500002,3.98,1.75,3.86,0.0022615359999917928,0.01655492800000502,0.13243692600002532,3.8220805852310336,1.3529227620230209,3.6969582091227373
101.198100598,3.98,1.75,3.85,0.05233827899996868,0.0666316709999819,0.03843023999996831,3.8220805852310336,1.3529227620230209,3.6865159703980668
101.24823770400002,3.98,1.75,3.85,0.10247538499999109,0.11676877700000432,0.08856734599999072,3.8220805852310336,1.3529227620230209,3.6865159703980668
101.298319279,4.01,1.72,3.85,0.008602564000000257,0.022471558000006553,0.1386489209999695,3.8533102652135343,1.3138873619911258,3.6865159703980668
101.348433269,4.01,1.72,3.86,0.05871655400000009,0.07258554800000638,0.044796832999963954,3.8533102652135343,1.3138873619911258,3.6969582091227373
101.398520453,4.01,1.72,3.86,0.10880373800000598,0.12267273200001227,0.09488401699996984,3.8533102652135343,1.3138873619911258,3.6969582091227373
101.44858368900003,3.9899999999999998,1.79,3.85,0.014908583000021736,0.029193109000004824,0.0010010760000227492,3.8324926614411146,1.4042791745233565,3.6865159703980668
101.498707631,3.9899999999999998,1.79,3.85,0.06503252499999235,0.07931705099997544,0.05112501799999336,3.8324926614411146,1.4042791745233565,3.6865159703980668
101.54877755799998,3.9899999999999998,1.79,3.85,0.11510245199997371,0.1293869779999568,0.10119494499997472,3.8324926614411146,1.4042791745233565,3.6865159703980668
101.59890038000003,4.0,1.76,3.85,0.02122493500002065,0.03517585400004464,0.007334011000011742,3.842902548855487,1.3658330791132567,3.6865159703980668
101.649029837,4.0,1.76,3.85,0.07135439199998928,0.08530531100001326,0.05746346799998037,3.842902548855487,1.3658330791132567,3.6865159703980668
101.69916281400003,4.0,1.76,3.85,0.12148736900002177,0.13543828800004576,0.10759644500001286,3.842902548855487,1.3658330791132567,3.6865159703980668
101.74929598599999,4.01,1.86,3.85,0.027630619999968076,0.04159001699997589,0.013790116999985003,3.8533102652135343,1.49248115565993,3.6865159703980668
101.79937464200003,4.01,1.86,3.85,0.07770927600000732,0.09166867300001513,0.06386877300002425,3.8533102652135343,1.49248115565993,3.6865159703980668
101.84950153699998,4.01,1.86,3.85,0.1278361709999558,0.14179556799996362,0.11399566799997274,3.8533102652135343,1.49248115565993,3.6865159703980668
101.89963177499999,4.0,1.75,3.88,0.034005109999952765,0.04793831999995746,0.02007904699996743,3.842902548855487,1.3529227620230209,3.717835391729978
101.94972086400003,4.0,1.75,3.88,0.08409419899999193,0.09802740899999662,0.0701681360000066,3.842902548855487,1.3529227620230209,3.717835391729978
101.99979908800003,4.0,1.83,3.88,0.13417242299999543,0.004177412000046843,0.1202463600000101,3.842902548855487,1.454922678357857,3.717835391729978
102.04992259300002,3.9899999999999998,1.83,3.8400000000000003,0.04035334100001364,0.05430091700003459,0.026406710000003386,3.8324926614411146,1.454922678357857,3.6760712724320244
102.10004226500001,3.9899999999999998,1.83,3.8400000000000003,0.09047301300000754,0.10442058900002849,0.07652638199999728,3.8324926614411146,1.454922678357857,3.6760712724320244
102.150173118,3.9899999999999998,1.78,3.8400000000000003,0.1406038659999922,0.010559005000004618,0.12665723499998194,3.8324926614411146,1.3915099712183165,3.6760712724320244
102.20030833200002,3.9899999999999998,1.78,3.87,0.04676851100003887,0.060694219000026806,0.0328004120000287,3.8324926614411146,1.3915099712183165,3.7073980093860976
102.25039580100002,3.9899999999999998,1.78,3.87,0.09685598000004347,0.11078168800003141,0.0828878810000333,3.8324926614411146,1.3915099712183165,3.7073980093860976
102.30053226900003,3.9899999999999998,1.78,3.87,0.14699244800004863,0.16091815600003656,0.13302434900003846,3.8324926614411146,1.3915099712183165,3.7073980093860976
102.350683688,3.9899999999999998,1.78,3.87,0.1971438670000225,0.21106957500001045,0.18317576800001234,3.8324926614411146,1.3915099712183165,3.7073980093860976
102.40083486500004,3.9899999999999998,1.78,3.87,0.24729504400005453,0.26122075200004247,0.23332694500004436,3.8324926614411146,1.3915099712183165,3.7073980093860976
102.45097251300001,4.0,1.8,3.87,0.009414304000017637,0.023337766999986798,0.28346459300001925,3.842902548855487,1.4170038814343453,3.7073980093860976
102.50110169800001,4.0,1.8,3.86,0.0595434890000206,0.07346695199998976,0.04567835800003195,3.842902548855487,1.4170038814343453,3.6969582091227373
102.55122850499998,4.0,1.8,3.86,0.10967029599999023,0.12359375899995939,0.09580516500000158,3.842902548855487,1.4170038814343453,3.6969582091227373
102.601315935,4.0200000000000005,1.78,3.87,0.015798942000003535,0.029741290999993453,0.001881583999988834,3.863715828059823,1.3915099712183165,3.7073980093860976
102.65140753999998,4.0200000000000005,1.78,3.87,0.06589054699998087,0.07983289599997079,0.05197318899996617,3.863715828059823,1.3915099712183165,3.7073980093860976
102.70150450599999,4.0200000000000005,1.78,3.87,0.11598751299999321,0.12992986199998313,0.10207015499997851,3.863715828059823,1.3915099712183165,3.7073980093860976
102.751616872,3.98,1.79,3.85,0.02211890199998834,0.03601594299999533,0.00822517000000289,3.8220805852310336,1.4042791745233565,3.6865159703980668
102.80171708800003,3.98,1.79,3.85,0.0722191180000209,0.08611615900002789,0.05832538600003545,3.8220805852310336,1.4042791745233565,3.6865159703980668
102.85183591700002,3.98,1.79,3.85,0.12233794700000544,0.13623498800001244,0.10844421500002,3.8220805852310336,1.4042791745233565,3.6865159703980668
102.90196497700003,3.9899999999999998,1.8,3.85,0.02849060700003747,0.04245419600005107,0.014601663000007647,3.8324926614411146,1.4170038814343453,3.6865159703980668
102.95208902500002,3.9899999999999998,1.8,3.85,0.07861465500002396,0.09257824400003756,0.06472571099999413,3.8324926614411146,1.4170038814343453,3.6865159703980668
103.00217421899998,3.9899999999999998,1.8,3.85,0.128699848999986,0.1426634379999996,0.11481090499995616,3.8324926614411146,1.4170038814343453,3.6865159703980668
103.052301924,3.9899999999999998,1.82,3.86,0.03487229899997146,0.04882784099999071,0.020930755999984285,3.8324926614411146,1.4423245127224318,3.6969582091227373
103.10243455599999,3.9899999999999998,1.82,3.86,0.08500493099995765,0.0989604729999769,0.07106338799997047,3.8324926614411146,1.4423245127224318,3.6969582091227373
103.15258444599999,3.9899999999999998,1.8,3.86,0.1351548209999578,0.005093488999989404,0.12121327799997061,3.8324926614411146,1.4170038814343453,3.6969582091227373
103.20271389999999,4.0,1.8,3.86,0.04132615299999998,0.055222942999989755,0.027382966999994096,3.842902548855487,1.4170038814343453,3.6969582091227373
103.25284710900002,4.0,1.8,3.86,0.09145936200002325,0.10535615200001303,0.07751617600001737,3.842902548855487,1.4170038814343453,3.6969582091227373
103.30297631299999,4.0,1.78,3.86,0.1415885659999958,0.011470226999961142,0.12764537999998993,3.842902548855487,1.3915099712183165,3.6969582091227373
103.353059696,3.98,1.78,3.85,0.04765289499999881,0.061553609999975833,0.03375953799996978,3.8220805852310336,1.3915099712183165,3.6865159703980668
103.40313979500002,3.98,1.78,3.85,0.09773299400001179,0.11163370899998881,0.08383963699998276,3.8220805852310336,1.3915099712183165,3.6865159703980668
103.45321799300001,4.0,1.76,3.85,0.003817078999986734,0.017794287000015174,0.133917834999977,3.842902548855487,1.3658330791132567,3.6865159703980668
103.50329623100004,4.0,1.76,3.85,0.05389531700001271,0.06787252500004115,0.03969036100005496,3.842902548855487,1.3658330791132567,3.6865159703980668
103.55341541500002,4.0,1.76,3.85,0.10401450099999465,0.11799170900002309,0.0898095450000369,3.842902548855487,1.3658330791132567,3.6865159703980668
103.60352921000003,4.01,1.77,3.85,0.010183695000023363,0.024114840000038384,0.13992334000005258,3.8533102652135343,1.378695035169127,3.6865159703980668
103.65366616200004,4.01,1.77,3.85,0.06032064700002593,0.07425179200004095,0.04603750700005094,3.8533102652135343,1.378695035169127,3.6865159703980668
103.70374632700003,4.01,1.77,3.85,0.11040081200002305,0.12433195700003807,0.09611767200004806,3.8533102652135343,1.378695035169127,3.6865159703980668
103.753885088,4.01,1.79,3.85,0.1605395729999941,0.030421016999980566,0.0022896880000189412,3.8533102652135343,1.4042791745233565,3.6865159703980668
103.803986571,4.01,1.79,3.85,0.21064105599998584,0.0805224999999723,0.05239117100001067,3.8533102652135343,1.4042791745233565,3.6865159703980668
103.854066509,4.01,1.79,3.85,0.26072099399999615,0.1306024379999826,0.10247110900002099,3.8533102652135343,1.4042791745233565,3.6865159703980668
103.90414593500003,4.01,1.75,3.85,0.31080042000002095,0.03677008800002568,0.008624552000014774,3.8533102652135343,1.3529227620230209,3.6865159703980668
103.954259508,4.01,1.75,3.85,0.36091399299999694,0.08688366100000167,0.05873812499999076,3.8533102652135343,1.3529227620230209,3.6865159703980668
104.00437409900002,4.01,1.75,3.85,0.4110285840000074,0.13699825200001214,0.10885271600000124,3.8533102652135343,1.3529227620230209,3.6865159703980668
104.05449063200001,4.0,1.82,3.85,0.02920746600000257,0.04311381100001199,0.014972118000002865,3.842902548855487,1.4423245127224318,3.6865159703980668
104.10460272199998,4.0,1.82,3.85,0.07931955599997309,0.09322590099998251,0.06508420799997339,3.842902548855487,1.4423245127224318,3.6865159703980668
104.154719172,4.0,1.82,3.85,0.12943600599999172,0.14334235100000114,0.11520065799999202,3.842902548855487,1.4423245127224318,3.6865159703980668
104.20486040100002,3.9899999999999998,1.77,3.85,0.035634361999996145,0.04954160500000171,0.021368332999998074,3.8324926614411146,1.378695035169127,3.6865159703980668
104.254974221,3.9899999999999998,1.77,3.85,0.0857481819999748,0.09965542499998037,0.07148215299997673,3.8324926614411146,1.378695035169127,3.6865159703980668
104.30508434000001,3.9899999999999998,1.77,3.85,0.13585830099998475,0.005768896000006407,0.12159227199998668,3.8324926614411146,1.378695035169127,3.6865159703980668
104.35516552900003,3.98,1.77,3.86,0.04163180700004432,0.05585008500003141,0.02766467300000386,3.8220805852310336,1.378695035169127,3.6969582091227373
104.40524488200003,3.98,1.77,3.86,0.09171116000004531,0.1059294380000324,0.07774402600000485,3.8220805852310336,1.378695035169127,3.6969582091227373
104.45533039200001,3.98,1.83,3.86,0.14179667000001928,0.01204250799997908,0.12782953599997882,3.8220805852310336,1.454922678357857,3.6969582091227373
104.50541073700003,4.0,1.83,3.86,0.047825359000000844,0.06212285300000531,0.033921612000028745,3.842902548855487,1.454922678357857,3.6969582091227373
104.55553133199999,4.0,1.83,3.86,0.09794595399995387,0.11224344799995833,0.08404220699998177,3.842902548855487,1.454922678357857,3.6969582091227373
104.60564567699998,4.0,1.76,3.86,0.00405651999994916,0.018328323999980967,0.134156551999979,3.842902548855487,1.3658330791132567,3.6969582091227373
104.65577097300002,4.0,1.76,3.86,0.054181815999982064,0.06845362000001387,0.04022442400003001,3.842902548855487,1.3658330791132567,3.6969582091227373
104.70588414500003,4.0,1.76,3.86,0.10429498799999237,0.11856679200002418,0.09033759600004032,3.842902548855487,1.3658330791132567,3.6969582091227373
104.75598974299999,4.0,1.77,3.86,0.010528886999964016,0.024730256999987432,0.1404431939999995,3.842902548855487,1.378695035169127,3.6969582091227373
104.80606700200002,4.0,1.77,3.85,0.06060614599999781,0.07480751600002122,0.046654881999984354,3.842902548855487,1.378695035169127,3.6865159703980668
104.85619334,4.0,1.77,3.85,0.11073248399998192,0.12493385400000534,0.09678121999996847,3.842902548855487,1.378695035169127,3.6865159703980668
104.90626130800001,4.0,1.79,3.87,0.01674746700001606,0.03104417600002307,0.0028485670000009122,3.842902548855487,1.4042791745233565,3.7073980093860976
104.95634114,4.0,1.79,3.87,0.0668272990000105,0.08112400800001751,0.05292839899999535,3.842902548855487,1.4042791745233565,3.7073980093860976
105.00641294600001,4.0,1.79,3.87,0.11689910500001588,0.1311958140000229,0.10300020500000073,3.842902548855487,1.4042791745233565,3.7073980093860976
105.05651502500001,4.0,1.8,3.86,0.023096697000028144,0.03689275300001782,0.00909163000000035,3.842902548855487,1.4170038814343453,3.6969582091227373
105.10661688599998,4.0,1.8,3.86,0.07319855800000141,0.08699461399999109,0.05919349099997362,3.842902548855487,1.4170038814343453,3.6969582091227373
105.156710396,4.0,1.8,3.86,0.12329206800001202,0.1370881240000017,0.10928700099998423,3.842902548855487,1.4170038814343453,3.6969582091227373
105.20684426399998,4.0,1.73,3.86,0.029344104999950105,0.043345588999955,0.01547623799996245,3.842902548855487,1.3269513932318697,3.6969582091227373
105.256924223,4.0,1.73,3.86,0.07942406399996571,0.0934255479999706,0.06555619699997806,3.842902548855487,1.3269513932318697,3.6969582091227373
105.30700317200001,4.0,1.73,3.86,0.1295030129999759,0.1435044969999808,0.11563514599998825,3.842902548855487,1.3269513932318697,3.6969582091227373
105.35712104499999,4.0,1.73,3.86,0.1796208859999524,0.1936223699999573,0.16575301899996475,3.842902548855487,1.3269513932318697,3.6969582091227373
105.40722373099999,4.0,1.73,3.86,0.22972357199995486,0.24372505599995975,0.2158557049999672,3.842902548855487,1.3269513932318697,3.6969582091227373
105.45734525900002,4.0,1.77,3.86,0.27984509999998863,0.005857681999998476,0.265977233000001,3.842902548855487,1.378695035169127,3.6969582091227373
105.50745740100001,3.9899999999999998,1.77,3.85,0.04207350899997664,0.05596982399998751,0.028104986000016652,3.8324926614411146,1.378695035169127,3.6865159703980668
105.55757616400001,3.9899999999999998,1.77,3.85,0.09219227199997704,0.10608858699998791,0.07822374900001705,3.8324926614411146,1.378695035169127,3.6865159703980668
105.607655669,3.9899999999999998,1.75,3.85,0.14227177699996219,0.012191986000004817,0.1283032540000022,3.8324926614411146,1.3529227620230209,3.6865159703980668
105.65774722399999,4.0200000000000005,1.75,3.8400000000000003,0.048387762000004386,0.06228354099999933,0.034437021999963235,3.863715828059823,1.3529227620230209,3.6760712724320244
105.70788890400001,4.0200000000000005,1.75,3.8400000000000003,0.09852944200002867,0.11242522100002361,0.08457870199998752,3.863715828059823,1.3529227620230209,3.6760712724320244
105.757962163,3.9899999999999998,1.79,3.8400000000000003,0.004588157000000592,0.01846269800000755,0.13465196099997456,3.8324926614411146,1.4042791745233565,3.6760712724320244
105.80806523500002,3.9899999999999998,1.79,3.85,0.054691229000013664,0.06856577000002062,0.04076974700001301,3.8324926614411146,1.4042791745233565,3.6865159703980668
105.85819502300001,3.9899999999999998,1.79,3.85,0.10482101700000612,0.11869555800001308,0.09089953500000547,3.8324926614411146,1.4042791745233565,3.6865159703980668
105.90827538600001,4.01,1.75,3.85,0.010942634999992151,0.024824292000005244,0.14097989800001187,3.8533102652135343,1.3529227620230209,3.6865159703980668
105.958394366,4.01,1.75,3.85,0.061061614999971425,0.07494327199998452,0.04716295299999729,3.8533102652135343,1.3529227620230209,3.6865159703980668
106.00851155600003,4.01,1.75,3.85,0.11117880500000865,0.12506046200002174,0.09728014300003451,3.8533102652135343,1.3529227620230209,3.6865159703980668
106.05858875500002,4.0,1.79,3.86,0.017225983999992422,0.031136565999986487,0.0033182619999934104,3.842902548855487,1.4042791745233565,3.6969582091227373
106.108668959,4.0,1.79,3.86,0.06730618799997501,0.08121676999996907,0.053398465999976,3.842902548855487,1.4042791745233565,3.6969582091227373
106.15874186600001,4.0,1.79,3.86,0.11737909499998977,0.13128967699998384,0.10347137299999076,3.842902548855487,1.4042791745233565,3.6969582091227373
106.20888738299999,4.01,1.82,3.86,0.0235624649999977,0.03749901899999486,0.009673934999966605,3.8533102652135343,1.4423245127224318,3.6969582091227373
106.25899053199998,4.01,1.82,3.86,0.07366561399999227,0.08760216799998943,0.05977708399996118,3.8533102652135343,1.4423245127224318,3.6969582091227373
106.30910422700003,4.01,1.82,3.86,0.1237793090000423,0.13771586300003946,0.10989077900001121,3.8533102652135343,1.4423245127224318,3.6969582091227373
106.359183771,4.01,1.75,3.85,0.029882617999987815,0.043847124000023996,0.015968659999998636,3.8533102652135343,1.3529227620230209,3.6865159703980668
106.409265629,4.01,1.75,3.85,0.07996447599998646,0.09392898200002264,0.06605051799999728,3.8533102652135343,1.3529227620230209,3.6865159703980668
106.459356399,4.01,1.78,3.85,0.13005524599998353,2.3316000010709104e-05,0.11614128799999435,3.8533102652135343,1.3915099712183165,3.6865159703980668
106.50948774400001,4.0,1.78,3.86,0.036247374000026866,0.05015466100002186,0.022267847000023266,3.842902548855487,1.3915099712183165,3.6969582091227373
106.55956750600001,4.0,1.78,3.86,0.08632713600002262,0.10023442300001761,0.07234760900001902,3.842902548855487,1.3915099712183165,3.6969582091227373
106.609645183,4.0,1.75,3.86,0.13640481300001284,0.0063049689999843395,0.12242528600000924,3.842902548855487,1.3529227620230209,3.6969582091227373
106.659728062,3.9899999999999998,1.75,3.8400000000000003,0.0424517199999741,0.05638784799998575,0.02859216399997422,3.8324926614411146,1.3529227620230209,3.6760712724320244
106.709873109,3.9899999999999998,1.75,3.8400000000000003,0.09259676699997499,0.10653289499998664,0.0787372109999751,3.8324926614411146,1.3529227620230209,3.6760712724320244
106.75995302299998,3.9899999999999998,1.8,3.8400000000000003,0.1426766809999549,0.012617796999961683,0.128817124999955,3.8324926614411146,1.4170038814343453,3.6760712724320244
106.81003508000003,4.03,1.8,3.87,0.048801879000052395,0.06269985400001588,0.03487254800000983,3.8741192547468133,1.4170038814343453,3.7073980093860976
106.860114259,4.03,1.8,3.87,0.09888105800001767,0.11277903299998115,0.08495172699997511,3.8741192547468133,1.4170038814343453,3.7073980093860976
106.91020643000002,4.0,1.79,3.87,0.004969221000010293,0.01889132299999119,0.13504389799999217,3.842902548855487,1.4042791745233565,3.7073980093860976
106.96027094700003,4.0,1.79,3.86,0.055033738000020094,0.06895584000000099,0.04081269800002474,3.842902548855487,1.4042791745233565,3.6969582091227373
107.01035213900002,4.0,1.79,3.86,0.10511493000001337,0.11903703199999427,0.09089389000001802,3.842902548855487,1.4042791745233565,3.6969582091227373
107.06043414300001,3.98,1.74,3.86,0.011236128999996708,0.025129744000025767,0.14097589400000743,3.8220805852310336,1.3399626860476377,3.6969582091227373
107.11055979600002,3.98,1.74,3.85,0.06136178200000586,0.07525539700003492,0.0471060230000262,3.8220805852310336,1.3399626860476377,3.6865159703980668
107.16064023500002,3.98,1.74,3.85,0.11144222100000434,0.1253358360000334,0.09718646200002468,3.8220805852310336,1.3399626860476377,3.6865159703980668
107.21071590600002,3.9899999999999998,1.77,3.8400000000000003,0.01750221100002136,0.03144820400001436,0.00329673900000671,3.8324926614411146,1.378695035169127,3.6760712724320244
107.260798776,3.9899999999999998,1.77,3.8400000000000003,0.06758508100000427,0.08153107399999726,0.053379608999989614,3.8324926614411146,1.378695035169127,3.6760712724320244
107.31087551299998,3.9899999999999998,1.77,3.8400000000000003,0.11766181799998776,0.13160781099998076,0.10345634599997311,3.8324926614411146,1.378695035169127,3.6760712724320244
107.36095291600003,4.0200000000000005,1.78,3.86,0.02380417500000931,0.03770195700002432,0.009526791000041612,3.863715828059823,1.3915099712183165,3.6969582091227373
107.41102824199999,4.0200000000000005,1.78,3.86,0.07387950099996488,0.08777728299997989,0.05960211699999718,3.863715828059823,1.3915099712183165,3.6969582091227373
107.46110583000001,4.0200000000000005,1.78,3.86,0.12395708899998681,0.13785487100000182,0.10967970500001911,3.863715828059823,1.3915099712183165,3.6969582091227373
107.51122555400002,3.98,1.82,3.85,0.03012955899998815,0.044055683000010504,0.015895798000030936,3.8220805852310336,1.4423245127224318,3.6865159703980668
107.56131220700001,3.98,1.82,3.85,0.08021621199998208,0.09414233600000443,0.06598245100002487,3.8220805852310336,1.4423245127224318,3.6865159703980668
107.61137922800003,3.98,1.85,3.85,0.1302832330000001,0.00020866300002353455,0.1160494720000429,3.8220805852310336,1.4800000000000002,3.6865159703980668
107.66146298300004,3.98,1.85,3.87,0.03631031800000528,0.05029241800002637,0.022049014000003808,3.8220805852310336,1.4800000000000002,3.7073980093860976
107.71154124999998,3.98,1.85,3.87,0.08638858499995195,0.10037068499997304,0.07212728099995047,3.8220805852310336,1.4800000000000002,3.7073980093860976
107.76167441500002,3.98,1.84,3.87,0.1365217499999858,0.006474416999992627,0.12226044599998431,3.8220805852310336,1.4674808346278325,3.7073980093860976
107.81175496000003,4.0,1.84,3.85,0.04235678600002757,0.05655496200000698,0.02839266200004431,3.842902548855487,1.4674808346278325,3.6865159703980668
107.861878601,4.0,1.84,3.85,0.09248042699999814,0.10667860299997756,0.07851630300001489,3.842902548855487,1.4674808346278325,3.6865159703980668
107.91200569,4.0,1.8,3.85,0.1426075159999982,0.012844002999997883,0.12864339200001496,3.842902548855487,1.4170038814343453,3.6865159703980668
107.962108693,4.0,1.8,3.85,0.0487165420000224,0.06294700600000169,0.03479390699999385,3.842902548855487,1.4170038814343453,3.6865159703980668
108.01218617800004,4.0,1.8,3.85,0.09879402700005357,0.11302449100003287,0.08487139200002503,3.842902548855487,1.4170038814343453,3.6865159703980668
108.06226048299999,4.0,1.75,3.85,0.004907099999968523,0.019121098999960395,0.13494569699997783,3.842902548855487,1.3529227620230209,3.6865159703980668
108.11234036400003,4.0,1.75,3.85,0.0549869810000132,0.06920098000000507,0.04106326400000171,3.842902548855487,1.3529227620230209,3.6865159703980668
108.16246424799999,4.0,1.75,3.85,0.10511086499997191,0.11932486399996378,0.09118714799996042,3.842902548855487,1.3529227620230209,3.6865159703980668
108.21254376400003,4.0,1.76,3.85,0.011133230000041294,0.025475972000037928,0.14126666399999976,3.842902548855487,1.3658330791132567,3.6865159703980668
108.26265865800002,4.0,1.76,3.86,0.06124812400003066,0.07559086600002729,0.04739925600000561,3.842902548855487,1.3658330791132567,3.6969582091227373
108.31273841300003,4.0,1.76,3.86,0.1113278790000436,0.12567062100004023,0.09747901100001855,3.842902548855487,1.3658330791132567,3.6969582091227373
108.36283767100002,4.0,1.76,3.86,0.16142713700003242,0.17576987900002905,0.14757826900000737,3.842902548855487,1.3658330791132567,3.6969582091227373
108.412955512,4.0,1.76,3.86,0.21154497800000627,0.2258877200000029,0.19769610999998122,3.842902548855487,1.3658330791132567,3.6969582091227373
108.46304173300001,4.0,1.76,3.86,0.2616311990000213,0.27597394100001793,0.24778233099999625,3.842902548855487,1.3658330791132567,3.6969582091227373
108.51316064899999,4.01,1.85,3.85,0.02386606599998231,0.03811127500000566,0.009948286999986067,3.8533102652135343,1.4800000000000002,3.6865159703980668
108.56327583300003,4.01,1.85,3.85,0.0739812500000312,0.08822645900005455,0.06006347100003495,3.8533102652135343,1.4800000000000002,3.6865159703980668
108.61340920100002,4.01,1.85,3.85,0.12411461800002144,0.1383598270000448,0.11019683900002519,3.8533102652135343,1.4800000000000002,3.6865159703980668
108.663489545,4.0,1.77,3.8400000000000003,0.030198294000001624,0.044147970999972586,0.016275339999992866,3.842902548855487,1.378695035169127,3.6760712724320244
108.71358265700002,4.0,1.77,3.8400000000000003,0.08029140600001483,0.09424108299998579,0.06636845200000607,3.842902548855487,1.378695035169127,3.6760712724320244
108.76368952199999,4.0,1.76,3.8400000000000003,0.13039827099999002,0.0003450620000080562,0.11647531699998126,3.842902548855487,1.3658330791132567,3.6760712724320244
108.813814127,4.0,1.76,3.85,0.03650986999997485,0.05046966700001576,0.022640039999998862,3.842902548855487,1.3658330791132567,3.6865159703980668
108.86388897800003,4.0,1.76,3.85,0.08658472100000836,0.10054451800004927,0.07271489100003237,3.842902548855487,1.3658330791132567,3.6865159703980668
108.91396431800001,4.0,1.75,3.85,0.1366600609999864,0.006654592000018056,0.12279023100001041,3.842902548855487,1.3529227620230209,3.6865159703980668
108.964044264,4.0,1.75,3.85,0.042838495000012244,0.05673453800000061,0.02890672899997071,3.842902548855487,1.3529227620230209,3.6865159703980668
109.01412271800001,4.0,1.75,3.85,0.09291694900002767,0.10681299200001604,0.07898518299998614,3.842902548855487,1.3529227620230209,3.6865159703980668
109.06420273600003,4.0,1.78,3.85,0.1429969670000446,0.012903103000041938,0.12906520100000307,3.842902548855487,1.3915099712183165,3.6865159703980668
109.11428129199999,3.98,1.78,3.85,0.049069192999979805,0.06298165900000186,0.03512963899999022,3.8220805852310336,1.3915099712183165,3.6865159703980668
109.164363638,3.98,1.78,3.85,0.09915153899999041,0.11306400500001246,0.08521198500000082,3.8220805852310336,1.3915099712183165,3.6865159703980668
109.21443899899998,4.01,1.82,3.85,0.005282252999961656,0.019191183999964778,0.13528734599998415,3.8533102652135343,1.4423245127224318,3.6865159703980668
109.264552719,4.01,1.82,3.86,0.055395972999974674,0.0693049039999778,0.04144420599999421,3.8533102652135343,1.4423245127224318,3.6969582091227373
109.31466628499999,4.01,1.82,3.86,0.10550953899996784,0.11941846999997097,0.09155777199998738,3.8533102652135343,1.4423245127224318,3.6969582091227373
109.36474693000002,3.9899999999999998,1.74,3.86,0.011603856000022006,0.02547530800001141,0.14163841700002422,3.8324926614411146,1.3399626860476377,3.6969582091227373
109.414864728,3.9899999999999998,1.74,3.85,0.06172165399999585,0.07559310599998526,0.047772167000005084,3.8324926614411146,1.3399626860476377,3.6865159703980668
109.46497525900003,3.9899999999999998,1.74,3.85,0.11183218500002567,0.12570363700001508,0.0978826980000349,3.8324926614411146,1.3399626860476377,3.6865159703980668
109.51505448500001,4.0,1.77,3.87,0.01791229499997371,0.03184135300000435,0.003950791000022491,3.842902548855487,1.378695035169127,3.7073980093860976
109.56513980699998,4.0,1.77,3.87,0.06799761699994633,0.08192667499997697,0.05403611299999511,3.842902548855487,1.378695035169127,3.7073980093860976
109.61521493800001,4.0,1.77,3.87,0.11807274799997458,0.13200180600000522,0.10411124400002336,3.842902548855487,1.378695035169127,3.7073980093860976
109.66529487700001,3.9899999999999998,1.83,3.85,0.024163884000017788,0.0380569789999754,0.010214280000013787,3.8324926614411146,1.454922678357857,3.6865159703980668
109.71539213800003,3.9899999999999998,1.83,3.85,0.07426114500003678,0.08815423999999439,0.060311541000032776,3.8324926614411146,1.454922678357857,3.6865159703980668
109.76547217699999,3.9899999999999998,1.83,3.85,0.12434118400000216,0.13823427899995977,0.11039157999999816,3.8324926614411146,1.454922678357857,3.6865159703980668
109.81555046599999,3.9899999999999998,1.78,3.85,0.030376461999992443,0.04438727799998787,0.016442514999994273,3.8324926614411146,1.3915099712183165,3.6865159703980668
109.865630404,3.9899999999999998,1.78,3.85,0.08045640000000276,0.09446721599999819,0.06652245300000459,3.8324926614411146,1.3915099712183165,3.6865159703980668
109.91569835900003,3.9899999999999998,1.82,3.85,0.13052435500003412,0.0005277210000258492,0.11659040800003595,3.8324926614411146,1.4423245127224318,3.6865159703980668
109.96577860500003,4.0200000000000005,1.82,3.85,0.03669033500000296,0.050607967000019016,0.022671494000007897,3.863715828059823,1.4423245127224318,3.6865159703980668
110.01589826100002,4.0200000000000005,1.82,3.85,0.08680999099999553,0.10072762300001159,0.07279115000000047,3.863715828059823,1.4423245127224318,3.6865159703980668
110.06597506600002,4.0200000000000005,1.83,3.85,0.13688679599999887,0.006786506000025838,0.1228679550000038,3.863715828059823,1.454922678357857,3.6865159703980668
110.11605214100001,3.9899999999999998,1.83,3.85,0.042956687000014426,0.056863581000015984,0.028958665000004657,3.8324926614411146,1.454922678357857,3.6865159703980668
110.16617022899999,3.9899999999999998,1.83,3.85,0.09307477499999095,0.10698166899999251,0.07907675299998118,3.8324926614411146,1.454922678357857,3.6865159703980668
110.21625024500003,3.9899999999999998,1.75,3.85,0.14315479100002904,0.013062840000031883,0.12915676900001927,3.8324926614411146,1.3529227620230209,3.6865159703980668
110.26633257500004,4.0200000000000005,1.75,3.88,0.0493020490000049,0.06314517000004116,0.03503476300005559,3.863715828059823,1.3529227620230209,3.717835391729978
110.316456808,4.0200000000000005,1.75,3.88,0.09942628199996761,0.11326940300000388,0.0851589960000183,3.863715828059823,1.3529227620230209,3.717835391729978
110.36658280099999,4.0200000000000005,1.83,3.88,0.005489721000003556,0.019447085999956926,0.13528498900001296,3.863715828059823,1.454922678357857,3.717835391729978
110.41666337600003,4.0200000000000005,1.83,3.85,0.05557029600004171,0.06952766099999508,0.04169825700000729,3.863715828059823,1.454922678357857,3.6865159703980668
110.466744565,4.0200000000000005,1.83,3.85,0.10565148500000987,0.11960884999996324,0.09177944599997545,3.863715828059823,1.454922678357857,3.6865159703980668
110.51687574300001,4.0,1.84,3.85,0.011814467000021978,0.025765377000027456,0.14191062399999055,3.842902548855487,1.4674808346278325,3.6865159703980668
110.56697987799998,4.0,1.84,3.86,0.06191860199999155,0.07586951199999703,0.04773279399995545,3.842902548855487,1.4674808346278325,3.6969582091227373
110.61705888400002,4.0,1.84,3.86,0.11199760800002423,0.1259485180000297,0.09781179999998812,3.842902548855487,1.4674808346278325,3.6969582091227373
110.66713485600002,4.0,1.79,3.85,0.017997663000016928,0.032017475000031936,0.0038924240000142163,3.842902548855487,1.4042791745233565,3.6865159703980668
110.71721406099999,4.0,1.79,3.85,0.06807686799999146,0.08209668000000647,0.05397162899998875,3.842902548855487,1.4042791745233565,3.6865159703980668
110.76728795500003,4.0,1.79,3.85,0.1181507620000275,0.1321705740000425,0.10404552300002479,3.842902548855487,1.4042791745233565,3.6865159703980668
110.81736517400003,4.0,1.79,3.85,0.024403668000047674,0.038324713000008614,0.010117855000032705,3.842902548855487,1.4042791745233565,3.6865159703980668
110.86744543000003,4.0,1.79,3.85,0.07448392400004877,0.08840496900000971,0.060198111000033805,3.842902548855487,1.4042791745233565,3.6865159703980668
110.91752457000001,4.0,1.79,3.85,0.12456306400002859,0.13848410899998953,0.11027725100001362,3.842902548855487,1.4042791745233565,3.6865159703980668
110.96760856899999,4.0,1.76,3.86,0.030603245999998308,0.0445554080000079,0.01644916300000432,3.842902548855487,1.3658330791132567,3.6969582091227373
111.01773680000002,4.0,1.76,3.86,0.08073147700002892,0.09468363900003851,0.06657739400003493,3.842902548855487,1.3658330791132567,3.6969582091227373
111.06781413200002,4.0,1.78,3.86,0.13080880900002967,0.0008303470000328161,0.11665472600003568,3.842902548855487,1.3915099712183165,3.6969582091227373
111.117889865,4.0200000000000005,1.78,3.87,0.03659212499997011,0.050906080000004295,0.022651338000002852,3.863715828059823,1.3915099712183165,3.7073980093860976
111.16797215700001,4.0200000000000005,1.78,3.87,0.08667441699998335,0.10098837200001753,0.07273363000001609,3.863715828059823,1.3915099712183165,3.7073980093860976
111.21810662299998,4.0200000000000005,1.77,3.87,0.13680888299995786,0.007005131999960668,0.1228680959999906,3.863715828059823,1.378695035169127,3.7073980093860976
111.26822667700003,4.03,1.77,3.86,0.04296158500000047,0.05712518600000749,0.02907616400000279,3.8741192547468133,1.378695035169127,3.6969582091227373
111.31830433700003,4.03,1.77,3.86,0.09303924499999994,0.10720284600000696,0.07915382400000226,3.8741192547468133,1.378695035169127,3.6969582091227373
111.36838108699999,4.03,1.77,3.86,0.14311599499995964,0.15727959599996666,0.12923057399996196,3.8741192547468133,1.378695035169127,3.6969582091227373
111.41845844900001,4.03,1.77,3.86,0.1931933569999842,0.2073569579999912,0.1793079359999865,3.8741192547468133,1.378695035169127,3.6969582091227373
111.46854959699999,4.03,1.77,3.86,0.2432845049999628,0.2574481059999698,0.22939908399996511,3.8741192547468133,1.378695035169127,3.6969582091227373
111.51862790500002,4.0,1.74,3.86,0.00542461100002356,0.019663394000019707,0.2794773919999898,3.842902548855487,1.3399626860476377,3.6969582091227373
111.568710447,4.0,1.74,3.85,0.05550715300000775,0.0697459360000039,0.041554490999999416,3.842902548855487,1.3399626860476377,3.6865159703980668
111.61881349600003,4.0,1.74,3.85,0.10561020200003668,0.11984898500003283,0.09165754000002835,3.842902548855487,1.3399626860476377,3.6865159703980668
111.66887778199998,4.0,1.76,3.85,0.011728497999968113,0.025894142999959513,0.14172182599997996,3.842902548855487,1.3658330791132567,3.6865159703980668
111.71895462600003,4.0,1.76,3.8400000000000003,0.06180534200001375,0.07597098700000515,0.04780306100002463,3.842902548855487,1.3658330791132567,3.6760712724320244
111.76903415200002,4.0,1.76,3.8400000000000003,0.11188486800000419,0.1260505129999956,0.09788258700001506,3.842902548855487,1.3658330791132567,3.6760712724320244
111.819109051,4.0,1.77,3.86,0.01789680000001681,0.031855790999998135,0.003964198000005581,3.842902548855487,1.378695035169127,3.6969582091227373
111.86918818600003,4.0,1.77,3.86,0.0679759350000495,0.08193492600003083,0.054043333000038274,3.842902548855487,1.378695035169127,3.6969582091227373
111.91926766,4.0,1.77,3.86,0.11805540900002143,0.13201440000000275,0.1041228070000102,3.842902548855487,1.378695035169127,3.6969582091227373
111.96938121900001,4.0,1.76,3.85,0.024247804000026463,0.03818716500001074,0.010273309000012887,3.842902548855487,1.3658330791132567,3.6865159703980668
112.01946522000003,4.0,1.76,3.85,0.07433180500004255,0.08827116600002682,0.060357310000028974,3.842902548855487,1.3658330791132567,3.6865159703980668
112.069544399,4.0,1.76,3.85,0.12441098400000783,0.1383503449999921,0.11043648899999425,3.842902548855487,1.3658330791132567,3.6865159703980668
112.11962462000002,4.03,1.77,3.88,0.03046935000003259,0.04450412599999254,0.01662374599999339,3.8741192547468133,1.378695035169127,3.717835391729978
112.16970476,4.03,1.77,3.88,0.08054949000000988,0.09458426599996983,0.06670388599997068,3.8741192547468133,1.378695035169127,3.717835391729978
112.21977246400002,4.03,1.73,3.88,0.13061719400002403,0.0006523100000208615,0.11677158999998483,3.8741192547468133,1.3269513932318697,3.717835391729978
112.26983436,4.01,1.73,3.85,0.03673778699999275,0.0507142060000092,0.022848189000001184,3.8533102652135343,1.3269513932318697,3.6865159703980668
112.31988864599998,4.01,1.73,3.85,0.0867920729999696,0.10076849199998605,0.07290247499997804,3.8533102652135343,1.3269513932318697,3.6865159703980668
112.36997167499999,4.01,1.83,3.85,0.13687510199997632,0.00679419099998313,0.12298550399998476,3.8533102652135343,1.454922678357857,3.6865159703980668
112.42005649800001,4.0,1.83,3.86,0.042981982000014796,0.05687901400000328,0.02904639500002304,3.842902548855487,1.454922678357857,3.6969582091227373
112.47013148000002,4.0,1.83,3.86,0.09305696400002716,0.10695399600001565,0.07912137700003541,3.842902548855487,1.454922678357857,3.6969582091227373
112.52021230899999,4.0,1.76,3.86,0.14313779299999396,0.013132321999989927,0.1292022060000022,3.842902548855487,1.3658330791132567,3.6969582091227373
112.57031422699998,4.01,1.76,3.85,0.04928267499997219,0.06323423999998568,0.035283704999983456,3.8533102652135343,1.3658330791132567,3.6865159703980668
112.62040064299998,4.01,1.76,3.85,0.09936909099997138,0.11332065599998487,0.08537012099998265,3.8533102652135343,1.3658330791132567,3.6865159703980668
112.67048047999998,4.0,1.75,3.85,0.005455792999953246,0.01936733899998444,0.13544995799998105,3.842902548855487,1.3529227620230209,3.6865159703980668
112.72060937499998,4.0,1.75,3.86,0.05558468799995353,0.06949623399998472,0.04164036899999246,3.842902548855487,1.3529227620230209,3.6969582091227373
112.77069609900002,4.0,1.75,3.86,0.10567141199999242,0.11958295800002361,0.09172709300003135,3.842902548855487,1.3529227620230209,3.6969582091227373
112.82082435900003,4.0,1.78,3.86,0.011794457999997121,0.025749039999993784,0.14185535300003949,3.842902548855487,1.3915099712183165,3.6969582091227373
112.87091863900002,4.0,1.78,3.86,0.06188873799999328,0.07584331999998994,0.04792759400004343,3.842902548855487,1.3915099712183165,3.6969582091227373
112.920997059,4.0,1.78,3.86,0.11196715799997037,0.12592173999996703,0.09800601400002051,3.842902548855487,1.3915099712183165,3.6969582091227373
112.97270087100003,4.0,1.83,3.86,0.019724768000003223,0.033638888000041334,0.005805590000022676,3.842902548855487,1.454922678357857,3.6969582091227373
113.022781533,4.0,1.83,3.86,0.06980542999997397,0.08371955000001208,0.05588625199999342,3.842902548855487,1.454922678357857,3.6969582091227373
113.072885875,4.0,1.83,3.86,0.11990977199997133,0.13382389200000944,0.10599059399999078,3.842902548855487,1.454922678357857,3.6969582091227373
113.12297551500001,3.9899999999999998,1.78,3.88,0.02595701000001327,0.03996170400000665,0.012033239999993839,3.8324926614411146,1.3915099712183165,3.717835391729978
113.173057454,3.9899999999999998,1.78,3.88,0.07603894900000796,0.09004364300000134,0.06211517899998853,3.8324926614411146,1.3915099712183165,3.717835391729978
113.22315318599999,3.9899999999999998,1.78,3.88,0.12613468099999636,0.14013937499998974,0.11221091099997693,3.8324926614411146,1.3915099712183165,3.717835391729978
113.27324879000003,3.98,1.79,3.85,0.03217536500000051,0.046145291000016186,0.018332692000001316,3.8220805852310336,1.4042791745233565,3.6865159703980668
113.32337579400001,3.98,1.79,3.85,0.08230236899999,0.09627229500000567,0.0684596959999908,3.8220805852310336,1.4042791745233565,3.6865159703980668
113.37346638399998,3.98,1.74,3.85,0.13239295899995795,0.0024343529999555358,0.11855028599995876,3.8220805852310336,1.3399626860476377,3.6865159703980668
113.42355719400001,4.0200000000000005,1.74,3.88,0.0385299900000291,0.05252516299998433,0.024638885000001665,3.863715828059823,1.3399626860476377,3.717835391729978
113.47364475500001,4.0200000000000005,1.74,3.88,0.0886175510000271,0.10261272399998234,0.07472644599999967,3.863715828059823,1.3399626860476377,3.717835391729978
113.52373216900003,4.0200000000000005,1.78,3.88,0.13870496500004492,0.00878939099999343,0.12481386000001748,3.863715828059823,1.3915099712183165,3.717835391729978
113.573860293,4.0,1.78,3.85,0.044952222999995683,0.058917514999961895,0.03105061899998418,3.842902548855487,1.3915099712183165,3.6865159703980668
113.623948945,4.0,1.78,3.85,0.09504087499999514,0.10900616699996135,0.08113927099998364,3.842902548855487,1.3915099712183165,3.6865159703980668
113.67404420700001,4.01,1.76,3.85,0.0011379040000178975,0.01507220899998174,0.1312345329999971,3.8533102652135343,1.3658330791132567,3.6865159703980668
113.72413455100002,4.01,1.76,3.86,0.05122824800002945,0.0651625529999933,0.03723374700001614,3.8533102652135343,1.3658330791132567,3.6969582091227373
113.77420942100002,4.01,1.76,3.86,0.10130311800003255,0.1152374229999964,0.08730861700001924,3.8533102652135343,1.3658330791132567,3.6969582091227373
113.82429280100001,4.0200000000000005,1.85,3.86,0.007421297000007598,0.021335518000000775,0.13739199700000881,3.863715828059823,1.4800000000000002,3.6969582091227373
113.87438047199998,4.0200000000000005,1.85,3.85,0.05750896799997918,0.07142318899997235,0.043320126999958575,3.863715828059823,1.4800000000000002,3.6865159703980668
113.92446497000003,4.0200000000000005,1.85,3.85,0.10759346600002573,0.1215076870000189,0.09340462500000513,3.863715828059823,1.4800000000000002,3.6865159703980668
113.97459019000001,4.0200000000000005,1.86,3.85,0.013791109999999662,0.027599034999980177,0.1435298449999891,3.863715828059823,1.49248115565993,3.6865159703980668
114.024677285,4.0200000000000005,1.86,3.85,0.06387820499998043,0.07768612999996094,0.04958770600001117,3.863715828059823,1.49248115565993,3.6865159703980668
114.074760577,4.0200000000000005,1.86,3.85,0.11396149699999114,0.12776942199997166,0.09967099800002188,3.863715828059823,1.49248115565993,3.6865159703980668
114.12488487900004,4.0200000000000005,1.79,3.87,0.02004075100001046,0.03397405300000855,0.005820337000045583,3.863715828059823,1.4042791745233565,3.7073980093860976
114.17496510199999,4.0200000000000005,1.79,3.87,0.07012097399996264,0.08405427599996074,0.05590055999999777,3.863715828059823,1.4042791745233565,3.7073980093860976
114.22504562300003,4.0200000000000005,1.79,3.87,0.12020149500000343,0.13413479700000153,0.10598108100003856,3.863715828059823,1.4042791745233565,3.7073980093860976
114.27513338400001,3.9899999999999998,1.76,3.85,0.02629341800002294,0.040225242000019534,0.012030632000005426,3.8324926614411146,1.3658330791132567,3.6865159703980668
114.32522006800002,3.9899999999999998,1.76,3.85,0.07638010200003009,0.09031192600002669,0.06211731600001258,3.8324926614411146,1.3658330791132567,3.6865159703980668
114.37530042999998,3.9899999999999998,1.76,3.85,0.12646046399999022,0.14039228799998682,0.11219767799997271,3.8324926614411146,1.3658330791132567,3.6865159703980668
114.425378459,3.9899999999999998,1.76,3.85,0.17653849300000957,0.19047031700000616,0.16227570699999205,3.8324926614411146,1.3658330791132567,3.6865159703980668
114.475462343,3.9899999999999998,1.76,3.85,0.22662237700001242,0.24055420100000902,0.2123595909999949,3.8324926614411146,1.3658330791132567,3.6865159703980668
114.525535262,3.9899999999999998,1.72,3.85,0.27669529600001397,0.002719968000008066,0.26243250999999646,3.8324926614411146,1.3138873619911258,3.6865159703980668
114.575616491,4.0,1.72,3.87,0.0388435859999845,0.05280119700000796,0.024645212999985233,3.842902548855487,1.3138873619911258,3.7073980093860976
114.62570199499999,4.0,1.72,3.87,0.08892908999996507,0.10288670099998853,0.07473071699996581,3.842902548855487,1.3138873619911258,3.7073980093860976
114.67578883499999,4.0,1.83,3.87,0.13901592999997092,0.009004392000008465,0.12481755699997166,3.842902548855487,1.454922678357857,3.7073980093860976
114.72584893300001,4.0,1.83,3.87,0.04477004300002818,0.05906449000002567,0.03077227699998275,3.842902548855487,1.454922678357857,3.7073980093860976
114.77593045999998,4.0,1.83,3.87,0.094851570000003,0.10914601700000048,0.08085380399995756,3.842902548855487,1.454922678357857,3.7073980093860976
114.82599680100003,4.0,1.77,3.87,0.0009347730000399679,0.015158433000010518,0.1309201450000046,3.842902548855487,1.378695035169127,3.7073980093860976
114.87608343200003,4.0,1.77,3.85,0.05102140400003918,0.06524506400000973,0.0371100360000014,3.842902548855487,1.378695035169127,3.6865159703980668
114.92617274600002,4.0,1.77,3.85,0.10111071800002946,0.11533437800000002,0.08719934999999168,3.842902548855487,1.378695035169127,3.6865159703980668
114.976260335,4.01,1.8,3.85,0.007229547999997976,0.021442306999972516,0.1372869389999778,3.8533102652135343,1.4170038814343453,3.6865159703980668
115.02634292300002,4.01,1.8,3.86,0.057312136000007285,0.07152489499998183,0.043398151000019425,3.8533102652135343,1.4170038814343453,3.6969582091227373
115.07644232000001,4.01,1.8,3.86,0.10741153300000406,0.1216242919999786,0.0934975480000162,3.8533102652135343,1.4170038814343453,3.6969582091227373
115.12652843699999,4.0200000000000005,1.76,3.86,0.013498867000009795,0.02777846999998701,0.1435836649999942,3.863715828059823,1.3658330791132567,3.6969582091227373
115.17661380800001,4.0200000000000005,1.76,3.88,0.06358423800003266,0.07786384100000987,0.04953107500000442,3.863715828059823,1.3658330791132567,3.717835391729978
115.226737754,4.0200000000000005,1.76,3.88,0.11370818400001781,0.12798778699999502,0.09965502099998957,3.863715828059823,1.3658330791132567,3.717835391729978
115.276830233,4.01,1.77,3.85,0.01980723899998793,0.03409368999996332,0.005877666999992925,3.8533102652135343,1.378695035169127,3.6865159703980668
115.32688246100003,4.01,1.77,3.85,0.06985946700001477,0.08414591799999016,0.05592989500001977,3.8533102652135343,1.378695035169127,3.6865159703980668
115.37696806299999,4.01,1.77,3.85,0.11994506899998214,0.13423151999995753,0.10601549699998714,3.8533102652135343,1.378695035169127,3.6865159703980668
115.42704882499999,4.0200000000000005,1.75,3.83,0.026064895999979854,0.04001029299996617,0.012082448999990447,3.863715828059823,1.3529227620230209,3.6656240942027867
115.47713836100002,4.0200000000000005,1.75,3.83,0.07615443200000982,0.09009982899999613,0.06217198500002041,3.863715828059823,1.3529227620230209,3.6656240942027867
115.52722083000003,4.0200000000000005,1.75,3.83,0.12623690100002705,0.14018229800001336,0.11225445400003764,3.863715828059823,1.3529227620230209,3.6656240942027867
115.57730692900003,3.9899999999999998,1.71,3.87,0.032295583999996325,0.04624566800004004,0.018304139999997915,3.8324926614411146,1.3007690033207278,3.7073980093860976
115.62739288900002,3.9899999999999998,1.71,3.87,0.0823815439999862,0.09633162800002992,0.0683900999999878,3.8324926614411146,1.3007690033207278,3.7073980093860976
115.677474206,3.9899999999999998,1.78,3.87,0.13246286099996496,0.0024394120000010844,0.11847141699996655,3.8324926614411146,1.3915099712183165,3.7073980093860976
115.72756005399998,4.0,1.78,3.85,0.038598587999956635,0.0525252599999817,0.024680541999998695,3.842902548855487,1.3915099712183165,3.6865159703980668
115.77768964199998,4.0,1.78,3.85,0.08872817599996097,0.10265484799998603,0.07481013000000303,3.842902548855487,1.3915099712183165,3.6865159703980668
115.827777863,4.0,1.75,3.85,0.13881639699997095,0.008761402999994061,0.12489835100001301,3.842902548855487,1.3529227620230209,3.6865159703980668
115.877956058,3.9899999999999998,1.75,3.8400000000000003,0.04500989699999991,0.05893959799999493,0.031102118999967843,3.8324926614411146,1.3529227620230209,3.6760712724320244
115.92803970699998,3.9899999999999998,1.75,3.8400000000000003,0.09509354599998687,0.1090232469999819,0.0811857679999548,3.8324926614411146,1.3529227620230209,3.6760712724320244
115.97820554000003,4.0,1.82,3.8400000000000003,0.0012673300000187737,0.015244095000014113,0.13135160100000576,3.842902548855487,1.4423245127224318,3.6760712724320244
116.02829020600001,4.0,1.82,3.87,0.05135199599999396,0.0653287609999893,0.036770074000003206,3.842902548855487,1.4423245127224318,3.7073980093860976
116.07837703000001,4.0,1.82,3.87,0.10143881999999849,0.11541558499999383,0.08685689800000773,3.842902548855487,1.4423245127224318,3.7073980093860976
116.12846187600002,4.0,1.77,3.87,0.007509354000035273,0.021536701999991692,0.13694174400001202,3.842902548855487,1.378695035169127,3.7073980093860976
116.178548949,4.0,1.77,3.85,0.05759642700002132,0.07162377499997774,0.04379841000002216,3.842902548855487,1.378695035169127,3.6865159703980668
116.22863301500001,4.0,1.77,3.85,0.10768049300003213,0.12170784099998855,0.09388247600003297,3.842902548855487,1.378695035169127,3.6865159703980668
116.27870918400004,3.9899999999999998,1.76,3.85,0.013922338000043055,0.027723166000043875,0.14395864500005473,3.8324926614411146,1.3658330791132567,3.6865159703980668
116.32884051100001,3.9899999999999998,1.76,3.8400000000000003,0.06405366500001719,0.07785449300001801,0.05001420199999984,3.8324926614411146,1.3658330791132567,3.6760712724320244
116.37894390899999,3.9899999999999998,1.76,3.8400000000000003,0.11415706299999329,0.1279578909999941,0.10011759999997594,3.8324926614411146,1.3658330791132567,3.6760712724320244
116.42902637000003,3.9899999999999998,1.78,3.85,0.020162767000044823,0.03412690800001883,0.006214883000041027,3.8324926614411146,1.3915099712183165,3.6865159703980668
116.479105393,3.9899999999999998,1.78,3.85,0.0702417900000114,0.08420593099998541,0.05629390600000761,3.8324926614411146,1.3915099712183165,3.6865159703980668
116.52918717,3.9899999999999998,1.78,3.85,0.12032356700001401,0.13428770799998802,0.10637568300001021,3.8324926614411146,1.3915099712183165,3.6865159703980668
116.57927830200003,4.0,1.75,3.85,0.026405543000009857,0.040314725000030194,0.012599082000008366,3.842902548855487,1.3529227620230209,3.6865159703980668
116.62936011599999,4.0,1.75,3.85,0.07648735699996223,0.09039653899998257,0.06268089599996074,3.842902548855487,1.3529227620230209,3.6865159703980668
116.67944639900003,4.0,1.75,3.85,0.1265736400000037,0.14048282200002404,0.11276717900000222,3.842902548855487,1.3529227620230209,3.6865159703980668
116.72956819300003,4.01,1.79,3.8400000000000003,0.0327333380000141,0.04661789800002225,0.018875542000046153,3.8533102652135343,1.4042791745233565,3.6760712724320244
116.77965926500002,4.01,1.79,3.8400000000000003,0.08282441000000063,0.09670897000000878,0.06896661400003268,3.8533102652135343,1.4042791745233565,3.6760712724320244
116.829781411,4.01,1.79,3.8400000000000003,0.13294655599997895,0.0029099089999817807,0.119088760000011,3.8533102652135343,1.4042791745233565,3.6760712724320244
116.87989053299998,3.9899999999999998,1.79,3.87,0.039128648999962934,0.053019030999962524,0.025213306999944507,3.8324926614411146,1.4042791745233565,3.7073980093860976
116.929975808,3.9899999999999998,1.79,3.87,0.08921392399997785,0.10310430599997744,0.07529858199995942,3.8324926614411146,1.4042791745233565,3.7073980093860976
116.98006048000002,3.9899999999999998,1.82,3.87,0.13929859600000327,0.009217196999998123,0.12538325399998484,3.8324926614411146,1.4423245127224318,3.7073980093860976
117.03014435300003,4.01,1.82,3.85,0.045454107000011845,0.05930107000000362,0.03150604600000406,3.8533102652135343,1.4423245127224318,3.6865159703980668
117.08022850500004,4.01,1.82,3.85,0.09553825900002266,0.10938522200001444,0.08159019800001488,3.8533102652135343,1.4423245127224318,3.6865159703980668
117.130312747,3.9899999999999998,1.78,3.85,0.0015922750000072483,0.01556739799997331,0.1316744399999834,3.8324926614411146,1.3915099712183165,3.6865159703980668
117.180391676,3.9899999999999998,1.78,3.85,0.05167120400000158,0.06564632699996764,0.03769376700000748,3.8324926614411146,1.3915099712183165,3.6865159703980668
117.23048169399999,3.9899999999999998,1.78,3.85,0.10176122199999327,0.11573634499995933,0.08778378499999917,3.8324926614411146,1.3915099712183165,3.6865159703980668
117.28061034500001,3.98,1.75,3.85,0.007930106999992859,0.021832985999992616,0.1379124360000219,3.8220805852310336,1.3529227620230209,3.6865159703980668
117.33069200200003,3.98,1.75,3.85,0.058011764000013955,0.07191464300001371,0.04377146100000573,3.8220805852310336,1.3529227620230209,3.6865159703980668
117.38078231200001,3.98,1.75,3.85,0.10810207399998717,0.12200495299998693,0.09386177099997894,3.8220805852310336,1.3529227620230209,3.6865159703980668
117.430882623,3.98,1.75,3.85,0.1582023849999814,0.17210526399998116,0.14396208199997318,3.8220805852310336,1.3529227620230209,3.6865159703980668
117.480956693,3.98,1.75,3.85,0.20827645499997516,0.22217933399997492,0.19403615199996693,3.8220805852310336,1.3529227620230209,3.6865159703980668
117.53108238700003,3.98,1.75,3.85,0.25840214900000547,0.2723050280000052,0.24416184599999724,3.8220805852310336,1.3529227620230209,3.6865159703980668
117.58116759400002,3.9899999999999998,1.77,3.86,0.020547060000012607,0.034478512000021055,0.0062326760000246395,3.8324926614411146,1.378695035169127,3.6969582091227373
117.631251034,3.9899999999999998,1.77,3.86,0.07063049999999294,0.08456195200000138,0.05631611600000497,3.8324926614411146,1.378695035169127,3.6969582091227373
117.68133351300003,3.9899999999999998,1.77,3.86,0.1207129790000181,0.13464443100002654,0.10639859500003013,3.8324926614411146,1.378695035169127,3.6969582091227373
117.73141199100002,3.9899999999999998,1.79,3.85,0.026741049000008843,0.04067083000001048,0.012500751999994009,3.8324926614411146,1.4042791745233565,3.6865159703980668
117.78154286199998,3.9899999999999998,1.79,3.85,0.07687191999997367,0.09080170099997531,0.06263162299995884,3.8324926614411146,1.4042791745233565,3.6865159703980668
117.83162447900003,3.9899999999999998,1.79,3.85,0.12695353700001988,0.14088331800002152,0.11271324000000504,3.8324926614411146,1.4042791745233565,3.6865159703980668
117.881718826,4.01,1.74,3.86,0.03312652199997501,0.04709358399998109,0.018803692999995292,3.8533102652135343,1.3399626860476377,3.6969582091227373
117.93183110000001,4.01,1.74,3.86,0.08323879599998918,0.09720585799999526,0.06891596700000946,3.8533102652135343,1.3399626860476377,3.6969582091227373
117.98195479700001,4.01,1.8,3.86,0.1333624929999928,0.003232662000016262,0.11903966400001309,3.8533102652135343,1.4170038814343453,3.6969582091227373
118.032056587,4.01,1.8,3.85,0.039471923999997216,0.05333445200000142,0.0251438930000063,3.8533102652135343,1.4170038814343453,3.6865159703980668
118.082173582,4.01,1.8,3.85,0.08958891899999344,0.10345144699999764,0.07526088800000252,3.8533102652135343,1.4170038814343453,3.6865159703980668
118.13225634600002,4.01,1.83,3.85,0.1396716830000173,0.009591606000014963,0.1253436520000264,3.8533102652135343,1.454922678357857,3.6865159703980668
118.18234336199998,3.9899999999999998,1.83,3.85,0.04543207599999732,0.05967862199997853,0.031425071000001026,3.8324926614411146,1.454922678357857,3.6865159703980668
118.232427659,3.9899999999999998,1.83,3.85,0.09551637300000948,0.10976291899999069,0.08150936800001318,3.8324926614411146,1.454922678357857,3.6865159703980668
118.28251907100002,3.9899999999999998,1.76,3.85,0.0015876630000093428,0.015904533000025367,0.13160078000004205,3.8324926614411146,1.3658330791132567,3.6865159703980668
118.332599324,3.9899999999999998,1.76,3.8400000000000003,0.051667915999985325,0.06598478600000135,0.03772299100000964,3.8324926614411146,1.3658330791132567,3.6760712724320244
118.38268340799999,3.9899999999999998,1.76,3.8400000000000003,0.1017519999999763,0.11606886999999233,0.08780707500000062,3.8324926614411146,1.3658330791132567,3.6760712724320244
118.432759777,3.98,1.74,3.8400000000000003,0.007878112000014426,0.022130274000005556,0.1378834440000105,3.8220805852310336,1.3399626860476377,3.6760712724320244
118.48288889399998,3.98,1.74,3.85,0.05800722899999755,0.07225939099998868,0.0441235929999948,3.8220805852310336,1.3399626860476377,3.6865159703980668
118.53297447400001,3.98,1.74,3.85,0.10809280900002705,0.12234497100001818,0.0942091730000243,3.8220805852310336,1.3399626860476377,3.6865159703980668
118.58303825000002,3.9899999999999998,1.82,3.85,0.014194157000019914,0.028437964000033844,0.00027586700002757425,3.8324926614411146,1.4423245127224318,3.6865159703980668
118.63311758100002,3.9899999999999998,1.82,3.85,0.06427348800002619,0.07851729500004012,0.05035519800003385,3.8324926614411146,1.4423245127224318,3.6865159703980668
118.68318488400001,3.9899999999999998,1.82,3.85,0.11434079100001782,0.12858459800003175,0.10042250100002548,3.8324926614411146,1.4423245127224318,3.6865159703980668
118.73327440600002,4.0,1.8,3.85,0.020354227000041192,0.034681137000006856,0.006487349999986236,3.842902548855487,1.4170038814343453,3.6865159703980668
118.78335518099999,4.0,1.8,3.85,0.07043500200001063,0.08476191199997629,0.05656812499995567,3.842902548855487,1.4170038814343453,3.6865159703980668
118.83348067700001,4.0,1.8,3.85,0.12056049800003166,0.13488740799999732,0.1066936209999767,3.842902548855487,1.4170038814343453,3.6865159703980668
118.88359127199999,3.9899999999999998,1.75,3.8400000000000003,0.026680981999959386,0.0407070339999791,0.01280747999999221,3.8324926614411146,1.3529227620230209,3.6760712724320244
118.93367021699999,3.9899999999999998,1.75,3.8400000000000003,0.07675992699995504,0.09078597899997476,0.06288642499998787,3.8324926614411146,1.3529227620230209,3.6760712724320244
118.98375010799998,3.9899999999999998,1.75,3.8400000000000003,0.1268398179999508,0.14086586999997053,0.11296631599998364,3.8324926614411146,1.3529227620230209,3.6760712724320244
119.03386809599999,4.0,1.75,3.85,0.033098207999955775,0.04696977499997956,0.01917763599999489,3.842902548855487,1.3529227620230209,3.6865159703980668
119.08394689700003,4.0,1.75,3.85,0.08317700899999636,0.09704857600002015,0.06925643700003548,3.842902548855487,1.3529227620230209,3.6865159703980668
119.13402745400003,4.0,1.76,3.85,0.1332575659999975,0.0032016480000152114,0.11933699400003661,3.842902548855487,1.3658330791132567,3.6865159703980668
119.18410894599998,4.0,1.76,3.85,0.039327537999952256,0.05328313999996226,0.025436884999976428,3.842902548855487,1.3658330791132567,3.6865159703980668
119.23419702300004,4.0,1.76,3.85,0.08941561500000716,0.10337121700001717,0.07552496200003134,3.842902548855487,1.3658330791132567,3.6865159703980668
119.28432381700003,4.0,1.75,3.85,0.1395424090000006,0.009444950000045083,0.12565175600002476,3.842902548855487,1.3529227620230209,3.6865159703980668
119.33440734700002,3.98,1.75,3.85,0.04566890300003479,0.05952848000003996,0.03170399300000781,3.8220805852310336,1.3529227620230209,3.6865159703980668
119.38452400900002,3.98,1.75,3.85,0.09578556500002833,0.1096451420000335,0.08182065500000135,3.8220805852310336,1.3529227620230209,3.6865159703980668
119.43459667000002,4.01,1.82,3.85,0.0018947639999851162,0.01571446600001991,0.13189331600000287,3.8533102652135343,1.4423245127224318,3.6865159703980668
119.484682653,4.01,1.82,3.87,0.05198074699995914,0.06580044899999393,0.03797076999995852,3.8533102652135343,1.4423245127224318,3.7073980093860976
119.53477239900002,4.01,1.82,3.87,0.10207049299998516,0.11589019500001996,0.08806051599998455,3.8533102652135343,1.4423245127224318,3.7073980093860976
119.584881032,3.9899999999999998,1.83,3.87,0.00814613099998951,0.022080409000011514,0.1381691489999639,3.8324926614411146,1.454922678357857,3.7073980093860976
119.63495632600001,3.9899999999999998,1.83,3.87,0.05822142499999927,0.07215570300002128,0.04435593499999868,3.8324926614411146,1.454922678357857,3.7073980093860976
119.68504083800002,3.9899999999999998,1.83,3.87,0.10830593700001145,0.12224021500003346,0.09444044700001086,3.8324926614411146,1.454922678357857,3.7073980093860976
119.73510981100003,4.0,1.78,3.85,0.014382089000037013,0.028312881000033485,0.0004927550000388692,3.842902548855487,1.3915099712183165,3.6865159703980668
119.78521226700002,4.0,1.78,3.85,0.06448454500002754,0.07841533700002401,0.050595211000029394,3.842902548855487,1.3915099712183165,3.6865159703980668
119.83527987600002,4.0,1.78,3.85,0.11455215400002317,0.12848294600001964,0.10066282000002502,3.842902548855487,1.3915099712183165,3.6865159703980668
119.885365664,4.0,1.74,3.86,0.020702594999988833,0.03457364199999802,0.006757452999977431,3.842902548855487,1.3399626860476377,3.6969582091227373
119.93545201900002,4.0,1.74,3.86,0.07078895000000784,0.08465999700001703,0.05684380799999644,3.842902548855487,1.3399626860476377,3.6969582091227373
119.98553511,4.0,1.74,3.86,0.12087204099998416,0.13474308799999335,0.10692689899997276,3.842902548855487,1.3399626860476377,3.6969582091227373
120.03561689000003,3.98,1.8,3.89,0.02693207300001177,0.04086572700003899,0.013000174000012521,3.8220805852310336,1.4170038814343453,3.7282703764614498
120.08574108599998,3.98,1.8,3.89,0.07705626899996787,0.09098992299999509,0.06312436999996862,3.8220805852310336,1.4170038814343453,3.7282703764614498
120.13582607500001,3.98,1.8,3.89,0.12714125799999465,0.14107491200002187,0.1132093589999954,3.8220805852310336,1.4170038814343453,3.7282703764614498
120.185897565,4.0,1.77,3.85,0.03326320200000055,0.0471881149999831,0.019335231000013664,3.842902548855487,1.378695035169127,3.6865159703980668
120.23598415700002,4.0,1.77,3.85,0.0833497940000143,0.09727470699999685,0.06942182300002742,3.842902548855487,1.378695035169127,3.6865159703980668
120.28606823400003,4.0,1.77,3.85,0.13343387100002246,0.0033924300000194307,0.11950590000003558,3.842902548855487,1.378695035169127,3.6865159703980668
120.336152733,3.9899999999999998,1.77,3.86,0.03953821900000776,0.05347692899999856,0.02559273999997913,3.8324926614411146,1.378695035169127,3.6969582091227373
120.38623392700003,3.9899999999999998,1.77,3.86,0.08961941300003673,0.10355812300002754,0.0756739340000081,3.8324926614411146,1.378695035169127,3.6969582091227373
120.436312031,3.9899999999999998,1.77,3.86,0.13969751700000188,0.1536362269999927,0.12575203799997325,3.8324926614411146,1.378695035169127,3.6969582091227373
120.48639786400003,3.9899999999999998,1.77,3.86,0.18978335000002744,0.20372206000001825,0.1758378709999988,3.8324926614411146,1.378695035169127,3.6969582091227373
120.536473807,3.9899999999999998,1.77,3.86,0.23985929299999498,0.2537980029999858,0.22591381399996635,3.8324926614411146,1.378695035169127,3.6969582091227373
120.586550596,3.98,1.76,3.86,0.0019373099999597798,0.015894236999997702,0.27599060299996836,3.8220805852310336,1.3658330791132567,3.6969582091227373
120.63664140600002,3.98,1.76,3.85,0.052028119999988576,0.0659850470000265,0.03817871000001105,3.8220805852310336,1.3658330791132567,3.6865159703980668
