time,d1,d2,d3,t_uwb_1,t_uwb_2,t_uwb_3,el1,el2,el3
0.10142931299992597,3.9899999999999998,1.77,3.8200000000000003,0.04162990899999386,0.05521755499989922,0.02743257299994184,3.8324926614411146,1.378695035169127,3.655174414443174
0.15155461799997738,3.9899999999999998,1.77,3.8200000000000003,0.09175521400004527,0.10534285999995063,0.07755787799999325,3.8324926614411146,1.378695035169127,3.655174414443174
0.20187133900003573,3.9899999999999998,1.77,3.8200000000000003,0.14207193500010362,0.012011455000106253,0.1278745990000516,3.8324926614411146,1.378695035169127,3.655174414443174
0.25221291799994106,3.98,1.77,3.86,0.048173646000009285,0.062353034000011576,0.034142818999953306,3.8220805852310336,1.378695035169127,3.6969582091227373
0.30255236099992544,3.98,1.77,3.86,0.09851308899999367,0.11269247699999596,0.08448226199993769,3.8220805852310336,1.378695035169127,3.6969582091227373
0.3527261599999747,3.98,1.77,3.86,0.14868688800004293,0.16286627600004522,0.13465606099998695,3.8220805852310336,1.378695035169127,3.6969582091227373
0.403059682999924,3.98,1.77,3.86,0.19902041099999224,0.21319979899999453,0.18498958399993626,3.8220805852310336,1.378695035169127,3.6969582091227373
0.4533962819999715,3.98,1.77,3.86,0.24935701000003974,0.263536398000042,0.23532618299998376,3.8220805852310336,1.378695035169127,3.6969582091227373
0.5037206109999488,4.0,1.83,3.86,0.011724866999998085,0.025637081000013495,0.28565051199996105,3.842902548855487,1.454922678357857,3.6969582091227373
0.5540464470000188,4.0,1.83,3.8400000000000003,0.0620507030000681,0.07596291700008351,0.04783069500001602,3.842902548855487,1.454922678357857,3.6760712724320244
0.6041891579999401,4.0,1.83,3.8400000000000003,0.11219341399998939,0.1261056280000048,0.09797340599993731,3.842902548855487,1.454922678357857,3.6760712724320244
0.654329587999996,4.0,1.79,3.85,0.018367170000033184,0.032381663000023764,0.004148309000015615,3.842902548855487,1.4042791745233565,3.6865159703980668
0.7046586220000108,4.0,1.79,3.85,0.06869620400004806,0.08271069700003864,0.05447734300003049,3.842902548855487,1.4042791745233565,3.6865159703980668
0.7549907999999732,4.0,1.79,3.85,0.11902838200001042,0.133042875000001,0.10480952099999286,3.842902548855487,1.4042791745233565,3.6865159703980668
0.8053078749999258,3.9899999999999998,1.82,3.85,0.02509433699992769,0.03941563099999712,0.01133679699989898,3.8324926614411146,1.4423245127224318,3.6865159703980668
0.8556540219999533,3.9899999999999998,1.82,3.85,0.07544048399995518,0.0897617780000246,0.061682943999926465,3.8324926614411146,1.4423245127224318,3.6865159703980668
0.9059825040000078,3.9899999999999998,1.82,3.85,0.12576896600000964,0.14009026000007907,0.11201142599998093,3.8324926614411146,1.4423245127224318,3.6865159703980668
0.9562782790000028,4.0,1.82,3.85,0.032072966999976416,0.04629140600002302,0.018185564000077648,3.842902548855487,1.4423245127224318,3.6865159703980668
1.006369358000029,4.0,1.82,3.85,0.0821640460000026,0.0963824850000492,0.06827664300010383,3.842902548855487,1.4423245127224318,3.6865159703980668
1.056501111999978,4.0,1.75,3.85,0.13229579999995167,0.0025582499999927677,0.1184083970000529,3.842902548855487,1.3529227620230209,3.6865159703980668
1.106841276999944,3.9899999999999998,1.75,3.85,0.03866888699997162,0.05289841499995873,0.02474861499990766,3.8324926614411146,1.3529227620230209,3.6865159703980668
1.1571557999999413,3.9899999999999998,1.75,3.85,0.0889834099999689,0.10321293799995601,0.07506313799990494,3.8324926614411146,1.3529227620230209,3.6865159703980668
1.2074749429999656,3.9899999999999998,1.82,3.85,0.13930255299999317,0.00954874900003233,0.1253822809999292,3.8324926614411146,1.4423245127224318,3.6865159703980668
1.2578487270000096,3.9899999999999998,1.82,3.9,0.04571411799997804,0.05992253300007633,0.0317741470000783,3.8324926614411146,1.4423245127224318,3.73870298365623
1.3080534609999859,3.9899999999999998,1.82,3.9,0.09591885199995431,0.1101272670000526,0.08197888100005457,3.8324926614411146,1.4423245127224318,3.73870298365623
1.3581921889999649,3.98,1.79,3.9,0.0020908259999714573,0.016292494000026636,0.13211760900003355,3.8220805852310336,1.4042791745233565,3.73870298365623
1.408527190999962,3.98,1.79,3.83,0.05242582799996853,0.06662749600002371,0.0384804619999386,3.8220805852310336,1.4042791745233565,3.6656240942027867
1.4588507800000343,3.98,1.79,3.83,0.10274941700004092,0.1169510850000961,0.08880405100001099,3.8220805852310336,1.4042791745233565,3.6656240942027867
1.5091730970000299,4.0,1.82,3.83,0.009084680000000844,0.02302488300006189,0.13912636800000655,3.842902548855487,1.4423245127224318,3.6656240942027867
1.559488277000014,4.0,1.82,3.89,0.05939985999998498,0.07334006300004603,0.045469462000028216,3.842902548855487,1.4423245127224318,3.7282703764614498
1.6098394990000315,4.0,1.82,3.89,0.1097510820000025,0.12369128500006354,0.09582068400004573,3.842902548855487,1.4423245127224318,3.7282703764614498
1.660168236000004,3.9899999999999998,1.78,3.85,0.01612150699997983,0.030019396000056986,0.0021862670000700746,3.8324926614411146,1.3915099712183165,3.6865159703980668
1.7103495929999326,3.9899999999999998,1.78,3.85,0.06630286399990837,0.08020075299998553,0.052367623999998614,3.8324926614411146,1.3915099712183165,3.6865159703980668
1.7606869119999828,3.9899999999999998,1.78,3.85,0.1166401829999586,0.13053807200003575,0.10270494300004884,3.8324926614411146,1.3915099712183165,3.6865159703980668
1.8110260720000042,4.0200000000000005,1.82,3.86,0.02300144100001944,0.03691718800007493,0.009061533000021882,3.863715828059823,1.4423245127224318,3.6969582091227373
1.8613570359999585,4.0200000000000005,1.82,3.86,0.07333240499997373,0.08724815200002922,0.059392496999976174,3.863715828059823,1.4423245127224318,3.6969582091227373
1.911678343999938,4.0200000000000005,1.82,3.86,0.12365371299995331,0.1375694600000088,0.10971380499995576,3.863715828059823,1.4423245127224318,3.6969582091227373
1.9620062159999634,3.9899999999999998,1.82,3.81,0.029991259999974318,0.043925187000013466,0.01608823599997322,3.8324926614411146,1.4423245127224318,3.6447222116369855
2.0121660339999607,3.9899999999999998,1.82,3.81,0.08015107799997168,0.09408500500001082,0.06624805399997058,3.8324926614411146,1.4423245127224318,3.6447222116369855
2.0622527760000366,3.9899999999999998,1.83,3.81,0.13023782000004758,0.0003478830000176458,0.11633479600004648,3.8324926614411146,1.454922678357857,3.6447222116369855
2.1125463139999283,3.9899999999999998,1.83,3.87,0.03656090199990558,0.050641420999909315,0.02263700699995752,3.8324926614411146,1.454922678357857,3.7073980093860976
2.1628021999999874,3.9899999999999998,1.83,3.87,0.08681678799996462,0.10089730699996835,0.07289289300001656,3.8324926614411146,1.454922678357857,3.7073980093860976
2.2130392469999833,3.9899999999999998,1.82,3.87,0.1370538349999606,0.007009559000039189,0.12312994000001254,3.8324926614411146,1.4423245127224318,3.7073980093860976
2.2632194499999514,3.9899999999999998,1.82,3.85,0.043504319000021496,0.05718976200000725,0.029344597999966027,3.8324926614411146,1.4423245127224318,3.6865159703980668
2.3135490160000245,3.9899999999999998,1.82,3.85,0.0938338850000946,0.10751932800008035,0.07967416400003913,3.8324926614411146,1.4423245127224318,3.6865159703980668
2.3639760549999664,4.0200000000000005,1.75,3.85,8.76349999998638e-05,0.013994705999948565,0.13010120299998107,3.863715828059823,1.3529227620230209,3.6865159703980668
2.4143130730000166,4.0200000000000005,1.75,3.85,0.05042465300005006,0.06433172399999876,0.036479866000036054,3.863715828059823,1.3529227620230209,3.6865159703980668
2.464644796000016,4.0200000000000005,1.75,3.85,0.10075637600004939,0.11466344699999809,0.08681158900003538,3.863715828059823,1.3529227620230209,3.6865159703980668
2.5149721059999592,3.9899999999999998,1.8,3.85,0.007103727999947296,0.021014131000015368,0.13713889899997866,3.8324926614411146,1.4170038814343453,3.6865159703980668
2.565279045000011,3.9899999999999998,1.8,3.85,0.057410666999999194,0.07132107000006727,0.04370646100005615,3.8324926614411146,1.4170038814343453,3.6865159703980668
2.6156134149999843,3.9899999999999998,1.8,3.85,0.1077450369999724,0.12165544000004047,0.09404083100002936,3.8324926614411146,1.4170038814343453,3.6865159703980668
2.6657051329999604,3.9899999999999998,1.83,3.83,0.01416926699994292,0.02777343499997187,0.00018725699999322387,3.8324926614411146,1.454922678357857,3.6656240942027867
2.7160386259999996,3.9899999999999998,1.83,3.83,0.06450275999998212,0.07810692800001107,0.05052075000003242,3.8324926614411146,1.454922678357857,3.6656240942027867
2.7661384680000083,3.9899999999999998,1.83,3.83,0.11460260199999084,0.1282067700000198,0.10062059200004114,3.8324926614411146,1.454922678357857,3.6656240942027867
2.8164991789999476,4.0200000000000005,1.75,3.86,0.020697739999945952,0.034578533999933825,0.006812365999962822,3.863715828059823,1.3529227620230209,3.6969582091227373
2.866835251999987,4.0200000000000005,1.75,3.86,0.07103381299998546,0.08491460699997333,0.05714843900000233,3.863715828059823,1.3529227620230209,3.6969582091227373
2.91716338599997,4.0200000000000005,1.75,3.86,0.1213619469999685,0.13524274099995637,0.10747657299998536,3.863715828059823,1.3529227620230209,3.6969582091227373
2.9675005430000283,4.0,1.75,3.8400000000000003,0.027744043000097918,0.04198810400009734,0.01344581900002595,3.842902548855487,1.3529227620230209,3.6760712724320244
3.017612625999959,4.0,1.75,3.8400000000000003,0.07785612600002878,0.0921001870000282,0.06355790199995681,3.842902548855487,1.3529227620230209,3.6760712724320244
3.0679392409999764,4.0,1.75,3.8400000000000003,0.128182741000046,0.14242680200004543,0.11388451699997404,3.842902548855487,1.3529227620230209,3.6760712724320244
3.118255490000024,4.01,1.84,3.86,0.03474701000004643,0.04865785800006961,0.020253985000067587,3.8533102652135343,1.4674808346278325,3.6969582091227373
3.1685871979999547,4.01,1.84,3.86,0.08507871799997702,0.0989895660000002,0.07058569299999817,3.8533102652135343,1.4674808346278325,3.6969582091227373
3.218923663999931,4.01,1.83,3.86,0.13541518399995311,0.005123980999997002,0.12092215899997427,3.8533102652135343,1.454922678357857,3.6969582091227373
3.269251508000025,3.9899999999999998,1.83,3.85,0.04183171100009986,0.05545182500009105,0.027266219000011915,3.8324926614411146,1.454922678357857,3.6865159703980668
3.3195506270000124,3.9899999999999998,1.83,3.85,0.09213083000008737,0.10575094400007856,0.07756533799999943,3.8324926614411146,1.454922678357857,3.6865159703980668
3.3696733790000053,3.9899999999999998,1.83,3.85,0.14225358200008031,0.1558736960000715,0.12768808999999237,3.8324926614411146,1.454922678357857,3.6865159703980668
3.41983836899999,3.9899999999999998,1.83,3.85,0.19241857200006507,0.20603868600005626,0.17785307999997713,3.8324926614411146,1.454922678357857,3.6865159703980668
3.4700176979999924,3.9899999999999998,1.83,3.85,0.2425979010000674,0.2562180150000586,0.22803240899997945,3.8324926614411146,1.454922678357857,3.6865159703980668
3.5203471089999994,4.0,1.83,3.85,0.004740765000065039,0.30654742600006557,0.27836181999998644,3.842902548855487,1.454922678357857,3.6865159703980668
3.5706152010000096,4.0,1.83,3.87,0.055008857000075295,0.3568155180000758,0.04089753499999915,3.842902548855487,1.454922678357857,3.7073980093860976
3.620939951999958,4.0,1.83,3.87,0.10533360800002356,0.4071402690000241,0.09122228599994742,3.842902548855487,1.454922678357857,3.7073980093860976
3.6711643849999973,4.01,1.83,3.87,0.011210321000021395,0.4573647020000635,0.14144671899998684,3.8533102652135343,1.454922678357857,3.7073980093860976
3.7214543730000287,4.01,1.83,3.85,0.061500309000052766,0.5076546900000949,0.04757510500007811,3.8533102652135343,1.454922678357857,3.6865159703980668
3.7718213370000058,4.01,1.83,3.85,0.11186727300002985,0.558021654000072,0.0979420690000552,3.8533102652135343,1.454922678357857,3.6865159703980668
3.822152763999952,3.9899999999999998,1.77,3.85,0.01823252099995898,0.032518251999931636,0.004314637999982551,3.8324926614411146,1.378695035169127,3.6865159703980668
3.8724916200000052,3.9899999999999998,1.77,3.85,0.06857137700001203,0.08285710799998469,0.05465349400003561,3.8324926614411146,1.378695035169127,3.6865159703980668
3.9228486160000102,3.9899999999999998,1.77,3.85,0.11892837300001702,0.13321410399998967,0.10501049000004059,3.8324926614411146,1.378695035169127,3.6865159703980668
3.973182250000036,4.0200000000000005,1.76,3.86,0.025261342000021614,0.0398713060000091,0.011383118000026116,3.863715828059823,1.3658330791132567,3.6969582091227373
4.023388194999939,4.0200000000000005,1.76,3.86,0.075467286999924,0.09007725099991148,0.0615890629999285,3.863715828059823,1.3658330791132567,3.6969582091227373
4.073713481000027,4.0200000000000005,1.76,3.86,0.12579257300001245,0.14040253699999994,0.11191434900001695,3.863715828059823,1.3658330791132567,3.6969582091227373
4.124042522999957,4.0200000000000005,1.82,3.85,0.03216459999998733,0.04646224600003279,0.018506236000007448,3.863715828059823,1.4423245127224318,3.6865159703980668
4.1743834879999895,4.0200000000000005,1.82,3.85,0.08250556500001949,0.09680321100006495,0.0688472010000396,3.863715828059823,1.4423245127224318,3.6865159703980668
4.224521939999931,4.0200000000000005,1.84,3.85,0.13264401699996142,0.002976568999997653,0.11898565299998154,3.863715828059823,1.4674808346278325,3.6865159703980668
4.274856363000026,4.0,1.84,3.86,0.03903820800007907,0.05331099200009248,0.025054427000100077,3.842902548855487,1.4674808346278325,3.6969582091227373
4.325171935999947,4.0,1.84,3.86,0.0893537809999998,0.10362656500001322,0.07537000000002081,3.842902548855487,1.4674808346278325,3.6969582091227373
4.375496333000001,4.0,1.77,3.86,0.13967817800005378,0.009593990999974267,0.1256943970000748,3.842902548855487,1.378695035169127,3.6969582091227373
4.425846648999936,3.9899999999999998,1.77,3.85,0.046086390999903415,0.05994430699990971,0.03215685800000756,3.8324926614411146,1.378695035169127,3.6865159703980668
4.476173821999964,3.9899999999999998,1.77,3.85,0.09641356399993128,0.11027147999993758,0.08248403100003543,3.8324926614411146,1.378695035169127,3.6865159703980668
4.526312456000028,3.9899999999999998,1.83,3.85,0.0025858720000542235,0.016446994000034465,0.132622665000099,3.8324926614411146,1.454922678357857,3.6865159703980668
4.576609668999936,3.9899999999999998,1.83,3.8400000000000003,0.05288308499996219,0.06674420699994243,0.03911267199998747,3.8324926614411146,1.454922678357857,3.6760712724320244
4.626944056999946,3.9899999999999998,1.83,3.8400000000000003,0.10321747299997241,0.11707859499995266,0.08944705999999769,3.8324926614411146,1.454922678357857,3.6760712724320244
4.6772531389999585,3.98,1.8,3.8400000000000003,0.009551153999950657,0.023706140999934178,0.1397561420000102,3.8220805852310336,1.4170038814343453,3.6760712724320244
4.727520226000024,3.98,1.8,3.85,0.059818241000016315,0.07397322799999984,0.04590492700003779,3.8220805852310336,1.4170038814343453,3.6865159703980668
4.777857370999982,3.98,1.8,3.85,0.11015538599997399,0.12431037299995751,0.09624207199999546,3.8220805852310336,1.4170038814343453,3.6865159703980668
4.828005957999949,4.01,1.78,3.85,0.01632749899999908,0.030268123999917407,0.002432736999935514,3.8533102652135343,1.3915099712183165,3.6865159703980668
4.878341100999933,4.01,1.78,3.85,0.06666264199998295,0.08060326699990128,0.05276787999991939,3.8533102652135343,1.3915099712183165,3.6865159703980668
4.928482498999983,4.01,1.78,3.85,0.11680404000003364,0.13074466499995197,0.10290927799997007,3.8533102652135343,1.3915099712183165,3.6865159703980668
4.978833718000033,4.01,1.78,3.8400000000000003,0.16715525900008288,0.0371264960000417,0.00930062000009002,3.8533102652135343,1.3915099712183165,3.6760712724320244
5.029123868999932,4.01,1.78,3.8400000000000003,0.21744540999998208,0.0874166469999409,0.05959077099998922,3.8533102652135343,1.3915099712183165,3.6760712724320244
5.079454455000018,4.01,1.78,3.8400000000000003,0.2677759960000685,0.13774723300002734,0.10992135700007566,3.8533102652135343,1.3915099712183165,3.6760712724320244
5.129834782999978,4.01,1.79,3.85,0.3181563240000287,0.04410605099997156,0.016296035999971537,3.8533102652135343,1.4042791745233565,3.6865159703980668
5.1800213989999975,4.01,1.79,3.85,0.36834294000004775,0.09429266699999062,0.0664826519999906,3.8533102652135343,1.4042791745233565,3.6865159703980668
5.230121542999996,4.01,1.78,3.85,0.41844308400004593,0.0007309119999945324,0.11658279599998878,3.8533102652135343,1.3915099712183165,3.6865159703980668
5.280453048000027,3.98,1.78,3.85,0.036879616000078386,0.05106241700002556,0.022953865000090445,3.8220805852310336,1.3915099712183165,3.6865159703980668
5.330830929999934,3.98,1.78,3.85,0.08725749799998539,0.10144029899993257,0.07333174699999745,3.8220805852310336,1.3915099712183165,3.6865159703980668
5.381169898999929,3.98,1.76,3.85,0.1375964669999803,0.007548128999928849,0.12367071599999235,3.8220805852310336,1.3658330791132567,3.6865159703980668
5.431461623000018,3.9899999999999998,1.76,3.8400000000000003,0.04398161100004927,0.05783985300001859,0.03000389500004985,3.8324926614411146,1.3658330791132567,3.6760712724320244
5.481809322999993,3.9899999999999998,1.76,3.8400000000000003,0.09432931100002406,0.10818755299999339,0.08035159500002464,3.8324926614411146,1.3658330791132567,3.6760712724320244
5.531898048000016,3.9899999999999998,1.76,3.8400000000000003,0.0004068509999797243,0.014323616000069705,0.1304403200000479,3.8324926614411146,1.3658330791132567,3.6760712724320244
5.582227458000034,3.9899999999999998,1.76,3.85,0.050736260999997285,0.06465302600008727,0.03679437100004179,3.8324926614411146,1.3658330791132567,3.6865159703980668
5.632564909999928,3.9899999999999998,1.76,3.85,0.10107371299989154,0.11499047799998152,0.08713182299993605,3.8324926614411146,1.3658330791132567,3.6865159703980668
5.682706380000013,3.9899999999999998,1.75,3.85,0.007244008000043323,0.02116843700002846,0.1372732930000211,3.8324926614411146,1.3529227620230209,3.6865159703980668
5.733014818000015,3.9899999999999998,1.75,3.86,0.057552446000045165,0.0714768750000303,0.043803633000038644,3.8324926614411146,1.3529227620230209,3.6969582091227373
5.783299341999964,3.9899999999999998,1.75,3.86,0.10783696999999393,0.12176139899997906,0.0940881569999874,3.8324926614411146,1.3529227620230209,3.6969582091227373
5.833537977999981,3.9899999999999998,1.77,3.86,0.01411842400000296,0.028145505999987108,0.14432679300000473,3.8324926614411146,1.378695035169127,3.6969582091227373
5.883852262999994,3.9899999999999998,1.77,3.85,0.06443270900001608,0.07845979100000022,0.049810617000048296,3.8324926614411146,1.378695035169127,3.6865159703980668
5.934195338999984,3.9899999999999998,1.77,3.85,0.11477578500000618,0.12880286699999033,0.1001536930000384,3.8324926614411146,1.378695035169127,3.6865159703980668
5.984278674999928,4.0,1.83,3.85,0.020938258000001042,0.03487014099994212,0.007027131999961966,3.842902548855487,1.454922678357857,3.6865159703980668
6.034407396999995,4.0,1.83,3.85,0.07106698000006872,0.0849988630000098,0.05715585400002965,3.842902548855487,1.454922678357857,3.6865159703980668
6.084732778999978,4.0,1.83,3.85,0.12139236200005143,0.13532424499999252,0.10748123600001236,3.842902548855487,1.454922678357857,3.6865159703980668
6.135067227000036,4.0,1.82,3.85,0.027682381000090572,0.041868679000003794,0.01339890600002036,3.842902548855487,1.4423245127224318,3.6865159703980668
6.185400326000035,4.0,1.82,3.85,0.07801548000009007,0.09220177800000329,0.06373200500001985,3.842902548855487,1.4423245127224318,3.6865159703980668
6.235729259999971,4.0,1.82,3.85,0.1283444140000256,0.14253071199993883,0.1140609389999554,3.842902548855487,1.4423245127224318,3.6865159703980668
6.286045291999926,3.98,1.79,3.83,0.0346966939999902,0.04880303099992034,0.020432953999943493,3.8220805852310336,1.4042791745233565,3.6656240942027867
6.336385684999982,3.98,1.79,3.83,0.08503708700004609,0.09914342399997622,0.07077334699999938,3.8220805852310336,1.4042791745233565,3.6656240942027867
6.386719956999968,3.98,1.79,3.83,0.1353713590000325,0.14947769599996263,0.12110761899998579,3.8220805852310336,1.4042791745233565,3.6656240942027867
6.4370074759999625,3.98,1.79,3.83,0.18565887800002656,0.1997652149999567,0.17139513799997985,3.8220805852310336,1.4042791745233565,3.6656240942027867
6.487348148000024,3.98,1.79,3.83,0.23599955000008777,0.2501058870000179,0.22173581000004106,3.8220805852310336,1.4042791745233565,3.6656240942027867
6.537696874999938,3.98,1.79,3.83,0.28634827700000187,0.300454613999932,0.27208453699995516,3.8220805852310336,1.4042791745233565,3.6656240942027867
6.588024240999971,3.98,1.79,3.85,0.048411343999987366,0.3507819799999652,0.03445868500000415,3.8220805852310336,1.4042791745233565,3.6865159703980668
6.638352935999933,3.98,1.79,3.85,0.09874003899994932,0.40111067499992714,0.0847873799999661,3.8220805852310336,1.4042791745233565,3.6865159703980668
6.688472639999986,4.01,1.79,3.85,0.0051001489999862315,0.45123037899998053,0.1349070840000195,3.8533102652135343,1.4042791745233565,3.6865159703980668
6.738815950000003,4.01,1.79,3.85,0.055443459000002804,0.5015736889999971,0.041313152000043374,3.8533102652135343,1.4042791745233565,3.6865159703980668
6.7889420340000015,4.01,1.79,3.85,0.10556954300000143,0.5516997729999957,0.091439236000042,3.8533102652135343,1.4042791745233565,3.6865159703980668
6.839262226999949,4.0,1.84,3.85,0.011716095999986464,0.026270339999996395,0.14175942899998972,3.842902548855487,1.4674808346278325,3.6865159703980668
6.889406401999963,4.0,1.84,3.85,0.061860271000000466,0.0764145150000104,0.04798568800003977,3.842902548855487,1.4674808346278325,3.6865159703980668
6.939698563999968,4.0,1.84,3.85,0.11215243300000566,0.1267066770000156,0.09827785000004496,3.842902548855487,1.4674808346278325,3.6865159703980668
6.990048238999975,4.0,1.79,3.8400000000000003,0.01854147100004866,0.03277950599999713,0.004624476000003597,3.842902548855487,1.4042791745233565,3.6760712724320244
7.040399771000011,4.0,1.79,3.8400000000000003,0.06889300300008472,0.08313103800003319,0.054976008000039656,3.842902548855487,1.4042791745233565,3.6760712724320244
7.09072706500001,4.0,1.79,3.8400000000000003,0.11922029700008352,0.133458332000032,0.10530330200003846,3.842902548855487,1.4042791745233565,3.6760712724320244
7.141049726999995,4.0,1.75,3.85,0.025573672000064107,0.03959609100002126,0.011658476999969025,3.842902548855487,1.3529227620230209,3.6865159703980668
7.19137350699998,4.0,1.75,3.85,0.07589745200004927,0.08991987100000642,0.06198225699995419,3.842902548855487,1.3529227620230209,3.6865159703980668
7.241705645000025,4.0,1.75,3.85,0.1262295900000936,0.14025200900005075,0.11231439499999851,3.842902548855487,1.3529227620230209,3.6865159703980668
7.292041276999953,4.0,1.76,3.86,0.03253778499993132,0.046756805999962125,0.018652583999937633,3.842902548855487,1.3658330791132567,3.6969582091227373
7.342375232999984,4.0,1.76,3.86,0.08287174099996264,0.09709076199999345,0.06898653999996895,3.842902548855487,1.3658330791132567,3.6969582091227373
7.392517094000027,4.0,1.75,3.86,0.13301360200000545,0.003148920000057842,0.11912840100001176,3.842902548855487,1.3529227620230209,3.6969582091227373
7.442872340000008,4.0,1.75,3.88,0.0393980390000479,0.05350416600003882,0.02550524100001894,3.842902548855487,1.3529227620230209,3.717835391729978
7.493176521999999,4.0,1.75,3.88,0.08970222100003866,0.10380834800002958,0.0758094230000097,3.842902548855487,1.3529227620230209,3.717835391729978
7.54349342699993,4.0,1.77,3.88,0.14001912599997013,0.010031057999981385,0.12612632799994117,3.842902548855487,1.378695035169127,3.717835391729978
7.593634811000015,4.0,1.77,3.88,0.04625038200003928,0.06017244200006644,0.17626771200002622,3.842902548855487,1.378695035169127,3.717835391729978
7.643964011999969,4.0,1.77,3.88,0.09657958299999336,0.11050164300002052,0.2265969129999803,3.842902548855487,1.378695035169127,3.717835391729978
7.694322491999969,4.0,1.77,3.88,0.14693806299999324,0.1608601230000204,0.2769553929999802,3.842902548855487,1.378695035169127,3.717835391729978
7.744643325999959,4.0,1.77,3.88,0.19725889699998334,0.2111809570000105,0.3272762269999703,3.842902548855487,1.378695035169127,3.717835391729978
7.794850650999933,4.0,1.77,3.88,0.24746622199995727,0.26138828199998443,0.3774835519999442,3.842902548855487,1.378695035169127,3.717835391729978
7.845034933999955,4.01,1.82,3.88,0.00971508600002835,0.023596077999968657,0.42766783499996563,3.8533102652135343,1.4423245127224318,3.717835391729978
7.895377009999947,4.01,1.82,3.87,0.06005716200002098,0.07393815399996129,0.046113388999970084,3.8533102652135343,1.4423245127224318,3.7073980093860976
7.945696763000001,4.01,1.82,3.87,0.1103769150000744,0.12425790700001471,0.09643314200002351,3.8533102652135343,1.4423245127224318,3.7073980093860976
7.995978695999952,3.9899999999999998,1.8,3.85,0.016994912999962253,0.03058450699995774,0.002888356999960706,3.8324926614411146,1.4170038814343453,3.6865159703980668
8.046192209999958,3.9899999999999998,1.8,3.85,0.06720842699996865,0.08079802099996414,0.053101870999967105,3.8324926614411146,1.4170038814343453,3.6865159703980668
8.096530037999969,3.9899999999999998,1.8,3.85,0.11754625499997928,0.13113584899997477,0.10343969899997774,3.8324926614411146,1.4170038814343453,3.6865159703980668
8.146662951999929,3.9899999999999998,1.76,3.87,0.023353092999968794,0.03746067999998104,0.009805654999922808,3.8324926614411146,1.3658330791132567,3.7073980093860976
8.197005435999927,3.9899999999999998,1.76,3.87,0.07369557699996676,0.087803163999979,0.060148138999920775,3.8324926614411146,1.3658330791132567,3.7073980093860976
8.247351157000026,3.9899999999999998,1.76,3.87,0.12404129800006558,0.13814888500007783,0.1104938600000196,3.8324926614411146,1.3658330791132567,3.7073980093860976
8.297680233999927,4.0,1.78,3.86,0.030671038999912525,0.04433436499994059,0.01650978199995734,3.842902548855487,1.3915099712183165,3.6969582091227373
8.348009257999934,4.0,1.78,3.86,0.08100006299991946,0.09466338899994753,0.06683880599996428,3.842902548855487,1.3915099712183165,3.6969582091227373
8.398114343999964,4.0,1.85,3.86,0.13110514899994996,0.0008352959999911036,0.11694389199999478,3.842902548855487,1.4800000000000002,3.6969582091227373
8.448430994999967,3.98,1.85,3.85,0.037288525999997546,0.051151946999993925,0.023306775000037305,3.8220805852310336,1.4800000000000002,3.6865159703980668
8.49855744499996,3.98,1.85,3.85,0.08741497599999093,0.10127839699998731,0.07343322500003069,3.8220805852310336,1.4800000000000002,3.6865159703980668
8.548882642999956,3.98,1.75,3.85,0.13774017399998684,0.00764157300000079,0.1237584230000266,3.8220805852310336,1.3529227620230209,3.6865159703980668
8.599015913000017,3.9899999999999998,1.75,3.85,0.043969664000087505,0.05777484300006108,0.029555333000075734,3.8324926614411146,1.3529227620230209,3.6865159703980668
8.649300640999968,3.9899999999999998,1.75,3.85,0.09425439200003893,0.10805957100001251,0.07984006100002716,3.8324926614411146,1.3529227620230209,3.6865159703980668
8.69952549200002,4.01,1.86,3.85,0.00040242400007173273,0.014518326000029447,0.13006491200007986,3.8533102652135343,1.49248115565993,3.6865159703980668
8.749852436999959,4.01,1.86,3.86,0.05072936900000968,0.0648452709999674,0.03644794699994236,3.8533102652135343,1.49248115565993,3.6969582091227373
8.800166445999935,4.01,1.86,3.86,0.10104337799998575,0.11515927999994346,0.08676195599991843,3.8533102652135343,1.49248115565993,3.6969582091227373
8.850493978000031,4.03,1.74,3.86,0.007375457000080132,0.021422242000085134,0.13708948800001508,3.8741192547468133,1.3399626860476377,3.6969582091227373
8.900853748000031,4.03,1.74,3.85,0.05773522700008016,0.07178201200008516,0.04372452800009796,3.8741192547468133,1.3399626860476377,3.6865159703980668
8.951169315000016,4.03,1.74,3.85,0.10805079400006434,0.12209757900006935,0.09404009500008215,3.8741192547468133,1.3399626860476377,3.6865159703980668
9.001327658000037,4.0,1.79,3.85,0.014246638000031453,0.02814769800011163,0.14419843800010312,3.842902548855487,1.4042791745233565,3.6865159703980668
9.051663643999973,4.0,1.79,3.85,0.06458262399996784,0.07848368400004802,0.05009529100004784,3.842902548855487,1.4042791745233565,3.6865159703980668
9.101959470999986,4.0,1.79,3.85,0.1148784509999814,0.12877951100006158,0.1003911180000614,3.842902548855487,1.4042791745233565,3.6865159703980668
9.152167357999929,3.9899999999999998,1.77,3.86,0.021109142000000247,0.03529941399995096,0.006875108999906843,3.8324926614411146,1.378695035169127,3.6969582091227373
9.20246087399994,3.9899999999999998,1.77,3.86,0.07140265800001089,0.0855929299999616,0.05716862499991748,3.8324926614411146,1.378695035169127,3.6969582091227373
9.252824933999932,3.9899999999999998,1.77,3.86,0.1217667180000035,0.1359569899999542,0.10753268499991009,3.8324926614411146,1.378695035169127,3.6969582091227373
9.303143780000028,4.0,1.75,3.87,0.027996959000006427,0.04230808200009051,0.013882829000067431,3.842902548855487,1.3529227620230209,3.7073980093860976
9.353454769999985,4.0,1.75,3.87,0.07830794899996363,0.09261907200004771,0.06419381900002463,3.842902548855487,1.3529227620230209,3.7073980093860976
9.40380411000001,4.0,1.75,3.87,0.12865728899998885,0.14296841200007293,0.11454315900004985,3.842902548855487,1.3529227620230209,3.7073980093860976
9.454110151999998,4.0,1.75,3.87,0.1789633309999772,0.19327445400006127,0.1648492010000382,3.842902548855487,1.3529227620230209,3.7073980093860976
9.504398071999958,4.0,1.75,3.87,0.22925125099993693,0.243562374000021,0.21513712099999793,3.842902548855487,1.3529227620230209,3.7073980093860976
9.554542826999977,4.0,1.73,3.87,0.2793960059999563,0.005431600999941111,0.2652818760000173,3.842902548855487,1.3269513932318697,3.7073980093860976
9.604900705999967,3.9899999999999998,1.73,3.88,0.041826258000014604,0.055789479999930336,0.027681248000021696,3.8324926614411146,1.3269513932318697,3.717835391729978
9.655226385999981,3.9899999999999998,1.73,3.88,0.09215193800002908,0.10611515999994481,0.07800692800003617,3.8324926614411146,1.3269513932318697,3.717835391729978
9.70559734699998,3.9899999999999998,1.78,3.88,0.1425228990000278,0.01292434599997705,0.12837788900003488,3.8324926614411146,1.3915099712183165,3.717835391729978
9.755722493999997,4.0200000000000005,1.78,3.85,0.04875326800004132,0.06304949299999407,0.03454221900005905,3.863715828059823,1.3915099712183165,3.6865159703980668
9.806077289999962,4.0200000000000005,1.78,3.85,0.09910806400000638,0.11340428899995914,0.08489701500002411,3.863715828059823,1.3915099712183165,3.6865159703980668
9.856414141999949,3.9899999999999998,1.75,3.85,0.005194299999971008,0.0194359039999199,0.13523386700001083,3.8324926614411146,1.3529227620230209,3.6865159703980668
9.906708915999957,3.9899999999999998,1.75,3.85,0.055489073999979155,0.06973067799992805,0.04181239399997594,3.8324926614411146,1.3529227620230209,3.6865159703980668
9.957049939999933,3.9899999999999998,1.75,3.85,0.1058300979999558,0.12007170199990469,0.09215341799995258,3.8324926614411146,1.3529227620230209,3.6865159703980668
10.007366712000021,3.98,1.83,3.85,0.01219051100008528,0.026118242000052305,0.14247019000004002,3.8220805852310336,1.454922678357857,3.6865159703980668
10.057705019999958,3.98,1.83,3.85,0.06252881900002194,0.07645654999998897,0.04862022199995408,3.8220805852310336,1.454922678357857,3.6865159703980668
10.108035363999988,3.98,1.83,3.85,0.11285916300005283,0.12678689400001986,0.09895056599998497,3.8220805852310336,1.454922678357857,3.6865159703980668
10.158179142999984,4.01,1.79,3.85,0.019027530000016668,0.032931642999983524,0.00532445600003939,3.8533102652135343,1.4042791745233565,3.6865159703980668
10.208324545999972,4.01,1.79,3.85,0.06917293300000438,0.08307704599997123,0.0554698590000271,3.8533102652135343,1.4042791745233565,3.6865159703980668
10.258499393999955,4.01,1.79,3.85,0.11934778099998766,0.13325189399995452,0.10564470700001038,3.8533102652135343,1.4042791745233565,3.6865159703980668
10.308848321000028,4.03,1.85,3.86,0.025987399000086953,0.03962115700005597,0.011786509000103251,3.8741192547468133,1.4800000000000002,3.6969582091227373
10.359182487999988,4.03,1.85,3.86,0.07632156600004691,0.08995532400001593,0.06212067600006321,3.8741192547468133,1.4800000000000002,3.6969582091227373
10.409543259999964,4.03,1.85,3.86,0.12668233800002326,0.14031609599999229,0.11248144800003956,3.8741192547468133,1.4800000000000002,3.6969582091227373
10.459661430999972,4.0,1.75,3.85,0.03257612599998083,0.04659843800004637,0.01884157699998923,3.842902548855487,1.3529227620230209,3.6865159703980668
10.509979610999949,4.0,1.75,3.85,0.0828943059999574,0.09691661800002294,0.0691597569999658,3.842902548855487,1.3529227620230209,3.6865159703980668
10.560304651000024,4.0,1.79,3.85,0.1332193460000326,0.0031286070000078325,0.119484797000041,3.842902548855487,1.4042791745233565,3.6865159703980668
10.610601153999937,3.98,1.79,3.85,0.039509527999939564,0.053425109999921006,0.025582652999901256,3.8220805852310336,1.4042791745233565,3.6865159703980668
10.66091363199996,3.98,1.79,3.85,0.08982200599996304,0.10373758799994448,0.07589513099992473,3.8220805852310336,1.4042791745233565,3.6865159703980668
10.711092019000034,3.98,1.85,3.85,0.14000039300003664,0.009992698000019118,0.12607351799999833,3.8220805852310336,1.4800000000000002,3.6865159703980668
10.761420395999949,4.0,1.85,3.85,0.04634979399997974,0.060321074999933444,0.17640189499991266,3.842902548855487,1.4800000000000002,3.6865159703980668
10.811748124000019,4.0,1.85,3.85,0.09667752200004998,0.11064880300000368,0.2267296229999829,3.842902548855487,1.4800000000000002,3.6865159703980668
10.862079539999968,4.0,1.85,3.85,0.14700893799999903,0.16098021899995274,0.27706103899993195,3.842902548855487,1.4800000000000002,3.6865159703980668
10.912413257000026,4.0,1.85,3.85,0.19734265500005677,0.21131393600001047,0.3273947559999897,3.842902548855487,1.4800000000000002,3.6865159703980668
10.962524528000017,4.0,1.85,3.85,0.24745392600004834,0.26142520700000205,0.37750602699998126,3.842902548855487,1.4800000000000002,3.6865159703980668
11.012609528999974,4.01,1.8,3.85,0.010148558999958368,0.024123932999941644,0.427591027999938,3.8533102652135343,1.4170038814343453,3.6865159703980668
11.062932509999996,4.01,1.8,3.86,0.06047153999998045,0.07444691399996373,0.046179360999985875,3.8533102652135343,1.4170038814343453,3.6969582091227373
11.113246860999993,4.01,1.8,3.86,0.11078589099997771,0.12476126499996099,0.09649371199998313,3.8533102652135343,1.4170038814343453,3.6969582091227373
11.16357402899996,3.9899999999999998,1.77,3.83,0.01660936899997978,0.03050407900002483,0.002915131999998266,3.8324926614411146,1.378695035169127,3.6656240942027867
11.213738025999987,3.9899999999999998,1.77,3.83,0.06677336600000672,0.08066807600005177,0.053079129000025205,3.8324926614411146,1.378695035169127,3.6656240942027867
11.264039596999964,3.9899999999999998,1.77,3.83,0.11707493699998395,0.130969647000029,0.10338070000000243,3.8324926614411146,1.378695035169127,3.6656240942027867
11.31436032299996,4.0,1.76,3.87,0.023416358999952536,0.037315824999950564,0.00920443500001511,3.842902548855487,1.3658330791132567,3.7073980093860976
11.364677686999926,4.0,1.76,3.87,0.07373372299991843,0.08763318899991646,0.059521798999981,3.842902548855487,1.3658330791132567,3.7073980093860976
11.41490033399998,4.0,1.76,3.87,0.1239563699999735,0.13785583599997153,0.10974444600003608,3.842902548855487,1.3658330791132567,3.7073980093860976
11.46522921199994,4.01,1.74,3.85,0.030332856999962132,0.044196211999974366,0.016106999999919935,3.8533102652135343,1.3399626860476377,3.6865159703980668
11.515564253999969,4.01,1.74,3.85,0.08066789899999094,0.09453125400000317,0.06644204199994874,3.8533102652135343,1.3399626860476377,3.6865159703980668
11.565873800999952,4.01,1.84,3.85,0.1309774459999744,0.0008786149999195914,0.11675158899993221,3.8533102652135343,1.4674808346278325,3.6865159703980668
11.616188252000029,3.98,1.84,3.8400000000000003,0.03729642000007516,0.05119306599999618,0.02309419000005164,3.8220805852310336,1.4674808346278325,3.6760712724320244
11.666527411999937,3.98,1.84,3.8400000000000003,0.08763557999998284,0.10153222599990386,0.07343334999995932,3.8220805852310336,1.4674808346278325,3.6760712724320244
11.716851915000007,3.98,1.8,3.8400000000000003,0.1379600830000527,0.007916762000036215,0.12375785300002917,3.8220805852310336,1.4170038814343453,3.6760712724320244
11.767146429000036,4.0,1.8,3.85,0.0442532490000076,0.05821127600006548,0.030062619000091217,3.842902548855487,1.4170038814343453,3.6865159703980668
11.817463042999975,4.0,1.8,3.85,0.09456986299994696,0.10852789000000485,0.08037923300003058,3.842902548855487,1.4170038814343453,3.6865159703980668
11.867550653999956,3.9899999999999998,1.78,3.85,0.0009801749999951426,0.014802819999999883,0.1304668440000114,3.8324926614411146,1.3915099712183165,3.6865159703980668
11.917886933999966,3.9899999999999998,1.78,3.86,0.05131645500000559,0.06513910000001033,0.03681327100002818,3.8324926614411146,1.3915099712183165,3.6969582091227373
11.968027524000036,3.9899999999999998,1.78,3.86,0.10145704500007469,0.11527969000007943,0.08695386100009728,3.8324926614411146,1.3915099712183165,3.6969582091227373
12.018110481999997,4.0,1.75,3.86,0.0074816139999711595,0.02139388399996278,0.13703681900005904,3.842902548855487,1.3529227620230209,3.6969582091227373
12.068442940999944,4.0,1.75,3.85,0.0578140729999177,0.07172634299990932,0.043812979999984236,3.842902548855487,1.3529227620230209,3.6865159703980668
12.118763067000032,4.0,1.75,3.85,0.10813419900000554,0.12204646899999716,0.09413310600007208,3.842902548855487,1.3529227620230209,3.6865159703980668
12.168964752999955,4.0,1.8,3.85,0.013890059999994264,0.028141832999949656,5.505000001448934e-05,3.842902548855487,1.4170038814343453,3.6865159703980668
12.219295965000015,4.0,1.8,3.85,0.06422127200005434,0.07847304500000973,0.050386262000074566,3.842902548855487,1.4170038814343453,3.6865159703980668
12.269554075999963,4.0,1.8,3.85,0.1144793830000026,0.128731155999958,0.10064437300002282,3.842902548855487,1.4170038814343453,3.6865159703980668
12.319885296999928,3.9899999999999998,1.76,3.85,0.020846237000000656,0.035016504999930476,0.0069177489999674435,3.8324926614411146,1.3658330791132567,3.6865159703980668
12.370215992999988,3.9899999999999998,1.76,3.85,0.07117693300006067,0.08534720099999049,0.05724844500002746,3.8324926614411146,1.3658330791132567,3.6865159703980668
12.420551501999967,3.9899999999999998,1.76,3.85,0.1215124420000393,0.13568270999996912,0.10758395400000609,3.8324926614411146,1.3658330791132567,3.6865159703980668
12.470695121999938,3.9899999999999998,1.76,3.85,0.17165606200001093,0.18582632999994075,0.15772757399997772,3.8324926614411146,1.3658330791132567,3.6865159703980668
12.521039188000032,3.9899999999999998,1.76,3.85,0.22200012800010427,0.2361703960000341,0.20807164000007106,3.8324926614411146,1.3658330791132567,3.6865159703980668
12.571382077999942,3.9899999999999998,1.76,3.85,0.27234301800001504,0.28651328599994486,0.2584145299999818,3.8324926614411146,1.3658330791132567,3.6865159703980668
12.621733983000013,3.98,1.82,3.87,0.03474805799999103,0.048808606000079635,0.020820997999976498,3.8220805852310336,1.4423245127224318,3.7073980093860976
12.671960344000013,3.98,1.82,3.87,0.08497441899999103,0.09903496700007963,0.0710473589999765,3.8220805852310336,1.4423245127224318,3.7073980093860976
12.722280587,3.98,1.8,3.87,0.13529466199997842,0.005248327000003883,0.12136760199996388,3.8220805852310336,1.4170038814343453,3.7073980093860976
12.772633705999965,3.98,1.8,3.8400000000000003,0.04179843700001129,0.055601445999968746,0.02774753599999258,3.8220805852310336,1.4170038814343453,3.6760712724320244
12.822957561999942,3.98,1.8,3.8400000000000003,0.09212229299998853,0.10592530199994599,0.07807139199996982,3.8220805852310336,1.4170038814343453,3.6760712724320244
12.87327893700001,3.98,1.79,3.8400000000000003,0.14244366800005537,0.012264843000025394,0.12839276700003666,3.8220805852310336,1.4042791745233565,3.6760712724320244
12.923613808000027,3.98,1.79,3.87,0.04904962800003432,0.0625997140000436,0.03476689300009639,3.8220805852310336,1.4042791745233565,3.7073980093860976
12.973937140999965,3.98,1.79,3.87,0.09937296099997184,0.11292304699998112,0.08509022600003391,3.8220805852310336,1.4042791745233565,3.7073980093860976
13.02422353199995,3.9899999999999998,1.78,3.87,0.005336742999929811,0.01924462499994206,0.1353766170000199,3.8324926614411146,1.3915099712183165,3.7073980093860976
13.074586189999991,3.9899999999999998,1.78,3.83,0.05569940099996984,0.06960728299998209,0.04204396700004054,3.8324926614411146,1.3915099712183165,3.6656240942027867
13.124925880999967,3.9899999999999998,1.78,3.83,0.10603909199994632,0.11994697399995857,0.09238365800001702,3.8324926614411146,1.3915099712183165,3.6656240942027867
13.175261861999957,3.9899999999999998,1.82,3.83,0.012408758999981728,0.026323658000023897,0.14271963900000628,3.8324926614411146,1.4423245127224318,3.6656240942027867
13.225602698999978,3.9899999999999998,1.82,3.86,0.0627495960000033,0.07666449500004546,0.04906619500002307,3.8324926614411146,1.4423245127224318,3.6969582091227373
13.27593445399998,3.9899999999999998,1.82,3.86,0.11308135100000527,0.12699625000004744,0.09939795000002505,3.8324926614411146,1.4423245127224318,3.6969582091227373
13.326087981,3.9899999999999998,1.77,3.85,0.019274858000017048,0.033198813000012706,0.005387771000073371,3.8324926614411146,1.378695035169127,3.6865159703980668
13.376419460999955,3.9899999999999998,1.77,3.85,0.0696063379999714,0.08353029299996706,0.055719251000027725,3.8324926614411146,1.378695035169127,3.6865159703980668
13.426564049000035,3.9899999999999998,1.77,3.85,0.11975092600005155,0.1336748810000472,0.10586383900010787,3.8324926614411146,1.378695035169127,3.6865159703980668
13.47670377299994,3.98,1.77,3.85,0.025958045999914248,0.03982927300000938,0.01202538299992284,3.8220805852310336,1.378695035169127,3.6865159703980668
13.527035749999982,3.98,1.77,3.85,0.07629002299995591,0.09016125000005104,0.0623573599999645,3.8220805852310336,1.378695035169127,3.6865159703980668
13.577330950000032,3.98,1.77,3.85,0.1265852230000064,0.14045645000010154,0.112652560000015,3.8220805852310336,1.378695035169127,3.6865159703980668
13.627677465000033,3.9899999999999998,1.75,3.87,0.03312049200008005,0.0468220590000783,0.019024895000029574,3.8324926614411146,1.3529227620230209,3.7073980093860976
13.67802412200001,3.9899999999999998,1.75,3.87,0.08346714900005736,0.09716871600005561,0.06937155200000689,3.8324926614411146,1.3529227620230209,3.7073980093860976
13.728164665000008,3.9899999999999998,1.77,3.87,0.13360769200005507,0.003407532999972318,0.11951209500000459,3.8324926614411146,1.378695035169127,3.7073980093860976
13.778457623999998,4.0,1.77,3.85,0.0399703479999971,0.05370049199996174,0.025829440000052273,3.842902548855487,1.378695035169127,3.6865159703980668
13.82857135300003,4.0,1.77,3.85,0.09008407700002863,0.10381422099999327,0.0759431690000838,3.842902548855487,1.378695035169127,3.6865159703980668
13.87890452399995,4.0,1.8,3.85,0.1404172479999488,0.010162468999965313,0.12627634000000398,3.842902548855487,1.4170038814343453,3.6865159703980668
13.929220385000008,4.01,1.8,3.85,0.046555872999988424,0.06047833000002356,0.032854502000077446,3.8533102652135343,1.4170038814343453,3.6865159703980668
13.979586756999993,4.01,1.8,3.85,0.09692224499997337,0.11084470200000851,0.0832208740000624,3.8533102652135343,1.4170038814343453,3.6865159703980668
14.02972867599999,3.98,1.77,3.85,0.0030991769999673124,0.017196294999962447,0.13336279300006026,3.8220805852310336,1.378695035169127,3.6865159703980668
14.079883077999966,3.98,1.77,3.86,0.053253578999942874,0.06735069699993801,0.039295638999988114,3.8220805852310336,1.378695035169127,3.6969582091227373
14.130030328999965,3.98,1.77,3.86,0.10340082999994138,0.11749794799993651,0.08944288999998662,3.8220805852310336,1.378695035169127,3.6969582091227373
14.180334104999929,4.01,1.82,3.86,0.00974747199995818,0.023669332999929793,0.1397466659999509,3.8533102652135343,1.4423245127224318,3.6969582091227373
14.230679148000036,4.01,1.82,3.85,0.06009251500006485,0.07401437600003646,0.04629753900007927,3.8533102652135343,1.4423245127224318,3.6865159703980668
14.280971184000009,4.01,1.82,3.85,0.1103845510000383,0.12430641200000991,0.09658957500005272,3.8533102652135343,1.4423245127224318,3.6865159703980668
14.331110351000007,3.98,1.82,3.88,0.016559766999989733,0.030442277000020113,0.0022386489999917103,3.8220805852310336,1.4423245127224318,3.717835391729978
14.38129607999997,3.98,1.82,3.88,0.06674549599995316,0.08062800599998354,0.05242437799995514,3.8220805852310336,1.4423245127224318,3.717835391729978
14.431379679999964,3.98,1.82,3.88,0.11682909599994673,0.1307116059999771,0.10250797799994871,3.8220805852310336,1.4423245127224318,3.717835391729978
14.481699439999943,3.9899999999999998,1.77,3.85,0.02314148400000704,0.03728788399996574,0.008867723999969712,3.8324926614411146,1.378695035169127,3.6865159703980668
14.532014470000036,3.9899999999999998,1.77,3.85,0.07345651400009956,0.08760291400005826,0.05918275400006223,3.8324926614411146,1.378695035169127,3.6865159703980668
14.582160347000013,3.9899999999999998,1.77,3.85,0.12360239100007675,0.13774879100003545,0.10932863100003942,3.8324926614411146,1.378695035169127,3.6865159703980668
14.632512528000007,3.98,1.78,3.83,0.030018664000067474,0.04402520700000423,0.015761052000016207,3.8220805852310336,1.3915099712183165,3.6656240942027867
14.682849093999948,3.98,1.78,3.83,0.08035523000000921,0.09436177299994597,0.06609761799995795,3.8220805852310336,1.3915099712183165,3.6656240942027867
14.732935912000016,3.98,1.79,3.83,0.1304420480000772,0.0003794070000822103,0.11618443600002593,3.8220805852310336,1.4042791745233565,3.6656240942027867
14.783286977999978,4.01,1.79,3.85,0.03644134499995744,0.050730473000044185,0.022559697000019696,3.8533102652135343,1.4042791745233565,3.6865159703980668
14.833431216000008,4.01,1.79,3.85,0.08658558299998731,0.10087471100007406,0.07270393500004957,3.8533102652135343,1.4042791745233565,3.6865159703980668
14.883761303000028,4.01,1.79,3.85,0.1369156700000076,0.007240610000053493,0.12303402200006985,3.8533102652135343,1.4042791745233565,3.6865159703980668
14.934077436999928,4.0200000000000005,1.79,3.88,0.04351888099995449,0.05755674399995314,0.02936206399999719,3.863715828059823,1.4042791745233565,3.717835391729978
14.98439727799996,4.0200000000000005,1.79,3.88,0.09383872199998677,0.10787658499998543,0.07968190500002947,3.863715828059823,1.4042791745233565,3.717835391729978
15.034564843999988,4.0200000000000005,1.84,3.88,0.14400628800001414,0.014072852000026614,0.12984947100005684,3.863715828059823,1.4674808346278325,3.717835391729978
15.084889304999933,4.03,1.84,3.85,0.04980375999991793,0.0643973129999722,0.036178038000002744,3.8741192547468133,1.4674808346278325,3.6865159703980668
15.135223807999978,4.03,1.84,3.85,0.10013826299996254,0.1147318160000168,0.08651254100004735,3.8741192547468133,1.4674808346278325,3.6865159703980668
15.185629344999938,3.9899999999999998,1.8,3.85,0.00689822300000742,0.021350562999941758,0.13691807800000788,3.8324926614411146,1.4170038814343453,3.6865159703980668
15.235962983000036,3.9899999999999998,1.8,3.85,0.0572318610001048,0.07168420100003914,0.043537414000070385,3.8324926614411146,1.4170038814343453,3.6865159703980668
15.286294519999956,3.9899999999999998,1.8,3.85,0.10756339800002479,0.12201573799995913,0.09386895099999037,3.8324926614411146,1.4170038814343453,3.6865159703980668
15.33641189399998,4.0200000000000005,1.79,3.86,0.01400850499999251,0.027984308999975838,3.187200002230384e-05,3.863715828059823,1.4042791745233565,3.6969582091227373
15.386763078999934,4.0200000000000005,1.79,3.86,0.06435968999994657,0.0783354939999299,0.05038305699997636,3.863715828059823,1.4042791745233565,3.6969582091227373
15.43703088899997,4.0200000000000005,1.79,3.86,0.11462749999998323,0.12860330399996656,0.10065086700001302,3.863715828059823,1.4042791745233565,3.6969582091227373
15.48742662099994,4.0200000000000005,1.79,3.86,0.16502323199995317,0.1789990359999365,0.15104659899998296,3.863715828059823,1.4042791745233565,3.6969582091227373
15.537751794999963,4.0200000000000005,1.79,3.86,0.2153484059999755,0.22932420999995884,0.2013717730000053,3.863715828059823,1.4042791745233565,3.6969582091227373
15.588085279999973,4.0200000000000005,1.79,3.86,0.2656818909999856,0.27965769499996895,0.2517052580000154,3.863715828059823,1.4042791745233565,3.6969582091227373
15.63841774399998,4.0,1.82,3.88,0.02780824000001303,0.04199589300003481,0.013890213999957268,3.842902548855487,1.4423245127224318,3.717835391729978
15.688743232999968,4.0,1.82,3.88,0.07813372900000104,0.09232138200002282,0.06421570299994528,3.842902548855487,1.4423245127224318,3.717835391729978
15.739077278999957,4.0,1.82,3.88,0.12846777499999007,0.14265542800001185,0.11454974899993431,3.842902548855487,1.4423245127224318,3.717835391729978
15.789214959999981,3.98,1.74,3.87,0.034619957000018076,0.048721377999981996,0.02072226600000704,3.8220805852310336,1.3399626860476377,3.7073980093860976
15.839516925999988,3.98,1.74,3.87,0.08492192300002444,0.09902334399998836,0.0710242320000134,3.8220805852310336,1.3399626860476377,3.7073980093860976
15.889842875,3.98,1.75,3.87,0.1352478720000363,0.0051729430000477805,0.12135018100002526,3.8220805852310336,1.3529227620230209,3.7073980093860976
15.940003003000015,4.01,1.75,3.85,0.041640723000000435,0.05533307100006368,0.02752439800008233,3.8533102652135343,1.3529227620230209,3.6865159703980668
15.990131229999974,4.01,1.75,3.85,0.09176894999995966,0.10546129800002291,0.07765262500004155,3.8533102652135343,1.3529227620230209,3.6865159703980668
16.04034586499995,4.01,1.75,3.85,0.14198358499993446,0.012030890999994881,0.12786726000001636,3.8533102652135343,1.3529227620230209,3.6865159703980668
16.090642323999987,3.9899999999999998,1.75,3.85,0.04812129900005857,0.06232735000003231,0.034177910000039446,3.8324926614411146,1.3529227620230209,3.6865159703980668
16.141003515999955,3.9899999999999998,1.75,3.85,0.09848249100002704,0.11268854200000078,0.08453910200000792,3.8324926614411146,1.3529227620230209,3.6865159703980668
16.191322600000035,4.01,1.73,3.85,0.004830770000012308,0.018732703000068796,0.1348581860000877,3.8533102652135343,1.3269513932318697,3.6865159703980668
16.24165867900001,4.01,1.73,3.88,0.05516684899998836,0.06906878200004485,0.04145585900005244,3.8533102652135343,1.3269513932318697,3.717835391729978
16.291980872999943,4.01,1.73,3.88,0.10548904299992046,0.11939097599997694,0.09177805299998454,3.8533102652135343,1.3269513932318697,3.717835391729978
16.342303066,3.9899999999999998,1.75,3.88,0.011855429999968692,0.02577902300004098,0.1421002460000409,3.8324926614411146,1.3529227620230209,3.717835391729978
16.392628562000027,3.9899999999999998,1.75,3.85,0.06218092599999636,0.07610451900006865,0.04823160400007964,3.8324926614411146,1.3529227620230209,3.6865159703980668
16.442953752999983,3.9899999999999998,1.75,3.85,0.11250611699995261,0.1264297100000249,0.09855679500003589,3.8324926614411146,1.3529227620230209,3.6865159703980668
16.493290034999973,3.9899999999999998,1.83,3.86,0.018839434000028632,0.03279043400004866,0.005111426999974356,3.8324926614411146,1.454922678357857,3.6969582091227373
16.54363441999999,3.9899999999999998,1.83,3.86,0.06918381900004533,0.08313481900006536,0.055455811999991056,3.8324926614411146,1.454922678357857,3.6969582091227373
16.59396748300003,3.9899999999999998,1.83,3.86,0.11951688200008448,0.1334678820001045,0.1057888750000302,3.8324926614411146,1.454922678357857,3.6969582091227373
16.644317581999985,4.0200000000000005,1.79,3.85,0.025911644999951022,0.03997732000004817,0.012143130000026758,3.863715828059823,1.4042791745233565,3.6865159703980668
16.694632017000004,4.0200000000000005,1.79,3.85,0.07622607999996944,0.09029175500006659,0.06245756500004518,3.863715828059823,1.4042791745233565,3.6865159703980668
16.744950809999978,4.0200000000000005,1.79,3.85,0.12654487299994344,0.14061054800004058,0.11277635800001917,3.863715828059823,1.4042791745233565,3.6865159703980668
16.795289003999983,3.9899999999999998,1.76,3.88,0.03288363399997252,0.046841855000025134,0.01899735300003158,3.8324926614411146,1.3658330791132567,3.717835391729978
16.845430898000018,3.9899999999999998,1.76,3.88,0.0830255280000074,0.09698374900006002,0.06913924700006646,3.8324926614411146,1.3658330791132567,3.717835391729978
16.895747002000007,3.9899999999999998,1.76,3.88,0.13334163199999693,0.0033338719999846944,0.119455351000056,3.8324926614411146,1.3658330791132567,3.717835391729978
16.946082166999986,3.98,1.76,3.8400000000000003,0.0397283449999577,0.05366903699996328,0.025493343999983153,3.8220805852310336,1.3658330791132567,3.6760712724320244
16.996328497000036,3.98,1.76,3.8400000000000003,0.08997467500000766,0.10391536700001325,0.07573967400003312,3.8220805852310336,1.3658330791132567,3.6760712724320244
17.04648853699996,3.98,1.78,3.8400000000000003,0.14013471499993102,0.01043902000003527,0.12589971399995648,3.8220805852310336,1.3915099712183165,3.6760712724320244
17.096852671999955,3.9899999999999998,1.78,3.8400000000000003,0.0465481069999214,0.06080315500003053,0.032245249999959924,3.8324926614411146,1.3915099712183165,3.6760712724320244
17.147003277999943,3.9899999999999998,1.78,3.8400000000000003,0.09669871299990973,0.11095376100001886,0.08239585599994825,3.8324926614411146,1.3915099712183165,3.6760712724320244
17.197327938999933,4.0,1.83,3.8400000000000003,0.0030675749999318214,0.017119165999929464,0.1327205169999388,3.842902548855487,1.454922678357857,3.6760712724320244
17.247490365999965,4.0,1.83,3.8400000000000003,0.05323000199996386,0.0672815929999615,0.039103682000018125,3.842902548855487,1.454922678357857,3.6760712724320244
17.297849052999936,4.0,1.83,3.8400000000000003,0.10358868899993467,0.11764027999993232,0.08946236899998894,3.842902548855487,1.454922678357857,3.6760712724320244
17.34806259100003,4.0,1.75,3.8400000000000003,0.010007914000084384,0.02373710800009121,0.1396759070000826,3.842902548855487,1.3529227620230209,3.6760712724320244
17.398185042000023,4.0,1.75,3.87,0.06013036500007729,0.07385955900008412,0.04567840000004253,3.842902548855487,1.3529227620230209,3.7073980093860976
17.448307239999963,4.0,1.75,3.87,0.11025256300001729,0.12398175700002412,0.09580059799998253,3.842902548855487,1.3529227620230209,3.7073980093860976
17.498448104999966,4.0,1.83,3.85,0.016252302999987478,0.030249851000007766,0.0019807769999715674,3.842902548855487,1.454922678357857,3.6865159703980668
17.548811592999982,4.0,1.83,3.85,0.06661579100000381,0.0806133390000241,0.0523442649999879,3.842902548855487,1.454922678357857,3.6865159703980668
17.599047134999978,4.0,1.83,3.85,0.11685133299999961,0.1308488810000199,0.1025798069999837,3.842902548855487,1.454922678357857,3.6865159703980668
17.64938702500001,4.0,1.77,3.83,0.02288392700006625,0.037132993999989594,0.00896685800000796,3.842902548855487,1.378695035169127,3.6656240942027867
17.69972228300003,4.0,1.77,3.83,0.07321918500008451,0.08746825200000785,0.05930211600002622,3.842902548855487,1.378695035169127,3.6656240942027867
17.749943363999932,4.0,1.77,3.83,0.1234402659999887,0.13768933299991204,0.1095231969999304,3.842902548855487,1.378695035169127,3.6656240942027867
17.80027036799993,3.9899999999999998,1.78,3.83,0.029794504999927085,0.04401177799991274,0.015880044999903475,3.8324926614411146,1.3915099712183165,3.6656240942027867
17.850626287999944,3.9899999999999998,1.78,3.83,0.08015042499994252,0.09436769799992817,0.0662359649999189,3.8324926614411146,1.3915099712183165,3.6656240942027867
17.900718497999947,3.9899999999999998,1.83,3.83,0.13024263499994504,0.0005320589999655567,0.11632817499992143,3.8324926614411146,1.454922678357857,3.6656240942027867
17.951050345,4.0,1.83,3.88,0.03661143900001207,0.05086390600001778,0.02269238899998527,3.842902548855487,1.454922678357857,3.717835391729978
18.001178332999984,4.0,1.83,3.88,0.0867394269999977,0.10099189400000341,0.0728203769999709,3.842902548855487,1.454922678357857,3.717835391729978
18.051463839999997,4.0,1.8,3.88,0.13702493400001003,0.00732220400004735,0.12310588399998323,3.842902548855487,1.4170038814343453,3.717835391729978
18.101823083,4.0,1.8,3.87,0.043662777000008646,0.05768144700004996,0.029487432999985685,3.842902548855487,1.4170038814343453,3.7073980093860976
18.15213862400003,4.0,1.8,3.87,0.09397831800004042,0.10799698800008173,0.07980297400001746,3.842902548855487,1.4170038814343453,3.7073980093860976
18.202309816000025,4.0,1.76,3.87,0.14414951000003384,0.01416320100008761,0.12997416600001088,3.842902548855487,1.3658330791132567,3.7073980093860976
18.252647010000032,4.01,1.76,3.86,0.04999200000008841,0.06450039500009552,0.036332571000002645,3.8533102652135343,1.3658330791132567,3.6969582091227373
18.30300204699995,4.01,1.76,3.86,0.10034703700000591,0.11485543200001302,0.08668760799992015,3.8533102652135343,1.3658330791132567,3.6969582091227373
18.353310856000007,3.9899999999999998,1.77,3.86,0.006933991999972022,0.020882409000023472,0.13699641699997755,3.8324926614411146,1.378695035169127,3.6969582091227373
18.40363691799996,3.9899999999999998,1.77,3.85,0.05726005399992573,0.07120847099997718,0.04354992899993704,3.8324926614411146,1.378695035169127,3.6865159703980668
18.45396873599998,3.9899999999999998,1.77,3.85,0.10759187199994358,0.12154028899999503,0.09388174699995488,3.8324926614411146,1.378695035169127,3.6865159703980668
18.50428574900002,3.9899999999999998,1.77,3.85,0.15790888499998346,0.1718573020000349,0.14419875999999476,3.8324926614411146,1.378695035169127,3.6865159703980668
18.55462252999996,3.9899999999999998,1.77,3.85,0.20824566599992522,0.22219408299997667,0.19453554099993653,3.8324926614411146,1.378695035169127,3.6865159703980668
18.604944144,3.9899999999999998,1.77,3.85,0.25856727999996565,0.2725156970000171,0.24485715499997696,3.8324926614411146,1.378695035169127,3.6865159703980668
18.65522965399998,4.0,1.82,3.88,0.02113622599995324,0.034825786000055814,0.007025475999967057,3.842902548855487,1.4423245127224318,3.717835391729978
18.70560216900003,4.0,1.82,3.88,0.07150874100000237,0.08519830100010495,0.05739799100001619,3.842902548855487,1.4423245127224318,3.717835391729978
18.755928695999955,4.0,1.82,3.88,0.12183526799992705,0.13552482800002963,0.10772451799994087,3.842902548855487,1.4423245127224318,3.717835391729978
18.80605609899999,4.01,1.78,3.85,0.02781224700004259,0.04199197399998411,0.01387859400006164,3.8533102652135343,1.3915099712183165,3.6865159703980668
18.856387489999975,4.01,1.78,3.85,0.07814363800002866,0.09232336499997018,0.06420998500004771,3.8533102652135343,1.3915099712183165,3.6865159703980668
18.906729487999996,4.01,1.78,3.85,0.12848563600005036,0.14266536299999188,0.11455198300006941,3.8533102652135343,1.3915099712183165,3.6865159703980668
18.957072988999926,3.9899999999999998,1.87,3.86,0.034845010999902115,0.04893816399999196,0.02093683299995064,3.8324926614411146,1.5049252473129688,3.6969582091227373
19.007390094000016,3.9899999999999998,1.87,3.86,0.08516211599999224,0.09925526900008208,0.07125393800004076,3.8324926614411146,1.5049252473129688,3.6969582091227373
19.057725471000026,3.9899999999999998,1.83,3.86,0.13549749300000258,0.005446612000014284,0.1215893150000511,3.8324926614411146,1.454922678357857,3.6969582091227373
19.108053272999996,3.9899999999999998,1.83,3.85,0.04211827300002824,0.05577441399998406,0.027850325000031262,3.8324926614411146,1.454922678357857,3.6865159703980668
19.15839210699994,3.9899999999999998,1.83,3.85,0.0924571069999729,0.10611324799992872,0.07818915899997592,3.8324926614411146,1.454922678357857,3.6865159703980668
19.20872749299997,3.9899999999999998,1.83,3.85,0.14279249300000174,0.15644863399995756,0.12852454500000476,3.8324926614411146,1.454922678357857,3.6865159703980668
19.25907393800003,3.9899999999999998,1.83,3.85,0.193138938000061,0.2067950790000168,0.178870990000064,3.8324926614411146,1.454922678357857,3.6865159703980668
19.309397955999998,3.9899999999999998,1.83,3.85,0.24346295600003032,0.25711909699998614,0.22919500800003334,3.8324926614411146,1.454922678357857,3.6865159703980668
19.359739923000006,4.0,1.79,3.85,0.005575192000037532,0.019743527000059657,0.2795369750000418,3.842902548855487,1.4042791745233565,3.6865159703980668
19.410078364000015,4.0,1.79,3.85,0.05591363300004559,0.07008196800006772,0.04232547300000533,3.842902548855487,1.4042791745233565,3.6865159703980668
19.46039844500001,4.0,1.79,3.85,0.10623371400004089,0.12040204900006302,0.09264555400000063,3.842902548855487,1.4042791745233565,3.6865159703980668
19.510687342999972,4.0,1.78,3.85,0.012595477999980176,0.026509315999987848,0.14293445199996313,3.842902548855487,1.3915099712183165,3.6865159703980668
19.56102264799995,4.0,1.78,3.87,0.06293078299995614,0.07684462099996381,0.04928293299997222,3.842902548855487,1.3915099712183165,3.7073980093860976
19.61125817499999,4.0,1.78,3.87,0.11316630999999688,0.12708014800000456,0.09951846000001296,3.842902548855487,1.3915099712183165,3.7073980093860976
19.661592611999936,3.9899999999999998,1.8,3.8400000000000003,0.01948516999993899,0.03346088399996461,0.005582870000012008,3.8324926614411146,1.4170038814343453,3.6760712724320244
19.71188647500003,3.9899999999999998,1.8,3.8400000000000003,0.06977903300003163,0.08375474700005725,0.05587673300010465,3.8324926614411146,1.4170038814343453,3.6760712724320244
19.762214501000017,3.9899999999999998,1.8,3.8400000000000003,0.12010705900001994,0.13408277300004556,0.10620475900009296,3.8324926614411146,1.4170038814343453,3.6760712724320244
19.812580131999994,4.01,1.69,3.83,0.026508379999995668,0.04041951900001095,0.01257606299998315,3.8533102652135343,1.274362585765919,3.6656240942027867
19.862902469999995,4.01,1.69,3.83,0.07683071799999652,0.0907418570000118,0.062898400999984,3.8533102652135343,1.274362585765919,3.6656240942027867
19.913238905999947,4.01,1.69,3.83,0.12716715399994882,0.1410782929999641,0.1132348369999363,3.8533102652135343,1.274362585765919,3.6656240942027867
19.96364908199996,3.98,1.75,3.85,0.03360967699995854,0.047670398000036585,0.019382899999982328,3.8220805852310336,1.3529227620230209,3.6865159703980668
20.013966976999995,3.98,1.75,3.85,0.08392757199999323,0.09798829300007128,0.06970079500001702,3.8220805852310336,1.3529227620230209,3.6865159703980668
20.06428029999995,3.98,1.76,3.85,0.13424089499994807,0.0042022339999903124,0.12001411799997186,3.8220805852310336,1.3658330791132567,3.6865159703980668
20.114571857999977,3.9899999999999998,1.76,3.83,0.040930316999947536,0.05449379200001658,0.02634624999996049,3.8324926614411146,1.3658330791132567,3.6656240942027867
20.16471594699999,3.9899999999999998,1.76,3.83,0.09107440599996153,0.10463788100003057,0.07649033899997448,3.8324926614411146,1.3658330791132567,3.6656240942027867
20.215052643000035,3.9899999999999998,1.83,3.83,0.1414111020000064,0.011012439000069207,0.12682703500001935,3.8324926614411146,1.454922678357857,3.6656240942027867
20.26540119699996,4.01,1.83,3.9,0.04742836599996281,0.06136099299999387,0.03321252699993238,3.8533102652135343,1.454922678357857,3.73870298365623
20.31573059599998,4.01,1.83,3.9,0.09775776499998301,0.11169039200001407,0.08354192599995258,3.8533102652135343,1.454922678357857,3.73870298365623
20.366036598999926,4.0,1.77,3.9,0.003776018999928965,0.01801064399990082,0.1338479289998986,3.842902548855487,1.378695035169127,3.73870298365623
20.416379269000004,4.0,1.77,3.85,0.05411868900000627,0.06835331399997813,0.04030473099999199,3.842902548855487,1.378695035169127,3.6865159703980668
20.466712426999948,4.0,1.77,3.85,0.10445184699995025,0.1186864719999221,0.09063788899993597,3.842902548855487,1.378695035169127,3.6865159703980668
20.517060428000036,3.98,1.82,3.85,0.010842520000096556,0.02503742900000816,0.14098589000002448,3.8220805852310336,1.4423245127224318,3.6865159703980668
20.567405624999992,3.98,1.82,3.85,0.061187717000052544,0.07538262599996415,0.047256315000026916,3.8220805852310336,1.4423245127224318,3.6865159703980668
20.61748575699994,3.98,1.82,3.85,0.11126784900000075,0.12546275799991236,0.09733644699997512,3.8220805852310336,1.4423245127224318,3.6865159703980668
20.667840561999924,4.01,1.82,3.83,0.017662087999951837,0.032103408999887506,0.003956501999937245,3.8533102652135343,1.4423245127224318,3.6656240942027867
20.71817415299995,4.01,1.82,3.83,0.06799567899997783,0.0824369999999135,0.054290092999963235,3.8533102652135343,1.4423245127224318,3.6656240942027867
20.768510858000013,4.01,1.82,3.83,0.1183323840000412,0.13277370499997687,0.10462679800002661,3.8533102652135343,1.4423245127224318,3.6656240942027867
20.818826094999963,3.98,1.77,3.85,0.024682258999973783,0.03888627499998165,0.010753759999943213,3.8220805852310336,1.378695035169127,3.6865159703980668
20.869143780999934,3.98,1.77,3.85,0.074999944999945,0.08920396099995287,0.06107144599991443,3.8220805852310336,1.378695035169127,3.6865159703980668
20.919436561999987,3.98,1.77,3.85,0.12529272599999786,0.13949674200000572,0.11136422699996729,3.8220805852310336,1.378695035169127,3.6865159703980668
20.969595185999992,4.0200000000000005,1.75,3.8400000000000003,0.03171858500002145,0.045674650000023576,0.01751927700001943,3.863715828059823,1.3529227620230209,3.6760712724320244
21.019713685999932,4.0200000000000005,1.75,3.8400000000000003,0.08183708499996101,0.09579314999996313,0.06763777699995899,3.863715828059823,1.3529227620230209,3.6760712724320244
21.070030174999943,4.0200000000000005,1.79,3.8400000000000003,0.13215357399997174,0.0018427879999762808,0.11795426599996972,3.863715828059823,1.4042791745233565,3.6760712724320244
21.120368859999985,3.9899999999999998,1.79,3.8400000000000003,0.03817939700002171,0.05218147300001874,0.024350557000047957,3.8324926614411146,1.4042791745233565,3.6760712724320244
21.17051186599997,3.9899999999999998,1.79,3.8400000000000003,0.08832240300000649,0.10232447900000352,0.07449356300003274,3.8324926614411146,1.4042791745233565,3.6760712724320244
21.220845733000033,3.9899999999999998,1.79,3.8400000000000003,0.13865627000006953,0.00868152700002156,0.12482743000009577,3.8324926614411146,1.4042791745233565,3.6760712724320244
21.27111546699996,3.9899999999999998,1.79,3.83,0.0451382559999729,0.05895126099994741,0.031072871999981544,3.8324926614411146,1.4042791745233565,3.6656240942027867
21.321452150000027,3.9899999999999998,1.79,3.83,0.09547493900004156,0.10928794400001607,0.0814095550000502,3.8324926614411146,1.4042791745233565,3.6656240942027867
21.37153815199997,3.9899999999999998,1.78,3.83,0.0014836909999758063,0.01564372600000752,0.13149555699999382,3.8324926614411146,1.3915099712183165,3.6656240942027867
21.421872524000037,3.9899999999999998,1.78,3.8400000000000003,0.05181806300004155,0.06597809800007326,0.037886988000082056,3.8324926614411146,1.3915099712183165,3.6760712724320244
21.472206144999973,3.9899999999999998,1.78,3.8400000000000003,0.10215168399997765,0.11631171900000936,0.08822060900001816,3.8324926614411146,1.3915099712183165,3.6760712724320244
21.522537164000028,3.9899999999999998,1.78,3.8400000000000003,0.15248270300003242,0.16664273800006413,0.13855162800007292,3.8324926614411146,1.3915099712183165,3.6760712724320244
21.572862482999994,3.9899999999999998,1.78,3.8400000000000003,0.20280802199999926,0.21696805700003097,0.18887694700003976,3.8324926614411146,1.3915099712183165,3.6760712724320244
21.62320466099993,3.9899999999999998,1.78,3.8400000000000003,0.2531501999999364,0.2673102349999681,0.23921912499997688,3.8324926614411146,1.3915099712183165,3.6760712724320244
21.673368968999966,4.0,1.85,3.88,0.015376443000036488,0.029278602999966097,0.0017691839999542935,3.842902548855487,1.4800000000000002,3.717835391729978
21.723486885999932,4.0,1.85,3.88,0.06549436000000242,0.07939651999993202,0.05188710099992022,3.842902548855487,1.4800000000000002,3.717835391729978
21.773570791999987,4.0,1.85,3.88,0.11557826600005683,0.12948042599998644,0.10197100699997463,3.842902548855487,1.4800000000000002,3.717835391729978
21.823913293000032,3.97,1.74,3.8400000000000003,0.021954555000093023,0.03586983600007443,0.00801553700000568,3.8116663022882786,1.3399626860476377,3.6760712724320244
21.874229018999927,3.97,1.74,3.8400000000000003,0.07227028099998734,0.08618556199996874,0.05833126299989999,3.8116663022882786,1.3399626860476377,3.6760712724320244
21.924420413000007,3.97,1.74,3.8400000000000003,0.12246167500006777,0.13637695600004918,0.10852265699998043,3.8116663022882786,1.3399626860476377,3.6760712724320244
21.974758103,3.98,1.82,3.8400000000000003,0.028834985000003144,0.0430426240000088,0.014899353000032534,3.8220805852310336,1.4423245127224318,3.6760712724320244
22.024883631999955,3.98,1.82,3.8400000000000003,0.0789605139999594,0.09316815299996506,0.06502488199998879,3.8220805852310336,1.4423245127224318,3.6760712724320244
22.075200652000035,3.98,1.82,3.8400000000000003,0.12927753400003894,0.1434851730000446,0.11534190200006833,3.8220805852310336,1.4423245127224318,3.6760712724320244
22.125536756999963,4.01,1.78,3.8400000000000003,0.03560451299995293,0.04937635199996748,0.021673510000027818,3.8533102652135343,1.3915099712183165,3.6760712724320244
22.175870481999937,4.01,1.78,3.8400000000000003,0.08593823799992606,0.09971007699994061,0.07200723500000095,3.8533102652135343,1.3915099712183165,3.6760712724320244
22.226204530000018,4.01,1.8,3.8400000000000003,0.13627228600000763,0.006232828000065638,0.12234128300008251,3.8533102652135343,1.4170038814343453,3.6760712724320244
22.276566715999934,3.9899999999999998,1.8,3.88,0.04301070599990453,0.05659501399998135,0.029027227999904426,3.8324926614411146,1.4170038814343453,3.717835391729978
22.326708661999987,3.9899999999999998,1.8,3.88,0.09315265199995792,0.10673696000003474,0.07916917399995782,3.8324926614411146,1.4170038814343453,3.717835391729978
22.377008084999943,3.9899999999999998,1.86,3.88,0.14345207499991375,0.013247887999909835,0.12946859699991364,3.8324926614411146,1.49248115565993,3.717835391729978
22.427134791999947,4.0,1.86,3.86,0.04921355399994809,0.06337459499991382,0.03532052599996405,3.842902548855487,1.49248115565993,3.6969582091227373
22.477476916,4.0,1.86,3.86,0.09955567800000154,0.11371671899996727,0.08566265000001749,3.842902548855487,1.49248115565993,3.6969582091227373
22.527843649000033,3.9899999999999998,1.83,3.86,0.006347710000000006,0.01995330300007936,0.13602938300005007,3.8324926614411146,1.454922678357857,3.6969582091227373
22.57815966999999,3.9899999999999998,1.83,3.85,0.056663730999957806,0.07026932400003716,0.042784235999988596,3.8324926614411146,1.454922678357857,3.6865159703980668
22.628480958999944,3.9899999999999998,1.83,3.85,0.10698501999991095,0.1205906129999903,0.09310552499994174,3.8324926614411146,1.454922678357857,3.6865159703980668
22.678814086999978,4.0200000000000005,1.77,3.85,0.013057800999945357,0.026962855999954627,0.1434386529999756,3.863715828059823,1.378695035169127,3.6865159703980668
22.729159928999934,4.0200000000000005,1.77,3.8400000000000003,0.06340364299990142,0.07730869799991069,0.04942352899990965,3.863715828059823,1.378695035169127,3.6760712724320244
22.77945664799995,4.0200000000000005,1.77,3.8400000000000003,0.11370036199991773,0.127605416999927,0.09972024799992596,3.863715828059823,1.378695035169127,3.6760712724320244
22.82964252299996,3.98,1.75,3.86,0.0198989169999777,0.03383074900000338,0.005650091000006796,3.8220805852310336,1.3529227620230209,3.6969582091227373
22.87983645399993,3.98,1.75,3.86,0.07009284799994475,0.08402467999997043,0.05584402199997385,3.8220805852310336,1.3529227620230209,3.6969582091227373
22.929978655000014,3.98,1.75,3.86,0.1202350490000299,0.13416688100005558,0.105986223000059,3.8220805852310336,1.3529227620230209,3.6969582091227373
22.980306929999983,3.9899999999999998,1.77,3.85,0.02656809699999485,0.04080505000001722,0.012329465999982858,3.8324926614411146,1.378695035169127,3.6865159703980668
23.030639985999983,3.9899999999999998,1.77,3.85,0.07690115299999434,0.0911381060000167,0.06266252199998235,3.8324926614411146,1.378695035169127,3.6865159703980668
23.080763646000037,3.9899999999999998,1.77,3.85,0.1270248130000482,0.14126176600007057,0.1127861820000362,3.8324926614411146,1.378695035169127,3.6865159703980668
23.131021893000025,3.9899999999999998,1.8,3.83,0.033368267000014384,0.04757081900004323,0.019079702999988513,3.8324926614411146,1.4170038814343453,3.6656240942027867
23.18133154999998,3.9899999999999998,1.8,3.83,0.08367792399997143,0.09788047600000027,0.06938935999994555,3.8324926614411146,1.4170038814343453,3.6656240942027867
23.231448734999958,3.9899999999999998,1.8,3.83,0.13379510899994784,0.00371993199996723,0.11950654499992197,3.8324926614411146,1.4170038814343453,3.6656240942027867
23.281751570999973,4.01,1.8,3.88,0.039787888999967436,0.054022767999981625,0.02585116900002049,3.8533102652135343,1.4170038814343453,3.717835391729978
23.332109771999967,4.01,1.8,3.88,0.09014608999996199,0.10438096899997618,0.07620937000001504,3.8533102652135343,1.4170038814343453,3.717835391729978
23.382401615999925,4.01,1.82,3.88,0.14043793399991955,0.010652201999960198,0.1265012139999726,3.8533102652135343,1.4423245127224318,3.717835391729978
23.432733146000032,4.0,1.82,3.85,0.046895660000018324,0.0609837320000679,0.0328540080000721,3.842902548855487,1.4423245127224318,3.6865159703980668
23.48305246999996,4.0,1.82,3.85,0.09721498399994744,0.11130305599999701,0.08317333200000121,3.842902548855487,1.4423245127224318,3.6865159703980668
23.533351970000012,3.98,1.79,3.85,0.0034116020000283243,0.01793806199998471,0.13347283200005222,3.8220805852310336,1.4042791745233565,3.6865159703980668
23.583686301999933,3.98,1.79,3.87,0.05374593399994865,0.06827239399990503,0.04003211699989606,3.8220805852310336,1.4042791745233565,3.7073980093860976
23.63403129200003,3.98,1.79,3.87,0.10409092400004738,0.11861738400000377,0.0903771069999948,3.8220805852310336,1.4042791745233565,3.7073980093860976
23.68429025499995,3.9899999999999998,1.77,3.87,0.01057730000002266,0.02470491700000821,0.14063606999991407,3.8324926614411146,1.378695035169127,3.7073980093860976
23.734633198999973,3.9899999999999998,1.77,3.85,0.06092024400004448,0.07504786100003003,0.04682055199998558,3.8324926614411146,1.378695035169127,3.6865159703980668
23.784986457999935,3.9899999999999998,1.77,3.85,0.11127350300000671,0.12540111999999226,0.09717381099994782,3.8324926614411146,1.378695035169127,3.6865159703980668
23.835329709999996,3.9899999999999998,1.74,3.86,0.017466150000018388,0.03139935000001515,0.003595461000031719,3.8324926614411146,1.3399626860476377,3.6969582091227373
23.88565608099998,3.9899999999999998,1.74,3.86,0.06779252100000122,0.08172572099999798,0.05392183200001455,3.8324926614411146,1.3399626860476377,3.6969582091227373
23.93600075300003,3.9899999999999998,1.74,3.86,0.11813719300005232,0.13207039300004908,0.10426650400006565,3.8324926614411146,1.3399626860476377,3.6969582091227373
23.986229710999964,3.9899999999999998,1.8,3.88,0.02440527800001746,0.03830486100002872,0.010659492999934628,3.8324926614411146,1.4170038814343453,3.717835391729978
24.036570393000034,3.9899999999999998,1.8,3.88,0.0747459600000866,0.08864554300009786,0.061000175000003765,3.8324926614411146,1.4170038814343453,3.717835391729978
24.086904852999965,3.9899999999999998,1.8,3.88,0.1250804200000175,0.13898000300002877,0.11133463499993468,3.8324926614411146,1.4170038814343453,3.717835391729978
24.137261446000025,3.9899999999999998,1.83,3.83,0.031514420000007703,0.045342871999991985,0.0178028830000585,3.8324926614411146,1.454922678357857,3.6656240942027867
24.18758853099996,3.9899999999999998,1.83,3.83,0.08184150499994303,0.09566995699992731,0.06812996799999382,3.8324926614411146,1.454922678357857,3.6656240942027867
24.237910418999945,3.9899999999999998,1.82,3.83,0.13216339299992796,0.002334810999968795,0.11845185599997876,3.8324926614411146,1.4423245127224318,3.6656240942027867
24.288238353999986,4.0,1.82,3.85,0.03869301700001415,0.052662746000009975,0.02459738400000333,3.842902548855487,1.4423245127224318,3.6865159703980668
24.338537618000032,4.0,1.82,3.85,0.08899228100005985,0.10296201000005567,0.07489664800004903,3.842902548855487,1.4423245127224318,3.6865159703980668
24.388682950999964,4.0,1.79,3.85,0.13913761399999203,0.009065011999950912,0.1250419809999812,3.842902548855487,1.4042791745233565,3.6865159703980668
24.439017809999996,3.97,1.79,3.86,0.04530731400006971,0.05939987099998234,0.0313816919999681,3.8116663022882786,1.4042791745233565,3.6969582091227373
24.489161997999986,3.97,1.79,3.86,0.09545150200005992,0.10954405899997255,0.0815258799999583,3.8116663022882786,1.4042791745233565,3.6969582091227373
24.53949291899994,3.97,1.79,3.86,0.1457824230000142,0.15987497999992684,0.1318568009999126,3.8116663022882786,1.4042791745233565,3.6969582091227373
24.58984206499997,3.97,1.79,3.86,0.1961315690000447,0.21022412599995732,0.18220594699994308,3.8116663022882786,1.4042791745233565,3.6969582091227373
24.64012633799996,3.97,1.79,3.86,0.24641584200003308,0.2605083989999457,0.23249021999993147,3.8116663022882786,1.4042791745233565,3.6969582091227373
24.69033626299995,3.9899999999999998,1.82,3.86,0.008874946999981148,0.022627403999990747,0.2827001449999216,3.8324926614411146,1.4423245127224318,3.6969582091227373
24.740669120999996,3.9899999999999998,1.82,3.8400000000000003,0.0592078050000282,0.0729602620000378,0.045264386999974704,3.8324926614411146,1.4423245127224318,3.6760712724320244
24.790988605999928,3.9899999999999998,1.82,3.8400000000000003,0.10952728999995998,0.12327974699996957,0.09558387199990648,3.8324926614411146,1.4423245127224318,3.6760712724320244
24.841301801999975,4.0,1.76,3.89,0.015705031000038616,0.029622793000044112,0.0017685049999727198,3.842902548855487,1.3658330791132567,3.7282703764614498
24.891633355999943,4.0,1.76,3.89,0.0660365850000062,0.0799543470000117,0.0521000589999403,3.842902548855487,1.3658330791132567,3.7282703764614498
24.94196255999998,4.0,1.76,3.89,0.11636578900004224,0.13028355100004774,0.10242926299997634,3.842902548855487,1.3658330791132567,3.7282703764614498
24.992447771000002,3.9899999999999998,1.8,3.86,0.022852448999969965,0.036812798000028124,0.008961607000060212,3.8324926614411146,1.4170038814343453,3.6969582091227373
25.042818686000032,3.9899999999999998,1.8,3.86,0.0732233640000004,0.08718371300005856,0.05933252200009065,3.8324926614411146,1.4170038814343453,3.6969582091227373
25.09316511299994,3.9899999999999998,1.8,3.86,0.12356979099990895,0.1375301399999671,0.10967894899999919,3.8324926614411146,1.4170038814343453,3.6969582091227373
25.143501227,4.03,1.76,3.89,0.029914571000063006,0.04416536899998391,0.016073610000034932,3.8741192547468133,1.3658330791132567,3.7282703764614498
25.19385270800001,4.03,1.76,3.89,0.08026605200006998,0.09451684999999088,0.0664250910000419,3.8741192547468133,1.3658330791132567,3.7282703764614498
25.244014452999977,4.03,1.82,3.89,0.13042779700003848,0.0005976009999812959,0.11658683600001041,3.8741192547468133,1.4423245127224318,3.7282703764614498
25.294316099999946,4.0200000000000005,1.82,3.86,0.03674287599994841,0.0508992479999506,0.02289813899994897,3.863715828059823,1.4423245127224318,3.6969582091227373
25.34464639600003,4.0200000000000005,1.82,3.86,0.08707317200003217,0.10122954400003437,0.07322843500003273,3.863715828059823,1.4423245127224318,3.6969582091227373
25.394985225000028,4.0200000000000005,1.83,3.86,0.1374120010000297,0.007421088000000964,0.12356726400003026,3.863715828059823,1.454922678357857,3.6969582091227373
25.44531528999994,3.98,1.83,3.88,0.04401534699991316,0.05775115299991285,0.030001005999906738,3.8220805852310336,1.454922678357857,3.717835391729978
25.495659331999946,3.98,1.83,3.88,0.09435938899991925,0.10809519499991893,0.08034504799991282,3.8220805852310336,1.454922678357857,3.717835391729978
25.54580634399997,4.0,1.8,3.88,0.00037367699997048476,0.014320531999942432,0.13049205999993774,3.842902548855487,1.4170038814343453,3.717835391729978
25.59601902199995,4.0,1.8,3.8400000000000003,0.050586354999950345,0.06453320999992229,0.036320568999940406,3.842902548855487,1.4170038814343453,3.6760712724320244
25.646357593999937,4.0,1.8,3.8400000000000003,0.10092492699993727,0.11487178199990922,0.08665914099992733,3.842902548855487,1.4170038814343453,3.6760712724320244
25.696693068999934,3.9899999999999998,1.8,3.8400000000000003,0.007279425999968225,0.02120605299990075,0.13699461599992446,3.8324926614411146,1.4170038814343453,3.6760712724320244
25.747030620000032,3.9899999999999998,1.8,3.85,0.05761697700006607,0.0715436039999986,0.043584578000036345,3.8324926614411146,1.4170038814343453,3.6865159703980668
25.79734789600002,3.9899999999999998,1.8,3.85,0.1079342530000531,0.12186087999998563,0.09390185400002338,3.8324926614411146,1.4170038814343453,3.6865159703980668
25.847628775999965,4.0,1.79,3.85,0.014256557999942743,0.028163511000002472,0.14418273399996906,3.842902548855487,1.4042791745233565,3.6865159703980668
25.897848554000007,4.0,1.79,3.86,0.06447633599998426,0.07838328900004399,0.0499817529999973,3.842902548855487,1.4042791745233565,3.6969582091227373
25.948184682000033,4.0,1.79,3.86,0.11481246400001055,0.12871941700007028,0.10031788100002359,3.842902548855487,1.4042791745233565,3.6969582091227373
25.998271030999945,4.03,1.76,3.87,0.021209125999916978,0.034933648999981415,0.006997441999942566,3.8741192547468133,1.3658330791132567,3.7073980093860976
26.04860798699997,4.03,1.76,3.87,0.07154608199994072,0.08527060500000516,0.05733439799996631,3.8741192547468133,1.3658330791132567,3.7073980093860976
26.098946602999945,4.03,1.76,3.87,0.12188469799991708,0.13560922099998152,0.10767301399994267,3.8741192547468133,1.3658330791132567,3.7073980093860976
26.14922130299999,3.9899999999999998,1.8,3.83,0.0275573380000651,0.04202288999999837,0.013642609000044104,3.8324926614411146,1.4170038814343453,3.6656240942027867
26.199594501999968,3.9899999999999998,1.8,3.83,0.07793053700004293,0.0923960889999762,0.06401580800002193,3.8324926614411146,1.4170038814343453,3.6656240942027867
26.249917588000017,3.9899999999999998,1.8,3.83,0.12825362300009147,0.14271917500002473,0.11433889400007047,3.8324926614411146,1.4170038814343453,3.6656240942027867
26.300255410999966,4.0200000000000005,1.75,3.85,0.0346268539999528,0.04918450100001337,0.02072345999999925,3.863715828059823,1.3529227620230209,3.6865159703980668
26.350553274999925,4.0200000000000005,1.75,3.85,0.08492471799991108,0.09948236499997165,0.07102132399995753,3.863715828059823,1.3529227620230209,3.6865159703980668
26.400891070999933,4.0200000000000005,1.79,3.85,0.13526251399991907,0.00559382399990227,0.12135911999996551,3.863715828059823,1.4042791745233565,3.6865159703980668
26.45122405899997,3.98,1.79,3.8400000000000003,0.04192454600001838,0.055926811999938764,0.027851306000002296,3.8220805852310336,1.4042791745233565,3.6760712724320244
26.50155135199998,3.98,1.79,3.8400000000000003,0.09225183900002776,0.10625410499994814,0.07817859900001167,3.8220805852310336,1.4042791745233565,3.6760712724320244
26.55188160399996,3.98,1.83,3.8400000000000003,0.1425820910000084,0.012842402999922342,0.12850885099999232,3.8220805852310336,1.454922678357857,3.6760712724320244
26.602211592999993,4.0,1.83,3.83,0.04874302100006389,0.06317239199995583,0.03483970100000988,3.842902548855487,1.454922678357857,3.6656240942027867
26.652453444000002,4.0,1.83,3.83,0.09898487200007366,0.11341424299996561,0.08508155200001966,3.842902548855487,1.454922678357857,3.6656240942027867
26.70281004200001,3.98,1.83,3.83,0.005267568000022038,0.01954253400003836,0.13543815000002724,3.8220805852310336,1.454922678357857,3.6656240942027867
26.753146763000018,3.98,1.83,3.87,0.055604289000029894,0.06987925500004621,0.04196705100002873,3.8220805852310336,1.454922678357857,3.7073980093860976
26.80346625100003,3.98,1.83,3.87,0.10592377700004363,0.12019874300005995,0.09228653900004247,3.8220805852310336,1.454922678357857,3.7073980093860976
26.85382907199994,3.98,1.79,3.87,0.012326965999932327,0.026392823999913162,0.14264935999995032,3.8220805852310336,1.4042791745233565,3.7073980093860976
26.904147486999932,3.98,1.79,3.85,0.06264538099992478,0.07671123899990562,0.04899360299998534,3.8220805852310336,1.4042791745233565,3.6865159703980668
26.954478670999947,3.98,1.79,3.85,0.11297656499993991,0.12704242299992075,0.09932478700000047,3.8220805852310336,1.4042791745233565,3.6865159703980668
27.004838967999945,4.01,1.75,3.85,0.01936978799994904,0.03328323099992758,0.005392162000021017,3.8533102652135343,1.3529227620230209,3.6865159703980668
27.055198132999976,4.01,1.75,3.85,0.06972895299998072,0.08364239599995926,0.0557513270000527,3.8533102652135343,1.3529227620230209,3.6865159703980668
27.105341272000032,4.01,1.75,3.85,0.1198720920000369,0.13378553500001544,0.10589446600010888,3.8533102652135343,1.3529227620230209,3.6865159703980668
27.15546097799995,4.01,1.76,3.85,0.026033163999954922,0.03995048000001589,0.012117725999928552,3.8533102652135343,1.3658330791132567,3.6865159703980668
27.205757370000015,4.01,1.76,3.85,0.07632955600001878,0.09024687200007975,0.06241411799999241,3.8533102652135343,1.3658330791132567,3.6865159703980668
27.256098114999986,4.01,1.76,3.85,0.1266703009999901,0.14058761700005107,0.11275486299996373,3.8533102652135343,1.3658330791132567,3.6865159703980668
27.30624060399998,4.01,1.78,3.85,0.03281558399999085,0.04674931900001411,0.01891081500002656,3.8533102652135343,1.3915099712183165,3.6865159703980668
27.356581215999995,4.01,1.78,3.85,0.08315619600000446,0.09708993100002772,0.06925142700004017,3.8533102652135343,1.3915099712183165,3.6865159703980668
27.40691821500002,4.01,1.75,3.85,0.1334931950000282,0.003449098000032791,0.11958842600006392,3.8533102652135343,1.3529227620230209,3.6865159703980668
27.457244555999978,4.0,1.75,3.85,0.03996548099996744,0.05377543899999182,0.02596146600001248,3.842902548855487,1.3529227620230209,3.6865159703980668
27.507589671000005,4.0,1.75,3.85,0.0903105959999948,0.10412055400001918,0.07630658100003984,3.842902548855487,1.3529227620230209,3.6865159703980668
27.557907245000024,4.0,1.75,3.85,0.1406281700000136,0.15443812800003798,0.12662415500005864,3.842902548855487,1.3529227620230209,3.6865159703980668
27.608254609000028,4.0,1.75,3.85,0.19097553400001743,0.2047854920000418,0.17697151900006247,3.842902548855487,1.3529227620230209,3.6865159703980668
27.65857908299995,4.0,1.75,3.85,0.24130000799993923,0.2551099659999636,0.22729599299998426,3.842902548855487,1.3529227620230209,3.6865159703980668
27.708909791999986,4.0,1.76,3.85,0.003593317999957435,0.01753256999995756,0.2776267020000205,3.842902548855487,1.3658330791132567,3.6865159703980668
27.759189066999966,4.0,1.76,3.86,0.0538725929999373,0.06781184499993742,0.0400559349999412,3.842902548855487,1.3658330791132567,3.6969582091227373
27.80954542199993,4.0,1.76,3.86,0.1042289479998999,0.11816819999990003,0.0904122899999038,3.842902548855487,1.3658330791132567,3.6969582091227373
27.85987004599997,4.01,1.75,3.86,0.01058831700004248,0.024480594999999994,0.1407369139999446,3.8533102652135343,1.3529227620230209,3.6969582091227373
27.910208600000033,4.01,1.75,3.85,0.060926871000106075,0.07481914900006359,0.04697023700009595,3.8533102652135343,1.3529227620230209,3.6865159703980668
27.960506418000023,4.01,1.75,3.85,0.11122468900009608,0.1251169670000536,0.09726805500008595,3.8533102652135343,1.3529227620230209,3.6865159703980668
28.010618601000033,4.01,1.75,3.83,0.01736978300004921,0.031238645000030374,0.0034148920000234284,3.8533102652135343,1.3529227620230209,3.6656240942027867
28.060755796999956,4.01,1.75,3.83,0.06750697899997249,0.08137584099995365,0.05355208799994671,3.8533102652135343,1.3529227620230209,3.6656240942027867
28.111084594999966,4.01,1.75,3.83,0.11783577699998204,0.1317046389999632,0.10388088599995626,3.8533102652135343,1.3529227620230209,3.6656240942027867
28.161316383999974,4.0,1.78,3.85,0.024105101000031937,0.03799400200000491,0.010117480999952022,3.842902548855487,1.3915099712183165,3.6865159703980668
28.211651294000035,4.0,1.78,3.85,0.07444001100009245,0.08832891200006543,0.06045239100001254,3.842902548855487,1.3915099712183165,3.6865159703980668
28.261979138000015,4.0,1.78,3.85,0.12476785500007281,0.1386567560000458,0.1107802349999929,3.842902548855487,1.3915099712183165,3.6865159703980668
28.312311180999927,4.01,1.82,3.86,0.031092354999941563,0.045013122000000294,0.01717978099998163,3.8533102652135343,1.4423245127224318,3.6969582091227373
28.36264208900002,4.01,1.82,3.86,0.08142326300003333,0.09534403000009206,0.0675106890000734,3.8533102652135343,1.4423245127224318,3.6969582091227373
28.412923008999996,4.01,1.78,3.86,0.13170418300001074,0.0016844059999812089,0.11779160900005081,3.8533102652135343,1.3915099712183165,3.6969582091227373
28.46326073299997,4.01,1.78,3.83,0.03809769600002255,0.052022129999954814,0.02385361999995439,3.8533102652135343,1.3915099712183165,3.6656240942027867
28.513588087000016,4.01,1.78,3.83,0.08842505000006895,0.10234948400000121,0.07418097400000079,3.8533102652135343,1.3915099712183165,3.6656240942027867
28.563919974999976,4.01,1.79,3.83,0.13875693800002864,0.008720427999946878,0.12451286199996048,3.8533102652135343,1.4042791745233565,3.6656240942027867
28.61424316199998,4.01,1.79,3.85,0.045048332999954255,0.05904361499995048,0.030856674999995448,3.8533102652135343,1.4042791745233565,3.6865159703980668
28.66456601999994,4.01,1.79,3.85,0.09537119099991287,0.10936647299990909,0.08117953299995406,3.8533102652135343,1.4042791745233565,3.6865159703980668
28.71489033499995,3.98,1.79,3.85,0.0017168800000035844,0.015688270999930864,0.13150384799996573,3.8220805852310336,1.4042791745233565,3.6865159703980668
28.765208110999993,3.98,1.79,3.8400000000000003,0.0520346560000462,0.06600604699997348,0.0378649399999631,3.8220805852310336,1.4042791745233565,3.6760712724320244
28.815550309999935,3.98,1.79,3.8400000000000003,0.10237685499998861,0.11634824599991589,0.08820713899990551,3.8220805852310336,1.4042791745233565,3.6760712724320244
28.865846111999986,4.04,1.78,3.8400000000000003,0.008419014999958563,0.022703283000055308,0.13850294099995608,3.884520562437532,1.3915099712183165,3.6760712724320244
28.91617557799998,4.04,1.78,3.85,0.058748480999952335,0.07303274900004908,0.044836119000024155,3.884520562437532,1.3915099712183165,3.6865159703980668
28.96651640799996,4.04,1.78,3.85,0.10908931099993424,0.12337357900003099,0.09517694900000606,3.884520562437532,1.3915099712183165,3.6865159703980668
29.016661753999983,4.0,1.78,3.88,0.01528623299998344,0.02958054299995183,0.0014900789999501285,3.842902548855487,1.3915099712183165,3.717835391729978
29.066985595000006,4.0,1.78,3.88,0.06561007400000562,0.07990438399997402,0.05181391999997231,3.842902548855487,1.3915099712183165,3.717835391729978
29.117306848999988,4.0,1.78,3.88,0.11593132799998784,0.13022563799995623,0.10213517399995453,3.842902548855487,1.3915099712183165,3.717835391729978
29.167645860999983,3.98,1.8,3.85,0.0223028880000129,0.0365548879999551,0.008356120000030387,3.8220805852310336,1.4170038814343453,3.6865159703980668
29.21800318800001,3.98,1.8,3.85,0.07266021500004172,0.08691221499998392,0.058713447000059205,3.8220805852310336,1.4170038814343453,3.6865159703980668
29.26823479099994,3.98,1.8,3.85,0.12289181799997095,0.13714381799991315,0.10894504999998844,3.8220805852310336,1.4170038814343453,3.6865159703980668
29.318530246000023,3.9899999999999998,1.8,3.87,0.02922603199999685,0.043770262000066396,0.015245179000089593,3.8324926614411146,1.4170038814343453,3.7073980093860976
29.36883121300002,3.9899999999999998,1.8,3.87,0.07952699899999516,0.0940712290000647,0.0655461460000879,3.8324926614411146,1.4170038814343453,3.7073980093860976
29.41902196000001,3.9899999999999998,1.8,3.87,0.12971774599998298,0.14426197600005253,0.11573689300007572,3.8324926614411146,1.4170038814343453,3.7073980093860976
29.46936254100001,3.9899999999999998,1.83,3.86,0.03609210299998722,0.04985213100007968,0.022175878999973975,3.8324926614411146,1.454922678357857,3.6969582091227373
29.519693589999974,3.9899999999999998,1.83,3.86,0.0864231519999521,0.10018318000004456,0.07250692799993885,3.8324926614411146,1.454922678357857,3.6969582091227373
29.57001134699999,3.9899999999999998,1.77,3.86,0.13674090899996827,0.0066733849999991435,0.12282468499995502,3.8324926614411146,1.378695035169127,3.6969582091227373
29.620352457999957,3.9899999999999998,1.77,3.85,0.043350435999968795,0.05701449599996522,0.029385715999978856,3.8324926614411146,1.378695035169127,3.6865159703980668
29.670664710999972,3.9899999999999998,1.77,3.85,0.09366268899998431,0.10732674899998074,0.07969796899999437,3.8324926614411146,1.378695035169127,3.6865159703980668
29.720883588999982,3.9899999999999998,1.82,3.85,0.143881566999994,0.013583797000023878,0.12991684700000405,3.8324926614411146,1.4423245127224318,3.6865159703980668
29.77121978399998,3.98,1.82,3.83,0.04980023200005235,0.06391999200002374,0.03635533800002122,3.8220805852310336,1.4423245127224318,3.6656240942027867
29.82135123599994,3.98,1.82,3.83,0.09993168400001196,0.11405144399998335,0.08648678999998083,3.8220805852310336,1.4423245127224318,3.6656240942027867
29.87155630199993,4.0,1.8,3.83,0.006508284000005915,0.020281803999978365,0.13669185599997036,3.842902548855487,1.4170038814343453,3.6656240942027867
29.92187625500003,4.0,1.8,3.85,0.05682823700010431,0.07060175700007676,0.04301264900004753,3.842902548855487,1.4170038814343453,3.6865159703980668
29.972206669000002,4.0,1.8,3.85,0.10715865100007704,0.1209321710000495,0.09334306300002027,3.842902548855487,1.4170038814343453,3.6865159703980668
30.022511226000006,4.01,1.77,3.85,0.013356431000033808,0.02727722800000265,0.1436476200000243,3.8533102652135343,1.378695035169127,3.6865159703980668
30.072830617000022,4.01,1.77,3.87,0.06367582200005018,0.07759661900001902,0.049648356000034255,3.8533102652135343,1.378695035169127,3.7073980093860976
30.123162440999977,4.01,1.77,3.87,0.11400764600000457,0.1279284429999734,0.09998017999998865,3.8533102652135343,1.378695035169127,3.7073980093860976
30.173504622999985,4.01,1.77,3.86,0.0203630419999854,0.03426317599996764,0.006435207999970771,3.8533102652135343,1.378695035169127,3.6969582091227373
30.223834714999953,4.01,1.77,3.86,0.0706931339999528,0.08459326799993505,0.05676529999993818,3.8533102652135343,1.378695035169127,3.6969582091227373
30.27417720400001,4.01,1.77,3.86,0.12103562300001158,0.13493575699999383,0.10710778899999696,3.8533102652135343,1.378695035169127,3.6969582091227373
30.324496983000017,3.9899999999999998,1.8,3.85,0.027415005000079873,0.04153505600004337,0.013617595000027904,3.8324926614411146,1.4170038814343453,3.6865159703980668
30.374840317999997,3.9899999999999998,1.8,3.85,0.07775834000005943,0.09187839100002293,0.06396093000000747,3.8324926614411146,1.4170038814343453,3.6865159703980668
30.425166482999998,3.9899999999999998,1.8,3.85,0.12808450500006074,0.14220455600002424,0.11428709500000878,3.8324926614411146,1.4170038814343453,3.6865159703980668
30.47550413199997,3.9899999999999998,1.8,3.85,0.034488423999960105,0.04854360900003485,0.020651446999977452,3.8324926614411146,1.4170038814343453,3.6865159703980668
30.525846284999943,3.9899999999999998,1.8,3.85,0.08483057699993424,0.09888576200000898,0.07099359999995158,3.8324926614411146,1.4170038814343453,3.6865159703980668
30.575961727999925,3.9899999999999998,1.8,3.85,0.13494601999991573,0.14900120499999048,0.12110904299993308,3.8324926614411146,1.4170038814343453,3.6865159703980668
30.62630956999999,3.9899999999999998,1.8,3.85,0.18529386199998044,0.19934904700005518,0.17145688499999778,3.8324926614411146,1.4170038814343453,3.6865159703980668
30.67663646999995,3.9899999999999998,1.8,3.85,0.23562076199993953,0.24967594700001428,0.22178378499995688,3.8324926614411146,1.4170038814343453,3.6865159703980668
30.72696383899995,3.9899999999999998,1.8,3.85,0.285948130999941,0.011869703999991543,0.27211115399995833,3.8324926614411146,1.4170038814343453,3.6865159703980668
30.777306125999985,3.9899999999999998,1.8,3.85,0.04828694800005451,0.0622119910000265,0.03432712000005722,3.8324926614411146,1.4170038814343453,3.6865159703980668
30.827631612999994,3.9899999999999998,1.8,3.85,0.09861243500006367,0.11253747800003566,0.08465260700006638,3.8324926614411146,1.4170038814343453,3.6865159703980668
30.87796856,3.98,1.75,3.85,0.004927756000029149,0.01903515599997263,0.13498955400007162,3.8220805852310336,1.3529227620230209,3.6865159703980668
30.928267612000013,3.98,1.75,3.8400000000000003,0.05522680800004309,0.06933420799998657,0.04164219400001912,3.8220805852310336,1.3529227620230209,3.6760712724320244
30.97840359199995,3.98,1.75,3.8400000000000003,0.10536278799997945,0.11947018799992293,0.09177817399995547,3.8220805852310336,1.3529227620230209,3.6760712724320244
31.028719716999944,4.0,1.76,3.8400000000000003,0.011972737999940364,0.02627300999995441,0.1420942989999503,3.842902548855487,1.3658330791132567,3.6760712724320244
31.078885585999956,4.0,1.76,3.8400000000000003,0.06213860699995166,0.07643887899996571,0.04770789799999875,3.842902548855487,1.3658330791132567,3.6760712724320244
31.129178234999927,4.0,1.76,3.8400000000000003,0.11243125599992254,0.1267315279999366,0.09800054699996963,3.842902548855487,1.3658330791132567,3.6760712724320244
31.179502980999928,3.9899999999999998,1.8,3.86,0.018554321999999956,0.032483772999967186,0.004599287999894841,3.8324926614411146,1.4170038814343453,3.6969582091227373
31.22985146299993,3.9899999999999998,1.8,3.86,0.06890280400000393,0.08283225499997116,0.05494776999989881,3.8324926614411146,1.4170038814343453,3.6969582091227373
31.28017958299995,3.9899999999999998,1.8,3.86,0.11923092400002133,0.13316037499998856,0.10527588999991622,3.8324926614411146,1.4170038814343453,3.6969582091227373
31.330499889999942,4.0200000000000005,1.79,3.86,0.025604849999922408,0.03953502399997433,0.011306042999990495,3.863715828059823,1.4042791745233565,3.6969582091227373
31.380834684999968,4.0200000000000005,1.79,3.86,0.07593964499994854,0.08986981900000046,0.06164083800001663,3.863715828059823,1.4042791745233565,3.6969582091227373
31.430965934000028,4.0200000000000005,1.79,3.86,0.1260708940000086,0.1400010680000605,0.11177208700007668,3.863715828059823,1.4042791745233565,3.6969582091227373
31.481305169999928,4.0200000000000005,1.75,3.83,0.03241705899995395,0.04633400799991705,0.018223483999918244,3.863715828059823,1.3529227620230209,3.6656240942027867
31.531640288999938,4.0200000000000005,1.75,3.83,0.08275217799996426,0.09666912699992736,0.06855860299992855,3.863715828059823,1.3529227620230209,3.6656240942027867
31.581974902999946,4.0200000000000005,1.76,3.83,0.13308679199997187,0.0033431699999937337,0.11889321699993616,3.863715828059823,1.3658330791132567,3.6656240942027867
31.632115935,3.98,1.76,3.85,0.0395665270000336,0.05348420200004966,0.02497390799999266,3.8220805852310336,1.3658330791132567,3.6865159703980668
31.682453657999986,3.98,1.76,3.85,0.08990425000001778,0.10382192500003384,0.07531163099997684,3.8220805852310336,1.3658330791132567,3.6865159703980668
31.73262966499999,3.98,1.75,3.85,0.14008025700002236,0.00974056899997322,0.12548763799998142,3.8220805852310336,1.3529227620230209,3.6865159703980668
31.782951512999944,4.0,1.75,3.85,0.04580699600001026,0.06006241699992643,0.031897060000005695,3.842902548855487,1.3529227620230209,3.6865159703980668
31.83328902200003,4.0,1.75,3.85,0.09614450500009752,0.11039992600001369,0.08223456900009296,3.842902548855487,1.3529227620230209,3.6865159703980668
31.883430533000023,3.98,1.8,3.85,0.002335903000016515,0.016562962000080006,0.1323760800000855,3.8220805852310336,1.4170038814343453,3.6865159703980668
31.933719973999928,3.98,1.8,3.85,0.052625343999920915,0.0668524029999844,0.03868287899990719,3.8220805852310336,1.4170038814343453,3.6865159703980668
31.984078772999965,3.98,1.8,3.85,0.10298414299995784,0.11721120200002133,0.08904167799994411,3.8220805852310336,1.4170038814343453,3.6865159703980668
32.03422659,3.9899999999999998,1.76,3.85,0.009684059000051093,0.022846750999974574,0.13918949499998234,3.8324926614411146,1.3658330791132567,3.6865159703980668
32.08457729099996,3.9899999999999998,1.76,3.85,0.060034760000007736,0.07319745199993122,0.04593115399995895,3.8324926614411146,1.3658330791132567,3.6865159703980668
32.134913327999925,3.9899999999999998,1.76,3.85,0.11037079699997321,0.12353348899989669,0.09626719099992442,3.8324926614411146,1.3658330791132567,3.6865159703980668
32.185262531000035,3.9899999999999998,1.78,3.85,0.016184129000066605,0.0306851560000041,0.00227944200003094,3.8324926614411146,1.3915099712183165,3.6865159703980668
32.235598202999995,3.9899999999999998,1.78,3.85,0.06651980100002675,0.08102082799996424,0.05261511399999108,3.8324926614411146,1.3915099712183165,3.6865159703980668
32.28592493999997,3.9899999999999998,1.78,3.85,0.11684653800000433,0.13134756499994182,0.10294185099996866,3.8324926614411146,1.3915099712183165,3.6865159703980668
32.33626722700001,4.0,1.83,3.86,0.02336930800004211,0.03753952600004595,0.009315797999988717,3.842902548855487,1.454922678357857,3.6969582091227373
32.386507908,4.0,1.83,3.86,0.07360998900003324,0.08778020700003708,0.059556478999979845,3.842902548855487,1.454922678357857,3.6969582091227373
32.436838651000016,4.0,1.83,3.86,0.12394073200005096,0.1381109500000548,0.10988722199999756,3.842902548855487,1.454922678357857,3.6969582091227373
32.48712979100003,3.98,1.8,3.8400000000000003,0.030144002000042747,0.0442154780000692,0.01618685200003256,3.8220805852310336,1.4170038814343453,3.6760712724320244
32.53744725499996,3.98,1.8,3.8400000000000003,0.08046146599997428,0.09453294200000073,0.06650431599996409,3.8220805852310336,1.4170038814343453,3.6760712724320244
32.58753548499999,3.98,1.8,3.8400000000000003,0.13054969600000277,0.00047153900004559546,0.11659254599999258,3.8220805852310336,1.4170038814343453,3.6760712724320244
32.63786022099998,3.9899999999999998,1.8,3.8400000000000003,0.037224079999987225,0.050796275000038804,0.023419714000056047,3.8324926614411146,1.4170038814343453,3.6760712724320244
32.688159022000036,3.9899999999999998,1.8,3.8400000000000003,0.0875228810000408,0.10109507600009238,0.07371851500010962,3.8324926614411146,1.4170038814343453,3.6760712724320244
32.73849815400001,3.9899999999999998,1.76,3.8400000000000003,0.13786201300001721,0.007429446000060125,0.12405764700008604,3.8324926614411146,1.3658330791132567,3.6760712724320244
32.788850931999946,3.9899999999999998,1.76,3.8400000000000003,0.04415096999991874,0.05778222399999322,0.030223978999970313,3.8324926614411146,1.3658330791132567,3.6760712724320244
32.83919118699998,3.9899999999999998,1.76,3.8400000000000003,0.0944912249999561,0.10812247900003058,0.08056423400000767,3.8324926614411146,1.3658330791132567,3.6760712724320244
32.88927930099999,3.98,1.77,3.8400000000000003,0.00036938599998848076,0.014297190999968734,0.13065234800001235,3.8220805852310336,1.378695035169127,3.6760712724320244
32.93960338099998,3.98,1.77,3.85,0.050693465999984255,0.06462127099996451,0.03679080200004137,3.8220805852310336,1.378695035169127,3.6865159703980668
32.98993207299998,3.98,1.77,3.85,0.10102215799997794,0.11494996299995819,0.08711949400003505,3.8220805852310336,1.378695035169127,3.6865159703980668
33.040260020999995,3.9899999999999998,1.83,3.85,0.00769320400002016,0.021303075999981047,0.13744744200005243,3.8324926614411146,1.454922678357857,3.6865159703980668
33.090615102000015,3.9899999999999998,1.83,3.85,0.05804828500004078,0.07165815700000167,0.04413784799999121,3.8324926614411146,1.454922678357857,3.6865159703980668
33.140944718000014,3.9899999999999998,1.83,3.85,0.10837790100003986,0.12198777300000074,0.09446746399999029,3.8324926614411146,1.454922678357857,3.6865159703980668
33.19103465699993,3.98,1.75,3.86,0.014194519999932709,0.02807549499993911,0.0005693580000070142,3.8220805852310336,1.3529227620230209,3.6969582091227373
33.241370792,3.98,1.75,3.86,0.06453065499999866,0.07841163000000506,0.050905493000072966,3.8220805852310336,1.3529227620230209,3.6969582091227373
33.291460916999995,3.98,1.75,3.86,0.11462077999999565,0.12850175500000205,0.10099561800006995,3.8220805852310336,1.3529227620230209,3.6969582091227373
33.34182635499997,3.9899999999999998,1.78,3.8200000000000003,0.02119305799999438,0.0349309189999758,0.007138513999962015,3.8324926614411146,1.3915099712183165,3.655174414443174
33.39215755700002,3.9899999999999998,1.78,3.8200000000000003,0.07152426000004652,0.08526212100002795,0.05746971600001416,3.8324926614411146,1.3915099712183165,3.655174414443174
33.44248671499997,3.9899999999999998,1.78,3.8200000000000003,0.1218534180000006,0.13559127899998202,0.10779887399996824,3.8324926614411146,1.3915099712183165,3.655174414443174
33.49284485099997,4.01,1.78,3.86,0.028120313000044916,0.04231099699995866,0.014447699000015746,3.8533102652135343,1.3915099712183165,3.6969582091227373
33.543191784999976,4.01,1.78,3.86,0.0784672470000487,0.09265793099996245,0.06479463300001953,3.8533102652135343,1.3915099712183165,3.6969582091227373
33.59333488300001,4.01,1.78,3.86,0.12861034500008373,0.14280102899999747,0.11493773100005455,3.8533102652135343,1.3915099712183165,3.6969582091227373
33.643679823999946,4.01,1.78,3.86,0.17895528600001853,0.19314596999993228,0.16528267199998936,3.8533102652135343,1.3915099712183165,3.6969582091227373
33.69399576000001,4.01,1.78,3.86,0.22927122200007943,0.24346190599999318,0.21559860800005026,3.8533102652135343,1.3915099712183165,3.6969582091227373
33.74433281500001,4.01,1.82,3.86,0.2796082770000794,0.005704615000013291,0.2659356630000502,3.8533102652135343,1.4423245127224318,3.6969582091227373
33.79465922299994,4.01,1.82,3.85,0.042282315999955244,0.05603102299994589,0.02807133699991482,3.8533102652135343,1.4423245127224318,3.6865159703980668
33.84495343200001,4.01,1.82,3.85,0.09257652500002678,0.10632523200001742,0.07836554599998635,3.8533102652135343,1.4423245127224318,3.6865159703980668
33.895284694,4.01,1.82,3.85,0.14290778700001283,0.012733302000015101,0.1286968079999724,3.8533102652135343,1.4423245127224318,3.6865159703980668
33.945614440999975,4.0,1.82,3.87,0.04918570899997121,0.06306304899999304,0.035035803000027954,3.842902548855487,1.4423245127224318,3.7073980093860976
33.995907955999996,4.0,1.82,3.87,0.09947922399999243,0.11335656400001426,0.08532931800004917,3.842902548855487,1.4423245127224318,3.7073980093860976
34.04624046699996,3.98,1.75,3.87,0.005583476999959203,0.01954126600003292,0.13566182900001422,3.8220805852310336,1.3529227620230209,3.7073980093860976
34.096576399000014,3.98,1.75,3.85,0.05591940900001191,0.06987719800008563,0.041833698000004915,3.8220805852310336,1.3529227620230209,3.6865159703980668
34.14690118499993,3.98,1.75,3.85,0.1062441949999311,0.12020198400000481,0.0921584839999241,3.8220805852310336,1.3529227620230209,3.6865159703980668
34.19723523699997,4.0,1.78,3.85,0.012788601000011113,0.026788790999944467,0.14249253599996337,3.842902548855487,1.3915099712183165,3.6865159703980668
34.247612548999996,4.0,1.78,3.83,0.06316591300003438,0.07716610299996773,0.04898207100006857,3.842902548855487,1.3915099712183165,3.6656240942027867
34.29794368900002,4.0,1.78,3.83,0.11349705300006008,0.12749724299999343,0.09931321100009427,3.842902548855487,1.3915099712183165,3.6656240942027867
34.34828219299993,3.9899999999999998,1.77,3.83,0.019735332999971433,0.03366167399997266,0.005621340999937274,3.8324926614411146,1.378695035169127,3.6656240942027867
34.39863156299998,3.9899999999999998,1.77,3.83,0.07008470300002045,0.08401104400002168,0.055970710999986295,3.8324926614411146,1.378695035169127,3.6656240942027867
34.448960205999924,3.9899999999999998,1.77,3.83,0.1204133459999639,0.13433968699996512,0.10629935399992974,3.8324926614411146,1.378695035169127,3.6656240942027867
34.49908371499998,4.0,1.77,3.85,0.026559358999975302,0.04069223600004079,0.012244111999962115,3.842902548855487,1.378695035169127,3.6865159703980668
34.54941500199993,4.0,1.77,3.85,0.07689064599992435,0.09102352299998984,0.06257539899991116,3.842902548855487,1.378695035169127,3.6865159703980668
34.59976149099998,4.0,1.77,3.85,0.12723713499997302,0.14137001200003851,0.11292188799995984,3.842902548855487,1.378695035169127,3.6865159703980668
34.64997590199994,4.0,1.78,3.88,0.03334655300000122,0.04739931999995406,0.019427238999924157,3.842902548855487,1.3915099712183165,3.717835391729978
34.70011313600003,4.0,1.78,3.88,0.08348378700009107,0.0975365540000439,0.069564473000014,3.842902548855487,1.3915099712183165,3.717835391729978
34.75025430599999,4.0,1.75,3.88,0.13362495700005184,0.003702982000049815,0.11970564299997477,3.842902548855487,1.3529227620230209,3.717835391729978
34.80059580499994,3.98,1.75,3.85,0.03976911299992025,0.05404448100000536,0.02615876999993816,3.8220805852310336,1.3529227620230209,3.6865159703980668
34.85070874199994,3.98,1.75,3.85,0.08988204999991467,0.10415741799999978,0.07627170699993258,3.8220805852310336,1.3529227620230209,3.6865159703980668
34.900874810999994,3.98,1.76,3.85,0.14004811899997094,0.010490188000062517,0.12643777599998884,3.8220805852310336,1.3658330791132567,3.6865159703980668
34.951161483999954,3.9899999999999998,1.76,3.85,0.04635816400002568,0.06077686100002211,0.03272599599995374,3.8324926614411146,1.3658330791132567,3.6865159703980668
35.00149430599993,3.9899999999999998,1.76,3.85,0.0966909859999987,0.11110968299999513,0.08305881799992676,3.8324926614411146,1.3658330791132567,3.6865159703980668
35.051634820000004,4.0,1.82,3.85,0.002918459000056828,0.01691835799999808,0.13319933200000378,3.842902548855487,1.4423245127224318,3.6865159703980668
35.10198122600002,4.0,1.82,3.88,0.05326486500007377,0.06726476400001502,0.03956389800009674,3.842902548855487,1.4423245127224318,3.717835391729978
35.15231028099993,4.0,1.82,3.88,0.10359391999998024,0.1175938189999215,0.08989295300000322,3.842902548855487,1.4423245127224318,3.717835391729978
35.202655611999944,3.98,1.85,3.88,0.00994383799991283,0.023824987000011788,0.14023828400002003,3.8220805852310336,1.4800000000000002,3.717835391729978
35.25298663000001,3.98,1.85,3.8400000000000003,0.06027485599997817,0.07415600500007713,0.04656832900002428,3.8220805852310336,1.4800000000000002,3.6760712724320244
35.30311062399994,3.98,1.85,3.8400000000000003,0.11039884999991045,0.12427999900000941,0.09669232299995656,3.8220805852310336,1.4800000000000002,3.6760712724320244
35.353246491999926,4.01,1.79,3.86,0.0168081509999638,0.03048889899991991,0.0026380919999837715,3.8533102652135343,1.4042791745233565,3.6969582091227373
35.403586820999976,4.01,1.79,3.86,0.06714848000001439,0.0808292279999705,0.05297842100003436,3.8533102652135343,1.4042791745233565,3.6969582091227373
35.45372905199997,4.01,1.79,3.86,0.11729071100000965,0.13097145899996576,0.10312065200002962,3.8533102652135343,1.4042791745233565,3.6969582091227373
35.50405044499996,4.03,1.79,3.85,0.02355162100002417,0.03733042299995759,0.009705196000027172,3.8741192547468133,1.4042791745233565,3.6865159703980668
35.55438837399993,4.03,1.79,3.85,0.07388954999998987,0.08766835199992329,0.06004312499999287,3.8741192547468133,1.4042791745233565,3.6865159703980668
35.60472150800001,4.03,1.79,3.85,0.12422268400007397,0.1380014860000074,0.11037625900007697,3.8741192547468133,1.4042791745233565,3.6865159703980668
35.65505754000003,3.9899999999999998,1.75,3.85,0.030633271000056084,0.044343182000034176,0.016604263000090214,3.8324926614411146,1.3529227620230209,3.6865159703980668
35.70537427900001,3.9899999999999998,1.75,3.85,0.08095001000003776,0.09465992100001586,0.0669210020000719,3.8324926614411146,1.3529227620230209,3.6865159703980668
35.75546289399995,3.9899999999999998,1.79,3.85,0.13103862499997376,0.001057804999959444,0.11700961700000789,3.8324926614411146,1.4042791745233565,3.6865159703980668
35.805817306999984,4.0,1.79,3.85,0.03724758099997416,0.051412217999995846,0.023321637999970335,3.842902548855487,1.4042791745233565,3.6865159703980668
35.855937154,4.0,1.79,3.85,0.0873674279999932,0.10153206500001488,0.07344148499998937,3.842902548855487,1.4042791745233565,3.6865159703980668
35.90626745700001,4.0,1.82,3.85,0.13769773100000293,0.00765676900005019,0.1237717879999991,3.842902548855487,1.4423245127224318,3.6865159703980668
35.95661760600001,3.9899999999999998,1.82,3.85,0.044397684000045956,0.058006918000046426,0.03016134000006332,3.8324926614411146,1.4423245127224318,3.6865159703980668
36.00670267999999,3.9899999999999998,1.82,3.85,0.09448275800002648,0.10809199200002695,0.08024641400004384,3.8324926614411146,1.4423245127224318,3.6865159703980668
36.05692485399993,4.0,1.77,3.85,0.0003885339999669668,0.014309649999972862,0.13046858799998517,3.842902548855487,1.378695035169127,3.6865159703980668
36.10724997800003,4.0,1.77,3.86,0.05071365800006333,0.06463477400006923,0.03677675700009786,3.842902548855487,1.378695035169127,3.6969582091227373
36.157592205000014,4.0,1.77,3.86,0.1010558850000507,0.11497700100005659,0.08711898400008522,3.842902548855487,1.378695035169127,3.6969582091227373
36.207736994000015,3.9899999999999998,1.75,3.86,0.007491002000051594,0.0211710610000182,0.13726377300008608,3.8324926614411146,1.3529227620230209,3.6969582091227373
36.258026410999946,3.9899999999999998,1.75,3.86,0.05778041899998243,0.07146047799994903,0.04376270599993859,3.8324926614411146,1.3529227620230209,3.6969582091227373
36.30836203599995,3.9899999999999998,1.75,3.86,0.10811604399998487,0.12179610299995147,0.09409833099994103,3.8324926614411146,1.3529227620230209,3.6969582091227373
36.358509142,3.9899999999999998,1.75,3.85,0.014052028000037353,0.027972981000061736,0.0001289210000550156,3.8324926614411146,1.3529227620230209,3.6865159703980668
36.40885282499994,3.9899999999999998,1.75,3.85,0.06439571099997465,0.07831666399999904,0.050472603999992316,3.8324926614411146,1.3529227620230209,3.6865159703980668
36.458956083999965,3.9899999999999998,1.75,3.85,0.11449896999999964,0.12841992300002403,0.10057586300001731,3.8324926614411146,1.3529227620230209,3.6865159703980668
36.509095800999944,3.9899999999999998,1.82,3.8400000000000003,0.020678203999977995,0.0345964879999201,0.006755448999911096,3.8324926614411146,1.4423245127224318,3.6760712724320244
36.559439221999924,3.9899999999999998,1.82,3.8400000000000003,0.07102162499995757,0.08493990899989967,0.05709886999989067,3.8324926614411146,1.4423245127224318,3.6760712724320244
36.609562353,3.9899999999999998,1.82,3.8400000000000003,0.12114475600003516,0.13506303999997726,0.10722200099996826,3.8324926614411146,1.4423245127224318,3.6760712724320244
36.659712200999934,3.9899999999999998,1.82,3.8400000000000003,0.17129460399996788,0.18521288799990998,0.15737184899990098,3.8324926614411146,1.4423245127224318,3.6760712724320244
36.70990453000002,3.9899999999999998,1.82,3.8400000000000003,0.22148693300005107,0.23540521699999317,0.20756417799998417,3.8324926614411146,1.4423245127224318,3.6760712724320244
36.76021676300002,3.9899999999999998,1.82,3.8400000000000003,0.2717991660000507,0.2857174499999928,0.2578764109999838,3.8324926614411146,1.4423245127224318,3.6760712724320244
36.81058830099994,4.0,1.83,3.85,0.034233309999990524,0.04814112299993667,0.020307356999978765,3.842902548855487,1.454922678357857,3.6865159703980668
36.86091321799995,4.0,1.83,3.85,0.08455822700000226,0.09846603999994841,0.0706322739999905,3.842902548855487,1.454922678357857,3.6865159703980668
36.91124023399993,4.0,1.76,3.85,0.13488524299998517,0.004825307999908546,0.12095928999997341,3.842902548855487,1.3658330791132567,3.6865159703980668
36.961358570000016,4.0200000000000005,1.76,3.8400000000000003,0.04109058599999571,0.054943643999990854,0.026929977000008876,3.863715828059823,1.3658330791132567,3.6760712724320244
37.01146808499993,4.0200000000000005,1.76,3.8400000000000003,0.09120010099991305,0.10505315899990819,0.07703949199992621,3.863715828059823,1.3658330791132567,3.6760712724320244
37.06180483899993,4.0200000000000005,1.83,3.8400000000000003,0.14153685499991298,0.01153658999999152,0.12737624599992614,3.863715828059823,1.454922678357857,3.6760712724320244
37.112063589999934,4.0,1.83,3.85,0.04774705099998755,0.06179534099999273,0.03368693999993866,3.842902548855487,1.454922678357857,3.6865159703980668
37.162353236999934,4.0,1.83,3.85,0.09803669799998715,0.11208498799999234,0.08397658699993826,3.842902548855487,1.454922678357857,3.6865159703980668
37.212692541000024,4.0,1.76,3.85,0.004421613000090474,0.018331938000073933,0.1343158910000284,3.842902548855487,1.3658330791132567,3.6865159703980668
37.26300744699995,4.0,1.76,3.8400000000000003,0.054736519000016415,0.06864684399999987,0.040639157999976305,3.842902548855487,1.3658330791132567,3.6760712724320244
37.313148479000006,4.0,1.76,3.8400000000000003,0.10487755100007234,0.1187878760000558,0.09078019000003223,3.842902548855487,1.3658330791132567,3.6760712724320244
37.363440448000006,4.0,1.8,3.8400000000000003,0.010856154000066454,0.0251185990000522,0.14107215900003212,3.842902548855487,1.4170038814343453,3.6760712724320244
37.41379014300003,4.0,1.8,3.8400000000000003,0.061205849000089074,0.07546829400007482,0.047275838000018666,3.842902548855487,1.4170038814343453,3.6760712724320244
37.46408613999995,4.0,1.8,3.8400000000000003,0.11150184600001012,0.12576429099999586,0.09757183499993971,3.842902548855487,1.4170038814343453,3.6760712724320244
37.514228040000035,4.0,1.76,3.8400000000000003,0.017671953000103713,0.0321570910000446,0.0037492720000500412,3.842902548855487,1.3658330791132567,3.6760712724320244
37.56457555999998,4.0,1.76,3.8400000000000003,0.0680194730000494,0.08250461099999029,0.05409679199999573,3.842902548855487,1.3658330791132567,3.6760712724320244
37.61487585399993,4.0,1.76,3.8400000000000003,0.11831976700000268,0.13280490499994357,0.10439708599994901,3.842902548855487,1.3658330791132567,3.6760712724320244
37.66512391399999,4.01,1.83,3.86,0.024652097000057438,0.038867839999966236,0.010688526999956593,3.8533102652135343,1.454922678357857,3.6969582091227373
37.715463263999936,4.01,1.83,3.86,0.07499144700000215,0.08920718999991095,0.06102787699990131,3.8533102652135343,1.454922678357857,3.6969582091227373
37.765581784999995,4.01,1.83,3.86,0.1251099680000607,0.1393257109999695,0.11114639799995985,3.8533102652135343,1.454922678357857,3.6969582091227373
37.815925942000035,4.01,1.76,3.85,0.03143856600001982,0.045680362000098285,0.017521532000046136,3.8533102652135343,1.3658330791132567,3.6865159703980668
37.866148649000024,4.01,1.76,3.85,0.0816612730000088,0.09590306900008727,0.06774423900003512,3.8533102652135343,1.3658330791132567,3.6865159703980668
37.91647173000001,4.01,1.78,3.85,0.13198435399999653,0.0019369999999980791,0.11806732000002285,3.8533102652135343,1.3915099712183165,3.6865159703980668
37.966825922,3.9899999999999998,1.78,3.86,0.038376063999976395,0.05229119199998422,0.024454265000031228,3.8324926614411146,1.3915099712183165,3.6969582091227373
38.017147238999996,3.9899999999999998,1.78,3.86,0.08869738099997448,0.10261250899998231,0.07477558200002932,3.8324926614411146,1.3915099712183165,3.6969582091227373
38.067472361,3.9899999999999998,1.75,3.86,0.13902250299997831,0.008979170999964481,0.12510070400003315,3.8324926614411146,1.3529227620230209,3.6969582091227373
38.117797139000004,4.0,1.75,3.86,0.04568118300005608,0.05930394899996827,0.03146424500005196,3.842902548855487,1.3529227620230209,3.6969582091227373
38.16810878000001,4.0,1.75,3.86,0.09599282400006359,0.10961558999997578,0.08177588600005947,3.842902548855487,1.3529227620230209,3.6969582091227373
38.21842515399999,3.98,1.77,3.86,0.002047735000019202,0.015934721999997237,0.13209226000003582,3.8220805852310336,1.378695035169127,3.6969582091227373
38.26880724599994,3.98,1.77,3.85,0.05242982699996901,0.06631681399994704,0.03850437400001283,3.8220805852310336,1.378695035169127,3.6865159703980668
38.31912410799998,3.98,1.77,3.85,0.10274668900001416,0.11663367599999219,0.08882123600005798,3.8220805852310336,1.378695035169127,3.6865159703980668
38.36942357600003,4.0,1.79,3.85,0.009057283000061034,0.022959646000003886,0.13912070400010634,3.842902548855487,1.4042791745233565,3.6865159703980668
38.41979695600003,4.0,1.79,3.86,0.05943066300005739,0.07333302600000025,0.04549083200004134,3.842902548855487,1.4042791745233565,3.6969582091227373
38.47009420899997,4.0,1.79,3.86,0.1097279159999971,0.12363027899993995,0.09578808499998104,3.842902548855487,1.4042791745233565,3.6969582091227373
38.520233161999954,4.0,1.75,3.86,0.015897819999963758,0.0298121869999477,0.0020452969999951165,3.842902548855487,1.3529227620230209,3.6969582091227373
38.570553292,4.0,1.75,3.86,0.0662179500000093,0.08013231699999324,0.052365427000040654,3.842902548855487,1.3529227620230209,3.6969582091227373
38.620906408999986,4.0,1.75,3.86,0.11657106699999531,0.13048543399997925,0.10271854400002667,3.842902548855487,1.3529227620230209,3.6969582091227373
38.6711282,4.01,1.8,3.8400000000000003,0.022839328000031855,0.03675107200001548,0.008907805000035296,3.8533102652135343,1.4170038814343453,3.6760712724320244
38.72125890199993,4.01,1.8,3.8400000000000003,0.07297002999996494,0.08688177399994856,0.059038506999968376,3.8533102652135343,1.4170038814343453,3.6760712724320244
38.77159872200002,4.01,1.8,3.8400000000000003,0.12330985000005512,0.13722159400003875,0.10937832700005856,3.8533102652135343,1.4170038814343453,3.6760712724320244
38.821934543,4.01,1.78,3.85,0.02967127800002345,0.043768270999976266,0.01574373200003265,3.8533102652135343,1.3915099712183165,3.6865159703980668
38.87225941999998,4.01,1.78,3.85,0.07999615500000345,0.09409314799995627,0.06606860900001266,3.8533102652135343,1.3915099712183165,3.6865159703980668
38.92240943599995,4.01,1.75,3.85,0.1301461709999785,0.00010797200002343743,0.1162186249999877,3.8533102652135343,1.3529227620230209,3.6865159703980668
38.97254317599993,3.9899999999999998,1.75,3.86,0.0363184939999428,0.050241712000001826,0.022374326999965888,3.8324926614411146,1.3529227620230209,3.6969582091227373
39.02286396499994,3.9899999999999998,1.75,3.86,0.08663928299995405,0.10056250100001307,0.07269511599997713,3.8324926614411146,1.3529227620230209,3.6969582091227373
39.07319167000003,3.9899999999999998,1.79,3.86,0.13696698800004015,0.006889182999998411,0.12302282100006323,3.8324926614411146,1.4042791745233565,3.6969582091227373
39.123533634999944,3.98,1.79,3.85,0.04348187899995537,0.057231147999914356,0.02937461399994845,3.8220805852310336,1.4042791745233565,3.6865159703980668
39.17387411899995,3.98,1.79,3.85,0.09382236299995839,0.10757163199991737,0.07971509799995147,3.8220805852310336,1.4042791745233565,3.6865159703980668
39.224161064999976,3.98,1.78,3.85,0.14410930899998675,0.013897585999984585,0.13000204399997983,3.8220805852310336,1.3915099712183165,3.6865159703980668
39.27432951000003,4.01,1.78,3.89,0.04987842200000614,0.06406603100003849,0.03624486200010324,3.8533102652135343,1.3915099712183165,3.7282703764614498
39.32465113599994,4.01,1.78,3.89,0.10020004799991966,0.11438765699995201,0.08656648800001676,3.8533102652135343,1.3915099712183165,3.7282703764614498
39.37499259899994,4.01,1.75,3.89,0.006847422999953778,0.02087560500001473,0.13690795100001196,3.8533102652135343,1.3529227620230209,3.7282703764614498
39.42532659400001,4.01,1.75,3.85,0.057181418000027406,0.07120960000008836,0.043413928000063606,3.8533102652135343,1.3529227620230209,3.6865159703980668
39.475648829999955,4.01,1.75,3.85,0.10750365399997008,0.12153183600003103,0.09373616400000628,3.8533102652135343,1.3529227620230209,3.6865159703980668
39.52585510799997,4.01,1.82,3.85,0.01373920100002124,0.027656320000005508,0.14394244200002504,3.8533102652135343,1.4423245127224318,3.6865159703980668
39.57617825099999,4.01,1.82,3.85,0.06406234400003541,0.07797946300001968,0.04984066999998049,3.8533102652135343,1.4423245127224318,3.6865159703980668
39.626508616000024,4.01,1.82,3.85,0.11439270900007159,0.12830982800005586,0.10017103500001667,3.8533102652135343,1.4423245127224318,3.6865159703980668
39.676845781,4.01,1.82,3.85,0.16472987400004513,0.1786469930000294,0.1505081999999902,3.8533102652135343,1.4423245127224318,3.6865159703980668
39.726978697999925,4.01,1.82,3.85,0.21486279099997319,0.22877990999995745,0.20064111699991827,3.8533102652135343,1.4423245127224318,3.6865159703980668
39.777307338000014,4.01,1.82,3.85,0.26519143100006204,0.2791085500000463,0.2509697570000071,3.8533102652135343,1.4423245127224318,3.6865159703980668
39.82763920799994,4.0,1.79,3.85,0.027569277999987207,0.04171779799992237,0.013321585999960917,3.842902548855487,1.4042791745233565,3.6865159703980668
39.87793804099999,4.0,1.79,3.85,0.07786811100004343,0.09201663099997859,0.06362041900001714,3.842902548855487,1.4042791745233565,3.6865159703980668
39.92827511099995,4.0,1.79,3.85,0.12820518099999845,0.1423537009999336,0.11395748899997216,3.842902548855487,1.4042791745233565,3.6865159703980668
39.978612606999945,4.01,1.77,3.85,0.034585392999929354,0.04850253799997972,0.02033226100002139,3.8533102652135343,1.378695035169127,3.6865159703980668
40.02884666099999,4.01,1.77,3.85,0.08481944699997257,0.09873659200002294,0.0705663150000646,3.8533102652135343,1.378695035169127,3.6865159703980668
40.079160627999954,4.01,1.75,3.85,0.13513341399993806,0.0050760079999463414,0.12088028200003009,3.8533102652135343,1.3529227620230209,3.6865159703980668
40.12949566399993,4.0,1.75,3.85,0.04179909699996642,0.055411043999924914,0.027247350999914488,3.842902548855487,1.3529227620230209,3.6865159703980668
40.179855041999986,4.0,1.75,3.85,0.09215847500001928,0.10577042199997777,0.07760672899996734,3.842902548855487,1.3529227620230209,3.6865159703980668
40.230159363999974,4.0,1.77,3.85,0.1424627970000074,0.011930725999945935,0.12791105099995548,3.842902548855487,1.378695035169127,3.6865159703980668
40.280497648999926,4.01,1.77,3.87,0.04817785799991725,0.062269010999898455,0.034278027999903316,3.8533102652135343,1.378695035169127,3.7073980093860976
40.33084950900002,4.01,1.77,3.87,0.09852971800000887,0.11262087099999007,0.08462988799999493,3.8533102652135343,1.378695035169127,3.7073980093860976
40.381196251999995,3.9899999999999998,1.76,3.87,0.004930796000053306,0.019158124999989923,0.13497663099997226,3.8324926614411146,1.3658330791132567,3.7073980093860976
40.43153430999996,3.9899999999999998,1.76,3.85,0.05526885400001902,0.06949618299995564,0.04151290799995877,3.8324926614411146,1.3658330791132567,3.6865159703980668
40.48187300799998,3.9899999999999998,1.76,3.85,0.10560755200003769,0.1198348809999743,0.09185160599997744,3.8324926614411146,1.3658330791132567,3.6865159703980668
40.532187763000024,4.0,1.75,3.85,0.011949602000072446,0.026175037000029988,0.14216636100002233,3.842902548855487,1.3529227620230209,3.6865159703980668
40.582475416999955,4.0,1.75,3.8400000000000003,0.06223725600000307,0.07646269099996061,0.048315559000002395,3.842902548855487,1.3529227620230209,3.6760712724320244
40.632840010999985,4.0,1.75,3.8400000000000003,0.11260185000003275,0.1268272849999903,0.09868015300003208,3.842902548855487,1.3529227620230209,3.6760712724320244
40.68317898999999,3.98,1.8,3.88,0.018961536999995587,0.0332885239999996,0.005276871999967625,3.8220805852310336,1.4170038814343453,3.717835391729978
40.73351066600003,3.98,1.8,3.88,0.06929321300003721,0.08362020000004122,0.05560854800000925,3.8220805852310336,1.4170038814343453,3.717835391729978
40.78363471499995,3.98,1.8,3.88,0.11941726199995628,0.1337442489999603,0.10573259699992832,3.8220805852310336,1.4170038814343453,3.717835391729978
40.83396009699993,4.0200000000000005,1.74,3.8400000000000003,0.025788139999917803,0.03991468399999576,0.011866797999914525,3.863715828059823,1.3399626860476377,3.6760712724320244
40.88428641999997,4.0200000000000005,1.74,3.8400000000000003,0.0761144629999535,0.09024100700003146,0.062193120999950224,3.863715828059823,1.3399626860476377,3.6760712724320244
40.93448145599996,4.0200000000000005,1.74,3.8400000000000003,0.12630949899994448,0.14043604300002244,0.1123881569999412,3.863715828059823,1.3399626860476377,3.6760712724320244
40.98460196199994,3.9899999999999998,1.75,3.85,0.03244931599999745,0.046494481999957316,0.01853478800001085,3.8324926614411146,1.3529227620230209,3.6865159703980668
41.03492388500001,3.9899999999999998,1.75,3.85,0.082771239000067,0.09681640500002686,0.0688567110000804,3.8324926614411146,1.3529227620230209,3.6865159703980668
41.085064578000015,3.9899999999999998,1.8,3.85,0.13291193200007,0.0028818660000524687,0.1189974040000834,3.8324926614411146,1.4170038814343453,3.6865159703980668
41.13539631399999,3.9899999999999998,1.8,3.85,0.039225826000006236,0.053213602000028004,0.025338328999964688,3.8324926614411146,1.4170038814343453,3.6865159703980668
41.18571769799996,3.9899999999999998,1.8,3.85,0.0895472099999779,0.10353498599999966,0.07565971299993635,3.8324926614411146,1.4170038814343453,3.6865159703980668
41.23602396499996,3.9899999999999998,1.79,3.85,0.1398534769999742,0.009841284000003725,0.12596597999993264,3.8324926614411146,1.4042791745233565,3.6865159703980668
41.28635752399998,3.9899999999999998,1.79,3.85,0.04628566700000647,0.06017484300002707,0.03261995399998341,3.8324926614411146,1.4042791745233565,3.6865159703980668
41.33667938199994,3.9899999999999998,1.79,3.85,0.09660752499996761,0.1104967009999882,0.08294181199994455,3.8324926614411146,1.4042791745233565,3.6865159703980668
41.387035448999995,4.03,1.83,3.85,0.00295703599999797,0.01686543599998913,0.133297878999997,3.8741192547468133,1.454922678357857,3.6865159703980668
41.43737286999999,4.03,1.83,3.86,0.05329445699999269,0.06720285699998385,0.039378721000048245,3.8741192547468133,1.454922678357857,3.6969582091227373
41.48772182699997,4.03,1.83,3.86,0.10364341399997556,0.11755181399996673,0.08972767800003112,3.8741192547468133,1.454922678357857,3.6969582091227373
41.53790217799997,3.9899999999999998,1.82,3.86,0.009845342999938111,0.02371418799998537,0.13990802900002564,3.8324926614411146,1.4423245127224318,3.6969582091227373
41.58810676799999,3.9899999999999998,1.82,3.85,0.06004993299995931,0.07391877800000657,0.04630519700003788,3.8324926614411146,1.4423245127224318,3.6865159703980668
41.63827066199997,3.9899999999999998,1.82,3.85,0.11021382699993865,0.1240826719999859,0.09646909100001722,3.8324926614411146,1.4423245127224318,3.6865159703980668
41.688549870999964,3.98,1.8,3.85,0.0165395599999556,0.030472073999931126,0.0025901310000335798,3.8220805852310336,1.4170038814343453,3.6865159703980668
41.738678481999955,3.98,1.8,3.85,0.0666681709999466,0.08060068499992212,0.05271874200002458,3.8220805852310336,1.4170038814343453,3.6865159703980668
41.78898824999999,3.98,1.8,3.85,0.11697793899998032,0.13091045299995585,0.1030285100000583,3.8220805852310336,1.4170038814343453,3.6865159703980668
41.83933196800001,3.9899999999999998,1.83,3.85,0.023529445999997733,0.03728173700005755,0.009378960000049119,3.8324926614411146,1.454922678357857,3.6865159703980668
41.889665387000036,3.9899999999999998,1.83,3.85,0.0738628650000237,0.08761515600008352,0.05971237900007509,3.8324926614411146,1.454922678357857,3.6865159703980668
41.93984418699995,3.9899999999999998,1.83,3.85,0.12404166499993607,0.1377939559999959,0.10989117899998746,3.8324926614411146,1.454922678357857,3.6865159703980668
41.990044370999954,4.01,1.83,3.85,0.03009519599993382,0.04395941600000697,0.016177708999975948,3.8533102652135343,1.454922678357857,3.6865159703980668
42.040184780000004,4.01,1.83,3.85,0.08023560499998439,0.09409982500005754,0.06631811800002652,3.8533102652135343,1.454922678357857,3.6865159703980668
42.09027380700002,4.01,1.85,3.85,0.1303246319999971,0.0005798530000902247,0.11640714500003924,3.8533102652135343,1.4800000000000002,3.6865159703980668
42.140615769999954,4.01,1.85,3.87,0.036679729999946176,0.05092181600002732,0.02276033499992991,3.8533102652135343,1.4800000000000002,3.7073980093860976
42.190934943,4.01,1.85,3.87,0.08699890299999424,0.10124098900007539,0.07307950799997798,3.8533102652135343,1.4800000000000002,3.7073980093860976
42.241292759999965,4.01,1.83,3.87,0.13735671999995702,0.007305427000005693,0.12343732499994076,3.8533102652135343,1.454922678357857,3.7073980093860976
42.29158196200001,4.0,1.83,3.85,0.04390159000001859,0.05759462900005019,0.029456039000024248,3.842902548855487,1.454922678357857,3.6865159703980668
42.341909601,4.0,1.83,3.85,0.09422922900000685,0.10792226800003846,0.07978367800001251,3.842902548855487,1.454922678357857,3.6865159703980668
42.391996898,3.98,1.79,3.85,0.0003196999999772743,0.014025268000068536,0.1298709750000171,3.8220805852310336,1.4042791745233565,3.6865159703980668
42.44233440300002,3.98,1.79,3.85,0.050657204999993155,0.06436277300008442,0.03623940400007086,3.8220805852310336,1.4042791745233565,3.6865159703980668
42.49255619099995,3.98,1.79,3.85,0.10087899299992387,0.11458456100001513,0.08646119200000157,3.8220805852310336,1.4042791745233565,3.6865159703980668
42.542904660999966,3.98,1.77,3.85,0.007066678999990472,0.02115353499993944,0.13680966200001876,3.8220805852310336,1.378695035169127,3.6865159703980668
42.59323067799994,3.98,1.77,3.85,0.057392695999965326,0.07147955199991429,0.0433943719999661,3.8220805852310336,1.378695035169127,3.6865159703980668
42.64360782099993,3.98,1.77,3.85,0.10776983899995685,0.12185669499990581,0.09377151499995762,3.8220805852310336,1.378695035169127,3.6865159703980668
42.693735698999944,3.98,1.77,3.85,0.1578977169999689,0.17198457299991787,0.14389939299996968,3.8220805852310336,1.378695035169127,3.6865159703980668
42.74403088700001,3.98,1.77,3.85,0.20819290500003262,0.2222797609999816,0.1941945810000334,3.8220805852310336,1.378695035169127,3.6865159703980668
42.79436268699999,3.98,1.77,3.85,0.25852470500001345,0.2726115609999624,0.24452638100001423,3.8220805852310336,1.378695035169127,3.6865159703980668
42.844687793999924,4.03,1.83,3.85,0.02093708399991101,0.03484537899998941,0.006652893999898879,3.8741192547468133,1.454922678357857,3.6865159703980668
42.89500474599993,4.03,1.83,3.85,0.07125403599991387,0.08516233099999226,0.056969845999901736,3.8741192547468133,1.454922678357857,3.6865159703980668
42.94514661400001,4.03,1.83,3.85,0.12139590399999634,0.13530419900007473,0.1071117139999842,3.8741192547468133,1.454922678357857,3.6865159703980668
42.995461390999935,4.0,1.84,3.8400000000000003,0.027389288999984274,0.04200299999990875,0.013439957999935359,3.842902548855487,1.4674808346278325,3.6760712724320244
43.04582497900003,4.0,1.84,3.8400000000000003,0.07775287700007993,0.09236658800000441,0.06380354600003102,3.842902548855487,1.4674808346278325,3.6760712724320244
43.096152114999995,4.0,1.84,3.8400000000000003,0.12808001300004435,0.14269372399996882,0.11413068199999543,3.842902548855487,1.4674808346278325,3.6760712724320244
43.146487749000016,3.9899999999999998,1.82,3.85,0.03444661800006088,0.04889801100000568,0.020855359000051976,3.8324926614411146,1.4423245127224318,3.6865159703980668
43.19684685499999,3.9899999999999998,1.82,3.85,0.08480572400003439,0.09925711699997919,0.07121446500002548,3.8324926614411146,1.4423245127224318,3.6865159703980668
43.247201657000005,3.9899999999999998,1.83,3.85,0.13516052600004969,0.005464134000021659,0.12156926700004078,3.8324926614411146,1.454922678357857,3.6865159703980668
43.297343574000024,3.9899999999999998,1.83,3.8400000000000003,0.04166356000007454,0.05560605100004068,0.02739118200008761,3.8324926614411146,1.454922678357857,3.6760712724320244
43.347461761999966,3.9899999999999998,1.83,3.8400000000000003,0.0917817480000167,0.10572423899998284,0.07750937000002978,3.8324926614411146,1.454922678357857,3.6760712724320244
43.397815055000024,3.9899999999999998,1.8,3.8400000000000003,0.14213504100007412,0.012295642000026419,0.1278626630000872,3.8324926614411146,1.4170038814343453,3.6760712724320244
43.44815111499997,4.01,1.8,3.8400000000000003,0.04817874699995173,0.06263170199997603,0.03423581899994588,3.8533102652135343,1.4170038814343453,3.6760712724320244
43.49849508099999,4.01,1.8,3.8400000000000003,0.09852271299996573,0.11297566799999004,0.08457978499995988,3.8533102652135343,1.4170038814343453,3.6760712724320244
43.54881487599994,3.9899999999999998,1.77,3.8400000000000003,0.004852735999975266,0.019141891999993277,0.1348995799999102,3.8324926614411146,1.378695035169127,3.6760712724320244
43.59903020399997,3.9899999999999998,1.77,3.8400000000000003,0.05506806400001096,0.06935722000002897,0.04150360799997088,3.8324926614411146,1.378695035169127,3.6760712724320244
43.649366956999984,3.9899999999999998,1.77,3.8400000000000003,0.10540481700002147,0.11969397300003948,0.09184036099998139,3.8324926614411146,1.378695035169127,3.6760712724320244
43.69970196999998,3.98,1.78,3.8400000000000003,0.01197400099999868,0.02569015300002775,0.14217537399997582,3.8220805852310336,1.3915099712183165,3.6760712724320244
43.749853695999946,3.98,1.78,3.8200000000000003,0.06212572699996599,0.07584187899999506,0.04796365699996841,3.8220805852310336,1.3915099712183165,3.655174414443174
43.80018046199996,3.98,1.78,3.8200000000000003,0.11245249299997795,0.12616864500000702,0.09829042299998036,3.8220805852310336,1.3915099712183165,3.655174414443174
43.85051392899993,3.98,1.75,3.86,0.018591733999983262,0.03252761199996712,0.0046939659999907235,3.8220805852310336,1.3529227620230209,3.6969582091227373
43.900838712999985,3.98,1.75,3.86,0.06891651800003729,0.08285239600002114,0.05501875000004475,3.8220805852310336,1.3529227620230209,3.6969582091227373
43.95115861800002,3.98,1.75,3.86,0.11923642300007486,0.13317230100005872,0.10533865500008233,3.8220805852310336,1.3529227620230209,3.6969582091227373
44.00148789399998,4.0,1.77,3.88,0.025627923999991253,0.039558392999992975,0.011658908999947926,3.842902548855487,1.378695035169127,3.717835391729978
44.051847081000005,4.0,1.77,3.88,0.07598711100001765,0.08991758000001937,0.06201809599997432,3.842902548855487,1.378695035169127,3.717835391729978
44.10218229399993,4.0,1.77,3.88,0.12632232399994336,0.1402527929999451,0.11235330899990004,3.842902548855487,1.378695035169127,3.717835391729978
44.15252491000001,3.9899999999999998,1.77,3.85,0.032694299000013416,0.04661512400002721,0.018795140000065658,3.8324926614411146,1.378695035169127,3.6865159703980668
44.20285675299999,3.9899999999999998,1.77,3.85,0.08302614199999425,0.09694696700000804,0.0691269830000465,3.8324926614411146,1.378695035169127,3.6865159703980668
44.253184450999925,3.9899999999999998,1.82,3.85,0.133353839999927,0.003294703999927151,0.11945468099997925,3.8324926614411146,1.4423245127224318,3.6865159703980668
44.30350106200001,3.9899999999999998,1.82,3.85,0.18367045100001178,0.05361131500001193,0.02580524699999387,3.8324926614411146,1.4423245127224318,3.6865159703980668
44.35384811999995,3.9899999999999998,1.82,3.85,0.23401750899995477,0.10395837299995492,0.07615230499993686,3.8324926614411146,1.4423245127224318,3.6865159703980668
44.40399220799998,3.9899999999999998,1.78,3.85,0.28416159699997934,0.010115470999949139,0.12629639299996143,3.8324926614411146,1.3915099712183165,3.6865159703980668
44.45419269299998,3.9899999999999998,1.78,3.86,0.3343620819999842,0.060315955999953985,0.032533671000010145,3.8324926614411146,1.3915099712183165,3.6969582091227373
44.504486593000024,3.9899999999999998,1.78,3.86,0.3846559820000266,0.1106098559999964,0.08282757100005256,3.8324926614411146,1.3915099712183165,3.6969582091227373
44.554850834000035,3.98,1.79,3.86,0.0031249730000126874,0.017020193000007566,0.1331918120000637,3.8220805852310336,1.4042791745233565,3.6969582091227373
44.604931101000034,3.98,1.79,3.83,0.053205240000011145,0.06710046000000602,0.039400507000095786,3.8220805852310336,1.4042791745233565,3.6656240942027867
44.65506023900002,3.98,1.79,3.83,0.10333437799999956,0.11722959799999444,0.0895296450000842,3.8220805852310336,1.4042791745233565,3.6656240942027867
44.70539867599996,4.0200000000000005,1.82,3.83,0.009953719999998611,0.023815092999939225,0.13986808200002088,3.863715828059823,1.4423245127224318,3.6656240942027867
44.755514844000004,4.0200000000000005,1.82,3.85,0.06006988800004365,0.07393126099998426,0.045906592000051205,3.863715828059823,1.4423245127224318,3.6865159703980668
44.80563009899993,4.0200000000000005,1.82,3.85,0.11018514299996696,0.12404651599990757,0.09602184699997451,3.863715828059823,1.4423245127224318,3.6865159703980668
44.85594783199997,3.98,1.79,3.85,0.016299462000006315,0.030202785000028598,0.002372035999997024,3.8220805852310336,1.4042791745233565,3.6865159703980668
44.906086113000015,3.98,1.79,3.85,0.06643774300005134,0.08034106600007362,0.05251031700004205,3.8220805852310336,1.4042791745233565,3.6865159703980668
44.956386631999976,3.98,1.79,3.85,0.11673826200001258,0.13064158500003487,0.10281083600000329,3.8220805852310336,1.4042791745233565,3.6865159703980668
45.00671687800002,3.9899999999999998,1.78,3.86,0.023096162999991066,0.037013761000025625,0.009178959999985636,3.8324926614411146,1.3915099712183165,3.6969582091227373
45.05704359599997,3.9899999999999998,1.78,3.86,0.07342288099994221,0.08734047899997677,0.05950567799993678,3.8324926614411146,1.3915099712183165,3.6969582091227373
45.107377962999976,3.9899999999999998,1.78,3.86,0.12375724799994714,0.1376748459999817,0.10984004499994171,3.8324926614411146,1.3915099712183165,3.6969582091227373
45.157715327999995,3.9899999999999998,1.78,3.86,0.0301322310000387,0.04408397600002445,0.016322027999990496,3.8324926614411146,1.3915099712183165,3.6969582091227373
45.207945637999956,3.9899999999999998,1.78,3.86,0.08036254099999951,0.09431428599998526,0.0665523379999513,3.8324926614411146,1.3915099712183165,3.6969582091227373
45.25820400099997,3.9899999999999998,1.72,3.86,0.13062090400001125,0.0005834500000219123,0.11681070099996305,3.8324926614411146,1.3138873619911258,3.6969582091227373
45.308539217999964,4.01,1.72,3.85,0.03696540600003573,0.05091866700001901,0.022834067999951912,3.8533102652135343,1.3138873619911258,3.6865159703980668
45.35888603000001,4.01,1.72,3.85,0.08731221800007916,0.10126547900006244,0.07318087999999534,3.8533102652135343,1.3138873619911258,3.6865159703980668
45.40918193999994,4.01,1.78,3.85,0.13760812800001077,0.007564032999994197,0.12347678999992695,3.8533102652135343,1.3915099712183165,3.6865159703980668
45.45951298900002,4.01,1.78,3.85,0.044081736000066485,0.05789508200007276,0.029845161000025655,3.8533102652135343,1.3915099712183165,3.6865159703980668
45.50984920899998,4.01,1.78,3.85,0.09441795600002933,0.10823130200003561,0.0801813809999885,3.8533102652135343,1.3915099712183165,3.6865159703980668
45.56015795199994,4.03,1.75,3.85,0.0006311449999429897,0.014566722999916237,0.13049012399994808,3.8741192547468133,1.3529227620230209,3.6865159703980668
45.61045103599997,4.03,1.75,3.85,0.05092422899997473,0.06485980699994798,0.03668899000001602,3.8741192547468133,1.3529227620230209,3.6865159703980668
45.660763036999924,4.03,1.75,3.85,0.10123622999992676,0.11517180799990001,0.08700099099996805,3.8741192547468133,1.3529227620230209,3.6865159703980668
45.711057375999985,4.03,1.75,3.85,0.15153056899998774,0.16546614699996098,0.13729533000002903,3.8741192547468133,1.3529227620230209,3.6865159703980668
45.761344527000006,4.03,1.75,3.85,0.2018177200000082,0.21575329799998144,0.18758248100004948,3.8741192547468133,1.3529227620230209,3.6865159703980668
45.811674960000005,4.03,1.75,3.85,0.25214815300000737,0.2660837309999806,0.23791291400004866,3.8741192547468133,1.3529227620230209,3.6865159703980668
45.86179632699998,4.0200000000000005,1.8,3.85,0.013985491999960686,0.028270072000054824,0.0003618399999822941,3.863715828059823,1.4170038814343453,3.6865159703980668
45.912095375000035,4.0200000000000005,1.8,3.85,0.06428454000001693,0.07856912000011107,0.05066088800003854,3.863715828059823,1.4170038814343453,3.6865159703980668
45.96218363599996,4.0200000000000005,1.8,3.85,0.11437280099994496,0.1286573810000391,0.10074914899996656,3.863715828059823,1.4170038814343453,3.6865159703980668
46.012260749000006,4.0,1.82,3.86,0.02102982200005954,0.03506540099999711,0.007127040999989731,3.842902548855487,1.4423245127224318,3.6969582091227373
46.062580945000036,4.0,1.82,3.86,0.07135001800008922,0.08538559700002679,0.05744723700001941,3.842902548855487,1.4423245127224318,3.6969582091227373
46.112905550999926,4.0,1.82,3.86,0.1216746239999793,0.13571020299991687,0.1077718429999095,3.842902548855487,1.4423245127224318,3.6969582091227373
46.16323012299995,3.98,1.75,3.87,0.027515495999978157,0.04185695000001033,0.013587540999992598,3.8220805852310336,1.3529227620230209,3.7073980093860976
46.213585317000025,3.98,1.75,3.87,0.07787069000005431,0.09221214400008648,0.06394273500006875,3.8220805852310336,1.3529227620230209,3.7073980093860976
46.26387316299997,3.98,1.75,3.87,0.12815853600000082,0.142499990000033,0.11423058100001526,3.8220805852310336,1.3529227620230209,3.7073980093860976
46.31421959700003,3.9899999999999998,1.82,3.86,0.03453566400003183,0.04896813800007749,0.020797953000055713,3.8324926614411146,1.4423245127224318,3.6969582091227373
46.36460610300003,3.9899999999999998,1.82,3.86,0.08492217000002711,0.09935464400007277,0.07118445900005099,3.8324926614411146,1.4423245127224318,3.6969582091227373
46.41492020700002,3.9899999999999998,1.76,3.86,0.1352362740000217,0.0051899769999863565,0.12149856300004558,3.8324926614411146,1.3658330791132567,3.6969582091227373
46.46526070999994,4.0,1.76,3.86,0.041920209999943836,0.05553047999990213,0.17183906599996135,3.842902548855487,1.3658330791132567,3.6969582091227373
46.51559323599997,4.0,1.76,3.86,0.09225273599997763,0.10586300599993592,0.22217159199999514,3.842902548855487,1.3658330791132567,3.6969582091227373
46.565924343999995,4.0,1.76,3.86,0.14258384400000068,0.15619411399995897,0.2725027000000182,3.842902548855487,1.3658330791132567,3.6969582091227373
46.61622368299993,4.0,1.76,3.86,0.19288318299993534,0.20649345299989363,0.32280203899995286,3.842902548855487,1.3658330791132567,3.6969582091227373
46.666609078999954,4.0,1.76,3.86,0.24326857899995957,0.25687884899991786,0.3731874349999771,3.842902548855487,1.3658330791132567,3.6969582091227373
46.71695248399999,4.0200000000000005,1.8,3.86,0.005581433999964247,0.019285787000058008,0.4235308400000122,3.863715828059823,1.4170038814343453,3.6969582091227373
46.767248824000035,4.0200000000000005,1.8,3.85,0.055877774000009595,0.06958212700010336,0.04202288200008297,3.863715828059823,1.4170038814343453,3.6865159703980668
46.81757380800002,4.0200000000000005,1.8,3.85,0.1062027579999949,0.11990711100008866,0.09234786600006828,3.863715828059823,1.4170038814343453,3.6865159703980668
46.86790551499996,4.0,1.8,3.85,0.012342736999926274,0.026261401999931877,0.14267957300000944,3.842902548855487,1.4170038814343453,3.6865159703980668
46.91823840099994,4.0,1.8,3.85,0.06267562299990459,0.0765942879999102,0.04892664900000909,3.842902548855487,1.4170038814343453,3.6865159703980668
46.96837347899998,4.0,1.8,3.85,0.11281070099994395,0.12672936599994955,0.09906172700004845,3.842902548855487,1.4170038814343453,3.6865159703980668
47.018457499999954,3.9899999999999998,1.77,3.85,0.01892328799999632,0.03280535199996848,0.005346059999965291,3.8324926614411146,1.378695035169127,3.6865159703980668
47.068592646999946,3.9899999999999998,1.77,3.85,0.0690584349999881,0.08294049899996025,0.05548120699995707,3.8324926614411146,1.378695035169127,3.6865159703980668
47.118917321000026,3.9899999999999998,1.77,3.85,0.11938310900006854,0.1332651730000407,0.10580588100003752,3.8324926614411146,1.378695035169127,3.6865159703980668
47.169060220999995,4.03,1.8,3.88,0.02557472199998756,0.03968358300005548,0.011634415000003173,3.8741192547468133,1.4170038814343453,3.717835391729978
47.21939482799996,4.03,1.8,3.88,0.0759093289999555,0.09001819000002342,0.06196902199997112,3.8741192547468133,1.4170038814343453,3.717835391729978
47.269523178999975,4.03,1.8,3.88,0.12603767999996762,0.14014654100003554,0.11209737299998324,3.8741192547468133,1.4170038814343453,3.717835391729978
47.319866210999976,3.98,1.75,3.87,0.032412251999971886,0.04632104500001333,0.018520318000014413,3.8220805852310336,1.3529227620230209,3.7073980093860976
47.370190041,3.98,1.75,3.87,0.08273608199999671,0.09664487500003816,0.06884414800003924,3.8220805852310336,1.3529227620230209,3.7073980093860976
47.42032328899995,3.98,1.82,3.87,0.1328693299999486,0.0028628719999233,0.11897739599999113,3.8220805852310336,1.4423245127224318,3.7073980093860976
47.47046873199997,4.0,1.82,3.9,0.03927497899996979,0.05300831499994274,0.025097171999959755,3.842902548855487,1.4423245127224318,3.73870298365623
47.52058808999993,4.0,1.82,3.9,0.0893943369999306,0.10312767299990355,0.07521652999992057,3.842902548855487,1.4423245127224318,3.73870298365623
47.570941098999924,4.0,1.79,3.9,0.1397473459999219,0.009442889999945692,0.12556953899991186,3.842902548855487,1.4042791745233565,3.73870298365623
47.62123455799997,4.03,1.79,3.87,0.045847097999967446,0.059736348999990696,0.03190868399997271,3.8741192547468133,1.4042791745233565,3.7073980093860976
47.67153438899993,4.03,1.79,3.87,0.0961469289999286,0.11003617999995186,0.08220851499993387,3.8741192547468133,1.4042791745233565,3.7073980093860976
47.72185990000003,3.9899999999999998,1.76,3.87,0.0024815090000629425,0.016410393999990447,0.13253402600003028,3.8324926614411146,1.3658330791132567,3.7073980093860976
47.77219887900003,3.9899999999999998,1.76,3.85,0.05282048800006578,0.06674937299999328,0.03908538400003181,3.8324926614411146,1.3658330791132567,3.6865159703980668
47.822546278000004,3.9899999999999998,1.76,3.85,0.10316788700004054,0.11709677199996804,0.08943278300000657,3.8324926614411146,1.3658330791132567,3.6865159703980668
47.87268905899998,4.0,1.79,3.85,0.009350373999950534,0.02352528500000517,0.1395755639999834,3.842902548855487,1.4042791745233565,3.6865159703980668
47.923016372000006,4.0,1.79,3.87,0.059677686999975776,0.07385259800003041,0.0460159049999902,3.842902548855487,1.4042791745233565,3.7073980093860976
47.97333894500002,4.0,1.79,3.87,0.11000025999999252,0.12417517100004716,0.09633847800000694,3.842902548855487,1.4042791745233565,3.7073980093860976
48.023663373999966,4.0200000000000005,1.76,3.85,0.016352460999996765,0.0302472900000339,0.0024278079999930924,3.863715828059823,1.3658330791132567,3.6865159703980668
48.07400923299997,4.0200000000000005,1.76,3.85,0.06669832000000042,0.08059314900003756,0.05277366699999675,3.863715828059823,1.3658330791132567,3.6865159703980668
48.12410321799996,4.0200000000000005,1.76,3.85,0.11679230499998994,0.13068713400002707,0.10286765199998626,3.863715828059823,1.3658330791132567,3.6865159703980668
48.174240845999975,4.03,1.83,3.8200000000000003,0.022970328000042173,0.036891151999952854,0.008848437999972703,3.8741192547468133,1.454922678357857,3.655174414443174
48.22458402400002,4.03,1.83,3.8200000000000003,0.07331350600009046,0.08723433000000114,0.059191616000020986,3.8741192547468133,1.454922678357857,3.655174414443174
48.274700498000016,4.03,1.83,3.8200000000000003,0.12342998000008265,0.13735080399999333,0.10930809000001318,3.8741192547468133,1.454922678357857,3.655174414443174
48.325023664000014,3.98,1.78,3.8200000000000003,0.02979374300002746,0.043887667000035435,0.0156809229999908,3.8220805852310336,1.3915099712183165,3.655174414443174
48.37537112799998,3.98,1.78,3.8200000000000003,0.08014120699999694,0.09423513100000491,0.06602838699996028,3.8220805852310336,1.3915099712183165,3.655174414443174
48.425516603000005,3.98,1.82,3.8200000000000003,0.13028668200001903,0.00023190700005670806,0.11617386199998236,3.8220805852310336,1.4423245127224318,3.655174414443174
48.47565984300002,3.98,1.82,3.85,0.036439072999996824,0.050375147000067955,0.022176059999992503,3.8220805852310336,1.4423245127224318,3.6865159703980668
48.525985139,3.98,1.82,3.85,0.08676436899997952,0.10070044300005065,0.0725013559999752,3.8220805852310336,1.4423245127224318,3.6865159703980668
48.57615918700003,3.98,1.79,3.85,0.1369384170000103,0.006865142000037849,0.12267540400000598,3.8220805852310336,1.4042791745233565,3.6865159703980668
48.62649119399998,4.01,1.79,3.85,0.04316971100001865,0.05719714899998962,0.02904719599996497,3.8533102652135343,1.4042791745233565,3.6865159703980668
48.67681888200002,4.01,1.79,3.85,0.09349739900005716,0.10752483700002813,0.07937488400000348,3.8533102652135343,1.4042791745233565,3.6865159703980668
48.72713722399999,4.01,1.79,3.85,0.1438157410000258,0.15784317899999678,0.12969322599997213,3.8533102652135343,1.4042791745233565,3.6865159703980668
48.77745379099997,4.01,1.79,3.85,0.19413230800000747,0.20815974599997844,0.1800097929999538,3.8533102652135343,1.4042791745233565,3.6865159703980668
48.82780188300001,4.01,1.79,3.85,0.24448040000004312,0.2585078380000141,0.23035788499998944,3.8533102652135343,1.4042791745233565,3.6865159703980668
48.878068810999935,3.9899999999999998,1.78,3.85,0.006608761999927992,0.020834058999980698,0.2806248129999176,3.8324926614411146,1.3915099712183165,3.6865159703980668
48.92838469100002,3.9899999999999998,1.78,3.85,0.05692464200001268,0.07114993900006539,0.043270881000012196,3.8324926614411146,1.3915099712183165,3.6865159703980668
48.978527688999975,3.9899999999999998,1.78,3.85,0.10706763999996838,0.12129293700002108,0.09341387899996789,3.8324926614411146,1.3915099712183165,3.6865159703980668
49.02888271300003,4.01,1.79,3.85,0.01371025700007067,0.027982973000007405,0.14376890300002287,3.8533102652135343,1.4042791745233565,3.6865159703980668
49.079212437000024,4.01,1.79,3.85,0.06403998100006447,0.07831269700000121,0.049881499000093754,3.8533102652135343,1.4042791745233565,3.6865159703980668
49.129355433,4.01,1.79,3.85,0.11418297700004132,0.12845569299997806,0.1000244950000706,3.8533102652135343,1.4042791745233565,3.6865159703980668
49.17949875199997,4.01,1.83,3.86,0.020083548999991763,0.03435648999993646,0.006149848999939422,3.8533102652135343,1.454922678357857,3.6969582091227373
49.22984816500002,4.01,1.83,3.86,0.07043296200004079,0.08470590299998548,0.05649926199998845,3.8533102652135343,1.454922678357857,3.6969582091227373
49.280192169999964,4.01,1.83,3.86,0.12077696699998342,0.1350499079999281,0.10684326699993107,3.8533102652135343,1.454922678357857,3.6969582091227373
49.330523632999984,3.98,1.79,3.8400000000000003,0.026909607999982654,0.041068762000008974,0.013224489999970501,3.8220805852310336,1.4042791745233565,3.6760712724320244
49.380850965000036,3.98,1.79,3.8400000000000003,0.07723694000003434,0.09139609400006066,0.06355182200002218,3.8220805852310336,1.4042791745233565,3.6760712724320244
49.431051343000036,3.98,1.79,3.8400000000000003,0.12743731800003388,0.1415964720000602,0.11375220000002173,3.8220805852310336,1.4042791745233565,3.6760712724320244
49.481303343000036,4.0,1.8,3.8400000000000003,0.033959440000103314,0.048166095000055975,0.02018456200005403,3.842902548855487,1.4170038814343453,3.6760712724320244
49.53158402299994,4.0,1.8,3.8400000000000003,0.08424012000000403,0.09844677499995669,0.07046524199995474,3.842902548855487,1.4170038814343453,3.6760712724320244
49.58172531699995,4.0,1.75,3.8400000000000003,0.13438141400001768,0.00434489399992799,0.1206065359999684,3.842902548855487,1.3529227620230209,3.6760712724320244
49.632062825999924,4.03,1.75,3.85,0.04100936999998339,0.05468240299990157,0.0268377979999741,3.8741192547468133,1.3529227620230209,3.6865159703980668
49.68241560399997,4.03,1.75,3.85,0.09136214800003017,0.10503518099994835,0.07719057600002088,3.8741192547468133,1.3529227620230209,3.6865159703980668
49.732738997999945,4.03,1.75,3.85,0.14168554200000472,0.011379642999941098,0.12751396999999542,3.8741192547468133,1.3529227620230209,3.6865159703980668
49.78304798700003,4.01,1.75,3.86,0.047922286000016356,0.06168863200002761,0.03383820999999898,3.8533102652135343,1.3529227620230209,3.6969582091227373
49.833382223999934,4.01,1.75,3.86,0.09825652299991816,0.11202286899992941,0.08417244699990079,3.8533102652135343,1.3529227620230209,3.6969582091227373
49.88370478499996,4.0,1.76,3.86,0.004441316999987066,0.018359996999947725,0.13449500799993075,3.842902548855487,1.3658330791132567,3.6969582091227373
49.93405662099997,4.0,1.76,3.86,0.054793152999991435,0.0687118329999521,0.041064220999942336,3.842902548855487,1.3658330791132567,3.6969582091227373
49.984384792000014,4.0,1.76,3.86,0.10512132400003793,0.11904000399999859,0.09139239199998883,3.842902548855487,1.3658330791132567,3.6969582091227373
50.03471167800001,3.98,1.79,3.86,0.011786540000002788,0.02540009300003021,0.1417192779999823,3.8220805852310336,1.4042791745233565,3.6969582091227373
50.08504900499997,3.98,1.79,3.88,0.06212386699996841,0.07573741999999584,0.04789534999997613,3.8220805852310336,1.4042791745233565,3.717835391729978
50.13538425399997,3.98,1.79,3.88,0.11245911599996816,0.12607266899999559,0.09823059899997588,3.8220805852310336,1.4042791745233565,3.717835391729978
50.185713678999946,3.9899999999999998,1.84,3.83,0.018522780000012062,0.0324529669999265,0.0045776900000191745,3.8324926614411146,1.4674808346278325,3.6656240942027867
50.23604319000003,3.9899999999999998,1.84,3.83,0.06885229100009838,0.08278247800001282,0.05490720100010549,3.8324926614411146,1.4674808346278325,3.6656240942027867
50.28637129499998,3.9899999999999998,1.84,3.83,0.11918039600004704,0.13311058299996148,0.10523530600005415,3.8324926614411146,1.4674808346278325,3.6656240942027867
50.336699262000025,4.0200000000000005,1.78,3.85,0.02550154499999735,0.03946022700006324,0.011614212000040425,3.863715828059823,1.3915099712183165,3.6865159703980668
50.38682343400001,4.0200000000000005,1.78,3.85,0.07562571699997989,0.08958439900004578,0.06173838400002296,3.863715828059823,1.3915099712183165,3.6865159703980668
50.43702125100003,4.0200000000000005,1.78,3.85,0.12582353400000557,0.13978221600007146,0.11193620100004864,3.863715828059823,1.3915099712183165,3.6865159703980668
50.48735298500003,4.0,1.82,3.86,0.03252536200000122,0.04616052100004708,0.018274867000059203,3.842902548855487,1.4423245127224318,3.6969582091227373
50.53765672500003,4.0,1.82,3.86,0.08282910200000515,0.09646426100005101,0.06857860700006313,3.842902548855487,1.4423245127224318,3.6969582091227373
50.58783932899996,4.0,1.85,3.86,0.13301170599993384,0.0027949320000288935,0.11876121099999182,3.842902548855487,1.4800000000000002,3.6969582091227373
50.63817459999996,3.9899999999999998,1.85,3.86,0.03907744899993304,0.05313020300002336,0.025134723999940434,3.8324926614411146,1.4800000000000002,3.6969582091227373
50.68843347999996,3.9899999999999998,1.85,3.86,0.08933632899993427,0.10338908300002458,0.07539360399994166,3.8324926614411146,1.4800000000000002,3.6969582091227373
50.73879884600001,3.9899999999999998,1.77,3.86,0.1397016949999852,0.009644494999974995,0.1257589699999926,3.8324926614411146,1.378695035169127,3.6969582091227373
50.78911008800003,3.98,1.77,3.87,0.0462270330000365,0.05995573699999568,0.032102334000001065,3.8220805852310336,1.378695035169127,3.7073980093860976
50.839222071999984,3.98,1.77,3.87,0.09633901699999114,0.11006772099995032,0.08221431799995571,3.8220805852310336,1.378695035169127,3.7073980093860976
50.88955983200003,3.9899999999999998,1.73,3.87,0.0024868149999974776,0.01640685300003497,0.13255207800000335,3.8324926614411146,1.3269513932318697,3.7073980093860976
50.939743540999984,3.9899999999999998,1.73,3.8400000000000003,0.05267052399995009,0.06659056199998759,0.03839538199997605,3.8324926614411146,1.3269513932318697,3.6760712724320244
50.98983385199995,3.9899999999999998,1.73,3.8400000000000003,0.10276083499991273,0.11668087299995022,0.08848569299993869,3.8324926614411146,1.3269513932318697,3.6760712724320244
51.04016527700003,4.0,1.76,3.8400000000000003,0.009108048000030067,0.02347877200008952,0.13881711800001995,3.842902548855487,1.3658330791132567,3.6760712724320244
51.090490458999966,4.0,1.76,3.86,0.05943322999996781,0.07380395400002726,0.045177484999953776,3.842902548855487,1.3658330791132567,3.6969582091227373
51.14085283700001,4.0,1.76,3.86,0.10979560800001309,0.12416633200007254,0.09553986299999906,3.842902548855487,1.3658330791132567,3.6969582091227373
51.19118570399996,4.0,1.8,3.85,0.016338207999979204,0.030115448999936234,0.001952004000031593,3.842902548855487,1.4170038814343453,3.6865159703980668
51.241502372000014,4.0,1.8,3.85,0.06665487600002962,0.08043211699998665,0.052268672000082006,3.842902548855487,1.4170038814343453,3.6865159703980668
51.29184853100003,4.0,1.8,3.85,0.11700103500004388,0.13077827600000091,0.10261483100009627,3.842902548855487,1.4170038814343453,3.6865159703980668
51.34218463399998,3.98,1.83,3.89,0.023188669999967715,0.03715003299998898,0.008967847999997502,3.8220805852310336,1.454922678357857,3.7282703764614498
51.392522336999946,3.98,1.83,3.89,0.07352637299993603,0.0874877359999573,0.05930555099996582,3.8220805852310336,1.454922678357857,3.7282703764614498
51.44285547100003,3.98,1.83,3.89,0.12385950700002013,0.1378208700000414,0.10963868500004992,3.8220805852310336,1.454922678357857,3.7282703764614498
51.49317411599998,4.03,1.82,3.8400000000000003,0.030150821000006545,0.044378230000006624,0.015979485999991994,3.8741192547468133,1.4423245127224318,3.6760712724320244
51.54350174000001,4.03,1.82,3.8400000000000003,0.08047844500003976,0.09470585400003984,0.0663071100000252,3.8741192547468133,1.4423245127224318,3.6760712724320244
51.59382037399996,4.03,1.82,3.8400000000000003,0.13079707899998994,0.0011802980000084062,0.11662574399997538,3.8741192547468133,1.4423245127224318,3.6760712724320244
51.643990519,3.9899999999999998,1.82,3.85,0.03674630500006515,0.05135044300004665,0.023046875999966687,3.8324926614411146,1.4423245127224318,3.6865159703980668
51.69412488900002,3.9899999999999998,1.82,3.85,0.08688067500008856,0.10148481300007006,0.0731812459999901,3.8324926614411146,1.4423245127224318,3.6865159703980668
51.74426219600002,3.9899999999999998,1.82,3.85,0.13701798200008852,0.15162212000007003,0.12331855299999006,3.8324926614411146,1.4423245127224318,3.6865159703980668
51.794597342999964,3.9899999999999998,1.82,3.85,0.1873531290000301,0.2019572670000116,0.17365369999993163,3.8324926614411146,1.4423245127224318,3.6865159703980668
51.84493512999995,3.9899999999999998,1.82,3.85,0.23769091600001957,0.2522950540000011,0.2239914869999211,3.8324926614411146,1.4423245127224318,3.6865159703980668
51.89510301600001,3.9899999999999998,1.75,3.85,0.2878588020000734,0.014128062000054342,0.27415937299997495,3.8324926614411146,1.3529227620230209,3.6865159703980668
51.94541939399994,4.01,1.75,3.85,0.04993865199992342,0.06444443999998839,0.03633477899995796,3.8533102652135343,1.3529227620230209,3.6865159703980668
51.99574468000003,4.01,1.75,3.85,0.10026393800001188,0.11476972600007684,0.08666006500004642,3.8533102652135343,1.3529227620230209,3.6865159703980668
52.046072323999965,3.9899999999999998,1.74,3.85,0.006926323000016055,0.021484232000034353,0.1369877089999818,3.8324926614411146,1.3399626860476377,3.6865159703980668
52.096390789,3.9899999999999998,1.74,3.83,0.057244788000048175,0.07180269700006647,0.043521931999976005,3.8324926614411146,1.3399626860476377,3.6656240942027867
52.14671350399999,3.9899999999999998,1.74,3.83,0.10756750300004114,0.12212541200005944,0.09384464699996897,3.8324926614411146,1.3399626860476377,3.6656240942027867
52.19687026700001,3.9899999999999998,1.75,3.83,0.013727969000001394,0.02767928100001882,0.14400140999998712,3.8324926614411146,1.3529227620230209,3.6656240942027867
52.24722445500004,3.9899999999999998,1.75,3.83,0.06408215700002984,0.07803346900004726,0.04991489900010038,3.8324926614411146,1.3529227620230209,3.6656240942027867
52.29744588699998,3.9899999999999998,1.75,3.83,0.11430358899997373,0.12825490099999115,0.10013633100004427,3.8324926614411146,1.3529227620230209,3.6656240942027867
52.34780653099995,4.0,1.82,3.88,0.020781773999942743,0.03465220800001134,0.0067867650000152935,3.842902548855487,1.4423245127224318,3.717835391729978
52.398133368,4.0,1.82,3.88,0.07110861099999966,0.08497904500006825,0.057113602000072206,3.842902548855487,1.4423245127224318,3.717835391729978
52.44846144099995,4.0,1.82,3.88,0.12143668399994567,0.13530711800001427,0.10744167500001822,3.842902548855487,1.4423245127224318,3.717835391729978
52.498571829999946,4.01,1.75,3.86,0.027509509999958937,0.04168957899992165,0.01356481300001633,3.8533102652135343,1.3529227620230209,3.6969582091227373
52.548897533999934,4.01,1.75,3.86,0.07783521399994697,0.09201528299990969,0.06389051700000437,3.8533102652135343,1.3529227620230209,3.6969582091227373
52.599034366999945,4.01,1.75,3.86,0.12797204699995746,0.14215211599992017,0.11402735000001485,3.8533102652135343,1.3529227620230209,3.6969582091227373
52.64917234199993,4.0,1.78,3.83,0.0341403119999768,0.048092844999928275,0.020216012999981103,3.842902548855487,1.3915099712183165,3.6656240942027867
52.699466150000035,4.0,1.78,3.83,0.08443412000008266,0.09838665300003413,0.07050982100008696,3.842902548855487,1.3915099712183165,3.6656240942027867
52.74981813900001,4.0,1.82,3.83,0.1347861090000606,0.004752315000018825,0.1208618100000649,3.842902548855487,1.4423245127224318,3.6656240942027867
52.80003144,3.98,1.82,3.85,0.041285172000016246,0.05496561600000405,0.0270983890000025,3.8220805852310336,1.4423245127224318,3.6865159703980668
52.85035699399998,3.98,1.82,3.85,0.09161072599999898,0.10529116999998678,0.07742394299998523,3.8220805852310336,1.4423245127224318,3.6865159703980668
52.90069215200003,3.98,1.82,3.85,0.1419458840000516,0.1556263280000394,0.12775910100003784,3.8220805852310336,1.4423245127224318,3.6865159703980668
52.951015724999934,3.98,1.82,3.85,0.19226945699995213,0.20594990099993993,0.17808267399993838,3.8220805852310336,1.4423245127224318,3.6865159703980668
53.001353569,3.98,1.82,3.85,0.24260730100002093,0.2562877450000087,0.22842051800000718,3.8220805852310336,1.4423245127224318,3.6865159703980668
53.05169223600001,4.0,1.75,3.85,0.004728451000005407,0.01866721500005042,0.2787591850000126,3.842902548855487,1.3529227620230209,3.6865159703980668
53.102031523999926,4.0,1.75,3.8400000000000003,0.05506773899992368,0.06900650299996869,0.04134900199994718,3.842902548855487,1.3529227620230209,3.6760712724320244
53.15235369499999,4.0,1.75,3.8400000000000003,0.10538990999998532,0.11932867400003033,0.09167117300000882,3.842902548855487,1.3529227620230209,3.6760712724320244
53.20269614899996,4.04,1.79,3.8400000000000003,0.012024105000023155,0.025694025999996484,0.142013626999983,3.884520562437532,1.4042791745233565,3.6760712724320244
53.25301986499994,4.04,1.79,3.83,0.06234782100000302,0.07601774199997635,0.04838058299992554,3.884520562437532,1.4042791745233565,3.6656240942027867
53.30333731899998,4.04,1.79,3.83,0.11266527500004031,0.12633519600001364,0.09869803699996282,3.884520562437532,1.4042791745233565,3.6656240942027867
53.35345139399999,4.01,1.8,3.83,0.018557402000055845,0.03261724900005447,0.0045848190000015165,3.8533102652135343,1.4170038814343453,3.6656240942027867
53.403834233,4.01,1.8,3.83,0.0689402410000639,0.08300008800006253,0.05496765800000958,3.8533102652135343,1.4170038814343453,3.6656240942027867
53.45416145799993,4.01,1.8,3.83,0.1192674659999966,0.13332731299999523,0.10529488299994227,3.8533102652135343,1.4170038814343453,3.6656240942027867
53.50445024600003,4.01,1.77,3.8400000000000003,0.025867007000101694,0.039728981000052954,0.011697762000039802,3.8533102652135343,1.378695035169127,3.6760712724320244
53.55473201500001,4.01,1.77,3.8400000000000003,0.07614877600008185,0.09001075000003311,0.06197953100001996,3.8533102652135343,1.378695035169127,3.6760712724320244
53.60492412299993,4.01,1.77,3.8400000000000003,0.1263408840000011,0.14020285799995236,0.1121716389999392,3.8533102652135343,1.378695035169127,3.6760712724320244
53.65524979600002,4.03,1.83,3.87,0.032407860000034816,0.04652816999998777,0.018184771000051114,3.8741192547468133,1.454922678357857,3.7073980093860976
53.705589978000035,4.03,1.83,3.87,0.08274804200004837,0.09686835200000132,0.06852495300006467,3.8741192547468133,1.454922678357857,3.7073980093860976
53.75592114400001,4.03,1.77,3.87,0.13307920800002648,0.0030432500000188156,0.11885611900004278,3.8741192547468133,1.378695035169127,3.7073980093860976
53.806255043999954,4.03,1.77,3.8400000000000003,0.1834131079999679,0.05337714999996024,0.025200714999982665,3.8741192547468133,1.378695035169127,3.6760712724320244
53.85638056899995,4.03,1.77,3.8400000000000003,0.23353863299996647,0.1035026749999588,0.07532623999998123,3.8741192547468133,1.378695035169127,3.6760712724320244
53.90672755899993,4.03,1.78,3.8400000000000003,0.28388562299994646,0.0098567779999712,0.12567322999996122,3.8741192547468133,1.3915099712183165,3.6760712724320244
53.95706549399995,4.03,1.78,3.85,0.3342235579999624,0.06019471299998713,0.03233975799992095,3.8741192547468133,1.3915099712183165,3.6865159703980668
54.007395944999985,4.03,1.78,3.85,0.3845540089999986,0.11052516400002332,0.08267020899995714,3.8741192547468133,1.3915099712183165,3.6865159703980668
54.057538930999954,3.98,1.71,3.85,0.003091146999963712,0.01692817399998603,0.13281319499992605,3.8220805852310336,1.3007690033207278,3.6865159703980668
54.10784001100001,3.98,1.71,3.87,0.053392227000017556,0.06722925400003987,0.0388402580000502,3.8220805852310336,1.3007690033207278,3.7073980093860976
54.15813297,3.98,1.71,3.87,0.10368518600000698,0.1175222130000293,0.08913321700003962,3.8220805852310336,1.3007690033207278,3.7073980093860976
54.20831650000002,3.98,1.79,3.87,0.009631780000063372,0.023745032000078936,0.13931674700006624,3.8220805852310336,1.4042791745233565,3.7073980093860976
54.258613800000035,3.98,1.79,3.89,0.059929080000074464,0.07404233200009003,0.045639787000027354,3.8220805852310336,1.4042791745233565,3.7282703764614498
54.308947709999984,3.98,1.79,3.89,0.11026299000002382,0.12437624200003938,0.09597369699997671,3.8220805852310336,1.4042791745233565,3.7282703764614498
54.359249223000006,3.98,1.77,3.85,0.016217686000004505,0.03051960200002668,0.0022989960000359133,3.8220805852310336,1.378695035169127,3.6865159703980668
54.40959314199995,3.98,1.77,3.85,0.06656160499994712,0.0808635209999693,0.05264291499997853,3.8220805852310336,1.378695035169127,3.6865159703980668
54.45990958899995,3.98,1.77,3.85,0.11687805199994727,0.13117996799996945,0.10295936199997868,3.8220805852310336,1.378695035169127,3.6865159703980668
54.51022562100002,3.98,1.75,3.86,0.02323102800005472,0.03771496199999547,0.009391241000002992,3.8220805852310336,1.3529227620230209,3.6969582091227373
54.560606689,3.98,1.75,3.86,0.07361209600003349,0.08809602999997423,0.05977230899998176,3.8220805852310336,1.3529227620230209,3.6969582091227373
54.610932306999985,3.98,1.75,3.86,0.12393771400002151,0.13842164799996226,0.11009792699996979,3.8220805852310336,1.3529227620230209,3.6969582091227373
54.66126623699995,3.9899999999999998,1.84,3.85,0.03027239699997608,0.044591730999968604,0.016621059999920362,3.8324926614411146,1.4674808346278325,3.6865159703980668
54.711410245000025,3.9899999999999998,1.84,3.85,0.08041640500005087,0.0947357390000434,0.06676506799999515,3.8324926614411146,1.4674808346278325,3.6865159703980668
54.76175257199998,3.9899999999999998,1.84,3.85,0.13075873200000387,0.1450780659999964,0.11710739499994816,3.8324926614411146,1.4674808346278325,3.6865159703980668
54.81187143,3.9899999999999998,1.84,3.85,0.1808775900000228,0.19519692400001531,0.16722625299996707,3.8324926614411146,1.4674808346278325,3.6865159703980668
54.86220055499996,3.9899999999999998,1.84,3.85,0.2312067149999848,0.24552604899997732,0.21755537799992908,3.8324926614411146,1.4674808346278325,3.6865159703980668
54.91251898999997,3.9899999999999998,1.75,3.85,0.2815251499999931,0.007533209000030183,0.2678738129999374,3.8324926614411146,1.3529227620230209,3.6865159703980668
54.96284918599997,4.01,1.75,3.8400000000000003,0.04421550099993965,0.05786340500003462,0.030193549000046005,3.8533102652135343,1.3529227620230209,3.6760712724320244
55.013135542999976,4.01,1.75,3.8400000000000003,0.09450185799994415,0.10814976200003912,0.0804799060000505,3.8533102652135343,1.3529227620230209,3.6760712724320244
55.06339012900003,3.98,1.76,3.8400000000000003,0.0007580810000717975,0.014447243000063281,0.13073449200010145,3.8220805852310336,1.3658330791132567,3.6760712724320244
55.11374038700001,3.98,1.76,3.9,0.05110833900005218,0.06479750100004367,0.036992227000041566,3.8220805852310336,1.3658330791132567,3.73870298365623
55.16403272399998,3.98,1.76,3.9,0.10140067600002567,0.11508983800001715,0.08728456400001505,3.8220805852310336,1.3658330791132567,3.73870298365623
55.214364761999946,3.98,1.78,3.9,0.0075180049999517,0.021435188999930688,0.13761660199998005,3.8220805852310336,1.3915099712183165,3.73870298365623
55.264694287,3.98,1.78,3.86,0.057847530000003644,0.07176471399998263,0.04400130400006219,3.8220805852310336,1.3915099712183165,3.6969582091227373
55.31500717200004,3.98,1.78,3.86,0.10816041500004303,0.12207759900002202,0.09431418900010158,3.8220805852310336,1.3915099712183165,3.6969582091227373
55.36509582299993,3.9899999999999998,1.83,3.88,0.014281925999966916,0.028199332999975013,0.00039780299994163215,3.8324926614411146,1.454922678357857,3.717835391729978
55.41542344300001,3.9899999999999998,1.83,3.88,0.06460954600004243,0.07852695300005053,0.050725423000017145,3.8324926614411146,1.454922678357857,3.717835391729978
55.465513234000014,3.9899999999999998,1.83,3.88,0.11469933700004731,0.1286167440000554,0.10081521400002202,3.8324926614411146,1.454922678357857,3.717835391729978
55.515862623999965,4.0,1.8,3.8400000000000003,0.02112351099992793,0.03530929099997593,0.007196566999937204,3.842902548855487,1.4170038814343453,3.6760712724320244
55.56619587,4.0,1.8,3.8400000000000003,0.07145675699996445,0.08564253700001245,0.05752981299997373,3.842902548855487,1.4170038814343453,3.6760712724320244
55.61652979099995,4.0,1.8,3.8400000000000003,0.12179067799991117,0.13597645799995917,0.10786373399992044,3.842902548855487,1.4170038814343453,3.6760712724320244
55.66686273799996,3.98,1.78,3.86,0.028159361000007266,0.042382592999956614,0.014387421000037648,3.8220805852310336,1.3915099712183165,3.6969582091227373
55.717052889,3.98,1.78,3.86,0.07834951200004525,0.0925727439999946,0.06457757200007563,3.8220805852310336,1.3915099712183165,3.6969582091227373
55.767370685999936,3.98,1.78,3.86,0.12866730899997947,0.14289054099992882,0.11489536900000985,3.8220805852310336,1.3915099712183165,3.6969582091227373
55.81766771399998,3.98,1.76,3.8400000000000003,0.03495203499994659,0.04911820600000283,0.021288450000042758,3.8220805852310336,1.3658330791132567,3.6760712724320244
55.86801891899995,3.98,1.76,3.8400000000000003,0.08530323999991651,0.09946941099997275,0.07163965500001268,3.8220805852310336,1.3658330791132567,3.6760712724320244
55.91834835099996,3.98,1.79,3.8400000000000003,0.1356326719999288,0.005872761999967224,0.12196908700002496,3.8220805852310336,1.4042791745233565,3.6760712724320244
55.96860751600002,4.0,1.79,3.87,0.04221759699998984,0.05613192700002401,0.02823318500009009,3.842902548855487,1.4042791745233565,3.7073980093860976
56.01870896499997,4.0,1.79,3.87,0.09231904599994323,0.1062333759999774,0.07833463400004348,3.842902548855487,1.4042791745233565,3.7073980093860976
56.06903781699998,4.0,1.84,3.87,0.14264789799995015,0.01259474300002239,0.1286634860000504,3.842902548855487,1.4674808346278325,3.7073980093860976
56.11914967500002,4.0,1.84,3.8400000000000003,0.04863279300002432,0.06270660100005898,0.0345714490000546,3.842902548855487,1.4674808346278325,3.6760712724320244
56.16928701699999,4.0,1.84,3.8400000000000003,0.09877013499999521,0.11284394300002987,0.08470879100002549,3.842902548855487,1.4674808346278325,3.6760712724320244
56.21963856000002,3.97,1.78,3.8400000000000003,0.005043795000005957,0.018963126000016928,0.1350603340000589,3.8116663022882786,1.3915099712183165,3.6760712724320244
56.26997147999998,3.97,1.78,3.85,0.05537671499996577,0.06929604599997674,0.041726699000037115,3.8116663022882786,1.3915099712183165,3.6865159703980668
56.32018486100003,3.97,1.78,3.85,0.10559009600001446,0.11950942700002543,0.0919400800000858,3.8116663022882786,1.3915099712183165,3.6865159703980668
56.37041939400001,4.03,1.78,3.85,0.011851231000036933,0.025998614000059206,0.14217461300006562,3.8741192547468133,1.3915099712183165,3.6865159703980668
56.42074203300001,4.03,1.78,3.8400000000000003,0.06217387000003782,0.0763212530000601,0.04837353900006747,3.8741192547468133,1.3915099712183165,3.6760712724320244
56.47099963200003,4.03,1.78,3.8400000000000003,0.1124314690000574,0.12657885200007968,0.09863113800008705,3.8741192547468133,1.3915099712183165,3.6760712724320244
56.521188793999954,4.0,1.78,3.87,0.018903205000015078,0.032580842000015764,0.004373642000018663,3.842902548855487,1.3915099712183165,3.7073980093860976
56.571534979000035,4.0,1.78,3.87,0.06924939000009545,0.08292702700009613,0.05471982700009903,3.842902548855487,1.3915099712183165,3.7073980093860976
56.621868671000016,4.0,1.78,3.87,0.1195830820000765,0.1332607190000772,0.10505351900008009,3.842902548855487,1.3915099712183165,3.7073980093860976
56.67199373099993,3.98,1.78,3.85,0.025498964999997042,0.03939863199991578,0.01122938499997872,3.8220805852310336,1.3915099712183165,3.6865159703980668
56.72230542,3.98,1.78,3.85,0.07581065400006537,0.0897103209999841,0.06154107400004705,3.8220805852310336,1.3915099712183165,3.6865159703980668
56.772586348000004,3.98,1.78,3.85,0.12609158200007187,0.1399912489999906,0.11182200200005354,3.8220805852310336,1.3915099712183165,3.6865159703980668
56.82291693000002,3.98,1.78,3.85,0.032453677000034986,0.046382900000025984,0.018153544000028887,3.8220805852310336,1.3915099712183165,3.6865159703980668
56.873232267999924,3.98,1.78,3.85,0.08276901499993983,0.09669823799993083,0.06846888199993373,3.8220805852310336,1.3915099712183165,3.6865159703980668
56.923412823000035,3.98,1.78,3.85,0.1329495700000507,0.0028680130000111603,0.1186494370000446,3.8220805852310336,1.3915099712183165,3.6865159703980668
56.973706635999974,4.0,1.78,3.85,0.03955499100004545,0.05316182599995045,0.02518933500005005,3.842902548855487,1.3915099712183165,3.6865159703980668
57.02408277199993,4.0,1.78,3.85,0.08993112699999983,0.10353796199990484,0.07556547100000444,3.842902548855487,1.3915099712183165,3.6865159703980668
57.074382033000006,4.0,1.78,3.85,0.14023038800007726,0.009891138000057254,0.12586473200008186,3.842902548855487,1.3915099712183165,3.6865159703980668
57.12463179500003,4.0,1.78,3.85,0.046068815000012364,0.060140900000078545,0.03196884700003011,3.842902548855487,1.3915099712183165,3.6865159703980668
57.17496766199997,4.0,1.78,3.85,0.09640468199995667,0.11047676700002285,0.08230471399997441,3.842902548855487,1.3915099712183165,3.6865159703980668
57.22510811400002,3.9899999999999998,1.77,3.85,0.002403473000072154,0.016651257000035002,0.13244516600002498,3.8324926614411146,1.378695035169127,3.6865159703980668
57.27540285600003,3.9899999999999998,1.77,3.8400000000000003,0.05269821500007765,0.0669459990000405,0.03877486700002919,3.8324926614411146,1.378695035169127,3.6760712724320244
57.32571850700003,3.9899999999999998,1.77,3.8400000000000003,0.103013866000083,0.11726165000004585,0.08909051800003454,3.8324926614411146,1.378695035169127,3.6760712724320244
57.376034077999975,4.0200000000000005,1.79,3.8400000000000003,0.009626925000020492,0.023593714999947224,0.13940608899997642,3.863715828059823,1.4042791745233565,3.6760712724320244
57.426345653,4.0200000000000005,1.79,3.85,0.05993850000004386,0.07390528999997059,0.04575633399997514,3.863715828059823,1.4042791745233565,3.6865159703980668
57.47663853400002,4.0200000000000005,1.79,3.85,0.11023138100006236,0.12419817099998909,0.09604921499999364,3.863715828059823,1.4042791745233565,3.6865159703980668
57.52675408499999,4.03,1.76,3.88,0.016335195999999996,0.030362520000039694,0.002371483000047192,3.8741192547468133,1.3658330791132567,3.717835391729978
57.577104290999955,4.03,1.76,3.88,0.06668540199996187,0.08071272600000157,0.052721689000009064,3.8741192547468133,1.3658330791132567,3.717835391729978
57.627244303,4.03,1.76,3.88,0.11682541400000446,0.13085273800004416,0.10286170100005165,3.8741192547468133,1.3658330791132567,3.717835391729978
57.67758138800002,3.98,1.8,3.83,0.022962104000043837,0.03712506400006532,0.009033214000055523,3.8220805852310336,1.4170038814343453,3.6656240942027867
57.727917511999976,3.98,1.8,3.83,0.07329822799999874,0.08746118800002023,0.05936933800001043,3.8220805852310336,1.4170038814343453,3.6656240942027867
57.77822129100002,3.98,1.8,3.83,0.12360200700004498,0.13776496700006646,0.10967311700005666,3.8220805852310336,1.4170038814343453,3.6656240942027867
57.82851195699993,3.98,1.8,3.83,0.1738926729999548,0.1880556329999763,0.1599637829999665,3.8220805852310336,1.4170038814343453,3.6656240942027867
57.87885206999999,3.98,1.8,3.83,0.22423278600001595,0.23839574600003743,0.21030389600002763,3.8220805852310336,1.4170038814343453,3.6656240942027867
57.92893883800002,3.98,1.77,3.83,0.27431955400004426,0.00031045000002905,0.26039066400005595,3.8220805852310336,1.378695035169127,3.6656240942027867
57.97927210399996,4.0,1.77,3.8400000000000003,0.03672052399997483,0.05064371599996775,0.022788491000028444,3.842902548855487,1.378695035169127,3.6760712724320244
58.029580107000015,4.0,1.77,3.8400000000000003,0.0870285270000295,0.10095171900002242,0.07309649400008311,3.842902548855487,1.378695035169127,3.6760712724320244
58.07990951399995,4.0,1.8,3.8400000000000003,0.1373579339999651,0.007504750999942189,0.12342590100001871,3.842902548855487,1.4170038814343453,3.6760712724320244
58.13002273500001,3.98,1.8,3.85,0.04370824400007223,0.05761797200000274,0.02958549100003438,3.8220805852310336,1.4170038814343453,3.6865159703980668
58.18035118199998,3.98,1.8,3.85,0.09403669100004208,0.1079464189999726,0.07991393800000424,3.8220805852310336,1.4170038814343453,3.6865159703980668
58.23053900499997,3.9899999999999998,1.8,3.85,4.994999994778482e-05,0.013955490999933318,0.1301017609999917,3.8324926614411146,1.4170038814343453,3.6865159703980668
58.28087368499996,3.9899999999999998,1.8,3.86,0.050384629999939534,0.06429017099992507,0.03646902899993165,3.8324926614411146,1.4170038814343453,3.6969582091227373
58.33099184499997,3.9899999999999998,1.8,3.86,0.10050278999995044,0.11440833099993597,0.08658718899994255,3.8324926614411146,1.4170038814343453,3.6969582091227373
58.38131970899997,3.98,1.76,3.86,0.00705828900004235,0.020760921000032795,0.13691505299993878,3.8220805852310336,1.3658330791132567,3.6969582091227373
58.431474793999996,3.98,1.76,3.85,0.05721337400007087,0.07091600600006132,0.04331763000004685,3.8220805852310336,1.3658330791132567,3.6865159703980668
58.48184046999995,3.98,1.76,3.85,0.10757905000002665,0.1212816820000171,0.09368330600000263,3.8220805852310336,1.3658330791132567,3.6865159703980668
58.532029697999974,3.9899999999999998,1.78,3.85,0.013585443000010855,0.027514053000004424,0.14387253400002464,3.8324926614411146,1.3915099712183165,3.6865159703980668
58.58232991,3.9899999999999998,1.78,3.86,0.06388565500003551,0.07781426500002908,0.049791707000053975,3.8324926614411146,1.3915099712183165,3.6969582091227373
58.632661697,3.9899999999999998,1.78,3.86,0.11421744200004014,0.1281460520000337,0.1001234940000586,3.8324926614411146,1.3915099712183165,3.6969582091227373
58.683008583999936,4.03,1.8,3.86,0.020885951999957797,0.03462971999999809,0.00666068800001085,3.8741192547468133,1.4170038814343453,3.6969582091227373
58.73333766600001,4.03,1.8,3.86,0.07121503400003348,0.08495880200007377,0.05698977000008654,3.8741192547468133,1.4170038814343453,3.6969582091227373
58.783668364999926,4.03,1.8,3.86,0.12154573299994809,0.13528950099998838,0.10732046900000114,3.8741192547468133,1.4170038814343453,3.6969582091227373
58.834013024,3.97,1.75,3.85,0.027633912000055716,0.04179459300007693,0.013983027999984188,3.8116663022882786,1.3529227620230209,3.6865159703980668
58.88435514399998,3.97,1.75,3.85,0.07797603200003778,0.09213671300005899,0.06432514799996625,3.8116663022882786,1.3529227620230209,3.6865159703980668
58.934684446000006,3.97,1.75,3.85,0.1283053340000606,0.14246601500008182,0.11465444999998908,3.8116663022882786,1.3529227620230209,3.6865159703980668
58.984835266999994,3.97,1.75,3.85,0.17845615500004897,0.19261683600007018,0.16480527099997744,3.8116663022882786,1.3529227620230209,3.6865159703980668
59.03516162599999,3.97,1.75,3.85,0.228782514000045,0.24294319500006623,0.21513162999997348,3.8116663022882786,1.3529227620230209,3.6865159703980668
59.08550290699998,3.97,1.78,3.85,0.27912379500003226,0.005113313000038033,0.26547291099996073,3.8116663022882786,1.3915099712183165,3.6865159703980668
59.13583380900002,3.98,1.78,3.87,0.04176825000001827,0.055444215000079566,0.027243739000027745,3.8220805852310336,1.3915099712183165,3.7073980093860976
59.18615011999998,3.98,1.78,3.87,0.09208456099997875,0.10576052600004004,0.07756004999998822,3.8220805852310336,1.3915099712183165,3.7073980093860976
59.23647332600001,3.98,1.77,3.87,0.1424077670000088,0.012085339000009299,0.12788325600001826,3.8220805852310336,1.378695035169127,3.7073980093860976
59.28680894299998,4.01,1.77,3.89,0.048507336000056966,0.06242095599998265,0.034263365000015256,3.8533102652135343,1.378695035169127,3.7282703764614498
59.33712441499995,4.01,1.77,3.89,0.09882280800002263,0.11273642799994832,0.08457883699998092,3.8533102652135343,1.378695035169127,3.7282703764614498
59.387463812999954,3.97,1.79,3.89,0.005183197999940603,0.019114541000021745,0.13491823499998645,3.8116663022882786,1.4042791745233565,3.7282703764614498
59.437831878,3.97,1.79,3.85,0.05555126299998392,0.06948260600006506,0.04164392100005898,3.8116663022882786,1.4042791745233565,3.6865159703980668
59.48816177499998,3.97,1.79,3.85,0.10588115999996717,0.11981250300004831,0.09197381800004223,3.8116663022882786,1.4042791745233565,3.6865159703980668
59.53849856299996,3.9899999999999998,1.79,3.85,0.012268123000012565,0.026192672999968636,0.14231060600002365,3.8324926614411146,1.4042791745233565,3.6865159703980668
59.588846263999926,3.9899999999999998,1.79,3.8400000000000003,0.06261582399997678,0.07654037399993285,0.048344488999987334,3.8324926614411146,1.4042791745233565,3.6760712724320244
59.639166245999945,3.9899999999999998,1.79,3.8400000000000003,0.11293580599999586,0.12686035599995193,0.09866447100000642,3.8324926614411146,1.4042791745233565,3.6760712724320244
59.68953730299995,4.01,1.76,3.86,0.01933548800002427,0.03326033299993014,0.005093902999988131,3.8533102652135343,1.3658330791132567,3.6969582091227373
59.73987062399999,4.01,1.76,3.86,0.06966880900006345,0.08359365399996932,0.05542722400002731,3.8533102652135343,1.3658330791132567,3.6969582091227373
59.79014930899996,4.01,1.76,3.86,0.11994749400003002,0.1338723389999359,0.10570590899999388,3.8533102652135343,1.3658330791132567,3.6969582091227373
59.84029091000002,4.0200000000000005,1.82,3.88,0.02578101400001742,0.04021519500008708,0.011856938000050832,3.863715828059823,1.4423245127224318,3.717835391729978
59.89062185399996,4.0200000000000005,1.82,3.88,0.07611195799995585,0.0905461390000255,0.06218788199998926,3.863715828059823,1.4423245127224318,3.717835391729978
59.94095622999998,4.0200000000000005,1.82,3.88,0.1264463339999793,0.14088051500004894,0.1125222580000127,3.863715828059823,1.4423245127224318,3.717835391729978
59.991097919000026,3.9899999999999998,1.82,3.85,0.0326163990000623,0.04688890500005982,0.018871579999995447,3.8324926614411146,1.4423245127224318,3.6865159703980668
60.04143173099999,3.9899999999999998,1.82,3.85,0.08295021100002486,0.09722271700002239,0.06920539199995801,3.8324926614411146,1.4423245127224318,3.6865159703980668
60.091763122999964,3.9899999999999998,1.77,3.85,0.13328160300000036,0.0035589560000062193,0.1195367839999335,3.8324926614411146,1.378695035169127,3.6865159703980668
60.142101640999954,4.0200000000000005,1.77,3.86,0.03966275699997368,0.05389747399999578,0.025736810000012156,3.863715828059823,1.378695035169127,3.6969582091227373
60.192424150999955,4.0200000000000005,1.77,3.86,0.08998526699997456,0.10421998399999666,0.07605932000001303,3.863715828059823,1.378695035169127,3.6969582091227373
60.24273586200002,4.0200000000000005,1.76,3.86,0.1402969780000376,0.010553795000078026,0.12637103100007607,3.863715828059823,1.3658330791132567,3.6969582091227373
60.293057653999995,3.9899999999999998,1.76,3.8200000000000003,0.04665142500005004,0.06087558700005502,0.03271956000003229,3.8324926614411146,1.3658330791132567,3.655174414443174
60.343403703000035,3.9899999999999998,1.76,3.8200000000000003,0.09699747400009073,0.11122163600009571,0.08306560900007298,3.8324926614411146,1.3658330791132567,3.655174414443174
60.393726717999925,3.9899999999999998,1.76,3.8200000000000003,0.0033504579999998896,0.0172634029999017,0.13338862399996287,3.8324926614411146,1.3658330791132567,3.655174414443174
60.444064228,3.9899999999999998,1.76,3.85,0.05368796800007658,0.06760091299997839,0.039771106999978656,3.8324926614411146,1.3658330791132567,3.6865159703980668
60.49439383699996,3.9899999999999998,1.76,3.85,0.104017577000036,0.11793052199993781,0.09010071599993807,3.8324926614411146,1.3658330791132567,3.6865159703980668
60.54466162599999,4.03,1.77,3.85,0.010640981000051397,0.024256879000063236,0.14036850499996945,3.8741192547468133,1.378695035169127,3.6865159703980668
60.59499159699999,4.03,1.77,3.85,0.06097095200004787,0.07458685000005971,0.046847340999988774,3.8741192547468133,1.378695035169127,3.6865159703980668
60.645318729999985,4.03,1.77,3.85,0.11129808500004401,0.12491398300005585,0.09717447399998491,3.8741192547468133,1.378695035169127,3.6865159703980668
60.695459212999936,3.9899999999999998,1.82,3.83,0.01713538100000278,0.031073361999915505,0.003365996999946219,3.8324926614411146,1.4423245127224318,3.6656240942027867
60.74581035899996,3.9899999999999998,1.82,3.83,0.06748652700002822,0.08142450799994094,0.05371714299997166,3.8324926614411146,1.4423245127224318,3.6656240942027867
60.796005854999976,3.9899999999999998,1.82,3.83,0.11768202300004305,0.13162000399995577,0.10391263899998648,3.8324926614411146,1.4423245127224318,3.6656240942027867
60.84633888600001,3.9899999999999998,1.82,3.83,0.16801505400007954,0.18195303499999227,0.15424567000002298,3.8324926614411146,1.4423245127224318,3.6656240942027867
60.89666238099994,3.9899999999999998,1.82,3.83,0.21833854900000915,0.23227652999992188,0.2045691649999526,3.8324926614411146,1.4423245127224318,3.6656240942027867
60.946882579999965,3.9899999999999998,1.82,3.83,0.2685587480000322,0.28249672899994493,0.25478936399997565,3.8324926614411146,1.4423245127224318,3.6656240942027867
60.996970763000036,3.9899999999999998,1.75,3.86,0.0306751240000267,0.04474667600004523,0.017053164000003562,3.8324926614411146,1.3529227620230209,3.6969582091227373
61.047304063999945,3.9899999999999998,1.75,3.86,0.08100842499993632,0.09507997699995485,0.06738646499991319,3.8324926614411146,1.3529227620230209,3.6969582091227373
61.09739295999998,3.9899999999999998,1.77,3.86,0.13109732099997018,0.001085155000055238,0.11747536099994704,3.8324926614411146,1.378695035169127,3.6969582091227373
61.14772790699999,4.01,1.77,3.85,0.03775200600000517,0.051420102000065526,0.02357398000003741,3.8533102652135343,1.378695035169127,3.6865159703980668
61.19805320699993,4.01,1.77,3.85,0.08807730599994557,0.10174540200000592,0.07389927999997781,3.8533102652135343,1.378695035169127,3.6865159703980668
61.24819494799999,4.01,1.79,3.85,0.13821904700000687,0.00792216100001042,0.12404102100003911,3.8533102652135343,1.4042791745233565,3.6865159703980668
61.298529395999935,3.9899999999999998,1.79,3.85,0.044611135999957696,0.05825660899995455,0.03038626000000022,3.8324926614411146,1.4042791745233565,3.6865159703980668
61.348868261999996,3.9899999999999998,1.79,3.85,0.09495000200001869,0.10859547500001554,0.08072512600006121,3.8324926614411146,1.4042791745233565,3.6865159703980668
61.39895522899997,4.0,1.78,3.85,0.0007868359999747554,0.01466379299995424,0.13081209300003138,3.842902548855487,1.3915099712183165,3.6865159703980668
61.44928386000004,4.0,1.78,3.87,0.0511154670000451,0.06499242400002458,0.03714294200005952,3.842902548855487,1.3915099712183165,3.7073980093860976
61.499614021999946,4.0,1.78,3.87,0.10144562899995435,0.11532258599993384,0.08747310399996877,3.842902548855487,1.3915099712183165,3.7073980093860976
61.54994177200001,4.0,1.79,3.87,0.007767587999978787,0.021722636000049533,0.13780085400003372,3.842902548855487,1.4042791745233565,3.7073980093860976
61.60027364899997,4.0,1.79,3.83,0.05809946499994112,0.07205451300001187,0.04412098000000242,3.842902548855487,1.4042791745233565,3.6656240942027867
61.65058242600003,4.0,1.79,3.83,0.10840824199999588,0.12236329000006663,0.09442975700005718,3.842902548855487,1.4042791745233565,3.6656240942027867
61.700675547999936,4.01,1.77,3.85,0.014524275999974634,0.02848188099994786,0.0005706769999278549,3.8533102652135343,1.378695035169127,3.6865159703980668
61.75081352099994,4.01,1.77,3.85,0.06466224899997997,0.0786198539999532,0.050708649999933186,3.8533102652135343,1.378695035169127,3.6865159703980668
61.80089545999999,4.01,1.77,3.85,0.1147441880000315,0.12870179300000473,0.10079058899998472,3.8533102652135343,1.378695035169127,3.6865159703980668
61.85111236800003,3.98,1.82,3.88,0.021033284000054664,0.034939726000061455,0.0074216130000195335,3.8220805852310336,1.4423245127224318,3.717835391729978
61.90143844900001,3.98,1.82,3.88,0.07135936500003481,0.0852658070000416,0.05774769399999968,3.8220805852310336,1.4423245127224318,3.717835391729978
61.95181070499996,3.98,1.82,3.88,0.1217316209999808,0.1356380629999876,0.10811994999994567,3.8220805852310336,1.4423245127224318,3.717835391729978
62.00213481000003,3.9899999999999998,1.75,3.88,0.028050573000086843,0.0422369500000741,0.013814844000080484,3.8324926614411146,1.3529227620230209,3.717835391729978
62.05247218399995,3.9899999999999998,1.75,3.88,0.07838794700001017,0.09257432399999743,0.06415221800000381,3.8324926614411146,1.3529227620230209,3.717835391729978
62.10279763400001,3.9899999999999998,1.75,3.88,0.12871339700006956,0.14289977400005682,0.1144776680000632,3.8324926614411146,1.3529227620230209,3.717835391729978
62.153091711,4.0200000000000005,1.82,3.8200000000000003,0.03501737300007335,0.04922373300007621,0.020807966999996097,3.863715828059823,1.4423245127224318,3.655174414443174
62.203407803000005,4.0200000000000005,1.82,3.8200000000000003,0.0853334650000761,0.09953982500007896,0.07112405899999885,3.863715828059823,1.4423245127224318,3.655174414443174
62.25366850800003,4.0200000000000005,1.8,3.8200000000000003,0.135594170000104,0.00558473099999901,0.12138476400002673,3.863715828059823,1.4170038814343453,3.655174414443174
62.303996966,4.01,1.8,3.85,0.042301389000044765,0.055913188999966223,0.02772288500000286,3.8533102652135343,1.4170038814343453,3.6865159703980668
62.35429543099997,4.01,1.8,3.85,0.09259985400001369,0.10621165399993515,0.07802134999997179,3.8533102652135343,1.4170038814343453,3.6865159703980668
62.40462544000002,4.01,1.82,3.85,0.14292986300006305,0.01255410800001755,0.12835135900002115,3.8533102652135343,1.4423245127224318,3.6865159703980668
62.45496356199999,3.9899999999999998,1.82,3.86,0.04915688899995985,0.06289222999998856,0.03471484199997121,3.8324926614411146,1.4423245127224318,3.6969582091227373
62.50529105600003,3.9899999999999998,1.82,3.86,0.09948438300000362,0.11321972400003233,0.08504233600001498,3.8324926614411146,1.4423245127224318,3.6969582091227373
62.555624777999924,3.98,1.77,3.86,0.005610992999891096,0.019552649999923233,0.13537605799990615,3.8220805852310336,1.378695035169127,3.6969582091227373
62.60570661199995,3.98,1.77,3.86,0.05569282699991618,0.06963448399994832,0.04180213199992977,3.8220805852310336,1.378695035169127,3.6969582091227373
62.65603471399993,3.98,1.77,3.86,0.10602092899989657,0.1199625859999287,0.09213023399991016,3.8220805852310336,1.378695035169127,3.6969582091227373
62.70635866700002,3.98,1.77,3.86,0.012384563000068738,0.02631309500009138,0.14245418699999846,3.8220805852310336,1.378695035169127,3.6969582091227373
62.756716912,3.98,1.77,3.85,0.06274280800005272,0.07667134000007536,0.04863184500004536,3.8220805852310336,1.378695035169127,3.6865159703980668
62.80705384700002,3.98,1.77,3.85,0.11307974300007118,0.12700827500009382,0.09896878000006382,3.8220805852310336,1.378695035169127,3.6865159703980668
62.85729254599994,4.03,1.77,3.8400000000000003,0.019076110000014523,0.03329047699992316,0.005164199999967423,3.8741192547468133,1.378695035169127,3.6760712724320244
62.907610739000006,4.03,1.77,3.8400000000000003,0.06939430300008098,0.08360866999998962,0.05548239300003388,3.8741192547468133,1.378695035169127,3.6760712724320244
62.95793524099997,4.03,1.77,3.8400000000000003,0.11971880500004772,0.13393317199995636,0.10580689500000062,3.8741192547468133,1.378695035169127,3.6760712724320244
63.00827152099998,3.9899999999999998,1.83,3.8400000000000003,0.026203926999983196,0.040318207000041184,0.01213643799997044,3.8324926614411146,1.454922678357857,3.6760712724320244
63.05855197799997,3.9899999999999998,1.83,3.8400000000000003,0.07648438399996849,0.09059866400002647,0.06241689499995573,3.8324926614411146,1.454922678357857,3.6760712724320244
63.10888740400003,3.9899999999999998,1.83,3.8400000000000003,0.12681981000002907,0.14093409000008705,0.11275232100001631,3.8324926614411146,1.454922678357857,3.6760712724320244
63.15922641700001,4.0,1.82,3.83,0.033053075999987414,0.04730523900002481,0.01939315100003114,3.842902548855487,1.4423245127224318,3.6656240942027867
63.20959361600001,4.0,1.82,3.83,0.08342027499998039,0.09767243800001779,0.06976035000002412,3.842902548855487,1.4423245127224318,3.6656240942027867
63.25973257199996,4.0,1.75,3.83,0.1335592309999356,0.00381598399997074,0.11989930599997933,3.842902548855487,1.3529227620230209,3.6656240942027867
63.31004791600003,3.98,1.75,3.8200000000000003,0.04006725400006417,0.0541313280000395,0.02598274800004674,3.8220805852310336,1.3529227620230209,3.655174414443174
63.360377684000014,3.98,1.75,3.8200000000000003,0.0903970220000474,0.10446109600002274,0.07631251600002997,3.8220805852310336,1.3529227620230209,3.655174414443174
63.410697916000004,3.98,1.8,3.8200000000000003,0.14071725400003743,0.01054324100005033,0.12663274800002,3.8220805852310336,1.4170038814343453,3.655174414443174
63.460992927999996,4.0200000000000005,1.8,3.8400000000000003,0.04690835100007007,0.06083825300004264,0.03296339999997144,3.863715828059823,1.4170038814343453,3.6760712724320244
63.511319655999955,4.0200000000000005,1.8,3.8400000000000003,0.09723507900002915,0.11116498100000172,0.08329012799993052,3.863715828059823,1.4170038814343453,3.6760712724320244
63.56146316799993,4.0,1.82,3.8400000000000003,0.003360366999913822,0.017334505000007994,0.13343363999990743,3.842902548855487,1.4423245127224318,3.6760712724320244
63.611835059999976,4.0,1.82,3.86,0.053732258999957594,0.06770639700005177,0.039977066000005834,3.842902548855487,1.4423245127224318,3.6969582091227373
63.66199996499995,4.0,1.82,3.86,0.10389716399993176,0.11787130200002593,0.09014197099998,3.842902548855487,1.4423245127224318,3.6969582091227373
63.71221630899993,3.9899999999999998,1.75,3.86,0.010271326999941266,0.024067830999911166,0.14035831499995766,3.8324926614411146,1.3529227620230209,3.6969582091227373
63.76259766199996,3.9899999999999998,1.75,3.85,0.06065267999997559,0.07444918399994549,0.04661442799999804,3.8324926614411146,1.3529227620230209,3.6865159703980668
63.81293618199993,3.9899999999999998,1.75,3.85,0.110991199999944,0.1247877039999139,0.09695294799996645,3.8324926614411146,1.3529227620230209,3.6865159703980668
63.86324804200001,3.9899999999999998,1.75,3.85,0.16130306000002292,0.17509956399999282,0.14726480800004538,3.8324926614411146,1.3529227620230209,3.6865159703980668
63.91357717699998,3.9899999999999998,1.75,3.85,0.21163219499999286,0.22542869899996276,0.19759394300001532,3.8324926614411146,1.3529227620230209,3.6865159703980668
63.963904168,3.9899999999999998,1.75,3.85,0.2619591860000128,0.2757556899999827,0.24792093400003523,3.8324926614411146,1.3529227620230209,3.6865159703980668
64.01408297199998,3.98,1.75,3.83,0.024084957000013674,0.0380193959999815,0.010112753000043995,3.8220805852310336,1.3529227620230209,3.6656240942027867
64.06430742199996,3.98,1.75,3.83,0.074309406999987,0.08824384599995483,0.060337203000017325,3.8220805852310336,1.3529227620230209,3.6656240942027867
64.11459646499998,3.98,1.75,3.83,0.12459845000000769,0.1385328889999755,0.11062624600003801,3.8220805852310336,1.3529227620230209,3.6656240942027867
64.16493583199997,3.98,1.79,3.87,0.03095627400000467,0.045014596999976675,0.017036532000020088,3.8220805852310336,1.4042791745233565,3.7073980093860976
64.21518592500001,3.98,1.79,3.87,0.0812063670000498,0.0952646900000218,0.06728662500006521,3.8220805852310336,1.4042791745233565,3.7073980093860976
64.26527258299996,3.98,1.82,3.87,0.13129302499999085,0.0012428809999391888,0.11737328300000627,3.8220805852310336,1.4423245127224318,3.7073980093860976
64.31559422499993,3.9899999999999998,1.82,3.8400000000000003,0.0376083749999907,0.05156452299991088,0.023735003999945548,3.8324926614411146,1.4423245127224318,3.6760712724320244
64.36592245500003,3.9899999999999998,1.82,3.8400000000000003,0.08793660500009537,0.10189275300001555,0.07406323400005022,3.8324926614411146,1.4423245127224318,3.6760712724320244
64.41626483200002,3.9899999999999998,1.77,3.8400000000000003,0.13827898200008804,0.00826360900009604,0.12440561100004288,3.8324926614411146,1.378695035169127,3.6760712724320244
64.46661337900002,4.0,1.77,3.86,0.044886514000040734,0.05861215600009473,0.030963451000047826,3.842902548855487,1.378695035169127,3.6969582091227373
64.51695443200003,4.0,1.77,3.86,0.09522756700005175,0.10895320900010574,0.08130450400005884,3.842902548855487,1.378695035169127,3.6969582091227373
64.56707206800002,3.98,1.78,3.86,0.001415864000023248,0.015104980000046453,0.1314221400000406,3.8220805852310336,1.3915099712183165,3.6969582091227373
64.61740044299995,3.98,1.78,3.86,0.051744238999958725,0.06543335499998193,0.037650531999929626,3.8220805852310336,1.3915099712183165,3.6969582091227373
64.66772563199993,3.98,1.78,3.86,0.10206942799993612,0.11575854399995933,0.08797572099990703,3.8220805852310336,1.3915099712183165,3.6969582091227373
64.71804519299997,4.0200000000000005,1.8,3.86,0.008167231000015818,0.02210227099999429,0.13829528199994456,3.863715828059823,1.4170038814343453,3.6969582091227373
64.76836305999996,4.0200000000000005,1.8,3.85,0.058485098000005564,0.07242013799998404,0.04424272300002485,3.863715828059823,1.4170038814343453,3.6865159703980668
64.81864765599994,4.0200000000000005,1.8,3.85,0.1087696939999887,0.12270473399996717,0.09452731900000799,3.863715828059823,1.4170038814343453,3.6865159703980668
64.86873874100002,3.98,1.75,3.85,0.014890108000031432,0.02879791500004103,0.0006636660000367556,3.8220805852310336,1.3529227620230209,3.6865159703980668
64.91905448800003,3.98,1.75,3.85,0.06520585500004472,0.07911366200005432,0.050979413000050045,3.8220805852310336,1.3529227620230209,3.6865159703980668
64.96914720099994,3.98,1.75,3.85,0.11529856799995741,0.129206374999967,0.10107212599996274,3.8220805852310336,1.3529227620230209,3.6865159703980668
65.01949807599999,3.98,1.75,3.8200000000000003,0.021882462999997188,0.035566474000006565,0.007454875999997057,3.8220805852310336,1.3529227620230209,3.655174414443174
65.06985148299998,3.98,1.75,3.8200000000000003,0.07223586999998588,0.08591988099999526,0.05780828299998575,3.8220805852310336,1.3529227620230209,3.655174414443174
65.12018482400003,3.98,1.75,3.8200000000000003,0.12256921100004092,0.1362532220000503,0.10814162400004079,3.8220805852310336,1.3529227620230209,3.655174414443174
65.170499543,4.0,1.77,3.85,0.028794423000022107,0.042964705000031245,0.014457920000040758,3.842902548855487,1.378695035169127,3.6865159703980668
65.22083345399994,4.0,1.77,3.85,0.07912833399996089,0.09329861599997002,0.06479183099997954,3.842902548855487,1.378695035169127,3.6865159703980668
65.27118931999996,4.0,1.77,3.85,0.12948419999997896,0.1436544819999881,0.1151476969999976,3.842902548855487,1.378695035169127,3.6865159703980668
65.32132977000003,4.0200000000000005,1.79,3.85,0.03563614300003337,0.04968305700003839,0.021608752000020104,3.863715828059823,1.4042791745233565,3.6865159703980668
65.37165024299998,4.0200000000000005,1.79,3.85,0.08595661599997584,0.10000352999998086,0.07192922499996257,3.863715828059823,1.4042791745233565,3.6865159703980668
65.421827549,4.0200000000000005,1.76,3.85,0.13613392199999907,0.006084575000045334,0.12210653099998581,3.863715828059823,1.3658330791132567,3.6865159703980668
65.47213819299998,4.0,1.76,3.83,0.042463337999947726,0.056395219000023644,0.028181924000023173,3.842902548855487,1.3658330791132567,3.6656240942027867
65.52245634099995,4.0,1.76,3.83,0.09278148599992164,0.10671336699999756,0.07850007199999709,3.842902548855487,1.3658330791132567,3.6656240942027867
65.57282407499997,4.0,1.76,3.83,0.14314921999994112,0.01311757899998156,0.12886780600001657,3.842902548855487,1.3658330791132567,3.6656240942027867
65.623122695,4.01,1.76,3.86,0.049367653999979666,0.0634161990000166,0.035202944000047864,3.8533102652135343,1.3658330791132567,3.6969582091227373
65.67341480100004,4.01,1.76,3.86,0.09965976000000865,0.11370830500004558,0.08549505000007684,3.8533102652135343,1.3658330791132567,3.6969582091227373
65.72374260699996,4.0,1.77,3.86,0.005767508999952042,0.020019025000010515,0.13582285600000432,3.842902548855487,1.378695035169127,3.6969582091227373
65.77408026399996,4.0,1.77,3.85,0.05610516599995208,0.07035668200001055,0.04251408999994055,3.842902548855487,1.378695035169127,3.6865159703980668
65.82422127099994,4.0,1.77,3.85,0.10624617299993133,0.1204976889999898,0.0926550969999198,3.842902548855487,1.378695035169127,3.6865159703980668
65.87455493499999,3.98,1.76,3.85,0.012605818999986695,0.02690135000000282,0.1429887609999696,3.8220805852310336,1.3658330791132567,3.6865159703980668
65.92469801899995,3.98,1.76,3.85,0.0627489029999424,0.07704443399995853,0.049169788999961384,3.8220805852310336,1.3658330791132567,3.6865159703980668
65.97485479599993,3.98,1.76,3.85,0.11290567999992618,0.1272012109999423,0.09932656599994516,3.8220805852310336,1.3658330791132567,3.6865159703980668
66.02503553199995,3.9899999999999998,1.75,3.85,0.019702079000012418,0.03383332299995345,0.005597828999952981,3.8324926614411146,1.3529227620230209,3.6865159703980668
66.07535069099993,3.9899999999999998,1.75,3.85,0.07001723799999127,0.0841484819999323,0.05591298799993183,3.8324926614411146,1.3529227620230209,3.6865159703980668
66.12569344199994,3.9899999999999998,1.75,3.85,0.12035998900000777,0.1344912329999488,0.10625573899994833,3.8324926614411146,1.3529227620230209,3.6865159703980668
66.17602370199995,4.0,1.8,3.87,0.026423457999953825,0.040403580999964106,0.012176759999988462,3.842902548855487,1.4170038814343453,3.7073980093860976
66.22635747499999,4.0,1.8,3.87,0.07675723099998777,0.09073735399999805,0.0625105330000224,3.842902548855487,1.4170038814343453,3.7073980093860976
66.27650093499994,4.0,1.8,3.87,0.12690069099994616,0.14088081399995644,0.1126539929999808,3.842902548855487,1.4170038814343453,3.7073980093860976
66.32683858899998,3.9899999999999998,1.78,3.85,0.03282817299998442,0.04692164200002935,0.0190052340000193,3.8324926614411146,1.3915099712183165,3.6865159703980668
66.37715872499996,3.9899999999999998,1.78,3.85,0.0831483089999665,0.09724177800001144,0.06932537000000139,3.8324926614411146,1.3915099712183165,3.6865159703980668
66.427478189,3.9899999999999998,1.79,3.85,0.13346777300000667,0.003559764999977233,0.11964483400004156,3.8324926614411146,1.4042791745233565,3.6865159703980668
66.47760468599995,4.01,1.79,3.85,0.03993715899991912,0.05368626199992832,0.025895209999930557,3.8533102652135343,1.4042791745233565,3.6865159703980668
66.52775752000002,4.01,1.79,3.85,0.09008999299999232,0.10383909600000152,0.07604804400000376,3.8533102652135343,1.4042791745233565,3.6865159703980668
66.57798601499996,4.01,1.76,3.85,0.1403184879999344,0.010309866999932638,0.12627653899994584,3.8533102652135343,1.3658330791132567,3.6865159703980668
66.62812362599993,3.98,1.76,3.88,0.04651044799993542,0.06044747799990091,0.03245095899990247,3.8220805852310336,1.3658330791132567,3.717835391729978
66.67826189799996,3.98,1.76,3.88,0.09664871999996194,0.11058574999992743,0.08258923099992899,3.8220805852310336,1.3658330791132567,3.717835391729978
66.72860099000002,3.9899999999999998,1.75,3.88,0.0027924529999836523,0.01674070199999278,0.13292832299998736,3.8324926614411146,1.3529227620230209,3.717835391729978
66.77893828499998,3.9899999999999998,1.75,3.86,0.05312974799994663,0.06707799699995576,0.0394714289999456,3.8324926614411146,1.3529227620230209,3.6969582091227373
66.82907997400002,3.9899999999999998,1.75,3.86,0.10327143699998942,0.11721968599999855,0.08961311799998839,3.8324926614411146,1.3529227620230209,3.6969582091227373
66.87940749899997,3.9899999999999998,1.75,3.86,0.15359896199993273,0.16754721099994185,0.1399406429999317,3.8324926614411146,1.3529227620230209,3.6969582091227373
66.92973600200003,3.9899999999999998,1.75,3.86,0.20392746499999248,0.2178757140000016,0.19026914599999145,3.8324926614411146,1.3529227620230209,3.6969582091227373
66.98008180800002,3.9899999999999998,1.75,3.86,0.2542732709999882,0.2682215199999973,0.24061495199998717,3.8324926614411146,1.3529227620230209,3.6969582091227373
67.03018468699997,3.9899999999999998,1.82,3.8400000000000003,0.016979179000031763,0.030441387999985636,0.0029701869999598784,3.8324926614411146,1.4423245127224318,3.6760712724320244
67.08050058599997,3.9899999999999998,1.82,3.8400000000000003,0.06729507800002921,0.08075728699998308,0.05328608599995732,3.8324926614411146,1.4423245127224318,3.6760712724320244
67.13085528199997,3.9899999999999998,1.82,3.8400000000000003,0.11764977400002863,0.1311119829999825,0.10364078199995674,3.8324926614411146,1.4423245127224318,3.6760712724320244
67.18103814799997,4.0,1.78,3.85,0.023401616999990438,0.03729653999994298,0.009490322000033302,3.842902548855487,1.3915099712183165,3.6865159703980668
67.23137658600001,4.0,1.78,3.85,0.07374005500003022,0.08763497799998277,0.05982876000007309,3.842902548855487,1.3915099712183165,3.6865159703980668
67.281715093,4.0,1.78,3.85,0.12407856200002243,0.13797348499997497,0.1101672670000653,3.842902548855487,1.3915099712183165,3.6865159703980668
67.33206631500002,4.01,1.83,3.85,0.03045240400001603,0.04461313700005576,0.016532572000073742,3.8533102652135343,1.454922678357857,3.6865159703980668
67.382385344,4.01,1.83,3.85,0.08077143299999534,0.09493216600003507,0.06685160100005305,3.8533102652135343,1.454922678357857,3.6865159703980668
67.43271871599995,4.01,1.82,3.85,0.13110480499994992,0.0012767779999194317,0.11718497300000763,3.8533102652135343,1.4423245127224318,3.6865159703980668
67.48288974699994,4.01,1.82,3.85,0.0373155869999664,0.051447808999910194,0.02339592199996332,3.8533102652135343,1.4423245127224318,3.6865159703980668
67.53324138400001,4.01,1.82,3.85,0.08766722400002891,0.1017994459999727,0.07374755900002583,3.8533102652135343,1.4423245127224318,3.6865159703980668
67.58358761700003,4.01,1.8,3.85,0.1380134570000564,0.007930836000014096,0.12409379200005333,3.8533102652135343,1.4170038814343453,3.6865159703980668
67.63392816099997,3.98,1.8,3.8400000000000003,0.04451629300001514,0.05827137999995102,0.030257898999934696,3.8220805852310336,1.4170038814343453,3.6760712724320244
67.68425144599996,3.98,1.8,3.8400000000000003,0.09483957800000553,0.10859466499994141,0.08058118399992509,3.8220805852310336,1.4170038814343453,3.6760712724320244
67.73455458699993,3.9899999999999998,1.76,3.8400000000000003,0.001058798999906685,0.014914556000007906,0.13088432499989722,3.8324926614411146,1.3658330791132567,3.6760712724320244
67.78488711499995,3.9899999999999998,1.76,3.85,0.05139132699991933,0.06524708400002055,0.03707363199998781,3.8324926614411146,1.3658330791132567,3.6865159703980668
67.83521474899999,3.9899999999999998,1.76,3.85,0.10171896099996047,0.1155747180000617,0.08740126600002895,3.8324926614411146,1.3658330791132567,3.6865159703980668
67.88555257400003,3.9899999999999998,1.79,3.85,0.008052653000049759,0.021833197000091786,0.1377390910000713,3.8324926614411146,1.4042791745233565,3.6865159703980668
67.93585107399997,3.9899999999999998,1.79,3.86,0.05835115299998961,0.07213169700003164,0.044401689999972405,3.8324926614411146,1.4042791745233565,3.6969582091227373
67.98617957800002,3.9899999999999998,1.79,3.86,0.10867965700003879,0.12246020100008081,0.09473019400002158,3.8324926614411146,1.4042791745233565,3.6969582091227373
68.03654714899994,4.0,1.79,3.85,0.015187673000014001,0.028976445000012063,0.0010782429999380838,3.842902548855487,1.4042791745233565,3.6865159703980668
68.08688591800001,4.0,1.79,3.85,0.06552644200007762,0.07931521400007568,0.051417012000001705,3.842902548855487,1.4042791745233565,3.6865159703980668
68.13721598899997,4.0,1.79,3.85,0.11585651300003974,0.1296452850000378,0.10174708299996382,3.842902548855487,1.4042791745233565,3.6865159703980668
68.18755038400002,4.04,1.82,3.87,0.022333086999992702,0.03604055200003131,0.007855025000026217,3.884520562437532,1.4423245127224318,3.7073980093860976
68.23784528499993,4.04,1.82,3.87,0.07262798799990833,0.08633545299994694,0.05814992599994184,3.884520562437532,1.4423245127224318,3.7073980093860976
68.28818289999992,4.04,1.82,3.87,0.12296560299989778,0.1366730679999364,0.1084875409999313,3.884520562437532,1.4423245127224318,3.7073980093860976
68.33852017100003,4.0,1.78,3.85,0.028772143000082906,0.043307099999992715,0.014854465000098571,3.842902548855487,1.3915099712183165,3.6865159703980668
68.38884156400002,4.0,1.78,3.85,0.07909353600007307,0.09362849299998288,0.06517585800008874,3.842902548855487,1.3915099712183165,3.6865159703980668
68.43900483599998,4.0,1.78,3.85,0.12925680800003647,0.14379176499994628,0.11533913000005214,3.842902548855487,1.3915099712183165,3.6865159703980668
68.48932897099996,3.98,1.76,3.85,0.035814950000030876,0.04996614799995314,0.021672059000025,3.8220805852310336,1.3658330791132567,3.6865159703980668
68.539663529,3.98,1.76,3.85,0.08614950800006227,0.10030070599998453,0.0720066170000564,3.8220805852310336,1.3658330791132567,3.6865159703980668
68.58998862199996,3.98,1.76,3.85,0.13647460100003173,0.006537696000009419,0.12233171000002585,3.8220805852310336,1.3658330791132567,3.6865159703980668
68.64032279699995,4.0,1.76,3.85,0.04291639699999905,0.056871870999998464,0.028650128999970548,3.842902548855487,1.3658330791132567,3.6865159703980668
68.69061684199994,4.0,1.76,3.85,0.09321044199998596,0.10716591599998537,0.07894417399995746,3.842902548855487,1.3658330791132567,3.6865159703980668
68.740954193,4.0,1.78,3.85,0.14354779300003884,0.013564164000058554,0.12928152500001033,3.842902548855487,1.3915099712183165,3.6865159703980668
68.79111526600002,3.9899999999999998,1.78,3.85,0.04958816200007732,0.06372523700008514,0.035536552000053234,3.8324926614411146,1.3915099712183165,3.6865159703980668
68.84143926699994,3.9899999999999998,1.78,3.85,0.09991216299999905,0.11404923800000688,0.08586055299997497,3.8324926614411146,1.3915099712183165,3.6865159703980668
68.89180164699997,4.0,1.77,3.85,0.00616004799996972,0.02010834899999736,0.1362229329999991,3.842902548855487,1.378695035169127,3.6865159703980668
68.94210579499997,4.0,1.77,3.85,0.05646419599997898,0.07041249700000662,0.18652708100000837,3.842902548855487,1.378695035169127,3.6865159703980668
68.99224644200001,4.0,1.77,3.85,0.10660484300001372,0.12055314400004136,0.2366677280000431,3.842902548855487,1.378695035169127,3.6865159703980668
69.04236908799999,4.0,1.77,3.85,0.15672748899999078,0.17067579000001842,0.28679037400002017,3.842902548855487,1.378695035169127,3.6865159703980668
69.09270483099999,4.0,1.77,3.85,0.20706323199999588,0.22101153300002352,0.33712611700002526,3.842902548855487,1.378695035169127,3.6865159703980668
69.14302924999993,4.0,1.77,3.85,0.2573876509999309,0.2713359519999585,0.38745053599996027,3.842902548855487,1.378695035169127,3.6865159703980668
69.19338081800004,4.0,1.76,3.86,0.01974815700009458,0.03374692300008064,0.005895756000086294,3.842902548855487,1.3658330791132567,3.6969582091227373
69.24367580800003,4.0,1.76,3.86,0.07004314700009218,0.08404191300007824,0.05619074600008389,3.842902548855487,1.3658330791132567,3.6969582091227373
69.29383442699998,4.0,1.76,3.86,0.12020176600003651,0.13420053200002258,0.10634936500002823,3.842902548855487,1.3658330791132567,3.6969582091227373
69.34416245099999,4.01,1.77,3.85,0.0266206940000302,0.04055918500000644,0.012926943000024949,3.8533102652135343,1.378695035169127,3.6865159703980668
69.394305637,4.01,1.77,3.85,0.07676388000004408,0.09070237100002032,0.06307012900003883,3.8533102652135343,1.378695035169127,3.6865159703980668
69.44462597400002,4.01,1.77,3.85,0.12708421700006056,0.1410227080000368,0.11339046600005531,3.8533102652135343,1.378695035169127,3.6865159703980668
69.49476389099993,4.0,1.79,3.88,0.03326249299993833,0.047172744999897986,0.01934294599993791,3.842902548855487,1.4042791745233565,3.717835391729978
69.54507355199996,4.0,1.79,3.88,0.08357215399996676,0.09748240599992641,0.06965260699996634,3.842902548855487,1.4042791745233565,3.717835391729978
69.59521531799999,4.0,1.78,3.88,0.13371391999999105,0.0036546039999620916,0.11979437299999063,3.842902548855487,1.3915099712183165,3.717835391729978
69.64554586700001,4.0200000000000005,1.78,3.85,0.04008732099998724,0.053985152999985075,0.02625865800007432,3.863715828059823,1.3915099712183165,3.6865159703980668
69.695675854,4.0200000000000005,1.78,3.85,0.0902173079999784,0.10411513999997624,0.07638864500006548,3.863715828059823,1.3915099712183165,3.6865159703980668
69.74586153099995,4.0200000000000005,1.78,3.85,0.14040298499992332,0.010349464000000808,0.1265743220000104,3.863715828059823,1.3915099712183165,3.6865159703980668
69.796180962,3.98,1.78,3.87,0.04675710300000446,0.060668895000048906,0.03280218899999454,3.8220805852310336,1.3915099712183165,3.7073980093860976
69.84652949999997,3.98,1.78,3.87,0.09710564099998464,0.11101743300002909,0.08315072699997472,3.8220805852310336,1.3915099712183165,3.7073980093860976
69.89670422099994,3.98,1.78,3.87,0.14728036199994676,0.1611921539999912,0.13332544799993684,3.8220805852310336,1.3915099712183165,3.7073980093860976
69.94704053600003,3.98,1.78,3.87,0.19761667700004182,0.21152846900008626,0.1836617630000319,3.8220805852310336,1.3915099712183165,3.7073980093860976
69.99736225899994,3.98,1.78,3.87,0.2479383999999527,0.26185019199999715,0.2339834859999428,3.8220805852310336,1.3915099712183165,3.7073980093860976
70.04771708199996,3.98,1.78,3.87,0.2982932229999733,0.31220501500001774,0.2843383089999634,3.8220805852310336,1.3915099712183165,3.7073980093860976
70.098059853,3.98,1.78,3.87,0.34863599400000567,0.3625477860000501,0.33468107999999575,3.8220805852310336,1.3915099712183165,3.7073980093860976
70.148396972,3.98,1.78,3.87,0.3989731130000109,0.41288490500005537,0.385018199000001,3.8220805852310336,1.3915099712183165,3.7073980093860976
70.19873023399998,3.98,1.78,3.87,0.44930637499999193,0.4632181670000364,0.435351460999982,3.8220805852310336,1.3915099712183165,3.7073980093860976
70.24907075499993,3.98,1.78,3.87,0.4996468959999447,0.5135586879999892,0.4856919819999348,3.8220805852310336,1.3915099712183165,3.7073980093860976
70.299390916,3.98,1.78,3.87,0.5499670570000035,0.5638788490000479,0.5360121429999936,3.8220805852310336,1.3915099712183165,3.7073980093860976
70.349709104,4.0,1.8,3.83,0.024392922000060935,0.03831258499997148,0.010464609999985441,3.842902548855487,1.4170038814343453,3.6656240942027867
70.40002672100002,4.0,1.8,3.83,0.07471053900007973,0.08863020199999028,0.06078222700000424,3.842902548855487,1.4170038814343453,3.6656240942027867
70.45034697400001,4.0,1.8,3.83,0.12503079200007505,0.1389504549999856,0.11110247999999956,3.842902548855487,1.4170038814343453,3.6656240942027867
70.50068688299996,3.9899999999999998,1.79,3.8400000000000003,0.03158225599997877,0.04530377200001112,0.017119765999950687,3.8324926614411146,1.4042791745233565,3.6760712724320244
70.55102038300004,3.9899999999999998,1.79,3.8400000000000003,0.08191575600005763,0.09563727200008998,0.06745326600002954,3.8324926614411146,1.4042791745233565,3.6760712724320244
70.60125643000003,3.9899999999999998,1.79,3.8400000000000003,0.13215180300005613,0.0019284680000737353,0.11768931300002805,3.8324926614411146,1.4042791745233565,3.6760712724320244
70.65137283399997,3.9899999999999998,1.79,3.83,0.03810945999998694,0.0520448720000104,0.023850143999993634,3.8324926614411146,1.4042791745233565,3.6656240942027867
70.70149860699996,3.9899999999999998,1.79,3.83,0.0882352329999776,0.10217064500000106,0.07397591699998429,3.8324926614411146,1.4042791745233565,3.6656240942027867
70.751836228,3.9899999999999998,1.82,3.83,0.1385728540000173,0.008652768000047217,0.12431353800002398,3.8324926614411146,1.4423245127224318,3.6656240942027867
70.80213023199997,3.98,1.82,3.85,0.044906463999950574,0.05894677200001297,0.030741137999939383,3.8220805852310336,1.4423245127224318,3.6865159703980668
70.85242397000002,3.98,1.82,3.85,0.0952002020000009,0.1092405100000633,0.08103487599998971,3.8220805852310336,1.4423245127224318,3.6865159703980668
70.902511333,4.01,1.77,3.85,0.0012989330000436894,0.015247516000044925,0.13112223899997844,3.8533102652135343,1.378695035169127,3.6865159703980668
70.95284915599996,4.01,1.77,3.85,0.05163675599999351,0.06558533899999475,0.03733707100002448,3.8533102652135343,1.378695035169127,3.6865159703980668
71.00293377100002,4.01,1.77,3.85,0.1017213710000533,0.11566995400005453,0.08742168600008426,3.8533102652135343,1.378695035169127,3.6865159703980668
71.053271343,4.01,1.79,3.85,0.008097818000010193,0.022025028000030034,0.13775925800007371,3.8533102652135343,1.4042791745233565,3.6865159703980668
71.10362039099994,4.01,1.79,3.85,0.0584468659999402,0.07237407599996004,0.044412107999960426,3.8533102652135343,1.4042791745233565,3.6865159703980668
71.15395936699997,4.01,1.79,3.85,0.10878584199997476,0.1227130519999946,0.09475108399999499,3.8533102652135343,1.4042791745233565,3.6865159703980668
71.20426895000003,4.01,1.78,3.85,0.014773949000073117,0.029048471999999492,0.0008858340000870157,3.8533102652135343,1.3915099712183165,3.6865159703980668
71.254611006,4.01,1.78,3.85,0.06511600500004988,0.07939052799997626,0.05122789000006378,3.8533102652135343,1.3915099712183165,3.6865159703980668
71.30495298099993,4.01,1.78,3.85,0.11545797999997376,0.12973250299990013,0.10156986499998766,3.8533102652135343,1.3915099712183165,3.6865159703980668
71.35528463399999,3.98,1.79,3.85,0.021796880000010788,0.03608049700005722,0.007902116999957798,3.8220805852310336,1.4042791745233565,3.6865159703980668
71.40561637799999,3.98,1.79,3.85,0.0721286240000154,0.08641224100006184,0.05823386099996242,3.8220805852310336,1.4042791745233565,3.6865159703980668
71.45594460699999,3.98,1.79,3.85,0.12245685300001696,0.1367404700000634,0.10856208999996397,3.8220805852310336,1.4042791745233565,3.6865159703980668
71.50627609899993,4.0,1.78,3.8400000000000003,0.0288453529999515,0.04334212899993872,0.014928103999977793,3.842902548855487,1.3915099712183165,3.6760712724320244
71.55660492799996,4.0,1.78,3.8400000000000003,0.07917418199997428,0.0936709579999615,0.06525693300000057,3.842902548855487,1.3915099712183165,3.6760712724320244
71.60683385200002,4.0,1.78,3.8400000000000003,0.12940310600004068,0.1438998820000279,0.11548585700006697,3.842902548855487,1.3915099712183165,3.6760712724320244
71.65715958600003,4.01,1.77,3.85,0.035776671999997234,0.049801465000086864,0.02181445800010806,3.8533102652135343,1.378695035169127,3.6865159703980668
71.70749438099995,4.01,1.77,3.85,0.08611146699990968,0.10013625999999931,0.07214925300002051,3.8533102652135343,1.378695035169127,3.6865159703980668
71.75760933599997,4.01,1.79,3.85,0.13622642199993606,0.006152314000019032,0.12226420800004689,3.8533102652135343,1.4042791745233565,3.6865159703980668
71.80793692700001,4.03,1.79,3.8400000000000003,0.042852186999994046,0.05647990500006017,0.028661815000077695,3.8741192547468133,1.4042791745233565,3.6760712724320244
71.858242915,4.03,1.79,3.8400000000000003,0.09315817499998502,0.10678589300005115,0.07896780300006867,3.8741192547468133,1.4042791745233565,3.6760712724320244
71.90838875099996,4.03,1.8,3.8400000000000003,0.14330401099994106,0.012941564000016115,0.1291136390000247,3.8741192547468133,1.4170038814343453,3.6760712724320244
71.95872666899993,3.98,1.8,3.86,0.049446409999973184,0.06327948199998445,0.03547573799994552,3.8220805852310336,1.4170038814343453,3.6969582091227373
72.00889808199997,3.98,1.8,3.86,0.09961782300001687,0.11345089500002814,0.08564715099998921,3.8220805852310336,1.4170038814343453,3.6969582091227373
72.05922854099992,4.0,1.78,3.86,0.006073464999985845,0.02014734999988832,0.1359776099999408,3.842902548855487,1.3915099712183165,3.6969582091227373
72.10941680799999,4.0,1.78,3.89,0.05626173200005269,0.07033561699995516,0.042394096000066384,3.842902548855487,1.3915099712183165,3.7282703764614498
72.159560166,4.0,1.78,3.89,0.1064050900000666,0.12047897499996907,0.09253745400008029,3.842902548855487,1.3915099712183165,3.7282703764614498
72.209887847,4.03,1.76,3.89,0.012622715000020435,0.02654604700001073,0.14286513500007914,3.8741192547468133,1.3658330791132567,3.7282703764614498
72.26003453700002,4.03,1.76,3.8400000000000003,0.06276940500004002,0.07669273700003032,0.04907732600008785,3.8741192547468133,1.3658330791132567,3.6760712724320244
72.31032802999994,4.03,1.76,3.8400000000000003,0.11306289799995284,0.12698622999994313,0.09937081900000067,3.8741192547468133,1.3658330791132567,3.6760712724320244
72.360670218,4.03,1.74,3.89,0.16340508600001158,0.03334669599996687,0.005499533000033807,3.8741192547468133,1.3399626860476377,3.7282703764614498
72.41100525799993,4.03,1.74,3.89,0.21374012599994785,0.08368173599990314,0.05583457299997008,3.8741192547468133,1.3399626860476377,3.7282703764614498
72.46133793599995,4.03,1.74,3.89,0.2640728039999658,0.1340144139999211,0.10616725099998803,3.8741192547468133,1.3399626860476377,3.7282703764614498
72.51167175299997,4.03,1.83,3.85,0.3144066209999892,0.040399277000005895,0.012491275000002133,3.8741192547468133,1.454922678357857,3.6865159703980668
72.56197278699995,4.03,1.83,3.85,0.36470765499996105,0.09070031099997777,0.06279230899997401,3.8741192547468133,1.454922678357857,3.6865159703980668
72.61230054999999,4.03,1.83,3.85,0.4150354180000022,0.14102807400001893,0.11312007200001517,3.8741192547468133,1.454922678357857,3.6865159703980668
72.66244666099999,3.9899999999999998,1.79,3.87,0.03327176200002668,0.04718515499996556,0.019313062000037462,3.8324926614411146,1.4042791745233565,3.7073980093860976
72.712804753,3.9899999999999998,1.79,3.87,0.08362985400003708,0.09754324699997596,0.06967115400004786,3.8324926614411146,1.4042791745233565,3.7073980093860976
72.76300939199996,3.9899999999999998,1.75,3.87,0.13383449299999484,0.003792205999957332,0.11987579300000561,3.8324926614411146,1.3529227620230209,3.7073980093860976
72.81315478700003,4.0,1.75,3.86,0.04011235100006161,0.053937601000029645,0.026294972000073358,3.842902548855487,1.3529227620230209,3.6969582091227373
72.86344997399999,4.0,1.75,3.86,0.09040753800002221,0.10423278799999025,0.07659015900003396,3.842902548855487,1.3529227620230209,3.6969582091227373
72.91381974299998,4.0,1.75,3.86,0.14077730700000757,0.1546025569999756,0.12695992800001932,3.842902548855487,1.3529227620230209,3.6969582091227373
72.96414753199997,4.0,1.75,3.86,0.19110509600000114,0.20493034599996918,0.1772877170000129,3.842902548855487,1.3529227620230209,3.6969582091227373
73.01448586699996,4.0,1.75,3.86,0.24144343099999332,0.25526868099996136,0.22762605200000507,3.842902548855487,1.3529227620230209,3.6969582091227373
73.06483958799993,3.98,1.79,3.86,0.003753190999987055,0.01763164599992706,0.27797977299997,3.8220805852310336,1.4042791745233565,3.6969582091227373
73.114977253,3.98,1.79,3.88,0.05389085600006638,0.06776931100000638,0.039950529000066126,3.8220805852310336,1.4042791745233565,3.717835391729978
73.16530988299996,3.98,1.79,3.88,0.10422348600002351,0.11810194099996352,0.09028315900002326,3.8220805852310336,1.4042791745233565,3.717835391729978
73.21560965699996,3.9899999999999998,1.77,3.88,0.010550033999948027,0.024414825999997447,0.14058293300001878,3.8324926614411146,1.378695035169127,3.717835391729978
73.26593381800001,3.9899999999999998,1.77,3.8400000000000003,0.06087419499999669,0.07473898700004611,0.047127380999995694,3.8324926614411146,1.378695035169127,3.6760712724320244
73.31622375799998,3.9899999999999998,1.77,3.8400000000000003,0.11116413499996725,0.12502892700001667,0.09741732099996625,3.8324926614411146,1.378695035169127,3.6760712724320244
73.366629644,3.98,1.79,3.85,0.01771925299999566,0.03145907400005399,0.0033617020000065168,3.8220805852310336,1.4042791745233565,3.6865159703980668
73.41693349399998,3.98,1.79,3.85,0.06802310299997316,0.08176292400003149,0.05366555199998402,3.8220805852310336,1.4042791745233565,3.6865159703980668
73.46710778499994,3.98,1.79,3.85,0.11819739399993523,0.13193721499999356,0.10383984299994609,3.8220805852310336,1.4042791745233565,3.6865159703980668
73.51745577500003,3.9899999999999998,1.78,3.85,0.02442461100008586,0.03864593100001912,0.010186212999997224,3.8324926614411146,1.3915099712183165,3.6865159703980668
73.567816784,3.9899999999999998,1.78,3.85,0.07478562000005695,0.08900693999999021,0.060547221999968315,3.8324926614411146,1.3915099712183165,3.6865159703980668
73.61804467799993,3.9899999999999998,1.78,3.85,0.1250135139999884,0.13923483399992165,0.11077511599989975,3.8324926614411146,1.3915099712183165,3.6865159703980668
73.66838826899993,3.97,1.75,3.86,0.031231288999947537,0.045327935999921465,0.017156495999984145,3.8116663022882786,1.3529227620230209,3.6969582091227373
73.71872114600001,3.97,1.75,3.86,0.08156416600002103,0.09566081299999496,0.06748937300005764,3.8116663022882786,1.3529227620230209,3.6969582091227373
73.76904251899998,3.97,1.77,3.86,0.13188553899999533,0.0020050670000273385,0.11781074600003194,3.8116663022882786,1.378695035169127,3.6969582091227373
73.819337744,4.0,1.77,3.87,0.03854649300001256,0.05230029200004083,0.024143096999978297,3.842902548855487,1.378695035169127,3.7073980093860976
73.86967210499995,4.0,1.77,3.87,0.08888085399996726,0.10263465299999552,0.074477457999933,3.842902548855487,1.378695035169127,3.7073980093860976
73.92002171599995,4.0,1.75,3.87,0.13923046499996872,0.008990232999963155,0.12482706899993445,3.842902548855487,1.3529227620230209,3.7073980093860976
73.97016118700003,3.9899999999999998,1.75,3.83,0.04520480500002577,0.05912970400004269,0.03099931100007325,3.8324926614411146,1.3529227620230209,3.6656240942027867
74.02049378899994,3.9899999999999998,1.75,3.83,0.09553740699993796,0.10946230599995488,0.08133191299998543,3.8324926614411146,1.3529227620230209,3.6656240942027867
74.07083736300001,4.0,1.76,3.83,0.0016365090000363125,0.015841678000015236,0.13167548700005227,3.842902548855487,1.3658330791132567,3.6656240942027867
74.121147458,4.0,1.76,3.83,0.05194660400002249,0.06615177300000141,0.03801690700004201,3.842902548855487,1.3658330791132567,3.6656240942027867
74.17146519599999,4.0,1.76,3.83,0.10226434200001222,0.11646951099999114,0.08833464500003174,3.842902548855487,1.3658330791132567,3.6656240942027867
74.22156653699994,3.98,1.8,3.83,0.008391565000010814,0.022608413999932964,0.1384359859999904,3.8220805852310336,1.4170038814343453,3.6656240942027867
74.27188739799999,3.98,1.8,3.89,0.05871242600005644,0.07292927499997859,0.04532596299998204,3.8220805852310336,1.4170038814343453,3.7282703764614498
74.32223213399993,3.98,1.8,3.89,0.10905716199999915,0.1232740109999213,0.09567069899992475,3.8220805852310336,1.4170038814343453,3.7282703764614498
74.37236356200003,4.0,1.77,3.86,0.015199074000065593,0.02962400500007334,0.0012540840000383469,3.842902548855487,1.378695035169127,3.6969582091227373
74.42265576699992,4.0,1.77,3.86,0.0654912789999571,0.07991620999996485,0.05154628899992986,3.842902548855487,1.378695035169127,3.6969582091227373
74.47297718899995,4.0,1.77,3.86,0.11581270099998164,0.1302376319999894,0.1018677109999544,3.842902548855487,1.378695035169127,3.6969582091227373
74.523319862,3.98,1.77,3.86,0.02217703500002699,0.03642235500001334,0.00825075700004163,3.8220805852310336,1.378695035169127,3.6969582091227373
74.57365690400002,3.98,1.77,3.86,0.07251407700005075,0.0867593970000371,0.05858779900006539,3.8220805852310336,1.378695035169127,3.6969582091227373
74.62382202399999,3.98,1.77,3.86,0.12267919700002494,0.1369245170000113,0.10875291900003958,3.8220805852310336,1.378695035169127,3.6969582091227373
74.67414922800003,4.0200000000000005,1.76,3.86,0.029017631000101574,0.043229535000023134,0.015095350000024155,3.863715828059823,1.3658330791132567,3.6969582091227373
74.72449673099993,4.0200000000000005,1.76,3.86,0.07936513399999967,0.09357703799992123,0.06544285299992225,3.863715828059823,1.3658330791132567,3.6969582091227373
74.77471755700003,4.0200000000000005,1.76,3.86,0.12958596000009948,0.14379786400002104,0.11566367900002206,3.863715828059823,1.3658330791132567,3.6969582091227373
74.825051455,4.0,1.79,3.83,0.03598477200000616,0.049790104000067004,0.022035242000015387,3.842902548855487,1.4042791745233565,3.6656240942027867
74.87534756299999,4.0,1.79,3.83,0.08628088000000389,0.10008621200006473,0.07233135000001312,3.842902548855487,1.4042791745233565,3.6656240942027867
74.92568146999997,4.0,1.79,3.83,0.13661478699998497,0.006593418999955247,0.1226652569999942,3.842902548855487,1.4042791745233565,3.6656240942027867
74.97597643099994,4.0,1.79,3.85,0.043228528999975424,0.05688837999991847,0.028962210999907256,3.842902548855487,1.4042791745233565,3.6865159703980668
75.02632059899997,4.0,1.79,3.85,0.09357269700001325,0.1072325479999563,0.07930637899994508,3.842902548855487,1.4042791745233565,3.6865159703980668
75.07654175799996,4.0,1.76,3.85,0.14379385600000205,0.013429941000026702,0.12952753799993388,3.842902548855487,1.3658330791132567,3.6865159703980668
75.12687545799997,3.9899999999999998,1.76,3.83,0.04984379099994385,0.06376364100003684,0.035922349999964354,3.8324926614411146,1.3658330791132567,3.6656240942027867
75.177198546,3.9899999999999998,1.76,3.83,0.10016687899997123,0.11408672900006422,0.08624543799999174,3.8324926614411146,1.3658330791132567,3.6656240942027867
75.22753685099997,4.0,1.76,3.83,0.006515446999969754,0.020659951999959958,0.13658374299996012,3.842902548855487,1.3658330791132567,3.6656240942027867
75.27765863699994,4.0,1.76,3.85,0.05663723299994672,0.07078173799993692,0.043050038999922435,3.842902548855487,1.3658330791132567,3.6865159703980668
75.32794476699996,4.0,1.76,3.85,0.10692336299996441,0.12106786799995461,0.09333616899994013,3.842902548855487,1.3658330791132567,3.6865159703980668
75.37826102399993,4.0,1.76,3.85,0.013284554999927423,0.027198795999993308,0.14365242599990324,3.842902548855487,1.3658330791132567,3.6865159703980668
75.42859556500002,4.0,1.76,3.85,0.06361909600002491,0.0775333370000908,0.04979161300002488,3.842902548855487,1.3658330791132567,3.6865159703980668
75.47893301499994,4.0,1.76,3.85,0.11395654599994032,0.1278707870000062,0.10012906299994029,3.842902548855487,1.3658330791132567,3.6865159703980668
75.52905069299993,4.01,1.82,3.85,0.020083892999991804,0.03415459699999701,0.006137638999916817,3.8533102652135343,1.4423245127224318,3.6865159703980668
75.57921973399993,4.01,1.82,3.85,0.07025293399999555,0.08432363800000076,0.05630667999992056,3.8533102652135343,1.4423245127224318,3.6865159703980668
75.62955187900002,4.01,1.82,3.85,0.12058507900007953,0.13465578300008474,0.10663882500000454,3.8533102652135343,1.4423245127224318,3.6865159703980668
75.67986776499993,4.0,1.8,3.85,0.02692071699993903,0.04102926099994875,0.013019186999940757,3.842902548855487,1.4170038814343453,3.6865159703980668
75.730194718,4.0,1.8,3.85,0.07724767000001975,0.09135621400002947,0.06334614000002148,3.842902548855487,1.4170038814343453,3.6865159703980668
75.78031011299993,4.0,1.8,3.85,0.12736306499994043,0.14147160899995015,0.11346153499994216,3.842902548855487,1.4170038814343453,3.6865159703980668
75.830638142,4.0,1.78,3.86,0.03398606700000073,0.048122171000045455,0.019823965999989923,3.842902548855487,1.3915099712183165,3.6969582091227373
75.88097748999996,4.0,1.78,3.86,0.0843254149999666,0.09846151900001132,0.07016331399995579,3.842902548855487,1.3915099712183165,3.6969582091227373
75.93131455799994,4.0,1.78,3.86,0.13466248299994277,0.1487985869999875,0.12050038199993196,3.842902548855487,1.3915099712183165,3.6969582091227373
75.98145345,4.0,1.78,3.86,0.18480137500000637,0.1989374790000511,0.17063927399999557,3.842902548855487,1.3915099712183165,3.6969582091227373
76.03157568099994,4.0,1.78,3.86,0.23492360599993845,0.24905970999998317,0.22076150499992764,3.842902548855487,1.3915099712183165,3.6969582091227373
76.08173742500003,4.0,1.83,3.86,0.2850853500000312,0.011020370000096591,0.2709232490000204,3.842902548855487,1.454922678357857,3.6969582091227373
76.13205407499993,3.9899999999999998,1.83,3.89,0.04717558899994856,0.0613370199999963,0.032992295999974885,3.8324926614411146,1.454922678357857,3.7282703764614498
76.18239064900001,3.9899999999999998,1.83,3.89,0.09751216300003307,0.11167359400008081,0.0833288700000594,3.8324926614411146,1.454922678357857,3.7282703764614498
76.23256808899998,4.01,1.77,3.89,0.00375532700002168,0.017642668999997113,0.13350631000002977,3.8533102652135343,1.378695035169127,3.7282703764614498
76.28290101699997,4.01,1.77,3.87,0.05408825500001058,0.06797559699998601,0.0400908960000379,3.8533102652135343,1.378695035169127,3.7073980093860976
76.33322157399994,4.01,1.77,3.87,0.1044088119999742,0.11829615399994964,0.09041145300000153,3.8533102652135343,1.378695035169127,3.7073980093860976
76.38349952800002,4.0,1.75,3.87,0.010754567000049065,0.024610219000010147,0.1406894070000817,3.842902548855487,1.3529227620230209,3.7073980093860976
76.43384922299992,4.0,1.75,3.85,0.061104261999958,0.07495991399991908,0.04683943699990323,3.842902548855487,1.3529227620230209,3.6865159703980668
76.48418425699992,4.0,1.75,3.85,0.11143929599995772,0.1252949479999188,0.09717447099990295,3.842902548855487,1.3529227620230209,3.6865159703980668
76.53447727100001,3.9899999999999998,1.76,3.88,0.017975923999983934,0.03164071600008356,0.003769584999986364,3.8324926614411146,1.3658330791132567,3.717835391729978
76.58483204599997,3.9899999999999998,1.76,3.88,0.0683306989999437,0.08199549100004333,0.05412435999994614,3.8324926614411146,1.3658330791132567,3.717835391729978
76.63518862900003,3.9899999999999998,1.76,3.88,0.11868728199999623,0.13235207400009585,0.10448094299999866,3.8324926614411146,1.3658330791132567,3.717835391729978
76.68548029499993,4.01,1.79,3.85,0.025070174999996198,0.03907150999998521,0.010786020999944412,3.8533102652135343,1.4042791745233565,3.6865159703980668
76.73581227,4.01,1.79,3.85,0.07540215000005901,0.08940348500004802,0.061117996000007224,3.8533102652135343,1.4042791745233565,3.6865159703980668
76.78614437599992,4.01,1.79,3.85,0.125734255999987,0.139735590999976,0.11145010199993521,3.8533102652135343,1.4042791745233565,3.6865159703980668
76.83648199699996,4.03,1.79,3.85,0.03146141299998817,0.04573930999993081,0.017541328999982397,3.8741192547468133,1.4042791745233565,3.6865159703980668
76.88683840800002,4.03,1.79,3.85,0.08181782400004067,0.09609572099998331,0.0678977400000349,3.8741192547468133,1.4042791745233565,3.6865159703980668
76.93716995900002,4.03,1.79,3.85,0.13214937500003998,0.0027630800000224554,0.11822929100003421,3.8741192547468133,1.4042791745233565,3.6865159703980668
76.98749002499994,3.98,1.79,3.85,0.03850815499993132,0.05308314599994901,0.024570751999931417,3.8220805852310336,1.4042791745233565,3.6865159703980668
77.03764009600002,3.98,1.79,3.85,0.08865822600000683,0.10323321700002452,0.07472082300000693,3.8220805852310336,1.4042791745233565,3.6865159703980668
77.08795355199993,3.98,1.77,3.85,0.13897168199991938,0.009272196999972948,0.12503427899991948,3.8220805852310336,1.378695035169127,3.6865159703980668
77.13829535699995,4.0,1.77,3.8400000000000003,0.04533134500002234,0.05961400199998934,0.03166699999997036,3.842902548855487,1.378695035169127,3.6760712724320244
77.18863071399994,4.0,1.77,3.8400000000000003,0.09566670200001681,0.10994935899998382,0.08200235699996483,3.842902548855487,1.378695035169127,3.6760712724320244
77.23878235300003,4.0200000000000005,1.76,3.8400000000000003,0.0018487510000113616,0.01613137000003917,0.1321539960000564,3.863715828059823,1.3658330791132567,3.6760712724320244
77.28899461699996,4.0200000000000005,1.76,3.8400000000000003,0.05206101499993565,0.06634363399996346,0.03813323099996069,3.863715828059823,1.3658330791132567,3.6760712724320244
77.33935761499993,4.0200000000000005,1.76,3.8400000000000003,0.10242401299990433,0.11670663199993214,0.08849622899992937,3.863715828059823,1.3658330791132567,3.6760712724320244
77.38969553200002,4.0200000000000005,1.82,3.8400000000000003,0.009048870000015086,0.022710102000019106,0.13883414600002197,3.863715828059823,1.4423245127224318,3.6760712724320244
77.43985580399999,4.0200000000000005,1.82,3.85,0.05920914199998606,0.07287037399999008,0.045217893999961234,3.863715828059823,1.4423245127224318,3.6865159703980668
77.490155716,4.0200000000000005,1.82,3.85,0.1095090540000001,0.12317028600000413,0.09551780599997528,3.863715828059823,1.4423245127224318,3.6865159703980668
77.54029586699994,3.98,1.75,3.86,0.015407965999997941,0.029301242999963506,0.0016538630000013654,3.8220805852310336,1.3529227620230209,3.6969582091227373
77.59063627399996,3.98,1.75,3.86,0.06574837300001946,0.07964164999998502,0.05199427000002288,3.8220805852310336,1.3529227620230209,3.6969582091227373
77.64095857400002,3.98,1.75,3.86,0.11607067300008111,0.12996395000004668,0.10231657000008454,3.8220805852310336,1.3529227620230209,3.6969582091227373
77.691197795,3.9899999999999998,1.75,3.85,0.022311259000048267,0.036266293000039695,0.00873565699998835,3.8324926614411146,1.3529227620230209,3.6865159703980668
77.74133963700001,3.9899999999999998,1.75,3.85,0.07245310100006463,0.08640813500005606,0.05887749900000472,3.8324926614411146,1.3529227620230209,3.6865159703980668
77.79166900400003,3.9899999999999998,1.75,3.85,0.12278246800008219,0.13673750200007362,0.10920686600002227,3.8324926614411146,1.3529227620230209,3.6865159703980668
77.84197494499995,4.01,1.78,3.87,0.029370488999916233,0.043345477999992,0.015574901999912072,3.8533102652135343,1.3915099712183165,3.7073980093860976
77.89222805700001,4.01,1.78,3.87,0.07962360099998023,0.09359859000005599,0.06582801399997606,3.8533102652135343,1.3915099712183165,3.7073980093860976
77.942447937,4.01,1.78,3.87,0.12984348099996623,0.143818470000042,0.11604789399996207,3.8533102652135343,1.3915099712183165,3.7073980093860976
77.992618128,3.97,1.77,3.85,0.03587784900003044,0.049611069999969004,0.02194914400001835,3.8116663022882786,1.378695035169127,3.6865159703980668
78.04284953900003,3.97,1.77,3.85,0.08610926000005747,0.09984248099999604,0.07218055500004539,3.8116663022882786,1.378695035169127,3.6865159703980668
78.093054488,3.97,1.75,3.85,0.13631420900003377,0.006194035000021358,0.12238550400002168,3.8116663022882786,1.3529227620230209,3.6865159703980668
78.14339417899998,3.9899999999999998,1.75,3.89,0.04299681400004829,0.05653372599999784,0.028751679000038166,3.8324926614411146,1.3529227620230209,3.7282703764614498
78.19371373699994,3.9899999999999998,1.75,3.89,0.09331637200000387,0.10685328399995342,0.07907123699999374,3.8324926614411146,1.3529227620230209,3.7282703764614498
78.24403990799999,3.9899999999999998,1.78,3.89,0.1436425430000554,0.013320825000050718,0.1293974080000453,3.8324926614411146,1.3915099712183165,3.7282703764614498
78.29434426599994,4.01,1.78,3.8400000000000003,0.04976520399998208,0.0636251829999992,0.035718815999985054,3.8533102652135343,1.3915099712183165,3.6760712724320244
78.34469079799999,4.01,1.78,3.8400000000000003,0.10011173600003076,0.11397171500004788,0.08606534800003374,3.8533102652135343,1.3915099712183165,3.6760712724320244
78.39502187099993,4.0,1.8,3.8400000000000003,0.006354765999958545,0.020507726999994702,0.13639642099997218,3.842902548855487,1.4170038814343453,3.6760712724320244
78.44535801699999,4.0,1.8,3.86,0.056690912000021854,0.07084387300005801,0.043090052000025025,3.842902548855487,1.4170038814343453,3.6969582091227373
78.49569613799997,4.0,1.8,3.86,0.10702903300000344,0.1211819940000396,0.09342817300000661,3.842902548855487,1.4170038814343453,3.6969582091227373
78.54602774900002,4.01,1.79,3.86,0.013361261000000013,0.0272825310000826,0.14375978400005351,3.8533102652135343,1.4042791745233565,3.6969582091227373
78.59635629599995,4.01,1.79,3.85,0.06368980799993551,0.0776110780000181,0.049866882999936024,3.8533102652135343,1.4042791745233565,3.6865159703980668
78.64653958199995,4.01,1.79,3.85,0.11387309399992773,0.12779436400001032,0.10005016899992825,3.8533102652135343,1.4042791745233565,3.6865159703980668
78.696670982,3.98,1.78,3.86,0.02006897800004026,0.03397745899997062,0.006447704000038357,3.8220805852310336,1.3915099712183165,3.6969582091227373
78.74687454299999,3.98,1.78,3.86,0.07027253900002961,0.08418101999995997,0.056651265000027706,3.8220805852310336,1.3915099712183165,3.6969582091227373
78.79715051799997,3.98,1.78,3.86,0.12054851400000643,0.1344569949999368,0.10692724000000453,3.8220805852310336,1.3915099712183165,3.6969582091227373
78.84747997399995,3.98,1.78,3.86,0.17087796999999227,0.18478645099992264,0.15725669599999037,3.8220805852310336,1.3915099712183165,3.6969582091227373
78.89784447499994,3.98,1.78,3.86,0.2212424709999823,0.23515095199991265,0.20762119699998038,3.8220805852310336,1.3915099712183165,3.6969582091227373
78.94818183999996,3.98,1.78,3.86,0.2715798360000008,0.28548831699993116,0.2579585619999989,3.8220805852310336,1.3915099712183165,3.6969582091227373
78.99847453799998,3.98,1.78,3.86,0.3218725340000219,0.3357810149999523,0.30825126000002,3.8220805852310336,1.3915099712183165,3.6969582091227373
79.04882881100002,3.98,1.78,3.86,0.37222680700006094,0.3861352879999913,0.35860553300005904,3.8220805852310336,1.3915099712183165,3.6969582091227373
79.09917692199997,3.98,1.79,3.86,0.42257491800000935,0.004575241999987156,0.40895364400000744,3.8220805852310336,1.4042791745233565,3.6969582091227373
79.14951854999993,3.9899999999999998,1.79,3.8400000000000003,0.04121000299994648,0.05491686999994272,0.02667285399991215,3.8324926614411146,1.4042791745233565,3.6760712724320244
79.19985777199997,3.9899999999999998,1.79,3.8400000000000003,0.0915492249999943,0.10525609199999053,0.07701207599995996,3.8324926614411146,1.4042791745233565,3.6760712724320244
79.25002403600001,3.9899999999999998,1.78,3.8400000000000003,0.14171548900003472,0.011460777000024791,0.1271783400000004,3.8324926614411146,1.3915099712183165,3.6760712724320244
79.300146778,3.9899999999999998,1.78,3.85,0.04783667200001673,0.0615835190000098,0.033332631000007495,3.8324926614411146,1.3915099712183165,3.6865159703980668
79.35047033399997,3.9899999999999998,1.78,3.85,0.09816022799998336,0.11190707499997643,0.08365618699997412,3.8324926614411146,1.3915099712183165,3.6865159703980668
79.40060988899995,3.98,1.77,3.85,0.00416171699998813,0.018089154999984203,0.13379574199996114,3.8220805852310336,1.378695035169127,3.6865159703980668
79.45094331500002,3.98,1.77,3.85,0.05449514300005376,0.06842258100004983,0.04041931500000828,3.8220805852310336,1.378695035169127,3.6865159703980668
79.50127701999997,3.98,1.77,3.85,0.10482884800001102,0.1187562860000071,0.09075301999996555,3.8220805852310336,1.378695035169127,3.6865159703980668
79.55158735999998,4.0200000000000005,1.83,3.85,0.010786399000039637,0.025331845999971847,0.14106335999997555,3.863715828059823,1.454922678357857,3.6865159703980668
79.60191326199993,4.0200000000000005,1.83,3.83,0.06111230099998011,0.07565774799991232,0.047180888999946546,3.863715828059823,1.454922678357857,3.6656240942027867
79.65215071199998,4.0200000000000005,1.83,3.83,0.1113497510000343,0.1258951979999665,0.09741833900000074,3.863715828059823,1.454922678357857,3.6656240942027867
79.70226683800001,3.98,1.76,3.85,0.017448490999981914,0.031778814000062994,0.003578748999984782,3.8220805852310336,1.3658330791132567,3.6865159703980668
79.75256371499995,3.98,1.76,3.85,0.06774536799991893,0.082075691,0.053875625999921795,3.8220805852310336,1.3658330791132567,3.6865159703980668
79.80270546999998,3.98,1.76,3.85,0.11788712299994586,0.13221744600002694,0.10401738099994873,3.8220805852310336,1.3658330791132567,3.6865159703980668
79.85302704200001,4.0,1.75,3.83,0.02431758600005196,0.03857073599999694,0.010404304000076081,3.842902548855487,1.3529227620230209,3.6656240942027867
79.90336474499998,4.0,1.75,3.83,0.07465528900002028,0.08890843899996526,0.060742007000044396,3.842902548855487,1.3529227620230209,3.6656240942027867
79.95350134199998,4.0,1.75,3.83,0.12479188600002544,0.13904503599997042,0.11087860400004956,3.842902548855487,1.3529227620230209,3.6656240942027867
80.00384452100002,4.01,1.8,3.83,0.031167288999995435,0.045681154000021706,0.017415566000067884,3.8533102652135343,1.4170038814343453,3.6656240942027867
80.05418108699996,4.01,1.8,3.83,0.08150385499993718,0.09601771999996345,0.06775213200000962,3.8533102652135343,1.4170038814343453,3.6656240942027867
80.10432051800001,4.01,1.75,3.83,0.13164328599998498,0.001979140000003099,0.11789156300005743,3.8533102652135343,1.3529227620230209,3.6656240942027867
80.154663992,3.98,1.75,3.87,0.03802413799996884,0.05232261399999061,0.024107941000011124,3.8220805852310336,1.3529227620230209,3.7073980093860976
80.20499117099996,3.98,1.75,3.87,0.08835131699993326,0.10264979299995503,0.07443511999997554,3.8220805852310336,1.3529227620230209,3.7073980093860976
80.25513423400002,3.98,1.83,3.87,0.13849437999999736,0.008645542000067508,0.12457818300003964,3.8220805852310336,1.454922678357857,3.7073980093860976
80.30547827199996,4.0200000000000005,1.83,3.85,0.04485061799994128,0.058989580000002206,0.030941159000008156,3.863715828059823,1.454922678357857,3.6865159703980668
80.35562127499998,4.0200000000000005,1.83,3.85,0.09499362099995778,0.10913258300001871,0.08108416200002466,3.863715828059823,1.454922678357857,3.6865159703980668
80.40594881799996,3.98,1.76,3.85,0.0015396919999375314,0.01528436299997793,0.13141170500000499,3.8220805852310336,1.3658330791132567,3.6865159703980668
80.45626896599993,3.98,1.76,3.83,0.0518598399999064,0.0656045109999468,0.037753897999891706,3.8220805852310336,1.3658330791132567,3.6656240942027867
80.50659962299994,3.98,1.76,3.83,0.10219049699992411,0.1159351679999645,0.08808455499990941,3.8220805852310336,1.3658330791132567,3.6656240942027867
80.55695012299998,4.0,1.79,3.83,0.008353349999993043,0.022313270000040575,0.13843505499994535,3.842902548855487,1.4042791745233565,3.6656240942027867
80.60727856899996,4.0,1.79,3.86,0.058681795999973474,0.072641716000021,0.04506125000000338,3.842902548855487,1.4042791745233565,3.6969582091227373
80.65740987799995,4.0,1.79,3.86,0.10881310499996744,0.12277302500001497,0.09519255899999735,3.842902548855487,1.4042791745233565,3.6969582091227373
80.70749306300002,3.9899999999999998,1.76,3.85,0.01496799500000634,0.028987319000066236,0.0010048640000377418,3.8324926614411146,1.3658330791132567,3.6865159703980668
80.75785629699999,3.9899999999999998,1.76,3.85,0.06533122899998034,0.07935055300004024,0.05136809800001174,3.8324926614411146,1.3658330791132567,3.6865159703980668
80.80794526099999,3.9899999999999998,1.76,3.85,0.11542019299997719,0.12943951700003709,0.10145706200000859,3.8324926614411146,1.3658330791132567,3.6865159703980668
80.85827436,4.0,1.78,3.86,0.022026600000003782,0.035663286000044536,0.008015009000018836,3.842902548855487,1.3915099712183165,3.6969582091227373
80.90841874399996,4.0,1.78,3.86,0.07217098399996758,0.08580767000000833,0.05815939299998263,3.842902548855487,1.3915099712183165,3.6969582091227373
80.95874231300002,4.0,1.78,3.86,0.1224945530000241,0.13613123900006485,0.10848296200003915,3.842902548855487,1.3915099712183165,3.6969582091227373
81.00884066100002,3.9899999999999998,1.76,3.85,0.028640315000075134,0.0425728520000348,0.014960449999989578,3.8324926614411146,1.3658330791132567,3.6865159703980668
81.05917380799997,3.9899999999999998,1.76,3.85,0.07897346200002175,0.09290599899998142,0.0652935969999362,3.8324926614411146,1.3658330791132567,3.6865159703980668
81.10950850999996,3.9899999999999998,1.76,3.85,0.12930816400000822,0.14324070099996788,0.11562829899992266,3.8324926614411146,1.3658330791132567,3.6865159703980668
81.15984788999992,4.03,1.75,3.83,0.03553860999988956,0.04935569899998882,0.021634346999917398,3.8741192547468133,1.3529227620230209,3.6656240942027867
81.21017810599994,4.03,1.75,3.83,0.08586882599990986,0.09968591500000912,0.0719645629999377,3.8741192547468133,1.3529227620230209,3.6656240942027867
81.26050768799996,4.03,1.79,3.83,0.13619840799992744,0.005998621000003368,0.12229414499995528,3.8741192547468133,1.4042791745233565,3.6656240942027867
81.31084187599993,4.0,1.79,3.85,0.04268020699998942,0.05633280899996862,0.028497636999986753,3.842902548855487,1.4042791745233565,3.6865159703980668
81.361147179,4.0,1.79,3.85,0.09298551000006228,0.10663811200004147,0.07880294000005961,3.842902548855487,1.4042791745233565,3.6865159703980668
81.41148324999995,4.0,1.8,3.85,0.14332158100000925,0.013027038000018365,0.12913901100000658,3.842902548855487,1.4170038814343453,3.6865159703980668
81.46184925599994,4.01,1.8,3.85,0.04941039400000591,0.06339304400000856,0.035549665999951685,3.8533102652135343,1.4170038814343453,3.6865159703980668
81.51217070199993,4.01,1.8,3.85,0.09973184000000401,0.11371449000000666,0.08587111199994979,3.8533102652135343,1.4170038814343453,3.6865159703980668
81.56248555799993,3.9899999999999998,1.77,3.85,0.006140695999988566,0.020060980999915046,0.13618596799994975,3.8324926614411146,1.378695035169127,3.6865159703980668
81.61284891399998,3.9899999999999998,1.77,3.87,0.05650405200003661,0.07042433699996309,0.042825487999948564,3.8324926614411146,1.378695035169127,3.7073980093860976
81.66317616899994,3.9899999999999998,1.77,3.87,0.1068313069999931,0.12075159199991958,0.09315274299990506,3.8324926614411146,1.378695035169127,3.7073980093860976
81.71329476899996,3.98,1.76,3.87,0.01292192799996883,0.026936946999967404,0.14327134299992395,3.8220805852310336,1.3658330791132567,3.7073980093860976
81.76362848099996,3.98,1.76,3.8400000000000003,0.06325563999996575,0.07727065899996433,0.049517304000005424,3.8220805852310336,1.3658330791132567,3.6760712724320244
81.81392872999993,3.98,1.76,3.8400000000000003,0.11355588899994018,0.12757090799993875,0.09981755299997985,3.8220805852310336,1.3658330791132567,3.6760712724320244
81.86426601599999,4.0,1.79,3.8400000000000003,0.01998385900003541,0.0338673190000236,0.005708129000026929,3.842902548855487,1.4042791745233565,3.6760712724320244
81.91460645400002,4.0,1.79,3.8400000000000003,0.07032429700007015,0.08420775700005834,0.056048567000061666,3.842902548855487,1.4042791745233565,3.6760712724320244
81.96495222099998,4.0,1.79,3.8400000000000003,0.12067006400002356,0.13455352400001175,0.10639433400001508,3.842902548855487,1.4042791745233565,3.6760712724320244
82.01511097699995,4.0,1.79,3.8400000000000003,0.170828819999997,0.18471227999998518,0.15655308999998852,3.842902548855487,1.4042791745233565,3.6760712724320244
82.06543848599995,4.0,1.79,3.8400000000000003,0.22115632899999582,0.235039788999984,0.20688059899998734,3.842902548855487,1.4042791745233565,3.6760712724320244
82.11581260000003,4.0,1.79,3.8400000000000003,0.27153044300007423,0.2854139030000624,0.25725471300006575,3.842902548855487,1.4042791745233565,3.6760712724320244
82.16610828499995,4.0200000000000005,1.75,3.85,0.033867643000007774,0.04780173799997556,0.019617602999915107,3.863715828059823,1.3529227620230209,3.6865159703980668
82.21644084599995,4.0200000000000005,1.75,3.85,0.08420020400001249,0.09813429899998027,0.06995016399991982,3.863715828059823,1.3529227620230209,3.6865159703980668
82.26682512399998,4.0200000000000005,1.75,3.85,0.1345844820000366,0.0045364259999587375,0.12033444199994392,3.863715828059823,1.3529227620230209,3.6865159703980668
82.31715275199997,3.9899999999999998,1.75,3.85,0.041154639999945175,0.05486405399994965,0.026697249999983796,3.8324926614411146,1.3529227620230209,3.6865159703980668
82.36750523699993,3.9899999999999998,1.75,3.85,0.09150712499990732,0.10521653899991179,0.07704973499994594,3.8324926614411146,1.3529227620230209,3.6865159703980668
82.41784531999997,3.9899999999999998,1.79,3.85,0.14184720799994466,0.011585524999986774,0.12738981799998328,3.8324926614411146,1.4042791745233565,3.6865159703980668
82.46816590399999,3.98,1.79,3.85,0.047771774000011646,0.06190610900000593,0.03372584900000675,3.8220805852310336,1.4042791745233565,3.6865159703980668
82.518308424,3.98,1.79,3.85,0.09791429400002016,0.11204862900001444,0.08386836900001526,3.8220805852310336,1.4042791745233565,3.6865159703980668
82.568637578,3.9899999999999998,1.8,3.85,0.004138681999961591,0.018417712999962532,0.13419752300001164,3.8324926614411146,1.4170038814343453,3.6865159703980668
82.618799094,3.9899999999999998,1.8,3.85,0.05430019799996444,0.06857922899996538,0.04038352700001724,3.8324926614411146,1.4170038814343453,3.6865159703980668
82.66908959299997,3.9899999999999998,1.8,3.85,0.10459069699993506,0.118869727999936,0.09067402599998786,3.8324926614411146,1.4170038814343453,3.6865159703980668
82.71934862699993,3.98,1.78,3.85,0.010888324000006833,0.02516423599990958,0.1409330599999521,3.8220805852310336,1.3915099712183165,3.6865159703980668
82.76964377499996,3.98,1.78,3.85,0.06118347200003882,0.07545938399994156,0.04756605499994748,3.8220805852310336,1.3915099712183165,3.6865159703980668
82.819932741,3.98,1.78,3.85,0.111472438000078,0.12574834999998075,0.09785502099998666,3.8220805852310336,1.3915099712183165,3.6865159703980668
82.87007393499994,4.03,1.8,3.85,0.017652330999908372,0.031909978999919986,0.0037275669999417005,3.8741192547468133,1.4170038814343453,3.6865159703980668
82.920216547,4.03,1.8,3.85,0.06779494299996713,0.08205259099997875,0.05387017900000046,3.8741192547468133,1.4170038814343453,3.6865159703980668
82.97055815299996,4.03,1.8,3.85,0.11813654899992798,0.1323941969999396,0.10421178499996131,3.8741192547468133,1.4170038814343453,3.6865159703980668
83.02072426300003,3.98,1.76,3.8400000000000003,0.024347477000105755,0.03857475500001328,0.010600731000067753,3.8220805852310336,1.3658330791132567,3.6760712724320244
83.07101642700002,3.98,1.76,3.8400000000000003,0.0746396410000898,0.08886691899999732,0.060892895000051794,3.8220805852310336,1.3658330791132567,3.6760712724320244
83.12130600499995,3.98,1.76,3.8400000000000003,0.1249292190000233,0.13915649699993082,0.1111824729999853,3.8220805852310336,1.3658330791132567,3.6760712724320244
83.17166338200002,3.9899999999999998,1.84,3.85,0.031269769000005,0.04512346500007425,0.017382096999995156,3.8324926614411146,1.4674808346278325,3.6865159703980668
83.22195963900003,3.9899999999999998,1.84,3.85,0.08156602600001861,0.09541972200008786,0.06767835400000877,3.8324926614411146,1.4674808346278325,3.6865159703980668
83.27209887999993,3.9899999999999998,1.76,3.85,0.1317052669999157,0.001681458999996721,0.11781759499990585,3.8324926614411146,1.3658330791132567,3.6865159703980668
83.32224084799998,3.97,1.76,3.85,0.03790073000004668,0.05182342700004483,0.023954061000040383,3.8116663022882786,1.3658330791132567,3.6865159703980668
83.372602487,3.97,1.76,3.85,0.08826236900006279,0.10218506600006094,0.0743157000000565,3.8116663022882786,1.3658330791132567,3.6865159703980668
83.42272696600003,3.97,1.79,3.85,0.1383868480000956,0.008383772999991379,0.1244401790000893,3.8116663022882786,1.4042791745233565,3.6865159703980668
83.47305849700001,4.0,1.79,3.85,0.04484443800004101,0.05871530399997482,0.17477171000007274,3.842902548855487,1.4042791745233565,3.6865159703980668
83.52317000999994,4.0,1.79,3.85,0.09495595099997445,0.10882681699990826,0.22488322300000618,3.842902548855487,1.4042791745233565,3.6865159703980668
83.57345747499994,4.0,1.79,3.85,0.14524341599997115,0.15911428199990496,0.2751706880000029,3.842902548855487,1.4042791745233565,3.6865159703980668
83.62380769699996,4.0,1.79,3.85,0.1955936379999912,0.209464503999925,0.3255209100000229,3.842902548855487,1.4042791745233565,3.6865159703980668
83.674102748,4.0,1.79,3.85,0.2458886890000258,0.2597595549999596,0.37581596100005754,3.842902548855487,1.4042791745233565,3.6865159703980668
83.72442092300003,3.95,1.74,3.85,0.008161921999999322,0.022340270000086093,0.426134136000087,3.7908310434520818,1.3399626860476377,3.6865159703980668
83.77471330799995,3.95,1.74,3.86,0.058454306999919936,0.07263265500000671,0.04464872099993045,3.7908310434520818,1.3399626860476377,3.6969582091227373
83.82502856199994,3.95,1.74,3.86,0.1087695609999173,0.12294790900000407,0.09496397499992781,3.7908310434520818,1.3399626860476377,3.6969582091227373
83.87511524900003,3.98,1.75,3.83,0.015029740000045422,0.02881109200006904,0.000951282000073661,3.8220805852310336,1.3529227620230209,3.6656240942027867
83.92545145600002,3.98,1.75,3.83,0.06536594700003207,0.07914729900005568,0.051287489000060305,3.8220805852310336,1.3529227620230209,3.6656240942027867
83.97554027499996,3.98,1.75,3.83,0.11545476599997073,0.12923611799999435,0.10137630799999897,3.8220805852310336,1.3529227620230209,3.6656240942027867
84.02587133899999,4.0,1.77,3.86,0.021687333000045328,0.03560118899997633,0.007719285000007403,3.842902548855487,1.378695035169127,3.6969582091227373
84.076053236,4.0,1.77,3.86,0.07186923000006118,0.08578308599999218,0.057901182000023255,3.842902548855487,1.378695035169127,3.6969582091227373
84.12637999399999,4.0,1.77,3.86,0.12219598800004405,0.13610984399997506,0.10822794000000613,3.842902548855487,1.378695035169127,3.6969582091227373
84.17671778800002,4.0,1.75,3.85,0.028512157000022853,0.04275933500002793,0.014582536000034452,3.842902548855487,1.3529227620230209,3.6865159703980668
84.22704916499993,4.0,1.75,3.85,0.0788435339999296,0.09309071199993468,0.0649139129999412,3.842902548855487,1.3529227620230209,3.6865159703980668
84.277209008,4.0,1.75,3.85,0.12900337700000364,0.14325055500000872,0.11507375600001524,3.842902548855487,1.3529227620230209,3.6865159703980668
84.32751698999994,3.98,1.76,3.86,0.03538282599993181,0.04956982999999582,0.021458522999978413,3.8220805852310336,1.3658330791132567,3.6969582091227373
84.37784123300003,3.98,1.76,3.86,0.08570706900002278,0.09989407300008679,0.07178276600006939,3.8220805852310336,1.3658330791132567,3.6969582091227373
84.42802293,3.98,1.76,3.86,0.13588876599999367,0.005845074000035311,0.12196446300004027,3.8220805852310336,1.3658330791132567,3.6969582091227373
84.47835921299998,4.0,1.76,3.85,0.04260339699999349,0.05618135700001403,0.028317958999991788,3.842902548855487,1.3658330791132567,3.6865159703980668
84.52868156599993,4.0,1.76,3.85,0.0929257499999494,0.10650370999996994,0.0786403119999477,3.842902548855487,1.3658330791132567,3.6865159703980668
84.57885586700002,4.0,1.77,3.85,0.1431000510000331,0.01270156800001132,0.12881461300003139,3.842902548855487,1.378695035169127,3.6865159703980668
84.62917642100001,4.0,1.77,3.87,0.049349184999982754,0.06302212200000668,0.03515221400004975,3.842902548855487,1.378695035169127,3.7073980093860976
84.67949439199992,4.0,1.77,3.87,0.09966715599989584,0.11334009299991976,0.08547018499996284,3.842902548855487,1.378695035169127,3.7073980093860976
84.729823205,3.9899999999999998,1.75,3.87,0.005752956000037557,0.01965492300007554,0.13579899800004114,3.8324926614411146,1.3529227620230209,3.7073980093860976
84.78015855699994,3.9899999999999998,1.75,3.85,0.05608830799997122,0.0699902750000092,0.04208824099998765,3.8324926614411146,1.3529227620230209,3.6865159703980668
84.830470548,3.9899999999999998,1.75,3.85,0.10640029900002901,0.12030226600006699,0.09240023200004543,3.8324926614411146,1.3529227620230209,3.6865159703980668
84.88063600199996,4.01,1.74,3.85,0.012611644999992677,0.026527095999995254,0.14256568600001174,3.8533102652135343,1.3399626860476377,3.6865159703980668
84.930964937,4.01,1.74,3.8400000000000003,0.06294058000003133,0.07685603100003391,0.04907352099996842,3.8533102652135343,1.3399626860476377,3.6760712724320244
84.981224548,4.01,1.74,3.8400000000000003,0.11320019100003265,0.12711564200003522,0.09933313199996974,3.8533102652135343,1.3399626860476377,3.6760712724320244
85.03158277800003,4.01,1.74,3.8400000000000003,0.16355842100006157,0.17747387200006415,0.14969136199999866,3.8533102652135343,1.3399626860476377,3.6760712724320244
85.08191682699999,4.01,1.74,3.8400000000000003,0.21389247000001887,0.22780792100002145,0.20002541099995597,3.8533102652135343,1.3399626860476377,3.6760712724320244
85.13224956499994,4.01,1.74,3.8400000000000003,0.26422520799997073,0.2781406589999733,0.2503581489999078,3.8533102652135343,1.3399626860476377,3.6760712724320244
85.18258129999992,4.03,1.8,3.8400000000000003,0.02660260399989056,0.04049970099993061,0.012345800999923995,3.8741192547468133,1.4170038814343453,3.6760712724320244
85.23291223900003,4.03,1.8,3.8400000000000003,0.07693354299999555,0.0908306400000356,0.06267674000002899,3.8741192547468133,1.4170038814343453,3.6760712724320244
85.28322960899993,4.03,1.8,3.8400000000000003,0.127250912999898,0.14114800999993804,0.11299410999993142,3.8741192547468133,1.4170038814343453,3.6760712724320244
85.33360276299993,4.0,1.77,3.86,0.03363762300000417,0.04757916899995962,0.019408301999987998,3.842902548855487,1.378695035169127,3.6969582091227373
85.383896187,4.0,1.77,3.86,0.08393104700007825,0.0978725930000337,0.06970172600006208,3.842902548855487,1.378695035169127,3.6969582091227373
85.43423308699994,4.0,1.79,3.86,0.1342679470000121,0.00422394199995324,0.12003862599999593,3.842902548855487,1.4042791745233565,3.6969582091227373
85.48461308599997,4.0,1.79,3.86,0.04057119699996292,0.054603940999982115,0.02645271699998375,3.842902548855487,1.4042791745233565,3.6969582091227373
85.53496126999994,4.0,1.79,3.86,0.09091938099993513,0.10495212499995432,0.07680090099995596,3.842902548855487,1.4042791745233565,3.6969582091227373
85.58528155099998,4.0,1.8,3.86,0.1412396619999754,0.011297599000045011,0.12712118199999622,3.842902548855487,1.4170038814343453,3.6969582091227373
85.63562985199997,4.01,1.8,3.87,0.047654149999971196,0.06164590000003045,0.03394375999994281,3.8533102652135343,1.4170038814343453,3.7073980093860976
85.68597353299992,4.01,1.8,3.87,0.09799783099992965,0.1119895809999889,0.08428744099990126,3.8533102652135343,1.4170038814343453,3.7073980093860976
85.736103437,3.98,1.75,3.87,0.00405366999996204,0.01837752400001591,0.13441734499997438,3.8220805852310336,1.3529227620230209,3.7073980093860976
85.78649959400002,3.98,1.75,3.85,0.05444982699998491,0.06877368100003878,0.04051040600006672,3.8220805852310336,1.3529227620230209,3.6865159703980668
85.83684503300003,3.98,1.75,3.85,0.10479526599999645,0.11911912000005032,0.09085584500007826,3.8220805852310336,1.3529227620230209,3.6865159703980668
85.88717157400004,3.98,1.8,3.85,0.15512180700000044,0.02524963900009425,0.14118238600008226,3.8220805852310336,1.4170038814343453,3.6865159703980668
85.93749320400002,3.98,1.8,3.85,0.20544343699998535,0.07557126900007916,0.04741320000005089,3.8220805852310336,1.4170038814343453,3.6865159703980668
85.98763106199999,3.98,1.8,3.85,0.2555812949999563,0.1257091270000501,0.09755105800002184,3.8220805852310336,1.4170038814343453,3.6865159703980668
86.037969557,3.98,1.76,3.83,0.3059197899999617,0.03232989399998587,0.004078457999980856,3.8220805852310336,1.3658330791132567,3.6656240942027867
86.088112174,3.98,1.76,3.83,0.3560624069999676,0.08247251099999175,0.05422107499998674,3.8220805852310336,1.3658330791132567,3.6656240942027867
86.13845000599997,3.98,1.76,3.83,0.40640023899993594,0.13281034299996008,0.10455890699995507,3.8220805852310336,1.3658330791132567,3.6656240942027867
86.188719666,3.98,1.82,3.86,0.024612326999999823,0.03866361899997628,0.010692131000041627,3.8220805852310336,1.4423245127224318,3.6969582091227373
86.23903645099995,3.98,1.82,3.86,0.07492911199994978,0.08898040399992624,0.061008915999991586,3.8220805852310336,1.4423245127224318,3.6969582091227373
86.28935577499999,3.98,1.82,3.86,0.12524843599999258,0.13929972799996904,0.11132824000003438,3.8220805852310336,1.4423245127224318,3.6969582091227373
86.33967730400002,4.0,1.85,3.85,0.03160769300006905,0.04556399099999453,0.017654131000085727,3.842902548855487,1.4800000000000002,3.6865159703980668
86.38984911699993,4.0,1.85,3.85,0.0817795059999753,0.09573580399990078,0.06782594399999198,3.842902548855487,1.4800000000000002,3.6865159703980668
86.43996193700002,4.0,1.75,3.85,0.13189232600007017,0.0018460060000506928,0.11793876400008685,3.842902548855487,1.3529227620230209,3.6865159703980668
86.49029913599998,4.05,1.75,3.83,0.038392362999957186,0.05218320500000573,0.024436031000050207,3.8949197681081955,1.3529227620230209,3.6656240942027867
86.540639962,4.05,1.75,3.83,0.0887331889999814,0.10252403100002994,0.07477685700007441,3.8949197681081955,1.3529227620230209,3.6656240942027867
86.59082693899995,4.05,1.8,3.83,0.1389201659999344,0.008760932999962279,0.12496383400002742,3.8949197681081955,1.4170038814343453,3.6656240942027867
86.64093528399997,3.9899999999999998,1.8,3.8400000000000003,0.04490913199992974,0.058869277999974656,0.03097676599998067,3.8324926614411146,1.4170038814343453,3.6760712724320244
86.69114059200001,3.9899999999999998,1.8,3.8400000000000003,0.09511443999997482,0.10907458600001974,0.08118207400002575,3.8324926614411146,1.4170038814343453,3.6760712724320244
86.74145301199997,4.0,1.85,3.8400000000000003,0.0014520480000328462,0.015379900999960228,0.13149449399998048,3.842902548855487,1.4800000000000002,3.6760712724320244
86.79182541900002,4.0,1.85,3.87,0.051824455000087255,0.06575230800001464,0.03790989399999489,3.842902548855487,1.4800000000000002,3.7073980093860976
86.84215420199996,4.0,1.85,3.87,0.10215323800002807,0.11608109099995545,0.0882386769999357,3.842902548855487,1.4800000000000002,3.7073980093860976
86.89248676499994,4.0,1.82,3.87,0.008525297000005594,0.02244547700001931,0.13857123999991927,3.842902548855487,1.4423245127224318,3.7073980093860976
86.94283661099996,4.0,1.82,3.85,0.058875143000022945,0.07279532300003666,0.044882262999976774,3.842902548855487,1.4423245127224318,3.6865159703980668
86.99317381499998,4.0,1.82,3.85,0.10921234700003879,0.1231325270000525,0.09521946699999262,3.842902548855487,1.4423245127224318,3.6865159703980668
87.04332275499996,4.01,1.74,3.85,0.01571380699999736,0.02959998500000438,0.0017856389999906241,3.8533102652135343,1.3399626860476377,3.6865159703980668
87.09365204999995,4.01,1.74,3.85,0.06604310199998054,0.07992927999998756,0.0521149339999738,3.8533102652135343,1.3399626860476377,3.6865159703980668
87.14397784200003,4.01,1.74,3.85,0.11636889400006112,0.13025507200006814,0.10244072600005438,3.8533102652135343,1.3399626860476377,3.6865159703980668
87.19430861699993,4.0,1.8,3.88,0.02236012399998799,0.03630057099996975,0.008435034999934032,3.842902548855487,1.4170038814343453,3.717835391729978
87.24464696500002,4.0,1.8,3.88,0.07269847200007007,0.08663891900005183,0.05877338300001611,3.842902548855487,1.4170038814343453,3.717835391729978
87.29495085099995,4.0,1.8,3.88,0.12300235800000792,0.13694280499998968,0.10907726899995396,3.842902548855487,1.4170038814343453,3.717835391729978
87.34526400599998,4.0,1.73,3.86,0.029281197000045722,0.04356159899998602,0.015459178000014617,3.842902548855487,1.3269513932318697,3.6969582091227373
87.39561250299994,4.0,1.73,3.86,0.07962969400000475,0.09391009599994504,0.06580767499997364,3.842902548855487,1.3269513932318697,3.6969582091227373
87.44572117099995,4.0,1.73,3.86,0.12973836200001188,0.14401876399995217,0.11591634299998077,3.842902548855487,1.3269513932318697,3.6969582091227373
87.49605260399994,3.9899999999999998,1.83,3.86,0.03650335700001506,0.049768236999966575,0.022584080999990874,3.8324926614411146,1.454922678357857,3.6969582091227373
87.54637099699994,3.9899999999999998,1.83,3.86,0.0868217500000128,0.10008662999996432,0.07290247399998862,3.8324926614411146,1.454922678357857,3.6969582091227373
87.59671437199995,3.9899999999999998,1.76,3.86,0.1371651250000241,0.007059656000024006,0.12324584899999991,3.8324926614411146,1.3658330791132567,3.6969582091227373
87.64696850999997,4.0200000000000005,1.76,3.83,0.04336868099994717,0.05731379400003789,0.028903904999992847,3.863715828059823,1.3658330791132567,3.6656240942027867
87.69725737499994,4.0200000000000005,1.76,3.83,0.0936575459999176,0.10760265900000832,0.07919276999996328,3.863715828059823,1.3658330791132567,3.6656240942027867
87.74745036499996,4.0200000000000005,1.82,3.83,0.14385053599994535,0.01380248499992831,0.12938575999999102,3.863715828059823,1.4423245127224318,3.6656240942027867
87.79780645300002,3.9899999999999998,1.82,3.85,0.04991907300006915,0.06415857299998606,0.035762102000035156,3.8324926614411146,1.4423245127224318,3.6865159703980668
87.84809801899996,3.9899999999999998,1.82,3.85,0.10021063900001081,0.11445013899992773,0.08605366799997682,3.8324926614411146,1.4423245127224318,3.6865159703980668
87.898430899,3.98,1.77,3.85,0.0066800280000052226,0.020564516000035837,0.1363865480000186,3.8220805852310336,1.378695035169127,3.6865159703980668
87.94881007200001,3.98,1.77,3.85,0.05705920100001549,0.0709436890000461,0.04307156300001225,3.8220805852310336,1.378695035169127,3.6865159703980668
87.99913517999994,3.98,1.77,3.85,0.10738430899994,0.12126879699997062,0.09339667099993676,3.8220805852310336,1.378695035169127,3.6865159703980668
88.049457502,3.98,1.77,3.85,0.15770663099999638,0.171591119000027,0.14371899299999313,3.8220805852310336,1.378695035169127,3.6865159703980668
88.09980373099995,3.98,1.77,3.85,0.2080528599999525,0.2219373479999831,0.19406522199994924,3.8220805852310336,1.378695035169127,3.6865159703980668
88.15013253199993,3.98,1.77,3.85,0.2583816609999303,0.27226614899996093,0.24439402299992707,3.8220805852310336,1.378695035169127,3.6865159703980668
88.20031193099999,4.0200000000000005,1.8,3.85,0.02063756600000488,0.03455434700003934,0.006347568000023784,3.863715828059823,1.4170038814343453,3.6865159703980668
88.25059694799995,4.0200000000000005,1.8,3.85,0.07092258299996956,0.08483936400000403,0.05663258499998847,3.863715828059823,1.4170038814343453,3.6865159703980668
88.30093088299998,4.0200000000000005,1.8,3.85,0.1212565179999956,0.13517329900003006,0.1069665200000145,3.863715828059823,1.4170038814343453,3.6865159703980668
88.35127420000003,3.9899999999999998,1.74,3.85,0.02724265300003026,0.041751623000095606,0.01333696200003942,3.8324926614411146,1.3399626860476377,3.6865159703980668
88.40160551099996,3.9899999999999998,1.74,3.85,0.07757396399995287,0.09208293400001821,0.06366827299996203,3.8324926614411146,1.3399626860476377,3.6865159703980668
88.45194218999995,3.9899999999999998,1.74,3.85,0.12791064299995014,0.1424196130000155,0.1140049519999593,3.8324926614411146,1.3399626860476377,3.6865159703980668
88.50227641699996,4.0,1.84,3.85,0.034564954999950714,0.04859740899996723,0.020349334000002273,3.842902548855487,1.4674808346278325,3.6865159703980668
88.55241781300003,4.0,1.84,3.85,0.08470635100002255,0.09873880500003906,0.07049073000007411,3.842902548855487,1.4674808346278325,3.6865159703980668
88.60275033899995,4.0,1.76,3.85,0.13503887699994266,0.0050866159999714,0.12082325599999422,3.842902548855487,1.3658330791132567,3.6865159703980668
88.65282413,4.0,1.76,3.85,0.04123451500004194,0.055160407000016676,0.026938175000054798,3.842902548855487,1.3658330791132567,3.6865159703980668
88.70307235500002,4.0,1.76,3.85,0.0914827400000604,0.10540863200003514,0.07718640000007326,3.842902548855487,1.3658330791132567,3.6865159703980668
88.75338435599997,4.0,1.75,3.85,0.14179474100001244,0.011727484999937587,0.1274984010000253,3.842902548855487,1.3529227620230209,3.6865159703980668
88.803677043,4.01,1.75,3.86,0.047760418000052596,0.06202017199996135,0.03382168600001023,3.8533102652135343,1.3529227620230209,3.6969582091227373
88.85400711900002,4.01,1.75,3.86,0.09809049400007552,0.11235024799998428,0.08415176200003316,3.8533102652135343,1.3529227620230209,3.6969582091227373
88.904327631,3.9899999999999998,1.78,3.86,0.004438121000021056,0.018358674000069186,0.13447227400001793,3.8324926614411146,1.3915099712183165,3.6969582091227373
88.95466065599999,3.9899999999999998,1.78,3.8400000000000003,0.05477114600000732,0.06869169900005545,0.041055800999970415,3.8324926614411146,1.3915099712183165,3.6760712724320244
89.00497779099999,3.9899999999999998,1.78,3.8400000000000003,0.10508828100000756,0.11900883400005569,0.09137293599997065,3.8324926614411146,1.3915099712183165,3.6760712724320244
89.05530209200003,4.0,1.75,3.8400000000000003,0.01141525500008811,0.025295762000041577,0.14169723700001668,3.842902548855487,1.3529227620230209,3.6760712724320244
89.10560845700002,4.0,1.75,3.87,0.0617216200000712,0.07560212700002467,0.04786658500006524,3.842902548855487,1.3529227620230209,3.7073980093860976
89.15592360400001,4.0,1.75,3.87,0.11203676700006326,0.12591727400001673,0.09818173200005731,3.842902548855487,1.3529227620230209,3.7073980093860976
89.20624968699997,4.0200000000000005,1.75,3.85,0.018388156000014533,0.03230225000004339,0.004702136999981121,3.863715828059823,1.3529227620230209,3.6865159703980668
89.25659201199994,4.0200000000000005,1.75,3.85,0.06873048099998869,0.08264457500001754,0.055044461999955274,3.863715828059823,1.3529227620230209,3.6865159703980668
89.30692855300003,4.0200000000000005,1.75,3.85,0.11906702200008112,0.13298111600010998,0.10538100300004771,3.863715828059823,1.3529227620230209,3.6865159703980668
89.35724436299995,3.9899999999999998,1.79,3.8400000000000003,0.025420570999926895,0.0395151769999984,0.011517447999949582,3.8324926614411146,1.4042791745233565,3.6760712724320244
89.40757896299999,3.9899999999999998,1.79,3.8400000000000003,0.07575517099996887,0.08984977700004038,0.061852047999991555,3.8324926614411146,1.4042791745233565,3.6760712724320244
89.45789469800002,3.9899999999999998,1.79,3.8400000000000003,0.12607090599999538,0.14016551200006688,0.11216778300001806,3.8324926614411146,1.4042791745233565,3.6760712724320244
89.508217898,4.0,1.75,3.8400000000000003,0.03246775200000229,0.04671899499999199,0.018539988000043195,3.842902548855487,1.3529227620230209,3.6760712724320244
89.55851621499994,4.0,1.75,3.8400000000000003,0.08276606899994476,0.09701731199993446,0.06883830499998567,3.842902548855487,1.3529227620230209,3.6760712724320244
89.60884407999993,4.0,1.8,3.8400000000000003,0.1330939339999304,0.00301084099999116,0.11916616999997132,3.842902548855487,1.4170038814343453,3.6760712724320244
89.65917267600003,4.0200000000000005,1.8,3.8400000000000003,0.039447276000032616,0.053339437000090584,0.16949476600007074,3.863715828059823,1.4170038814343453,3.6760712724320244
89.70946789799996,4.0200000000000005,1.8,3.8400000000000003,0.08974249799996414,0.10363465900002211,0.21978998800000227,3.863715828059823,1.4170038814343453,3.6760712724320244
89.75976272399998,4.0200000000000005,1.8,3.8400000000000003,0.1400373239999908,0.15392948500004877,0.2700848140000289,3.863715828059823,1.4170038814343453,3.6760712724320244
89.81001568599993,4.0200000000000005,1.8,3.8400000000000003,0.1902902859999358,0.20418244699999377,0.32033777599997393,3.863715828059823,1.4170038814343453,3.6760712724320244
89.86013810399993,4.0200000000000005,1.8,3.8400000000000003,0.24041270399993664,0.2543048649999946,0.37046019399997476,3.863715828059823,1.4170038814343453,3.6760712724320244
89.91046921199995,3.98,1.82,3.8400000000000003,0.0027850919999536927,0.016656923000027746,0.4207913019999978,3.8220805852310336,1.4423245127224318,3.6760712724320244
89.96082778300001,3.98,1.82,3.85,0.053143663000014385,0.06701549400008844,0.03934464500002832,3.8220805852310336,1.4423245127224318,3.6865159703980668
90.01117122099993,3.98,1.82,3.85,0.10348710099992786,0.11735893200000191,0.0896880829999418,3.8220805852310336,1.4423245127224318,3.6865159703980668
90.06150540499993,4.03,1.76,3.85,0.009863184999971963,0.023784237999961988,0.14002226699994935,3.8741192547468133,1.3658330791132567,3.6865159703980668
90.11185274499996,4.03,1.76,3.86,0.060210525000002235,0.07413157799999226,0.04629009699999642,3.8741192547468133,1.3658330791132567,3.6969582091227373
90.162174005,4.03,1.76,3.86,0.11053178500003469,0.12445283800002471,0.09661135700002887,3.8741192547468133,1.3658330791132567,3.6969582091227373
90.21231280099994,3.98,1.79,3.8200000000000003,0.016938984999910645,0.030613527000014074,0.0027778509999052403,3.8220805852310336,1.4042791745233565,3.655174414443174
90.26263907299995,3.98,1.79,3.8200000000000003,0.06726525699991726,0.08093979900002068,0.05310412299991185,3.8220805852310336,1.4042791745233565,3.655174414443174
90.31293426899992,3.98,1.79,3.8200000000000003,0.11756045299989637,0.1312349949999998,0.10339931899989097,3.8220805852310336,1.4042791745233565,3.655174414443174
90.36326404399995,4.0,1.76,3.86,0.023949535999918226,0.03759990200001084,0.009362391999957254,3.842902548855487,1.3658330791132567,3.6969582091227373
90.41359133399999,4.0,1.76,3.86,0.07427682599995933,0.08792719200005195,0.059689681999998356,3.842902548855487,1.3658330791132567,3.6969582091227373
90.46388501699994,4.0,1.76,3.86,0.12457050899990918,0.1382208750000018,0.10998336499994821,3.842902548855487,1.3658330791132567,3.6969582091227373
90.51419630099997,3.98,1.78,3.8400000000000003,0.03078237700003683,0.04456868800002667,0.01656979400002001,3.8220805852310336,1.3915099712183165,3.6760712724320244
90.564494803,3.98,1.78,3.8400000000000003,0.08108087900006922,0.09486719000005905,0.0668682960000524,3.8220805852310336,1.3915099712183165,3.6760712724320244
90.61458760300002,3.98,1.85,3.8400000000000003,0.13117367900008503,0.0011671920000253522,0.11696109600006821,3.8220805852310336,1.4800000000000002,3.6760712724320244
90.66492272099993,4.0,1.85,3.85,0.03752689799989639,0.05150230999993255,0.023098364999896148,3.842902548855487,1.4800000000000002,3.6865159703980668
90.71522267599994,4.0,1.85,3.85,0.08782685299991044,0.1018022649999466,0.0733983199999102,3.842902548855487,1.4800000000000002,3.6865159703980668
90.76557236600001,4.0,1.78,3.85,0.13817654299998594,0.007997133000003487,0.1237480099999857,3.842902548855487,1.3915099712183165,3.6865159703980668
90.81574863100002,4.0200000000000005,1.78,3.86,0.04436160800003108,0.05817339800000809,0.029984560999992027,3.863715828059823,1.3915099712183165,3.6969582091227373
90.86607999599994,4.0200000000000005,1.78,3.86,0.09469297299995105,0.10850476299992806,0.080315925999912,3.863715828059823,1.3915099712183165,3.6969582091227373
90.91637167199997,3.9899999999999998,1.75,3.86,0.0009223419999671023,0.01481175499998244,0.13060760199994093,3.8324926614411146,1.3529227620230209,3.6969582091227373
90.96669532299995,3.9899999999999998,1.75,3.85,0.05124599299995225,0.06513540599996759,0.036986567999974795,3.8324926614411146,1.3529227620230209,3.6865159703980668
91.01681525499998,3.9899999999999998,1.75,3.85,0.10136592499998187,0.11525533799999721,0.08710650000000442,3.8324926614411146,1.3529227620230209,3.6865159703980668
91.06714526099995,3.9899999999999998,1.75,3.85,0.15169593099994927,0.1655853439999646,0.13743650599997181,3.8324926614411146,1.3529227620230209,3.6865159703980668
91.11747900099999,3.9899999999999998,1.75,3.85,0.20202967099999114,0.21591908400000648,0.18777024600001369,3.8324926614411146,1.3529227620230209,3.6865159703980668
91.16761330299994,3.9899999999999998,1.75,3.85,0.25216397299993787,0.2660533859999532,0.23790454799996041,3.8324926614411146,1.3529227620230209,3.6865159703980668
91.21771950999994,3.98,1.82,3.86,0.013955206999980874,0.02836250499990456,0.0002647329999945214,3.8220805852310336,1.4423245127224318,3.6969582091227373
91.26806204000002,3.98,1.82,3.86,0.0642977370000608,0.07870503499998449,0.050607263000074454,3.8220805852310336,1.4423245127224318,3.6969582091227373
91.31826167700001,3.98,1.82,3.86,0.11449737400005233,0.12890467199997602,0.10080690000006598,3.8220805852310336,1.4423245127224318,3.6969582091227373
91.368445641,4.0200000000000005,1.76,3.85,0.02073027100004765,0.03499484099995698,0.006804469000030622,3.863715828059823,1.3658330791132567,3.6865159703980668
91.41880999699993,4.0200000000000005,1.76,3.85,0.07109462699997948,0.08535919699988881,0.05716882499996245,3.863715828059823,1.3658330791132567,3.6865159703980668
91.46929151899997,4.0200000000000005,1.76,3.85,0.12157614900002045,0.13584071899992978,0.10765034700000342,3.863715828059823,1.3658330791132567,3.6865159703980668
91.51940758399996,3.9899999999999998,1.76,3.86,0.027710395999974935,0.0422790799999575,0.013809584000000541,3.8324926614411146,1.3658330791132567,3.6969582091227373
91.56973600999993,3.9899999999999998,1.76,3.86,0.0780388219999395,0.09260750599992207,0.0641380099999651,3.8324926614411146,1.3658330791132567,3.6969582091227373
91.61986490200002,3.9899999999999998,1.76,3.86,0.12816771400002835,0.14273639800001092,0.11426690200005396,3.8324926614411146,1.3658330791132567,3.6969582091227373
91.67019818300002,3.98,1.77,3.86,0.03471452900009808,0.048740522000002784,0.020622128000013618,3.8220805852310336,1.378695035169127,3.6969582091227373
91.72052853499997,3.98,1.77,3.86,0.08504488100004437,0.09907087399994907,0.0709524799999599,3.8220805852310336,1.378695035169127,3.6969582091227373
91.77086391699993,3.98,1.79,3.86,0.13538026300000183,0.005173177999949985,0.12128786199991737,3.8220805852310336,1.4042791745233565,3.6969582091227373
91.82120687500003,4.0,1.79,3.85,0.04182880500002284,0.05551613600005112,0.027657672000032107,3.842902548855487,1.4042791745233565,3.6865159703980668
91.8715459,4.0,1.79,3.85,0.09216782999999396,0.10585516100002224,0.07799669700000322,3.842902548855487,1.4042791745233565,3.6865159703980668
91.92168703599998,4.0,1.79,3.85,0.14230896599997322,0.012266866999993908,0.1281378329999825,3.842902548855487,1.4042791745233565,3.6865159703980668
91.972013178,3.98,1.79,3.85,0.04870091300006152,0.06259300900001108,0.03450820000000476,3.8220805852310336,1.4042791745233565,3.6865159703980668
92.02218695700003,3.98,1.79,3.85,0.09887469200009491,0.11276678800004447,0.08468197900003815,3.8220805852310336,1.4042791745233565,3.6865159703980668
92.072324632,4.01,1.75,3.85,0.004749046000029011,0.01889152199998989,0.13481965400001172,3.8533102652135343,1.3529227620230209,3.6865159703980668
92.12265389599997,4.01,1.75,3.85,0.055078309999998964,0.06922078599995984,0.04146662799996648,3.8533102652135343,1.3529227620230209,3.6865159703980668
92.17295086399997,4.01,1.75,3.85,0.1053752779999968,0.11951775399995768,0.09176359599996431,3.8533102652135343,1.3529227620230209,3.6865159703980668
92.22326990099998,4.01,1.75,3.85,0.01173286999994616,0.025647672999980387,0.1420826329999727,3.8533102652135343,1.3529227620230209,3.6865159703980668
92.27361446099997,4.01,1.75,3.8200000000000003,0.062077429999931155,0.07599223299996538,0.04815911599996525,3.8533102652135343,1.3529227620230209,3.655174414443174
92.32395489800001,4.01,1.75,3.8200000000000003,0.11241786699997647,0.1263326700000107,0.09849955300001056,3.8533102652135343,1.3529227620230209,3.655174414443174
92.37416473600001,4.0,1.78,3.86,0.018663732000050004,0.032572785000070326,0.004735698999979832,3.842902548855487,1.3915099712183165,3.6969582091227373
92.42450797799995,4.0,1.78,3.86,0.0690069739999899,0.08291602700001022,0.05507894099991972,3.842902548855487,1.3915099712183165,3.6969582091227373
92.47463264199996,4.0,1.78,3.86,0.11913163799999893,0.13304069100001925,0.10520360499992876,3.842902548855487,1.3915099712183165,3.6969582091227373
92.52494674799993,3.98,1.79,3.83,0.025482378999981847,0.03947750999998334,0.011545484999942346,3.8220805852310336,1.4042791745233565,3.6656240942027867
92.57526332600003,3.98,1.79,3.83,0.07579895700007455,0.08979408800007604,0.06186206300003505,3.8220805852310336,1.4042791745233565,3.6656240942027867
92.62539377600001,3.98,1.79,3.83,0.12592940700005784,0.13992453800005933,0.11199251300001833,3.8220805852310336,1.4042791745233565,3.6656240942027867
92.67550948899998,4.01,1.83,3.85,0.032035341999971934,0.04597489000002497,0.0181638760000169,3.8533102652135343,1.454922678357857,3.6865159703980668
92.72583896499998,4.01,1.83,3.85,0.08236481799997364,0.09630436600002668,0.0684933520000186,3.8533102652135343,1.454922678357857,3.6865159703980668
92.77595315199994,4.01,1.77,3.85,0.13247900499993648,0.0026550459999725717,0.11860753899998144,3.8533102652135343,1.378695035169127,3.6865159703980668
92.82624687399993,3.98,1.77,3.85,0.038778363999995236,0.05294876799996473,0.025156154999990576,3.8220805852310336,1.378695035169127,3.6865159703980668
92.87654147699993,3.98,1.77,3.85,0.08907296699999279,0.10324337099996228,0.07545075799998813,3.8220805852310336,1.378695035169127,3.6865159703980668
92.92685270200002,3.98,1.75,3.85,0.13938419200007957,0.009382777000041642,0.1257619830000749,3.8220805852310336,1.3529227620230209,3.6865159703980668
92.97697048199996,3.9899999999999998,1.75,3.8400000000000003,0.045570224000016424,0.05950055699997847,0.03163758300001973,3.8324926614411146,1.3529227620230209,3.6760712724320244
93.02729280599999,3.9899999999999998,1.75,3.8400000000000003,0.09589254800005165,0.1098228810000137,0.08195990700005495,3.8324926614411146,1.3529227620230209,3.6760712724320244
93.07747581499996,4.03,1.75,3.8400000000000003,0.0021106949999420976,0.016014259000030506,0.1321429160000207,3.8741192547468133,1.3529227620230209,3.6760712724320244
93.12783645299999,4.03,1.75,3.85,0.05247133299997131,0.06637489700005972,0.0385534340000504,3.8741192547468133,1.3529227620230209,3.6865159703980668
93.17817052099997,4.03,1.75,3.85,0.10280540099995505,0.11670896500004346,0.08888750200003415,3.8741192547468133,1.3529227620230209,3.6865159703980668
93.22850115400001,3.98,1.76,3.85,0.009179302000006828,0.02319437400001334,0.1392181350000783,3.8220805852310336,1.3658330791132567,3.6865159703980668
93.27863160799996,3.98,1.76,3.83,0.05930975599994781,0.07332482799995432,0.04535585500002526,3.8220805852310336,1.3658330791132567,3.6656240942027867
93.32878921500003,3.98,1.76,3.83,0.10946736300002158,0.12348243500002809,0.09551346200009903,3.8220805852310336,1.3658330791132567,3.6656240942027867
93.37908124299997,3.98,1.77,3.86,0.015785778000008577,0.02970653499994569,0.001514908999979525,3.8220805852310336,1.378695035169127,3.6969582091227373
93.42922283899998,3.98,1.77,3.86,0.0659273740000117,0.07984813099994881,0.051656504999982644,3.8220805852310336,1.378695035169127,3.6969582091227373
93.47957109699996,3.98,1.77,3.86,0.11627563199999713,0.13019638899993424,0.10200476299996808,3.8220805852310336,1.378695035169127,3.6969582091227373
93.529900569,3.9899999999999998,1.76,3.87,0.022638678000021173,0.036517909000053805,0.008540757999980997,3.8324926614411146,1.3658330791132567,3.7073980093860976
93.58011137899996,3.9899999999999998,1.76,3.87,0.07284948799997437,0.086728719000007,0.058751567999934196,3.8324926614411146,1.3658330791132567,3.7073980093860976
93.63044419999994,3.9899999999999998,1.76,3.87,0.12318230899995797,0.1370615399999906,0.10908438899991779,3.8324926614411146,1.3658330791132567,3.7073980093860976
93.68079192599998,3.98,1.74,3.86,0.029542354999989584,0.043656158999965555,0.015293619999965813,3.8220805852310336,1.3399626860476377,3.6969582091227373
93.73108337600002,3.98,1.74,3.86,0.07983380500002113,0.0939476089999971,0.06558506999999736,3.8220805852310336,1.3399626860476377,3.6969582091227373
93.78128904699997,3.98,1.74,3.86,0.130039475999979,0.14415327999995498,0.11579074099995523,3.8220805852310336,1.3399626860476377,3.6969582091227373
93.83143508900002,4.0,1.76,3.86,0.03615774600007171,0.04987609700003759,0.022096120000014707,3.842902548855487,1.3658330791132567,3.6969582091227373
93.88180350699997,4.0,1.76,3.86,0.08652616400001989,0.10024451499998577,0.07246453799996289,3.842902548855487,1.3658330791132567,3.6969582091227373
93.93191607300002,4.0,1.75,3.86,0.13663873000007243,0.006647113000099125,0.12257710400001542,3.842902548855487,1.3529227620230209,3.6969582091227373
93.98226848900003,4.0,1.75,3.85,0.043300722000026326,0.05699952900010885,0.028790737999997873,3.842902548855487,1.3529227620230209,3.6865159703980668
94.03261524599998,4.0,1.75,3.85,0.09364747899996928,0.1073462860000518,0.07913749499994083,3.842902548855487,1.3529227620230209,3.6865159703980668
94.08290803699992,4.0,1.75,3.85,0.14394026999991638,0.1576390769999989,0.12943028599988793,3.842902548855487,1.3529227620230209,3.6865159703980668
94.13323401299999,4.0,1.75,3.85,0.19426624599998377,0.2079650530000663,0.1797562619999553,3.842902548855487,1.3529227620230209,3.6865159703980668
94.18340039500004,4.0,1.75,3.85,0.24443262800002685,0.2581314350001094,0.2299226439999984,3.842902548855487,1.3529227620230209,3.6865159703980668
94.23372443099993,4.0,1.83,3.85,0.006448340999895663,0.020523361999948975,0.28024667999989106,3.842902548855487,1.454922678357857,3.6865159703980668
94.28401855200002,4.0,1.83,3.87,0.056742461999988336,0.07081748300004165,0.04290348200004246,3.842902548855487,1.454922678357857,3.7073980093860976
94.33434855500002,4.0,1.83,3.87,0.10707246499998746,0.12114748600004077,0.09323348500004158,3.842902548855487,1.454922678357857,3.7073980093860976
94.38448881800002,3.98,1.83,3.87,0.013128201000085937,0.027292337000062616,0.14337374800004454,3.8220805852310336,1.454922678357857,3.7073980093860976
94.43483648099993,3.98,1.83,3.85,0.06347586399999727,0.07763999999997395,0.04967021099992053,3.8220805852310336,1.454922678357857,3.6865159703980668
94.48517721500002,3.98,1.83,3.85,0.11381659800008492,0.1279807340000616,0.10001094500000818,3.8220805852310336,1.454922678357857,3.6865159703980668
94.53535713199994,3.98,1.77,3.86,0.019966905999922346,0.03431344099999478,0.006169162999981381,3.8220805852310336,1.378695035169127,3.6969582091227373
94.58569043900002,3.98,1.77,3.86,0.07030021299999589,0.08464674800006833,0.05650247000005493,3.8220805852310336,1.378695035169127,3.6969582091227373
94.63601767199998,3.98,1.77,3.86,0.12062744599995767,0.1349739810000301,0.1068297030000167,3.8220805852310336,1.378695035169127,3.6969582091227373
94.68636366099997,4.0,1.77,3.86,0.026996056000029967,0.041052515000046697,0.013039004999995996,3.842902548855487,1.378695035169127,3.6969582091227373
94.73668564299999,4.0,1.77,3.86,0.077318038000044,0.09137449700006073,0.06336098700001003,3.842902548855487,1.378695035169127,3.6969582091227373
94.78701836699997,4.0,1.77,3.86,0.12765076200003023,0.14170722100004696,0.11369371099999626,3.842902548855487,1.378695035169127,3.6969582091227373
94.837138762,3.9899999999999998,1.76,3.85,0.03380057200001829,0.0478406920000225,0.019876632999967114,3.8324926614411146,1.3658330791132567,3.6865159703980668
94.88727431400002,3.9899999999999998,1.76,3.85,0.08393612400004713,0.09797624400005134,0.07001218499999595,3.8324926614411146,1.3658330791132567,3.6865159703980668
94.93741949899993,3.9899999999999998,1.83,3.85,0.13408130899995285,0.004195119999963026,0.12015736999990168,3.8324926614411146,1.454922678357857,3.6865159703980668
94.98771130099999,3.98,1.83,3.85,0.04045041000006222,0.054486922000023696,0.026457995999976447,3.8220805852310336,1.454922678357857,3.6865159703980668
95.038038798,3.98,1.83,3.85,0.09077790700007426,0.10481441900003574,0.07678549299998849,3.8220805852310336,1.454922678357857,3.6865159703980668
95.08817786199995,3.98,1.73,3.85,0.1409169710000242,0.010811805000003005,0.12692455699993843,3.8220805852310336,1.3269513932318697,3.6865159703980668
95.13831453699993,3.98,1.73,3.85,0.04683790199999294,0.0609484799999791,0.033089369999970586,3.8220805852310336,1.3269513932318697,3.6865159703980668
95.18863295799997,3.98,1.73,3.85,0.09715632300003563,0.11126690100002179,0.08340779100001328,3.8220805852310336,1.3269513932318697,3.6865159703980668
95.2389703,4.0,1.79,3.85,0.0037120550000508956,0.01761932199997318,0.13374513300004764,3.842902548855487,1.4042791745233565,3.6865159703980668
95.28932099999997,4.0,1.79,3.86,0.054062755000018115,0.0679700219999404,0.04013542999996389,3.842902548855487,1.4042791745233565,3.6969582091227373
95.33964959599996,4.0,1.79,3.86,0.10439135100000385,0.11829861799992614,0.09046402599994963,3.842902548855487,1.4042791745233565,3.6969582091227373
95.389811667,4.01,1.78,3.86,0.010587703000055626,0.024497734000078708,0.14062609699999484,3.8533102652135343,1.3915099712183165,3.6969582091227373
95.43997205899996,4.01,1.78,3.85,0.06074809500000811,0.07465812600003119,0.046819645000027776,3.8533102652135343,1.3915099712183165,3.6865159703980668
95.490208618,4.01,1.78,3.85,0.11098465400004898,0.12489468500007206,0.09705620400006865,3.8533102652135343,1.3915099712183165,3.6865159703980668
95.54035051400001,3.98,1.82,3.8400000000000003,0.017160454000077152,0.031073217000084696,0.003197415000045112,3.8220805852310336,1.4423245127224318,3.6760712724320244
95.59068948200002,3.98,1.82,3.8400000000000003,0.06749942200008263,0.08141218500009018,0.05353638300005059,3.8220805852310336,1.4423245127224318,3.6760712724320244
95.64098611999998,3.98,1.82,3.8400000000000003,0.11779606000004605,0.1317088230000536,0.10383302100001401,3.8220805852310336,1.4423245127224318,3.6760712724320244
95.69124150699997,4.01,1.78,3.86,0.02422512700002244,0.037967633999983263,0.010354805000019951,3.8533102652135343,1.3915099712183165,3.6969582091227373
95.74140677100002,4.01,1.78,3.86,0.07439039100006539,0.08813289800002622,0.060520069000062904,3.8533102652135343,1.3915099712183165,3.6969582091227373
95.79159313399998,4.01,1.78,3.86,0.12457675400003154,0.13831926099999237,0.11070643200002905,3.8533102652135343,1.3915099712183165,3.6969582091227373
95.84193515100003,3.9899999999999998,1.75,3.85,0.030994308999993336,0.04484593000006498,0.016838221000057274,3.8324926614411146,1.3529227620230209,3.6865159703980668
95.892232551,3.9899999999999998,1.75,3.85,0.08129170899997007,0.09514333000004171,0.06713562100003401,3.8324926614411146,1.3529227620230209,3.6865159703980668
95.942367149,3.9899999999999998,1.82,3.85,0.1314263069999697,0.0011920919999965918,0.11727021900003365,3.8324926614411146,1.4423245127224318,3.6865159703980668
95.99245181200001,3.98,1.82,3.87,0.03724549000003208,0.051276755000003504,0.02335657700007232,3.8220805852310336,1.4423245127224318,3.7073980093860976
96.04284410000002,3.98,1.82,3.87,0.08763777800004391,0.10166904300001534,0.07374886500008415,3.8220805852310336,1.4423245127224318,3.7073980093860976
96.09319186599998,3.98,1.8,3.87,0.13798554400000285,0.008028532000025734,0.12409663100004309,3.8220805852310336,1.4170038814343453,3.7073980093860976
96.14352908399997,4.01,1.8,3.83,0.044408369999928254,0.05836575000000721,0.030166183999995155,3.8533102652135343,1.4170038814343453,3.6656240942027867
96.19386011300003,4.01,1.8,3.83,0.09473939899999095,0.10869677900006991,0.08049721300005785,3.8533102652135343,1.4170038814343453,3.6656240942027867
96.24394700099992,4.01,1.76,3.83,0.0008642369999734001,0.014791713999898093,0.130584100999954,3.8533102652135343,1.3658330791132567,3.6656240942027867
96.29411277199995,4.01,1.76,3.87,0.051030007999997906,0.0649574849999226,0.03678137600002174,3.8533102652135343,1.3658330791132567,3.7073980093860976
96.344410541,4.01,1.76,3.87,0.10132777700005136,0.11525525399997605,0.08707914500007519,3.8533102652135343,1.3658330791132567,3.7073980093860976
96.39470442899994,3.97,1.78,3.87,0.007652695999922798,0.021568077999972957,0.13737303300001713,3.8116663022882786,1.3915099712183165,3.7073980093860976
96.44502716199997,3.97,1.78,3.85,0.05797542899995278,0.07189081100000294,0.04390042199997879,3.8116663022882786,1.3915099712183165,3.6865159703980668
96.49537161199999,3.97,1.78,3.85,0.1083198789999642,0.12223526100001436,0.09424487199999021,3.8116663022882786,1.3915099712183165,3.6865159703980668
96.54546347299993,4.0,1.78,3.86,0.014416488999927424,0.028377908999914325,0.00020222399996328022,3.842902548855487,1.3915099712183165,3.6969582091227373
96.59559692799996,4.0,1.78,3.86,0.06454994399996394,0.07851136399995085,0.0503356789999998,3.842902548855487,1.3915099712183165,3.6969582091227373
96.645950094,4.0,1.78,3.86,0.1149031100000002,0.1288645299999871,0.10068884500003605,3.842902548855487,1.3915099712183165,3.6969582091227373
96.69629320299998,3.9899999999999998,1.77,3.83,0.02126862800002982,0.035219879000010224,0.007281788000000233,3.8324926614411146,1.378695035169127,3.6656240942027867
96.74643636199994,3.9899999999999998,1.77,3.83,0.07141178699998818,0.08536303799996858,0.05742494699995859,3.8324926614411146,1.378695035169127,3.6656240942027867
96.79672647099994,3.9899999999999998,1.77,3.83,0.12170189599999048,0.13565314699997089,0.1077150559999609,3.8324926614411146,1.378695035169127,3.6656240942027867
96.84704197500002,3.98,1.76,3.8400000000000003,0.028231486000095174,0.04232940100007454,0.013881023000067216,3.8220805852310336,1.3658330791132567,3.6760712724320244
96.89735577599993,3.98,1.76,3.8400000000000003,0.07854528699999719,0.09264320199997655,0.06419482399996923,3.8220805852310336,1.3658330791132567,3.6760712724320244
96.94770903799997,3.98,1.76,3.8400000000000003,0.12889854900004138,0.14299646400002075,0.11454808600001343,3.8220805852310336,1.3658330791132567,3.6760712724320244
96.99801356199998,4.0,1.76,3.87,0.034743162000040684,0.04933059300003606,0.02084506899996086,3.842902548855487,1.3658330791132567,3.7073980093860976
97.04826356399997,4.0,1.76,3.87,0.08499316400002499,0.09958059500002037,0.07109507099994516,3.842902548855487,1.3658330791132567,3.7073980093860976
97.09841029899997,4.0,1.76,3.87,0.13513989900002343,0.1497273300000188,0.12124180599994361,3.842902548855487,1.3658330791132567,3.7073980093860976
97.14872927800002,4.0,1.76,3.87,0.18545887800007677,0.20004630900007214,0.17156078499999694,3.842902548855487,1.3658330791132567,3.7073980093860976
97.19894010600001,4.0,1.76,3.87,0.23566970600006698,0.25025713700006236,0.22177161299998716,3.842902548855487,1.3658330791132567,3.7073980093860976
97.24907589899999,4.0,1.77,3.87,0.28580549900004826,0.012092833999986397,0.27190740599996843,3.842902548855487,1.378695035169127,3.7073980093860976
97.29941023000003,4.01,1.77,3.85,0.048206161000052816,0.06242716500003098,0.03428774000008161,3.8533102652135343,1.378695035169127,3.6865159703980668
97.34970441899998,4.01,1.77,3.85,0.0985003499999948,0.11272135399997296,0.08458192900002359,3.8533102652135343,1.378695035169127,3.6865159703980668
97.400057328,3.98,1.79,3.85,0.004870147000019642,0.019105061000004753,0.13493483800004924,3.8220805852310336,1.4042791745233565,3.6865159703980668
97.45018328100002,3.98,1.79,3.86,0.054996100000039405,0.06923101400002452,0.04137175300002127,3.8220805852310336,1.4042791745233565,3.6969582091227373
97.50052878999998,3.98,1.79,3.86,0.10534160899999279,0.1195765229999779,0.09171726199997465,3.8220805852310336,1.4042791745233565,3.6969582091227373
97.55085491,3.9899999999999998,1.8,3.86,0.011731131000033201,0.02566550400001688,0.1420433819999971,3.8324926614411146,1.4170038814343453,3.6969582091227373
97.60118865899994,3.9899999999999998,1.8,3.86,0.062064879999979894,0.07599925299996357,0.04812707600001431,3.8324926614411146,1.4170038814343453,3.6969582091227373
97.651511358,3.9899999999999998,1.8,3.86,0.11238757900002838,0.12632195200001206,0.0984497750000628,3.8324926614411146,1.4170038814343453,3.6969582091227373
97.70165151399999,4.0,1.76,3.85,0.01853436099997907,0.03246261599997524,0.004586213000038697,3.842902548855487,1.3658330791132567,3.6865159703980668
97.75199189,4.0,1.76,3.85,0.06887473699998736,0.08280299199998353,0.05492658900004699,3.842902548855487,1.3658330791132567,3.6865159703980668
97.802319851,4.0,1.76,3.85,0.11920269799998096,0.13313095299997713,0.10525455000004058,3.842902548855487,1.3658330791132567,3.6865159703980668
97.85263821299998,3.98,1.77,3.86,0.02555191700002979,0.03952967400005036,0.011630008999986785,3.8220805852310336,1.378695035169127,3.6969582091227373
97.902956658,3.98,1.77,3.86,0.07587036200004604,0.08984811900006662,0.06194845400000304,3.8220805852310336,1.378695035169127,3.6969582091227373
97.95328473400002,3.98,1.77,3.86,0.12619843800007402,0.1401761950000946,0.11227653000003102,3.8220805852310336,1.378695035169127,3.6969582091227373
98.00341535899997,3.9899999999999998,1.79,3.87,0.03266052200001468,0.046295655999983865,0.01841713500004971,3.8324926614411146,1.4042791745233565,3.7073980093860976
98.05374112300001,3.9899999999999998,1.79,3.87,0.08298628600005031,0.0966214200000195,0.06874289900008534,3.8324926614411146,1.4042791745233565,3.7073980093860976
98.10384918399996,3.9899999999999998,1.77,3.87,0.13309434699999656,0.0027553730000136056,0.11885096000003159,3.8324926614411146,1.378695035169127,3.7073980093860976
98.15400665200002,4.01,1.77,3.83,0.038968979000060244,0.052912841000079425,0.025036488000068857,3.8533102652135343,1.378695035169127,3.6656240942027867
98.20433906200003,4.01,1.77,3.83,0.08930138900007023,0.10324525100008941,0.07536889800007884,3.8533102652135343,1.378695035169127,3.6656240942027867
98.25467411499994,4.01,1.75,3.83,0.1396364419999827,0.009614518999910615,0.12570395099999132,3.8533102652135343,1.3529227620230209,3.6656240942027867
98.30483095599993,4.0,1.75,3.87,0.04595224399997733,0.05977135999989969,0.03216291100000035,3.842902548855487,1.3529227620230209,3.7073980093860976
98.355159534,4.0,1.75,3.87,0.09628082200003973,0.1100999379999621,0.08249148900006276,3.842902548855487,1.3529227620230209,3.7073980093860976
98.40529989899994,3.98,1.77,3.87,0.0023184229999060335,0.01625718599996162,0.1326318540000102,3.8220805852310336,1.378695035169127,3.7073980093860976
98.45563742900003,3.98,1.77,3.87,0.05265595299999859,0.06659471600005418,0.18296938400010276,3.8220805852310336,1.378695035169127,3.7073980093860976
98.50579698299998,3.98,1.77,3.87,0.10281550699994568,0.11675427000000127,0.23312893800004986,3.8220805852310336,1.378695035169127,3.7073980093860976
98.55611118599995,3.98,1.77,3.87,0.15312970999991649,0.16706847299997207,0.28344314100002066,3.8220805852310336,1.378695035169127,3.7073980093860976
98.606250703,3.98,1.77,3.87,0.2032692269999643,0.2172079900000199,0.3335826580000685,3.8220805852310336,1.378695035169127,3.7073980093860976
98.65657941300003,3.98,1.77,3.87,0.253597936999995,0.2675367000000506,0.3839113680000992,3.8220805852310336,1.378695035169127,3.7073980093860976
98.70671780299995,4.0,1.78,3.85,0.01600411999993412,0.029701968999916062,0.001840158999925734,3.842902548855487,1.3915099712183165,3.6865159703980668
98.75705378600003,4.0,1.78,3.85,0.06634010300001592,0.08003795199999786,0.05217614200000753,3.842902548855487,1.3915099712183165,3.6865159703980668
98.80719511300003,4.0,1.78,3.85,0.11648143000002165,0.1301792790000036,0.10231746900001326,3.842902548855487,1.3915099712183165,3.6865159703980668
98.85753400399994,4.0,1.77,3.85,0.16682032099993194,0.036542847999953665,0.008666974999982813,3.842902548855487,1.378695035169127,3.6865159703980668
98.90787777699995,4.0,1.77,3.85,0.21716409399994063,0.08688662099996236,0.05901074799999151,3.842902548855487,1.378695035169127,3.6865159703980668
98.958192887,4.0,1.77,3.85,0.26747920399998293,0.13720173100000466,0.1093258580000338,3.842902548855487,1.378695035169127,3.6865159703980668
99.00847398899998,4.0,1.83,3.85,0.3177603059999683,0.04374040300001525,0.01532652399998824,3.842902548855487,1.454922678357857,3.6865159703980668
99.05883929599997,4.0,1.83,3.85,0.36812561299996105,0.094105710000008,0.065691830999981,3.842902548855487,1.454922678357857,3.6865159703980668
99.10898014700001,4.0,1.77,3.85,0.41826646399999845,8.788800005277153e-05,0.1158326820000184,3.842902548855487,1.378695035169127,3.6865159703980668
99.15930601299999,4.0,1.77,3.83,0.036466222000058224,0.050413754000032895,0.02257789899999807,3.842902548855487,1.378695035169127,3.6656240942027867
99.20964291799999,4.0,1.77,3.83,0.08680312700005288,0.10075065900002755,0.07291480399999273,3.842902548855487,1.378695035169127,3.6656240942027867
99.25997381100001,4.0,1.76,3.83,0.1371340200000759,0.007081992000053106,0.12324569700001575,3.842902548855487,1.3658330791132567,3.6656240942027867
99.31026784300002,4.01,1.76,3.85,0.04364573000009386,0.05737602400006381,0.029322513000010986,3.8533102652135343,1.3658330791132567,3.6865159703980668
99.36056362900001,4.01,1.76,3.85,0.09394151600008627,0.10767181000005621,0.07961829900000339,3.8533102652135343,1.3658330791132567,3.6865159703980668
99.410649315,3.98,1.78,3.85,0.00016132600001128594,0.01377091200004088,0.12970398499999192,3.8220805852310336,1.3915099712183165,3.6865159703980668
99.46093190399995,3.98,1.78,3.85,0.050443914999959816,0.06405350099998941,0.03590254599998843,3.8220805852310336,1.3915099712183165,3.6865159703980668
99.51125674899993,3.98,1.78,3.85,0.10076875999993717,0.11437834599996677,0.08622739099996579,3.8220805852310336,1.3915099712183165,3.6865159703980668
99.56158753599993,3.98,1.77,3.85,0.006768362000002526,0.020738902999937636,0.13655817799997294,3.8220805852310336,1.378695035169127,3.6865159703980668
99.61191449499995,3.98,1.77,3.85,0.057095321000019794,0.0710658619999549,0.04320791299994653,3.8220805852310336,1.378695035169127,3.6865159703980668
99.66225008599997,3.98,1.77,3.85,0.10743091200004073,0.12140145299997585,0.09354350399996747,3.8220805852310336,1.378695035169127,3.6865159703980668
99.71252271000003,3.98,1.75,3.85,0.013825833000055354,0.027713220999999066,0.14381612800002586,3.8220805852310336,1.3529227620230209,3.6865159703980668
99.76285063900002,3.98,1.75,3.8400000000000003,0.0641537620000463,0.07804114999999001,0.049678139000093324,3.8220805852310336,1.3529227620230209,3.6760712724320244
99.81317835100003,3.98,1.75,3.8400000000000003,0.11448147400005837,0.12836886200000208,0.1000058510001054,3.8220805852310336,1.3529227620230209,3.6760712724320244
99.86350919300003,3.98,1.79,3.86,0.02046272100005808,0.03501748000007865,0.006523053000023538,3.8220805852310336,1.4042791745233565,3.6969582091227373
99.91385993799997,3.98,1.79,3.86,0.07081346600000415,0.08536822500002472,0.05687379799996961,3.8220805852310336,1.4042791745233565,3.6969582091227373
99.96406500900002,3.98,1.79,3.86,0.1210185370000545,0.13557329600007506,0.10707886900001995,3.8220805852310336,1.4042791745233565,3.6969582091227373
100.01435871699994,3.98,1.75,3.85,0.02730491899990284,0.04182454399995095,0.013392978999945626,3.8220805852310336,1.3529227620230209,3.6865159703980668
100.06464913299999,3.98,1.75,3.85,0.07759533499995541,0.09211496000000352,0.0636833949999982,3.8220805852310336,1.3529227620230209,3.6865159703980668
100.11497724699996,3.98,1.75,3.85,0.12792344899992258,0.1424430739999707,0.11401150899996537,3.8220805852310336,1.3529227620230209,3.6865159703980668
100.16530565599999,3.98,1.75,3.85,0.17825185799995324,0.19277148300000135,0.16433991799999603,3.8220805852310336,1.3529227620230209,3.6865159703980668
100.21562750700002,3.98,1.75,3.85,0.2285737089999884,0.24309333400003652,0.2146617690000312,3.8220805852310336,1.3529227620230209,3.6865159703980668
100.26594729199996,3.98,1.73,3.85,0.2788934939999308,0.005265327999950387,0.2649815539999736,3.8220805852310336,1.3269513932318697,3.6865159703980668
100.31610182600002,4.0200000000000005,1.73,3.85,0.04144553800006179,0.055419862000007925,0.02720508200002314,3.863715828059823,1.3269513932318697,3.6865159703980668
100.366440292,4.0200000000000005,1.73,3.85,0.09178400400003284,0.10575832799997897,0.07754354799999419,3.863715828059823,1.3269513932318697,3.6865159703980668
100.41679357499993,4.0200000000000005,1.79,3.85,0.14213728699996864,0.011805971999933718,0.12789683099993,3.863715828059823,1.4042791745233565,3.6865159703980668
100.467063704,3.9899999999999998,1.79,3.85,0.048343969000029574,0.06207610100000238,0.03421688200000972,3.8324926614411146,1.4042791745233565,3.6865159703980668
100.51739413999996,3.9899999999999998,1.79,3.85,0.09867440499999702,0.11240653699996983,0.08454731799997717,3.8324926614411146,1.4042791745233565,3.6865159703980668
100.56775053900003,3.9899999999999998,1.76,3.85,0.004829357000062373,0.018769493000036164,0.1349037170000429,3.8324926614411146,1.3658330791132567,3.6865159703980668
100.61798966100002,3.9899999999999998,1.76,3.86,0.05506847900005596,0.06900861500002975,0.041473625000094216,3.8324926614411146,1.3658330791132567,3.6969582091227373
100.66823235899994,3.9899999999999998,1.76,3.86,0.10531117699997594,0.11925131299994973,0.0917163230000142,3.8324926614411146,1.3658330791132567,3.6969582091227373
100.718536674,4.0,1.82,3.86,0.01165665500002433,0.025584791000028417,0.14202063800007636,3.842902548855487,1.4423245127224318,3.6969582091227373
100.76883238599999,4.0,1.82,3.87,0.061952367000003505,0.0758805030000076,0.048077605999992556,3.842902548855487,1.4423245127224318,3.7073980093860976
100.81902746699996,4.0,1.82,3.87,0.11214744799997334,0.12607558399997743,0.09827268699996239,3.842902548855487,1.4423245127224318,3.7073980093860976
100.869344845,4.0200000000000005,1.77,3.85,0.018491311000047972,0.03240159000006315,0.004604188000030263,3.863715828059823,1.378695035169127,3.6865159703980668
100.91964236599995,4.0200000000000005,1.77,3.85,0.06878883199999564,0.08269911100001082,0.05490170899997793,3.863715828059823,1.378695035169127,3.6865159703980668
100.96982469399995,4.0200000000000005,1.77,3.85,0.11897116000000096,0.13288143900001614,0.10508403699998325,3.863715828059823,1.378695035169127,3.6865159703980668
101.02002030200003,3.98,1.76,3.88,0.0257985790000248,0.03945795500010263,0.011824618000105147,3.8220805852310336,1.3658330791132567,3.717835391729978
101.07034876399996,3.98,1.76,3.88,0.07612704099994971,0.08978641700002754,0.06215308000003006,3.8220805852310336,1.3658330791132567,3.717835391729978
101.12066553900002,3.98,1.76,3.88,0.12644381600000543,0.14010319200008325,0.11246985500008577,3.8220805852310336,1.3658330791132567,3.717835391729978
101.170960734,3.9899999999999998,1.8,3.86,0.032204105000005256,0.046377349000067625,0.018267695000076856,3.8324926614411146,1.4170038814343453,3.6969582091227373
101.22110396699998,3.9899999999999998,1.8,3.86,0.08234733799997684,0.09652058200003921,0.06841092800004844,3.8324926614411146,1.4170038814343453,3.6969582091227373
101.27142189599999,3.9899999999999998,1.77,3.86,0.13266526699999304,0.002560399000003599,0.11872885700006464,3.8324926614411146,1.378695035169127,3.6969582091227373
101.32175556699997,4.0,1.77,3.85,0.03903808600000502,0.052894069999979365,0.025042340000027252,3.842902548855487,1.378695035169127,3.6865159703980668
101.37198416299998,4.0,1.77,3.85,0.08926668200001586,0.1031226659999902,0.07527093600003809,3.842902548855487,1.378695035169127,3.6865159703980668
101.42227305099993,4.0,1.75,3.85,0.13955556999997043,0.009725871000000552,0.12555982399999266,3.842902548855487,1.3529227620230209,3.6865159703980668
101.47261679799999,3.98,1.75,3.85,0.045907457999987855,0.060069618000056835,0.03228382800000418,3.8220805852310336,1.3529227620230209,3.6865159703980668
101.52294681900003,3.98,1.75,3.85,0.096237479000024,0.11039963900009298,0.08261384900004032,3.8220805852310336,1.3529227620230209,3.6865159703980668
101.57326952899996,4.0200000000000005,1.79,3.85,0.0026033829999505542,0.016512949000002664,0.13293655899997248,3.863715828059823,1.4042791745233565,3.6865159703980668
101.62359686000002,4.0200000000000005,1.79,3.85,0.05293071400001281,0.06684028000006492,0.03898765600001752,3.863715828059823,1.4042791745233565,3.6865159703980668
101.67384101899995,4.0200000000000005,1.79,3.85,0.10317487299994355,0.11708443899999565,0.08923181499994826,3.863715828059823,1.4042791745233565,3.6865159703980668
101.72416593499997,4.0200000000000005,1.76,3.85,0.009712773000046582,0.02345576400000482,0.13955673099997057,3.863715828059823,1.3658330791132567,3.6865159703980668
101.77448478999997,4.0200000000000005,1.76,3.85,0.06003162800004702,0.07377461900000526,0.045931160000009186,3.863715828059823,1.3658330791132567,3.6865159703980668
101.82484467400002,4.0200000000000005,1.76,3.85,0.110391512000092,0.12413450300005024,0.09629104400005417,3.863715828059823,1.3658330791132567,3.6865159703980668
101.87516463299994,4.0200000000000005,1.79,3.86,0.016516819000003125,0.030471114999954807,0.002792698999996901,3.863715828059823,1.4042791745233565,3.6969582091227373
101.92532769799993,4.0200000000000005,1.79,3.86,0.06667988399999558,0.08063417999994726,0.05295576399998936,3.863715828059823,1.4042791745233565,3.6969582091227373
101.97564859399995,4.0200000000000005,1.79,3.86,0.11700078000001213,0.1309550759999638,0.1032766600000059,3.863715828059823,1.4042791745233565,3.6969582091227373
102.02573425499997,3.98,1.83,3.85,0.023157613999956084,0.037092131999997946,0.009502010000005612,3.8220805852310336,1.454922678357857,3.6865159703980668
102.07601937899994,3.98,1.83,3.85,0.07344273799992607,0.08737725599996793,0.059787133999975595,3.8220805852310336,1.454922678357857,3.6865159703980668
102.12635270199996,3.98,1.83,3.85,0.12377606099994409,0.13771057899998596,0.11012045699999362,3.8220805852310336,1.454922678357857,3.6865159703980668
102.17647056600003,3.98,1.75,3.85,0.02993268700004137,0.04388757700007773,0.015634620000014365,3.8220805852310336,1.3529227620230209,3.6865159703980668
102.22680797700002,3.98,1.75,3.85,0.08027009800002816,0.09422498800006451,0.06597203100000115,3.8220805852310336,1.3529227620230209,3.6865159703980668
102.27699351199999,3.98,1.76,3.85,0.13045563299999685,0.00035771299997122696,0.11615756599996985,3.8220805852310336,1.3658330791132567,3.6865159703980668
102.32732336699996,3.9899999999999998,1.76,3.83,0.036782252999955745,0.050687567999943894,0.022869171000024835,3.8324926614411146,1.3658330791132567,3.6656240942027867
102.377657172,3.9899999999999998,1.76,3.83,0.08711605799999234,0.10102137299998049,0.07320297600006143,3.8324926614411146,1.3658330791132567,3.6656240942027867
102.42798818400001,3.9899999999999998,1.78,3.83,0.13744707000000744,0.0073810979999962,0.12353398800007653,3.8324926614411146,1.3915099712183165,3.6656240942027867
102.47828975200002,4.03,1.78,3.83,0.044035289000021294,0.057682666000005156,0.029564002000029177,3.8741192547468133,1.3915099712183165,3.6656240942027867
102.52862387999994,4.03,1.78,3.83,0.09436941699993895,0.10801679399992281,0.07989812999994683,3.8741192547468133,1.3915099712183165,3.6656240942027867
102.57879838399992,4.0,1.75,3.83,0.0003360629999633602,0.014256248999913623,0.13007263399993008,3.842902548855487,1.3529227620230209,3.6656240942027867
102.62908119899998,4.0,1.75,3.87,0.05061887800002296,0.06453906399997322,0.0364438550000159,3.842902548855487,1.3529227620230209,3.7073980093860976
102.67925003099992,4.0,1.75,3.87,0.10078770999996323,0.11470789599991349,0.08661268699995617,3.842902548855487,1.3529227620230209,3.7073980093860976
102.729603097,3.9899999999999998,1.83,3.87,0.006789905999994517,0.021097509000014725,0.13696575300002678,3.8324926614411146,1.454922678357857,3.7073980093860976
102.77990138899997,3.9899999999999998,1.83,3.85,0.057088197999974,0.07139580099999421,0.04347031099996457,3.8324926614411146,1.454922678357857,3.6865159703980668
102.83021886300003,3.9899999999999998,1.83,3.85,0.10740567200002715,0.12171327500004736,0.09378778500001772,3.8324926614411146,1.454922678357857,3.6865159703980668
102.88040509099994,3.9899999999999998,1.83,3.85,0.15759189999994305,0.17189950299996326,0.14397401299993362,3.8324926614411146,1.454922678357857,3.6865159703980668
102.93072132199995,3.9899999999999998,1.83,3.85,0.20790813099995376,0.22221573399997396,0.19429024399994432,3.8324926614411146,1.454922678357857,3.6865159703980668
102.98103913699993,3.9899999999999998,1.83,3.85,0.258225945999925,0.2725335489999452,0.24460805899991556,3.8324926614411146,1.454922678357857,3.6865159703980668
103.03123756699995,4.0,1.83,3.83,0.020532680999963304,0.03476364300001933,0.006776983999998265,3.842902548855487,1.454922678357857,3.6656240942027867
103.08160783300002,4.0,1.83,3.83,0.07090294700003597,0.08513390900009199,0.057147250000070926,3.842902548855487,1.454922678357857,3.6656240942027867
103.13171897799998,4.0,1.83,3.83,0.1210140919999958,0.13524505400005182,0.10725839500003076,3.842902548855487,1.454922678357857,3.6656240942027867
103.18191148099993,4.0,1.83,3.83,0.17120659499994417,0.1854375570000002,0.15745089799997913,3.842902548855487,1.454922678357857,3.6656240942027867
103.232237887,4.0,1.83,3.83,0.2215330010000116,0.23576396300006763,0.20777730400004657,3.842902548855487,1.454922678357857,3.6656240942027867
103.28261744299994,4.0,1.83,3.83,0.27191255699995054,0.28614351900000656,0.2581568599999855,3.842902548855487,1.454922678357857,3.6656240942027867
103.33296012799997,4.0200000000000005,1.77,3.83,0.034550237999951605,0.04824565299998085,0.020636373000002095,3.863715828059823,1.378695035169127,3.6656240942027867
103.383101614,4.0200000000000005,1.77,3.83,0.08469172399998115,0.09838713900001039,0.07077785900003164,3.863715828059823,1.378695035169127,3.6656240942027867
103.43342827499998,4.0200000000000005,1.84,3.83,0.13501838499996666,0.004714045000014266,0.12110452000001715,3.863715828059823,1.4674808346278325,3.6656240942027867
103.48355318799997,3.98,1.84,3.88,0.0411870089999411,0.05483895800000482,0.026991737999992438,3.8220805852310336,1.4674808346278325,3.717835391729978
103.53387915400003,3.98,1.84,3.88,0.09151297500000055,0.10516492400006427,0.07731770400005189,3.8220805852310336,1.4674808346278325,3.717835391729978
103.58418021,3.98,1.8,3.88,0.14181403099996714,0.011749256000030073,0.12761876000001848,3.8220805852310336,1.4170038814343453,3.717835391729978
103.63451232399996,3.98,1.8,3.85,0.04811076199996478,0.062081369999987146,0.03396380999993198,3.8220805852310336,1.4170038814343453,3.6865159703980668
103.68483412900002,3.98,1.8,3.85,0.09843256700003167,0.11240317500005403,0.08428561499999887,3.8220805852310336,1.4170038814343453,3.6865159703980668
103.73516705700001,3.9899999999999998,1.8,3.85,0.004784344000086094,0.01848618200006058,0.13461854299998777,3.8324926614411146,1.4170038814343453,3.6865159703980668
103.78549266599998,3.9899999999999998,1.8,3.85,0.05510995300005561,0.0688117910000301,0.04095540200000869,3.8324926614411146,1.4170038814343453,3.6865159703980668
103.83581101100003,3.9899999999999998,1.8,3.85,0.10542829800010622,0.11913013600008071,0.0912737470000593,3.8324926614411146,1.4170038814343453,3.6865159703980668
103.88603482500002,4.0200000000000005,1.73,3.85,0.011503289000074801,0.025581625000086206,0.14149756100005106,3.863715828059823,1.3269513932318697,3.6865159703980668
103.93637386599994,4.0200000000000005,1.73,3.85,0.0618423299999904,0.0759206660000018,0.0479741679999961,3.863715828059823,1.3269513932318697,3.6865159703980668
103.98671428699993,4.0200000000000005,1.73,3.85,0.11218275099997754,0.12626108699998895,0.09831458899998324,3.863715828059823,1.3269513932318697,3.6865159703980668
104.03704665099997,3.98,1.8,3.85,0.01877764699997897,0.032474074999981895,0.0046183599999949365,3.8220805852310336,1.4170038814343453,3.6865159703980668
104.08736534100001,3.98,1.8,3.85,0.06909633700001905,0.08279276500002197,0.054937050000035015,3.8220805852310336,1.4170038814343453,3.6865159703980668
104.13749995499995,3.98,1.8,3.85,0.11923095099996317,0.1329273789999661,0.10507166399997914,3.8220805852310336,1.4170038814343453,3.6865159703980668
104.18783808299997,4.01,1.74,3.87,0.025321136999991722,0.0392959380000093,0.01162848399997074,3.8533102652135343,1.3399626860476377,3.7073980093860976
104.23800272200003,4.01,1.74,3.87,0.07548577600005046,0.08946057700006804,0.06179312300002948,3.8533102652135343,1.3399626860476377,3.7073980093860976
104.28833989600002,4.01,1.74,3.87,0.1258229500000425,0.1397977510000601,0.11213029700002153,3.8533102652135343,1.3399626860476377,3.7073980093860976
104.33867197500001,4.01,1.78,3.89,0.03216505600005348,0.0461344980000149,0.018314391999979307,3.8533102652135343,1.3915099712183165,3.7282703764614498
104.38901679000003,4.01,1.78,3.89,0.08250987100007023,0.09647931300003165,0.06865920699999606,3.8533102652135343,1.3915099712183165,3.7282703764614498
104.43934432799995,4.01,1.82,3.89,0.13283740899998975,0.002832800999954088,0.11898674499991557,3.8533102652135343,1.4423245127224318,3.7282703764614498
104.48963697499994,3.96,1.82,3.85,0.039212287999930595,0.05312544799994612,0.025285071999974207,3.801249794475496,1.4423245127224318,3.6865159703980668
104.53996442799996,3.96,1.82,3.85,0.08953974099995321,0.10345290099996873,0.07561252499999682,3.801249794475496,1.4423245127224318,3.6865159703980668
104.59013486100002,3.96,1.77,3.85,0.13971017400001529,0.009641455000064525,0.1257829580000589,3.801249794475496,1.378695035169127,3.6865159703980668
104.64050634599994,4.03,1.77,3.85,0.046375013999977455,0.0600129399999787,0.03256279799995809,3.8741192547468133,1.378695035169127,3.6865159703980668
104.690618158,4.03,1.77,3.85,0.09648682600004577,0.11012475200004701,0.0826746100000264,3.8741192547468133,1.378695035169127,3.6865159703980668
104.740937498,3.98,1.75,3.85,0.0025777739999739424,0.016595708000068043,0.13299395000001368,3.8220805852310336,1.3529227620230209,3.6865159703980668
104.79128143799994,3.98,1.75,3.8400000000000003,0.05292171399992185,0.06693964800001595,0.03900157699990814,3.8220805852310336,1.3529227620230209,3.6760712724320244
104.84145020999995,3.98,1.75,3.8400000000000003,0.1030904859999282,0.1171084200000223,0.0891703489999145,3.8220805852310336,1.3529227620230209,3.6760712724320244
104.89182515100003,4.03,1.78,3.8400000000000003,0.00951177500007816,0.023422053000103915,0.13954529000000093,3.8741192547468133,1.3915099712183165,3.6760712724320244
104.94198263800001,4.03,1.78,3.85,0.05966926200005673,0.07357954000008249,0.04535232800003541,3.8741192547468133,1.3915099712183165,3.6865159703980668
104.99233075699999,4.03,1.78,3.85,0.11001738100003422,0.12392765900005998,0.0957004470000129,3.8741192547468133,1.3915099712183165,3.6865159703980668
105.04265733099999,3.9899999999999998,1.82,3.85,0.016609578000043257,0.030282815999953527,0.002091851000045608,3.8324926614411146,1.4423245127224318,3.6865159703980668
105.09281620599995,3.9899999999999998,1.82,3.85,0.06676845300000878,0.08044169099991905,0.05225072600001113,3.8324926614411146,1.4423245127224318,3.6865159703980668
105.14308375799999,3.9899999999999998,1.82,3.85,0.1170360050000454,0.13070924299995568,0.10251827800004776,3.8324926614411146,1.4423245127224318,3.6865159703980668
105.19321356599994,4.0200000000000005,1.8,3.89,0.022955998999918847,0.03684703599992645,0.008684523999932026,3.863715828059823,1.4170038814343453,3.7282703764614498
105.24354198200001,4.0200000000000005,1.8,3.89,0.07328441499998917,0.08717545199999677,0.059012940000002345,3.863715828059823,1.4170038814343453,3.7282703764614498
105.29389501100002,4.0200000000000005,1.8,3.89,0.12363744399999632,0.13752848100000392,0.1093659690000095,3.863715828059823,1.4170038814343453,3.7282703764614498
105.34424632399998,3.98,1.75,3.8400000000000003,0.02993795500003671,0.044057683000005454,0.015749451000033332,3.8220805852310336,1.3529227620230209,3.6760712724320244
105.39457706299993,3.98,1.75,3.8400000000000003,0.08026869399998304,0.09438842199995179,0.06608018999997967,3.8220805852310336,1.3529227620230209,3.6760712724320244
105.44468805500003,3.98,1.77,3.8400000000000003,0.13037968600008298,0.00039160100004664855,0.11619118200007961,3.8220805852310336,1.378695035169127,3.6760712724320244
105.49503742399997,4.0,1.77,3.85,0.036560137000037685,0.05074096999999256,0.022594175999984145,3.842902548855487,1.378695035169127,3.6865159703980668
105.54537774999994,4.0,1.77,3.85,0.08690046300000631,0.10108129599996118,0.07293450199995277,3.842902548855487,1.378695035169127,3.6865159703980668
105.59550671399995,4.0,1.79,3.85,0.13702942700001586,0.007252840999967702,0.12306346599996232,3.842902548855487,1.4042791745233565,3.6865159703980668
105.64583206399993,4.04,1.79,3.85,0.04356251299998348,0.057578190999947765,0.029405646999975943,3.884520562437532,1.4042791745233565,3.6865159703980668
105.69604902399999,4.04,1.79,3.85,0.09377947300004053,0.10779515100000481,0.07962260700003299,3.884520562437532,1.4042791745233565,3.6865159703980668
105.74620134399993,4.04,1.84,3.85,0.14393179299997882,0.01402080599996225,0.12977492699997129,3.884520562437532,1.4674808346278325,3.6865159703980668
105.79655407999996,4.0,1.84,3.83,0.04987974200003009,0.06437354199999845,0.03613610200000039,3.842902548855487,1.4674808346278325,3.6656240942027867
105.84688019099997,4.0,1.84,3.83,0.10020585300003404,0.1146996530000024,0.08646221300000434,3.842902548855487,1.4674808346278325,3.6656240942027867
105.89718207499993,4.03,1.8,3.83,0.0067174920000070415,0.020968422999999348,0.1367640969999684,3.8741192547468133,1.4170038814343453,3.6656240942027867
105.94751369799997,4.03,1.8,3.87,0.05704911500004073,0.07130004600003303,0.04329692900000737,3.8741192547468133,1.4170038814343453,3.7073980093860976
105.99761458800003,4.03,1.8,3.87,0.10715000500010774,0.12140093600010005,0.09339781900007438,3.8741192547468133,1.4170038814343453,3.7073980093860976
106.04802365399996,4.01,1.82,3.87,0.013548611000032906,0.028304647000027217,0.1438068850000036,3.8533102652135343,1.4423245127224318,3.7073980093860976
106.09831825100002,4.01,1.82,3.83,0.06384320800009391,0.07859924400008822,0.04978208700003961,3.8533102652135343,1.4423245127224318,3.6656240942027867
106.14865880000002,4.01,1.82,3.83,0.11418375700009165,0.12893979300008596,0.10012263600003735,3.8533102652135343,1.4423245127224318,3.6656240942027867
106.198995911,4.01,1.82,3.83,0.16452086800006782,0.17927690400006213,0.15045974700001352,3.8533102652135343,1.4423245127224318,3.6656240942027867
106.24932782799999,4.01,1.82,3.83,0.21485278500006189,0.2296088210000562,0.20079166400000759,3.8533102652135343,1.4423245127224318,3.6656240942027867
106.29965895600003,4.01,1.82,3.83,0.2651839130001008,0.2799399490000951,0.2511227920000465,3.8533102652135343,1.4423245127224318,3.6656240942027867
106.34998362099998,4.0200000000000005,1.78,3.8400000000000003,0.02758792400004495,0.041823580000027505,0.013695347999941987,3.863715828059823,1.3915099712183165,3.6760712724320244
106.40031087099999,4.0200000000000005,1.78,3.8400000000000003,0.07791517400005432,0.09215083000003688,0.06402259799995136,3.863715828059823,1.3915099712183165,3.6760712724320244
106.45065498600002,4.0200000000000005,1.78,3.8400000000000003,0.1282592890000842,0.14249494500006676,0.11436671299998125,3.863715828059823,1.3915099712183165,3.6760712724320244
106.50098336899998,4.0,1.74,3.85,0.03480203599997367,0.048621736999962195,0.020706099999983962,3.842902548855487,1.3399626860476377,3.6865159703980668
106.55112155199993,4.0,1.74,3.85,0.08494021899991822,0.09875991999990674,0.07084428299992851,3.842902548855487,1.3399626860476377,3.6865159703980668
106.60145557999999,4.0,1.83,3.85,0.13527424699998392,0.005048160999990614,0.12117831099999421,3.842902548855487,1.454922678357857,3.6865159703980668
106.65158095200002,3.97,1.83,3.86,0.04153530100006719,0.055173533000015595,0.02733388299998296,3.8116663022882786,1.454922678357857,3.6969582091227373
106.70175176700002,3.97,1.83,3.86,0.0917061160000685,0.10534434800001691,0.07750469799998427,3.8116663022882786,1.454922678357857,3.6969582091227373
106.75204376700003,3.97,1.77,3.86,0.1419981160000816,0.011665375999996286,0.12779669799999738,3.8116663022882786,1.378695035169127,3.6969582091227373
106.80236994500001,4.0200000000000005,1.77,3.87,0.04804652500001794,0.0619915539999738,0.0341177149999794,3.863715828059823,1.378695035169127,3.7073980093860976
106.852698852,4.0200000000000005,1.77,3.87,0.09837543200001164,0.11232046099996751,0.0844466219999731,3.863715828059823,1.378695035169127,3.7073980093860976
106.90283051899996,3.9899999999999998,1.79,3.87,0.0045646129999568075,0.01846247100002074,0.13457828899993274,3.8324926614411146,1.4042791745233565,3.7073980093860976
106.95297083499997,3.9899999999999998,1.79,3.83,0.054704928999967706,0.06860278700003164,0.04091351299996404,3.8324926614411146,1.4042791745233565,3.6656240942027867
107.00328953799999,3.9899999999999998,1.79,3.83,0.10502363199998399,0.11892149000004792,0.09123221599998033,3.8324926614411146,1.4042791745233565,3.6656240942027867
107.053427704,4.01,1.77,3.83,0.011461426999971991,0.025637566999989758,0.14137038199999097,3.8533102652135343,1.378695035169127,3.6656240942027867
107.10380733,4.01,1.77,3.86,0.06184105299996645,0.07601719299998422,0.04762962699999207,3.8533102652135343,1.378695035169127,3.6969582091227373
107.15410711899995,4.01,1.77,3.86,0.11214084199991703,0.1263169819999348,0.09792941599994265,3.8533102652135343,1.378695035169127,3.6969582091227373
107.20440810899993,3.9899999999999998,1.75,3.85,0.0184058869999717,0.032053747999952975,0.004249623999953656,3.8324926614411146,1.3529227620230209,3.6865159703980668
107.25473649599996,3.9899999999999998,1.75,3.85,0.06873427400000764,0.08238213499998892,0.0545780109999896,3.8324926614411146,1.3529227620230209,3.6865159703980668
107.30501943900003,3.9899999999999998,1.75,3.85,0.11901721700007784,0.1326650780000591,0.10486095400005979,3.8324926614411146,1.3529227620230209,3.6865159703980668
107.35535073099993,4.0,1.83,3.86,0.02515341299999818,0.039084831999957714,0.01118474099996547,3.842902548855487,1.454922678357857,3.6969582091227373
107.40568835900001,4.0,1.83,3.86,0.07549104100007753,0.08942246000003706,0.06152236900004482,3.842902548855487,1.454922678357857,3.6969582091227373
107.45601625799998,4.0,1.83,3.86,0.12581894000004468,0.1397503590000042,0.11185026800001197,3.842902548855487,1.454922678357857,3.6969582091227373
107.50634505699998,4.0,1.79,3.86,0.032399391000012656,0.04612103700003445,0.018254462999948373,3.842902548855487,1.4042791745233565,3.6969582091227373
107.55668697199997,4.0,1.79,3.86,0.08274130600000262,0.09646295200002442,0.06859637799993834,3.842902548855487,1.4042791745233565,3.6969582091227373
107.60683587799997,4.0,1.75,3.86,0.1328902120000066,0.002647084000045652,0.11874528399994233,3.842902548855487,1.3529227620230209,3.6969582091227373
107.65698687600002,3.9899999999999998,1.75,3.8400000000000003,0.03879780500005836,0.05279808200009484,0.024918101000025672,3.8324926614411146,1.3529227620230209,3.6760712724320244
107.70730927700004,3.9899999999999998,1.75,3.8400000000000003,0.08912020600007509,0.10312048300011156,0.0752405020000424,3.8324926614411146,1.3529227620230209,3.6760712724320244
107.75764396499994,3.9899999999999998,1.78,3.8400000000000003,0.13945489399998223,0.009469872999943618,0.12557518999994954,3.8324926614411146,1.3915099712183165,3.6760712724320244
107.80797438599996,3.98,1.78,3.85,0.04588938300003065,0.05980029399995601,0.031956457999967824,3.8220805852310336,1.3915099712183165,3.6865159703980668
107.85827211599997,3.98,1.78,3.85,0.09618711300004179,0.11009802399996715,0.08225418799997897,3.8220805852310336,1.3915099712183165,3.6865159703980668
107.90839986499998,3.98,1.78,3.85,0.0023281400000314534,0.016271889999984523,0.132381936999991,3.8220805852310336,1.3915099712183165,3.6865159703980668
107.95869161500002,3.98,1.78,3.83,0.05261989000007361,0.06656364000002668,0.038645554000027005,3.8220805852310336,1.3915099712183165,3.6656240942027867
108.00901005000003,3.98,1.78,3.83,0.10293832500008193,0.116882075000035,0.08896398900003533,3.8220805852310336,1.3915099712183165,3.6656240942027867
108.05933201300002,3.97,1.75,3.83,0.009257687000058468,0.02318775900005221,0.13928595200002292,3.8116663022882786,1.3529227620230209,3.6656240942027867
108.10966221799993,3.97,1.75,3.87,0.059587891999967724,0.07351796399996147,0.04535974399993847,3.8116663022882786,1.3529227620230209,3.7073980093860976
108.15998857,3.97,1.75,3.87,0.1099142440000378,0.12384431600003154,0.09568609600000855,3.8116663022882786,1.3529227620230209,3.7073980093860976
108.21012855799995,3.98,1.8,3.86,0.016311480000013034,0.029984559000013178,0.0018223869999474118,3.8220805852310336,1.4170038814343453,3.6969582091227373
108.26041968699997,3.98,1.8,3.86,0.06660260900002868,0.08027568800002882,0.052113515999963056,3.8220805852310336,1.4170038814343453,3.6969582091227373
108.31056049400001,3.98,1.8,3.86,0.11674341600007665,0.1304164950000768,0.10225432300001103,3.8220805852310336,1.4170038814343453,3.6969582091227373
108.360852077,3.9899999999999998,1.78,3.83,0.02283613500003412,0.03678019200003746,0.008572677000074691,3.8324926614411146,1.3915099712183165,3.6656240942027867
108.41116847,3.9899999999999998,1.78,3.83,0.07315252800003691,0.08709658500004025,0.05888907000007748,3.8324926614411146,1.3915099712183165,3.6656240942027867
108.46151890700003,3.9899999999999998,1.78,3.83,0.12350296500005697,0.13744702200006031,0.10923950700009755,3.8324926614411146,1.3915099712183165,3.6656240942027867
108.51185382099993,3.98,1.77,3.8400000000000003,0.029725310000003446,0.04395786699990367,0.015597117999959664,3.8220805852310336,1.378695035169127,3.6760712724320244
108.56204388000003,3.98,1.77,3.8400000000000003,0.07991536900010487,0.0941479260000051,0.06578717700006109,3.8220805852310336,1.378695035169127,3.6760712724320244
108.61213453300002,3.98,1.78,3.8400000000000003,0.1300060220000887,0.0001155950000111261,0.11587783000004492,3.8220805852310336,1.3915099712183165,3.6760712724320244
108.66245581299995,3.98,1.78,3.86,0.03646892699998716,0.05043687499994576,0.022275479999962045,3.8220805852310336,1.3915099712183165,3.6969582091227373
108.71259858500002,3.98,1.78,3.86,0.08661169900005916,0.10057964700001776,0.07241825200003404,3.8220805852310336,1.3915099712183165,3.6969582091227373
108.762925741,3.98,1.83,3.86,0.13693885500003944,0.0069437350000498554,0.12274540800001432,3.8220805852310336,1.454922678357857,3.6969582091227373
108.81328336299998,3.97,1.83,3.86,0.04323947499995029,0.057301357000028474,0.029133052000020143,3.8116663022882786,1.454922678357857,3.6969582091227373
108.86363188999997,3.97,1.83,3.86,0.09358800199993311,0.1076498840000113,0.07948157900000297,3.8116663022882786,1.454922678357857,3.6969582091227373
108.91387304399996,3.97,1.75,3.86,0.1438291559999243,0.013598672999933115,0.12972273299999415,3.8116663022882786,1.3529227620230209,3.6969582091227373
108.96416736799995,4.0,1.75,3.8400000000000003,0.04985685999997713,0.06389299699992534,0.036042986999973436,3.842902548855487,1.3529227620230209,3.6760712724320244
109.01447379399997,4.0,1.75,3.8400000000000003,0.10016328599999724,0.11419942299994545,0.08634941299999355,3.842902548855487,1.3529227620230209,3.6760712724320244
109.064840388,4.01,1.83,3.8400000000000003,0.006678434000036759,0.02060352600005899,0.13671600700001818,3.8533102652135343,1.454922678357857,3.6760712724320244
109.11516743699997,4.01,1.83,3.86,0.057005483000011736,0.07093057500003397,0.043303766999997606,3.8533102652135343,1.454922678357857,3.6969582091227373
109.16550390399993,4.01,1.83,3.86,0.10734194999997726,0.12126704199999949,0.09364023399996313,3.8533102652135343,1.454922678357857,3.6969582091227373
109.21583988399993,4.01,1.83,3.86,0.1576779299999771,0.17160302199999933,0.14397621399996297,3.8533102652135343,1.454922678357857,3.6969582091227373
109.26617774199997,4.01,1.83,3.86,0.20801578800001153,0.22194088000003376,0.1943140719999974,3.8533102652135343,1.454922678357857,3.6969582091227373
109.316462645,4.01,1.83,3.86,0.25830069100004494,0.27222578300006717,0.2445989750000308,3.8533102652135343,1.454922678357857,3.6969582091227373
109.36675860100002,4.01,1.75,3.83,0.020600560000048063,0.034531682000078945,0.006796713000085219,3.8533102652135343,1.3529227620230209,3.6656240942027867
109.41710621100003,4.01,1.75,3.83,0.07094817000006515,0.08487929200009603,0.057144323000102304,3.8533102652135343,1.3529227620230209,3.6656240942027867
109.46743992500001,4.01,1.75,3.83,0.12128188400004092,0.1352130060000718,0.10747803700007807,3.8533102652135343,1.3529227620230209,3.6656240942027867
109.51781098599997,3.98,1.82,3.83,0.027722943999947347,0.041891812000017126,0.013767980000011448,3.8220805852310336,1.4423245127224318,3.6656240942027867
109.56816814900003,3.98,1.82,3.83,0.07808010700000523,0.092248975000075,0.06412514300006933,3.8220805852310336,1.4423245127224318,3.6656240942027867
109.61851123899999,3.98,1.82,3.83,0.12842319699996096,0.14259206500003074,0.11446823300002507,3.8220805852310336,1.4423245127224318,3.6656240942027867
109.66883941100002,4.01,1.75,3.85,0.034757352000042374,0.04879964400004155,0.0208281339999985,3.8533102652135343,1.3529227620230209,3.6865159703980668
109.71917251899993,4.01,1.75,3.85,0.08509045999994669,0.09913275199994587,0.07116124199990281,3.8533102652135343,1.3529227620230209,3.6865159703980668
109.76928316099998,4.01,1.83,3.85,0.13520110199999635,0.005103074999965429,0.12127188399995248,3.8533102652135343,1.454922678357857,3.6865159703980668
109.81962329099997,3.98,1.83,3.85,0.04193268300002728,0.05544320499996047,0.027621412000030432,3.8220805852310336,1.454922678357857,3.6865159703980668
109.86996271800001,3.98,1.83,3.85,0.09227211000006719,0.10578263200000038,0.07796083900007034,3.8220805852310336,1.454922678357857,3.6865159703980668
109.92029903799994,3.98,1.76,3.85,0.14260842999999568,0.012192274999961228,0.12829715899999883,3.8220805852310336,1.3658330791132567,3.6865159703980668
109.97058207600003,3.98,1.76,3.85,0.048687993000044116,0.06247531300004994,0.03463146400008554,3.8220805852310336,1.3658330791132567,3.6865159703980668
110.02072424400001,3.98,1.76,3.85,0.09883016100002351,0.11261748100002933,0.08477363200006494,3.8220805852310336,1.3658330791132567,3.6865159703980668
110.07104574300001,3.9899999999999998,1.8,3.85,0.005057091000026048,0.0189840620000723,0.13509513100007098,3.8324926614411146,1.4170038814343453,3.6865159703980668
110.12118212099995,3.9899999999999998,1.8,3.85,0.055193468999959805,0.06912044000000606,0.041477704999920206,3.8324926614411146,1.4170038814343453,3.6865159703980668
110.17149900999993,3.9899999999999998,1.8,3.85,0.10551035799994679,0.11943732899999304,0.09179459399990719,3.8324926614411146,1.4170038814343453,3.6865159703980668
110.22184121800001,3.97,1.82,3.85,0.012085347000038382,0.02579181700002664,0.1421368019999818,3.8116663022882786,1.4423245127224318,3.6865159703980668
110.27205040799993,3.97,1.82,3.86,0.06229453699995702,0.07600100699994528,0.048145149999982095,3.8116663022882786,1.4423245127224318,3.6969582091227373
110.322399593,3.97,1.82,3.86,0.11264372200002981,0.12635019200001807,0.09849433500005489,3.8116663022882786,1.4423245127224318,3.6969582091227373
110.37251017999995,3.98,1.76,3.85,0.018564434999916557,0.03253277999999682,0.004636402999949496,3.8220805852310336,1.3658330791132567,3.6865159703980668
110.42284372300003,3.98,1.76,3.85,0.06889797799999542,0.08286632300007568,0.05496994600002836,3.8220805852310336,1.3658330791132567,3.6865159703980668
110.47316699999999,3.98,1.76,3.85,0.11922125499995673,0.133189600000037,0.10529322299998967,3.8220805852310336,1.3658330791132567,3.6865159703980668
110.52348632899998,3.98,1.8,3.85,0.025548407999963274,0.0394865219999474,0.011613775000000714,3.8220805852310336,1.4170038814343453,3.6865159703980668
110.57384722400002,3.98,1.8,3.85,0.07590930300000309,0.08984741699998722,0.06197467000004053,3.8220805852310336,1.4170038814343453,3.6865159703980668
110.624194837,3.98,1.8,3.85,0.12625691599998845,0.14019502999997258,0.11232228300002589,3.8220805852310336,1.4170038814343453,3.6865159703980668
110.67432591700003,4.01,1.8,3.8400000000000003,0.03252905900001224,0.04637418400000115,0.018179034000013417,3.8533102652135343,1.4170038814343453,3.6760712724320244
110.72462397799995,4.01,1.8,3.8400000000000003,0.08282711999993353,0.09667224499992244,0.0684770949999347,3.8533102652135343,1.4170038814343453,3.6760712724320244
110.77476230299999,4.01,1.75,3.8400000000000003,0.13296544499996799,0.0028313980000120864,0.11861541999996916,3.8533102652135343,1.3529227620230209,3.6760712724320244
110.825102238,4.01,1.75,3.85,0.03921131000004152,0.05317133300002297,0.02496039400000427,3.8533102652135343,1.3529227620230209,3.6865159703980668
110.87541533299998,4.01,1.75,3.85,0.08952440500002012,0.10348442800000157,0.07527348899998287,3.8533102652135343,1.3529227620230209,3.6865159703980668
110.92575392200001,4.01,1.78,3.85,0.13986299400005464,0.009829000000081578,0.1256120780000174,3.8533102652135343,1.3915099712183165,3.6865159703980668
110.97587197099995,3.98,1.78,3.85,0.04604377099997237,0.059947049000015795,0.03180562699992606,3.8220805852310336,1.3915099712183165,3.6865159703980668
111.02608000199996,3.98,1.78,3.85,0.0962518019999834,0.11015508000002683,0.0820136579999371,3.8220805852310336,1.3915099712183165,3.6865159703980668
111.076220487,3.98,1.75,3.85,0.0024178400000209876,0.016319736000014018,0.13215414299997974,3.8220805852310336,1.3529227620230209,3.6865159703980668
111.12651416999995,3.98,1.75,3.87,0.05271152299997084,0.06661341899996387,0.038458798999954524,3.8220805852310336,1.3529227620230209,3.7073980093860976
111.176849275,3.98,1.75,3.87,0.10304662800001552,0.11694852400000855,0.0887939039999992,3.8220805852310336,1.3529227620230209,3.7073980093860976
111.227146673,3.98,1.8,3.87,0.009642441999972107,0.023139309000043795,0.13909130199999709,3.8220805852310336,1.4170038814343453,3.7073980093860976
111.27726713899995,3.98,1.8,3.85,0.05976290799992512,0.07325977499999681,0.04525550999994721,3.8220805852310336,1.4170038814343453,3.6865159703980668
111.32759527500002,3.98,1.8,3.85,0.11009104400000069,0.12358791100007238,0.09558364600002278,3.8220805852310336,1.4170038814343453,3.6865159703980668
111.37773740800003,3.9899999999999998,1.77,3.85,0.01562491700008195,0.029919182000071487,0.002051042000061898,3.8324926614411146,1.378695035169127,3.6865159703980668
111.42804989799993,3.9899999999999998,1.77,3.85,0.06593740699997852,0.08023167199996806,0.05236353199995847,3.8324926614411146,1.378695035169127,3.6865159703980668
111.47818998000002,3.9899999999999998,1.77,3.85,0.11607748900007664,0.13037175400006618,0.10250361400005659,3.8324926614411146,1.378695035169127,3.6865159703980668
111.528332406,3.98,1.83,3.85,0.022279871000023377,0.036516658999971696,0.008524989000079586,3.8220805852310336,1.454922678357857,3.6865159703980668
111.57847568,3.98,1.83,3.85,0.07242314500001612,0.08665993299996444,0.05866826300007233,3.8220805852310336,1.454922678357857,3.6865159703980668
111.62884290199997,3.98,1.83,3.85,0.12279036699999324,0.13702715499994156,0.10903548500004945,3.8220805852310336,1.454922678357857,3.6865159703980668
111.67906031199993,4.0200000000000005,1.82,3.85,0.029153496999924755,0.043619985999953315,0.015109549999920091,3.863715828059823,1.4423245127224318,3.6865159703980668
111.72938545299996,4.0200000000000005,1.82,3.85,0.07947863799995503,0.09394512699998359,0.06543469099995036,3.863715828059823,1.4423245127224318,3.6865159703980668
111.779525078,4.0200000000000005,1.82,3.85,0.12961826299999757,0.14408475200002613,0.1155743159999929,3.863715828059823,1.4423245127224318,3.6865159703980668
111.829629716,3.98,1.8,3.85,0.03565057200000865,0.04934595600002467,0.021710345999963465,3.8220805852310336,1.4170038814343453,3.6865159703980668
111.87994880099995,3.98,1.8,3.85,0.08596965699996417,0.09966504099998019,0.07202943099991899,3.8220805852310336,1.4170038814343453,3.6865159703980668
111.93029278400002,3.98,1.75,3.85,0.13631364000002577,0.006258806999994704,0.12237341399998058,3.8220805852310336,1.3529227620230209,3.6865159703980668
111.98062460300002,3.97,1.75,3.85,0.04298902600010024,0.056590626000001976,0.02905558000009023,3.8116663022882786,1.3529227620230209,3.6865159703980668
112.03073842100002,3.97,1.75,3.85,0.09310284400010005,0.10670444400000179,0.07916939800009004,3.8116663022882786,1.3529227620230209,3.6865159703980668
112.08106068099994,3.97,1.77,3.85,0.1434251040000163,0.013050733000000037,0.12949165800000628,3.8116663022882786,1.378695035169127,3.6865159703980668
112.13131148699995,4.0,1.77,3.85,0.049251517000016065,0.06330153900000823,0.03545059900000069,3.842902548855487,1.378695035169127,3.6865159703980668
112.18142718499996,4.0,1.77,3.85,0.09936721500002932,0.11341723700002149,0.08556629700001395,3.842902548855487,1.378695035169127,3.6865159703980668
112.23180381600002,4.0,1.77,3.85,0.14974384600009216,0.16379386800008433,0.1359429280000768,3.842902548855487,1.378695035169127,3.6865159703980668
112.28206118100002,4.0,1.77,3.85,0.20000121100008528,0.21405123300007745,0.1862002930000699,3.842902548855487,1.378695035169127,3.6865159703980668
112.33239278099995,4.0,1.77,3.85,0.25033281100002114,0.2643828330000133,0.23653189300000577,3.842902548855487,1.378695035169127,3.6865159703980668
112.38272003500003,3.98,1.79,3.85,0.012832590000016353,0.02697042500005864,0.2868591470000865,3.8220805852310336,1.4042791745233565,3.6865159703980668
112.43303794299993,3.98,1.79,3.85,0.06315049799991357,0.07728833299995586,0.049399463999975524,3.8220805852310336,1.4042791745233565,3.6865159703980668
112.48334798400003,3.98,1.79,3.85,0.11346053900001607,0.12759837400005836,0.09970950500007802,3.8220805852310336,1.4042791745233565,3.6865159703980668
112.53365807299997,3.98,1.75,3.89,0.019777574000045206,0.03389390500001355,0.005924410000034186,3.8220805852310336,1.3529227620230209,3.7282703764614498
112.58392228799994,3.98,1.75,3.89,0.07004178900001534,0.08415811999998368,0.05618862500000432,3.8220805852310336,1.3529227620230209,3.7282703764614498
112.63426357699996,3.98,1.75,3.89,0.12038307800003167,0.13449940900000001,0.10652991400002065,3.8220805852310336,1.3529227620230209,3.7282703764614498
112.68460217400002,3.9899999999999998,1.83,3.85,0.027054454999984046,0.04095401800009313,0.01314316200000576,3.8324926614411146,1.454922678357857,3.6865159703980668
112.73492970199993,3.9899999999999998,1.83,3.85,0.07738198299989563,0.09128154600000471,0.06347068999991734,3.8324926614411146,1.454922678357857,3.6865159703980668
112.78525024499993,3.9899999999999998,1.83,3.85,0.12770252599989362,0.1416020890000027,0.11379123299991534,3.8324926614411146,1.454922678357857,3.6865159703980668
112.83558342999993,3.9899999999999998,1.75,3.86,0.03375362099995982,0.047919297999897026,0.02011055499997383,3.8324926614411146,1.3529227620230209,3.6969582091227373
112.88592096399998,3.9899999999999998,1.75,3.86,0.08409115500001008,0.09825683199994728,0.07044808900002408,3.8324926614411146,1.3529227620230209,3.6969582091227373
112.93627025599994,3.9899999999999998,1.79,3.86,0.13444044699997448,0.004407442000001538,0.12079738099998849,3.8324926614411146,1.4042791745233565,3.6969582091227373
112.98659591499995,3.98,1.79,3.85,0.041047432000027584,0.05473310100001072,0.026936710999962088,3.8220805852310336,1.4042791745233565,3.6865159703980668
113.03692077599999,3.98,1.79,3.85,0.09137229300006311,0.10505796200004625,0.07726157199999761,3.8220805852310336,1.4042791745233565,3.6865159703980668
113.087246101,3.98,1.82,3.85,0.14169761800008018,0.01141557300002205,0.1275868970000147,3.8220805852310336,1.4423245127224318,3.6865159703980668
113.13735885300002,3.9899999999999998,1.82,3.86,0.047654878999992434,0.06152832500004024,0.03374317300006169,3.8324926614411146,1.4423245127224318,3.6969582091227373
113.18768110500002,3.9899999999999998,1.82,3.86,0.09797713099999328,0.11185057700004108,0.08406542500006253,3.8324926614411146,1.4423245127224318,3.6969582091227373
113.23796251399995,3.9899999999999998,1.83,3.86,0.004547010000010232,0.01820569299991348,0.13434683399998448,3.8324926614411146,1.454922678357857,3.6969582091227373
113.28819618399996,3.9899999999999998,1.83,3.87,0.054780680000021675,0.06843936299992492,0.0408945719999565,3.8324926614411146,1.454922678357857,3.7073980093860976
113.33833737399993,3.9899999999999998,1.83,3.87,0.10492186999999831,0.11858055299990156,0.09103576199993313,3.8324926614411146,1.454922678357857,3.7073980093860976
113.38862017999998,3.9899999999999998,1.79,3.87,0.010968914000045515,0.024902707000023838,0.14131856799997422,3.8324926614411146,1.4042791745233565,3.7073980093860976
113.43896154699996,3.9899999999999998,1.79,3.88,0.061310281000032774,0.0752440740000111,0.04702058700001999,3.8324926614411146,1.4042791745233565,3.717835391729978
113.48908893199996,3.9899999999999998,1.79,3.88,0.11143766600002891,0.12537145900000723,0.09714797200001613,3.8324926614411146,1.4042791745233565,3.717835391729978
113.539406106,3.98,1.78,3.85,0.01779743999998118,0.031975352000017665,0.0034322149999752583,3.8220805852310336,1.3915099712183165,3.6865159703980668
113.58973802399998,3.98,1.78,3.85,0.06812935799996467,0.08230727000000115,0.05376413299995875,3.8220805852310336,1.3915099712183165,3.6865159703980668
113.64007839099997,3.98,1.78,3.85,0.11846972499995445,0.13264763699999094,0.10410449999994853,3.8220805852310336,1.3915099712183165,3.6865159703980668
113.69024701399997,4.0,1.82,3.85,0.02466476799997963,0.03887935299997025,0.010381902999938575,3.842902548855487,1.4423245127224318,3.6865159703980668
113.74038768000003,4.0,1.82,3.85,0.0748054340000408,0.08902001900003143,0.06052256899999975,3.842902548855487,1.4423245127224318,3.6865159703980668
113.79074699599994,4.0,1.82,3.85,0.12516474999995353,0.13937933499994415,0.11088188499991247,3.842902548855487,1.4423245127224318,3.6865159703980668
113.84107560799998,4.0200000000000005,1.83,3.86,0.03152944700002536,0.045425541999975394,0.01722194199999194,3.863715828059823,1.454922678357857,3.6969582091227373
113.89141319700002,4.0200000000000005,1.83,3.86,0.0818670360000624,0.09576313100001244,0.06755953100002898,3.863715828059823,1.454922678357857,3.6969582091227373
113.94154182599993,4.0200000000000005,1.82,3.86,0.13199566499997673,0.001911391999897205,0.11768815999994331,3.863715828059823,1.4423245127224318,3.6969582091227373
113.99188085399999,3.9899999999999998,1.82,3.8400000000000003,0.038342077000038444,0.05225041999995028,0.02421437700002116,3.8324926614411146,1.4423245127224318,3.6760712724320244
114.04223838600001,3.9899999999999998,1.82,3.8400000000000003,0.08869960900005935,0.10260795199997119,0.07457190900004207,3.8324926614411146,1.4423245127224318,3.6760712724320244
114.09257742599993,3.9899999999999998,1.84,3.8400000000000003,0.13903864899998553,0.008995750999929442,0.12491094899996824,3.8324926614411146,1.4674808346278325,3.6760712724320244
114.14287288799994,4.0200000000000005,1.84,3.87,0.04500211499998841,0.05929121299993767,0.03138804299999265,3.863715828059823,1.4674808346278325,3.7073980093860976
114.19320390099995,4.0200000000000005,1.84,3.87,0.09533312799999294,0.1096222259999422,0.08171905599999718,3.863715828059823,1.4674808346278325,3.7073980093860976
114.243341289,3.9899999999999998,1.79,3.87,0.0014787220000016532,0.015786449000074754,0.13185644400005003,3.8324926614411146,1.4042791745233565,3.7073980093860976
114.293675828,3.9899999999999998,1.79,3.8400000000000003,0.051813261000006605,0.0661209880000797,0.03794614000003094,3.8324926614411146,1.4042791745233565,3.6760712724320244
114.34383810700001,3.9899999999999998,1.79,3.8400000000000003,0.10197554000001219,0.11628326700008529,0.08810841900003652,3.8324926614411146,1.4042791745233565,3.6760712724320244
114.39414780699997,3.97,1.83,3.8400000000000003,0.008294579999983398,0.022616201000005276,0.13841811899999357,3.8116663022882786,1.454922678357857,3.6760712724320244
114.44447524099996,3.97,1.83,3.85,0.05862201399997957,0.07294363500000145,0.04476355299993884,3.8116663022882786,1.454922678357857,3.6865159703980668
114.49484437799993,3.97,1.83,3.85,0.10899115099994106,0.12331277199996293,0.09513268999990032,3.8116663022882786,1.454922678357857,3.6865159703980668
114.54502288100002,3.9899999999999998,1.76,3.86,0.015273894000074506,0.029539902999999867,0.0013475330000574104,3.8324926614411146,1.3658330791132567,3.6969582091227373
114.59519582799999,3.9899999999999998,1.76,3.86,0.06544684100003906,0.07971284999996442,0.05152048000002196,3.8324926614411146,1.3658330791132567,3.6969582091227373
114.64551909199997,3.9899999999999998,1.76,3.86,0.11577010500002416,0.13003611399994952,0.10184374400000706,3.8324926614411146,1.3658330791132567,3.6969582091227373
114.69584459499993,4.0200000000000005,1.8,3.86,0.022112475999961134,0.03601428699994358,0.008198233999905824,3.863715828059823,1.4170038814343453,3.6969582091227373
114.74618072700002,4.0200000000000005,1.8,3.86,0.07244860800005881,0.08635041900004126,0.0585343660000035,3.863715828059823,1.4170038814343453,3.6969582091227373
114.79647563599997,4.0200000000000005,1.8,3.86,0.12274351700000352,0.13664532799998597,0.10882927499994821,3.863715828059823,1.4170038814343453,3.6969582091227373
114.84682752799995,3.98,1.72,3.87,0.029138484999975844,0.04330271799994989,0.015219370999943749,3.8220805852310336,1.3138873619911258,3.7073980093860976
114.89716131199998,3.98,1.72,3.87,0.07947226900000715,0.09363650199998119,0.06555315499997505,3.8220805852310336,1.3138873619911258,3.7073980093860976
114.947473973,3.98,1.72,3.87,0.129784930000028,0.14394916300000205,0.1158658159999959,3.8220805852310336,1.3138873619911258,3.7073980093860976
114.997831507,3.9899999999999998,1.78,3.85,0.03618297800005621,0.04982876999997643,0.02224603299998762,3.8324926614411146,1.3915099712183165,3.6865159703980668
115.048180398,3.9899999999999998,1.78,3.85,0.08653186900005494,0.10017766099997516,0.07259492399998635,3.8324926614411146,1.3915099712183165,3.6865159703980668
115.09829417499998,3.9899999999999998,1.78,3.85,0.1366456460000336,0.006779502999961551,0.122708700999965,3.8324926614411146,1.3915099712183165,3.6865159703980668
115.14864762599996,4.03,1.78,3.8400000000000003,0.04328856500001166,0.05713295399993967,0.029074868999941827,3.8741192547468133,1.3915099712183165,3.6760712724320244
115.19897658699995,4.03,1.78,3.8400000000000003,0.09361752600000273,0.10746191499993074,0.0794038299999329,3.8741192547468133,1.3915099712183165,3.6760712724320244
115.24926970399997,4.03,1.78,3.8400000000000003,0.14391064300002654,0.15775503199995455,0.1296969469999567,3.8741192547468133,1.3915099712183165,3.6760712724320244
115.29961244499998,4.03,1.78,3.8400000000000003,0.1942533840000351,0.20809777299996313,0.18003968799996528,3.8741192547468133,1.3915099712183165,3.6760712724320244
115.349928385,4.03,1.78,3.8400000000000003,0.2445693240000537,0.2584137129999817,0.23035562799998388,3.8741192547468133,1.3915099712183165,3.6760712724320244
115.40025828299997,4.0,1.79,3.8400000000000003,0.006653953999943951,0.020549128999959976,0.28068552599995655,3.842902548855487,1.4042791745233565,3.6760712724320244
115.45060768899998,4.0,1.79,3.83,0.05700335999995332,0.07089853499996934,0.0433135980000543,3.842902548855487,1.4042791745233565,3.6656240942027867
115.50094138399993,4.0,1.79,3.83,0.10733705499990265,0.12123222999991867,0.09364729300000363,3.842902548855487,1.4042791745233565,3.6656240942027867
115.55118918300002,3.98,1.8,3.83,0.01378993600008016,0.027566813000021284,0.14389509200009343,3.8220805852310336,1.4170038814343453,3.6656240942027867
115.60147348800001,3.98,1.8,3.85,0.0640742410000712,0.07785111800001232,0.049809209000045485,3.8220805852310336,1.4170038814343453,3.6865159703980668
115.65183401699994,3.98,1.8,3.85,0.11443477000000257,0.1282116469999437,0.10016973799997686,3.8220805852310336,1.4170038814343453,3.6865159703980668
115.70216119099996,3.9899999999999998,1.8,3.9,0.02076968400001533,0.03455402299994148,0.006959093999967081,3.8324926614411146,1.4170038814343453,3.73870298365623
115.75250459099993,3.9899999999999998,1.8,3.9,0.07111308399998961,0.08489742299991576,0.05730249399994136,3.8324926614411146,1.4170038814343453,3.73870298365623
115.80283677900002,3.9899999999999998,1.8,3.9,0.1214452720000736,0.13522961099999975,0.10763468200002535,3.8324926614411146,1.4170038814343453,3.73870298365623
115.85316541399993,4.0,1.76,3.86,0.027696876999925735,0.041904969999905006,0.01375565299997561,3.842902548855487,1.3658330791132567,3.6969582091227373
115.90350089699996,4.0,1.76,3.86,0.07803235999995195,0.09224045299993122,0.06409113600000182,3.842902548855487,1.3658330791132567,3.6969582091227373
115.953858577,4.0,1.76,3.86,0.12839003999999932,0.1425981329999786,0.11444881600004919,3.842902548855487,1.3658330791132567,3.6969582091227373
116.00394446799999,3.98,1.75,3.8400000000000003,0.03446605500005262,0.04839537999998811,0.020841247000021212,3.8220805852310336,1.3529227620230209,3.6760712724320244
116.05426591499997,3.98,1.75,3.8400000000000003,0.08478750200004015,0.09871682699997564,0.07116269400000874,3.8220805852310336,1.3529227620230209,3.6760712724320244
116.10459321500002,3.98,1.75,3.8400000000000003,0.13511480200008918,0.005067087000043102,0.12148999400005778,3.8220805852310336,1.3529227620230209,3.6760712724320244
116.154934153,3.98,1.75,3.86,0.0417757249999795,0.055408025000019734,0.02757058899999265,3.8220805852310336,1.3529227620230209,3.6969582091227373
116.20527668299997,3.98,1.75,3.86,0.09211825499994575,0.10575055499998598,0.0779131189999589,3.8220805852310336,1.3529227620230209,3.6969582091227373
116.25556357300002,3.98,1.83,3.86,0.1424051449999979,0.012082946000077754,0.12820000900001105,3.8220805852310336,1.454922678357857,3.6969582091227373
116.30589038899996,4.0200000000000005,1.83,3.85,0.048464191999983086,0.06240976200001569,0.034558993000018745,3.863715828059823,1.454922678357857,3.6865159703980668
116.35618498299993,4.0200000000000005,1.83,3.85,0.09875878599996213,0.11270435599999473,0.08485358699999779,3.863715828059823,1.454922678357857,3.6865159703980668
116.40651463899997,3.9899999999999998,1.8,3.85,0.00514741300003152,0.019066825999971115,0.1351832430000286,3.8324926614411146,1.4170038814343453,3.6865159703980668
116.45663049699999,3.9899999999999998,1.8,3.85,0.05526327100005801,0.06918268399999761,0.04120554100006757,3.8324926614411146,1.4170038814343453,3.6865159703980668
116.506785885,3.9899999999999998,1.8,3.85,0.10541865900006542,0.11933807200000501,0.09136092900007498,3.8324926614411146,1.4170038814343453,3.6865159703980668
116.55699933799997,4.03,1.78,3.85,0.011656897999955618,0.025574436999932004,0.14157438200004435,3.8741192547468133,1.3915099712183165,3.6865159703980668
116.60708503900003,4.03,1.78,3.86,0.06174259900001289,0.07566013799998927,0.047466104000022824,3.8741192547468133,1.3915099712183165,3.6969582091227373
116.65720562599995,4.03,1.78,3.86,0.11186318599993683,0.12578072499991322,0.09758669099994677,3.8741192547468133,1.3915099712183165,3.6969582091227373
116.70755303700003,3.98,1.83,3.85,0.018229603000008865,0.03213260900008663,0.003968716000031236,3.8220805852310336,1.454922678357857,3.6865159703980668
116.75769500699994,3.98,1.83,3.85,0.06837157299992214,0.0822745789999999,0.05411068599994451,3.8220805852310336,1.454922678357857,3.6865159703980668
116.80800958999998,3.98,1.83,3.85,0.11868615599996701,0.13258916200004478,0.10442526899998938,3.8220805852310336,1.454922678357857,3.6865159703980668
116.85814822700002,4.04,1.79,3.85,0.024846460000048864,0.038766144000078384,0.010590144000047985,3.884520562437532,1.4042791745233565,3.6865159703980668
116.90849702899993,4.04,1.79,3.85,0.07519526199996562,0.08911494599999514,0.060938945999964744,3.884520562437532,1.4042791745233565,3.6865159703980668
116.95883827099999,4.04,1.79,3.85,0.12553650400002425,0.13945618800005377,0.11128018800002337,3.884520562437532,1.4042791745233565,3.6865159703980668
117.00916951599993,4.03,1.75,3.85,0.03212368899994544,0.04605600099989715,0.01764330699995753,3.8741192547468133,1.3529227620230209,3.6865159703980668
117.05929121399993,4.03,1.75,3.85,0.08224538699994355,0.09617769899989526,0.06776500499995564,3.8741192547468133,1.3529227620230209,3.6865159703980668
117.10962106700003,4.03,1.76,3.85,0.13257524000005105,0.002285561000007874,0.11809485800006314,3.8741192547468133,1.3658330791132567,3.6865159703980668
117.15976408199992,4.0,1.76,3.86,0.03815609299999778,0.052428575999897475,0.024260392999963187,3.842902548855487,1.3658330791132567,3.6969582091227373
117.21009339499994,4.0,1.76,3.86,0.08848540600001797,0.10275788899991767,0.07458970599998338,3.842902548855487,1.3658330791132567,3.6969582091227373
117.26020308299996,4.0,1.79,3.86,0.13859509400003844,0.008908147999932226,0.12469939400000385,3.842902548855487,1.4042791745233565,3.6969582091227373
117.31036324799993,3.98,1.79,3.8200000000000003,0.04479741099999046,0.0590683129998979,0.03113289399993846,3.8220805852310336,1.4042791745233565,3.655174414443174
117.36069147800004,3.98,1.79,3.8200000000000003,0.09512564100009513,0.10939654300000257,0.08146112400004313,3.8220805852310336,1.4042791745233565,3.655174414443174
117.41103696899995,3.9899999999999998,1.78,3.8200000000000003,0.0016295460000037565,0.015449806999981774,0.1318066149999595,3.8324926614411146,1.3915099712183165,3.655174414443174
117.46134947199994,3.9899999999999998,1.78,3.85,0.05194204899999022,0.06576230999996824,0.037912402999950245,3.8324926614411146,1.3915099712183165,3.6865159703980668
117.51166579999995,3.9899999999999998,1.78,3.85,0.10225837699999829,0.11607863799997631,0.08822873099995832,3.8324926614411146,1.3915099712183165,3.6865159703980668
117.56195485900002,3.96,1.8,3.85,0.008471704000044156,0.022722536000060245,0.13851779000003717,3.801249794475496,1.4170038814343453,3.6865159703980668
117.61220239099998,3.96,1.8,3.86,0.05871923600000173,0.07297006800001782,0.04478997100000015,3.801249794475496,1.4170038814343453,3.6969582091227373
117.66255124500003,3.96,1.8,3.86,0.10906809000005069,0.12331892200006678,0.09513882500004911,3.801249794475496,1.4170038814343453,3.6969582091227373
117.71264068999994,3.98,1.85,3.88,0.01524912399997902,0.029106992999913928,0.001239512999973158,3.8220805852310336,1.4800000000000002,3.717835391729978
117.76298985099993,3.98,1.85,3.88,0.06559828499996456,0.07945615399989947,0.0515886739999587,3.8220805852310336,1.4800000000000002,3.717835391729978
117.81307720699999,3.98,1.85,3.88,0.11568564100002732,0.12954350999996223,0.10167603000002146,3.8220805852310336,1.4800000000000002,3.717835391729978
117.86341297000001,3.98,1.77,3.85,0.02198324000005414,0.03588609600001291,0.008053108000012799,3.8220805852310336,1.378695035169127,3.6865159703980668
117.91380389200003,3.98,1.77,3.85,0.07237416200007374,0.08627701800003251,0.0584440300000324,3.8220805852310336,1.378695035169127,3.6865159703980668
117.96409210799993,3.98,1.77,3.85,0.1226623779999727,0.13656523399993148,0.10873224599993137,3.8220805852310336,1.378695035169127,3.6865159703980668
118.01441625300004,3.98,1.77,3.86,0.02900591100001293,0.04318877100001828,0.015097777000050883,3.8220805852310336,1.378695035169127,3.6969582091227373
118.06480061799994,3.98,1.77,3.86,0.07939027599991277,0.09357313599991812,0.06548214199995073,3.8220805852310336,1.378695035169127,3.6969582091227373
118.11499726900001,3.98,1.77,3.86,0.1295869269999912,0.14376978699999654,0.11567879300002915,3.8220805852310336,1.378695035169127,3.6969582091227373
118.16531478399997,4.01,1.75,3.86,0.03593016100001023,0.04988494500003071,0.021990296000012677,3.8533102652135343,1.3529227620230209,3.6969582091227373
118.21564869999997,4.01,1.75,3.86,0.08626407700000982,0.1002188610000303,0.07232421200001227,3.8533102652135343,1.3529227620230209,3.6969582091227373
118.26595424100003,4.01,1.75,3.86,0.13656961800006684,0.15052440200008732,0.12262975300006929,3.8533102652135343,1.3529227620230209,3.6969582091227373
118.31628284800001,4.01,1.75,3.86,0.18689822500004993,0.20085300900007041,0.17295836000005238,3.8533102652135343,1.3529227620230209,3.6969582091227373
118.36641022100002,4.01,1.75,3.86,0.2370255980000593,0.25098038200007977,0.22308573300006174,3.8533102652135343,1.3529227620230209,3.6969582091227373
118.41674654199994,4.01,1.79,3.86,0.2873619189999772,0.013348626999913904,0.27342205399997965,3.8533102652135343,1.4042791745233565,3.6969582091227373
118.467097427,4.03,1.79,3.86,0.04981344700001955,0.06369951199997104,0.03607759199996963,3.8741192547468133,1.4042791745233565,3.6969582091227373
118.51741490500001,4.03,1.79,3.86,0.1001309250000304,0.11401698999998189,0.08639506999998048,3.8741192547468133,1.4042791745233565,3.6969582091227373
118.56775995399994,4.0,1.82,3.86,0.006481782999912866,0.02039792400000806,0.13674011899991,3.842902548855487,1.4423245127224318,3.6969582091227373
118.61809212699995,4.0,1.82,3.86,0.05681395599992811,0.0707300970000233,0.04318044199999349,3.842902548855487,1.4423245127224318,3.6969582091227373
118.66842492399996,4.0,1.82,3.86,0.10714675299993814,0.12106289400003334,0.09351323900000352,3.842902548855487,1.4423245127224318,3.6969582091227373
118.71874607300003,3.97,1.75,3.86,0.01349916700007725,0.027697115000023587,0.14383438800007298,3.8116663022882786,1.3529227620230209,3.6969582091227373
118.76908950500001,3.97,1.75,3.85,0.06384259900005418,0.07804054700000052,0.049801026000068305,3.8116663022882786,1.3529227620230209,3.6865159703980668
118.81939323099994,3.97,1.75,3.85,0.11414632499997879,0.12834427299992512,0.10010475199999291,3.8116663022882786,1.3529227620230209,3.6865159703980668
118.869718562,3.9899999999999998,1.82,3.86,0.020439529999976003,0.03440651500000058,0.00656580899999426,3.8324926614411146,1.4423245127224318,3.6969582091227373
118.92005294399996,3.9899999999999998,1.82,3.86,0.07077391199993599,0.08474089699996057,0.05690019099995425,3.8324926614411146,1.4423245127224318,3.6969582091227373
118.97039811599996,3.9899999999999998,1.82,3.86,0.12111908399992899,0.13508606899995357,0.10724536299994725,3.8324926614411146,1.4423245127224318,3.6969582091227373
119.02073028400002,3.9899999999999998,1.75,3.8400000000000003,0.02751577600008659,0.041642094000053476,0.013569562000043334,3.8324926614411146,1.3529227620230209,3.6760712724320244
119.07083674199998,3.9899999999999998,1.75,3.8400000000000003,0.07762223400004586,0.09174855200001275,0.06367602000000261,3.8324926614411146,1.3529227620230209,3.6760712724320244
119.12104761699993,3.9899999999999998,1.75,3.8400000000000003,0.12783310899999378,0.14195942699996067,0.11388689499995053,3.8324926614411146,1.3529227620230209,3.6760712724320244
119.17116219100001,3.98,1.82,3.85,0.03398312000001624,0.04791838500000267,0.020055533999993713,3.8220805852310336,1.4423245127224318,3.6865159703980668
119.221474167,3.98,1.82,3.85,0.08429509600000529,0.09823036099999172,0.07036750999998276,3.8220805852310336,1.4423245127224318,3.6865159703980668
119.271819252,3.98,1.77,3.85,0.13464018100000885,0.004603803000009066,0.12071259499998632,3.8220805852310336,1.378695035169127,3.6865159703980668
119.32214794699996,3.9899999999999998,1.77,3.8400000000000003,0.041210394000017914,0.05493249799997102,0.02674141199997848,3.8324926614411146,1.378695035169127,3.6760712724320244
119.37237345300002,3.9899999999999998,1.77,3.8400000000000003,0.09143590000007862,0.10515800400003172,0.07696691800003919,3.8324926614411146,1.378695035169127,3.6760712724320244
119.42270855699996,3.9899999999999998,1.76,3.8400000000000003,0.14177100400002018,0.011520559000018693,0.12730202199998075,3.8324926614411146,1.3658330791132567,3.6760712724320244
119.47302541199997,3.98,1.76,3.85,0.047912129999986064,0.06183741400002418,0.033678774999998495,3.8220805852310336,1.3658330791132567,3.6865159703980668
119.52334729199993,3.98,1.76,3.85,0.09823400999994192,0.11215929399998004,0.08400065499995435,3.8220805852310336,1.3658330791132567,3.6865159703980668
119.57367038199993,3.98,1.77,3.85,0.004567268999949192,0.01848497099990709,0.13432374499996058,3.8220805852310336,1.378695035169127,3.6865159703980668
119.62383086900002,3.98,1.77,3.87,0.05472775600003388,0.06864545799999178,0.0406663370000615,3.8220805852310336,1.378695035169127,3.7073980093860976
119.67393558699996,3.98,1.77,3.87,0.10483247399997708,0.11875017599993498,0.09077105500000471,3.8220805852310336,1.378695035169127,3.7073980093860976
119.72425040999997,4.03,1.77,3.87,0.01118067200002315,0.025206068999978015,0.1410858780000126,3.8741192547468133,1.378695035169127,3.7073980093860976
119.77459038500001,4.03,1.77,3.85,0.061520647000065765,0.07554604400002063,0.04739552199998798,3.8741192547468133,1.378695035169127,3.6865159703980668
119.82493384600002,4.03,1.77,3.85,0.11186410800007707,0.12588950500003193,0.09773898299999928,3.8741192547468133,1.378695035169127,3.6865159703980668
119.87507371899994,4.0,1.76,3.86,0.018317059999958474,0.03210178699998778,0.0037949619999153583,3.842902548855487,1.3658330791132567,3.6969582091227373
119.92540469699998,4.0,1.76,3.86,0.06864803799999208,0.08243276500002139,0.05412593999994897,3.842902548855487,1.3658330791132567,3.6969582091227373
119.97568440299995,4.0,1.76,3.86,0.11892774399996142,0.13271247099999073,0.1044056459999183,3.842902548855487,1.3658330791132567,3.6969582091227373
120.02585780499999,3.9899999999999998,1.8,3.86,0.024470587999985582,0.038728741999989325,0.010589323999965927,3.8324926614411146,1.4170038814343453,3.6969582091227373
120.07619413500004,3.9899999999999998,1.8,3.86,0.0748069180000357,0.08906507200003944,0.06092565400001604,3.8324926614411146,1.4170038814343453,3.6969582091227373
120.12653904799993,3.9899999999999998,1.8,3.86,0.12515183099992555,0.1394099849999293,0.1112705669999059,3.8324926614411146,1.4170038814343453,3.6969582091227373
120.17689042199993,4.0,1.75,3.83,0.03157422299989321,0.04582690699999148,0.017623071999992135,3.842902548855487,1.3529227620230209,3.6656240942027867
120.22707159899994,4.0,1.75,3.83,0.08175539999990633,0.0960080840000046,0.06780424900000526,3.842902548855487,1.3529227620230209,3.6656240942027867
120.27720702199997,4.0,1.79,3.83,0.13189082299993515,0.00231761399993502,0.11793967200003408,3.842902548855487,1.4042791745233565,3.6656240942027867
120.32754089000002,4.01,1.79,3.8200000000000003,0.038218881000034344,0.05265148199998748,0.024335881000070003,3.8533102652135343,1.4042791745233565,3.655174414443174
120.37788952799997,4.01,1.79,3.8200000000000003,0.08856751899998017,0.1030001199999333,0.07468451900001583,3.8533102652135343,1.4042791745233565,3.655174414443174
120.42820942899993,4.01,1.75,3.8200000000000003,0.13888741999994636,0.0091630309999573,0.12500441999998202,3.8533102652135343,1.3529227620230209,3.655174414443174
120.47838467399993,4.0,1.75,3.85,0.04506850999996459,0.059338275999948564,0.031215182999972058,3.842902548855487,1.3529227620230209,3.6865159703980668
