time,d1,d2,d3,t_uwb_1,t_uwb_2,t_uwb_3,el1,el2,el3
0.15139255500002946,3.88,3.36,2.18,0.00018296300004294608,0.01460030199996254,0.1304294619999382,3.717835391729978,3.171356176779896,1.8762462524945922
0.2016781009999704,3.88,3.36,2.17,0.050468508999983897,0.06488584799990349,0.03650993999985985,3.717835391729978,3.171356176779896,1.8646179233290663
0.25180752599999323,3.88,3.36,2.17,0.10059793400000672,0.11501527299992631,0.08663936499988267,3.717835391729978,3.171356176779896,1.8646179233290663
0.30214263400011987,3.88,3.41,2.17,0.006872915000030844,0.020804368000199247,0.1369744730000093,3.717835391729978,3.2242828660029197,1.8646179233290663
0.3522854240000015,3.88,3.41,2.14,0.057015704999912487,0.07094715800008089,0.043360337999956755,3.717835391729978,3.2242828660029197,1.8296174463531987
0.4024496150000232,3.88,3.41,2.14,0.10717989599993416,0.12111134900010256,0.09352452899997843,3.717835391729978,3.2242828660029197,1.8296174463531987
0.4527849169999172,3.89,3.33,2.14,0.013480812999887348,0.027380192999999053,0.14385983099987243,3.7282703764614498,3.1395541084682708,1.8296174463531987
0.5031286640000872,3.89,3.33,2.13,0.06382456000005732,0.07772394000016902,0.04954383700010112,3.7282703764614498,3.1395541084682708,1.8179108889051738
0.5532719560001169,3.89,3.33,2.13,0.11396785200008708,0.12786723200019878,0.09968712900013088,3.7282703764614498,3.1395541084682708,1.8179108889051738
0.6036447429999043,3.84,3.39,2.16,0.020510377999926277,0.03451283199979116,0.006457452999939051,3.676071272432024,3.2031234756093934,1.8529705880018712
0.6539752799999405,3.84,3.39,2.16,0.07084091499996248,0.08484336899982736,0.05678798999997525,3.676071272432024,3.2031234756093934,1.8529705880018712
0.7043104159999984,3.84,3.39,2.16,0.12117605100002038,0.13517850499988526,0.10712312600003315,3.676071272432024,3.2031234756093934,1.8529705880018712
0.7544291579999935,3.86,3.4,2.17,0.027303239000048052,0.04112291000001278,0.013277969999990091,3.6969582091227373,3.2137050269120837,1.8646179233290663
0.8045842250000987,3.86,3.4,2.17,0.07745830600015324,0.09127797700011797,0.06343303700009528,3.6969582091227373,3.2137050269120837,1.8646179233290663
0.8547131699999682,3.86,3.4,2.17,0.12758725100002266,0.1414069219999874,0.1135619819999647,3.6969582091227373,3.2137050269120837,1.8646179233290663
0.9051999880000494,3.88,3.35,2.15,0.033780923999984225,0.047832715000140524,0.019841474000031667,3.717835391729978,3.1607594024221455,1.8413038858374247
0.9553474480001114,3.88,3.35,2.15,0.08392838400004621,0.09798017500020251,0.06998893400009365,3.717835391729978,3.1607594024221455,1.8413038858374247
1.0054355310001029,3.88,3.4,2.15,0.13401646700003766,0.004278825000028519,0.1200770170000851,3.717835391729978,3.2137050269120837,1.8413038858374247
1.055760188000022,3.86,3.4,2.15,0.04082630500010964,0.05460348199994769,0.02673600200000692,3.6969582091227373,3.2137050269120837,1.8413038858374247
1.1061178669999663,3.86,3.4,2.15,0.0911839840000539,0.10496116099989194,0.07709368099995118,3.6969582091227373,3.2137050269120837,1.8413038858374247
1.156236257000046,3.86,3.36,2.15,0.14130237400013357,0.010650873000031424,0.12721207100003085,3.6969582091227373,3.171356176779896,1.8413038858374247
1.2065721399999347,3.87,3.36,2.13,0.0471725569998398,0.060986755999920206,0.033135513999923205,3.7073980093860976,3.171356176779896,1.8179108889051738
1.256687495000051,3.87,3.36,2.13,0.09728791199995612,0.11110211100003653,0.08325086900003953,3.7073980093860976,3.171356176779896,1.8179108889051738
1.3067969050000556,3.87,3.42,2.13,0.003234991999988779,0.01715617900003963,0.1333602790000441,3.7073980093860976,3.2348570292982033,1.8179108889051738
1.3570569050000358,3.87,3.42,2.15,0.05349499199996899,0.06741617900001984,0.039885458000071594,3.7073980093860976,3.2348570292982033,1.8413038858374247
1.4074034539999047,3.87,3.42,2.15,0.10384154099983789,0.11776272799988874,0.0902320069999405,3.7073980093860976,3.2348570292982033,1.8413038858374247
1.457713195999986,3.84,3.34,2.15,0.010405120000086754,0.024046901000019716,0.1405417490000218,3.676071272432024,3.1501587261596833,1.8413038858374247
1.508011918999955,3.84,3.34,2.2,0.06070384300005571,0.07434562399998867,0.04651388100000986,3.676071272432024,3.1501587261596833,1.89944728802881
1.5582326000001103,3.84,3.34,2.2,0.11092452400021102,0.12456630500014398,0.09673456200016517,3.676071272432024,3.1501587261596833,1.89944728802881
1.608518801999935,3.86,3.38,2.18,0.01689072999988639,0.0310457939999651,0.0029651959998773236,3.6969582091227373,3.1925381751828743,1.8762462524945922
1.658892485000024,3.86,3.38,2.18,0.06726441299997532,0.08141947700005403,0.053338878999966255,3.6969582091227373,3.1925381751828743,1.8762462524945922
1.708995022999943,3.86,3.38,2.18,0.11736695099989447,0.13152201499997318,0.1034414169998854,3.6969582091227373,3.1925381751828743,1.8762462524945922
1.7593213970001216,3.86,3.34,2.17,0.023915724000062255,0.03781362800009447,0.00971006000008856,3.6969582091227373,3.1501587261596833,1.8646179233290663
1.8094653759999346,3.86,3.34,2.17,0.0740597029998753,0.08795760699990751,0.059854038999901604,3.6969582091227373,3.1501587261596833,1.8646179233290663
1.8595891249999568,3.86,3.34,2.17,0.12418345199989744,0.13808135599992966,0.10997778799992375,3.6969582091227373,3.1501587261596833,1.8646179233290663
1.9097268620000705,3.88,3.33,2.15,0.030094199000131994,0.044000536000112334,0.01605777100007799,3.717835391729978,3.1395541084682708,1.8413038858374247
1.9600524909999422,3.88,3.33,2.15,0.08041982800000369,0.09432616499998403,0.06638339999994969,3.717835391729978,3.1395541084682708,1.8413038858374247
2.0102296459999707,3.88,3.34,2.15,0.1305969830000322,0.0004069609999532986,0.1165605549999782,3.717835391729978,3.1501587261596833,1.8413038858374247
2.06036399300001,3.87,3.34,2.17,0.03691205900008754,0.05054130799999257,0.022708770999997796,3.7073980093860976,3.1501587261596833,1.8646179233290663
2.110719370999959,3.87,3.34,2.17,0.08726743700003681,0.10089668599994184,0.07306414899994707,3.7073980093860976,3.1501587261596833,1.8646179233290663
2.160891867999908,3.87,3.41,2.17,0.13743993399998544,0.007262414999786415,0.1232366459998957,3.7073980093860976,3.2242828660029197,1.8646179233290663
2.2110877319998963,3.88,3.41,2.15,0.04320686199980628,0.05745827899977485,0.029044400999964637,3.717835391729978,3.2242828660029197,1.8413038858374247
2.261410844000011,3.88,3.41,2.15,0.09352997399992091,0.10778139099988948,0.07936751300007927,3.717835391729978,3.2242828660029197,1.8413038858374247
2.311704420000069,3.88,3.41,2.15,0.14382354999997915,0.15807496699994772,0.1296610890001375,3.717835391729978,3.2242828660029197,1.8413038858374247
2.36182086000008,3.88,3.41,2.15,0.19393998999998985,0.20819140699995842,0.1797775290001482,3.717835391729978,3.2242828660029197,1.8413038858374247
2.4120407049999812,3.88,3.41,2.15,0.24415983499989125,0.2584112519998598,0.2299973740000496,3.717835391729978,3.2242828660029197,1.8413038858374247
2.4621770430001106,3.86,3.34,2.15,0.006237120000150753,0.020444603000214556,0.280133712000179,3.6969582091227373,3.1501587261596833,1.8413038858374247
2.5125239859999056,3.86,3.34,2.19,0.05658406299994567,0.07079154600000948,0.042695134999803486,3.6969582091227373,3.1501587261596833,1.887855926706273
2.562896030000047,3.86,3.34,2.19,0.10695610700008729,0.12116359000015109,0.0930671789999451,3.6969582091227373,3.1501587261596833,1.887855926706273
2.6132351589999416,3.87,3.39,2.19,0.013101579000021957,0.02725117899990437,0.14340630799983956,3.7073980093860976,3.2031234756093934,1.887855926706273
2.663356717999932,3.87,3.39,2.15,0.06322313800001211,0.07737273799989453,0.04910592999999608,3.7073980093860976,3.2031234756093934,1.8413038858374247
2.7134695990000637,3.87,3.39,2.15,0.113336019000144,0.12748561900002642,0.09921881100012797,3.7073980093860976,3.2031234756093934,1.8413038858374247
2.763645366999981,3.88,3.33,2.14,0.019384087999924304,0.033987764999892534,0.00545929600002637,3.717835391729978,3.1395541084682708,1.8296174463531987
2.8139749249999113,3.88,3.33,2.14,0.06971364599985463,0.08431732299982286,0.0557888539999567,3.717835391729978,3.1395541084682708,1.8296174463531987
2.8643159600001127,3.88,3.33,2.14,0.12005468100005601,0.13465835800002424,0.10612988900015807,3.717835391729978,3.1395541084682708,1.8296174463531987
2.914666143999966,3.86,3.28,2.16,0.026373957000032533,0.04030587700003707,0.012444407999964824,3.6969582091227373,3.0864704761264115,1.8529705880018712
2.964999836000061,3.86,3.28,2.16,0.07670764900012728,0.09063956900013181,0.06277810000005957,3.6969582091227373,3.0864704761264115,1.8529705880018712
3.0153113530000155,3.86,3.28,2.16,0.1270191660000819,0.14095108600008643,0.11308961700001419,3.6969582091227373,3.0864704761264115,1.8529705880018712
3.0656464529999994,3.87,3.43,2.16,0.03357172300002276,0.04727687199988395,0.019379765999929077,3.7073980093860976,3.245427552727067,1.8529705880018712
3.115760008000052,3.87,3.43,2.16,0.08368527800007541,0.09739042699993661,0.06949332099998173,3.7073980093860976,3.245427552727067,1.8529705880018712
3.1661226579999493,3.87,3.42,2.16,0.13404792799997267,0.0036839439999312162,0.11985597099987899,3.7073980093860976,3.2348570292982033,1.8529705880018712
3.216481783000063,3.9,3.42,2.17,0.04025176200002534,0.05404306900004485,0.02648758300006193,3.73870298365623,3.2348570292982033,1.8646179233290663
3.266703179999922,3.9,3.42,2.17,0.09047315899988462,0.10426446599990413,0.07670897999992121,3.73870298365623,3.2348570292982033,1.8646179233290663
3.3170260310000685,3.9,3.39,2.17,0.14079601000003095,0.01077002000010907,0.12703183100006754,3.73870298365623,3.2031234756093934,1.8646179233290663
3.3673803520000547,3.86,3.39,2.18,0.04709393899997849,0.06112434100009523,0.0331202800000483,3.6969582091227373,3.2031234756093934,1.8762462524945922
3.4177329849999296,3.86,3.39,2.18,0.0974465719998534,0.11147697399997014,0.08347291299992321,3.6969582091227373,3.2031234756093934,1.8762462524945922
3.467890994000072,3.88,3.28,2.18,0.003467084000021714,0.017481910000014977,0.13363092200006577,3.717835391729978,3.0864704761264115,1.8762462524945922
3.518194429999994,3.88,3.28,2.15,0.053770519999943645,0.06778534599993691,0.03994123100005709,3.717835391729978,3.0864704761264115,1.8413038858374247
3.5685052540000015,3.88,3.28,2.15,0.10408134399995106,0.11809616999994432,0.0902520550000645,3.717835391729978,3.0864704761264115,1.8413038858374247
3.6188722510000844,3.88,3.42,2.15,0.01040333100013413,0.024334387000180868,0.14061905200014735,3.717835391729978,3.2348570292982033,1.8413038858374247
3.669205973000089,3.88,3.42,2.14,0.060737053000138985,0.07466810900018572,0.04690660200003549,3.717835391729978,3.2348570292982033,1.8296174463531987
3.7193495270000767,3.88,3.42,2.14,0.11088060700012647,0.12481166300017321,0.09705015600002298,3.717835391729978,3.2348570292982033,1.8296174463531987
3.7694866629999524,3.88,3.4,2.18,0.01698421900005087,0.030917581000039718,0.002925457999936043,3.717835391729978,3.2137050269120837,1.8762462524945922
3.8198282230000586,3.88,3.4,2.18,0.06732577900015713,0.08125914100014597,0.0532670180000423,3.717835391729978,3.2137050269120837,1.8762462524945922
3.8699328390000574,3.88,3.4,2.18,0.11743039500015584,0.1313637570001447,0.10337163400004101,3.717835391729978,3.2137050269120837,1.8762462524945922
3.920067723000102,3.87,3.4,2.14,0.02375818500013338,0.03768955900000037,0.009850103000189847,3.7073980093860976,3.2137050269120837,1.8296174463531987
3.9703981959999055,3.87,3.4,2.14,0.07408865799993691,0.0880200319998039,0.06018057599999338,3.7073980093860976,3.2137050269120837,1.8296174463531987
4.020567134999965,3.87,3.4,2.14,0.12425759699999617,0.13818897099986316,0.11034951500005263,3.7073980093860976,3.2137050269120837,1.8296174463531987
4.070924576999914,3.87,3.41,2.17,0.030328793999842674,0.04448959299998023,0.0166323599999032,3.7073980093860976,3.2242828660029197,1.8646179233290663
4.121260733000099,3.87,3.41,2.17,0.0806649500000276,0.09482574900016516,0.06696851600008813,3.7073980093860976,3.2242828660029197,1.8646179233290663
4.171443103999991,3.87,3.44,2.17,0.13084732099991925,0.0008572179999646323,0.11715088699997978,3.7073980093860976,3.255994471739778,1.8646179233290663
4.221779792999996,3.87,3.44,2.15,0.03714803100001518,0.05119390699996984,0.02286142499997368,3.7073980093860976,3.255994471739778,1.8413038858374247
4.271919815000047,3.87,3.44,2.15,0.0872880530000657,0.10133392900002036,0.0730014470000242,3.7073980093860976,3.255994471739778,1.8413038858374247
4.322024257000066,3.87,3.38,2.15,0.13739249500008555,0.007287412000096083,0.12310588900004404,3.7073980093860976,3.1925381751828743,1.8413038858374247
4.372138639000013,3.87,3.38,2.14,0.043723219999947105,0.05740179400004308,0.029171458000064376,3.7073980093860976,3.1925381751828743,1.8296174463531987
4.4224787870000455,3.87,3.38,2.14,0.09406336799997916,0.10774194200007514,0.07951160600009644,3.7073980093860976,3.1925381751828743,1.8296174463531987
4.472572211999932,3.88,3.39,2.14,0.00012855899990427133,0.013802240999893911,0.12960503099998277,3.717835391729978,3.2031234756093934,1.8296174463531987
4.522704104000013,3.88,3.39,2.17,0.05026045099998555,0.06393413299997519,0.03571792799994,3.717835391729978,3.2031234756093934,1.8646179233290663
4.573031418000028,3.88,3.39,2.17,0.10058776500000022,0.11426144699998986,0.08604524199995467,3.717835391729978,3.2031234756093934,1.8646179233290663
4.6231442470000275,3.86,3.38,2.17,0.006364656999949148,0.02033385400000043,0.13615807099995436,3.6969582091227373,3.1925381751828743,1.8646179233290663
4.673430017000101,3.86,3.38,2.18,0.05665042700002232,0.0706196240000736,0.04272044800018193,3.6969582091227373,3.1925381751828743,1.8762462524945922
4.723782364000044,3.86,3.38,2.18,0.10700277399996594,0.12097197100001722,0.09307279500012555,3.6969582091227373,3.1925381751828743,1.8762462524945922
4.77411654399998,3.9,3.39,2.18,0.012962698999899658,0.02743292099989958,0.14340697500006172,3.73870298365623,3.2031234756093934,1.8762462524945922
4.824254917999951,3.9,3.39,2.14,0.06310107299987067,0.07757129499987059,0.049223096999867266,3.73870298365623,3.2031234756093934,1.8296174463531987
4.874473820000048,3.9,3.39,2.14,0.1133199749999676,0.12779019699996752,0.0994419989999642,3.73870298365623,3.2031234756093934,1.8296174463531987
4.924874467000109,3.88,3.44,2.15,0.019987752000133696,0.033987817000024734,0.005806222000046546,3.717835391729978,3.255994471739778,1.8413038858374247
4.975076963999982,3.88,3.44,2.15,0.07019024900000659,0.08419031399989763,0.05600871899991944,3.717835391729978,3.255994471739778,1.8413038858374247
5.025208539000005,3.88,3.44,2.15,0.12032182400002966,0.1343218889999207,0.10614029399994251,3.717835391729978,3.255994471739778,1.8413038858374247
5.075538975999962,3.83,3.31,2.13,0.026357815999972445,0.0408102849999068,0.012391725000043152,3.6656240942027867,3.118332887938682,1.8179108889051738
5.125652584999898,3.83,3.31,2.13,0.07647142499990878,0.09092389399984313,0.06250533399997948,3.6656240942027867,3.118332887938682,1.8179108889051738
5.175975974000039,3.83,3.31,2.13,0.12679481400004988,0.14124728299998424,0.11282872300012059,3.6656240942027867,3.118332887938682,1.8179108889051738
5.226060065999945,3.87,3.33,2.15,0.033113240999909976,0.04708812599983503,0.019279456000049322,3.7073980093860976,3.1395541084682708,1.8413038858374247
5.276194347000001,3.87,3.33,2.15,0.0832475219999651,0.09722240699989015,0.06941373700010445,3.7073980093860976,3.1395541084682708,1.8413038858374247
5.32654903599996,3.87,3.33,2.15,0.13360221099992486,0.14757709599984992,0.11976842600006421,3.7073980093860976,3.1395541084682708,1.8413038858374247
5.3769227969999065,3.87,3.33,2.15,0.18397597199987104,0.1979508569997961,0.17014218700001038,3.7073980093860976,3.1395541084682708,1.8413038858374247
5.427041732999896,3.87,3.33,2.15,0.23409490799986088,0.24806979299978593,0.22026112300000023,3.7073980093860976,3.1395541084682708,1.8413038858374247
5.477394775999983,3.87,3.36,2.15,0.28444795099994735,0.010034435000079611,0.2706141660000867,3.7073980093860976,3.171356176779896,1.8413038858374247
5.527559936999978,3.87,3.36,2.15,0.04639408999992156,0.06019959600007496,0.032347500000014406,3.7073980093860976,3.171356176779896,1.8413038858374247
5.577908130999958,3.87,3.36,2.15,0.0967422839999017,0.1105477900000551,0.08269569399999455,3.7073980093860976,3.171356176779896,1.8413038858374247
5.628216038000119,3.88,3.4,2.15,0.0028988470000967936,0.016833987000154593,0.13300360100015496,3.717835391729978,3.2137050269120837,1.8413038858374247
5.678352815999915,3.88,3.4,2.15,0.053035624999893116,0.06697076499995092,0.03921493600000758,3.717835391729978,3.2137050269120837,1.8413038858374247
5.728499247999935,3.88,3.4,2.15,0.10318205699991267,0.11711719699997047,0.08936136800002714,3.717835391729978,3.2137050269120837,1.8413038858374247
5.778610707000098,3.87,3.41,2.15,0.009390093000092747,0.02324366400011968,0.1394728270001906,3.7073980093860976,3.2242828660029197,1.8413038858374247
5.828701913000032,3.87,3.41,2.16,0.05948129900002641,0.07333487000005334,0.04542319999995925,3.7073980093860976,3.2242828660029197,1.8529705880018712
5.879007336000086,3.87,3.41,2.16,0.10978672200008077,0.1236402930001077,0.09572862300001361,3.7073980093860976,3.2242828660029197,1.8529705880018712
5.929288469000085,3.83,3.35,2.16,0.016151190000073257,0.029841971999985617,0.0019484230001580727,3.6656240942027867,3.1607594024221455,1.8529705880018712
5.979466739999907,3.83,3.35,2.16,0.06632946099989567,0.08002024299980803,0.05212669399998049,3.6656240942027867,3.1607594024221455,1.8529705880018712
6.029600132000041,3.83,3.35,2.16,0.11646285300003001,0.13015363499994237,0.10226008600011482,3.6656240942027867,3.1607594024221455,1.8529705880018712
6.07993169700012,3.88,3.4,2.16,0.02275672000018858,0.03645018100019115,0.008841021000080218,3.717835391729978,3.2137050269120837,1.8529705880018712
6.130048081000041,3.88,3.4,2.16,0.07287310400010938,0.08656656500011195,0.05895740500000102,3.717835391729978,3.2137050269120837,1.8529705880018712
6.180187051000075,3.88,3.4,2.16,0.12301207400014391,0.13670553500014648,0.10909637500003555,3.717835391729978,3.2137050269120837,1.8529705880018712
6.230313690999992,3.87,3.41,2.19,0.028805479000084233,0.043101768000042284,0.014944954999918991,3.7073980093860976,3.2242828660029197,1.887855926706273
6.28043370499995,3.87,3.41,2.19,0.07892549300004248,0.09322178200000053,0.06506496899987724,3.7073980093860976,3.2242828660029197,1.887855926706273
6.330763543000103,3.87,3.41,2.19,0.12925533100019493,0.14355162000015298,0.11539480700002969,3.7073980093860976,3.2242828660029197,1.887855926706273
6.381079575000058,3.88,3.4,2.13,0.03588559700006044,0.049413342999969245,0.02196177800010446,3.717835391729978,3.2137050269120837,1.8179108889051738
6.4312237310000455,3.88,3.4,2.13,0.086029753000048,0.0995574989999568,0.07210593400009202,3.717835391729978,3.2137050269120837,1.8179108889051738
6.481328944000097,3.88,3.38,2.13,0.13613496600009967,0.0057439270001395926,0.12221114700014368,3.717835391729978,3.1925381751828743,1.8179108889051738
6.531492674999981,3.87,3.38,2.19,0.042300484999941546,0.05590765800002373,0.02812864499992429,3.7073980093860976,3.1925381751828743,1.887855926706273
6.581637768000064,3.87,3.38,2.19,0.0924455780000244,0.10605275100010658,0.07827373800000714,3.7073980093860976,3.1925381751828743,1.887855926706273
6.631999615000041,3.87,3.4,2.19,0.14280742500000088,0.012373717999935252,0.12863558499998362,3.7073980093860976,3.2137050269120837,1.887855926706273
6.682129644000042,3.88,3.4,2.15,0.04884557700006553,0.062503746999937,0.034909879999986515,3.717835391729978,3.2137050269120837,1.8413038858374247
6.732429511999953,3.88,3.4,2.15,0.09914544499997646,0.11280361499984792,0.08520974799989744,3.717835391729978,3.2137050269120837,1.8413038858374247
6.78276715800007,3.88,3.4,2.15,0.14948309100009283,0.1631412609999643,0.1355473940000138,3.717835391729978,3.2137050269120837,1.8413038858374247
6.833112781999944,3.88,3.4,2.15,0.1998287149999669,0.21348688499983837,0.1858930179998879,3.717835391729978,3.2137050269120837,1.8413038858374247
6.883470735999936,3.88,3.4,2.15,0.2501866689999588,0.26384483899983024,0.23625097199987977,3.717835391729978,3.2137050269120837,1.8413038858374247
6.933797949000109,3.88,3.38,2.15,0.012426285000174175,0.02603801400005068,0.28657818500005305,3.717835391729978,3.1925381751828743,1.8413038858374247
6.984155175000069,3.88,3.38,2.15,0.06278351100013424,0.07639524000001074,0.04823813100006191,3.717835391729978,3.1925381751828743,1.8413038858374247
7.034299284000099,3.88,3.38,2.15,0.1129276200001641,0.1265393490000406,0.09838224000009177,3.717835391729978,3.1925381751828743,1.8413038858374247
7.0846149779999905,3.88,3.38,2.15,0.018937183999923946,0.03287050900007671,0.004864601999997831,3.717835391729978,3.1925381751828743,1.8413038858374247
7.1347399849998965,3.88,3.38,2.15,0.06906219099982991,0.08299551599998267,0.054989608999903794,3.717835391729978,3.1925381751828743,1.8413038858374247
7.1849020290001135,3.88,3.38,2.15,0.11922423500004697,0.13315756000019974,0.10515165300012086,3.717835391729978,3.1925381751828743,1.8413038858374247
7.235221204000027,3.84,3.43,2.15,0.025524039999936576,0.03942619100007505,0.011573236000003817,3.676071272432024,3.245427552727067,1.8413038858374247
7.285364682999898,3.84,3.43,2.15,0.07566751899980773,0.0895696699999462,0.061716714999874966,3.676071272432024,3.245427552727067,1.8413038858374247
7.335714953999968,3.84,3.43,2.15,0.126017789999878,0.13991994100001648,0.11206698599994525,3.676071272432024,3.245427552727067,1.8413038858374247
7.385880122000117,3.83,3.36,2.2,0.03211192100002336,0.04606820900016828,0.017872215000124925,3.6656240942027867,3.171356176779896,1.89944728802881
7.43607028800011,3.83,3.36,2.2,0.0823020870000164,0.09625837500016132,0.06806238100011797,3.6656240942027867,3.171356176779896,1.89944728802881
7.486213139000029,3.83,3.35,2.2,0.13244493799993506,0.0026719960001173604,0.11820523200003663,3.6656240942027867,3.1607594024221455,1.89944728802881
7.536352115999989,3.87,3.35,2.16,0.03835858200000075,0.052810973000077865,0.024302043000034246,3.7073980093860976,3.1607594024221455,1.8529705880018712
7.5866535459999795,3.87,3.35,2.16,0.08866001199999118,0.1031124030000683,0.07460347300002468,3.7073980093860976,3.1607594024221455,1.8529705880018712
7.63698629999999,3.87,3.33,2.16,0.1389927660000012,0.009264745999871593,0.1249362270000347,3.7073980093860976,3.1395541084682708,1.8529705880018712
7.687284434000048,3.86,3.33,2.15,0.0451445789999525,0.059562879999930374,0.031178340999986176,3.6969582091227373,3.1395541084682708,1.8413038858374247
7.737665318999916,3.86,3.33,2.15,0.0955254639998202,0.10994376499979808,0.08155922599985388,3.6969582091227373,3.1395541084682708,1.8413038858374247
7.7879750409999815,3.87,3.41,2.15,0.0020953819998794643,0.01604051000003892,0.13186894799991933,3.7073980093860976,3.2242828660029197,1.8413038858374247
7.838302758000054,3.87,3.41,2.14,0.052423098999952344,0.0663682270001118,0.03831279800010634,3.7073980093860976,3.2242828660029197,1.8296174463531987
7.888447650999979,3.87,3.41,2.14,0.10256799199987654,0.116513120000036,0.08845769100003054,3.7073980093860976,3.2242828660029197,1.8296174463531987
7.9387863619999735,3.86,3.35,2.14,0.008559634999983246,0.022809044000041467,0.1387964020000254,3.6969582091227373,3.1607594024221455,1.8296174463531987
7.989057851000098,3.86,3.35,2.15,0.05883112400010759,0.07308053300016581,0.04500583399999414,3.6969582091227373,3.1607594024221455,1.8413038858374247
8.03939663899996,3.86,3.35,2.15,0.10916991199997028,0.1234193210000285,0.09534462199985683,3.6969582091227373,3.1607594024221455,1.8413038858374247
8.089682151000034,3.86,3.43,2.11,0.15945542400004342,0.02934369600006903,0.0016170920000604383,3.6969582091227373,3.245427552727067,1.794435844492636
8.13982573699991,3.86,3.43,2.11,0.20959900999991987,0.07948728199994548,0.05176067799993689,3.6969582091227373,3.245427552727067,1.794435844492636
8.190171001999943,3.86,3.43,2.11,0.25994427499995254,0.12983254699997815,0.10210594299996956,3.6969582091227373,3.245427552727067,1.794435844492636
8.24051788199995,3.86,3.43,2.11,0.31029115499995896,0.18017942699998457,0.15245282299997598,3.6969582091227373,3.245427552727067,1.794435844492636
8.290615005000063,3.86,3.43,2.11,0.3603882780000731,0.23027655000009872,0.20254994600009013,3.6969582091227373,3.245427552727067,1.794435844492636
8.340866261999963,3.86,3.43,2.11,0.41063953499997297,0.2805278069999986,0.25280120299999,3.6969582091227373,3.245427552727067,1.794435844492636
8.39116751000006,3.86,3.43,2.11,0.46094078300006913,0.33082905500009474,0.30310245100008615,3.6969582091227373,3.245427552727067,1.794435844492636
8.441308396000068,3.86,3.43,2.11,0.5110816690000775,0.38096994100010306,0.35324333700009447,3.6969582091227373,3.245427552727067,1.794435844492636
8.491591792999998,3.86,3.43,2.11,0.5613650660000076,0.4312533380000332,0.4035267340000246,3.6969582091227373,3.245427552727067,1.794435844492636
8.541712928999914,3.86,3.43,2.17,0.03537504599989916,0.04917144699993514,0.021558146999950623,3.6969582091227373,3.245427552727067,1.8646179233290663
8.591867972000045,3.86,3.43,2.17,0.08553008900003078,0.09932649000006677,0.07171319000008225,3.6969582091227373,3.245427552727067,1.8646179233290663
8.641974522000055,3.86,3.34,2.17,0.1356366390000403,0.005780519000154527,0.12181974000009177,3.6969582091227373,3.1501587261596833,1.8646179233290663
8.692283477000046,3.83,3.34,2.15,0.042234723000092345,0.056089474000145856,0.027974087000075087,3.6656240942027867,3.1501587261596833,1.8413038858374247
8.742622581999967,3.83,3.34,2.15,0.09257382800001324,0.10642857900006675,0.07831319199999598,3.6656240942027867,3.1501587261596833,1.8413038858374247
8.792766254000071,3.83,3.41,2.15,0.14271750000011707,0.012601965000158089,0.1284568640000998,3.6656240942027867,3.2242828660029197,1.8413038858374247
8.842895727000041,3.91,3.41,2.18,0.04886482500000966,0.06273143800012804,0.034664852000105384,3.7491332331620333,3.2242828660029197,1.8762462524945922
8.893063510000047,3.91,3.41,2.18,0.0990326080000159,0.11289922100013428,0.08483263500011162,3.7491332331620333,3.2242828660029197,1.8762462524945922
8.94319747999998,3.84,3.43,2.18,0.004777703999934602,0.018704692000028444,0.1349666050000451,3.676071272432024,3.245427552727067,1.8762462524945922
8.993457433000003,3.84,3.43,2.12,0.05503765699995711,0.06896464500005095,0.04141329599997334,3.676071272432024,3.245427552727067,1.8061838223170976
9.043600920000017,3.84,3.43,2.12,0.10518114399997103,0.11910813200006487,0.09155678299998726,3.676071272432024,3.245427552727067,1.8061838223170976
9.09374019400002,3.87,3.41,2.12,0.011362775999941732,0.025185383000007278,0.1416960569999901,3.7073980093860976,3.2242828660029197,1.8061838223170976
9.144016166000029,3.87,3.41,2.14,0.06163874799995028,0.07546135500001583,0.04763713300008021,3.7073980093860976,3.2242828660029197,1.8296174463531987
9.194208543000059,3.87,3.41,2.14,0.1118311249999806,0.12565373200004615,0.09782951000011053,3.7073980093860976,3.2242828660029197,1.8296174463531987
9.244398868999951,3.83,3.35,2.13,0.017912566999939372,0.03181604599990351,0.0036324279999462306,3.6656240942027867,3.1607594024221455,1.8179108889051738
9.294576203999895,3.83,3.35,2.13,0.0680899019998833,0.08199338099984743,0.053809762999890154,3.6656240942027867,3.1607594024221455,1.8179108889051738
9.34468764899998,3.83,3.35,2.13,0.11820134699996743,0.13210482599993156,0.10392120799997429,3.6656240942027867,3.1607594024221455,1.8179108889051738
9.394798544999958,3.89,3.42,2.14,0.02454213299984076,0.03837654099993415,0.009895423999978448,3.7282703764614498,3.2348570292982033,1.8296174463531987
9.444931131999965,3.89,3.42,2.14,0.0746747199998481,0.08850912799994148,0.06002801099998578,3.7282703764614498,3.2348570292982033,1.8296174463531987
9.495146327999919,3.89,3.42,2.14,0.12488991599980181,0.1387243239998952,0.1102432069999395,3.7282703764614498,3.2348570292982033,1.8296174463531987
9.54542846000004,3.88,3.36,2.19,0.030834927000114476,0.04493379700011246,0.016537353000103394,3.717835391729978,3.171356176779896,1.887855926706273
9.595781592000094,3.88,3.36,2.19,0.08118805900016923,0.09528692900016722,0.06689048500015815,3.717835391729978,3.171356176779896,1.887855926706273
9.646096650000118,3.88,3.42,2.19,0.13150311700019301,0.001423209000222414,0.11720554300018193,3.717835391729978,3.2348570292982033,1.887855926706273
9.696430683000017,3.84,3.42,2.16,0.03801913400002377,0.05175724200012155,0.023801991000027556,3.676071272432024,3.2348570292982033,1.8529705880018712
9.746783003000019,3.84,3.42,2.16,0.08837145400002555,0.10210956200012333,0.07415431100002934,3.676071272432024,3.2348570292982033,1.8529705880018712
9.797131269999909,3.84,3.45,2.16,0.1387197209999158,0.008782637999956933,0.1245025779999196,3.676071272432024,3.266557821315888,1.8529705880018712
9.847462373000099,3.86,3.45,2.15,0.044731576999993194,0.05911374100014655,0.030852873000185355,3.6969582091227373,3.266557821315888,1.8413038858374247
9.897586605000015,3.86,3.45,2.15,0.09485580899990964,0.109237973000063,0.0809771050001018,3.6969582091227373,3.266557821315888,1.8413038858374247
9.947671035999974,3.83,3.41,2.15,0.0007977779998782353,0.01516769599993495,0.1310615360000611,3.6656240942027867,3.2242828660029197,1.8413038858374247
9.998001787000021,3.83,3.41,2.13,0.05112852899992504,0.06549844699998175,0.03704435500003456,3.6656240942027867,3.2242828660029197,1.8179108889051738
10.048116011000047,3.83,3.41,2.13,0.10124275299995134,0.11561267100000805,0.08715857900006085,3.6656240942027867,3.2242828660029197,1.8179108889051738
10.098443181999983,3.87,3.41,2.13,0.007374476999984836,0.021920098000009602,0.1374857499999962,3.7073980093860976,3.2242828660029197,1.8179108889051738
10.148781270999962,3.87,3.41,2.15,0.05771256599996377,0.07225818699998854,0.04400658700001259,3.7073980093860976,3.2242828660029197,1.8413038858374247
10.198960320999959,3.87,3.41,2.15,0.10789161599996078,0.12243723699998554,0.09418563700000959,3.7073980093860976,3.2242828660029197,1.8413038858374247
10.24906020000003,3.87,3.36,2.18,0.014512589000105436,0.02876456500007407,0.0001578999999765074,3.7073980093860976,3.171356176779896,1.8762462524945922
10.299407348999921,3.87,3.36,2.18,0.06485973799999556,0.0791117139999642,0.05050504899986663,3.7073980093860976,3.171356176779896,1.8762462524945922
10.34964580499991,3.87,3.36,2.18,0.11509819399998378,0.1293501699999524,0.10074350499985485,3.7073980093860976,3.171356176779896,1.8762462524945922
10.39997448600002,3.86,3.41,2.13,0.02109110099991085,0.03476003600007971,0.007269786000051681,3.6969582091227373,3.2242828660029197,1.8179108889051738
10.450104888999931,3.86,3.41,2.13,0.07122150399982274,0.0848904389999916,0.057400188999963575,3.6969582091227373,3.2242828660029197,1.8179108889051738
10.500446723000096,3.86,3.41,2.13,0.1215633379999872,0.13523227300015606,0.10774202300012803,3.6969582091227373,3.2242828660029197,1.8179108889051738
10.550794448000033,3.88,3.33,2.16,0.02773009800012005,0.04187824700011333,0.013657854000030056,3.717835391729978,3.1395541084682708,1.8529705880018712
10.601136790000055,3.88,3.33,2.16,0.0780724400001418,0.09222058900013508,0.0640001960000518,3.717835391729978,3.1395541084682708,1.8529705880018712
10.651280255000074,3.88,3.33,2.16,0.128215905000161,0.14236405400015428,0.114143661000071,3.717835391729978,3.1395541084682708,1.8529705880018712
10.701488728999948,3.91,3.41,2.12,0.03459981099990728,0.04824654799995187,0.020377200999973866,3.7491332331620333,3.2242828660029197,1.8061838223170976
10.75163382200003,3.91,3.41,2.12,0.08474490399999013,0.09839164100003472,0.07052229400005672,3.7491332331620333,3.2242828660029197,1.8061838223170976
10.801751819999936,3.91,3.36,2.12,0.13486290199989526,0.004731676999881529,0.12064029199996185,3.7491332331620333,3.171356176779896,1.8061838223170976
10.851887609999949,3.9,3.36,2.17,0.04083165299994107,0.05486746699989453,0.026740329999938695,3.73870298365623,3.171356176779896,1.8646179233290663
10.902181585000108,3.9,3.36,2.17,0.09112562800009982,0.10516144200005328,0.07703430500009745,3.73870298365623,3.171356176779896,1.8646179233290663
10.952508154000043,3.9,3.46,2.17,0.14145219700003508,0.011236521999990146,0.1273608740000327,3.73870298365623,3.2771176359721967,1.8646179233290663
11.002653487000089,3.88,3.46,2.15,0.04754111600004762,0.06138185500003601,0.03350618800004668,3.717835391729978,3.2771176359721967,1.8413038858374247
11.052987375999919,3.88,3.46,2.15,0.097875004999878,0.11171574399986639,0.08384007699987706,3.717835391729978,3.2771176359721967,1.8413038858374247
11.103129368000054,3.86,3.42,2.15,0.003883585000039602,0.017805314000042927,0.13398206900001242,3.6969582091227373,3.2348570292982033,1.8413038858374247
11.153476770999987,3.86,3.42,2.16,0.05423098799997206,0.06815271699997538,0.04048918400008006,3.6969582091227373,3.2348570292982033,1.8529705880018712
11.203611595999973,3.86,3.42,2.16,0.10436581299995851,0.11828754199996183,0.09062400900006651,3.6969582091227373,3.2348570292982033,1.8529705880018712
11.253751644999966,3.87,3.32,2.16,0.010779800999898725,0.0247011520000342,0.14076405800005887,3.7073980093860976,3.128945509273052,1.8529705880018712
11.303922820000025,3.87,3.32,2.17,0.060950975999958246,0.07487232700009372,0.04705957600003785,3.7073980093860976,3.128945509273052,1.8646179233290663
11.354024872000082,3.87,3.32,2.17,0.11105302800001482,0.12497437900015029,0.09716162800009442,3.7073980093860976,3.128945509273052,1.8646179233290663
11.404319479999913,3.87,3.32,2.17,0.1613476359998458,0.17526898699998128,0.1474562359999254,3.7073980093860976,3.128945509273052,1.8646179233290663
11.454464964999943,3.87,3.32,2.17,0.21149312099987583,0.2254144720000113,0.19760172099995543,3.7073980093860976,3.128945509273052,1.8646179233290663
11.504610818999936,3.87,3.32,2.17,0.2616389749998689,0.27556032600000435,0.24774757499994848,3.7073980093860976,3.128945509273052,1.8646179233290663
11.554743250000001,3.86,3.36,2.16,0.02371020300006421,0.03758372299989787,0.009692485999948985,3.6969582091227373,3.171356176779896,1.8529705880018712
11.604861338000092,3.86,3.36,2.16,0.07382829100015442,0.08770181099998808,0.059810574000039196,3.6969582091227373,3.171356176779896,1.8529705880018712
11.655043005999914,3.86,3.36,2.16,0.12400995899997724,0.1378834789998109,0.10999224199986202,3.6969582091227373,3.171356176779896,1.8529705880018712
11.705378568000015,3.86,3.4,2.17,0.02999157599992941,0.044068517999903634,0.016001895000044897,3.6969582091227373,3.2137050269120837,1.8646179233290663
11.755732583000054,3.86,3.4,2.17,0.08034559099996841,0.09442253299994263,0.0663559100000839,3.6969582091227373,3.2137050269120837,1.8646179233290663
11.805825460000051,3.86,3.35,2.17,0.13043846799996572,0.0006029119999766408,0.11644878700008121,3.6969582091227373,3.1607594024221455,1.8646179233290663
11.856066527999928,3.87,3.35,2.14,0.03664096599982258,0.05084397999985413,0.02239237999992838,3.7073980093860976,3.1607594024221455,1.8296174463531987
11.906209992999948,3.87,3.35,2.14,0.08678443099984179,0.10098744499987333,0.07253584499994759,3.7073980093860976,3.1607594024221455,1.8296174463531987
11.956329739000012,3.87,3.34,2.14,0.13690417699990576,0.0067937930000425695,0.12265559100001155,3.7073980093860976,3.1501587261596833,1.8296174463531987
12.006486343000006,3.83,3.34,2.17,0.04336093999995683,0.0569503970000369,0.028788862000055815,3.6656240942027867,3.1501587261596833,1.8646179233290663
12.056632714999978,3.83,3.34,2.17,0.09350731199992879,0.10709676900000886,0.07893523400002778,3.6656240942027867,3.1501587261596833,1.8646179233290663
12.106990235000012,3.83,3.3,2.17,0.14386483199996292,0.013441132000025391,0.1292927540000619,3.6656240942027867,3.1077162032592356,1.8646179233290663
12.157123705999993,3.89,3.3,2.16,0.04917880199991487,0.06357460300000639,0.03535944800000834,3.7282703764614498,3.1077162032592356,1.8529705880018712
12.207256427999937,3.89,3.3,2.16,0.09931152399985876,0.11370732499995029,0.08549216999995224,3.7282703764614498,3.1077162032592356,1.8529705880018712
12.257427408000012,3.83,3.42,2.16,0.005604216999927303,0.019847020000042903,0.1356631500000276,3.6656240942027867,3.2348570292982033,1.8529705880018712
12.3075735970001,3.83,3.42,2.2,0.05575040600001557,0.06999320900013117,0.04212944599998991,3.6656240942027867,3.2348570292982033,1.89944728802881
12.357865420000053,3.83,3.42,2.2,0.10604222899996785,0.12028503200008345,0.09242126899994219,3.6656240942027867,3.2348570292982033,1.89944728802881
12.407958576000055,3.86,3.28,2.2,0.012223696000091877,0.02634697700000288,0.14251442499994482,3.6969582091227373,3.0864704761264115,1.89944728802881
12.458074401999966,3.86,3.28,2.14,0.062339522000002034,0.07646280299991304,0.04871167900000728,3.6969582091227373,3.0864704761264115,1.8296174463531987
12.508341059000031,3.86,3.28,2.14,0.11260617900006764,0.12672945999997864,0.09897833600007289,3.6969582091227373,3.0864704761264115,1.8296174463531987
12.558487975999924,3.87,3.38,2.15,0.0186857510000209,0.033169541999996,0.004599405999897499,3.7073980093860976,3.1925381751828743,1.8413038858374247
12.608800531000043,3.87,3.38,2.15,0.06899830600013956,0.08348209700011466,0.05491196100001616,3.7073980093860976,3.1925381751828743,1.8413038858374247
12.659147557000097,3.87,3.38,2.15,0.1193453320001936,0.1338291230001687,0.10525898700007019,3.7073980093860976,3.1925381751828743,1.8413038858374247
12.709478609999906,3.92,3.36,2.15,0.025884439999799724,0.039999956999963615,0.011574984999924709,3.7595611446018533,3.171356176779896,1.8413038858374247
12.759590682999942,3.92,3.36,2.15,0.07599651299983634,0.09011203000000023,0.061687057999961326,3.7595611446018533,3.171356176779896,1.8413038858374247
12.810032501000023,3.92,3.36,2.15,0.12643833099991753,0.14055384800008142,0.11212887600004251,3.7595611446018533,3.171356176779896,1.8413038858374247
12.860174674000064,3.87,3.42,2.15,0.03216118299997106,0.046487758000012036,0.018427287000122305,3.7073980093860976,3.2348570292982033,1.8413038858374247
12.910511726000095,3.87,3.42,2.15,0.08249823500000275,0.09682481000004373,0.068764339000154,3.7073980093860976,3.2348570292982033,1.8413038858374247
12.960654521999913,3.87,3.41,2.15,0.13264103099982094,0.0025522729999920557,0.11890713499997219,3.7073980093860976,3.2242828660029197,1.8413038858374247
13.010771479999903,3.88,3.41,2.18,0.03874202699989837,0.052669230999981664,0.024771585999815215,3.717835391729978,3.2242828660029197,1.8762462524945922
13.061079084000085,3.88,3.41,2.18,0.0890496310000799,0.10297683500016319,0.07507918999999674,3.717835391729978,3.2242828660029197,1.8762462524945922
13.111240163000048,3.88,3.4,2.18,0.13921071000004304,0.00943732199993974,0.12524026899995988,3.717835391729978,3.2137050269120837,1.8762462524945922
13.161583434000022,3.84,3.4,2.15,0.04582783099999688,0.059780592999914006,0.031804683000018485,3.676071272432024,3.2137050269120837,1.8413038858374247
13.211919071000011,3.84,3.4,2.15,0.0961634679999861,0.11011622999990323,0.0821403200000077,3.676071272432024,3.2137050269120837,1.8413038858374247
13.262062729000036,3.88,3.41,2.15,0.0019609959999797866,0.016299388000106774,0.13228397800003222,3.717835391729978,3.2242828660029197,1.8413038858374247
13.312296785999933,3.88,3.41,2.13,0.05219505299987759,0.06653344500000458,0.03829419599992434,3.717835391729978,3.2242828660029197,1.8179108889051738
13.36264488400002,3.88,3.41,2.13,0.10254315099996347,0.11688154300009046,0.08864229400001022,3.717835391729978,3.2242828660029197,1.8179108889051738
13.412975237999945,3.84,3.32,2.13,0.009199417999980142,0.02303214699986711,0.13897264799993536,3.676071272432024,3.128945509273052,1.8179108889051738
13.46330669300005,3.84,3.32,2.16,0.059530873000085194,0.07336360199997216,0.045646067999996376,3.676071272432024,3.128945509273052,1.8529705880018712
13.513616574000025,3.84,3.32,2.16,0.10984075400006077,0.12367348299994774,0.09595594899997195,3.676071272432024,3.128945509273052,1.8529705880018712
13.56380407000006,3.9,3.41,2.12,0.015911214999960066,0.02989862300000823,0.0017412050001439638,3.73870298365623,3.2242828660029197,1.8061838223170976
13.614149336000082,3.9,3.41,2.12,0.06625648099998216,0.08024388900003032,0.05208647100016606,3.73870298365623,3.2242828660029197,1.8061838223170976
13.664492518000088,3.9,3.41,2.12,0.11659966299998814,0.1305870710000363,0.10242965300017204,3.73870298365623,3.2242828660029197,1.8061838223170976
13.71479611399991,3.87,3.36,2.11,0.0226445700000113,0.03682061299991801,0.008707522999884532,3.7073980093860976,3.171356176779896,1.794435844492636
13.765110621000076,3.87,3.36,2.11,0.07295907700017779,0.0871351200000845,0.05902203000005102,3.7073980093860976,3.171356176779896,1.794435844492636
13.815455035000014,3.87,3.36,2.11,0.12330349100011517,0.13747953400002189,0.1093664439999884,3.7073980093860976,3.171356176779896,1.794435844492636
13.8655800680001,3.86,3.43,2.19,0.029317516999981308,0.043524776000140264,0.01558954500001164,3.6969582091227373,3.245427552727067,1.887855926706273
13.915931888999921,3.86,3.43,2.19,0.07966933799980325,0.0938765969999622,0.06594136599983358,3.6969582091227373,3.245427552727067,1.887855926706273
13.966100636999954,3.86,3.43,2.19,0.12983808599983604,0.144045344999995,0.11611011399986637,3.6969582091227373,3.245427552727067,1.887855926706273
14.016406509000035,3.88,3.39,2.18,0.03653471100005845,0.05005584700006693,0.022428860999980316,3.717835391729978,3.2031234756093934,1.8762462524945922
14.066634295000085,3.88,3.39,2.18,0.08676249700010885,0.10028363300011733,0.07265664700003072,3.717835391729978,3.2031234756093934,1.8762462524945922
14.116967941999974,3.88,3.36,2.18,0.13709614399999737,0.0066495779999513616,0.12299029399991923,3.717835391729978,3.171356176779896,1.8762462524945922
14.167085789000112,3.86,3.36,2.14,0.043115696000086245,0.05676742500008913,0.029050326000060522,3.6969582091227373,3.171356176779896,1.8296174463531987
14.217405413000051,3.86,3.36,2.14,0.09343532000002597,0.10708704900002886,0.07936995000000024,3.6969582091227373,3.171356176779896,1.8296174463531987
14.267752629999904,3.86,3.36,2.14,0.14378253699987908,0.01340653499983091,0.12971716699985336,3.6969582091227373,3.171356176779896,1.8296174463531987
14.317918663,3.88,3.36,2.14,0.04950483900006475,0.06357256799992683,0.035489757000050304,3.717835391729978,3.171356176779896,1.8296174463531987
14.368256926999948,3.88,3.36,2.14,0.09984310300001198,0.11391083199987406,0.08582802099999753,3.717835391729978,3.171356176779896,1.8296174463531987
14.418562298000097,3.88,3.36,2.14,0.1501484740001615,0.1642162030000236,0.13613339200014707,3.717835391729978,3.171356176779896,1.8296174463531987
14.468691833000094,3.88,3.36,2.14,0.2002780090001579,0.21434573800002,0.18626292700014346,3.717835391729978,3.171356176779896,1.8296174463531987
14.519036845000073,3.88,3.36,2.14,0.25062302100013767,0.26469074999999975,0.23660793900012322,3.717835391729978,3.171356176779896,1.8296174463531987
14.569234250999898,3.88,3.34,2.14,0.013010255999915898,0.026824628999975175,0.2868053449999479,3.717835391729978,3.1501587261596833,1.8296174463531987
14.619414695999922,3.88,3.34,2.14,0.06319070099993951,0.07700507399999879,0.04908086000000367,3.717835391729978,3.1501587261596833,1.8296174463531987
14.669735504000073,3.88,3.34,2.14,0.11351150900009088,0.12732588200015016,0.09940166800015504,3.717835391729978,3.1501587261596833,1.8296174463531987
14.720075397000073,3.87,3.39,2.15,0.019699547000072926,0.033657281000159855,0.005478354000160834,3.7073980093860976,3.2031234756093934,1.8413038858374247
14.770421309000085,3.87,3.39,2.15,0.07004545900008452,0.08400319300017145,0.05582426600017243,3.7073980093860976,3.2031234756093934,1.8413038858374247
14.820566849999977,3.87,3.39,2.15,0.12019099999997707,0.134148734000064,0.10596980700006497,3.7073980093860976,3.2031234756093934,1.8413038858374247
14.870893990000013,3.83,3.4,2.18,0.026396053000098618,0.04044571300005373,0.012361398999928497,3.6656240942027867,3.2137050269120837,1.8762462524945922
14.92124640399993,3.83,3.4,2.18,0.07674846700001581,0.09079812699997092,0.06271381299984569,3.6656240942027867,3.2137050269120837,1.8762462524945922
14.97137645099997,3.83,3.4,2.18,0.12687851400005457,0.14092817400000968,0.11284385999988444,3.6656240942027867,3.2137050269120837,1.8762462524945922
15.021715149000102,3.87,3.38,2.16,0.032977768000137075,0.047382484000081604,0.01904128700016372,3.7073980093860976,3.1925381751828743,1.8529705880018712
15.072048614000096,3.87,3.38,2.16,0.08331123300013132,0.09771594900007585,0.06937475200015797,3.7073980093860976,3.1925381751828743,1.8529705880018712
15.122377638999978,3.87,3.39,2.16,0.133640258000014,0.003862754000010682,0.11970377700004065,3.7073980093860976,3.2031234756093934,1.8529705880018712
15.17274972700011,3.87,3.39,2.16,0.0399801330001992,0.054234842000141725,0.02632460000018,3.7073980093860976,3.2031234756093934,1.8529705880018712
15.222875417000068,3.87,3.39,2.16,0.09010582300015813,0.10436053200010065,0.07645029000013892,3.7073980093860976,3.2031234756093934,1.8529705880018712
15.273068778999914,3.87,3.38,2.16,0.1402991850000035,0.010735783999962223,0.12664365199998429,3.7073980093860976,3.1925381751828743,1.8529705880018712
15.323406960000057,3.84,3.38,2.15,0.04681174000006649,0.06107396500010509,0.03263955900001747,3.676071272432024,3.1925381751828743,1.8413038858374247
15.373591853000107,3.84,3.38,2.15,0.09699663300011707,0.11125885800015567,0.08282445200006805,3.676071272432024,3.1925381751828743,1.8413038858374247
15.423937612999907,3.88,3.35,2.15,0.0031086969997886627,0.017387789999929737,0.13317021199986812,3.717835391729978,3.1607594024221455,1.8413038858374247
15.474072638000052,3.88,3.35,2.11,0.05324372199993377,0.06752281500007484,0.03947254600007,3.717835391729978,3.1607594024221455,1.794435844492636
15.52418721999993,3.88,3.35,2.11,0.10335830399981205,0.11763739699995313,0.08958712799994828,3.717835391729978,3.1607594024221455,1.794435844492636
15.57436473000007,3.84,3.35,2.11,0.009796312000162288,0.02367446700009168,0.13976463800008787,3.676071272432024,3.1607594024221455,1.794435844492636
15.62466653499996,3.84,3.35,2.18,0.0600981170000523,0.07397627199998169,0.04601597199985008,3.676071272432024,3.1607594024221455,1.8762462524945922
15.674862785999949,3.84,3.35,2.18,0.11029436800004078,0.12417252299997017,0.09621222299983856,3.676071272432024,3.1607594024221455,1.8762462524945922
15.72517708800001,3.88,3.39,2.16,0.016269074000092587,0.030165792999923724,0.002367623000054664,3.717835391729978,3.2031234756093934,1.8529705880018712
15.775322060999997,3.88,3.39,2.16,0.06641404700008025,0.08031076599991138,0.05251259600004232,3.717835391729978,3.2031234756093934,1.8529705880018712
15.825615180000113,3.88,3.39,2.16,0.1167071660001966,0.13060388500002773,0.10280571500015867,3.717835391729978,3.2031234756093934,1.8529705880018712
15.875945391999949,3.87,3.31,2.16,0.02323634000003949,0.03712198299990632,0.009111699999948542,3.7073980093860976,3.118332887938682,1.8529705880018712
15.926109607999933,3.87,3.31,2.16,0.07340055600002415,0.08728619899989098,0.059275915999933204,3.7073980093860976,3.118332887938682,1.8529705880018712
15.976437569999916,3.87,3.31,2.16,0.12372851800000717,0.137614160999874,0.10960387799991622,3.7073980093860976,3.118332887938682,1.8529705880018712
16.02656985900012,3.86,3.36,2.18,0.029554472000199894,0.04375206100007745,0.015668799000195577,3.6969582091227373,3.171356176779896,1.8762462524945922
16.076686083999903,3.86,3.36,2.18,0.07967069699998319,0.09386828599986075,0.06578502399997888,3.6969582091227373,3.171356176779896,1.8762462524945922
16.126832569000044,3.86,3.36,2.18,0.12981718200012438,0.14401477100000193,0.11593150900012006,3.6969582091227373,3.171356176779896,1.8762462524945922
16.17716420900001,3.84,3.43,2.14,0.03618321899989496,0.05005168799993953,0.022563370999932886,3.676071272432024,3.245427552727067,1.8296174463531987
16.227474062000056,3.84,3.43,2.14,0.08649307199993927,0.10036154099998384,0.0728732239999772,3.676071272432024,3.245427552727067,1.8296174463531987
16.27762144999997,3.84,3.45,2.14,0.1366404599998532,0.0068290510000679205,0.12302061199989112,3.676071272432024,3.266557821315888,1.8296174463531987
16.327798231000088,3.88,3.45,2.18,0.04307184499998584,0.057005832000186274,0.028800184000147055,3.717835391729978,3.266557821315888,1.8762462524945922
16.378134789000114,3.88,3.45,2.18,0.09340840300001219,0.10734239000021262,0.0791367420001734,3.717835391729978,3.266557821315888,1.8762462524945922
16.428279053000097,3.88,3.42,2.18,0.14355266699999447,0.013348933000088437,0.12928100600015568,3.717835391729978,3.2348570292982033,1.8762462524945922
16.478635624999924,3.86,3.42,2.17,0.04942642899982275,0.06370550499991623,0.03575263199991241,3.6969582091227373,3.2348570292982033,1.8646179233290663
16.528806139999915,3.86,3.42,2.17,0.09959694399981345,0.11387601999990693,0.08592314699990311,3.6969582091227373,3.2348570292982033,1.8646179233290663
16.57902996100006,3.88,3.43,2.17,0.006048645999953806,0.019876436000004105,0.13614696800004822,3.717835391729978,3.245427552727067,1.8646179233290663
16.629204581000067,3.88,3.43,2.13,0.05622326599996086,0.07005105600001116,0.04246258900002431,3.717835391729978,3.245427552727067,1.8179108889051738
16.679328294000015,3.88,3.43,2.13,0.10634697899990897,0.12017476899995927,0.09258630199997242,3.717835391729978,3.245427552727067,1.8179108889051738
16.729701028999898,3.88,3.44,2.13,0.012576873999933014,0.02649364599983528,0.14295903699985502,3.717835391729978,3.255994471739778,1.8179108889051738
16.780044837000105,3.88,3.44,2.18,0.06292068200014,0.07683745400004227,0.04926595000006273,3.717835391729978,3.255994471739778,1.8762462524945922
16.830390262000037,3.88,3.44,2.18,0.11326610700007222,0.1271828789999745,0.09961137499999495,3.717835391729978,3.255994471739778,1.8762462524945922
16.88053283299996,3.86,3.42,2.14,0.01938826099990365,0.03384215899995979,0.005263351999929,3.6969582091227373,3.2348570292982033,1.8296174463531987
16.930674726000007,3.86,3.42,2.14,0.06953015399994911,0.08398405200000525,0.05540524499997446,3.6969582091227373,3.2348570292982033,1.8296174463531987
16.980971558999954,3.86,3.42,2.14,0.11982698699989669,0.13428088499995283,0.10570207799992204,3.6969582091227373,3.2348570292982033,1.8296174463531987
17.03131534199997,3.88,3.33,2.16,0.026065180999921722,0.04021785099985209,0.011881212999924173,3.717835391729978,3.1395541084682708,1.8529705880018712
17.08162999299998,3.88,3.33,2.16,0.07637983199992959,0.09053250199985996,0.062195863999932044,3.717835391729978,3.1395541084682708,1.8529705880018712
17.131748933999916,3.88,3.33,2.16,0.12649877299986656,0.14065144299979693,0.11231480499986901,3.717835391729978,3.1395541084682708,1.8529705880018712
17.181912121000096,3.84,3.39,2.16,0.03273977499998182,0.04684369200003857,0.018756031000066287,3.676071272432024,3.2031234756093934,1.8529705880018712
17.232225237999955,3.84,3.39,2.16,0.08305289199984145,0.0971568089998982,0.06906914799992592,3.676071272432024,3.2031234756093934,1.8529705880018712
17.282365050999942,3.84,3.45,2.16,0.1331927049998285,0.0032103700000334356,0.11920896099991296,3.676071272432024,3.266557821315888,1.8529705880018712
17.33247649300006,3.86,3.45,2.17,0.03921193900009712,0.05332181200014929,0.025004029000001537,3.6969582091227373,3.266557821315888,1.8646179233290663
17.38276566600007,3.86,3.45,2.17,0.08950111200010724,0.10361098500015942,0.07529320200001166,3.6969582091227373,3.266557821315888,1.8646179233290663
17.432893078999996,3.86,3.45,2.17,0.13962852500003464,0.15373839800008682,0.12542061499993906,3.6969582091227373,3.266557821315888,1.8646179233290663
17.483010343999922,3.86,3.45,2.17,0.18974578999996083,0.203855663000013,0.17553787999986525,3.6969582091227373,3.266557821315888,1.8646179233290663
17.53314168399993,3.86,3.45,2.17,0.23987712999996802,0.2539870030000202,0.22566921999987244,3.6969582091227373,3.266557821315888,1.8646179233290663
17.583277786000053,3.86,3.42,2.17,0.0016616390000763204,0.016138381000018853,0.2758053219999965,3.6969582091227373,3.2348570292982033,1.8646179233290663
17.633618966000085,3.86,3.42,2.19,0.0520028190001085,0.06647956100005104,0.03809878600009142,3.6969582091227373,3.2348570292982033,1.887855926706273
17.683946604000084,3.86,3.42,2.19,0.10233045700010734,0.11680719900004988,0.08842642400009026,3.6969582091227373,3.2348570292982033,1.887855926706273
17.734060021000005,3.88,3.35,2.19,0.0086846050000986,0.022919630999922447,0.1385398410000107,3.717835391729978,3.1607594024221455,1.887855926706273
17.784231357999943,3.88,3.35,2.11,0.05885594200003652,0.07309096799986037,0.04474471799994717,3.717835391729978,3.1607594024221455,1.794435844492636
17.834396250000054,3.88,3.35,2.11,0.10902083400014817,0.12325585999997202,0.09490961000005882,3.717835391729978,3.1607594024221455,1.794435844492636
17.88449937600012,3.89,3.35,2.17,0.015152814000202852,0.029109685000094032,0.0010478990000137856,3.7282703764614498,3.1607594024221455,1.8646179233290663
17.934640403999992,3.89,3.35,2.17,0.06529384200007371,0.07925071299996489,0.05118892699988464,3.7282703764614498,3.1607594024221455,1.8646179233290663
17.984728829999995,3.89,3.35,2.17,0.11538226800007578,0.12933913899996696,0.10127735299988672,3.7282703764614498,3.1607594024221455,1.8646179233290663
18.035065941000084,3.89,3.36,2.13,0.02163599699997576,0.03564839099999517,0.007458727000084764,3.7282703764614498,3.171356176779896,1.8179108889051738
18.085399570999925,3.89,3.36,2.13,0.07196962699981668,0.0859820209998361,0.05779235699992569,3.7282703764614498,3.171356176779896,1.8179108889051738
18.135745929999985,3.89,3.36,2.13,0.12231598599987592,0.13632837999989533,0.10813871599998492,3.7282703764614498,3.171356176779896,1.8179108889051738
18.18608567000001,3.84,3.4,2.21,0.028669592999904125,0.042615191000095365,0.014646910000010394,3.676071272432024,3.2137050269120837,1.9110206696946006
18.236207969999896,3.84,3.4,2.21,0.07879189299978862,0.09273749099997985,0.06476920999989488,3.676071272432024,3.2137050269120837,1.9110206696946006
18.286541064999938,3.84,3.4,2.21,0.1291249879998304,0.14307058600002165,0.11510230499993668,3.676071272432024,3.2137050269120837,1.9110206696946006
18.336656000999938,3.88,3.36,2.14,0.034938345999989906,0.049083138000014515,0.021018770999944536,3.717835391729978,3.171356176779896,1.8296174463531987
18.386957044999917,3.88,3.36,2.14,0.08523938999996972,0.09938418199999433,0.07131981499992435,3.717835391729978,3.171356176779896,1.8296174463531987
18.437294272999907,3.88,3.32,2.14,0.13557661799995913,0.005404735999945842,0.12165704299991376,3.717835391729978,3.128945509273052,1.8296174463531987
18.487415915999918,3.87,3.32,2.15,0.04187727999988056,0.05552637899995716,0.02773093899986634,3.7073980093860976,3.128945509273052,1.8413038858374247
18.537536115999956,3.87,3.32,2.15,0.09199747999991814,0.10564657899999474,0.07785113899990392,3.7073980093860976,3.128945509273052,1.8413038858374247
18.587648911000088,3.87,3.42,2.15,0.14211027500005002,0.011766622000095595,0.1279639340000358,3.7073980093860976,3.2348570292982033,1.8413038858374247
18.637871413000084,3.88,3.42,2.2,0.048380008000094676,0.06198912400009249,0.034296239000013884,3.717835391729978,3.2348570292982033,1.89944728802881
18.688165817000026,3.88,3.42,2.2,0.09867441200003668,0.1122835280000345,0.08459064299995589,3.717835391729978,3.2348570292982033,1.89944728802881
18.738293944999896,3.87,3.39,2.2,0.004410968999991383,0.018387843999789766,0.1347187709998252,3.7073980093860976,3.2031234756093934,1.89944728802881
18.78847087500003,3.87,3.39,2.16,0.05458789900012562,0.068564773999924,0.0408791760000895,3.7073980093860976,3.2031234756093934,1.8529705880018712
18.838811023000062,3.87,3.39,2.16,0.10492804700015768,0.11890492199995606,0.09121932400012156,3.7073980093860976,3.2031234756093934,1.8529705880018712
18.88916101399991,3.87,3.34,2.16,0.011276787999804583,0.02520028399999319,0.14156931499996972,3.7073980093860976,3.1501587261596833,1.8529705880018712
18.939488660000052,3.87,3.34,2.15,0.061604433999946195,0.0755279300001348,0.047952396000027875,3.7073980093860976,3.1501587261596833,1.8413038858374247
18.989657161999958,3.87,3.34,2.15,0.11177293599985205,0.12569643200004066,0.09812089799993373,3.7073980093860976,3.1501587261596833,1.8413038858374247
19.039803463,3.91,3.36,2.17,0.01786859599997115,0.03182445099992037,0.004319383999927595,3.7491332331620333,3.171356176779896,1.8646179233290663
19.09013908099996,3.91,3.36,2.17,0.06820421399993393,0.08216006899988315,0.054655001999890374,3.7491332331620333,3.171356176779896,1.8646179233290663
19.14048760200012,3.91,3.36,2.17,0.11855273500009389,0.1325085900000431,0.10500352300005034,3.7491332331620333,3.171356176779896,1.8646179233290663
19.19078197099998,3.84,3.4,2.16,0.024798399000019344,0.0391538970000056,0.010963102000005165,3.676071272432024,3.2137050269120837,1.8529705880018712
19.24114736399997,3.84,3.4,2.16,0.07516379200001211,0.08951928999999836,0.06132849499999793,3.676071272432024,3.2137050269120837,1.8529705880018712
19.29150014600009,3.84,3.4,2.16,0.12551657400013028,0.13987207200011653,0.1116812770001161,3.676071272432024,3.2137050269120837,1.8529705880018712
19.341619118999915,3.86,3.45,2.13,0.03190281299998787,0.04560526599993864,0.01774171299985028,3.6969582091227373,3.266557821315888,1.8179108889051738
19.391948647999925,3.86,3.45,2.13,0.08223234199999752,0.09593479499994828,0.06807124199985992,3.6969582091227373,3.266557821315888,1.8179108889051738
19.442119023000032,3.86,3.45,2.13,0.13240271700010453,0.0020195039999180153,0.11824161699996694,3.6969582091227373,3.266557821315888,1.8179108889051738
19.492262224000115,3.86,3.45,2.19,0.03844419700021717,0.05216270500000064,0.024280926000074032,3.6969582091227373,3.266557821315888,1.887855926706273
19.54239246499992,3.86,3.45,2.19,0.08857443800002329,0.10229294599980676,0.07441116699988015,3.6969582091227373,3.266557821315888,1.887855926706273
19.59273516999997,3.86,3.34,2.19,0.13891714300007152,0.008617391999905522,0.12475387199992838,3.6969582091227373,3.1501587261596833,1.887855926706273
19.642906102000097,3.88,3.34,2.19,0.04490758400015693,0.058788324000033754,0.030665731999988566,3.717835391729978,3.1501587261596833,1.887855926706273
19.69303883900011,3.88,3.34,2.19,0.09504032100016957,0.10892106100004639,0.0807984690000012,3.717835391729978,3.1501587261596833,1.887855926706273
19.74316864499997,3.88,3.41,2.19,0.0014591399999517307,0.01508042899990869,0.13092827499986015,3.717835391729978,3.2242828660029197,1.887855926706273
19.793311070000073,3.88,3.41,2.16,0.051601565000055416,0.06522285400001238,0.03705698800013124,3.717835391729978,3.2242828660029197,1.8529705880018712
19.843431879000036,3.88,3.41,2.16,0.10172237400001904,0.115343662999976,0.08717779700009487,3.717835391729978,3.2242828660029197,1.8529705880018712
19.89355194199993,3.87,3.41,2.16,0.007831128999896464,0.021607036999967022,0.13729785999998967,3.7073980093860976,3.2242828660029197,1.8529705880018712
19.943690680999907,3.87,3.41,2.17,0.057969867999872804,0.07174577599994336,0.04356318999998621,3.7073980093860976,3.2242828660029197,1.8646179233290663
19.993809994999992,3.87,3.41,2.17,0.10808918199995787,0.12186509000002843,0.09368250400007128,3.7073980093860976,3.2242828660029197,1.8646179233290663
20.04410781499996,3.86,3.42,2.14,0.013897637999889412,0.02808521599990854,7.296199987649743e-05,3.6969582091227373,3.2348570292982033,1.8296174463531987
20.09444062600005,3.86,3.42,2.14,0.06423044899997876,0.07841802699999789,0.05040577299996585,3.6969582091227373,3.2348570292982033,1.8296174463531987
20.144627677000017,3.86,3.42,2.14,0.114417499999945,0.12860507799996412,0.10059282399993208,3.6969582091227373,3.2348570292982033,1.8296174463531987
20.194744622999906,3.83,3.34,2.17,0.020500809999930425,0.03493471999991016,0.0066766850000021805,3.6656240942027867,3.1501587261596833,1.8646179233290663
20.244863529999975,3.83,3.34,2.17,0.07061971699999958,0.08505362699997931,0.05679559200007134,3.6656240942027867,3.1501587261596833,1.8646179233290663
20.295088493000094,3.83,3.34,2.17,0.12084468000011839,0.13527859000009812,0.10702055500019014,3.6656240942027867,3.1501587261596833,1.8646179233290663
20.345246592999956,3.9,3.28,2.14,0.026797563999934937,0.04122172100005628,0.012853107999944768,3.73870298365623,3.0864704761264115,1.8296174463531987
20.395385002000012,3.9,3.28,2.14,0.07693597299999055,0.0913601300001119,0.06299151700000039,3.73870298365623,3.0864704761264115,1.8296174463531987
20.44572787900006,3.9,3.28,2.14,0.1272788500000388,0.14170300700016014,0.11333439400004863,3.73870298365623,3.0864704761264115,1.8296174463531987
20.49601993500005,3.9,3.28,2.14,0.17757090600002812,0.19199506300014946,0.16362645000003795,3.73870298365623,3.0864704761264115,1.8296174463531987
20.546162457000037,3.9,3.28,2.14,0.22771342800001548,0.24213758500013682,0.21376897200002531,3.73870298365623,3.0864704761264115,1.8296174463531987
20.596285812999895,3.9,3.35,2.14,0.27783678399987366,0.003780545999916285,0.2638923279998835,3.73870298365623,3.1607594024221455,1.8296174463531987
20.64639941900009,3.88,3.35,2.17,0.0401971170001616,0.05389415200011172,0.026166101000171693,3.717835391729978,3.1607594024221455,1.8646179233290663
20.69674365800006,3.88,3.35,2.17,0.09054135600013069,0.10423839100008081,0.07651034000014079,3.717835391729978,3.1607594024221455,1.8646179233290663
20.747080162999964,3.88,3.33,2.17,0.1408778610000354,0.01044881699999678,0.1268468450000455,3.717835391729978,3.1395541084682708,1.8646179233290663
20.797220934000052,3.86,3.33,2.18,0.04670856500001719,0.060589588000084404,0.03275471999995716,3.6969582091227373,3.1395541084682708,1.8762462524945922
20.847557286999972,3.86,3.33,2.18,0.09704491799993775,0.11092594100000497,0.08309107299987772,3.6969582091227373,3.1395541084682708,1.8762462524945922
20.897675086999925,3.89,3.35,2.18,0.0031378529999983584,0.017341301999977077,0.13320887299983042,3.7282703764614498,3.1607594024221455,1.8762462524945922
20.947794878999957,3.89,3.35,2.15,0.05325764500003061,0.06746109400000933,0.03954571600002055,3.7282703764614498,3.1607594024221455,1.8413038858374247
20.998017765999975,3.89,3.35,2.15,0.1034805320000487,0.11768398100002742,0.08976860300003864,3.7282703764614498,3.1607594024221455,1.8413038858374247
21.048344538000038,3.84,3.38,2.15,0.010007503999986511,0.023919780000142055,0.14009537500010083,3.676071272432024,3.1925381751828743,1.8413038858374247
21.098702323999987,3.84,3.38,2.14,0.06036528999993607,0.07427756600009161,0.0463235889999396,3.676071272432024,3.1925381751828743,1.8296174463531987
21.14891515399995,3.84,3.38,2.14,0.11057811999990008,0.12449039600005563,0.09653641899990362,3.676071272432024,3.1925381751828743,1.8296174463531987
21.199097854,3.92,3.35,2.14,0.016464525999936086,0.03065472699995553,0.002557311999908052,3.7595611446018533,3.1607594024221455,1.8296174463531987
21.24921032599991,3.92,3.35,2.14,0.06657699799984584,0.08076719899986529,0.05266978399981781,3.7595611446018533,3.1607594024221455,1.8296174463531987
21.299347677000014,3.92,3.35,2.14,0.11671434899994892,0.13090454999996837,0.10280713499992089,3.7595611446018533,3.1607594024221455,1.8296174463531987
21.349690195999983,3.87,3.38,2.17,0.023296722999930353,0.03699752400007128,0.009148124999910578,3.7073980093860976,3.1925381751828743,1.8646179233290663
21.400025424999967,3.87,3.38,2.17,0.07363195199991424,0.08733275300005516,0.05948335399989446,3.7073980093860976,3.1925381751828743,1.8646179233290663
21.4501682529999,3.87,3.38,2.17,0.12377477999984876,0.1374755809999897,0.10962618199982899,3.7073980093860976,3.1925381751828743,1.8646179233290663
21.500494000000117,3.83,3.38,2.14,0.029851579000023776,0.044068641000194475,0.01599734200021885,3.6656240942027867,3.1925381751828743,1.8296174463531987
21.550876133999964,3.83,3.38,2.14,0.08023371299987048,0.09445077500004118,0.06637947600006555,3.6656240942027867,3.1925381751828743,1.8296174463531987
21.600930943000094,3.83,3.36,2.14,0.13028852200000074,0.00015808400007699674,0.11643428500019581,3.6656240942027867,3.171356176779896,1.8296174463531987
21.651119555999912,3.88,3.36,2.15,0.036445090999905005,0.05034669699989536,0.022827928999959113,3.717835391729978,3.171356176779896,1.8413038858374247
21.70125612600009,3.88,3.36,2.15,0.08658166100008202,0.10048326700007237,0.07296449900013613,3.717835391729978,3.171356176779896,1.8413038858374247
21.751586595999925,3.88,3.43,2.15,0.13691213099991728,0.006770230000029187,0.12329496899997139,3.717835391729978,3.245427552727067,1.8413038858374247
21.801926287000015,3.87,3.43,2.16,0.04346966299999622,0.05710992100011936,0.029318804000013188,3.7073980093860976,3.245427552727067,1.8529705880018712
21.852259860999993,3.87,3.43,2.16,0.09380323699997462,0.10744349500009776,0.07965237799999159,3.7073980093860976,3.245427552727067,1.8529705880018712
21.90245128300012,3.87,3.41,2.16,0.1439946590001,0.013634612000032575,0.12984380000011697,3.7073980093860976,3.2242828660029197,1.8529705880018712
21.952771131999953,3.88,3.41,2.18,0.049455960999921444,0.06395446099986657,0.03612157899988233,3.717835391729978,3.2242828660029197,1.8762462524945922
22.003120974000012,3.88,3.41,2.18,0.0998058029999811,0.11430430299992622,0.08647142099994198,3.717835391729978,3.2242828660029197,1.8762462524945922
22.053469707999966,3.86,3.36,2.18,0.006862206000050719,0.02063850900003672,0.13682015499989575,3.6969582091227373,3.171356176779896,1.8762462524945922
22.1038270680001,3.86,3.36,2.16,0.057219566000185296,0.0709958690001713,0.043108105000101204,3.6969582091227373,3.171356176779896,1.8529705880018712
22.15390453300006,3.86,3.36,2.16,0.10729703100014376,0.12107333400012976,0.09318557000005967,3.6969582091227373,3.171356176779896,1.8529705880018712
22.204251486999965,3.88,3.33,2.16,0.01350302599985298,0.027675801999976102,0.14353252399996563,3.717835391729978,3.1395541084682708,1.8529705880018712
22.254596808000088,3.88,3.33,2.16,0.06384834699997555,0.07802112300009867,0.04937040800018622,3.717835391729978,3.1395541084682708,1.8529705880018712
22.30491974200004,3.88,3.33,2.16,0.11417128099992624,0.12834405700004936,0.09969334200013691,3.717835391729978,3.1395541084682708,1.8529705880018712
22.355082908999975,3.87,3.36,2.15,0.020316317999913736,0.03449134399988907,0.006370840000045064,3.7073980093860976,3.171356176779896,1.8413038858374247
22.405421798999896,3.87,3.36,2.15,0.0706552079998346,0.08483023399980993,0.05670972999996593,3.7073980093860976,3.171356176779896,1.8413038858374247
22.45559248299992,3.87,3.36,2.15,0.12082589199985705,0.13500091799983238,0.10688041399998838,3.7073980093860976,3.171356176779896,1.8413038858374247
22.505920199000002,3.86,3.36,2.14,0.02710025300007146,0.04096822399992561,0.013064815999996426,3.6969582091227373,3.171356176779896,1.8296174463531987
22.55605365800011,3.86,3.36,2.14,0.07723371200017937,0.09110168300003352,0.06319827500010433,3.6969582091227373,3.171356176779896,1.8296174463531987
22.606226916999958,3.86,3.36,2.14,0.12740697100002762,0.14127494199988178,0.11337153399995259,3.6969582091227373,3.171356176779896,1.8296174463531987
22.656573074000107,3.84,3.4,2.19,0.03339003800010687,0.04762248800011548,0.01959801500015601,3.676071272432024,3.2137050269120837,1.887855926706273
22.706696874000045,3.84,3.4,2.19,0.08351383800004442,0.09774628800005303,0.06972181500009356,3.676071272432024,3.2137050269120837,1.887855926706273
22.757032208000055,3.84,3.41,2.19,0.13384917200005475,0.004053187999943475,0.12005714900010389,3.676071272432024,3.2242828660029197,1.887855926706273
22.80735506299993,3.88,3.41,2.11,0.040339907999850766,0.05437604299982013,0.026211251999939122,3.717835391729978,3.2242828660029197,1.794435844492636
22.857537925000088,3.88,3.41,2.11,0.09052277000000686,0.10455890499997622,0.07639411400009521,3.717835391729978,3.2242828660029197,1.794435844492636
22.907677893000027,3.88,3.38,2.11,0.14066273799994633,0.010865125000009357,0.1265340820000347,3.717835391729978,3.1925381751828743,1.794435844492636
22.958025116000044,3.86,3.38,2.14,0.046791858999995384,0.061212348000026395,0.032786368999950355,3.6969582091227373,3.1925381751828743,1.8296174463531987
23.008365794999918,3.86,3.38,2.14,0.09713253799986887,0.11155302699989988,0.08312704799982384,3.6969582091227373,3.1925381751828743,1.8296174463531987
23.058655907000002,3.88,3.41,2.14,0.0033958779999920807,0.017492179000100805,0.1334171599999081,3.717835391729978,3.2242828660029197,1.8296174463531987
23.108990109999922,3.88,3.41,2.17,0.05373008099991239,0.06782638200002111,0.039973511999960465,3.717835391729978,3.2242828660029197,1.8646179233290663
23.159135693000053,3.88,3.41,2.17,0.10387566400004289,0.11797196500015161,0.09011909500009097,3.717835391729978,3.2242828660029197,1.8646179233290663
23.209451438000087,3.88,3.43,2.17,0.010153908000120282,0.02433905800012326,0.1404348400001254,3.717835391729978,3.245427552727067,1.8646179233290663
23.259571841000025,3.88,3.43,2.12,0.06027431100005742,0.0744594610000604,0.04635451700005433,3.717835391729978,3.245427552727067,1.8061838223170976
23.309735177999983,3.88,3.43,2.12,0.11043764800001554,0.12462279800001852,0.09651785400001245,3.717835391729978,3.245427552727067,1.8061838223170976
23.359875816000113,3.84,3.41,2.18,0.016549917000020287,0.030494021000095017,0.0027638130000013916,3.676071272432024,3.2242828660029197,1.8762462524945922
23.410216850000097,3.84,3.41,2.18,0.06689095100000486,0.08083505500007959,0.053104846999985966,3.676071272432024,3.2242828660029197,1.8762462524945922
23.460342339999897,3.84,3.41,2.18,0.11701644099980513,0.13096054499987986,0.10323033699978623,3.676071272432024,3.2242828660029197,1.8762462524945922
23.510644963000004,3.84,3.41,2.18,0.16731906399991203,0.18126316799998676,0.15353295999989314,3.676071272432024,3.2242828660029197,1.8762462524945922
23.56075706999991,3.84,3.41,2.18,0.21743117099981646,0.2313752749998912,0.20364506699979756,3.676071272432024,3.2242828660029197,1.8762462524945922
23.611052052000105,3.84,3.41,2.18,0.26772615300001235,0.2816702570000871,0.25394004899999345,3.676071272432024,3.2242828660029197,1.8762462524945922
23.66119727599994,3.84,3.41,2.13,0.3178713769998467,0.3318154809999214,0.015919482999834145,3.676071272432024,3.2242828660029197,1.8179108889051738
23.71155224600011,3.84,3.41,2.13,0.368226347000018,0.3821704510000927,0.06627445300000545,3.676071272432024,3.2242828660029197,1.8179108889051738
23.761697008000056,3.84,3.41,2.13,0.4183711089999633,0.43231521300003806,0.11641921499995078,3.676071272432024,3.2242828660029197,1.8179108889051738
23.81203038700005,3.84,3.41,2.17,0.46870448799995756,0.4826485920000323,0.022730046000106086,3.676071272432024,3.2242828660029197,1.8646179233290663
23.862270195000065,3.84,3.41,2.17,0.5189442959999724,0.5328884000000471,0.0729698540001209,3.676071272432024,3.2242828660029197,1.8646179233290663
23.912423537999985,3.84,3.4,2.17,0.5690976389998923,0.0069111349998820515,0.12312319700004082,3.676071272432024,3.2137050269120837,1.8646179233290663
23.96275444899993,3.86,3.4,2.18,0.04355487099996935,0.057242045999828406,0.029739251999899352,3.6969582091227373,3.2137050269120837,1.8762462524945922
24.013102860000117,3.86,3.4,2.18,0.09390328200015574,0.1075904570000148,0.08008766300008574,3.6969582091227373,3.2137050269120837,1.8762462524945922
24.0632246319999,3.86,3.38,2.18,0.1440250539999397,0.014041210999948817,0.1302094349998697,3.6969582091227373,3.1925381751828743,1.8762462524945922
24.11345756700007,3.86,3.38,2.16,0.19425798900010705,0.06427414600011616,0.03622749500004829,3.6969582091227373,3.1925381751828743,1.8529705880018712
24.163631526000017,3.86,3.38,2.16,0.24443194800005585,0.11444810500006497,0.0864014539999971,3.6969582091227373,3.1925381751828743,1.8529705880018712
24.21396740299997,3.86,3.41,2.16,0.2947678250000081,0.020460415999878023,0.13673733099994934,3.6969582091227373,3.2242828660029197,1.8529705880018712
24.264311876999955,3.86,3.41,2.17,0.3451122989999931,0.07080488999986301,0.04317659699995602,3.6969582091227373,3.2242828660029197,1.8646179233290663
24.314653994000082,3.86,3.41,2.17,0.39545441600012055,0.12114700699999048,0.09351871400008349,3.6969582091227373,3.2242828660029197,1.8646179233290663
24.365876974999992,3.86,3.45,2.16,0.014460119999966992,0.028331149999985428,0.0008232329998918431,3.6969582091227373,3.266557821315888,1.8529705880018712
24.416217739000103,3.86,3.45,2.16,0.06480088400007844,0.07867191400009688,0.05116399700000329,3.6969582091227373,3.266557821315888,1.8529705880018712
24.466361316000075,3.86,3.45,2.16,0.11494446100005007,0.1288154910000685,0.10130757399997492,3.6969582091227373,3.266557821315888,1.8529705880018712
24.516705009999896,3.89,3.34,2.18,0.021457612999938647,0.03534022499979983,0.006948009999860005,3.7282703764614498,3.1501587261596833,1.8762462524945922
24.566880371000025,3.89,3.34,2.18,0.0716329740000674,0.08551558599992859,0.057123370999988765,3.7282703764614498,3.1501587261596833,1.8762462524945922
24.617103668000027,3.89,3.34,2.18,0.12185627100006968,0.13573888299993087,0.10734666799999104,3.7282703764614498,3.1501587261596833,1.8762462524945922
24.66722181099999,3.87,3.4,2.18,0.027701140000090163,0.04191554699991684,0.013648440999986633,3.7073980093860976,3.2137050269120837,1.8762462524945922
24.717587687000105,3.87,3.4,2.18,0.0780670160002046,0.09228142300003128,0.06401431700010107,3.7073980093860976,3.2137050269120837,1.8762462524945922
24.767926319000026,3.87,3.4,2.18,0.12840564800012544,0.14262005499995212,0.11435294900002191,3.7073980093860976,3.2137050269120837,1.8762462524945922
24.818095377999953,3.89,3.41,2.15,0.03455280599996513,0.048645093000004636,0.020545216999835247,3.7282703764614498,3.2242828660029197,1.8413038858374247
24.868393467000033,3.89,3.41,2.15,0.08485089500004506,0.09894318200008456,0.07084330599991517,3.7282703764614498,3.2242828660029197,1.8413038858374247
24.91875373400012,3.89,3.34,2.15,0.1352111620001324,0.005104456000026403,0.1212035730000025,3.7282703764614498,3.1501587261596833,1.8413038858374247
24.9690215600001,3.83,3.34,2.15,0.04180052300011994,0.055372282000007544,0.027371588000050906,3.6656240942027867,3.1501587261596833,1.8413038858374247
25.019164446000104,3.83,3.34,2.15,0.09194340900012321,0.10551516800001082,0.07751447400005418,3.6656240942027867,3.1501587261596833,1.8413038858374247
25.069479509000075,3.83,3.4,2.15,0.14225847200009412,0.01181594300010147,0.12782953700002508,3.6656240942027867,3.2137050269120837,1.8413038858374247
25.119601567000018,3.88,3.4,2.15,0.048273580000113725,0.061938001000044096,0.03388639900003909,3.717835391729978,3.2137050269120837,1.8413038858374247
25.1699399659999,3.88,3.4,2.15,0.09861197899999752,0.11227639999992789,0.08422479799992288,3.717835391729978,3.2137050269120837,1.8413038858374247
25.220067064999967,3.88,3.42,2.15,0.004515597999898091,0.01872834400001011,0.13435189699998773,3.717835391729978,3.2348570292982033,1.8413038858374247
25.27040441700001,3.88,3.42,2.15,0.05485294999994039,0.06906569600005241,0.04111897699999645,3.717835391729978,3.2348570292982033,1.8413038858374247
25.32052153299992,3.88,3.42,2.15,0.1049700659998507,0.11918281199996272,0.09123609299990676,3.717835391729978,3.2348570292982033,1.8413038858374247
25.370805517999997,3.87,3.39,2.15,0.01106979499991212,0.02528496299987637,0.141520077999985,3.7073980093860976,3.2031234756093934,1.8413038858374247
25.420950064999943,3.87,3.39,2.15,0.061214341999857425,0.07542950999982168,0.04707577599992874,3.7073980093860976,3.2031234756093934,1.8413038858374247
25.471089686999903,3.87,3.39,2.15,0.111353963999818,0.12556913199978226,0.09721539799988932,3.7073980093860976,3.2031234756093934,1.8413038858374247
25.521399790000032,3.82,3.41,2.16,0.01732603699997526,0.03163159399991855,0.0034459969999716122,3.6551744144431737,3.2242828660029197,1.8529705880018712
25.571704800999896,3.82,3.41,2.16,0.06763104799983921,0.0819366049997825,0.053751007999835565,3.6551744144431737,3.2242828660029197,1.8529705880018712
25.62186898699997,3.82,3.41,2.16,0.11779523399991376,0.13210079099985705,0.10391519399991012,3.6551744144431737,3.2242828660029197,1.8529705880018712
25.67210341100008,3.88,3.39,2.14,0.024222242000178085,0.03836196200018094,0.010420406000093863,3.717835391729978,3.2031234756093934,1.8296174463531987
25.72244290200001,3.88,3.39,2.14,0.0745617330001096,0.08870145300011245,0.060759897000025376,3.717835391729978,3.2031234756093934,1.8296174463531987
25.772779209999953,3.88,3.39,2.14,0.12489804100005131,0.13903776100005416,0.11109620499996709,3.717835391729978,3.2031234756093934,1.8296174463531987
25.822984327000086,3.86,3.38,2.14,0.030916692000118928,0.04486928000005719,0.01698284400004013,3.6969582091227373,3.1925381751828743,1.8296174463531987
25.87314500599996,3.86,3.38,2.14,0.08107737099999213,0.09502995899993039,0.06714352299991333,3.6969582091227373,3.1925381751828743,1.8296174463531987
25.92324252399999,3.86,3.45,2.14,0.13117488900002172,0.001072746000090774,0.11724104099994292,3.6969582091227373,3.266557821315888,1.8296174463531987
25.973533079999925,3.89,3.45,2.12,0.03762076699990757,0.051363302000027034,0.02388463099987348,3.7282703764614498,3.266557821315888,1.8061838223170976
26.02366023600007,3.89,3.45,2.12,0.08774792300005174,0.1014904580001712,0.07401178700001765,3.7282703764614498,3.266557821315888,1.8061838223170976
26.07396368400009,3.89,3.43,2.12,0.13805137100007414,0.007745506999981444,0.12431523500004005,3.7282703764614498,3.245427552727067,1.8061838223170976
26.124154281000074,3.88,3.43,2.16,0.04437308199999279,0.05793610399996396,0.030115217000002303,3.717835391729978,3.245427552727067,1.8529705880018712
26.174468129999923,3.88,3.43,2.16,0.09468693099984193,0.1082499529998131,0.08042906599985145,3.717835391729978,3.245427552727067,1.8529705880018712
26.224574077999932,3.87,3.34,2.16,0.0005022149998694658,0.014392055999906006,0.1305350139998609,3.7073980093860976,3.1501587261596833,1.8529705880018712
26.27471096299996,3.87,3.34,2.15,0.05063909999989846,0.064528940999935,0.03702953499987416,3.7073980093860976,3.1501587261596833,1.8413038858374247
26.32490640700007,3.87,3.34,2.15,0.10083454400000846,0.114724385000045,0.08722497899998416,3.7073980093860976,3.1501587261596833,1.8413038858374247
26.37506336499996,3.88,3.39,2.15,0.007051116999946316,0.020809074999988297,0.13738193699987278,3.717835391729978,3.2031234756093934,1.8413038858374247
26.42542013000002,3.88,3.39,2.15,0.057407882000006794,0.07116584000004877,0.043626103999940824,3.717835391729978,3.2031234756093934,1.8413038858374247
26.475541179999937,3.88,3.39,2.15,0.10752893199992286,0.12128688999996484,0.09374715399985689,3.717835391729978,3.2031234756093934,1.8413038858374247
26.52588141000001,3.88,3.39,2.15,0.15786916199999723,0.1716271200000392,0.14408738399993126,3.717835391729978,3.2031234756093934,1.8413038858374247
26.576000213000043,3.88,3.39,2.15,0.20798796500002936,0.22174592300007134,0.1942061869999634,3.717835391729978,3.2031234756093934,1.8413038858374247
26.626115389999995,3.88,3.39,2.15,0.25810314199998174,0.2718611000000237,0.24432136399991577,3.717835391729978,3.2031234756093934,1.8413038858374247
26.676213254999993,3.9,3.46,2.14,0.020155763000047955,0.03407131199992364,0.006359115999885034,3.73870298365623,3.2771176359721967,1.8296174463531987
26.726564343000064,3.9,3.46,2.14,0.07050685100011833,0.08442239999999401,0.05671020399995541,3.73870298365623,3.2771176359721967,1.8296174463531987
26.77673117800009,3.9,3.46,2.14,0.12067368600014561,0.1345892350000213,0.10687703899998269,3.73870298365623,3.2771176359721967,1.8296174463531987
26.827070582000033,3.86,3.42,2.14,0.027186014000108116,0.040894622999985586,0.012933354000097097,3.6969582091227373,3.2348570292982033,1.8296174463531987
26.877186005000112,3.86,3.42,2.14,0.07730143700018743,0.0910100460000649,0.06304877700017641,3.6969582091227373,3.2348570292982033,1.8296174463531987
26.927537966000045,3.86,3.42,2.14,0.12765339800012043,0.1413620069999979,0.11340073800010941,3.6969582091227373,3.2348570292982033,1.8296174463531987
26.97766891099991,3.88,3.35,2.18,0.03364748499984671,0.04750343000000612,0.019520272999898225,3.717835391729978,3.1607594024221455,1.8762462524945922
27.027999179000062,3.88,3.35,2.18,0.08397775299999921,0.09783369800015862,0.06985054100005073,3.717835391729978,3.1607594024221455,1.8762462524945922
27.078178972999922,3.88,3.34,2.18,0.13415754699985882,0.0038537329999144276,0.12003033499991034,3.717835391729978,3.1501587261596833,1.8762462524945922
27.128519723999943,3.87,3.34,2.14,0.04048063300001559,0.05419448399993598,0.026434144999939235,3.7073980093860976,3.1501587261596833,1.8296174463531987
27.178898568000022,3.87,3.34,2.14,0.09085947700009456,0.10457332800001495,0.0768129890000182,3.7073980093860976,3.1501587261596833,1.8296174463531987
27.22911741000007,3.87,3.3,2.14,0.1410783190001439,0.0107455669999581,0.12703183100006754,3.7073980093860976,3.1077162032592356,1.8296174463531987
27.279431866000095,3.88,3.3,2.16,0.04716626399999768,0.06106002299998181,0.03312217200004852,3.717835391729978,3.1077162032592356,1.8529705880018712
27.32956993500011,3.88,3.3,2.16,0.09730433300001096,0.11119809199999509,0.0832602410000618,3.717835391729978,3.1077162032592356,1.8529705880018712
27.379701721999936,3.87,3.46,2.16,0.0037138709999453567,0.01761391799982448,0.13339202799988925,3.7073980093860976,3.2771176359721967,1.8529705880018712
27.430022421000103,3.87,3.46,2.14,0.05403457000011258,0.0679346169999917,0.039558658000032665,3.7073980093860976,3.2771176359721967,1.8296174463531987
27.48015068099994,3.87,3.46,2.14,0.10416282999995019,0.11806287699982931,0.08968691799987027,3.7073980093860976,3.2771176359721967,1.8296174463531987
27.530264601,3.87,3.45,2.14,0.009951445000069725,0.023846491000085734,0.13980083799992826,3.7073980093860976,3.266557821315888,1.8296174463531987
27.58056677500008,3.87,3.45,2.15,0.06025361900015014,0.07414866500016615,0.046232080999971004,3.7073980093860976,3.266557821315888,1.8413038858374247
27.630689160999964,3.87,3.45,2.15,0.11037600500003464,0.12427105100005065,0.0963544669998555,3.7073980093860976,3.266557821315888,1.8413038858374247
27.681011006000062,3.86,3.31,2.15,0.016528106000123444,0.030925950999971974,0.0024094360001072346,3.6969582091227373,3.118332887938682,1.8413038858374247
27.731190425000023,3.86,3.31,2.15,0.06670752500008348,0.08110536999993201,0.05258885500006727,3.6969582091227373,3.118332887938682,1.8413038858374247
27.781327150999914,3.86,3.31,2.15,0.11684425099997497,0.1312420959998235,0.10272558099995877,3.6969582091227373,3.118332887938682,1.8413038858374247
27.83166842600008,3.89,3.38,2.15,0.022919151999985843,0.03724687400017501,0.009043667000014466,3.7282703764614498,3.1925381751828743,1.8413038858374247
27.881797069999948,3.89,3.38,2.15,0.07304779599985523,0.0873755180000444,0.05917231099988385,3.7282703764614498,3.1925381751828743,1.8413038858374247
27.931916484000112,3.89,3.38,2.15,0.12316721000001962,0.1374949320002088,0.10929172500004825,3.7282703764614498,3.1925381751828743,1.8413038858374247
27.98206643100002,3.83,3.32,2.14,0.02946322599996165,0.043753345999903104,0.015434058999971967,3.6656240942027867,3.128945509273052,1.8296174463531987
28.03218201100003,3.83,3.32,2.14,0.07957880599997225,0.0938689259999137,0.06554963899998256,3.6656240942027867,3.128945509273052,1.8296174463531987
28.08227675000012,3.83,3.36,2.14,0.12967354500005968,0.0001261330000943417,0.11564437800006999,3.6656240942027867,3.171356176779896,1.8296174463531987
28.13241912400008,3.84,3.36,2.14,0.03592612000011286,0.05026850700005525,0.021939514999985477,3.676071272432024,3.171356176779896,1.8296174463531987
28.182593834000045,3.84,3.36,2.14,0.08610083000007762,0.10044321700002001,0.07211422499995024,3.676071272432024,3.171356176779896,1.8296174463531987
28.232770484999946,3.84,3.38,2.14,0.13627748099997916,0.005847339999945689,0.12229087599985178,3.676071272432024,3.1925381751828743,1.8296174463531987
28.283069862000048,3.86,3.38,2.15,0.04261264900014794,0.05614671700004692,0.028389557000082277,3.6969582091227373,3.1925381751828743,1.8413038858374247
28.3332233860001,3.86,3.38,2.15,0.09276617300020007,0.10630024100009905,0.07854308100013441,3.6969582091227373,3.1925381751828743,1.8413038858374247
28.38351015300009,3.86,3.36,2.15,0.14305294000018876,0.012835164000080113,0.1288298480001231,3.6969582091227373,3.171356176779896,1.8413038858374247
28.433877681000013,3.83,3.36,2.15,0.04937062399994829,0.06320269200000439,0.03528922100008458,3.6656240942027867,3.171356176779896,1.8413038858374247
28.483979927000064,3.83,3.36,2.15,0.0994728699999996,0.1133049380000557,0.08539146700013589,3.6656240942027867,3.171356176779896,1.8413038858374247
28.534097051000117,3.86,3.33,2.15,0.00530449600000793,0.019176133000200934,0.13550859100018897,3.6969582091227373,3.1395541084682708,1.8413038858374247
28.58420632399998,3.86,3.33,2.14,0.05541376899986972,0.06928540600006272,0.0417727560000003,3.6969582091227373,3.1395541084682708,1.8296174463531987
28.63431844899992,3.86,3.33,2.14,0.10552589399981116,0.11939753100000416,0.09188488099994174,3.6969582091227373,3.1395541084682708,1.8296174463531987
28.684489473999975,3.84,3.44,2.14,0.01199489500004347,0.025852492000012717,0.14205590599999596,3.676071272432024,3.255994471739778,1.8296174463531987
28.734821397999895,3.84,3.44,2.14,0.06232681899996351,0.07618441599993275,0.04842396399999416,3.676071272432024,3.255994471739778,1.8296174463531987
28.785169214000007,3.84,3.44,2.14,0.1126746350000758,0.12653223200004504,0.09877178000010645,3.676071272432024,3.255994471739778,1.8296174463531987
28.835281403999943,3.87,3.32,2.15,0.018932030999849303,0.03261442099983469,0.004552554999918357,3.7073980093860976,3.128945509273052,1.8413038858374247
28.885398858999906,3.87,3.32,2.15,0.06904948599981253,0.08273187599979792,0.054670009999881586,3.7073980093860976,3.128945509273052,1.8413038858374247
28.935508737999953,3.87,3.32,2.15,0.11915936499985946,0.13284175499984485,0.10477988899992852,3.7073980093860976,3.128945509273052,1.8413038858374247
28.985819880999998,3.88,3.36,2.13,0.024910304000059114,0.038836439000078826,0.011236198999995395,3.717835391729978,3.171356176779896,1.8179108889051738
29.036105793999923,3.88,3.36,2.13,0.07519621699998424,0.08912235200000396,0.061522111999920526,3.717835391729978,3.171356176779896,1.8179108889051738
29.086250540000037,3.88,3.36,2.13,0.12534096300009878,0.1392670980001185,0.11166685800003506,3.717835391729978,3.171356176779896,1.8179108889051738
29.136364862999926,3.84,3.32,2.14,0.031452121000029365,0.04533140299986371,0.01757311500000469,3.676071272432024,3.128945509273052,1.8296174463531987
29.186667268000065,3.84,3.32,2.14,0.08175452600016797,0.09563380800000232,0.0678755200001433,3.676071272432024,3.128945509273052,1.8296174463531987
29.236765001000094,3.84,3.39,2.14,0.1318522590001976,0.002106039000182136,0.11797325300017292,3.676071272432024,3.2031234756093934,1.8296174463531987
29.28709585499996,3.84,3.39,2.17,0.03812814299999445,0.05243689300004917,0.024212123999859614,3.676071272432024,3.2031234756093934,1.8646179233290663
29.33721733199991,3.84,3.39,2.17,0.0882496199999423,0.10255836999999701,0.07433360099980746,3.676071272432024,3.2031234756093934,1.8646179233290663
29.387391665999985,3.84,3.43,2.17,0.13842395400001806,0.00835274699988986,0.12450793499988322,3.676071272432024,3.245427552727067,1.8646179233290663
29.43751093600008,3.87,3.43,2.14,0.0448088480000024,0.0584720169999855,0.0306213620001472,3.7073980093860976,3.245427552727067,1.8296174463531987
29.48763810200012,3.87,3.43,2.14,0.09493601400004081,0.10859918300002391,0.08074852800018562,3.7073980093860976,3.245427552727067,1.8296174463531987
29.537973829000066,3.87,3.43,2.14,0.14527174099998774,0.15893490999997084,0.13108425500013254,3.7073980093860976,3.245427552727067,1.8296174463531987
29.58809209800006,3.87,3.43,2.14,0.1953900099999828,0.2090531789999659,0.1812025240001276,3.7073980093860976,3.245427552727067,1.8296174463531987
29.638435611999967,3.87,3.43,2.14,0.24573352399988835,0.25939669299987145,0.23154603800003315,3.7073980093860976,3.245427552727067,1.8296174463531987
29.688769371000035,3.88,3.43,2.14,0.007762249000052179,0.021968802999936088,0.28187979700010146,3.717835391729978,3.245427552727067,1.8296174463531987
29.738953493000054,3.88,3.43,2.14,0.05794637100007094,0.07215292499995485,0.043985489000078815,3.717835391729978,3.245427552727067,1.8296174463531987
29.789290647999906,3.88,3.43,2.14,0.10828352599992286,0.12249007999980677,0.09432264399993073,3.717835391729978,3.245427552727067,1.8296174463531987
29.83938644,3.88,3.35,2.16,0.01435701299988068,0.028297776000044905,0.0002536970000619476,3.717835391729978,3.1607594024221455,1.8529705880018712
29.88973778700006,3.88,3.35,2.16,0.06470835999994051,0.07864912300010474,0.05060504400012178,3.717835391729978,3.1607594024221455,1.8529705880018712
29.93982852599993,3.88,3.35,2.16,0.11479909899981067,0.1287398619999749,0.10069578299999193,3.717835391729978,3.1607594024221455,1.8529705880018712
29.989949487000104,3.89,3.31,2.19,0.020911080000132642,0.035156291000021156,0.006663382000169804,3.7282703764614498,3.118332887938682,1.887855926706273
30.040283761999945,3.89,3.31,2.19,0.07124535499997364,0.08549056599986216,0.056997657000010804,3.7282703764614498,3.118332887938682,1.887855926706273
30.0904272329999,3.89,3.31,2.19,0.1213888259999294,0.1356340369998179,0.10714112799996656,3.7282703764614498,3.118332887938682,1.887855926706273
30.14076910299991,3.89,3.33,2.18,0.027711635999821738,0.042003001000011864,0.013464008999790167,3.7282703764614498,3.1395541084682708,1.8762462524945922
30.190912362000063,3.89,3.33,2.18,0.07785489499997311,0.09214626000016324,0.06360726799994154,3.7282703764614498,3.1395541084682708,1.8762462524945922
30.241222747999927,3.89,3.33,2.18,0.1281652809998377,0.14245664600002783,0.11391765399980613,3.7282703764614498,3.1395541084682708,1.8762462524945922
30.291565407000007,3.89,3.38,2.15,0.034801190000052884,0.04862191000006533,0.020243846000084886,3.7282703764614498,3.1925381751828743,1.8413038858374247
30.341703686000074,3.89,3.38,2.15,0.08493946900011906,0.0987601890001315,0.07038212500015106,3.7282703764614498,3.1925381751828743,1.8413038858374247
30.39179663699997,3.89,3.35,2.15,0.13503242000001592,0.004924397999957364,0.12047507600004792,3.7282703764614498,3.1607594024221455,1.8413038858374247
30.44196350900006,3.87,3.35,2.14,0.040566302000115684,0.0550912700000481,0.026854008000100293,3.7073980093860976,3.1607594024221455,1.8296174463531987
30.49226058699992,3.87,3.35,2.14,0.0908633799999734,0.10538834799990582,0.07715108599995801,3.7073980093860976,3.1607594024221455,1.8296174463531987
30.542379368999946,3.87,3.45,2.14,0.14098216200000024,0.011410820000037347,0.12726986799998485,3.7073980093860976,3.266557821315888,1.8296174463531987
30.59249326500003,3.88,3.45,2.18,0.04741790699995363,0.06152471600012177,0.03339852699991752,3.717835391729978,3.266557821315888,1.8762462524945922
30.64276953500007,3.88,3.45,2.18,0.09769417699999394,0.11180098600016208,0.08367479699995783,3.717835391729978,3.266557821315888,1.8762462524945922
30.69292464099999,3.88,3.45,2.18,0.14784928299991407,0.1619560920000822,0.13382990299987796,3.717835391729978,3.266557821315888,1.8762462524945922
30.743141466999987,3.88,3.45,2.18,0.19806610899991028,0.21217291800007843,0.18404672899987418,3.717835391729978,3.266557821315888,1.8762462524945922
30.793376241000033,3.88,3.45,2.18,0.24830088299995623,0.26240769200012437,0.23428150299992012,3.717835391729978,3.266557821315888,1.8762462524945922
30.843491057999927,3.89,3.42,2.18,0.010028048999856765,0.02394054999990658,0.2843963199998143,3.7282703764614498,3.2348570292982033,1.8762462524945922
30.89378166000006,3.89,3.42,2.18,0.06031865099998868,0.07423115200003849,0.04669976000013776,3.7282703764614498,3.2348570292982033,1.8762462524945922
30.94396528099992,3.89,3.42,2.18,0.11050227199984874,0.12441477299989856,0.09688338099999783,3.7282703764614498,3.2348570292982033,1.8762462524945922
30.994070619000013,3.87,3.26,2.14,0.016584427999987383,0.030492178000031345,0.002591561999906844,3.7073980093860976,3.0652079864178874,1.8296174463531987
31.044183231000034,3.87,3.26,2.14,0.0666970400000082,0.08060479000005216,0.05270417399992766,3.7073980093860976,3.0652079864178874,1.8296174463531987
31.09451713699991,3.87,3.26,2.14,0.11703094599988617,0.13093869599993013,0.10303807999980563,3.7073980093860976,3.0652079864178874,1.8296174463531987
31.14465162900001,3.88,3.38,2.16,0.023157010999966587,0.037034158000096795,0.009298516999933781,3.717835391729978,3.1925381751828743,1.8529705880018712
31.194958395999947,3.88,3.38,2.16,0.07346377799990478,0.08734092500003499,0.05960528399987197,3.717835391729978,3.1925381751828743,1.8529705880018712
31.24509255399994,3.88,3.38,2.16,0.12359793599989644,0.13747508300002664,0.10973944199986363,3.717835391729978,3.1925381751828743,1.8529705880018712
31.295229844000005,3.87,3.33,2.18,0.02998831400009294,0.044018585999992865,0.016060211999956664,3.7073980093860976,3.1395541084682708,1.8762462524945922
31.345393603000048,3.87,3.33,2.18,0.08015207300013572,0.09418234500003564,0.06622397099999944,3.7073980093860976,3.1395541084682708,1.8762462524945922
31.39549732399996,3.87,3.39,2.18,0.13025579400004972,0.00012687399998867477,0.11632769199991344,3.7073980093860976,3.2031234756093934,1.8762462524945922
31.445636757000102,3.86,3.39,2.15,0.03626577400018505,0.05026630700012902,0.022125513999981195,3.6969582091227373,3.2031234756093934,1.8413038858374247
31.495984442000008,3.86,3.39,2.15,0.0866134590000911,0.10061399200003507,0.07247319899988725,3.6969582091227373,3.2031234756093934,1.8413038858374247
31.546328959999983,3.86,3.34,2.15,0.1369579770000655,0.006955884000035439,0.12281771699986166,3.6969582091227373,3.1501587261596833,1.8413038858374247
31.59667044799994,3.88,3.34,2.14,0.043400414999950954,0.05729737199999363,0.029168450000042867,3.717835391729978,3.1501587261596833,1.8296174463531987
31.6470131829999,3.88,3.34,2.14,0.09374314999990929,0.10764010699995197,0.0795111850000012,3.717835391729978,3.1501587261596833,1.8296174463531987
31.697146127999986,3.88,3.47,2.14,0.14387609499999598,0.013512450999996872,0.1296441300000879,3.717835391729978,3.287673949770567,1.8296174463531987
31.747255745000075,3.9,3.47,2.16,0.04963009300013255,0.06362206800008607,0.035792458000059924,3.73870298365623,3.287673949770567,1.8529705880018712
31.79739307,3.9,3.47,2.16,0.09976741800005584,0.11375939300000937,0.08592978299998322,3.73870298365623,3.287673949770567,1.8529705880018712
31.847574799000085,3.87,3.4,2.16,0.006065590000162047,0.01987764000000425,0.13611151200007043,3.7073980093860976,3.2137050269120837,1.8529705880018712
31.897702322999976,3.87,3.4,2.17,0.056193114000052446,0.07000516399989465,0.0423937579998892,3.7073980093860976,3.2137050269120837,1.8646179233290663
31.947826559000077,3.87,3.4,2.17,0.10631735000015397,0.12012939999999617,0.09251799399999072,3.7073980093860976,3.2137050269120837,1.8646179233290663
31.99809062999998,3.87,3.44,2.17,0.012464789999967252,0.02640785800008416,0.1427820649998921,3.7073980093860976,3.255994471739778,1.8646179233290663
32.04823520500008,3.87,3.44,2.18,0.0626093650000712,0.0765524330001881,0.048897922000151084,3.7073980093860976,3.255994471739778,1.8762462524945922
32.0985326120001,3.87,3.44,2.18,0.11290677200008759,0.1268498400002045,0.09919532900016748,3.7073980093860976,3.255994471739778,1.8762462524945922
32.14891574400008,3.86,3.42,2.14,0.01926552999998421,0.0331830060001721,0.00557329700018272,3.6969582091227373,3.2348570292982033,1.8296174463531987
32.19909911700006,3.86,3.42,2.14,0.06944890299996587,0.08336637900015376,0.05575667000016438,3.6969582091227373,3.2348570292982033,1.8296174463531987
32.2492269280001,3.86,3.42,2.14,0.11957671400000436,0.13349419000019225,0.10588448100020287,3.6969582091227373,3.2348570292982033,1.8296174463531987
32.299407685999995,3.87,3.42,2.11,0.025743361999957415,0.03982702000007521,0.011748107999892454,3.7073980093860976,3.2348570292982033,1.794435844492636
32.34955104599999,3.87,3.42,2.11,0.07588672199995017,0.08997038000006796,0.06189146799988521,3.7073980093860976,3.2348570292982033,1.794435844492636
32.39990755000008,3.87,3.42,2.11,0.12624322600004234,0.14032688400016013,0.11224797199997738,3.7073980093860976,3.2348570292982033,1.794435844492636
32.45001782700001,3.86,3.36,2.15,0.0323210219999055,0.04656199500004732,0.017958997000050658,3.6969582091227373,3.171356176779896,1.8413038858374247
32.50013587800004,3.86,3.36,2.15,0.08243907299993225,0.09668004600007407,0.06807704800007741,3.6969582091227373,3.171356176779896,1.8413038858374247
32.55029284000011,3.86,3.36,2.15,0.13259603500000594,0.14683700800014776,0.1182340100001511,3.6969582091227373,3.171356176779896,1.8413038858374247
32.60040996900011,3.86,3.36,2.15,0.18271316400000615,0.19695413700014797,0.1683511390001513,3.6969582091227373,3.171356176779896,1.8413038858374247
32.650536310999996,3.86,3.36,2.15,0.23283950599989112,0.24708047900003294,0.21847748100003628,3.6969582091227373,3.171356176779896,1.8413038858374247
32.70090536299995,3.86,3.32,2.15,0.283208557999842,0.009091669999861551,0.2688465329999872,3.6969582091227373,3.128945509273052,1.8413038858374247
32.751056737,3.84,3.32,2.13,0.0453360320000229,0.059243043999913425,0.031014700000014273,3.676071272432024,3.128945509273052,1.8179108889051738
32.801195151,3.84,3.32,2.13,0.09547444600002564,0.10938145799991617,0.08115311400001701,3.676071272432024,3.128945509273052,1.8179108889051738
32.851331685000105,3.84,3.41,2.13,0.0018305309999959718,0.015743450000172743,0.13128964800012,3.676071272432024,3.2242828660029197,1.8179108889051738
32.901669832999914,3.84,3.41,2.17,0.05216867899980571,0.06608159799998248,0.03760085299995808,3.676071272432024,3.2242828660029197,1.8646179233290663
32.95186115699994,3.84,3.41,2.17,0.10236000299983061,0.11627292200000738,0.08779217699998298,3.676071272432024,3.2242828660029197,1.8646179233290663
33.001955799999905,3.86,3.38,2.17,0.007830692999959865,0.022389594999822293,0.13788681999994878,3.6969582091227373,3.1925381751828743,1.8646179233290663
33.052075450000075,3.86,3.38,2.15,0.05795034300012958,0.072509244999992,0.04396524499998122,3.6969582091227373,3.1925381751828743,1.8413038858374247
33.10223288199995,3.86,3.38,2.15,0.10810777500000768,0.1226666769998701,0.09412267699985932,3.6969582091227373,3.1925381751828743,1.8413038858374247
33.15233981200004,3.88,3.35,2.2,0.014155716000004759,0.028777478999927553,0.00027826199993796763,3.717835391729978,3.1607594024221455,1.89944728802881
33.20267313399995,3.88,3.35,2.2,0.06448903799991967,0.07911080099984247,0.05061158399985288,3.717835391729978,3.1607594024221455,1.89944728802881
33.25276164599995,3.88,3.35,2.2,0.11457754999992176,0.12919931299984455,0.10070009599985497,3.717835391729978,3.1607594024221455,1.89944728802881
33.30309379999994,3.87,3.36,2.19,0.020926849000034053,0.035159569999905216,0.007071587999917028,3.7073980093860976,3.171356176779896,1.887855926706273
33.35343293599999,3.87,3.36,2.19,0.07126598500008186,0.08549870599995302,0.05741072399996483,3.7073980093860976,3.171356176779896,1.887855926706273
33.40377139800012,3.87,3.36,2.19,0.12160444700020889,0.13583716800008006,0.10774918600009187,3.7073980093860976,3.171356176779896,1.887855926706273
33.453897003000066,3.88,3.36,2.16,0.02774177400010558,0.04191769600015505,0.014024811000126647,3.717835391729978,3.171356176779896,1.8529705880018712
33.504006523000044,3.88,3.36,2.16,0.07785129400008373,0.0920272160001332,0.0641343310001048,3.717835391729978,3.171356176779896,1.8529705880018712
33.55434349799998,3.88,3.36,2.16,0.12818826900002023,0.1423641910000697,0.1144713060000413,3.717835391729978,3.171356176779896,1.8529705880018712
33.6046954200001,3.89,3.34,2.18,0.034445194999989326,0.04840420200002882,0.020820603000174742,3.7282703764614498,3.1501587261596833,1.8762462524945922
33.654815035999945,3.89,3.34,2.18,0.08456481099983648,0.09852381799987597,0.0709402190000219,3.7282703764614498,3.1501587261596833,1.8762462524945922
33.70515980599998,3.89,3.4,2.18,0.13490958099987438,0.004873424999914278,0.1212849890000598,3.7282703764614498,3.2137050269120837,1.8762462524945922
33.755495311999994,3.87,3.4,2.15,0.04146659999992153,0.05520893099992463,0.027639535999924192,3.7073980093860976,3.2137050269120837,1.8413038858374247
33.80583050900009,3.87,3.4,2.15,0.09180179700001645,0.10554412800001955,0.07797473300001911,3.7073980093860976,3.2137050269120837,1.8413038858374247
33.85615006300009,3.87,3.33,2.15,0.14212135100001433,0.011857843000143475,0.128294287000017,3.7073980093860976,3.1395541084682708,1.8413038858374247
33.90648632200009,3.82,3.33,2.14,0.048512132000041674,0.06219410200014863,0.034326531000033356,3.6551744144431737,3.1395541084682708,1.8296174463531987
33.95663168500005,3.82,3.33,2.14,0.09865749499999765,0.11233946500010461,0.08447189399998933,3.6551744144431737,3.1395541084682708,1.8296174463531987
34.00696106800001,3.89,3.34,2.14,0.004706977000068946,0.018618341000092187,0.13480127699995137,3.7282703764614498,3.1501587261596833,1.8296174463531987
34.05730592300006,3.89,3.34,2.16,0.05505183200011743,0.06896319600014067,0.04123718999994708,3.7282703764614498,3.1501587261596833,1.8529705880018712
34.10742058599999,3.89,3.34,2.16,0.1051664950000486,0.11907785900007184,0.09135185299987825,3.7282703764614498,3.1501587261596833,1.8529705880018712
34.15773780399991,3.87,3.36,2.16,0.011467788999880213,0.02539618299988433,0.14166907099979653,3.7073980093860976,3.171356176779896,1.8529705880018712
34.208077671999945,3.87,3.36,2.16,0.061807656999917526,0.07573605099992164,0.048171036999974604,3.7073980093860976,3.171356176779896,1.8529705880018712
34.258197809999956,3.87,3.36,2.16,0.11192779499992866,0.12585618899993278,0.09829117499998574,3.7073980093860976,3.171356176779896,1.8529705880018712
34.30833585000005,3.84,3.38,2.17,0.01818154200009303,0.031986430999950244,0.004124993000004906,3.676071272432024,3.1925381751828743,1.8646179233290663
34.358684138999934,3.84,3.38,2.17,0.068529830999978,0.08233471999983522,0.05447328199988988,3.676071272432024,3.1925381751828743,1.8646179233290663
34.408827026999916,3.84,3.38,2.17,0.11867271899996013,0.13247760799981734,0.104616169999872,3.676071272432024,3.1925381751828743,1.8646179233290663
34.45890711900006,3.88,3.33,2.17,0.024749578999944788,0.03865109200000916,0.010685335000061968,3.717835391729978,3.1395541084682708,1.8646179233290663
34.509204426,3.88,3.33,2.17,0.07504688599988185,0.08894839899994622,0.06098264199999903,3.717835391729978,3.1395541084682708,1.8646179233290663
34.559320854999896,3.88,3.33,2.17,0.1251633149997815,0.13906482799984587,0.11109907099989869,3.717835391729978,3.1395541084682708,1.8646179233290663
34.609438211,3.91,3.36,2.17,0.03112362199999552,0.04505632399991555,0.16121642699999938,3.7491332331620333,3.171356176779896,1.8646179233290663
34.65977153099993,3.91,3.36,2.17,0.08145694199993159,0.09538964399985161,0.21154974699993545,3.7491332331620333,3.171356176779896,1.8646179233290663
34.70992377500011,3.91,3.36,2.17,0.13160918600010518,0.1455418880000252,0.26170199100010905,3.7491332331620333,3.171356176779896,1.8646179233290663
34.760232547999976,3.91,3.36,2.17,0.18191795899997487,0.1958506609998949,0.31201076399997874,3.7491332331620333,3.171356176779896,1.8646179233290663
34.81058590099997,3.91,3.36,2.17,0.2322713119999662,0.24620401399988623,0.36236411699997007,3.7491332331620333,3.171356176779896,1.8646179233290663
34.860935745999996,3.91,3.38,2.17,0.2826211569999941,0.00851836399988315,0.412713961999998,3.7491332331620333,3.1925381751828743,1.8646179233290663
34.91110274500011,3.88,3.38,2.15,0.044716917000187095,0.05868536299999505,0.030829221000203688,3.717835391729978,3.1925381751828743,1.8413038858374247
34.96142671300004,3.88,3.38,2.15,0.09504088500011676,0.10900933099992471,0.08115318900013335,3.717835391729978,3.1925381751828743,1.8413038858374247
35.01151783,3.88,3.41,2.15,0.0014527299999826937,0.01515974299991285,0.13124430600009873,3.717835391729978,3.2242828660029197,1.8413038858374247
35.06164379200004,3.88,3.41,2.14,0.051578692000020965,0.06528570499995112,0.03729466000004322,3.717835391729978,3.2242828660029197,1.8296174463531987
35.11175421000007,3.88,3.41,2.14,0.1016891100000521,0.11539612299998225,0.08740507800007435,3.717835391729978,3.2242828660029197,1.8296174463531987
35.161935947000075,3.83,3.38,2.14,0.007690228000001298,0.02175626200005354,0.13758681500007697,3.6656240942027867,3.1925381751828743,1.8296174463531987
35.212052345000075,3.83,3.38,2.2,0.057806626000001415,0.07187266000005366,0.043645331000107035,3.6656240942027867,3.1925381751828743,1.89944728802881
35.262158752999994,3.83,3.38,2.2,0.10791303399992103,0.12197906799997327,0.09375173900002665,3.6656240942027867,3.1925381751828743,1.89944728802881
35.31227941099996,3.86,3.38,2.2,0.014032330999953047,0.027771953999945254,0.14387239699999554,3.6969582091227373,3.1925381751828743,1.89944728802881
35.362602817999914,3.86,3.38,2.18,0.0643557379999038,0.078095360999896,0.049882038999840006,3.6969582091227373,3.1925381751828743,1.8762462524945922
35.412955338000074,3.86,3.38,2.18,0.11470825800006423,0.12844788100005644,0.10023455900000044,3.6969582091227373,3.1925381751828743,1.8762462524945922
35.463316803,3.88,3.31,2.12,0.020817946000079246,0.034810026000059224,0.006631795999965107,3.717835391729978,3.118332887938682,1.8061838223170976
35.51347938899994,3.88,3.31,2.12,0.07098053200002141,0.08497261200000139,0.05679438199990727,3.717835391729978,3.118332887938682,1.8061838223170976
35.563639658000056,3.88,3.31,2.12,0.1211408010001378,0.13513288100011778,0.10695465100002366,3.717835391729978,3.118332887938682,1.8061838223170976
35.61377895700002,3.88,3.31,2.12,0.17128010000010363,0.1852721800000836,0.1570939499999895,3.717835391729978,3.118332887938682,1.8061838223170976
35.66394798500005,3.88,3.31,2.12,0.22144912800013117,0.23544120800011115,0.20726297800001703,3.717835391729978,3.118332887938682,1.8061838223170976
35.71410685699993,3.88,3.31,2.12,0.2716080000000147,0.2856000799999947,0.2574218499999006,3.717835391729978,3.118332887938682,1.8061838223170976
35.764251318000106,3.88,3.3,2.15,0.03363093000007211,0.04799126000011711,0.01974701900007858,3.717835391729978,3.1077162032592356,1.8413038858374247
35.81439651400001,3.88,3.3,2.15,0.08377612599997519,0.09813645600002019,0.06989221499998166,3.717835391729978,3.1077162032592356,1.8413038858374247
35.86450665899997,3.88,3.39,2.15,0.13388627099993755,0.004169860000047265,0.12000235999994402,3.717835391729978,3.2031234756093934,1.8413038858374247
35.91487119499993,3.84,3.39,2.14,0.03998932399986188,0.0545343960000082,0.026388592999865068,3.676071272432024,3.2031234756093934,1.8296174463531987
35.96496253300006,3.84,3.39,2.14,0.09008066199999121,0.10462573400013753,0.0764799309999944,3.676071272432024,3.2031234756093934,1.8296174463531987
36.015148400000044,3.84,3.39,2.14,0.14026652899997316,0.01017455000010159,0.12666579799997635,3.676071272432024,3.2031234756093934,1.8296174463531987
36.06548873800011,3.89,3.39,2.15,0.04682421900020017,0.060514888000170686,0.03280293100010567,3.7282703764614498,3.2031234756093934,1.8413038858374247
36.11562568399995,3.89,3.39,2.15,0.09696116500003882,0.11065183400000933,0.08293987699994432,3.7282703764614498,3.2031234756093934,1.8413038858374247
36.165725565,3.86,3.29,2.15,0.0031167610000011337,0.01707858000008855,0.13303975799999535,3.6969582091227373,3.0970954134478967,1.8413038858374247
36.21588586100006,3.86,3.29,2.16,0.05327705700005936,0.06723887600014677,0.03932793200010565,3.6969582091227373,3.0970954134478967,1.8529705880018712
36.26598597900011,3.86,3.29,2.16,0.10337717500010513,0.11733899400019254,0.08942805000015142,3.6969582091227373,3.0970954134478967,1.8529705880018712
36.31609637299994,3.84,3.31,2.16,0.009207688999822494,0.02337512400004016,0.1395384439999816,3.676071272432024,3.118332887938682,1.8529705880018712
36.366427708999936,3.84,3.31,2.15,0.05953902499982178,0.07370646000003944,0.045617128000003504,3.676071272432024,3.118332887938682,1.8413038858374247
36.416573711999945,3.84,3.31,2.15,0.10968502799983071,0.12385246300004837,0.09576313100001244,3.676071272432024,3.118332887938682,1.8413038858374247
36.46666865399993,3.87,3.33,2.17,0.016080581999858623,0.029639926999834643,0.002147756999875128,3.7073980093860976,3.1395541084682708,1.8646179233290663
36.516803410999955,3.87,3.33,2.17,0.06621533899988208,0.0797746839998581,0.05228251399989858,3.7073980093860976,3.1395541084682708,1.8646179233290663
36.56695911800011,3.87,3.33,2.17,0.11637104600004022,0.12993039100001624,0.10243822100005673,3.7073980093860976,3.1395541084682708,1.8646179233290663
36.617294177000076,3.84,3.31,2.13,0.022667976000093404,0.03626795800005311,0.00841701300009845,3.676071272432024,3.118332887938682,1.8179108889051738
36.6674405199999,3.84,3.31,2.13,0.0728143189999173,0.08641430099987701,0.05856335599992235,3.676071272432024,3.118332887938682,1.8179108889051738
36.71777823499997,3.84,3.31,2.13,0.12315203399998609,0.1367520159999458,0.10890107099999113,3.676071272432024,3.118332887938682,1.8179108889051738
36.768066393000026,3.86,3.33,2.12,0.029276534000018728,0.043288669000048685,0.015469415000097797,3.6969582091227373,3.1395541084682708,1.8061838223170976
36.81838208299996,3.86,3.33,2.12,0.0795922239999527,0.09360435899998265,0.06578510500003176,3.6969582091227373,3.1395541084682708,1.8061838223170976
36.86871665400008,3.86,3.33,2.12,0.12992679500007398,0.14393893000010394,0.11611967600015305,3.6969582091227373,3.1395541084682708,1.8061838223170976
36.918909244999895,3.89,3.38,2.15,0.03622126499999467,0.04966681799987782,0.02231173499990291,3.7282703764614498,3.1925381751828743,1.8413038858374247
36.969025139999985,3.89,3.38,2.15,0.08633716000008462,0.09978271299996777,0.07242762999999286,3.7282703764614498,3.1925381751828743,1.8413038858374247
37.01921105800011,3.89,3.34,2.15,0.13652307800020935,0.006131480000021838,0.12261354800011759,3.7282703764614498,3.1501587261596833,1.8413038858374247
37.06936997599996,3.9,3.34,2.15,0.042689597999924445,0.056290397999873676,0.02844105799999852,3.73870298365623,3.1501587261596833,1.8413038858374247
37.119553303999965,3.9,3.34,2.15,0.09287292599992725,0.10647372599987648,0.07862438600000132,3.73870298365623,3.1501587261596833,1.8413038858374247
37.16970026800004,3.9,3.42,2.15,0.14301989000000503,0.012968632000138314,0.1287713500000791,3.73870298365623,3.2348570292982033,1.8413038858374247
37.22004162799999,3.87,3.42,2.18,0.04939932799993585,0.06330999200008591,0.0350872439998966,3.7073980093860976,3.2348570292982033,1.8762462524945922
37.270162776999996,3.87,3.42,2.18,0.09952047699994182,0.11343114100009188,0.08520839299990257,3.7073980093860976,3.2348570292982033,1.8762462524945922
37.32046053699992,3.88,3.36,2.18,0.0054341319998911786,0.019351859999915177,0.13550615299982383,3.717835391729978,3.171356176779896,1.8762462524945922
37.37080179600002,3.88,3.36,2.15,0.0557753909999974,0.0696931190000214,0.042185279000023,3.717835391729978,3.171356176779896,1.8413038858374247
37.42107156099996,3.88,3.36,2.15,0.10604515599993647,0.11996288399996047,0.09245504399996207,3.717835391729978,3.171356176779896,1.8413038858374247
37.47118791899993,3.87,3.39,2.15,0.012126845000011599,0.02605804899985742,0.14257140199993046,3.7073980093860976,3.2031234756093934,1.8413038858374247
37.52131084999996,3.87,3.39,2.14,0.06224977600004422,0.07618097999989004,0.04816181699993649,3.7073980093860976,3.2031234756093934,1.8296174463531987
37.57165635399997,3.87,3.39,2.14,0.11259528000005048,0.1265264839998963,0.09850732099994275,3.7073980093860976,3.2031234756093934,1.8296174463531987
37.62197434099994,3.88,3.4,2.15,0.018911229999957868,0.03322968499992385,0.004678960999854098,3.717835391729978,3.2137050269120837,1.8413038858374247
37.67232563500011,3.88,3.4,2.15,0.06926252400012345,0.08358097900008943,0.05503025500001968,3.717835391729978,3.2137050269120837,1.8413038858374247
37.72251386800008,3.88,3.4,2.15,0.11945075700009511,0.1337692120000611,0.10521848799999134,3.717835391729978,3.2137050269120837,1.8413038858374247
37.77290129500011,3.88,3.36,2.17,0.02617035000002943,0.03976275400009399,0.01161050000018804,3.717835391729978,3.171356176779896,1.8646179233290663
37.82320601099991,3.88,3.36,2.17,0.0764750659998299,0.09006746999989446,0.061915215999988504,3.717835391729978,3.171356176779896,1.8646179233290663
37.87351472599994,3.88,3.36,2.17,0.1267837809998582,0.14037618499992277,0.11222393100001682,3.717835391729978,3.171356176779896,1.8646179233290663
37.923707998000054,3.86,3.4,2.13,0.0324889810001423,0.04655880400014212,0.018384642000000895,3.6969582091227373,3.2137050269120837,1.8179108889051738
37.974051620999944,3.86,3.4,2.13,0.082832604000032,0.09690242700003182,0.0687282649998906,3.6969582091227373,3.2137050269120837,1.8179108889051738
38.02416418500002,3.86,3.43,2.13,0.1329451680001057,0.002957440000045608,0.11884082899996429,3.6969582091227373,3.245427552727067,1.8179108889051738
38.074290435999956,3.83,3.43,2.16,0.03919253599997319,0.053083690999983446,0.024957466999921962,3.6656240942027867,3.245427552727067,1.8529705880018712
38.12442263999992,3.83,3.43,2.16,0.08932473999993817,0.10321589499994843,0.07508967099988695,3.6656240942027867,3.245427552727067,1.8529705880018712
38.174569952999946,3.83,3.35,2.16,0.13947205299996313,0.009651933999975881,0.1252369839999119,3.6656240942027867,3.1607594024221455,1.8529705880018712
38.224926203999985,3.87,3.35,2.14,0.04577130200004831,0.060008185000015146,0.031808126999976594,3.7073980093860976,3.1607594024221455,1.8296174463531987
38.27514912300012,3.87,3.35,2.14,0.09599422100018273,0.11023110400014957,0.08203104600011102,3.7073980093860976,3.1607594024221455,1.8296174463531987
38.325341566999896,3.87,3.41,2.14,0.0018762019999485346,0.016156426999941687,0.13222348999988753,3.7073980093860976,3.2242828660029197,1.8296174463531987
38.37546739499999,3.87,3.41,2.13,0.05200203000003967,0.06628225500003282,0.03835373099991557,3.7073980093860976,3.2242828660029197,1.8179108889051738
38.425811501,3.87,3.41,2.13,0.10234613600005105,0.1166263610000442,0.08869783699992695,3.7073980093860976,3.2242828660029197,1.8179108889051738
38.475948074999906,3.84,3.43,2.13,0.008732047999956194,0.022991440999931,0.1388344109998343,3.676071272432024,3.245427552727067,1.8179108889051738
38.526074892,3.84,3.43,2.18,0.058858865000047444,0.07311825800002225,0.04497088700009044,3.676071272432024,3.245427552727067,1.8762462524945922
38.57621715100004,3.84,3.43,2.18,0.10900112400008766,0.12326051700006246,0.09511314600013066,3.676071272432024,3.245427552727067,1.8762462524945922
38.62655530200004,3.84,3.43,2.18,0.15933927500009304,0.17359866800006785,0.14545129700013604,3.676071272432024,3.245427552727067,1.8762462524945922
38.67690672999993,3.84,3.43,2.18,0.20969070299997838,0.2239500959999532,0.19580272500002138,3.676071272432024,3.245427552727067,1.8762462524945922
38.72707253900012,3.84,3.43,2.18,0.25985651200016946,0.27411590500014427,0.24596853400021246,3.676071272432024,3.245427552727067,1.8762462524945922
38.77741238699991,3.86,3.36,2.13,0.02214210599981925,0.035927464999986114,0.008278427999812266,3.6969582091227373,3.171356176779896,1.8179108889051738
38.82754848100012,3.86,3.36,2.13,0.07227820000002794,0.0860635590001948,0.05841452200002095,3.6969582091227373,3.171356176779896,1.8179108889051738
38.877930289999995,3.86,3.36,2.13,0.12266000899990104,0.1364453680000679,0.10879633099989405,3.6969582091227373,3.171356176779896,1.8179108889051738
38.928042586999936,3.87,3.36,2.17,0.028748266999855332,0.042739175999940926,0.014561034999815092,3.7073980093860976,3.171356176779896,1.8646179233290663
38.978180952,3.87,3.36,2.17,0.07888663199992152,0.09287754100000711,0.06469939999988128,3.7073980093860976,3.171356176779896,1.8646179233290663
39.028517918000034,3.87,3.36,2.17,0.1292235979999532,0.1432145070000388,0.11503636599991296,3.7073980093860976,3.171356176779896,1.8646179233290663
39.07889443199997,3.86,3.38,2.16,0.03568179099988811,0.049296896999976525,0.02142209599992384,3.6969582091227373,3.1925381751828743,1.8529705880018712
39.129100291999976,3.86,3.38,2.16,0.0858876509998936,0.09950275699998201,0.07162795599992933,3.6969582091227373,3.1925381751828743,1.8529705880018712
39.17923606699992,3.86,3.34,2.16,0.13602342599983785,0.005759888999818941,0.12176373099987359,3.6969582091227373,3.1501587261596833,1.8529705880018712
39.22935301799998,3.87,3.34,2.16,0.042058563999944454,0.05587683999988258,0.02810674400006974,3.7073980093860976,3.1501587261596833,1.8529705880018712
39.279684222000014,3.87,3.34,2.16,0.09238976799997545,0.10620804399991357,0.07843794800010073,3.7073980093860976,3.1501587261596833,1.8529705880018712
39.33002783200004,3.87,3.3,2.16,0.14273337800000263,0.012376883000115413,0.12878155800012792,3.7073980093860976,3.1077162032592356,1.8529705880018712
39.38017300599995,3.86,3.3,2.18,0.04888815999993312,0.06252205700002378,0.03467928400004894,3.6969582091227373,3.1077162032592356,1.8762462524945922
39.43051565099995,3.86,3.3,2.18,0.09923080499993375,0.11286470200002441,0.08502192900004957,3.6969582091227373,3.1077162032592356,1.8762462524945922
39.48065978799991,3.87,3.4,2.18,0.0052264089999880525,0.01930108599981395,0.1351660660000107,3.7073980093860976,3.2137050269120837,1.8762462524945922
39.53099780699995,3.87,3.4,2.16,0.055564428000025146,0.06963910499985104,0.04166586299993469,3.7073980093860976,3.2137050269120837,1.8529705880018712
39.58121941400009,3.87,3.4,2.16,0.1057860350001647,0.1198607119999906,0.09188747000007425,3.7073980093860976,3.2137050269120837,1.8529705880018712
39.63153964999992,3.83,3.4,2.16,0.011944726999900013,0.025850107999985994,0.14220770599990828,3.6656240942027867,3.2137050269120837,1.8529705880018712
39.6816611910001,3.83,3.4,2.18,0.06206626800008053,0.07597164900016651,0.048190083999998024,3.6656240942027867,3.2137050269120837,1.8762462524945922
39.73179918899996,3.83,3.4,2.18,0.11220426599993516,0.12610964700002114,0.09832808199985266,3.6656240942027867,3.2137050269120837,1.8762462524945922
39.782140231000085,3.88,3.39,2.17,0.018530275000102847,0.03242835800006105,0.004594620000034411,3.717835391729978,3.2031234756093934,1.8646179233290663
39.8324818640001,3.88,3.39,2.17,0.06887190800011922,0.08276999100007743,0.05493625300005078,3.717835391729978,3.2031234756093934,1.8646179233290663
39.882627688999946,3.88,3.39,2.17,0.11901773299996421,0.13291581599992242,0.10508207799989577,3.717835391729978,3.2031234756093934,1.8646179233290663
39.932770352000034,3.86,3.41,2.17,0.025124577000042336,0.039343849000033515,0.011216757000056532,3.6969582091227373,3.2242828660029197,1.8646179233290663
39.983110056999976,3.86,3.41,2.17,0.07546428199998445,0.08968355399997563,0.061556461999998646,3.6969582091227373,3.2242828660029197,1.8646179233290663
40.033254685999964,3.86,3.41,2.17,0.12560891099997207,0.13982818299996325,0.11170109099998626,3.6969582091227373,3.2242828660029197,1.8646179233290663
40.083395294999946,3.88,3.32,2.15,0.03172853599994596,0.04564332299992202,0.01741747400001259,3.717835391729978,3.128945509273052,1.8413038858374247
40.13372716899994,3.88,3.32,2.15,0.08206040999994002,0.09597519699991608,0.06774934800000665,3.717835391729978,3.128945509273052,1.8413038858374247
40.18387639899993,3.88,3.4,2.15,0.13220963999992819,0.0021013539999330533,0.11789857799999481,3.717835391729978,3.2137050269120837,1.8413038858374247
40.23401192999995,3.86,3.4,2.16,0.03866450700002133,0.0522368849999566,0.02447155999993811,3.6969582091227373,3.2137050269120837,1.8529705880018712
40.2841162310001,3.86,3.4,2.16,0.08876880800016806,0.10234118600010333,0.07457586100008484,3.6969582091227373,3.2137050269120837,1.8529705880018712
40.33425510799998,3.86,3.34,2.16,0.13890768500004924,0.008467587000041021,0.12471473799996602,3.6969582091227373,3.1501587261596833,1.8529705880018712
40.38437098500003,3.87,3.34,2.17,0.04466988800004401,0.058583464000093954,0.0304007189999993,3.7073980093860976,3.1501587261596833,1.8646179233290663
40.43453264899995,3.87,3.34,2.17,0.09483155199995963,0.10874512800000957,0.08056238299991492,3.7073980093860976,3.1501587261596833,1.8646179233290663
40.48461983199991,3.87,3.35,2.17,0.0011608489999161975,0.01483730499990088,0.13064956599987454,3.7073980093860976,3.1607594024221455,1.8646179233290663
40.534763356999974,3.87,3.35,2.15,0.051304373999983,0.06498082999996768,0.037140915000009045,3.7073980093860976,3.1607594024221455,1.8413038858374247
40.58510469499993,3.87,3.35,2.15,0.10164571199993588,0.11532216799992057,0.08748225299996193,3.7073980093860976,3.1607594024221455,1.8413038858374247
40.63521628300009,3.88,3.39,2.15,0.007082566999997653,0.021646278000162056,0.1375938410001254,3.717835391729978,3.2031234756093934,1.8413038858374247
40.685338826999896,3.88,3.39,2.13,0.057205110999802855,0.07176882199996726,0.043648293999922316,3.717835391729978,3.2031234756093934,1.8179108889051738
40.73548433299993,3.88,3.39,2.13,0.10735061699983817,0.12191432800000257,0.09379379999995763,3.717835391729978,3.2031234756093934,1.8179108889051738
40.78564977399992,3.84,3.31,2.13,0.013728798999864011,0.027843918999906236,0.14395924099994772,3.676071272432024,3.118332887938682,1.8179108889051738
40.83582531000002,3.84,3.31,2.1,0.06390433499996107,0.07801945500000329,0.049944990000085454,3.676071272432024,3.118332887938682,1.7826665420094696
40.88598265700011,3.84,3.31,2.1,0.11406168200005595,0.12817680200009818,0.10010233700018034,3.676071272432024,3.118332887938682,1.7826665420094696
40.93611902800012,3.89,3.41,2.14,0.02007569100010187,0.034498020000000906,0.006355371000154264,3.7282703764614498,3.2242828660029197,1.8296174463531987
40.9864160489999,3.89,3.41,2.14,0.07037271199988027,0.0847950409997793,0.05665239199993266,3.7282703764614498,3.2242828660029197,1.8296174463531987
41.03653536999991,3.89,3.41,2.14,0.12049203299989131,0.13491436199979034,0.1067717129999437,3.7282703764614498,3.2242828660029197,1.8296174463531987
41.08704443600004,3.89,3.41,2.14,0.1710010990000228,0.18542342799992184,0.1572807790000752,3.7282703764614498,3.2242828660029197,1.8296174463531987
41.137153632000036,3.89,3.41,2.14,0.22111029500001678,0.2355326239999158,0.20738997500006917,3.7282703764614498,3.2242828660029197,1.8296174463531987
41.18727157500007,3.89,3.41,2.14,0.2712282380000488,0.28565056699994784,0.2575079180001012,3.7282703764614498,3.2242828660029197,1.8296174463531987
41.23739819899993,3.89,3.41,2.15,0.03325409499984744,0.04752728299990849,0.019317529999852923,3.7282703764614498,3.2242828660029197,1.8413038858374247
41.28773580100005,3.89,3.41,2.15,0.08359169699997437,0.09786488500003543,0.06965513199997986,3.7282703764614498,3.2242828660029197,1.8413038858374247
41.337890331999915,3.89,3.39,2.15,0.13374622799983626,0.003960979999874326,0.11980966299984175,3.7282703764614498,3.2031234756093934,1.8413038858374247
41.388018441999975,3.86,3.39,2.17,0.03988486999992347,0.054089089999934004,0.025915942999972685,3.6969582091227373,3.2031234756093934,1.8646179233290663
41.438133250999954,3.86,3.39,2.17,0.08999967899990224,0.10420389899991278,0.07603075199995146,3.6969582091227373,3.2031234756093934,1.8646179233290663
41.48827263699991,3.86,3.35,2.17,0.1401390649998575,0.010029187999862188,0.12617013799990673,3.6969582091227373,3.1607594024221455,1.8646179233290663
41.538419231000034,3.87,3.35,2.14,0.04626101999997445,0.06017578199998752,0.03232558300010169,3.7073980093860976,3.1607594024221455,1.8296174463531987
41.58856461000005,3.87,3.35,2.14,0.0964063989999886,0.11032116100000167,0.08247096200011583,3.7073980093860976,3.1607594024221455,1.8296174463531987
41.63870382899995,3.87,3.35,2.14,0.14654561799989096,0.16046037999990403,0.1326101810000182,3.7073980093860976,3.1607594024221455,1.8296174463531987
41.689005683999994,3.87,3.35,2.14,0.19684747299993433,0.2107622349999474,0.18291203600006156,3.7073980093860976,3.1607594024221455,1.8296174463531987
41.73912809900003,3.87,3.35,2.14,0.2469698879999669,0.26088464999997996,0.23303445100009412,3.7073980093860976,3.1607594024221455,1.8296174463531987
41.789457502000005,3.89,3.38,2.14,0.009550150999984908,0.023461076000103276,0.283363854000072,3.7282703764614498,3.1925381751828743,1.8296174463531987
41.83958762499992,3.89,3.38,2.15,0.059680273999902056,0.07359119900002042,0.04563469400000031,3.7282703764614498,3.1925381751828743,1.8413038858374247
41.889922438999974,3.89,3.38,2.15,0.11001508799995463,0.123926013000073,0.09596950800005288,3.7282703764614498,3.1925381751828743,1.8413038858374247
41.940036484000075,3.88,3.4,2.15,0.016103824000083478,0.029695074000073873,0.001845960000082414,3.717835391729978,3.2137050269120837,1.8413038858374247
41.990335060999996,3.88,3.4,2.15,0.06640240100000483,0.07999365099999522,0.052144537000003766,3.717835391729978,3.2137050269120837,1.8413038858374247
42.040456924999944,3.88,3.4,2.15,0.11652426499995272,0.13011551499994312,0.10226640099995166,3.717835391729978,3.2137050269120837,1.8413038858374247
42.090799052999955,3.84,3.38,2.14,0.02256303499984824,0.036716078999916135,0.008663689000059094,3.676071272432024,3.1925381751828743,1.8296174463531987
42.1411418780001,3.84,3.38,2.14,0.07290585999999166,0.08705890400005956,0.059006514000202515,3.676071272432024,3.1925381751828743,1.8296174463531987
42.19126462999998,3.84,3.38,2.14,0.12302861199987092,0.1371816559999388,0.10912926600008177,3.676071272432024,3.1925381751828743,1.8296174463531987
42.24139572200011,3.87,3.36,2.17,0.029158674000200335,0.043294360000118104,0.01520897600016724,3.7073980093860976,3.171356176779896,1.8646179233290663
42.2915165899999,3.87,3.36,2.17,0.07927954199999476,0.09341522799991253,0.06532984399996167,3.7073980093860976,3.171356176779896,1.8646179233290663
42.341747626999904,3.87,3.36,2.17,0.12951057899999796,0.14364626499991573,0.11556088099996487,3.7073980093860976,3.171356176779896,1.8646179233290663
42.39191598000002,3.84,3.35,2.14,0.035872156000095856,0.04966039900000396,0.02203368200002842,3.676071272432024,3.1607594024221455,1.8296174463531987
42.44214341399993,3.84,3.35,2.14,0.08609959000000345,0.09988783299991155,0.07226111599993601,3.676071272432024,3.1607594024221455,1.8296174463531987
42.49228718800009,3.84,3.41,2.14,0.13624336400016546,0.00619437199998174,0.12240489000009802,3.676071272432024,3.2242828660029197,1.8296174463531987
42.542626402999986,3.87,3.41,2.13,0.04266044799987867,0.056533586999876206,0.02837016900002709,3.7073980093860976,3.2242828660029197,1.8179108889051738
42.59297353300008,3.87,3.41,2.13,0.09300757799996973,0.10688071699996726,0.07871729900011815,3.7073980093860976,3.2242828660029197,1.8179108889051738
42.643142691000094,3.87,3.34,2.13,0.1431767359999867,0.012784781000164003,0.12888645700013512,3.7073980093860976,3.1501587261596833,1.8179108889051738
42.69347712400008,3.88,3.34,2.14,0.04944808799996281,0.06311921400015308,0.03518119800014574,3.717835391729978,3.1501587261596833,1.8296174463531987
42.74382352199996,3.88,3.34,2.14,0.09979448599983698,0.11346561200002725,0.08552759600001991,3.717835391729978,3.1501587261596833,1.8296174463531987
42.79400319599995,3.88,3.34,2.14,0.14997415999982877,0.16364528600001904,0.1357072700000117,3.717835391729978,3.1501587261596833,1.8296174463531987
42.844121259000076,3.88,3.34,2.14,0.200092222999956,0.21376334900014626,0.18582533300013893,3.717835391729978,3.1501587261596833,1.8296174463531987
42.89429595499996,3.88,3.34,2.14,0.25026691899984144,0.2639380450000317,0.23600002900002437,3.717835391729978,3.1501587261596833,1.8296174463531987
42.94462028499993,3.84,3.41,2.14,0.01231948800000282,0.02622916899986194,0.2863243589999911,3.676071272432024,3.2242828660029197,1.8296174463531987
42.994766203999916,3.84,3.41,2.17,0.06246540699999059,0.07637508799984971,0.048218829000006735,3.676071272432024,3.2242828660029197,1.8646179233290663
43.045119359999944,3.84,3.41,2.17,0.11281856300001891,0.12672824399987803,0.09857198500003506,3.676071272432024,3.2242828660029197,1.8646179233290663
43.0952651099999,3.88,3.34,2.15,0.019109546999970917,0.03311067199979334,0.00466456199978893,3.717835391729978,3.1501587261596833,1.8413038858374247
43.14540346600006,3.88,3.34,2.15,0.06924790300013228,0.0832490279999547,0.054802917999950296,3.717835391729978,3.1501587261596833,1.8413038858374247
43.19551704300011,3.88,3.34,2.15,0.11936148000017965,0.13336260500000208,0.10491649499999767,3.717835391729978,3.1501587261596833,1.8413038858374247
43.2456292490001,3.88,3.38,2.13,0.02495303800014881,0.03920126299999538,0.011018270000022312,3.717835391729978,3.1925381751828743,1.8179108889051738
43.29574386200011,3.88,3.38,2.13,0.075067651000154,0.08931587600000057,0.061132883000027505,3.717835391729978,3.1925381751828743,1.8179108889051738
43.34591001300009,3.88,3.38,2.13,0.1252338020001389,0.13948202699998546,0.1112990340000124,3.717835391729978,3.1925381751828743,1.8179108889051738
43.396029694999925,3.88,3.42,2.14,0.031437648999826706,0.04572960799987413,0.01774156199985555,3.717835391729978,3.2348570292982033,1.8296174463531987
43.446158321999974,3.88,3.42,2.14,0.08156627599987587,0.0958582349999233,0.06787018899990471,3.717835391729978,3.2348570292982033,1.8296174463531987
43.50188227900003,3.88,3.34,2.14,0.1372902329999306,0.003743729000007079,0.12359414599995944,3.717835391729978,3.1501587261596833,1.8296174463531987
43.55198945999996,3.87,3.34,2.14,0.04382458400004907,0.05385090999993736,0.029609196999899723,3.7073980093860976,3.1501587261596833,1.8296174463531987
43.60231349300011,3.87,3.34,2.14,0.09414861700020083,0.10417494300008912,0.07993323000005148,3.7073980093860976,3.1501587261596833,1.8296174463531987
43.652423392999935,3.87,3.33,2.14,0.14425851700002568,0.013922355999966385,0.13004312999987633,3.7073980093860976,3.1395541084682708,1.8296174463531987
43.70275072100003,3.84,3.33,2.16,0.050056068000003506,0.06424968400006037,0.0360643720000553,3.676071272432024,3.1395541084682708,1.8529705880018712
43.752928212999905,3.84,3.33,2.16,0.10023355999987871,0.11442717599993557,0.0862418639999305,3.676071272432024,3.1395541084682708,1.8529705880018712
43.803253712000014,3.87,3.35,2.16,0.006741894000015236,0.020436360000076093,0.13656736300004013,3.7073980093860976,3.1607594024221455,1.8529705880018712
43.85338348999994,3.87,3.35,2.17,0.05687167199994292,0.07056613800000378,0.04300650300001507,3.7073980093860976,3.1607594024221455,1.8646179233290663
43.90372606300002,3.87,3.35,2.17,0.10721424500002286,0.12090871100008371,0.09334907600009501,3.7073980093860976,3.1607594024221455,1.8646179233290663
43.95391497700007,3.86,3.4,2.17,0.013174779000109993,0.02701465400014058,0.14353799000014078,3.6969582091227373,3.2137050269120837,1.8646179233290663
44.00406391000001,3.86,3.4,2.14,0.06332371200005582,0.07716358700008641,0.04949782700009564,3.6969582091227373,3.2137050269120837,1.8296174463531987
44.05417241300006,3.86,3.4,2.14,0.11343221500010259,0.12727209000013318,0.0996063300001424,3.6969582091227373,3.2137050269120837,1.8296174463531987
44.104477979999956,3.86,3.35,2.13,0.0199985619999552,0.03391264499987301,0.00578440899994348,3.6969582091227373,3.1607594024221455,1.8179108889051738
44.15461370000003,3.86,3.35,2.13,0.07013428200002636,0.08404836499994417,0.05592012900001464,3.6969582091227373,3.1607594024221455,1.8179108889051738
44.204941843999904,3.86,3.35,2.13,0.12046242599990364,0.13437650899982145,0.10624827299989192,3.6969582091227373,3.1607594024221455,1.8179108889051738
44.25526041400008,3.86,3.38,2.16,0.026687085000048683,0.0405970880001405,0.012859310000067126,3.6969582091227373,3.1925381751828743,1.8529705880018712
44.305607047999956,3.86,3.38,2.16,0.07703371899992817,0.09094372200001999,0.06320594399994661,3.6969582091227373,3.1925381751828743,1.8529705880018712
44.355751731000055,3.86,3.38,2.16,0.12717840200002684,0.14108840500011866,0.11335062700004528,3.6969582091227373,3.1925381751828743,1.8529705880018712
44.406081932999996,3.89,3.4,2.17,0.033279924999988,0.04744911200009483,0.019350052999925538,3.7282703764614498,3.2137050269120837,1.8646179233290663
44.456200839000076,3.89,3.4,2.17,0.08339883100006773,0.09756801800017456,0.06946895900000527,3.7282703764614498,3.2137050269120837,1.8646179233290663
44.50633892299993,3.89,3.38,2.17,0.13353691499992237,0.003420585999947434,0.11960704299985991,3.7282703764614498,3.1925381751828743,1.8646179233290663
44.556452874000115,3.88,3.38,2.15,0.03956592500003353,0.05353453700013233,0.026019243000064307,3.717835391729978,3.1925381751828743,1.8413038858374247
44.60660450299997,3.88,3.38,2.15,0.08971755399988979,0.10368616599998859,0.07617087199992056,3.717835391729978,3.1925381751828743,1.8413038858374247
44.65692290700008,3.88,3.38,2.15,0.14003595799999857,0.15400457000009737,0.12648927600002935,3.717835391729978,3.1925381751828743,1.8413038858374247
44.70726525700002,3.88,3.38,2.15,0.19037830799993571,0.20434692000003452,0.1768316259999665,3.717835391729978,3.1925381751828743,1.8413038858374247
44.757453568000074,3.88,3.38,2.15,0.240566618999992,0.2545352310000908,0.22701993700002276,3.717835391729978,3.1925381751828743,1.8413038858374247
44.80759536200003,3.88,3.41,2.15,0.0028635730000132753,0.016637633000073038,0.2771617309999783,3.717835391729978,3.2242828660029197,1.8413038858374247
44.857919393999964,3.88,3.41,2.17,0.053187604999948235,0.066961665000008,0.03947340900003837,3.717835391729978,3.2242828660029197,1.8646179233290663
44.908068630000116,3.88,3.41,2.17,0.10333684100010032,0.11711090100016008,0.08962264500019046,3.717835391729978,3.2242828660029197,1.8646179233290663
44.958192700999916,3.88,3.35,2.17,0.00929316499991728,0.023408994999954302,0.13974671599999056,3.717835391729978,3.1607594024221455,1.8646179233290663
45.008530586000006,3.88,3.35,2.13,0.059631050000007235,0.07374688000004426,0.04570126699991306,3.717835391729978,3.1607594024221455,1.8179108889051738
45.058724901000005,3.88,3.35,2.13,0.10982536500000606,0.12394119500004308,0.09589558199991188,3.717835391729978,3.1607594024221455,1.8179108889051738
45.109026101999916,3.92,3.38,2.18,0.016096302999812906,0.03002129999981662,0.0022432769999340962,3.7595611446018533,3.1925381751828743,1.8762462524945922
45.15936831299996,3.92,3.38,2.18,0.06643851399985579,0.0803635109998595,0.052585487999976976,3.7595611446018533,3.1925381751828743,1.8762462524945922
45.20950161099995,3.92,3.38,2.18,0.11657181199984734,0.13049680899985105,0.10271878599996853,3.7595611446018533,3.1925381751828743,1.8762462524945922
45.25988970100002,3.9,3.33,2.14,0.023575127999947654,0.03745664200005194,0.008982920000107697,3.73870298365623,3.1395541084682708,1.8296174463531987
45.31018267800005,3.9,3.33,2.14,0.0738681049999741,0.08774961900007838,0.05927589700013414,3.73870298365623,3.1395541084682708,1.8296174463531987
45.360347793000074,3.9,3.33,2.14,0.12403322000000117,0.13791473400010545,0.10944101200016121,3.73870298365623,3.1395541084682708,1.8296174463531987
45.41048653100006,3.84,3.34,2.14,0.029714154999965103,0.0438061300001209,0.015306370999951469,3.676071272432024,3.1501587261596833,1.8296174463531987
45.460663004000025,3.84,3.34,2.14,0.07989062799993008,0.09398260300008587,0.06548284399991644,3.676071272432024,3.1501587261596833,1.8296174463531987
45.51076466299992,3.84,3.38,2.14,0.12999228699982268,6.2687999843547e-05,0.11558450299980905,3.676071272432024,3.1925381751828743,1.8296174463531987
45.560907735,3.84,3.38,2.15,0.03616439699999319,0.05020575999992616,0.021953039999971224,3.676071272432024,3.1925381751828743,1.8413038858374247
45.61102797100011,3.84,3.38,2.15,0.0862846330001048,0.10032599600003778,0.07207327600008284,3.676071272432024,3.1925381751828743,1.8413038858374247
45.661162960999945,3.84,3.4,2.15,0.13641962299993793,0.006124743999862403,0.12220826599991597,3.676071272432024,3.2137050269120837,1.8413038858374247
45.711506297999904,3.86,3.4,2.14,0.04250680499990267,0.05646808099982081,0.028643583999837574,3.6969582091227373,3.2137050269120837,1.8296174463531987
45.76188490699997,3.86,3.4,2.14,0.09288541399996575,0.10684668999988389,0.07902219299990065,3.6969582091227373,3.2137050269120837,1.8296174463531987
45.81222204599999,3.86,3.34,2.14,0.14322255299998687,0.013165969000056066,0.12935933199992178,3.6969582091227373,3.1501587261596833,1.8296174463531987
45.86256487300011,3.88,3.34,2.17,0.04922293700019509,0.06350879600017834,0.03546655000013743,3.717835391729978,3.1501587261596833,1.8646179233290663
45.91291025700002,3.88,3.34,2.17,0.09956832100010615,0.1138541800000894,0.0858119340000485,3.717835391729978,3.1501587261596833,1.8646179233290663
45.96301132999997,3.88,3.34,2.17,0.005947901999888927,0.02033974699997998,0.1359130069999992,3.717835391729978,3.1501587261596833,1.8646179233290663
46.013120496000056,3.88,3.34,2.15,0.05605706799997279,0.07044891300006384,0.04222808300005454,3.717835391729978,3.1501587261596833,1.8413038858374247
46.06325628900004,3.88,3.34,2.15,0.10619286099995406,0.12058470600004512,0.09236387600003582,3.717835391729978,3.1501587261596833,1.8413038858374247
46.11345333300005,3.86,3.36,2.15,0.012380635999988954,0.02676529199993638,0.14256092000005083,3.6969582091227373,3.171356176779896,1.8413038858374247
46.16381283999999,3.86,3.36,2.13,0.06274014299992814,0.07712479899987557,0.048917491999873164,3.6969582091227373,3.171356176779896,1.8179108889051738
46.214142347000006,3.86,3.36,2.13,0.11306964999994307,0.1274543059998905,0.09924699899988809,3.6969582091227373,3.171356176779896,1.8179108889051738
46.26425515899996,3.88,3.4,2.14,0.019209638999882372,0.033133276999933514,0.005285764000063864,3.717835391729978,3.2137050269120837,1.8296174463531987
46.314369898999985,3.88,3.4,2.14,0.06932437899990873,0.08324801699995987,0.05540050400009022,3.717835391729978,3.2137050269120837,1.8296174463531987
46.36450535800009,3.88,3.4,2.14,0.11945983800001159,0.13338347600006273,0.10553596300019308,3.717835391729978,3.2137050269120837,1.8296174463531987
46.41486872900009,3.83,3.32,2.16,0.025663083000154074,0.03945260000000417,0.011593484000059107,3.6656240942027867,3.128945509273052,1.8529705880018712
46.4650933800001,3.83,3.32,2.16,0.0758877340001618,0.08967725100001189,0.06181813500006683,3.6656240942027867,3.128945509273052,1.8529705880018712
46.51545886100007,3.83,3.32,2.16,0.12625321500013342,0.14004273199998352,0.11218361600003846,3.6656240942027867,3.128945509273052,1.8529705880018712
46.56557740900007,3.86,3.34,2.18,0.03235439900004167,0.046147398000130124,0.018260760999964987,3.6969582091227373,3.1501587261596833,1.8762462524945922
46.61590888499995,3.86,3.34,2.18,0.08268587499992464,0.09647887400001309,0.06859223699984796,3.6969582091227373,3.1501587261596833,1.8762462524945922
46.666011473000026,3.86,3.41,2.18,0.13278846299999714,0.002568885000073351,0.11869482499992046,3.6969582091227373,3.2242828660029197,1.8762462524945922
46.71611830300003,3.87,3.41,2.18,0.038838202000079036,0.052675715000077616,0.024828972000022986,3.7073980093860976,3.2242828660029197,1.8762462524945922
46.766288110000005,3.87,3.41,2.18,0.08900800900005379,0.10284552200005237,0.07499877899999774,3.7073980093860976,3.2242828660029197,1.8762462524945922
46.81665830399993,3.87,3.32,2.18,0.13937820299997838,0.009200260999932652,0.12536897299992233,3.7073980093860976,3.128945509273052,1.8762462524945922
46.866774220000025,3.88,3.32,2.18,0.04536092200009989,0.05931617700002789,0.031570848000001206,3.717835391729978,3.128945509273052,1.8762462524945922
46.916907921000075,3.88,3.32,2.18,0.09549462300014966,0.10944987800007766,0.08170454900005097,3.717835391729978,3.128945509273052,1.8762462524945922
46.96707518900007,3.83,3.39,2.18,0.0016943240000273363,0.015612504000046101,0.13187181700004658,3.6656240942027867,3.2031234756093934,1.8762462524945922
47.01722166500008,3.83,3.39,2.16,0.051840800000036324,0.06575898000005509,0.03787738200003332,3.6656240942027867,3.2031234756093934,1.8529705880018712
47.06735496100009,3.83,3.39,2.16,0.10197409600004903,0.1158922760000678,0.08801067800004603,3.6656240942027867,3.2031234756093934,1.8529705880018712
47.1176973900001,3.9,3.36,2.16,0.00830796500008546,0.022319537000157652,0.1383531070000572,3.73870298365623,3.171356176779896,1.8529705880018712
47.16781484400008,3.9,3.36,2.17,0.058425419000059264,0.07243699100013146,0.04449368800010234,3.73870298365623,3.171356176779896,1.8646179233290663
47.21792003399992,3.9,3.36,2.17,0.10853060899989941,0.1225421809999716,0.09459887799994249,3.73870298365623,3.171356176779896,1.8646179233290663
47.26800109100009,3.84,3.36,2.2,0.014854670999966402,0.02852141100015615,0.0007943200000681827,3.676071272432024,3.171356176779896,1.89944728802881
47.31813828999998,3.84,3.36,2.2,0.06499186999985795,0.0786586100000477,0.050931518999959735,3.676071272432024,3.171356176779896,1.89944728802881
47.36822776700001,3.84,3.36,2.2,0.11508134699988659,0.12874808700007634,0.10102099599998837,3.676071272432024,3.171356176779896,1.89944728802881
47.418547880000006,3.9,3.4,2.11,0.02108355399991524,0.035142394000104105,0.007191508000005342,3.73870298365623,3.2137050269120837,1.794435844492636
47.46865939400004,3.9,3.4,2.11,0.07119506799995179,0.08525390800014065,0.05730302200004189,3.73870298365623,3.2137050269120837,1.794435844492636
47.51878319499997,3.9,3.4,2.11,0.12131886899987876,0.13537770900006763,0.10742682299996886,3.73870298365623,3.2137050269120837,1.794435844492636
47.56890571000008,3.83,3.4,2.15,0.027444340000101874,0.041722103999973115,0.013545785000133037,3.6656240942027867,3.2137050269120837,1.8413038858374247
47.61901470900011,3.83,3.4,2.15,0.07755333900013284,0.09183110300000408,0.063654784000164,3.6656240942027867,3.2137050269120837,1.8413038858374247
47.66931353199993,3.83,3.4,2.15,0.12785216199995375,0.142129925999825,0.11395360699998491,3.6656240942027867,3.2137050269120837,1.8413038858374247
47.7196562260001,3.83,3.4,2.15,0.1781948560001183,0.19247261999998955,0.16429630100014947,3.6656240942027867,3.2137050269120837,1.8413038858374247
47.76977906100001,3.83,3.4,2.15,0.2283176910000293,0.24259545499990054,0.21441913600006046,3.6656240942027867,3.2137050269120837,1.8413038858374247
47.82012113399992,3.83,3.4,2.15,0.27865976399993997,0.004567686999962461,0.26476120899997113,3.6656240942027867,3.2137050269120837,1.8413038858374247
47.87050033600008,3.86,3.4,2.17,0.04109774100015784,0.05494688900012079,0.02695921700001236,3.6969582091227373,3.2137050269120837,1.8646179233290663
47.92086997499996,3.86,3.4,2.17,0.09146738000004007,0.10531652800000302,0.07732885599989459,3.6969582091227373,3.2137050269120837,1.8646179233290663
47.9711069330001,3.86,3.44,2.17,0.14170433800018145,0.011545882000064012,0.12756581400003597,3.6969582091227373,3.255994471739778,1.8646179233290663
48.021410608999986,3.88,3.44,2.14,0.04805291499997111,0.061849557999948956,0.03396970699986923,3.717835391729978,3.255994471739778,1.8296174463531987
48.07174671300004,3.88,3.44,2.14,0.09838901900002384,0.11218566200000168,0.08430581099992196,3.717835391729978,3.255994471739778,1.8296174463531987
48.12207829199997,3.87,3.34,2.14,0.004800781999847459,0.01849351500004559,0.13463738999985253,3.7073980093860976,3.1501587261596833,1.8296174463531987
48.172194882999975,3.87,3.34,2.17,0.05491737299985289,0.06861010600005102,0.0406431189999239,3.7073980093860976,3.1501587261596833,1.8646179233290663
48.222527938999974,3.87,3.34,2.17,0.10525042899985237,0.1189431620000505,0.09097617499992339,3.7073980093860976,3.1501587261596833,1.8646179233290663
48.27267685600009,3.87,3.39,2.17,0.011165129000119123,0.025085030000127517,0.14112509200003842,3.7073980093860976,3.2031234756093934,1.8646179233290663
48.32302806100006,3.87,3.39,2.11,0.061516334000089046,0.07543623500009744,0.0474632840000595,3.7073980093860976,3.2031234756093934,1.794435844492636
48.37319530400009,3.87,3.39,2.11,0.11168357700012166,0.12560347800013005,0.09763052700009212,3.7073980093860976,3.2031234756093934,1.794435844492636
48.423333727,3.88,3.39,2.13,0.01758322999990014,0.031998595999993995,0.003516062000016973,3.717835391729978,3.2031234756093934,1.8179108889051738
48.47345946700011,3.88,3.39,2.13,0.06770897000001241,0.08212433600010627,0.053641802000129246,3.717835391729978,3.2031234756093934,1.8179108889051738
48.523595198000066,3.88,3.39,2.13,0.11784470099996724,0.1322600670000611,0.10377753300008408,3.717835391729978,3.2031234756093934,1.8179108889051738
48.57393971700003,3.86,3.44,2.17,0.024370389000068826,0.03854934100013452,0.010120049000079234,3.6969582091227373,3.255994471739778,1.8646179233290663
48.624280278000015,3.86,3.44,2.17,0.07471095000005334,0.08888990200011904,0.06046061000006375,3.6969582091227373,3.255994471739778,1.8646179233290663
48.674469456,3.86,3.44,2.17,0.12490012800003569,0.13907908000010138,0.1106497880000461,3.6969582091227373,3.255994471739778,1.8646179233290663
48.7245885509999,3.87,3.34,2.15,0.030674989999852187,0.04511001799983205,0.01703846799978237,3.7073980093860976,3.1501587261596833,1.8413038858374247
48.77469591199997,3.87,3.34,2.15,0.08078235099992526,0.09521737899990512,0.06714582899985544,3.7073980093860976,3.1501587261596833,1.8413038858374247
48.82478551500003,3.87,3.3,2.15,0.13087195399998564,0.0007551159999366064,0.11723543199991582,3.7073980093860976,3.1077162032592356,1.8413038858374247
48.87493214400001,3.87,3.3,2.13,0.037154822000047716,0.050901744999919174,0.023386066000057326,3.7073980093860976,3.1077162032592356,1.8179108889051738
48.92522784800008,3.87,3.3,2.13,0.0874505260001115,0.10119744899998295,0.0736817700001211,3.7073980093860976,3.1077162032592356,1.8179108889051738
48.97534447699991,3.87,3.41,2.13,0.13756715499994243,0.007460145999857559,0.12379839899995204,3.7073980093860976,3.2242828660029197,1.8179108889051738
49.02567303799992,3.86,3.41,2.17,0.0440579290000187,0.057788706999872375,0.030105070999979944,3.6969582091227373,3.2242828660029197,1.8646179233290663
49.075815581999905,3.86,3.41,2.17,0.09420047300000078,0.10793125099985446,0.08024761499996202,3.6969582091227373,3.2242828660029197,1.8646179233290663
49.12594845400008,3.86,3.4,2.17,0.14433334500017736,0.014023918000020785,0.1303804870001386,3.6969582091227373,3.2137050269120837,1.8646179233290663
49.17606055500005,3.9,3.4,2.15,0.04984284700003627,0.06413601899998866,0.036193202000049496,3.73870298365623,3.2137050269120837,1.8413038858374247
49.226400156999944,3.9,3.4,2.15,0.10018244899993078,0.11447562099988318,0.08653280399994401,3.73870298365623,3.2137050269120837,1.8413038858374247
49.276513669999986,3.87,3.33,2.15,0.00653323000005912,0.020614993999970466,0.13664631699998608,3.7073980093860976,3.1395541084682708,1.8413038858374247
49.32662556900004,3.87,3.33,2.18,0.05664512900011687,0.07072689300002821,0.04312982600004034,3.7073980093860976,3.1395541084682708,1.8762462524945922
49.376737679999906,3.87,3.33,2.18,0.10675723999997899,0.12083900399989034,0.09324193699990246,3.7073980093860976,3.1395541084682708,1.8762462524945922
49.42705736500011,3.83,3.35,2.18,0.013361466000105793,0.027286093000157052,0.14356162200010658,3.6656240942027867,3.1607594024221455,1.8762462524945922
49.47719714599998,3.83,3.35,2.17,0.0635012469999765,0.07742587400002776,0.04919850900000711,3.6656240942027867,3.1607594024221455,1.8646179233290663
49.52743560299996,3.83,3.35,2.17,0.11373970399995414,0.1276643310000054,0.09943696599998475,3.6656240942027867,3.1607594024221455,1.8646179233290663
49.577596911,3.89,3.34,2.14,0.019955650999918362,0.03352736400006506,0.00606443800006673,3.7282703764614498,3.1501587261596833,1.8296174463531987
49.627789557999904,3.89,3.34,2.14,0.07014829799982181,0.08372001099996851,0.056257084999970175,3.7282703764614498,3.1501587261596833,1.8296174463531987
49.67812619699998,3.89,3.34,2.14,0.12048493699990104,0.13405665000004774,0.1065937240000494,3.7282703764614498,3.1501587261596833,1.8296174463531987
49.72845595500007,3.88,3.45,2.18,0.026810743000169168,0.04055890500012538,0.01252200199996878,3.717835391729978,3.266557821315888,1.8762462524945922
49.77860306299999,3.88,3.45,2.18,0.07695785100008834,0.09070601300004455,0.06266910999988795,3.717835391729978,3.266557821315888,1.8762462524945922
49.82894083800011,3.88,3.45,2.18,0.12729562600020472,0.14104378800016093,0.11300688500000433,3.717835391729978,3.266557821315888,1.8762462524945922
49.87905847799993,3.89,3.4,2.2,0.033016307000025336,0.04724925099981192,0.019463097999960155,3.7282703764614498,3.2137050269120837,1.89944728802881
49.929187303999925,3.89,3.4,2.2,0.08314513300001636,0.09737807699980294,0.06959192399995118,3.7282703764614498,3.2137050269120837,1.89944728802881
49.97930241500012,3.89,3.4,2.2,0.13326024400021197,0.0033405790002234426,0.11970703500014679,3.7282703764614498,3.2137050269120837,1.89944728802881
50.02943088999996,3.87,3.4,2.17,0.03971900400006234,0.05346905400006108,0.025478079999857073,3.7073980093860976,3.2137050269120837,1.8646179233290663
50.079759835999994,3.87,3.4,2.17,0.09004795000009835,0.10379800000009709,0.07580702599989309,3.7073980093860976,3.2137050269120837,1.8646179233290663
50.130143537000095,3.87,3.4,2.17,0.14043165100019905,0.01001305400018282,0.12619072699999379,3.7073980093860976,3.2137050269120837,1.8646179233290663
50.180486485000074,3.88,3.4,2.15,0.046406370000113384,0.060356002000162334,0.03273842900011914,3.717835391729978,3.2137050269120837,1.8413038858374247
50.23057849299994,3.88,3.4,2.15,0.0964983779999784,0.11044801000002735,0.08283043699998416,3.717835391729978,3.2137050269120837,1.8413038858374247
50.280710536000015,3.83,3.36,2.15,0.0027583840001170756,0.01684986000009303,0.13296248000006017,3.6656240942027867,3.171356176779896,1.8413038858374247
50.33105564199991,3.83,3.36,2.14,0.05310349000001224,0.0671949659999882,0.038766377999991164,3.6656240942027867,3.171356176779896,1.8296174463531987
50.38119345700011,3.83,3.36,2.14,0.10324130500021056,0.11733278100018651,0.08890419300018948,3.6656240942027867,3.171356176779896,1.8296174463531987
50.431535034000035,3.89,3.39,2.14,0.009583144000089305,0.02367080299995905,0.13924577000011595,3.7282703764614498,3.2031234756093934,1.8296174463531987
50.481657739999946,3.89,3.39,2.14,0.05970585000000028,0.07379350899987003,0.045439338000051066,3.7282703764614498,3.2031234756093934,1.8296174463531987
50.531807195000056,3.89,3.39,2.14,0.10985530500011009,0.12394296399997984,0.09558879300016088,3.7282703764614498,3.2031234756093934,1.8296174463531987
50.58195067800011,3.88,3.44,2.18,0.016201453000121546,0.029792534000080195,0.0019068900001002476,3.717835391729978,3.255994471739778,1.8762462524945922
50.63226997400011,3.88,3.44,2.18,0.0665207490001194,0.08011183000007804,0.052226186000098096,3.717835391729978,3.255994471739778,1.8762462524945922
50.682570618,3.88,3.44,2.18,0.11682139300000927,0.13041247399996792,0.10252682999998797,3.717835391729978,3.255994471739778,1.8762462524945922
50.73280562800005,3.88,3.44,2.18,0.16705640300006053,0.18064748400001918,0.15276184000003923,3.717835391729978,3.255994471739778,1.8762462524945922
50.78294088100006,3.88,3.44,2.18,0.21719165600006818,0.23078273700002683,0.20289709300004688,3.717835391729978,3.255994471739778,1.8762462524945922
50.83305375300006,3.88,3.44,2.18,0.2673045280000679,0.2808956090000265,0.2530099650000466,3.717835391729978,3.255994471739778,1.8762462524945922
50.8833895570001,3.83,3.36,2.13,0.028976195000041116,0.043315221000057136,0.015025014999991981,3.6656240942027867,3.171356176779896,1.8179108889051738
50.93373305299997,3.83,3.36,2.13,0.07931969099990965,0.09365871699992567,0.06536851099986052,3.6656240942027867,3.171356176779896,1.8179108889051738
50.98398912400012,3.83,3.36,2.13,0.1295757620000586,0.14391478800007462,0.11562458200000947,3.6656240942027867,3.171356176779896,1.8179108889051738
51.03429265,3.88,3.4,2.14,0.03602238700000271,0.05008589099998062,0.02193196700000044,3.717835391729978,3.2137050269120837,1.8296174463531987
51.08443809999994,3.88,3.4,2.14,0.08616783699994812,0.10023134099992603,0.07207741699994585,3.717835391729978,3.2137050269120837,1.8296174463531987
51.13479996399997,3.88,3.36,2.14,0.1365297009999722,0.006846998999890275,0.12243928099996992,3.717835391729978,3.171356176779896,1.8296174463531987
51.18494872800011,3.89,3.36,2.18,0.04277219100004004,0.05699576300003173,0.02857887400000436,3.7282703764614498,3.171356176779896,1.8762462524945922
51.2352451700001,3.89,3.36,2.18,0.09306863300002988,0.10729220500002157,0.0788753159999942,3.7282703764614498,3.171356176779896,1.8762462524945922
51.285387924999895,3.89,3.35,2.18,0.1432113879998269,0.013119664999976521,0.12901807099979123,3.7282703764614498,3.1607594024221455,1.8762462524945922
51.33552805399995,3.89,3.35,2.14,0.04936626999983673,0.06325979400003234,0.03514860699988276,3.7282703764614498,3.1607594024221455,1.8296174463531987
51.38590608499999,3.89,3.35,2.14,0.0997443009998733,0.11363782500006891,0.08552663799991933,3.7282703764614498,3.1607594024221455,1.8296174463531987
51.436015231000056,3.84,3.32,2.14,0.005551907000153733,0.019897696000043652,0.13563578399998732,3.676071272432024,3.128945509273052,1.8296174463531987
51.48634275299992,3.84,3.32,2.15,0.05587942900001508,0.070225217999905,0.042266536999932214,3.676071272432024,3.128945509273052,1.8413038858374247
51.536682417000065,3.84,3.32,2.15,0.10621909300016341,0.12056488200005333,0.09260620100008055,3.676071272432024,3.128945509273052,1.8413038858374247
51.587013351999985,3.89,3.4,2.15,0.012539168999865069,0.026565654000023642,0.14293713600000046,3.7282703764614498,3.2137050269120837,1.8413038858374247
51.637343940999926,3.89,3.4,2.1,0.0628697579998061,0.07689624299996467,0.049224610000010216,3.7282703764614498,3.2137050269120837,1.7826665420094696
51.68749063600012,3.89,3.4,2.1,0.11301645300000018,0.12704293800015876,0.0993713050002043,3.7282703764614498,3.2137050269120837,1.7826665420094696
51.73786946600012,3.86,3.34,2.15,0.01938188900021487,0.0332939240001906,0.00546043200006352,3.6969582091227373,3.1501587261596833,1.8413038858374247
51.78796190799994,3.86,3.34,2.15,0.06947433100003764,0.08338636600001337,0.05555287399988629,3.6969582091227373,3.1501587261596833,1.8413038858374247
51.838095376999945,3.86,3.34,2.15,0.11960780000003979,0.13351983500001552,0.10568634299988844,3.6969582091227373,3.1501587261596833,1.8413038858374247
51.88823360099991,3.87,3.34,2.14,0.02595889700000953,0.039602915999921606,0.011797163999972327,3.7073980093860976,3.1501587261596833,1.8296174463531987
51.938378790000115,3.87,3.34,2.14,0.07610408600021401,0.08974810500012609,0.06194235300017681,3.7073980093860976,3.1501587261596833,1.8296174463531987
51.98871106699994,3.87,3.34,2.14,0.1264363630000389,0.140080381999951,0.11227463000000171,3.7073980093860976,3.1501587261596833,1.8296174463531987
52.03903653599991,3.87,3.38,2.13,0.032864280000012513,0.046536637999906816,0.018954236999888963,3.7073980093860976,3.1925381751828743,1.8179108889051738
52.0891808880001,3.87,3.38,2.13,0.08300863200020103,0.09668099000009533,0.06909858900007748,3.7073980093860976,3.1925381751828743,1.8179108889051738
52.1395137909999,3.87,3.4,2.13,0.13334153499999957,0.002898851999816543,0.11943149199987602,3.7073980093860976,3.2137050269120837,1.8179108889051738
52.18987743799994,3.88,3.4,2.15,0.039428387000043585,0.05326249899985669,0.025493590999985827,3.717835391729978,3.2137050269120837,1.8413038858374247
52.24003040100001,3.88,3.4,2.15,0.0895813500001168,0.1034154619999299,0.07564655400005904,3.717835391729978,3.2137050269120837,1.8413038858374247
52.2903652550001,3.88,3.27,2.15,0.1399162040002011,0.009757939000110127,0.12598140800014335,3.717835391729978,3.075841348314311,1.8413038858374247
52.34072115699996,3.87,3.27,2.15,0.046513869999898816,0.060113840999974855,0.03226474300004156,3.7073980093860976,3.075841348314311,1.8413038858374247
52.391001665999966,3.87,3.27,2.15,0.09679437899990262,0.11039434999997866,0.08254525200004537,3.7073980093860976,3.075841348314311,1.8413038858374247
52.44133161500008,3.88,3.35,2.15,0.002774082000087219,0.016981456000166872,0.13287520100016081,3.717835391729978,3.1607594024221455,1.8413038858374247
52.49164685599999,3.88,3.35,2.13,0.05308932299999469,0.06729669700007435,0.039169396000033885,3.717835391729978,3.1607594024221455,1.8179108889051738
52.54200077199994,3.88,3.35,2.13,0.10344323899994379,0.11765061300002344,0.08952331199998298,3.717835391729978,3.1607594024221455,1.8179108889051738
52.5921194550001,3.87,3.35,2.13,0.00957987900005719,0.023669847000064692,0.1396419950001473,3.7073980093860976,3.1607594024221455,1.8179108889051738
52.642313834000106,3.87,3.35,2.15,0.05977425800006131,0.07386422600006881,0.04616543800011641,3.7073980093860976,3.1607594024221455,1.8413038858374247
52.69245894100004,3.87,3.35,2.15,0.1099193649999961,0.12400933300000361,0.0963105450000512,3.7073980093860976,3.1607594024221455,1.8413038858374247
52.74259504800011,3.86,3.4,2.17,0.016024625000000015,0.029945900000029724,0.0023323150001033355,3.6969582091227373,3.2137050269120837,1.8646179233290663
52.792707703999895,3.86,3.4,2.17,0.06613728099978289,0.0800585559998126,0.05244497099988621,3.6969582091227373,3.2137050269120837,1.8646179233290663
52.84285925900008,3.86,3.4,2.17,0.11628883599996698,0.1302101109999967,0.1025965260000703,3.6969582091227373,3.2137050269120837,1.8646179233290663
52.89301217299999,3.88,3.43,2.17,0.022733775000006062,0.03635822699993696,0.008487388000048668,3.717835391729978,3.245427552727067,1.8646179233290663
52.94314385100006,3.88,3.43,2.17,0.07286545300007674,0.08648990500000764,0.058619066000119346,3.717835391729978,3.245427552727067,1.8646179233290663
52.99347930599993,3.88,3.43,2.17,0.12320090799994432,0.13682535999987522,0.10895452099998693,3.717835391729978,3.245427552727067,1.8646179233290663
53.043814757000064,3.87,3.38,2.16,0.0292218080001021,0.04347866500006603,0.01522370900011083,3.7073980093860976,3.1925381751828743,1.8529705880018712
53.09414771799993,3.87,3.38,2.16,0.07955476899996938,0.09381162599993331,0.06555666999997811,3.7073980093860976,3.1925381751828743,1.8529705880018712
53.14444787799994,3.87,3.38,2.16,0.12985492899997553,0.14411178599993946,0.11585682999998426,3.7073980093860976,3.1925381751828743,1.8529705880018712
53.194802508000066,3.86,3.4,2.15,0.03636514100003296,0.05007356000010077,0.0221978020001643,3.6969582091227373,3.2137050269120837,1.8413038858374247
53.24514474200009,3.86,3.4,2.15,0.08670737500005998,0.10041579400012779,0.07254003600019132,3.6969582091227373,3.2137050269120837,1.8413038858374247
53.295479015999945,3.86,3.43,2.15,0.13704164899991156,0.006795479999937015,0.1228743100000429,3.6969582091227373,3.245427552727067,1.8413038858374247
53.34564138199994,3.87,3.43,2.15,0.043244778999905975,0.05695784599993203,0.028726668999979665,3.7073980093860976,3.245427552727067,1.8413038858374247
53.39577881800005,3.87,3.43,2.15,0.09338221500001964,0.1070952820000457,0.07886410500009333,3.7073980093860976,3.245427552727067,1.8413038858374247
53.44608805799999,3.87,3.34,2.15,0.14369145499995284,0.013363709000032031,0.12917334500002653,3.7073980093860976,3.1501587261596833,1.8413038858374247
53.49627563900003,3.88,3.34,2.11,0.04925622299992938,0.06355129000007764,0.035720259000072474,3.717835391729978,3.1501587261596833,1.794435844492636
53.5464547250001,3.88,3.34,2.11,0.09943530900000042,0.11373037600014868,0.08589934500014351,3.717835391729978,3.1501587261596833,1.794435844492636
53.596634773000005,3.84,3.33,2.11,0.005608330000086426,0.01992329399990922,0.13607939300004546,3.676071272432024,3.1395541084682708,1.794435844492636
53.64677278299996,3.84,3.33,2.18,0.05574634000004153,0.07006130399986432,0.0421755499999108,3.676071272432024,3.1395541084682708,1.8762462524945922
53.697109300999955,3.84,3.33,2.18,0.10608285800003614,0.12039782199985893,0.09251206799990541,3.676071272432024,3.1395541084682708,1.8762462524945922
53.74722047899991,3.84,3.33,2.18,0.15619403599998805,0.17050899999981084,0.14262324599985732,3.676071272432024,3.1395541084682708,1.8762462524945922
53.797330097999975,3.84,3.33,2.18,0.2063036550000561,0.2206186189998789,0.19273286499992537,3.676071272432024,3.1395541084682708,1.8762462524945922
53.84746866799992,3.84,3.33,2.18,0.2564422250000007,0.2707571889998235,0.24287143499986996,3.676071272432024,3.1395541084682708,1.8762462524945922
53.89759391000007,3.84,3.29,2.17,0.018565006000017092,0.03310666300012599,0.004854095000155212,3.676071272432024,3.0970954134478967,1.8646179233290663
53.94794178400002,3.84,3.29,2.17,0.06891287999997076,0.08345453700007965,0.055201969000108875,3.676071272432024,3.0970954134478967,1.8646179233290663
53.9980674599999,3.84,3.29,2.17,0.11903855599985036,0.13358021299995926,0.10532764499998848,3.676071272432024,3.0970954134478967,1.8646179233290663
54.048215015000096,3.88,3.35,2.15,0.02515982700015229,0.039105215000063254,0.011253675000034491,3.717835391729978,3.1607594024221455,1.8413038858374247
54.09834379500012,3.88,3.35,2.15,0.07528860700017503,0.089233995000086,0.061382455000057234,3.717835391729978,3.1607594024221455,1.8413038858374247
54.14868743200009,3.88,3.35,2.15,0.12563224400014406,0.13957763200005502,0.11172609200002626,3.717835391729978,3.1607594024221455,1.8413038858374247
54.198811274000036,3.86,3.44,2.19,0.031755847000113135,0.04566746900013641,0.017829413000072236,3.6969582091227373,3.255994471739778,1.887855926706273
54.248919445999945,3.86,3.44,2.19,0.08186401900002238,0.09577564100004565,0.06793758499998148,3.6969582091227373,3.255994471739778,1.887855926706273
54.29905418399994,3.86,3.33,2.19,0.1319987570000194,0.0019112109998786764,0.1180723229999785,3.6969582091227373,3.1395541084682708,1.887855926706273
54.3492059969999,3.87,3.33,2.17,0.03814407499999106,0.05206302399983542,0.024222425999823827,3.7073980093860976,3.1395541084682708,1.8646179233290663
54.39952886800006,3.87,3.33,2.17,0.08846694600015326,0.10238589499999762,0.07454529699998602,3.7073980093860976,3.1395541084682708,1.8646179233290663
54.4496722639999,3.87,3.42,2.17,0.13861034199999267,0.008808379999891258,0.12468869299982543,3.7073980093860976,3.2348570292982033,1.8646179233290663
54.49978575,3.87,3.42,2.12,0.04471332799994343,0.058921865999991496,0.03073507699991751,3.7073980093860976,3.2348570292982033,1.8061838223170976
54.54995275300007,3.87,3.42,2.12,0.09488033100001303,0.1090888690000611,0.08090207999998711,3.7073980093860976,3.2348570292982033,1.8061838223170976
54.600102590000006,3.88,3.41,2.12,0.000993612000002031,0.015138409999963187,0.13105191699992247,3.717835391729978,3.2242828660029197,1.8061838223170976
54.650233625000055,3.88,3.41,2.16,0.05112464700005148,0.06526944500001264,0.03720296300002701,3.717835391729978,3.2242828660029197,1.8529705880018712
54.700577863000035,3.88,3.41,2.16,0.10146888500003115,0.1156136829999923,0.08754720100000668,3.717835391729978,3.2242828660029197,1.8529705880018712
54.75093943999991,3.88,3.44,2.16,0.007965729999796167,0.022006858999930046,0.13790877799988266,3.717835391729978,3.255994471739778,1.8529705880018712
54.80126071299992,3.88,3.44,2.14,0.05828700299980483,0.0723281319999387,0.04447440299986738,3.717835391729978,3.255994471739778,1.8296174463531987
54.85159556799999,3.88,3.44,2.14,0.10862185799987856,0.12266298700001244,0.09480925799994111,3.717835391729978,3.255994471739778,1.8296174463531987
54.9017073309999,3.87,3.35,2.12,0.014615106999826821,0.028646008999885453,0.0006399689998488611,3.7073980093860976,3.1607594024221455,1.8061838223170976
54.95186231799994,3.87,3.35,2.12,0.06477009399986855,0.07880099599992718,0.05079495599989059,3.7073980093860976,3.1607594024221455,1.8061838223170976
55.00205409399996,3.87,3.35,2.12,0.11496186999988822,0.12899277199994685,0.10098673199991026,3.7073980093860976,3.1607594024221455,1.8061838223170976
55.052143015999945,3.84,3.34,2.19,0.021020474999886574,0.035089081000023725,0.007033183999965331,3.676071272432024,3.1501587261596833,1.887855926706273
55.10227769700009,3.84,3.34,2.19,0.07115515600003164,0.08522376200016879,0.057167865000110396,3.676071272432024,3.1501587261596833,1.887855926706273
55.1526319510001,3.84,3.34,2.19,0.12150941000004423,0.13557801600018138,0.10752211900012298,3.676071272432024,3.1501587261596833,1.887855926706273
55.20275299700006,3.91,3.32,2.17,0.02793506500006515,0.0418698820001282,0.014035161000037988,3.7491332331620333,3.128945509273052,1.8646179233290663
55.25307092699995,3.91,3.32,2.17,0.07825299499995708,0.09218781200002013,0.06435309099992992,3.7491332331620333,3.128945509273052,1.8646179233290663
55.30316843500009,3.91,3.32,2.17,0.12835050300009243,0.14228532000015548,0.11445059900006527,3.7491332331620333,3.128945509273052,1.8646179233290663
55.35350286500011,3.93,3.42,2.17,0.03434924700013653,0.04859877500007315,0.02077128300015829,3.769986737377202,3.2348570292982033,1.8646179233290663
55.4036391730001,3.93,3.42,2.17,0.08448555500012844,0.09873508300006506,0.0709075910001502,3.769986737377202,3.2348570292982033,1.8646179233290663
55.45376589000011,3.93,3.41,2.17,0.13461227200014036,0.004803423000112161,0.12103430800016213,3.769986737377202,3.2242828660029197,1.8646179233290663
55.50410806400009,3.84,3.41,2.16,0.041300489000150264,0.055145597000091584,0.02696108899999672,3.676071272432024,3.2242828660029197,1.8529705880018712
55.554252485999996,3.84,3.41,2.16,0.09144491100005325,0.10529001899999457,0.0771055109998997,3.676071272432024,3.2242828660029197,1.8529705880018712
55.604586530999995,3.84,3.31,2.16,0.14177895600005286,0.011546431999931883,0.1274395559998993,3.676071272432024,3.118332887938682,1.8529705880018712
55.65492045199994,3.87,3.31,2.15,0.04791186599982211,0.061880352999878596,0.03350031799982389,3.7073980093860976,3.118332887938682,1.8413038858374247
55.705250794999984,3.87,3.31,2.15,0.09824220899986358,0.11221069599992006,0.08383066099986536,3.7073980093860976,3.118332887938682,1.8413038858374247
55.75539737700001,3.86,3.4,2.15,0.004232296000054703,0.018436171000075774,0.13397724299989022,3.6969582091227373,3.2137050269120837,1.8413038858374247
55.80555572000003,3.86,3.4,2.17,0.05439063900007568,0.06859451400009675,0.040204231999950935,3.6969582091227373,3.2137050269120837,1.8646179233290663
55.8556724770001,3.86,3.4,2.17,0.10450739600014458,0.11871127100016565,0.09032098900001984,3.6969582091227373,3.2137050269120837,1.8646179233290663
55.90599320299998,3.88,3.33,2.17,0.01083965799989528,0.024752548999913415,0.14064171499990152,3.717835391729978,3.1395541084682708,1.8646179233290663
55.95613730800005,3.88,3.33,2.18,0.06098376299996744,0.07489665399998557,0.046919246000015846,3.717835391729978,3.1395541084682708,1.8762462524945922
56.0064715179999,3.88,3.33,2.18,0.11131797299981372,0.12523086399983185,0.09725345599986213,3.717835391729978,3.1395541084682708,1.8762462524945922
56.05661698199992,3.87,3.35,2.14,0.01740069599986782,0.03130009599999539,0.0031932379999943805,3.7073980093860976,3.1607594024221455,1.8296174463531987
56.10694000600006,3.87,3.35,2.14,0.0677237200000036,0.08162312000013117,0.053516262000130155,3.7073980093860976,3.1607594024221455,1.8296174463531987
56.15728180800011,3.87,3.35,2.14,0.11806552200005171,0.13196492200017929,0.10385806400017827,3.7073980093860976,3.1607594024221455,1.8296174463531987
56.207426897000005,3.87,3.35,2.14,0.1682106109999495,0.18211001100007707,0.15400315300007605,3.7073980093860976,3.1607594024221455,1.8296174463531987
56.25774925299993,3.87,3.35,2.14,0.21853296699987368,0.23243236700000125,0.20432550900000024,3.7073980093860976,3.1607594024221455,1.8296174463531987
56.30790091600011,3.87,3.35,2.14,0.2686846300000525,0.28258403000018006,0.25447717200017905,3.7073980093860976,3.1607594024221455,1.8296174463531987
56.35815630999991,3.88,3.41,2.15,0.030623088999846004,0.04521725799986598,0.016714774999854853,3.717835391729978,3.2242828660029197,1.8413038858374247
56.40831214400009,3.88,3.41,2.15,0.08077892300002532,0.09537309200004529,0.06687060900003416,3.717835391729978,3.2242828660029197,1.8413038858374247
56.458398391999935,3.88,3.3,2.15,0.1308651709998685,0.0011020919998827594,0.11695685699987735,3.717835391729978,3.1077162032592356,1.8413038858374247
56.50856170599991,3.88,3.3,2.14,0.18102848499984248,0.05126540599985674,0.02334991199995784,3.717835391729978,3.1077162032592356,1.8296174463531987
56.558718505000115,3.88,3.3,2.14,0.23118528400004834,0.1014222050000626,0.0735067110001637,3.717835391729978,3.1077162032592356,1.8296174463531987
56.608879835999915,3.88,3.45,2.14,0.2813466149998476,0.007422902999906,0.12366804199996295,3.717835391729978,3.266557821315888,1.8296174463531987
56.65917386399997,3.88,3.45,2.19,0.3316406429999006,0.057716930999959004,0.030022960999986026,3.717835391729978,3.266557821315888,1.887855926706273
56.70952335900006,3.88,3.45,2.19,0.38199013799999193,0.10806642600005034,0.08037245600007736,3.717835391729978,3.266557821315888,1.887855926706273
56.75969631499993,3.88,3.45,2.19,0.4321630939998613,0.15823938199991971,0.13054541199994674,3.717835391729978,3.266557821315888,1.887855926706273
56.80981865800004,3.88,3.45,2.19,0.48228543699997317,0.20836172500003158,0.1806677550000586,3.717835391729978,3.266557821315888,1.887855926706273
56.85993651500007,3.88,3.45,2.19,0.5324032940000052,0.2584795820000636,0.23078561200009062,3.717835391729978,3.266557821315888,1.887855926706273
56.910151326999994,3.86,3.47,2.19,0.006586864999917452,0.020634640000025684,0.28100042400001257,3.6969582091227373,3.287673949770567,1.887855926706273
56.960480153999924,3.86,3.47,2.19,0.056915691999847695,0.07096346699995593,0.043325165999931414,3.6969582091227373,3.287673949770567,1.887855926706273
57.010821362000115,3.86,3.47,2.19,0.10725690000003851,0.12130467500014674,0.09366637400012223,3.6969582091227373,3.287673949770567,1.887855926706273
57.06105123599991,3.88,3.39,2.19,0.01350729799992223,0.02740203199982716,0.14389624799991907,3.717835391729978,3.2031234756093934,1.887855926706273
57.11128203399994,3.88,3.39,2.13,0.06373809599995184,0.07763282999985677,0.04944952400001057,3.717835391729978,3.2031234756093934,1.8179108889051738
57.16140090199997,3.88,3.39,2.13,0.11385696399997869,0.12775169799988362,0.09956839200003742,3.717835391729978,3.2031234756093934,1.8179108889051738
57.21171578899998,3.84,3.36,2.14,0.020137186000056317,0.034017928999901414,0.006427966000046581,3.676071272432024,3.171356176779896,1.8296174463531987
57.261859469,3.84,3.36,2.14,0.07028086600007555,0.08416160899992065,0.05657164600006581,3.676071272432024,3.171356176779896,1.8296174463531987
57.31216703700011,3.84,3.36,2.14,0.12058843400018304,0.13446917700002814,0.1068792140001733,3.676071272432024,3.171356176779896,1.8296174463531987
57.36230393999995,3.88,3.3,2.14,0.02670985700001438,0.040820094999844514,0.012812429999939923,3.717835391729978,3.1077162032592356,1.8296174463531987
57.41264003900005,3.88,3.3,2.14,0.07704595600011999,0.09115619399995012,0.06314852900004553,3.717835391729978,3.1077162032592356,1.8296174463531987
57.46297455800004,3.88,3.3,2.14,0.12738047500010907,0.1414907129999392,0.11348304800003461,3.717835391729978,3.1077162032592356,1.8296174463531987
57.513092097000026,3.87,3.38,2.16,0.03347828100004335,0.047599716999911834,0.019527936000031332,3.7073980093860976,3.1925381751828743,1.8529705880018712
57.56322348699996,3.87,3.38,2.16,0.08360967099997652,0.097731106999845,0.0696593259999645,3.7073980093860976,3.1925381751828743,1.8529705880018712
57.61336576400004,3.87,3.29,2.16,0.13375194800005374,0.003685853999968458,0.11980160300004172,3.7073980093860976,3.0970954134478967,1.8529705880018712
57.66348602400012,3.86,3.29,2.15,0.03997744200000852,0.05380611400005364,0.026084994000029837,3.6969582091227373,3.0970954134478967,1.8413038858374247
57.713824438000074,3.86,3.29,2.15,0.09031585599996106,0.10414452800000618,0.07642340799998237,3.6969582091227373,3.0970954134478967,1.8413038858374247
57.76408321500003,3.86,3.28,2.15,0.14057463299991468,0.010393941000074847,0.126682184999936,3.6969582091227373,3.0864704761264115,1.8413038858374247
57.814192205999916,3.88,3.28,2.17,0.04650342799982354,0.06050293199996304,0.03262872999994215,3.717835391729978,3.0864704761264115,1.8646179233290663
57.864523942000005,3.88,3.28,2.17,0.09683516399991277,0.11083466800005226,0.08296046600003137,3.717835391729978,3.0864704761264115,1.8646179233290663
57.914667103000056,3.89,3.4,2.17,0.003029854000033083,0.017171812000015052,0.13310362700008227,3.7282703764614498,3.2137050269120837,1.8646179233290663
57.96482038299996,3.89,3.4,2.15,0.05318313399993713,0.0673250919999191,0.03888102199994137,3.7282703764614498,3.2137050269120837,1.8413038858374247
58.01511462000008,3.89,3.4,2.15,0.10347737100005361,0.11761932900003558,0.08917525900005785,3.7282703764614498,3.2137050269120837,1.8413038858374247
58.06528639399994,3.86,3.35,2.15,0.009656475999918257,0.023525670000026366,0.1393470329999218,3.6969582091227373,3.1607594024221455,1.8413038858374247
58.11536507200003,3.86,3.35,2.14,0.05973515400000906,0.07360434800011717,0.04540042500002528,3.6969582091227373,3.1607594024221455,1.8296174463531987
58.16569038800003,3.86,3.35,2.14,0.11006047000000763,0.12392966400011574,0.09572574100002385,3.6969582091227373,3.1607594024221455,1.8296174463531987
58.21583134000002,3.84,3.32,2.15,0.01636743199992452,0.030266172999972696,0.0018670990000373422,3.676071272432024,3.128945509273052,1.8413038858374247
58.265896483999995,3.84,3.32,2.15,0.06643257599989738,0.08033131699994556,0.0519322430000102,3.676071272432024,3.128945509273052,1.8413038858374247
58.31599124500008,3.84,3.32,2.15,0.11652733699997952,0.1304260780000277,0.10202700400009235,3.676071272432024,3.128945509273052,1.8413038858374247
58.36608386800003,3.86,3.31,2.16,0.02268711900001108,0.036447989999942365,0.008492306000107419,3.6969582091227373,3.118332887938682,1.8529705880018712
58.416201868999906,3.86,3.31,2.16,0.07280511999988448,0.08656599099981577,0.05861030699998082,3.6969582091227373,3.118332887938682,1.8529705880018712
58.466546354,3.86,3.31,2.16,0.12314960499998051,0.1369104759999118,0.10895479200007685,3.6969582091227373,3.118332887938682,1.8529705880018712
58.51691468700005,3.86,3.45,2.13,0.029234974000019065,0.04339134199994987,0.014946336000093652,3.6969582091227373,3.266557821315888,1.8179108889051738
58.56706923499996,3.86,3.45,2.13,0.07938952199992855,0.09354588999985936,0.06510088400000313,3.6969582091227373,3.266557821315888,1.8179108889051738
58.61725110399993,3.86,3.45,2.13,0.12957139099989945,0.14372775899983026,0.11528275299997404,3.6969582091227373,3.266557821315888,1.8179108889051738
58.66736631399999,3.84,3.36,2.15,0.035313920999897164,0.04940928799987887,0.021719240000038553,3.676071272432024,3.171356176779896,1.8413038858374247
58.71752316900006,3.84,3.36,2.15,0.08547077599996555,0.09956614299994726,0.07187609500010694,3.676071272432024,3.171356176779896,1.8413038858374247
58.76762074699991,3.84,3.34,2.15,0.13556835399981537,0.006176078999942547,0.12197367299995676,3.676071272432024,3.1501587261596833,1.8413038858374247
58.817958724999926,3.89,3.34,2.14,0.042215479999867966,0.056514056999958484,0.027973615999826507,3.7282703764614498,3.1501587261596833,1.8296174463531987
58.86810445800006,3.89,3.34,2.14,0.09236121300000377,0.10665979000009429,0.07811934899996231,3.7282703764614498,3.1501587261596833,1.8296174463531987
58.91842474600003,3.89,3.38,2.14,0.14268150099997,0.012935921000007511,0.12843963699992855,3.7282703764614498,3.1925381751828743,1.8296174463531987
58.968793013000095,3.86,3.38,2.17,0.049053318000005675,0.06330418800007465,0.03480558100000053,3.6969582091227373,3.1925381751828743,1.8646179233290663
59.01910509999993,3.86,3.38,2.17,0.09936540499984403,0.113616274999913,0.08511766799983889,3.6969582091227373,3.1925381751828743,1.8646179233290663
59.06924741500006,3.84,3.42,2.17,0.005209278000165796,0.019756829000016296,0.135259982999969,3.676071272432024,3.2348570292982033,1.8646179233290663
59.11959008600002,3.84,3.42,2.21,0.05555194900011884,0.07009949999996934,0.041886486000066725,3.676071272432024,3.2348570292982033,1.9110206696946006
59.169911072000104,3.84,3.42,2.21,0.10587293500020678,0.12042048600005728,0.09220747200015467,3.676071272432024,3.2348570292982033,1.9110206696946006
59.22002834199998,3.88,3.42,2.21,0.011923300000034942,0.1705377559999306,0.14232474200002798,3.717835391729978,3.2348570292982033,1.9110206696946006
59.270368039999994,3.88,3.42,2.17,0.062262998000051084,0.22087745399994674,0.04854418400009308,3.717835391729978,3.2348570292982033,1.8646179233290663
59.32048201099997,3.88,3.42,2.17,0.11237696900002447,0.2709914249999201,0.09865815500006647,3.717835391729978,3.2348570292982033,1.8646179233290663
59.370585839000114,3.9,3.42,2.15,0.01847235000013825,0.3210952530000668,0.004849502000070061,3.73870298365623,3.2348570292982033,1.8413038858374247
59.420915253999965,3.9,3.42,2.15,0.06880176499998925,0.3714246679999178,0.05517891699992106,3.73870298365623,3.2348570292982033,1.8413038858374247
59.47103394100009,3.9,3.42,2.15,0.11892045200011125,0.4215433550000398,0.10529760400004307,3.73870298365623,3.2348570292982033,1.8413038858374247
59.52112494700009,3.89,3.38,2.14,0.025141856000118423,0.03924109000013232,0.011351737000040885,3.7282703764614498,3.1925381751828743,1.8296174463531987
59.571409109000115,3.89,3.38,2.14,0.07542601800014381,0.0895252520001577,0.061635899000066274,3.7282703764614498,3.1925381751828743,1.8296174463531987
59.62175408999997,3.89,3.38,2.14,0.12577099899999666,0.13987023300001056,0.11198087999991913,3.7282703764614498,3.1925381751828743,1.8296174463531987
59.671906790000094,3.86,3.36,2.17,0.031812793000199235,0.04575522000004639,0.018206820000159496,3.6969582091227373,3.171356176779896,1.8646179233290663
59.722247788999994,3.86,3.36,2.17,0.0821537920000992,0.09609621899994636,0.06854781900005946,3.6969582091227373,3.171356176779896,1.8646179233290663
59.77239472700012,3.86,3.36,2.17,0.13230073000022458,0.14624315700007173,0.11869475700018484,3.6969582091227373,3.171356176779896,1.8646179233290663
59.82272594899996,3.86,3.36,2.17,0.1826319520000652,0.19657437899991237,0.16902597900002547,3.6969582091227373,3.171356176779896,1.8646179233290663
59.872861242,3.86,3.36,2.17,0.2327672450001046,0.24670967199995175,0.21916127200006486,3.6969582091227373,3.171356176779896,1.8646179233290663
59.92299290200003,3.86,3.39,2.17,0.28289890500013826,0.008954378999987966,0.2692929320000985,3.6969582091227373,3.2031234756093934,1.8646179233290663
59.97310717100004,3.91,3.39,2.12,0.0451527980001174,0.05906864799999312,0.031049478000113595,3.7491332331620333,3.2031234756093934,1.8061838223170976
60.023407357999986,3.91,3.39,2.12,0.09545298500006538,0.1093688349999411,0.08134966500006158,3.7491332331620333,3.2031234756093934,1.8061838223170976
60.073497094000004,3.88,3.39,2.12,0.0017265530000258877,0.015322335000064413,0.13143940100007967,3.717835391729978,3.2031234756093934,1.8061838223170976
60.123640169000055,3.88,3.39,2.17,0.05186962800007677,0.0654654100001153,0.037601192000011,3.717835391729978,3.2031234756093934,1.8646179233290663
60.17376893699998,3.88,3.39,2.17,0.10199839599999905,0.11559417800003757,0.08772995999993327,3.717835391729978,3.2031234756093934,1.8646179233290663
60.223858341000096,3.86,3.42,2.17,0.008268756999996185,0.02203549500018198,0.1378193640000518,3.6969582091227373,3.2348570292982033,1.8646179233290663
60.27403516200002,3.86,3.42,2.14,0.058445577999918896,0.07221231600010469,0.04454135800006043,3.6969582091227373,3.2348570292982033,1.8296174463531987
60.324333929999966,3.86,3.42,2.14,0.10874434599986671,0.1225110840000525,0.09484012600000824,3.6969582091227373,3.2348570292982033,1.8296174463531987
60.37444636500004,3.83,3.34,2.17,0.014304541000001336,0.028221162000136246,7.304299992938468e-05,3.6656240942027867,3.1501587261596833,1.8646179233290663
60.42455811700006,3.83,3.34,2.17,0.06441629300002205,0.07833291400015696,0.0501847949999501,3.6656240942027867,3.1501587261596833,1.8646179233290663
60.47481829000003,3.83,3.34,2.17,0.1146764659999917,0.12859308700012662,0.10044496799991975,3.6656240942027867,3.1501587261596833,1.8646179233290663
60.525144226000066,3.87,3.36,2.16,0.021317842000144083,0.035166103000165094,0.007204409999985728,3.7073980093860976,3.171356176779896,1.8529705880018712
60.57546232000004,3.87,3.36,2.16,0.07163593600012064,0.08548419700014165,0.05752250399996228,3.7073980093860976,3.171356176779896,1.8529705880018712
60.62581073000001,3.87,3.36,2.16,0.12198434600009023,0.13583260700011124,0.10787091399993187,3.7073980093860976,3.171356176779896,1.8529705880018712
60.67614702800006,3.88,3.44,2.2,0.028279935999989902,0.04217359500012208,0.01387134300011894,3.717835391729978,3.255994471739778,1.89944728802881
60.726263363000044,3.88,3.44,2.2,0.07839627099997415,0.09228993000010632,0.06398767800010319,3.717835391729978,3.255994471739778,1.89944728802881
60.7765668479999,3.88,3.44,2.2,0.12869975599983263,0.1425934149999648,0.11429116299996167,3.717835391729978,3.255994471739778,1.89944728802881
60.82669170000008,3.87,3.36,2.13,0.03457085900004131,0.04872406599997703,0.020256847000155176,3.7073980093860976,3.171356176779896,1.8179108889051738
60.876892479999924,3.87,3.36,2.13,0.08477163899988227,0.09892484599981799,0.07045762699999614,3.7073980093860976,3.171356176779896,1.8179108889051738
60.927190380999946,3.87,3.36,2.13,0.135069539999904,0.14922274699983973,0.12075552800001788,3.7073980093860976,3.171356176779896,1.8179108889051738
60.97755104499993,3.89,3.36,2.14,0.04164389699985804,0.19958341099982135,0.027450482999938686,3.7282703764614498,3.171356176779896,1.8296174463531987
61.027728773000035,3.89,3.36,2.14,0.09182162499996593,0.24976113899992924,0.07762821100004658,3.7282703764614498,3.171356176779896,1.8296174463531987
61.07805360900011,3.89,3.36,2.14,0.14214646100003847,0.3000859750000018,0.1279530470001191,3.7282703764614498,3.171356176779896,1.8296174463531987
61.128238207000095,3.89,3.36,2.14,0.047778805000007196,0.35027057299998887,0.0338125640000726,3.7282703764614498,3.171356176779896,1.8296174463531987
61.178330620999986,3.89,3.36,2.14,0.0978712189998987,0.4003629869998804,0.0839049779999641,3.7282703764614498,3.171356176779896,1.8296174463531987
61.22849507899991,3.89,3.39,2.14,0.003934283999797117,0.018241887999920436,0.13406943599989063,3.7282703764614498,3.2031234756093934,1.8296174463531987
61.27861753000002,3.89,3.39,2.12,0.05405673499990371,0.06836433900002703,0.04045989700011887,3.7282703764614498,3.2031234756093934,1.8061838223170976
61.32892069700006,3.89,3.39,2.12,0.10435990199994194,0.11866750600006526,0.0907630640001571,3.7282703764614498,3.2031234756093934,1.8061838223170976
61.379110371000024,3.86,3.43,2.12,0.010664416000054189,0.02485213299996758,0.14095273800012365,3.6969582091227373,3.245427552727067,1.8061838223170976
61.4292263719999,3.86,3.43,2.15,0.06078041699993264,0.07496813399984603,0.04679036399988945,3.6969582091227373,3.245427552727067,1.8413038858374247
61.47956348699995,3.86,3.43,2.15,0.1111175319999802,0.1253052489998936,0.09712747899993701,3.6969582091227373,3.245427552727067,1.8413038858374247
61.5297072620001,3.87,3.39,2.15,0.017164181999987704,0.031088532000012492,0.0032094010000491835,3.7073980093860976,3.2031234756093934,1.8413038858374247
61.57987773500008,3.87,3.39,2.15,0.06733465499996782,0.08125900499999261,0.053379874000029304,3.7073980093860976,3.2031234756093934,1.8413038858374247
61.62998867700003,3.87,3.39,2.15,0.11744559699991441,0.1313699469999392,0.1034908159999759,3.7073980093860976,3.2031234756093934,1.8413038858374247
61.680109350000066,3.87,3.36,2.17,0.023560026000041034,0.037600848000010956,0.009869328000149835,3.7073980093860976,3.171356176779896,1.8646179233290663
61.73024551100002,3.87,3.36,2.17,0.07369618699999592,0.08773700899996584,0.06000548900010472,3.7073980093860976,3.171356176779896,1.8646179233290663
61.7804217150001,3.87,3.36,2.17,0.12387239100007719,0.1379132130000471,0.11018169300018599,3.7073980093860976,3.171356176779896,1.8646179233290663
61.830781304000084,3.88,3.39,2.16,0.03022285300016847,0.04453283700013344,0.016556379000121524,3.717835391729978,3.2031234756093934,1.8529705880018712
61.88092136499995,3.88,3.39,2.16,0.08036291400003392,0.0946728979999989,0.06669643999998698,3.717835391729978,3.2031234756093934,1.8529705880018712
61.93102943000008,3.88,3.39,2.16,0.13047097900016524,0.14478096300013021,0.1168045050001183,3.717835391729978,3.2031234756093934,1.8529705880018712
61.98119493200011,3.88,3.39,2.14,0.03690996099999211,0.19494646500015733,0.022708712000166997,3.717835391729978,3.2031234756093934,1.8296174463531987
62.03130472599992,3.88,3.39,2.14,0.08701975499980108,0.2450562589999663,0.07281850599997597,3.717835391729978,3.2031234756093934,1.8296174463531987
62.081663757000115,3.88,3.39,2.14,0.1373787859999993,0.29541529000016453,0.1231775370001742,3.717835391729978,3.2031234756093934,1.8296174463531987
62.13199889099997,3.91,3.39,2.14,0.04360986200003936,0.3457504240000162,0.029514003000031153,3.7491332331620333,3.2031234756093934,1.8296174463531987
62.18221354299999,3.91,3.39,2.14,0.09382451400006175,0.3959650760000386,0.07972865500005355,3.7491332331620333,3.2031234756093934,1.8296174463531987
62.23235009600012,3.91,3.44,2.14,0.14396106700019118,0.013667502000089371,0.12986520800018297,3.7491332331620333,3.255994471739778,1.8296174463531987
62.28268236500003,3.88,3.44,2.14,0.049848274999931164,0.06399977099999887,0.036351684999999634,3.717835391729978,3.255994471739778,1.8296174463531987
62.333023099,3.88,3.44,2.14,0.10018900899990513,0.11434050499997284,0.0866924189999736,3.717835391729978,3.255994471739778,1.8296174463531987
62.383124480000106,3.88,3.41,2.14,0.006816749000108757,0.0204586240001845,0.13679380000007768,3.717835391729978,3.2242828660029197,1.8296174463531987
62.433425497999906,3.88,3.41,2.18,0.05711776699990878,0.07075964199998452,0.04323611399991023,3.717835391729978,3.2242828660029197,1.8762462524945922
62.483573892000095,3.88,3.41,2.18,0.10726616100009778,0.12090803600017352,0.09338450800009923,3.717835391729978,3.2242828660029197,1.8762462524945922
62.53371150399994,3.88,3.42,2.18,0.01311945099996592,0.027009250999981305,0.14352211999994324,3.717835391729978,3.2348570292982033,1.8762462524945922
62.58403142399993,3.88,3.42,2.15,0.06343937099995856,0.07732917099997394,0.04955034399995384,3.717835391729978,3.2348570292982033,1.8413038858374247
62.634205460999965,3.88,3.42,2.15,0.11361340799999198,0.12750320800000736,0.09972438099998726,3.717835391729978,3.2348570292982033,1.8413038858374247
62.68432450099999,3.89,3.38,2.17,0.019862239000076443,0.033561282999926334,0.0058066009999038215,3.7282703764614498,3.1925381751828743,1.8646179233290663
62.734683583000106,3.89,3.38,2.17,0.07022132100019007,0.08392036500003996,0.05616568300001745,3.7282703764614498,3.1925381751828743,1.8646179233290663
62.78480379999996,3.89,3.38,2.17,0.12034153800004788,0.13404058199989777,0.10628589999987526,3.7282703764614498,3.1925381751828743,1.8646179233290663
62.834895624999945,3.89,3.38,2.17,0.1704333630000292,0.1841324069998791,0.15637772499985658,3.7282703764614498,3.1925381751828743,1.8646179233290663
62.8850156819999,3.89,3.38,2.17,0.22055341999998745,0.23425246399983735,0.20649778199981483,3.7282703764614498,3.1925381751828743,1.8646179233290663
62.93528188999994,3.89,3.38,2.17,0.27081962800002657,0.28451867199987646,0.25676398999985395,3.7282703764614498,3.1925381751828743,1.8646179233290663
62.98565554800007,3.86,3.38,2.14,0.0333156130000134,0.04715234000013879,0.019015763999959745,3.6969582091227373,3.1925381751828743,1.8296174463531987
63.03599120500007,3.86,3.38,2.14,0.08365127000001849,0.09748799700014388,0.06935142099996483,3.6969582091227373,3.1925381751828743,1.8296174463531987
63.08613484500006,3.86,3.42,2.14,0.13379491000000598,0.003748740999981237,0.11949506099995233,3.6969582091227373,3.2348570292982033,1.8296174463531987
63.13647385500008,3.9,3.42,2.16,0.04014634800000749,0.0540877509999973,0.02556136099997275,3.73870298365623,3.2348570292982033,1.8529705880018712
63.18681378800011,3.9,3.42,2.16,0.09048628100003953,0.10442768400002933,0.07590129400000478,3.73870298365623,3.2348570292982033,1.8529705880018712
63.23712730500006,3.9,3.38,2.16,0.1407997979999891,0.01052960000015446,0.12621481099995435,3.73870298365623,3.1925381751828743,1.8529705880018712
63.28732995900009,3.87,3.38,2.14,0.04684505600016564,0.060732254000186,0.03241042300010122,3.7073980093860976,3.1925381751828743,1.8296174463531987
63.33765642499998,3.87,3.38,2.14,0.0971715220000533,0.11105872000007366,0.08273688899998888,3.7073980093860976,3.1925381751828743,1.8296174463531987
63.38798745100007,3.87,3.38,2.14,0.0033436950000123034,0.017574057000047105,0.1330679150000833,3.7073980093860976,3.1925381751828743,1.8296174463531987
63.438288117999946,3.87,3.38,2.17,0.053644361999886314,0.06787472399992112,0.03956516599987481,3.7073980093860976,3.1925381751828743,1.8646179233290663
63.488669437,3.87,3.38,2.17,0.10402568099993914,0.11825604299997394,0.08994648499992763,3.7073980093860976,3.1925381751828743,1.8646179233290663
63.538807443999985,3.9,3.41,2.17,0.010313798999959545,0.024042005999945104,0.14008449199991446,3.73870298365623,3.2242828660029197,1.8646179233290663
63.588919972999975,3.9,3.41,2.17,0.060426327999948626,0.07415453499993419,0.046356107000065094,3.73870298365623,3.2242828660029197,1.8646179233290663
63.639029960000016,3.9,3.41,2.17,0.11053631499999028,0.12426452199997584,0.09646609400010675,3.73870298365623,3.2242828660029197,1.8646179233290663
63.6891206570001,3.87,3.35,2.15,0.01607710700000098,0.030385438000166687,0.002514803000167376,3.7073980093860976,3.1607594024221455,1.8413038858374247
63.7394189690001,3.87,3.35,2.15,0.06637541899999633,0.08068375000016204,0.052813115000162725,3.7073980093860976,3.1607594024221455,1.8413038858374247
63.789547660999915,3.87,3.35,2.15,0.11650411099981284,0.13081244199997855,0.10294180699997924,3.7073980093860976,3.1607594024221455,1.8413038858374247
63.83971419299996,3.87,3.36,2.13,0.02298653100001502,0.03697869300003731,0.008812594999881185,3.7073980093860976,3.171356176779896,1.8179108889051738
63.89001305000011,3.87,3.36,2.13,0.07328538800015849,0.08727755000018078,0.059111452000024656,3.7073980093860976,3.171356176779896,1.8179108889051738
63.94036259199993,3.87,3.36,2.13,0.12363492999998016,0.13762709200000245,0.10946099399984632,3.7073980093860976,3.171356176779896,1.8179108889051738
63.99048145799998,3.86,3.4,2.13,0.02941200200007188,0.04410046099997089,0.015503530999922077,3.6969582091227373,3.2137050269120837,1.8179108889051738
64.04076438900006,3.86,3.4,2.13,0.07969493300015529,0.0943833920000543,0.06578646200000549,3.6969582091227373,3.2137050269120837,1.8179108889051738
64.09088424800007,3.86,3.34,2.13,0.1298147920001611,0.00041654899996501626,0.1159063210000113,3.6969582091227373,3.1501587261596833,1.8179108889051738
64.14111952600001,3.88,3.34,2.14,0.03641613700006019,0.050651826999910554,0.02245678700001008,3.717835391729978,3.1501587261596833,1.8296174463531987
64.1914606979999,3.88,3.34,2.14,0.0867573089999496,0.10099299899979997,0.07279795899989949,3.717835391729978,3.1501587261596833,1.8296174463531987
64.24180668000008,3.88,3.42,2.14,0.1371032910001304,0.006998850000172752,0.1231439410000803,3.717835391729978,3.2348570292982033,1.8296174463531987
64.2919320630001,3.86,3.42,2.13,0.043023747999995976,0.05712423300019509,0.029101390000050742,3.6969582091227373,3.2348570292982033,1.8179108889051738
64.342061156,3.86,3.42,2.13,0.09315284099989185,0.10725332600009096,0.07923048299994662,3.6969582091227373,3.2348570292982033,1.8179108889051738
64.3924883919999,3.86,3.42,2.13,0.1435800769997968,0.013348627999903329,0.12965771899985157,3.6969582091227373,3.2348570292982033,1.8179108889051738
64.44259939299991,3.86,3.42,2.16,0.04942828499997631,0.06345962899990809,0.03593747299987626,3.6969582091227373,3.2348570292982033,1.8529705880018712
64.49272367999993,3.86,3.42,2.16,0.09955257199999323,0.11358391599992501,0.08606175999989318,3.6969582091227373,3.2348570292982033,1.8529705880018712
64.54283160499995,3.88,3.42,2.16,0.005952041999989888,0.01966576399991027,0.13616968499991344,3.717835391729978,3.2348570292982033,1.8529705880018712
64.59293720899996,3.88,3.42,2.13,0.056057645999999295,0.06977136799991968,0.04231666099985887,3.717835391729978,3.2348570292982033,1.8179108889051738
64.64305856500005,3.88,3.42,2.13,0.1061790020000899,0.11989272400001028,0.09243801699994947,3.717835391729978,3.2348570292982033,1.8179108889051738
64.6933818739999,3.86,3.42,2.13,0.012231242999860115,0.02617616099996667,0.14276132599979974,3.6969582091227373,3.2348570292982033,1.8179108889051738
64.7435093439999,3.86,3.42,2.13,0.06235871299986684,0.07630363099997339,0.0487393199998678,3.6969582091227373,3.2348570292982033,1.8179108889051738
64.79368027600003,3.86,3.42,2.13,0.11252964499999507,0.12647456300010163,0.09891025199999604,3.6969582091227373,3.2348570292982033,1.8179108889051738
64.84404654700006,3.88,3.38,2.15,0.018937045000029684,0.03295730100012406,0.005029946000149721,3.717835391729978,3.1925381751828743,1.8413038858374247
64.89416205299995,3.88,3.38,2.15,0.06905255099991336,0.08307280700000774,0.0551454520000334,3.717835391729978,3.1925381751828743,1.8413038858374247
64.94430312000009,3.88,3.38,2.15,0.1191936180000539,0.13321387400014828,0.10528651900017394,3.717835391729978,3.1925381751828743,1.8413038858374247
64.99459690799995,3.86,3.31,2.19,0.025512845999855926,0.03944288200000301,0.01157774199987216,3.6969582091227373,3.118332887938682,1.887855926706273
65.04486548699992,3.86,3.31,2.19,0.07578142499983187,0.08971146099997895,0.0618463209998481,3.6969582091227373,3.118332887938682,1.887855926706273
65.09517679400005,3.86,3.31,2.19,0.12609273199996096,0.14002276800010804,0.1121576279999772,3.6969582091227373,3.118332887938682,1.887855926706273
65.14532271600001,3.86,3.39,2.17,0.032433142999934716,0.04616165700008423,0.018298100000038175,3.6969582091227373,3.2031234756093934,1.8646179233290663
65.19544379800004,3.86,3.39,2.17,0.08255422499996712,0.09628273900011663,0.06841918200007058,3.6969582091227373,3.2031234756093934,1.8646179233290663
65.24555822699995,3.86,3.4,2.17,0.13266865399987182,0.00255828800004565,0.11853361099997528,3.6969582091227373,3.2137050269120837,1.8646179233290663
65.29588092600011,3.88,3.4,2.16,0.0387835989999985,0.052880987000207824,0.02514075900012358,3.717835391729978,3.2137050269120837,1.8529705880018712
65.34622475300012,3.88,3.4,2.16,0.08912742600000456,0.10322481400021388,0.07548458600012964,3.717835391729978,3.2137050269120837,1.8529705880018712
65.39636085899997,3.88,3.34,2.16,0.13926353199985897,0.009444107000035729,0.12562069199998405,3.717835391729978,3.1501587261596833,1.8529705880018712
65.44650448700008,3.88,3.34,2.18,0.04550611100012247,0.05958773500015013,0.03144382499999665,3.717835391729978,3.1501587261596833,1.8762462524945922
65.49686472500002,3.88,3.34,2.18,0.09586634900006175,0.1099479730000894,0.08180406299993592,3.717835391729978,3.1501587261596833,1.8762462524945922
65.54699765100008,3.88,3.42,2.18,0.0021773360001589026,0.016037605000065014,0.13193698899999617,3.717835391729978,3.2348570292982033,1.8762462524945922
65.5971232490001,3.88,3.42,2.13,0.05230293400018127,0.06616320300008738,0.03806959400003507,3.717835391729978,3.2348570292982033,1.8179108889051738
65.64723539800002,3.88,3.42,2.13,0.10241508300009627,0.11627535200000239,0.08818174299995007,3.717835391729978,3.2348570292982033,1.8179108889051738
65.69758414300009,3.87,3.41,2.13,0.008430817000089519,0.022368464000010135,0.13853048800001488,3.7073980093860976,3.2242828660029197,1.8179108889051738
65.74794339799996,3.87,3.41,2.17,0.05879007199996522,0.07272771899988584,0.044688927999914085,3.7073980093860976,3.2242828660029197,1.8646179233290663
65.7980746390001,3.87,3.41,2.17,0.10892131300010988,0.12285896000003049,0.09482016900005874,3.7073980093860976,3.2242828660029197,1.8646179233290663
65.84841053200012,3.87,3.41,2.17,0.15925720600012028,0.1731948530000409,0.14515606200006914,3.7073980093860976,3.2242828660029197,1.8646179233290663
65.89855694500011,3.87,3.41,2.17,0.2094036190001134,0.223341266000034,0.19530247500006226,3.7073980093860976,3.2242828660029197,1.8646179233290663
65.94883367300008,3.87,3.41,2.17,0.259680347000085,0.27361799400000564,0.24557920300003389,3.7073980093860976,3.2242828660029197,1.8646179233290663
65.99911766500009,3.87,3.42,2.14,0.022377900000037698,0.036179433000143035,0.007657661000166627,3.7073980093860976,3.2348570292982033,1.8296174463531987
66.04940036199991,3.87,3.42,2.14,0.07266059699986727,0.0864621299999726,0.057940357999996195,3.7073980093860976,3.2348570292982033,1.8296174463531987
66.09974126499992,3.87,3.42,2.14,0.12300149999987298,0.1368030329999783,0.1082812610000019,3.7073980093860976,3.2348570292982033,1.8296174463531987
66.14990011500004,3.88,3.42,2.15,0.028793551000035222,0.042963983999925404,0.014763548000019,3.717835391729978,3.2348570292982033,1.8413038858374247
66.20024205899995,3.88,3.42,2.15,0.07913549499994588,0.09330592799983606,0.06510549199992965,3.717835391729978,3.2348570292982033,1.8413038858374247
66.2503959170001,3.88,3.42,2.15,0.1292893530001038,0.14345978599999398,0.11525935000008758,3.717835391729978,3.2348570292982033,1.8413038858374247
66.30070352500002,3.89,3.36,2.14,0.035310325999944325,0.04949658400005319,0.021578955999984828,3.7282703764614498,3.171356176779896,1.8296174463531987
66.35097371899997,3.89,3.36,2.14,0.08558051999989402,0.09976677800000289,0.07184914999993453,3.7282703764614498,3.171356176779896,1.8296174463531987
66.40131362000011,3.89,3.36,2.14,0.1359204210000371,0.006105925000156276,0.1221890510000776,3.7282703764614498,3.171356176779896,1.8296174463531987
66.4514261270001,3.84,3.36,2.16,0.04210985400004574,0.05621843200015064,0.02835141300010946,3.676071272432024,3.171356176779896,1.8529705880018712
66.50154391699994,3.84,3.36,2.16,0.09222764399987682,0.10633622199998172,0.07846920299994053,3.676071272432024,3.171356176779896,1.8529705880018712
66.55189295600007,3.84,3.36,2.16,0.1425766830000157,0.012656633000005968,0.1288182420000794,3.676071272432024,3.171356176779896,1.8529705880018712
66.60201335300007,3.86,3.36,2.17,0.04879889100016044,0.06277703000000656,0.03489334599998983,3.6969582091227373,3.171356176779896,1.8646179233290663
66.65224555100008,3.86,3.36,2.17,0.09903108900016377,0.1130092280000099,0.08512554399999317,3.6969582091227373,3.171356176779896,1.8646179233290663
66.70239816000003,3.86,3.4,2.17,0.005077370999970299,0.01914906100000735,0.13527815299994472,3.6969582091227373,3.2137050269120837,1.8646179233290663
66.7527462590001,3.86,3.4,2.18,0.05542547000004561,0.06949716000008266,0.04165770800000246,3.6969582091227373,3.2137050269120837,1.8762462524945922
66.80310907000012,3.86,3.4,2.18,0.10578828100005921,0.11985997100009627,0.09202051900001607,3.6969582091227373,3.2137050269120837,1.8762462524945922
66.85322883000003,3.89,3.39,2.18,0.011860511000122642,0.02558088199998565,0.14214027899993198,3.7282703764614498,3.2031234756093934,1.8762462524945922
66.90356486099995,3.89,3.39,2.16,0.06219654200003788,0.07591691299990089,0.04851657399990472,3.7282703764614498,3.2031234756093934,1.8529705880018712
66.95390481100003,3.89,3.39,2.16,0.1125364920001175,0.1262568629999805,0.09885652399998435,3.7282703764614498,3.2031234756093934,1.8529705880018712
67.00409340200008,3.87,3.39,2.13,0.018590699000014865,0.17644545400003153,0.004667638000000807,3.7073980093860976,3.2031234756093934,1.8179108889051738
67.05441563699992,3.87,3.39,2.13,0.06891293399985443,0.2267676889998711,0.05498987299984037,3.7073980093860976,3.2031234756093934,1.8179108889051738
67.10475965499995,3.87,3.39,2.13,0.11925695199988695,0.2771117069999036,0.10533389099987289,3.7073980093860976,3.2031234756093934,1.8179108889051738
67.15488932800008,3.89,3.39,2.15,0.025601014000130817,0.3272413800000322,0.011700525000151174,3.7282703764614498,3.2031234756093934,1.8413038858374247
67.20498939100003,3.89,3.39,2.15,0.07570107700007611,0.3773414429999775,0.06180058800009647,3.7282703764614498,3.2031234756093934,1.8413038858374247
67.25565701599999,3.89,3.39,2.15,0.12636870200003614,0.42800906799993754,0.1124682130000565,3.7282703764614498,3.2031234756093934,1.8413038858374247
67.30580204400007,3.87,3.42,2.14,0.03228831100000207,0.04646332100014661,0.018374990999973306,3.7073980093860976,3.2348570292982033,1.8296174463531987
67.35589785799993,3.87,3.42,2.14,0.08238412499986225,0.09655913500000679,0.06847080499983349,3.7073980093860976,3.2348570292982033,1.8296174463531987
67.40609812999992,3.87,3.36,2.14,0.13258439699984592,0.0024452289999317145,0.11867107699981716,3.7073980093860976,3.171356176779896,1.8296174463531987
67.45626018000007,3.89,3.36,2.14,0.03894556700015528,0.05260727900008533,0.024811147000036726,3.7282703764614498,3.171356176779896,1.8296174463531987
67.50660115400001,3.89,3.36,2.14,0.08928654100009226,0.1029482530000223,0.0751521209999737,3.7282703764614498,3.171356176779896,1.8296174463531987
67.55690494400005,3.89,3.38,2.14,0.13959033100013585,0.009425658000054682,0.1254559110000173,3.7282703764614498,3.1925381751828743,1.8296174463531987
67.607250088,3.84,3.38,2.13,0.04577464899989536,0.05977080200000273,0.03177306499992483,3.676071272432024,3.1925381751828743,1.8179108889051738
67.6573652699999,3.84,3.38,2.13,0.09588983099979487,0.10988598399990224,0.08188824699982433,3.676071272432024,3.1925381751828743,1.8179108889051738
67.70745511600012,3.88,3.36,2.13,0.00222534300019106,0.015828198000008342,0.13197809300004337,3.717835391729978,3.171356176779896,1.8179108889051738
67.75758859500002,3.88,3.36,2.2,0.05235882200008746,0.06596167699990474,0.038392345999909594,3.717835391729978,3.171356176779896,1.89944728802881
67.8077319040001,3.88,3.36,2.2,0.10250213100016481,0.11610498599998209,0.08853565499998695,3.717835391729978,3.171356176779896,1.89944728802881
67.85786931799998,3.84,3.4,2.2,0.00860144099988247,0.022523481999996875,0.13867306899987852,3.676071272432024,3.2137050269120837,1.89944728802881
67.90820572799998,3.84,3.4,2.15,0.05893785099988236,0.07285989199999676,0.04508697699998265,3.676071272432024,3.2137050269120837,1.8413038858374247
67.95840245799991,3.84,3.4,2.15,0.10913458099980744,0.12305662199992184,0.09528370699990774,3.676071272432024,3.2137050269120837,1.8413038858374247
68.00848663900001,3.86,3.44,2.14,0.014915720000090005,0.028849265999951967,0.0010086479999245057,3.6969582091227373,3.255994471739778,1.8296174463531987
68.05860707000011,3.86,3.44,2.14,0.06503615100018578,0.07896969700004774,0.05112907900002028,3.6969582091227373,3.255994471739778,1.8296174463531987
68.10871235500008,3.86,3.44,2.14,0.11514143600015814,0.1290749820000201,0.10123436399999264,3.6969582091227373,3.255994471739778,1.8296174463531987
68.15903613799992,3.86,3.36,2.15,0.02147860899981424,0.03539912699989145,0.007476797999970586,3.6969582091227373,3.171356176779896,1.8413038858374247
68.20919528600007,3.86,3.36,2.15,0.07163775699996222,0.08555827500003943,0.057635946000118565,3.6969582091227373,3.171356176779896,1.8413038858374247
68.25933421700006,3.86,3.36,2.15,0.12177668799995445,0.13569720600003166,0.10777487700011079,3.6969582091227373,3.171356176779896,1.8413038858374247
68.30945143200006,3.87,3.4,2.16,0.027837922000117032,0.04216904899999463,0.013558074999991732,3.7073980093860976,3.2137050269120837,1.8529705880018712
68.35974845600003,3.87,3.4,2.16,0.07813494600009108,0.09246607299996867,0.06385509899996578,3.7073980093860976,3.2137050269120837,1.8529705880018712
68.41006043800007,3.87,3.4,2.16,0.12844692800013036,0.14277805500000795,0.11416708100000506,3.7073980093860976,3.2137050269120837,1.8529705880018712
68.46018084399998,3.87,3.4,2.15,0.03459974399993371,0.19289846099991337,0.020535576999918703,3.7073980093860976,3.2137050269120837,1.8413038858374247
68.51049945699992,3.87,3.4,2.15,0.0849183569998786,0.24321707399985826,0.07085418999986359,3.7073980093860976,3.2137050269120837,1.8413038858374247
68.56062580799994,3.87,3.4,2.15,0.13504470799989576,0.2933434249998754,0.12098054099988076,3.7073980093860976,3.2137050269120837,1.8413038858374247
68.61092439200002,3.88,3.4,2.14,0.041646649000085745,0.3436420089999501,0.0272369950000666,3.717835391729978,3.2137050269120837,1.8296174463531987
68.6612679100001,3.88,3.4,2.14,0.09199016700017637,0.39398552700004075,0.07758051300015723,3.717835391729978,3.2137050269120837,1.8296174463531987
68.71161222499995,3.88,3.4,2.14,0.14233448200002385,0.44432984199988823,0.1279248280000047,3.717835391729978,3.2137050269120837,1.8296174463531987
68.761951813,3.88,3.4,2.14,0.19267407000006642,0.4946694299999308,0.17826441600004728,3.717835391729978,3.2137050269120837,1.8296174463531987
68.81212599300011,3.88,3.4,2.14,0.24284825000017918,0.5448436100000436,0.22843859600016003,3.717835391729978,3.2137050269120837,1.8296174463531987
68.86247141800004,3.88,3.4,2.14,0.2931936750001114,0.5951890349999758,0.27878402100009225,3.717835391729978,3.2137050269120837,1.8296174463531987
68.91280976500002,3.88,3.4,2.14,0.34353202200009036,0.6455273819999547,0.3291223680000712,3.717835391729978,3.2137050269120837,1.8296174463531987
68.96314513900006,3.88,3.4,2.14,0.39386739600013243,0.6958627559999968,0.3794577420001133,3.717835391729978,3.2137050269120837,1.8296174463531987
69.01348119799991,3.88,3.42,2.14,0.011487950999935492,0.0260587889999897,0.4297938009999598,3.717835391729978,3.2348570292982033,1.8296174463531987
69.06360083999994,3.88,3.42,2.19,0.061607592999962435,0.07617843100001664,0.047656424000024344,3.717835391729978,3.2348570292982033,1.887855926706273
69.113714867,3.88,3.42,2.19,0.11172162000002572,0.12629245800007993,0.09777045100008763,3.717835391729978,3.2348570292982033,1.887855926706273
69.16380120200006,3.87,3.34,2.15,0.01816022499997416,0.032289853000065705,0.004200796000077389,3.7073980093860976,3.1501587261596833,1.8413038858374247
69.2141349630001,3.87,3.34,2.15,0.06849398600002132,0.08262361400011287,0.05453455700012455,3.7073980093860976,3.1501587261596833,1.8413038858374247
69.26443288700011,3.87,3.34,2.15,0.1187919100000272,0.13292153800011874,0.10483248100013043,3.7073980093860976,3.1501587261596833,1.8413038858374247
69.31458397400002,3.9,3.35,2.14,0.024898590000020704,0.038752289000058227,0.010763604999965537,3.73870298365623,3.1607594024221455,1.8296174463531987
69.36472754400006,3.9,3.35,2.14,0.07504216000006636,0.08889585900010388,0.06090717500001119,3.73870298365623,3.1607594024221455,1.8296174463531987
69.4150312700001,3.9,3.35,2.14,0.12534588600010466,0.13919958500014218,0.11121090100004949,3.73870298365623,3.1607594024221455,1.8296174463531987
69.46535802900007,3.87,3.33,2.16,0.03162923300010334,0.04542833300001803,0.017684847000055015,3.7073980093860976,3.1395541084682708,1.8529705880018712
69.51569232599991,3.87,3.33,2.16,0.08196352999993906,0.09576262999985374,0.06801914399989073,3.7073980093860976,3.1395541084682708,1.8529705880018712
69.56582140599994,3.87,3.32,2.16,0.1320926099999724,0.0020582829999966634,0.11814822399992408,3.7073980093860976,3.128945509273052,1.8529705880018712
69.61615194799992,3.87,3.32,2.18,0.0382349039998644,0.05238882499997999,0.02423999199982063,3.7073980093860976,3.128945509273052,1.8762462524945922
69.66649250499995,3.87,3.32,2.18,0.08857546099989122,0.10272938200000681,0.07458054899984745,3.7073980093860976,3.128945509273052,1.8762462524945922
69.71687409900005,3.87,3.38,2.18,0.13895705499999167,0.00912818500000867,0.1249621429999479,3.7073980093860976,3.1925381751828743,1.8762462524945922
69.76703783500011,3.86,3.38,2.16,0.04501704300014353,0.059291921000067305,0.03128753500004677,3.6969582091227373,3.1925381751828743,1.8529705880018712
69.81715693399997,3.86,3.38,2.16,0.0951361420000012,0.10941101999992497,0.08140663399990444,3.6969582091227373,3.1925381751828743,1.8529705880018712
69.8673130740001,3.88,3.35,2.16,0.0013968490000024758,0.01566721100016366,0.1315627740000309,3.717835391729978,3.1607594024221455,1.8529705880018712
69.91743644899998,3.88,3.35,2.14,0.051520223999887094,0.06579058600004828,0.037476737999895704,3.717835391729978,3.1607594024221455,1.8296174463531987
69.96755707200009,3.88,3.35,2.14,0.10164084699999876,0.11591120900015994,0.08759736100000737,3.717835391729978,3.1607594024221455,1.8296174463531987
70.01769642199997,3.87,3.36,2.14,0.00766359499993996,0.021593927999902007,0.1377367109998886,3.7073980093860976,3.171356176779896,1.8296174463531987
70.06782665900005,3.87,3.36,2.14,0.057793832000015755,0.0717241649999778,0.04415256400011458,3.7073980093860976,3.171356176779896,1.8296174463531987
70.1181655119999,3.87,3.36,2.14,0.10813268499987316,0.12206301799983521,0.09449141699997199,3.7073980093860976,3.171356176779896,1.8296174463531987
70.16833649699993,3.86,3.41,2.14,0.014300769999863405,0.028223554999840417,0.0007067949998145195,3.6969582091227373,3.2242828660029197,1.8296174463531987
70.21842423399994,3.86,3.41,2.14,0.06438850699987597,0.07831129199985298,0.050794531999827086,3.6969582091227373,3.2242828660029197,1.8296174463531987
70.26855976699994,3.86,3.41,2.14,0.11452403999987837,0.12844682499985538,0.10093006499982948,3.6969582091227373,3.2242828660029197,1.8296174463531987
70.31891350000001,3.88,3.4,2.14,0.020891406999908213,0.03480649500011168,0.006944453999949474,3.717835391729978,3.2137050269120837,1.8296174463531987
70.36908711000001,3.88,3.4,2.14,0.07106501699990986,0.08498010500011333,0.05711806399995112,3.717835391729978,3.2137050269120837,1.8296174463531987
70.41933028299991,3.88,3.4,2.14,0.12130818999980875,0.13522327800001221,0.10736123699985001,3.717835391729978,3.2137050269120837,1.8296174463531987
70.46966581099991,3.89,3.34,2.14,0.02800226699991981,0.04184981399998833,0.013838771999871824,3.7282703764614498,3.1501587261596833,1.8296174463531987
70.51999484099997,3.89,3.34,2.14,0.07833129699997698,0.0921788440000455,0.064167801999929,3.7282703764614498,3.1501587261596833,1.8296174463531987
70.57011112500004,3.89,3.34,2.14,0.12844758100004583,0.14229512800011435,0.11428408599999784,3.7282703764614498,3.1501587261596833,1.8296174463531987
70.62041374599994,3.87,3.34,2.14,0.034611310999935085,0.048695553000015934,0.020628643000009106,3.7073980093860976,3.1501587261596833,1.8296174463531987
70.67069204600011,3.87,3.34,2.14,0.08488961100010783,0.09897385300018868,0.07090694300018185,3.7073980093860976,3.1501587261596833,1.8296174463531987
70.72102389099996,3.87,3.42,2.14,0.13522145599995383,0.004892507000022306,0.12123878800002785,3.7073980093860976,3.2348570292982033,1.8296174463531987
70.77137335599991,3.89,3.42,2.16,0.04156972499981748,0.05524197199997616,0.02735600699998031,3.7282703764614498,3.2348570292982033,1.8529705880018712
70.82168562099992,3.89,3.42,2.16,0.09188198999981978,0.10555423699997846,0.07766827199998261,3.7282703764614498,3.2348570292982033,1.8529705880018712
70.87202002100003,3.89,3.42,2.16,0.14221638999993047,0.012095311999928526,0.1280026720000933,3.7282703764614498,3.2348570292982033,1.8529705880018712
70.92214040099998,3.84,3.42,2.13,0.04808367900000121,0.06221569199988153,0.033830990000069505,3.676071272432024,3.2348570292982033,1.8179108889051738
70.97231359800003,3.84,3.42,2.13,0.0982568760000504,0.11238888899993071,0.08400418700011869,3.676071272432024,3.2348570292982033,1.8179108889051738
71.02245133299994,3.87,3.41,2.13,0.004380716000014218,0.018326733999856515,0.13414192200002617,3.7073980093860976,3.2242828660029197,1.8179108889051738
71.07278513200004,3.87,3.41,2.16,0.05471451500011426,0.06866053299995656,0.04063798700008192,3.7073980093860976,3.2242828660029197,1.8529705880018712
71.1229193050001,3.87,3.41,2.16,0.10484868800017466,0.11879470600001696,0.09077216000014232,3.7073980093860976,3.2242828660029197,1.8529705880018712
71.17303287499999,3.87,3.4,2.16,0.011005447999878015,0.025217839999868374,0.14088573000003635,3.7073980093860976,3.2137050269120837,1.8529705880018712
71.22336043900009,3.87,3.4,2.11,0.061333011999977316,0.07554540399996768,0.04740442299998904,3.7073980093860976,3.2137050269120837,1.794435844492636
71.27369586600003,3.87,3.4,2.11,0.11166843899991363,0.125880830999904,0.09773984999992535,3.7073980093860976,3.2137050269120837,1.794435844492636
71.32399430500004,3.89,3.41,2.14,0.017609575000051336,0.031822116000057576,0.0036833660001320823,3.7282703764614498,3.2242828660029197,1.8296174463531987
71.37433061000002,3.89,3.41,2.14,0.06794588000002477,0.08215842100003101,0.05401967100010552,3.7282703764614498,3.2242828660029197,1.8296174463531987
71.42468908399997,3.89,3.41,2.14,0.11830435399997441,0.13251689499998065,0.10437814500005516,3.7282703764614498,3.2242828660029197,1.8296174463531987
71.47481403799998,3.88,3.44,2.2,0.02439783299996634,0.038679876000060176,0.01049680599999192,3.717835391729978,3.255994471739778,1.89944728802881
71.52506149200008,3.88,3.44,2.2,0.07464528700006667,0.08892733000016051,0.060744260000092254,3.717835391729978,3.255994471739778,1.89944728802881
71.575367551,3.88,3.44,2.2,0.12495134599998892,0.13923338900008275,0.1110503190000145,3.717835391729978,3.255994471739778,1.89944728802881
71.62551351899992,3.86,3.42,2.14,0.03137717200002044,0.04547691399989162,0.017446127999846794,3.6969582091227373,3.2348570292982033,1.8296174463531987
71.67565662900006,3.86,3.42,2.14,0.08152028200015593,0.09562002400002712,0.06758923799998229,3.6969582091227373,3.2348570292982033,1.8296174463531987
71.725956494,3.86,3.4,2.14,0.1318201470000986,0.0018087020000621123,0.11788910299992494,3.6969582091227373,3.2137050269120837,1.8296174463531987
71.776087061,3.86,3.4,2.13,0.03783276199987995,0.05193926900005863,0.02376542000001791,3.6969582091227373,3.2137050269120837,1.8179108889051738
71.82622295200008,3.86,3.4,2.13,0.0879686529999617,0.10207516000014039,0.07390131100009967,3.6969582091227373,3.2137050269120837,1.8179108889051738
71.87633900700007,3.86,3.4,2.13,0.1380847079999512,0.1521912150001299,0.12401736600008917,3.6969582091227373,3.2137050269120837,1.8179108889051738
71.92663863200005,3.86,3.4,2.13,0.18838433299993085,0.20249084000010953,0.1743169910000688,3.6969582091227373,3.2137050269120837,1.8179108889051738
71.97676023500003,3.86,3.4,2.13,0.23850593599991043,0.2526124430000891,0.2244385940000484,3.6969582091227373,3.2137050269120837,1.8179108889051738
72.02687228400009,3.91,3.33,2.13,0.00048306100006811903,0.014432794000185822,0.27455064300011145,3.7491332331620333,3.1395541084682708,1.8179108889051738
72.07717943000011,3.91,3.33,2.18,0.05079020700009096,0.06473994000020866,0.03689631600013854,3.7491332331620333,3.1395541084682708,1.8762462524945922
72.12732354400009,3.91,3.33,2.18,0.10093432100006794,0.11488405400018564,0.08704043000011552,3.7491332331620333,3.1395541084682708,1.8762462524945922
72.17746881099993,3.87,3.33,2.18,0.00728248999985226,0.16502932100002,0.13718569699994987,3.7073980093860976,3.1395541084682708,1.8762462524945922
72.2276133979999,3.87,3.33,2.13,0.057427076999829296,0.21517390799999703,0.04354323499978818,3.7073980093860976,3.1395541084682708,1.8179108889051738
72.27771024100002,3.87,3.33,2.13,0.1075239199999487,0.26527075100011643,0.09364007799990759,3.7073980093860976,3.1395541084682708,1.8179108889051738
72.32782453000004,3.9,3.33,2.13,0.013394355999935215,0.31538504000013745,0.1437543669999286,3.73870298365623,3.1395541084682708,1.8179108889051738
72.3779926919999,3.9,3.33,2.18,0.06356251799979873,0.36555320200000097,0.049736214999938966,3.73870298365623,3.1395541084682708,1.8762462524945922
72.42823606499996,3.9,3.33,2.18,0.11380589099985627,0.4157965750000585,0.09997958799999651,3.73870298365623,3.1395541084682708,1.8762462524945922
72.478331174,3.88,3.47,2.14,0.020155789000000368,0.033824238000079276,0.006297891000031086,3.717835391729978,3.287673949770567,1.8296174463531987
72.52865953700007,3.88,3.47,2.14,0.07048415200006275,0.08415260100014166,0.05662625400009347,3.717835391729978,3.287673949770567,1.8296174463531987
72.57876785600001,3.88,3.47,2.14,0.12059247100000903,0.13426092000008794,0.10673457300003975,3.717835391729978,3.287673949770567,1.8296174463531987
72.62912185300002,3.9,3.41,2.16,0.02688563900005647,0.04061158400008935,0.01271869099991818,3.73870298365623,3.2242828660029197,1.8529705880018712
72.67941993199997,3.9,3.41,2.16,0.07718371800001478,0.09090966300004766,0.06301676999987649,3.73870298365623,3.2242828660029197,1.8529705880018712
72.72974184899999,3.9,3.41,2.16,0.1275056350000341,0.14123158000006697,0.1133386869998958,3.73870298365623,3.2242828660029197,1.8529705880018712
72.77990063900006,3.87,3.33,2.14,0.03345114800004012,0.047636639000074865,0.019795492999946873,3.7073980093860976,3.1395541084682708,1.8296174463531987
72.83022161100007,3.87,3.33,2.14,0.08377212000004874,0.09795761100008349,0.0701164649999555,3.7073980093860976,3.1395541084682708,1.8296174463531987
72.88031795400002,3.87,3.41,2.14,0.13386846299999888,0.0041006159999597,0.12021280799990564,3.7073980093860976,3.2242828660029197,1.8296174463531987
72.93061009999997,3.88,3.41,2.16,0.040269995000016934,0.054392761999906725,0.026235812999857444,3.717835391729978,3.2242828660029197,1.8529705880018712
72.9807287829999,3.88,3.41,2.16,0.09038867799995387,0.10451144499984366,0.07635449599979438,3.717835391729978,3.2242828660029197,1.8529705880018712
73.03088744399997,3.88,3.36,2.16,0.14054733900002248,0.010608508999894184,0.12651315699986299,3.717835391729978,3.171356176779896,1.8529705880018712
73.0810069480001,3.84,3.36,2.16,0.04655163400002493,0.06072801300001629,0.032599681000192504,3.676071272432024,3.171356176779896,1.8529705880018712
73.13112906099991,3.84,3.36,2.16,0.09667374699984066,0.11085012599983202,0.08272179400000823,3.676071272432024,3.171356176779896,1.8529705880018712
73.18130586300003,3.84,3.42,2.16,0.0028376540001318062,0.01705163800011178,0.13289859600013187,3.676071272432024,3.2348570292982033,1.8529705880018712
73.23164856500011,3.84,3.42,2.11,0.05318035600021176,0.06739434000019173,0.03943053700004384,3.676071272432024,3.2348570292982033,1.794435844492636
73.28177509700004,3.84,3.42,2.11,0.10330688800013377,0.11752087200011374,0.08955706899996585,3.676071272432024,3.2348570292982033,1.794435844492636
73.33191658100009,3.87,3.34,2.11,0.009431164000034187,0.02338002500005132,0.13969855300001655,3.7073980093860976,3.1501587261596833,1.794435844492636
73.38203558400005,3.87,3.34,2.15,0.0595501669999976,0.07349902800001473,0.04528967200008083,3.7073980093860976,3.1501587261596833,1.8413038858374247
73.43216587400002,3.87,3.34,2.15,0.10968045699996765,0.12362931799998478,0.09541996200005087,3.7073980093860976,3.1501587261596833,1.8413038858374247
73.48226614700002,3.86,3.42,2.15,0.016099315000019487,0.029736030000094615,0.0015332870000293042,3.6969582091227373,3.2348570292982033,1.8413038858374247
73.53260324100006,3.86,3.42,2.15,0.06643640900006176,0.08007312400013689,0.051870381000071575,3.6969582091227373,3.2348570292982033,1.8413038858374247
73.58269371200004,3.86,3.42,2.15,0.11652688000003764,0.13016359500011276,0.10196085200004745,3.6969582091227373,3.2348570292982033,1.8413038858374247
73.632789065,3.91,3.4,2.17,0.02236137999989296,0.03650958899993384,0.008330276999913622,3.7491332331620333,3.2137050269120837,1.8646179233290663
73.68314462300009,3.91,3.4,2.17,0.07271693799998502,0.0868651470000259,0.05868583500000568,3.7491332331620333,3.2137050269120837,1.8646179233290663
73.73327722599993,3.91,3.4,2.17,0.12284954099982315,0.13699774999986403,0.10881843799984381,3.7491332331620333,3.2137050269120837,1.8646179233290663
73.78343365699993,3.88,3.35,2.18,0.028810261999979048,0.04313653700000941,0.015004193999857307,3.717835391729978,3.1607594024221455,1.8762462524945922
73.83355333100008,3.88,3.35,2.18,0.07892993600012232,0.09325621100015269,0.06512386800000058,3.717835391729978,3.1607594024221455,1.8762462524945922
73.88370558299994,3.88,3.35,2.18,0.12908218799998394,0.1434084630000143,0.1152761199998622,3.717835391729978,3.1607594024221455,1.8762462524945922
73.93391646400005,3.88,3.33,2.13,0.03538271200000054,0.0495370680000633,0.021569882999983747,3.717835391729978,3.1395541084682708,1.8179108889051738
73.98402711500012,3.88,3.33,2.13,0.08549336300006871,0.09964771900013147,0.07168053400005192,3.717835391729978,3.1395541084682708,1.8179108889051738
74.0343793049999,3.88,3.31,2.13,0.13584555299985368,0.005771964999894408,0.12203272399983689,3.717835391729978,3.118332887938682,1.8179108889051738
74.08452325999997,3.88,3.31,2.13,0.041958802999943146,0.05591591999996126,0.028263336000009076,3.717835391729978,3.118332887938682,1.8179108889051738
74.13483140099993,3.88,3.31,2.13,0.09226694399990265,0.10622406099992077,0.07857147699996858,3.717835391729978,3.118332887938682,1.8179108889051738
74.18518522699992,3.88,3.39,2.13,0.14262076999989404,0.013063603999853513,0.12892530299995997,3.717835391729978,3.2031234756093934,1.8179108889051738
74.23552962999997,3.83,3.39,2.14,0.04889288699996541,0.06340800699990723,0.03476886299995385,3.6656240942027867,3.2031234756093934,1.8296174463531987
74.28589093999994,3.83,3.39,2.14,0.09925419699993654,0.11376931699987836,0.08513017299992498,3.6656240942027867,3.2031234756093934,1.8296174463531987
74.33611240999994,3.87,3.35,2.14,0.005573642999934236,0.019788847999961945,0.13535164299992175,3.7073980093860976,3.1607594024221455,1.8296174463531987
74.38644337899996,3.87,3.35,2.14,0.05590461199994934,0.07011981699997705,0.041915505999895686,3.7073980093860976,3.1607594024221455,1.8296174463531987
74.43677927699991,3.87,3.35,2.14,0.10624050999990686,0.12045571499993457,0.09225140399985321,3.7073980093860976,3.1607594024221455,1.8296174463531987
74.48710016099994,3.86,3.34,2.14,0.01258511399987583,0.02646593299982669,0.14257228799988297,3.6969582091227373,3.1501587261596833,1.8296174463531987
74.537407175,3.86,3.34,2.15,0.06289212799993038,0.07677294699988124,0.04882857999996304,3.6969582091227373,3.1501587261596833,1.8413038858374247
74.58753232599997,3.86,3.34,2.15,0.1130172789999051,0.12689809799985596,0.09895373099993776,3.6969582091227373,3.1501587261596833,1.8413038858374247
74.63782261699998,3.89,3.32,2.13,0.019184281999969244,0.03318627899989224,0.005035485000007611,3.7282703764614498,3.128945509273052,1.8179108889051738
74.68794451600002,3.89,3.32,2.13,0.06930618100000174,0.08330817799992474,0.05515738400004011,3.7282703764614498,3.128945509273052,1.8179108889051738
74.73823909299995,3.89,3.32,2.13,0.1196007579999332,0.1336027549998562,0.10545196099997156,3.7282703764614498,3.128945509273052,1.8179108889051738
74.78837384300004,3.88,3.29,2.16,0.025640566999982184,0.03939077600011842,0.011586357999931352,3.717835391729978,3.0970954134478967,1.8529705880018712
74.83854607100011,3.88,3.29,2.16,0.07581279500004712,0.08956300400018335,0.061758585999996285,3.717835391729978,3.0970954134478967,1.8529705880018712
74.88864200000012,3.88,3.29,2.16,0.12590872400005537,0.1396589330001916,0.11185451500000454,3.717835391729978,3.0970954134478967,1.8529705880018712
74.93877211299991,3.88,3.29,2.16,0.1760388369998509,0.18978904599998714,0.16198462799980007,3.717835391729978,3.0970954134478967,1.8529705880018712
74.98911189499995,3.88,3.29,2.16,0.2263786189998882,0.24012882800002444,0.21232440999983737,3.717835391729978,3.0970954134478967,1.8529705880018712
75.03925074800009,3.88,3.32,2.16,0.2765174720000232,0.0022676820001379383,0.26246326299997236,3.717835391729978,3.128945509273052,1.8529705880018712
75.08938874,3.87,3.32,2.13,0.03844111500006875,0.052405674000056024,0.02491456300003847,3.7073980093860976,3.128945509273052,1.8179108889051738
75.139557578,3.87,3.32,2.13,0.08860995300005925,0.10257451200004652,0.07508340100002897,3.7073980093860976,3.128945509273052,1.8179108889051738
75.189676491,3.87,3.4,2.13,0.13872886600006495,0.008699405000015759,0.12520231400003468,3.7073980093860976,3.2137050269120837,1.8179108889051738
75.23978021099992,3.91,3.4,2.18,0.04520461599986447,0.05880312499994034,0.03130614599990622,3.7491332331620333,3.2137050269120837,1.8762462524945922
75.289919886,3.91,3.4,2.18,0.09534429099994668,0.10894280000002254,0.08144582099998843,3.7491332331620333,3.2137050269120837,1.8762462524945922
75.340230453,3.84,3.36,2.18,0.0012891530000160856,0.015256141000008938,0.13175638799998524,3.676071272432024,3.171356176779896,1.8762462524945922
75.3903864859999,3.84,3.36,2.12,0.05144518599990988,0.06541217399990273,0.03751970899998014,3.676071272432024,3.171356176779896,1.8061838223170976
75.44072865900011,3.84,3.36,2.12,0.10178735900012725,0.1157543470001201,0.08786188200019751,3.676071272432024,3.171356176779896,1.8061838223170976
75.4910671130001,3.89,3.46,2.12,0.008140881000144873,0.02228813200008517,0.13820033600018178,3.7282703764614498,3.2771176359721967,1.8061838223170976
75.54121072599992,3.89,3.46,2.13,0.05828449399996316,0.07243174499990346,0.044678946999965774,3.7282703764614498,3.2771176359721967,1.8179108889051738
75.59154557500005,3.89,3.46,2.13,0.10861934300010034,0.12276659400004064,0.09501379600010296,3.7282703764614498,3.2771176359721967,1.8179108889051738
75.641648884,3.88,3.3,2.13,0.014696070999889344,0.028993516999889835,0.0011063439999361435,3.717835391729978,3.1077162032592356,1.8179108889051738
75.69198470700007,3.88,3.3,2.13,0.0650318939999579,0.07932933999995839,0.0514421670000047,3.717835391729978,3.1077162032592356,1.8179108889051738
75.74229462099993,3.88,3.3,2.13,0.11534180799981186,0.12963925399981235,0.10175208099985866,3.717835391729978,3.1077162032592356,1.8179108889051738
75.792434533,3.86,3.38,2.16,0.02178032799997709,0.035414569000067786,0.0076080809999439225,3.6969582091227373,3.1925381751828743,1.8529705880018712
75.84260983400009,3.86,3.38,2.16,0.07195562900005825,0.08558987000014895,0.057783382000025085,3.6969582091227373,3.1925381751828743,1.8529705880018712
75.8927850560001,3.86,3.38,2.16,0.12213085100006538,0.13576509200015607,0.10795860400003221,3.6969582091227373,3.1925381751828743,1.8529705880018712
75.94295717799992,3.89,3.42,2.15,0.0280404699999508,0.04225092000001496,0.013795506999940699,3.7282703764614498,3.2348570292982033,1.8413038858374247
75.99328981999997,3.89,3.42,2.15,0.0783731120000084,0.09258356200007256,0.0641281489999983,3.7282703764614498,3.2348570292982033,1.8413038858374247
76.04362750700011,3.89,3.42,2.15,0.12871079900014593,0.14292124900021008,0.11446583600013582,3.7282703764614498,3.2348570292982033,1.8413038858374247
76.093892052,3.87,3.38,2.15,0.03549923800005672,0.049208451999902536,0.02082198299990523,3.7073980093860976,3.1925381751828743,1.8413038858374247
76.14421306400004,3.87,3.38,2.15,0.08582025000009708,0.09952946399994289,0.07114299499994559,3.7073980093860976,3.1925381751828743,1.8413038858374247
76.19433884699993,3.87,3.38,2.15,0.13594603299998198,0.0056144420000237005,0.12126877799983049,3.7073980093860976,3.1925381751828743,1.8413038858374247
76.24452057200006,3.84,3.38,2.12,0.041925324999965596,0.05579616700015322,0.027361986999949295,3.676071272432024,3.1925381751828743,1.8061838223170976
76.29482313099993,3.84,3.38,2.12,0.09222788399983983,0.10609872600002745,0.07766454599982353,3.676071272432024,3.1925381751828743,1.8061838223170976
76.34506241899999,3.84,3.39,2.12,0.1424671719998969,0.012003315999891129,0.1279038339998806,3.676071272432024,3.2031234756093934,1.8061838223170976
76.3952029909999,3.84,3.39,2.15,0.048606539999809684,0.06214388799980952,0.03428996099978576,3.676071272432024,3.2031234756093934,1.8413038858374247
76.44536223599994,3.84,3.39,2.15,0.09876578499984134,0.11230313299984118,0.08444920599981742,3.676071272432024,3.2031234756093934,1.8413038858374247
76.49572446799993,3.87,3.41,2.15,0.004479277999962505,0.018891795999934402,0.1348114379998151,3.7073980093860976,3.2242828660029197,1.8413038858374247
76.54604856700007,3.87,3.41,2.14,0.05480337700009841,0.0692158950000703,0.04098855600000206,3.7073980093860976,3.2242828660029197,1.8296174463531987
76.59616303300004,3.87,3.41,2.14,0.10491784300006657,0.11933036100003847,0.09110302199997022,3.7073980093860976,3.2242828660029197,1.8296174463531987
76.6462992270001,3.88,3.36,2.14,0.011219625000194355,0.02524412800016762,0.14123921600003086,3.717835391729978,3.171356176779896,1.8296174463531987
76.69647588900011,3.88,3.36,2.17,0.06139628700020694,0.0754207900001802,0.04740517100003672,3.717835391729978,3.171356176779896,1.8646179233290663
76.74659386000008,3.88,3.36,2.17,0.11151425800017023,0.1255387610001435,0.09752314200000001,3.717835391729978,3.171356176779896,1.8646179233290663
76.79671688300004,3.86,3.34,2.15,0.017676068000127998,0.031965895999974236,0.00362192500006131,3.6969582091227373,3.1501587261596833,1.8413038858374247
76.84704277600008,3.86,3.34,2.15,0.06800196100016365,0.08229178900000989,0.05394781800009696,3.6969582091227373,3.1501587261596833,1.8413038858374247
76.89718623499994,3.86,3.34,2.15,0.11814542000001893,0.13243524799986517,0.10409127699995224,3.6969582091227373,3.1501587261596833,1.8413038858374247
76.94729479600005,3.84,3.38,2.15,0.023959616999945865,0.03840913199996976,0.0098736249999547,3.676071272432024,3.1925381751828743,1.8413038858374247
76.99741246999997,3.84,3.38,2.15,0.07407729099986682,0.08852680599989071,0.05999129899987565,3.676071272432024,3.1925381751828743,1.8413038858374247
77.04773983099994,3.84,3.38,2.15,0.12440465199983919,0.13885416699986308,0.11031865999984802,3.676071272432024,3.1925381751828743,1.8413038858374247
77.0978882070001,3.91,3.44,2.11,0.03061237900010383,0.044675546999997096,0.01665486500019142,3.7491332331620333,3.255994471739778,1.794435844492636
77.14799591299993,3.91,3.44,2.11,0.08072008499993899,0.09478325299983226,0.06676257100002658,3.7491332331620333,3.255994471739778,1.794435844492636
77.1981998230001,3.91,3.34,2.11,0.13092399500010288,0.0008673750000980363,0.11696648100019047,3.7491332331620333,3.1501587261596833,1.794435844492636
77.24853386600012,3.87,3.34,2.15,0.03723948000015298,0.05120141800011879,0.02330744500000037,3.7073980093860976,3.1501587261596833,1.8413038858374247
77.29866622899999,3.87,3.34,2.15,0.0873718430000281,0.1013337809999939,0.07343980799987548,3.7073980093860976,3.1501587261596833,1.8413038858374247
77.3490048829999,3.87,3.38,2.15,0.13771049699994364,0.00764911399983248,0.12377846199979103,3.7073980093860976,3.1925381751828743,1.8413038858374247
77.399130195,3.83,3.38,2.16,0.04412815999990016,0.05777442599992355,0.030061383999964164,3.6656240942027867,3.1925381751828743,1.8529705880018712
77.44924252999999,3.83,3.38,2.16,0.09424049499989451,0.1078867609999179,0.08017371899995851,3.6656240942027867,3.1925381751828743,1.8529705880018712
77.4993422120001,3.91,3.38,2.16,0.0002450660001613869,0.013971975000004022,0.13027340100006768,3.7491332331620333,3.1925381751828743,1.8529705880018712
77.54948141799991,3.91,3.38,2.17,0.05038427199997386,0.0641111809998165,0.036267662999989625,3.7491332331620333,3.1925381751828743,1.8646179233290663
77.59959467499993,3.91,3.38,2.17,0.10049752899999476,0.11422443799983739,0.08638092000001052,3.7491332331620333,3.1925381751828743,1.8646179233290663
77.649926435,3.86,3.35,2.17,0.00676069699989057,0.020567654999922524,0.1367126800000733,3.6969582091227373,3.1607594024221455,1.8646179233290663
77.70013375899998,3.86,3.35,2.16,0.05696802099987508,0.07077497899990703,0.0431764130000829,3.6969582091227373,3.1607594024221455,1.8529705880018712
77.75026789499998,3.86,3.35,2.16,0.10710215699987202,0.12090911499990398,0.09331054900007985,3.6969582091227373,3.1607594024221455,1.8529705880018712
77.80040656100005,3.91,3.35,2.16,0.013116062000108286,0.027045913999927507,0.14344921500014607,3.7491332331620333,3.1607594024221455,1.8529705880018712
77.85074667100002,3.91,3.35,2.14,0.06345617200008746,0.07738602399990668,0.04962290799994662,3.7491332331620333,3.1607594024221455,1.8296174463531987
77.90101025700005,3.91,3.35,2.14,0.11371975800011569,0.1276496099999349,0.09988649399997485,3.7491332331620333,3.1607594024221455,1.8296174463531987
77.95133825400012,3.91,3.35,2.14,0.16404775500018332,0.17797760700000254,0.15021449100004247,3.7491332331620333,3.1607594024221455,1.8296174463531987
78.00168025900007,3.91,3.35,2.14,0.214389760000131,0.2283196119999502,0.20055649599999015,3.7491332331620333,3.1607594024221455,1.8296174463531987
78.05189227000005,3.91,3.35,2.14,0.26460177100011606,0.2785316229999353,0.2507685069999752,3.7491332331620333,3.1607594024221455,1.8296174463531987
78.10222553900007,3.87,3.32,2.17,0.027202225000110047,0.04117816600000879,0.013089874000115742,3.7073980093860976,3.128945509273052,1.8646179233290663
78.15256127499993,3.87,3.32,2.17,0.0775379609999618,0.09151390199986054,0.06342560999996749,3.7073980093860976,3.128945509273052,1.8646179233290663
78.20272904500007,3.87,3.32,2.17,0.12770573100010552,0.14168167200000426,0.11359338000011121,3.7073980093860976,3.128945509273052,1.8646179233290663
78.25293655900009,3.89,3.36,2.17,0.03361254900005406,0.04810918400016817,0.01949092300014854,3.7282703764614498,3.171356176779896,1.8646179233290663
78.30317142600006,3.89,3.36,2.17,0.08384741600002599,0.0983440510001401,0.06972579000012047,3.7282703764614498,3.171356176779896,1.8646179233290663
78.353315114,3.89,3.42,2.17,0.13399110399996061,0.004244316000040271,0.1198694780000551,3.7282703764614498,3.2348570292982033,1.8646179233290663
78.40339854600006,3.84,3.42,2.17,0.04007931000001008,0.0543277480001052,0.025790330000063477,3.676071272432024,3.2348570292982033,1.8646179233290663
78.45353326899999,3.84,3.42,2.17,0.09021403299993835,0.10446247100003347,0.07592505299999175,3.676071272432024,3.2348570292982033,1.8646179233290663
78.50375175199997,3.84,3.38,2.17,0.1404325159999189,0.010356213000022763,0.1261435359999723,3.676071272432024,3.1925381751828743,1.8646179233290663
78.5540536819999,3.88,3.38,2.14,0.04686120399992433,0.06065814299995509,0.03247431999989203,3.717835391729978,3.1925381751828743,1.8296174463531987
78.60422391499992,3.88,3.38,2.14,0.09703143699994143,0.1108283759999722,0.08264455299990914,3.717835391729978,3.1925381751828743,1.8296174463531987
78.65440841600002,3.88,3.3,2.14,0.0030571689999305818,0.017005709999921237,0.13282905400001255,3.717835391729978,3.1077162032592356,1.8296174463531987
78.70457176500008,3.88,3.3,2.14,0.05322051799998917,0.06716905899997982,0.039094280999961484,3.717835391729978,3.1077162032592356,1.8296174463531987
78.75474912999994,3.88,3.3,2.14,0.1033978829998432,0.11734642399983386,0.08927164599981552,3.717835391729978,3.1077162032592356,1.8296174463531987
78.80509515900008,3.86,3.42,2.14,0.009658598999976675,0.023903128000029028,0.13961767499995403,3.6969582091227373,3.2348570292982033,1.8296174463531987
78.8554285109999,3.86,3.42,2.14,0.0599919509998017,0.07423647999985405,0.04616057499993076,3.6969582091227373,3.2348570292982033,1.8296174463531987
78.90553010899998,3.86,3.42,2.14,0.11009354899988466,0.12433807799993701,0.09626217300001372,3.6969582091227373,3.2348570292982033,1.8296174463531987
78.955882879,3.87,3.3,2.19,0.016162269000005836,0.03041408500007492,0.0022847850000289327,3.7073980093860976,3.1077162032592356,1.887855926706273
79.00604731499993,3.87,3.3,2.19,0.06632670499993765,0.08057852100000673,0.052449220999960744,3.7073980093860976,3.1077162032592356,1.887855926706273
79.05615480799997,3.87,3.3,2.19,0.116434197999979,0.1306860140000481,0.1025567140000021,3.7073980093860976,3.1077162032592356,1.887855926706273
79.10649016699995,3.87,3.42,2.13,0.02315745600003538,0.037179239999886704,0.009026543999880232,3.7073980093860976,3.2348570292982033,1.8179108889051738
79.15687909000007,3.87,3.42,2.13,0.07354637900016314,0.08756816300001447,0.05941546700000799,3.7073980093860976,3.2348570292982033,1.8179108889051738
79.20696363299999,3.87,3.42,2.13,0.12363092200007486,0.13765270599992618,0.10950000999991971,3.7073980093860976,3.2348570292982033,1.8179108889051738
79.25725954900008,3.89,3.29,2.13,0.02957119400002739,0.044167740000148115,0.015665623000131745,3.7282703764614498,3.0970954134478967,1.8179108889051738
79.30756227799998,3.89,3.29,2.13,0.0798739229999228,0.09447046900004352,0.06596835200002715,3.7282703764614498,3.0970954134478967,1.8179108889051738
79.35776139600011,3.89,3.38,2.13,0.13007304100005967,0.0005258360001789697,0.11616747000016403,3.7282703764614498,3.1925381751828743,1.8179108889051738
79.40790288500011,3.84,3.38,2.14,0.03644881200011696,0.05066732500017679,0.022652895000192075,3.676071272432024,3.1925381751828743,1.8296174463531987
79.45825611500004,3.84,3.38,2.14,0.08680204200004482,0.10102055500010465,0.07300612500011994,3.676071272432024,3.1925381751828743,1.8296174463531987
79.50840699900004,3.84,3.34,2.14,0.13695292600004905,0.0069977560001461825,0.12315700900012416,3.676071272432024,3.1501587261596833,1.8296174463531987
79.55854402699993,3.84,3.34,2.15,0.18708995399993,0.05713478400002714,0.028959311999869897,3.676071272432024,3.1501587261596833,1.8413038858374247
79.6088640989999,3.84,3.34,2.15,0.2374100259999068,0.10745485600000393,0.07927938399984669,3.676071272432024,3.1501587261596833,1.8413038858374247
79.65892871699998,3.84,3.39,2.15,0.28747464399998535,0.013480119999940143,0.12934400199992524,3.676071272432024,3.2031234756093934,1.8413038858374247
79.70908382900006,3.84,3.39,2.14,0.3376297560000694,0.06363523200002419,0.0354349290000755,3.676071272432024,3.2031234756093934,1.8296174463531987
79.75942998000005,3.84,3.39,2.14,0.3879759070000546,0.11398138300000937,0.08578108000006068,3.676071272432024,3.2031234756093934,1.8296174463531987
79.80976942999996,3.86,3.33,2.14,0.006066099000008762,0.020214631000044392,0.13612052999997104,3.6969582091227373,3.1395541084682708,1.8296174463531987
79.85992100699991,3.86,3.33,2.16,0.05621767599996019,0.07036620799999582,0.042583536999927674,3.6969582091227373,3.1395541084682708,1.8529705880018712
79.91004354799998,3.86,3.33,2.16,0.1063402170000245,0.12048874900006012,0.09270607799999198,3.6969582091227373,3.1395541084682708,1.8529705880018712
79.9601526890001,3.87,3.43,2.16,0.012738893999994616,0.026353471999982503,0.14281521900011285,3.7073980093860976,3.245427552727067,1.8529705880018712
80.01047170600009,3.87,3.43,2.17,0.06305791099998714,0.07667248899997503,0.04919749000009688,3.7073980093860976,3.245427552727067,1.8646179233290663
80.06081982799992,3.87,3.43,2.17,0.11340603299981922,0.1270206109998071,0.09954561199992895,3.7073980093860976,3.245427552727067,1.8646179233290663
80.11115688399991,3.9,3.38,2.17,0.01987589699979253,0.03354065899998204,0.0056526789999225,3.73870298365623,3.1925381751828743,1.8646179233290663
80.16149574299993,3.9,3.38,2.17,0.07021475599981386,0.08387951800000337,0.05599153799994383,3.73870298365623,3.1925381751828743,1.8646179233290663
80.21159697899998,3.9,3.38,2.17,0.12031599199985976,0.13398075400004927,0.10609277399998973,3.73870298365623,3.1925381751828743,1.8646179233290663
80.26192264199994,3.88,3.28,2.14,0.02676861099985217,0.04069869499994638,0.012507878999940658,3.717835391729978,3.0864704761264115,1.8296174463531987
80.31202312699997,3.88,3.28,2.14,0.07686909599988212,0.09079917999997633,0.0626083639999706,3.717835391729978,3.0864704761264115,1.8296174463531987
80.36216204900006,3.88,3.28,2.14,0.12700801799996952,0.14093810200006374,0.11274728600005801,3.717835391729978,3.0864704761264115,1.8296174463531987
80.412502571,3.84,3.34,2.16,0.03298666999990019,0.046898701999907644,0.01912853599992559,3.676071272432024,3.1501587261596833,1.8529705880018712
80.4626600690001,3.84,3.34,2.16,0.0831441679999898,0.09705619999999726,0.0692860340000152,3.676071272432024,3.1501587261596833,1.8529705880018712
80.51301390999993,3.84,3.35,2.16,0.13349800899982256,0.0032257230000141135,0.11963987499984796,3.676071272432024,3.1607594024221455,1.8529705880018712
80.56316744800006,3.88,3.35,2.13,0.03922947499995644,0.05337926100014556,0.02582137500007775,3.717835391729978,3.1607594024221455,1.8179108889051738
80.61350917599998,3.88,3.35,2.13,0.08957120299987764,0.10372098900006677,0.07616310299999896,3.717835391729978,3.1607594024221455,1.8179108889051738
80.66388149499994,3.88,3.42,2.13,0.1399435219998395,0.010100238999939393,0.12653542199996082,3.717835391729978,3.2348570292982033,1.8179108889051738
80.71399532999999,3.88,3.42,2.16,0.046262179999985165,0.060214073999986795,0.03247618499995042,3.717835391729978,3.2348570292982033,1.8529705880018712
80.76444885499996,3.88,3.42,2.16,0.09671570499995141,0.11066759899995304,0.08292970999991667,3.717835391729978,3.2348570292982033,1.8529705880018712
80.81455674099993,3.86,3.39,2.16,0.0031814760000088427,0.01691640599983657,0.13303759599989462,3.6969582091227373,3.2031234756093934,1.8529705880018712
80.86490924999998,3.86,3.39,2.16,0.05353398500005824,0.06726891499988596,0.03890276900006029,3.6969582091227373,3.2031234756093934,1.8529705880018712
80.9152721779999,3.86,3.39,2.16,0.10389691299997139,0.11763184299979912,0.08926569699997344,3.6969582091227373,3.2031234756093934,1.8529705880018712
80.965454271,3.86,3.39,2.16,0.15407900600007451,0.16781393599990224,0.13944779000007657,3.6969582091227373,3.2031234756093934,1.8529705880018712
81.01575850900008,3.86,3.39,2.16,0.20438324400015517,0.2181181739999829,0.18975202800015722,3.6969582091227373,3.2031234756093934,1.8529705880018712
81.06589565800004,3.86,3.39,2.16,0.25452039300012075,0.2682553229999485,0.2398891770001228,3.6969582091227373,3.2031234756093934,1.8529705880018712
81.11610102300006,3.9,3.41,2.13,0.016554262999989078,0.030590351000000737,0.002074110999956247,3.73870298365623,3.2242828660029197,1.8179108889051738
81.16621913199992,3.9,3.41,2.13,0.0666723719998572,0.08070845999986886,0.052192219999824374,3.73870298365623,3.2242828660029197,1.8179108889051738
81.21632878200012,3.9,3.41,2.13,0.11678202200005217,0.13081811000006383,0.10230187000001933,3.73870298365623,3.2242828660029197,1.8179108889051738
81.26646746999995,3.89,3.4,2.16,0.023038151000037033,0.03676856799984307,0.008789431999957742,3.7282703764614498,3.2137050269120837,1.8529705880018712
81.31681553699991,3.89,3.4,2.16,0.073386217999996,0.08711663499980205,0.059137498999916716,3.7282703764614498,3.2137050269120837,1.8529705880018712
81.36715021600003,3.89,3.4,2.16,0.12372089700011202,0.13745131399991806,0.10947217800003273,3.7282703764614498,3.2137050269120837,1.8529705880018712
81.41749084799994,3.86,3.4,2.15,0.030142220000016096,0.04398238399994625,0.015859371000033207,3.6969582091227373,3.2137050269120837,1.8413038858374247
81.46766166599991,3.86,3.4,2.15,0.08031303799998568,0.09415320199991584,0.06603018900000279,3.6969582091227373,3.2137050269120837,1.8413038858374247
81.51775222600008,3.86,3.36,2.15,0.13040359800015722,0.00027286900012768456,0.11612074900017433,3.6969582091227373,3.171356176779896,1.8413038858374247
81.56793489000006,3.88,3.36,2.18,0.035816283000031035,0.05045553300010397,0.021907868999960556,3.717835391729978,3.171356176779896,1.8762462524945922
81.618268016,3.88,3.36,2.18,0.08614940899997237,0.1007886590000453,0.07224099499990189,3.717835391729978,3.171356176779896,1.8762462524945922
81.66845762399998,3.88,3.39,2.18,0.13633901699995477,0.006652855000083946,0.12243060299988429,3.717835391729978,3.2031234756093934,1.8762462524945922
81.71880772300005,3.88,3.39,2.13,0.043048033000104624,0.057002954000154205,0.028979674000083833,3.717835391729978,3.2031234756093934,1.8179108889051738
81.76891187899992,3.88,3.39,2.13,0.0931521889999658,0.10710711000001538,0.07908382999994501,3.717835391729978,3.2031234756093934,1.8179108889051738
81.81908991,3.88,3.39,2.13,0.14333022000005258,0.013576868999962244,0.12926186100003179,3.717835391729978,3.2031234756093934,1.8179108889051738
81.86943071700011,3.87,3.39,2.13,0.04959765600005994,0.0639176760000737,0.03591952800002218,3.7073980093860976,3.2031234756093934,1.8179108889051738
81.91956785899993,3.87,3.39,2.13,0.09973479799987217,0.11405481799988593,0.08605666999983441,3.7073980093860976,3.2031234756093934,1.8179108889051738
81.96969401799993,3.88,3.4,2.13,0.005602999999837266,0.020149691999904462,0.1361828289998357,3.717835391729978,3.2137050269120837,1.8179108889051738
82.0198202680001,3.88,3.4,2.14,0.05572925000001305,0.07027594200008025,0.04215678800005662,3.717835391729978,3.2137050269120837,1.8296174463531987
82.070147937,3.88,3.4,2.14,0.10605691899991143,0.12060361099997863,0.092484456999955,3.717835391729978,3.2137050269120837,1.8296174463531987
82.12043964999998,3.9,3.41,2.14,0.012310361999880115,0.026547703999995065,0.1427761699999337,3.73870298365623,3.2242828660029197,1.8296174463531987
82.17056967200006,3.9,3.41,2.14,0.062440383999955884,0.07667772600007083,0.04888331500001186,3.73870298365623,3.2242828660029197,1.8296174463531987
82.22070828000005,3.9,3.41,2.14,0.11257899199995336,0.1268163340000683,0.09902192300000934,3.73870298365623,3.2242828660029197,1.8296174463531987
82.27088255100011,3.91,3.42,2.11,0.019117864999998346,0.03269344099999216,0.004847057999995741,3.7491332331620333,3.2348570292982033,1.794435844492636
82.32122213000002,3.91,3.42,2.11,0.06945744399990872,0.08303301999990254,0.055186636999906113,3.7491332331620333,3.2348570292982033,1.794435844492636
82.37138400999993,3.91,3.42,2.11,0.11961932399981379,0.1331948999998076,0.10534851699981118,3.7491332331620333,3.2348570292982033,1.794435844492636
82.42166284900009,3.9,3.33,2.17,0.021551080000108414,0.03969178700003795,0.012166255000011006,3.73870298365623,3.1395541084682708,1.8646179233290663
82.47181741400004,3.9,3.33,2.17,0.07170564500006549,0.08984635199999502,0.06232081999996808,3.73870298365623,3.1395541084682708,1.8646179233290663
82.52215774799993,3.9,3.33,2.17,0.12204597899994951,0.14018668599987905,0.1126611539998521,3.73870298365623,3.1395541084682708,1.8646179233290663
82.5724945070001,3.88,3.39,2.17,0.032343294000156675,0.04644413200003328,0.018434647000049154,3.717835391729978,3.2031234756093934,1.8646179233290663
82.62263026000005,3.88,3.39,2.17,0.08247904700010622,0.09657988499998282,0.0685703999999987,3.717835391729978,3.2031234756093934,1.8646179233290663
82.67272223400005,3.88,3.38,2.17,0.13257102100010343,0.002901977999954397,0.11866237399999591,3.717835391729978,3.1925381751828743,1.8646179233290663
82.72286764199998,3.88,3.38,2.16,0.03925958600007107,0.05304738599988923,0.024807910999925298,3.717835391729978,3.1925381751828743,1.8529705880018712
82.77315350200001,3.88,3.38,2.16,0.08954544600010195,0.10333324599992011,0.07509377099995618,3.717835391729978,3.1925381751828743,1.8529705880018712
82.82349345600005,3.88,3.34,2.16,0.13988540000013927,0.009277195000095162,0.1254337249999935,3.717835391729978,3.1501587261596833,1.8529705880018712
82.87363531000005,3.87,3.34,2.18,0.04549623900015831,0.05941904900009831,0.03157747900013419,3.7073980093860976,3.1501587261596833,1.8762462524945922
82.92377646399996,3.87,3.34,2.18,0.09563739300006091,0.10956020300000091,0.08171863300003679,3.7073980093860976,3.1501587261596833,1.8762462524945922
82.97405246900007,3.9,3.4,2.18,0.002245930000071894,0.016177732999949512,0.1319946380001511,3.73870298365623,3.2137050269120837,1.8762462524945922
83.0241724760001,3.9,3.4,2.14,0.05236593700010417,0.06629773999998179,0.03811310100013543,3.73870298365623,3.2137050269120837,1.8296174463531987
83.07444949799992,3.9,3.4,2.14,0.10264295899992248,0.1165747619998001,0.08839012299995375,3.73870298365623,3.2137050269120837,1.8296174463531987
83.12479480599995,3.88,3.45,2.14,0.008965476999946986,0.02278811299993322,0.13873543099998642,3.717835391729978,3.266557821315888,1.8296174463531987
83.17512477200012,3.88,3.45,2.15,0.059295443000110026,0.07311807900009626,0.04519677100006447,3.717835391729978,3.266557821315888,1.8413038858374247
83.22529373900011,3.88,3.45,2.15,0.10946441000010054,0.12328704600008678,0.09536573800005499,3.717835391729978,3.266557821315888,1.8413038858374247
83.27540675399996,3.87,3.39,2.15,0.015258671999845319,0.029419160999850646,0.14547875299990665,3.7073980093860976,3.2031234756093934,1.8413038858374247
83.32558556100003,3.87,3.39,2.15,0.06543747899991104,0.07959796799991636,0.19565755999997236,3.7073980093860976,3.2031234756093934,1.8413038858374247
83.37591059500005,3.87,3.39,2.15,0.11576251299993601,0.12992300199994133,0.24598259399999733,3.7073980093860976,3.2031234756093934,1.8413038858374247
83.42622346799999,3.87,3.39,2.15,0.16607538599987492,0.18023587499988025,0.29629546699993625,3.7073980093860976,3.2031234756093934,1.8413038858374247
83.47656306299996,3.87,3.39,2.15,0.21641498099984346,0.2305754699998488,0.3466350619999048,3.7073980093860976,3.2031234756093934,1.8413038858374247
83.52693496200004,3.87,3.39,2.15,0.2667868799999269,0.2809473689999322,0.3970069609999882,3.7073980093860976,3.2031234756093934,1.8413038858374247
83.57704416899992,3.86,3.34,2.18,0.02912182499994742,0.04309661499996764,0.014762496000003011,3.6969582091227373,3.1501587261596833,1.8762462524945922
83.62713209399999,3.86,3.34,2.18,0.07920975000001818,0.0931845400000384,0.06485042100007377,3.6969582091227373,3.1501587261596833,1.8762462524945922
83.67744847500012,3.86,3.34,2.18,0.12952613100014787,0.1435009210001681,0.11516680200020346,3.6969582091227373,3.1501587261596833,1.8762462524945922
83.72779628600006,3.89,3.38,2.14,0.035646850000148333,0.04940631900012704,0.021674253000128374,3.7282703764614498,3.1925381751828743,1.8296174463531987
83.77792741500002,3.89,3.38,2.14,0.08577797900011319,0.0995374480000919,0.07180538200009323,3.7282703764614498,3.1925381751828743,1.8296174463531987
83.82825522000007,3.89,3.34,2.14,0.13610578400016493,0.005998775000080059,0.12213318700014497,3.7282703764614498,3.1501587261596833,1.8296174463531987
83.87861631200008,3.84,3.34,2.15,0.04271248600002764,0.056359867000082886,0.028376224000112416,3.676071272432024,3.1501587261596833,1.8413038858374247
83.92872905800004,3.84,3.34,2.15,0.0928252319999956,0.10647261300005084,0.07848897000008037,3.676071272432024,3.1501587261596833,1.8413038858374247
83.97905843900003,3.84,3.34,2.15,0.14315461299997878,0.15680199400003403,0.12881835100006356,3.676071272432024,3.1501587261596833,1.8413038858374247
84.02940293400002,3.84,3.34,2.15,0.19349910799996906,0.2071464890000243,0.17916284600005383,3.676071272432024,3.1501587261596833,1.8413038858374247
84.07973720199993,3.84,3.34,2.15,0.24383337599988408,0.25748075699993933,0.22949711399996886,3.676071272432024,3.1501587261596833,1.8413038858374247
84.13008762999993,3.87,3.36,2.15,0.0056095769998592004,0.01999310999985937,0.2798475419999704,3.7073980093860976,3.171356176779896,1.8413038858374247
84.18039432499995,3.87,3.36,2.18,0.0559162719998767,0.07029980499987687,0.04228323999996064,3.7073980093860976,3.171356176779896,1.8762462524945922
84.23051428999997,3.87,3.36,2.18,0.10603623699989839,0.12041976999989856,0.09240320499998234,3.7073980093860976,3.171356176779896,1.8762462524945922
84.28087771500009,3.86,3.29,2.18,0.012692681000089578,0.026639625000143496,0.14276663000009648,3.6969582091227373,3.0970954134478967,1.8762462524945922
84.33119401699992,3.86,3.29,2.13,0.06300898299991786,0.07695592699997178,0.04912604099990858,3.6969582091227373,3.0970954134478967,1.8179108889051738
84.38131835700005,3.86,3.29,2.13,0.11313332300005641,0.12708026700011033,0.09925038100004713,3.6969582091227373,3.0970954134478967,1.8179108889051738
84.43165653799997,3.89,3.41,2.14,0.019184167000048546,0.03338497000004281,0.005258426999944277,3.7282703764614498,3.2242828660029197,1.8296174463531987
84.48198487800005,3.89,3.41,2.14,0.06951250700012679,0.08371331000012106,0.05558676700002252,3.7282703764614498,3.2242828660029197,1.8296174463531987
84.53229030200009,3.89,3.41,2.14,0.11981793100017057,0.13401873400016484,0.1058921910000663,3.7282703764614498,3.2242828660029197,1.8296174463531987
84.58242013500012,3.87,3.38,2.15,0.026227129000062632,0.039916811000011876,0.012085432000048968,3.7073980093860976,3.1925381751828743,1.8413038858374247
84.63277266799992,3.87,3.38,2.15,0.07657966199985822,0.09026934399980746,0.06243796499984455,3.7073980093860976,3.1925381751828743,1.8413038858374247
84.6829354250001,3.87,3.38,2.15,0.12674241900003835,0.1404321009999876,0.11260072200002469,3.7073980093860976,3.1925381751828743,1.8413038858374247
84.73327084099992,3.87,3.34,2.13,0.03277611099997557,0.04705266899986782,0.019163711999908628,3.7073980093860976,3.1501587261596833,1.8179108889051738
84.78338697499998,3.87,3.34,2.13,0.08289224500003911,0.09716880299993136,0.06927984599997217,3.7073980093860976,3.1501587261596833,1.8179108889051738
84.83352371199999,3.87,3.36,2.13,0.13302898200004165,0.0029734550000739546,0.11941658299997471,3.7073980093860976,3.171356176779896,1.8179108889051738
84.88390468800003,3.89,3.36,2.18,0.039419010000074195,0.053354431000116165,0.025529390999963653,3.7282703764614498,3.171356176779896,1.8762462524945922
84.93420556699994,3.89,3.36,2.18,0.08971988899997996,0.10365531000002193,0.07583026999986942,3.7282703764614498,3.171356176779896,1.8762462524945922
84.98434500400003,3.89,3.35,2.18,0.139859326000078,0.010042605000080584,0.12596970699996746,3.7282703764614498,3.1607594024221455,1.8762462524945922
85.03448729799993,3.89,3.35,2.14,0.04641300299999784,0.06018489899997803,0.03208469699984562,3.7282703764614498,3.1607594024221455,1.8296174463531987
85.08467179800004,3.89,3.35,2.14,0.09659750300011183,0.11036939900009202,0.0822691969999596,3.7282703764614498,3.1607594024221455,1.8296174463531987
85.13476856300008,3.9,3.39,2.14,0.0028196000000662025,0.011691306000102486,0.1323659619999944,3.73870298365623,3.2031234756093934,1.8296174463531987
85.18508557900009,3.9,3.39,2.15,0.053136616000074355,0.06200832200011064,0.03916903499998625,3.73870298365623,3.2031234756093934,1.8413038858374247
85.23517669500006,3.9,3.39,2.15,0.10322773200005031,0.1120994380000866,0.0892601509999622,3.73870298365623,3.2031234756093934,1.8413038858374247
85.28532085699999,3.87,3.42,2.15,0.009146629000042594,0.022792564999917886,0.13940431299988632,3.7073980093860976,3.2348570292982033,1.8413038858374247
85.33565069199994,3.87,3.42,2.15,0.059476463999999396,0.07312239999987469,0.045457189999979164,3.7073980093860976,3.2348570292982033,1.8413038858374247
85.38599268300004,3.87,3.42,2.15,0.10981845500009513,0.12346439099997042,0.0957991810000749,3.7073980093860976,3.2348570292982033,1.8413038858374247
85.43613458599998,3.88,3.32,2.17,0.015622520000079021,0.02974795099999028,0.001980037000066659,3.717835391729978,3.128945509273052,1.8646179233290663
85.48648030499999,3.88,3.32,2.17,0.0659682390000853,0.08009366999999656,0.05232575600007294,3.717835391729978,3.128945509273052,1.8646179233290663
85.53662397900007,3.88,3.32,2.17,0.11611191300016799,0.13023734400007925,0.10246943000015563,3.717835391729978,3.128945509273052,1.8646179233290663
85.586944206,3.84,3.41,2.14,0.02274290600007589,0.03669476699997176,0.008628798000017923,3.676071272432024,3.2242828660029197,1.8296174463531987
85.63707074500007,3.84,3.41,2.14,0.07286944500015125,0.08682130600004712,0.05875533700009328,3.676071272432024,3.2242828660029197,1.8296174463531987
85.68719228200007,3.84,3.41,2.14,0.12299098200014669,0.13694284300004256,0.10887687400008872,3.676071272432024,3.2242828660029197,1.8296174463531987
85.73734438499991,3.86,3.32,2.14,0.02884010100001433,0.04309386499994616,0.015196652999975413,3.6969582091227373,3.128945509273052,1.8296174463531987
85.78762991200006,3.86,3.32,2.14,0.07912562800015621,0.09337939200008805,0.0654821800001173,3.6969582091227373,3.128945509273052,1.8296174463531987
85.83780232799995,3.86,3.32,2.14,0.12929804400005196,0.1435518079999838,0.11565459600001304,3.6969582091227373,3.128945509273052,1.8296174463531987
85.88813883500006,3.88,3.39,2.17,0.0359864980000566,0.04949088400007895,0.02168007399995986,3.717835391729978,3.2031234756093934,1.8646179233290663
85.93846330800011,3.88,3.39,2.17,0.08631097100010265,0.099815357000125,0.07200454700000591,3.717835391729978,3.2031234756093934,1.8646179233290663
85.98864591100005,3.88,3.43,2.17,0.13649357400004192,0.006059858000071472,0.12218714999994518,3.717835391729978,3.245427552727067,1.8646179233290663
86.03897498600008,3.87,3.43,2.15,0.04277298200008772,0.0563889330001075,0.028497035000100368,3.7073980093860976,3.245427552727067,1.8413038858374247
86.08931186600012,3.87,3.43,2.15,0.09310986200011939,0.10672581300013917,0.07883391500013204,3.7073980093860976,3.245427552727067,1.8413038858374247
86.13964788900012,3.87,3.38,2.15,0.14344588500011923,0.013065897000160476,0.12916993800013188,3.7073980093860976,3.1925381751828743,1.8413038858374247
86.1897614049999,3.84,3.38,2.14,0.049034107999887055,0.06317941299994345,0.03497932199979914,3.676071272432024,3.1925381751828743,1.8296174463531987
86.23992767799996,3.84,3.38,2.14,0.09920038099994599,0.11334568600000239,0.08514559499985808,3.676071272432024,3.1925381751828743,1.8296174463531987
86.2900317430001,3.88,3.4,2.14,0.005790820000129315,0.019465794000097958,0.1352496599999995,3.717835391729978,3.2137050269120837,1.8296174463531987
86.34030880599994,3.88,3.4,2.14,0.05606788299996879,0.06974285699993743,0.04179236100003436,3.717835391729978,3.2137050269120837,1.8296174463531987
86.39043363499991,3.88,3.4,2.14,0.10619271199993818,0.11986768599990683,0.09191719000000376,3.717835391729978,3.2137050269120837,1.8296174463531987
86.4407357770001,3.87,3.41,2.14,0.01248759300005986,0.02644013300005099,0.1422193320001952,3.7073980093860976,3.2242828660029197,1.8296174463531987
86.49087474199996,3.87,3.41,2.14,0.0626265579999199,0.07657909799991103,0.048467112000025736,3.7073980093860976,3.2242828660029197,1.8296174463531987
86.54110977200003,3.87,3.41,2.14,0.11286158799998702,0.12681412799997815,0.09870214200009286,3.7073980093860976,3.2242828660029197,1.8296174463531987
86.59124248900002,3.88,3.34,2.17,0.01853474099993946,0.03278051100005541,0.0047747359999448236,3.717835391729978,3.1501587261596833,1.8646179233290663
86.64156050399993,3.88,3.34,2.17,0.06885275599984197,0.08309852599995793,0.05509275099984734,3.717835391729978,3.1501587261596833,1.8646179233290663
86.69167673600009,3.88,3.34,2.17,0.11896898800000599,0.13321475800012195,0.10520898300001136,3.717835391729978,3.1501587261596833,1.8646179233290663
86.7420018119999,3.88,3.34,2.14,0.025096246999964933,0.039561062999837304,0.011182040999983656,3.717835391729978,3.1501587261596833,1.8296174463531987
86.7921494929999,3.88,3.34,2.14,0.07524392799996349,0.08970874399983586,0.06132972199998221,3.717835391729978,3.1501587261596833,1.8296174463531987
86.84228513400012,3.88,3.34,2.14,0.12537956900018798,0.13984438500006036,0.11146536300020671,3.717835391729978,3.1501587261596833,1.8296174463531987
86.89245969600006,3.92,3.4,2.14,0.03188151700010167,0.04587274699997579,0.161639925000145,3.7595611446018533,3.2137050269120837,1.8296174463531987
86.9426295180001,3.92,3.4,2.14,0.08205133900014516,0.09604256900001928,0.2118097470001885,3.7595611446018533,3.2137050269120837,1.8296174463531987
86.99275053499991,3.92,3.4,2.14,0.13217235599995547,0.1461635859998296,0.2619307639999988,3.7595611446018533,3.2137050269120837,1.8296174463531987
87.04308312300009,3.92,3.4,2.14,0.1825049440001294,0.19649617400000352,0.31226335200017274,3.7595611446018533,3.2137050269120837,1.8296174463531987
87.09323638699993,3.92,3.4,2.14,0.23265820799997528,0.2466494379998494,0.3624166160000186,3.7595611446018533,3.2137050269120837,1.8296174463531987
87.14340591600012,3.92,3.42,2.14,0.2828277370001615,0.008446997000191914,0.41258614500020485,3.7595611446018533,3.2348570292982033,1.8296174463531987
87.19374701900006,3.88,3.42,2.14,0.04517657700012023,0.05878810000012891,0.03123929399998815,3.717835391729978,3.2348570292982033,1.8296174463531987
87.24390557800007,3.88,3.42,2.14,0.09533513600013066,0.10894665900013933,0.08139785299999858,3.717835391729978,3.2348570292982033,1.8296174463531987
87.29408777499998,3.87,3.38,2.14,0.0011800590000348166,0.01530080799989264,0.13158004999991135,3.7073980093860976,3.1925381751828743,1.8296174463531987
87.34442540100008,3.87,3.38,2.16,0.051517685000135316,0.06563843399999314,0.03763376300003074,3.7073980093860976,3.1925381751828743,1.8529705880018712
87.39452971500009,3.87,3.38,2.16,0.10162199900014457,0.1157427480000024,0.08773807700004,3.7073980093860976,3.1925381751828743,1.8529705880018712
87.44488375600008,3.88,3.35,2.16,0.0079901010001322,0.02216302200008613,0.1380921180000314,3.717835391729978,3.1607594024221455,1.8529705880018712
87.49517104799997,3.88,3.35,2.14,0.05827739300002577,0.0724503139999797,0.0446603379998578,3.717835391729978,3.1607594024221455,1.8296174463531987
87.54550529900007,3.88,3.35,2.14,0.10861164400012058,0.12278456500007451,0.09499458899995261,3.717835391729978,3.1607594024221455,1.8296174463531987
87.59559431899993,3.83,3.41,2.12,0.015062353999837796,0.028616717999966568,0.0011117419999209233,3.6656240942027867,3.2242828660029197,1.8061838223170976
87.64576512300005,3.83,3.41,2.12,0.06523315799995544,0.07878752200008421,0.051282546000038565,3.6656240942027867,3.2242828660029197,1.8061838223170976
87.695901176,3.83,3.41,2.12,0.1153692109999156,0.12892357500004437,0.10141859899999872,3.6656240942027867,3.2242828660029197,1.8061838223170976
87.74601299599999,3.88,3.34,2.18,0.02170950200002153,0.03405502400005389,0.007567360999928496,3.717835391729978,3.1501587261596833,1.8762462524945922
87.79616126399992,3.88,3.34,2.18,0.07185776999995142,0.08420329199998378,0.05771562899985838,3.717835391729978,3.1501587261596833,1.8762462524945922
87.84627257800003,3.88,3.34,2.18,0.12196908400005668,0.13431460600008904,0.10782694299996365,3.717835391729978,3.1501587261596833,1.8762462524945922
87.89638519100004,3.9,3.32,2.15,0.02764688699994622,0.04172971299999517,0.013586826999926416,3.73870298365623,3.128945509273052,1.8413038858374247
87.94652479899992,3.9,3.32,2.15,0.07778649499982748,0.09186932099987644,0.06372643499980768,3.73870298365623,3.128945509273052,1.8413038858374247
87.99664228300003,3.9,3.32,2.15,0.12790397899993877,0.14198680499998773,0.11384391899991897,3.73870298365623,3.128945509273052,1.8413038858374247
88.04676369799995,3.87,3.43,2.14,0.03419286500002272,0.04821762300002774,0.019955263999918316,3.7073980093860976,3.245427552727067,1.8296174463531987
88.09709206000002,3.87,3.43,2.14,0.08452122700009568,0.0985459850001007,0.07028362599999127,3.7073980093860976,3.245427552727067,1.8296174463531987
88.14741717900006,3.87,3.39,2.14,0.13484634600013123,0.004071118999945611,0.12060874500002683,3.7073980093860976,3.2031234756093934,1.8296174463531987
88.19773349599996,3.87,3.39,2.17,0.04115435099993192,0.05438743599984264,0.02723831799994514,3.7073980093860976,3.2031234756093934,1.8646179233290663
88.24806834900005,3.87,3.39,2.17,0.0914892040000268,0.10472228899993752,0.07757317100004002,3.7073980093860976,3.2031234756093934,1.8646179233290663
88.2981896419999,3.87,3.42,2.17,0.14161049699987416,0.011552080999990721,0.12769446399988738,3.7073980093860976,3.2348570292982033,1.8646179233290663
88.34851879600001,3.87,3.42,2.14,0.04799887800004399,0.06188123500010079,0.033927818999927695,3.7073980093860976,3.2348570292982033,1.8296174463531987
88.39890855699991,3.87,3.42,2.14,0.09838863899994976,0.11227099600000656,0.08431757999983347,3.7073980093860976,3.2348570292982033,1.8296174463531987
88.44924442799993,3.88,3.41,2.14,0.004303204999814625,0.018627868999828934,0.13465345099984916,3.717835391729978,3.2242828660029197,1.8296174463531987
88.49936655300007,3.88,3.41,2.13,0.054425329999958194,0.0687499939999725,0.040497413000139204,3.717835391729978,3.2242828660029197,1.8179108889051738
88.549487709,3.88,3.41,2.13,0.10454648599989014,0.11887114999990445,0.09061856900007115,3.717835391729978,3.2242828660029197,1.8179108889051738
88.59981293500005,3.87,3.34,2.13,0.01089662699996552,0.025174117000005936,0.140943795000112,3.7073980093860976,3.1501587261596833,1.8179108889051738
88.64997858099991,3.87,3.34,2.14,0.06106227299983402,0.07533976299987444,0.04683132199988904,3.7073980093860976,3.1501587261596833,1.8296174463531987
88.70013710500007,3.87,3.34,2.14,0.11122079699998721,0.12549828700002763,0.09698984600004223,3.7073980093860976,3.1501587261596833,1.8296174463531987
88.7502589400001,3.87,3.42,2.15,0.017681449000065186,0.03127273600011904,0.003504149000036705,3.7073980093860976,3.2348570292982033,1.8413038858374247
88.8003790140001,3.87,3.42,2.15,0.06780152300007103,0.08139281000012488,0.05362422300004255,3.7073980093860976,3.2348570292982033,1.8413038858374247
88.85050602399997,3.87,3.42,2.15,0.11792853299994022,0.13151981999999407,0.10375123299991174,3.7073980093860976,3.2348570292982033,1.8413038858374247
88.900643145,3.89,3.3,2.16,0.02422143400008281,0.037893438000082824,0.009828233999996883,3.7282703764614498,3.1077162032592356,1.8529705880018712
88.95289950799997,3.89,3.3,2.16,0.0764777970000523,0.09014980100005232,0.06208459699996638,3.7282703764614498,3.1077162032592356,1.8529705880018712
89.003007648,3.89,3.3,2.16,0.1265859370000726,0.1402579410000726,0.11219273699998666,3.7282703764614498,3.1077162032592356,1.8529705880018712
89.05313755800012,3.89,3.3,2.16,0.03191459900017435,0.04634721500019623,0.018351992000134487,3.7282703764614498,3.1077162032592356,1.8529705880018712
89.10325050400002,3.89,3.3,2.16,0.08202754500007359,0.09646016100009547,0.06846493800003373,3.7282703764614498,3.1077162032592356,1.8529705880018712
89.15337153399992,3.89,3.29,2.16,0.1321485749999738,0.002726937999796064,0.11858596799993393,3.7282703764614498,3.0970954134478967,1.8529705880018712
89.20351004200006,3.88,3.29,2.19,0.03857029499999953,0.052865445999941585,0.02473057800011702,3.717835391729978,3.0970954134478967,1.887855926706273
89.25361669800009,3.88,3.29,2.19,0.08867695100002493,0.10297210199996698,0.07483723400014242,3.717835391729978,3.0970954134478967,1.887855926706273
89.3039406790001,3.88,3.36,2.19,0.13900093200004449,0.009158830000160378,0.12516121500016197,3.717835391729978,3.171356176779896,1.887855926706273
89.35408407499995,3.88,3.36,2.13,0.04494397700000263,0.05930222599999979,0.030906010999842692,3.717835391729978,3.171356176779896,1.8179108889051738
89.40417991000004,3.88,3.36,2.13,0.09503981200009548,0.10939806100009264,0.08100184599993554,3.717835391729978,3.171356176779896,1.8179108889051738
89.45431398699998,3.89,3.36,2.13,0.0013267980000364332,0.014859973000056925,0.1311359229998743,3.7282703764614498,3.171356176779896,1.8179108889051738
89.50440206500002,3.89,3.36,2.16,0.05141487600008077,0.06494805100010126,0.03715743299994756,3.7282703764614498,3.171356176779896,1.8529705880018712
89.55457153299994,3.89,3.36,2.16,0.1015843440000026,0.1151175190000231,0.0873269009998694,3.7282703764614498,3.171356176779896,1.8529705880018712
89.60491058299999,3.87,3.42,2.16,0.00764595200007534,0.022265761999960887,0.13766595099991719,3.7073980093860976,3.2348570292982033,1.8529705880018712
89.6550593039999,3.87,3.42,2.14,0.057794672999989416,0.07241448299987496,0.04391696699985914,3.7073980093860976,3.2348570292982033,1.8296174463531987
89.7051800480001,3.87,3.42,2.14,0.1079154170001857,0.12253522700007125,0.09403771100005542,3.7073980093860976,3.2348570292982033,1.8296174463531987
89.75527321499999,3.89,3.46,2.16,0.01406546399994113,0.027943294999886348,0.0003785090000292257,3.7282703764614498,3.2771176359721967,1.8529705880018712
89.80539090599996,3.89,3.46,2.16,0.06418315499990968,0.07806098599985489,0.05049619999999777,3.7282703764614498,3.2771176359721967,1.8529705880018712
89.855480618,3.89,3.46,2.16,0.1142728669999542,0.12815069799989942,0.1005859120000423,3.7282703764614498,3.2771176359721967,1.8529705880018712
89.905868758,3.91,3.41,2.13,0.020609750999938115,0.034564821999993,0.006722214000092208,3.7491332331620333,3.2242828660029197,1.8179108889051738
89.95618046799996,3.91,3.41,2.13,0.07092146099989804,0.08487653199995293,0.05703392400005214,3.7491332331620333,3.2242828660029197,1.8179108889051738
90.00647773200012,3.91,3.41,2.13,0.12121872500006248,0.13517379600011736,0.10733118800021657,3.7491332331620333,3.2242828660029197,1.8179108889051738
90.05661507700006,3.91,3.41,2.13,0.17135607000000164,0.18531114100005652,0.15746853300015573,3.7491332331620333,3.2242828660029197,1.8179108889051738
90.10672608100003,3.91,3.41,2.13,0.22146707399997467,0.23542214500002956,0.20757953700012877,3.7491332331620333,3.2242828660029197,1.8179108889051738
90.15682484800004,3.91,3.41,2.13,0.27156584099998327,0.28552091200003815,0.25767830400013736,3.7491332331620333,3.2242828660029197,1.8179108889051738
90.20687356000008,3.89,3.39,2.14,0.033777557000121305,0.04779486200004612,0.020107896000126857,3.7282703764614498,3.2031234756093934,1.8296174463531987
90.25695425899994,3.89,3.39,2.14,0.08385825599998498,0.0978755609999098,0.07018859499999053,3.7282703764614498,3.2031234756093934,1.8296174463531987
90.307113803,3.89,3.36,2.14,0.13401780000003782,0.0038030230000458687,0.12034813900004337,3.7282703764614498,3.171356176779896,1.8296174463531987
90.35724597400008,3.86,3.36,2.14,0.04019902100003492,0.05393519400013247,0.02603100200008157,3.6969582091227373,3.171356176779896,1.8296174463531987
90.40736491200005,3.86,3.36,2.14,0.09031795900000361,0.10405413200010116,0.07614994000005026,3.6969582091227373,3.171356176779896,1.8296174463531987
90.45750535799993,3.86,3.4,2.14,0.14045840499989026,0.01024748500003625,0.12629038599993692,3.6969582091227373,3.2137050269120837,1.8296174463531987
90.50762486400004,3.88,3.4,2.12,0.046516280000105326,0.060366991000137205,0.032700294000051144,3.717835391729978,3.2137050269120837,1.8061838223170976
90.55776414000002,3.88,3.4,2.12,0.09665555600008702,0.1105062670001189,0.08283957000003284,3.717835391729978,3.2137050269120837,1.8061838223170976
90.60792169299998,3.89,3.41,2.12,0.0029866770000808174,0.016570432999969853,0.13299712299999555,3.7282703764614498,3.2242828660029197,1.8061838223170976
90.658225571,3.89,3.41,2.13,0.05329055500010327,0.0668743109999923,0.03906075300005796,3.7282703764614498,3.2242828660029197,1.8179108889051738
90.70835138899997,3.89,3.41,2.13,0.10341637300007278,0.11700012899996182,0.08918657100002747,3.7282703764614498,3.2242828660029197,1.8179108889051738
90.75856606899993,3.88,3.42,2.13,0.00932867400001669,0.02268717599986303,0.13940125099998113,3.717835391729978,3.2348570292982033,1.8179108889051738
90.80881257600004,3.88,3.42,2.15,0.059575181000127486,0.07293368299997383,0.04567498300002626,3.717835391729978,3.2348570292982033,1.8413038858374247
90.85893177999992,3.88,3.42,2.15,0.10969438500001161,0.12305288699985795,0.09579418699991038,3.717835391729978,3.2348570292982033,1.8413038858374247
90.90901505200009,3.87,3.4,2.14,0.016263016000038988,0.02995132800015199,0.0018052130001251498,3.7073980093860976,3.2137050269120837,1.8296174463531987
90.95912410599999,3.87,3.4,2.14,0.06637206999994305,0.08006038200005605,0.05191426700002921,3.7073980093860976,3.2137050269120837,1.8296174463531987
91.00921739699993,3.87,3.4,2.14,0.11646536099988225,0.13015367299999525,0.10200755799996841,3.7073980093860976,3.2137050269120837,1.8296174463531987
91.05935481200004,3.87,3.3,2.16,0.022094589000062115,0.03602920499997708,0.007940691999920091,3.7073980093860976,3.1077162032592356,1.8529705880018712
91.109472267,3.87,3.3,2.16,0.07221204400002534,0.08614665999994031,0.05805814699988332,3.7073980093860976,3.1077162032592356,1.8529705880018712
91.15980588399998,3.87,3.3,2.16,0.12254566100000375,0.13648027699991871,0.10839176399986172,3.7073980093860976,3.1077162032592356,1.8529705880018712
91.2101080760001,3.86,3.36,2.14,0.02884891400003653,0.04307457200002318,0.014616939000006823,3.6969582091227373,3.171356176779896,1.8296174463531987
91.26023891099999,3.86,3.36,2.14,0.07897974899992732,0.09320540699991398,0.06474777399989762,3.6969582091227373,3.171356176779896,1.8296174463531987
91.3103507840001,3.86,3.36,2.14,0.12909162200003266,0.1433172800000193,0.11485964700000295,3.6969582091227373,3.171356176779896,1.8296174463531987
91.360691632,3.91,3.38,2.16,0.03593628999988141,0.049527727999929994,0.021432366999988517,3.7491332331620333,3.1925381751828743,1.8529705880018712
91.41080882200004,3.91,3.38,2.16,0.08605347999991864,0.09964491799996722,0.07154955700002574,3.7491332331620333,3.1925381751828743,1.8529705880018712
91.46092393499998,3.91,3.36,2.16,0.13616859299986572,0.005544059999920137,0.12166466999997283,3.7491332331620333,3.171356176779896,1.8529705880018712
91.51125617000002,3.87,3.36,2.14,0.04225382399999944,0.05587629499996183,0.028061060000027283,3.7073980093860976,3.171356176779896,1.8296174463531987
91.56138013000009,3.87,3.36,2.14,0.09237778400006391,0.1060002550000263,0.07818502000009175,3.7073980093860976,3.171356176779896,1.8296174463531987
91.6114680579999,3.87,3.33,2.14,0.14246571199987557,0.012435746999926778,0.1282729479999034,3.7073980093860976,3.1395541084682708,1.8296174463531987
91.661794654,3.87,3.33,2.14,0.049027193000029,0.06276234300003125,0.034273693999921306,3.7073980093860976,3.1395541084682708,1.8296174463531987
91.71213492600009,3.87,3.33,2.14,0.09936746500011395,0.1131026150001162,0.08461396600000626,3.7073980093860976,3.1395541084682708,1.8296174463531987
91.76231355799996,3.87,3.38,2.14,0.004882004999899436,0.019237670999928014,0.1347925979998763,3.7073980093860976,3.1925381751828743,1.8296174463531987
91.81264730499993,3.87,3.38,2.14,0.05521575199986728,0.06957141799989586,0.04141381699992053,3.7073980093860976,3.1925381751828743,1.8296174463531987
91.8627927980001,3.87,3.38,2.14,0.10536124500004007,0.11971691100006865,0.09155931000009332,3.7073980093860976,3.1925381751828743,1.8296174463531987
91.91311577600004,3.88,3.35,2.14,0.011531208999940645,0.025797944000032658,0.14188228800003344,3.717835391729978,3.1607594024221455,1.8296174463531987
91.96327545600002,3.88,3.35,2.14,0.06169088899991948,0.07595762400001149,0.04774950000000899,3.717835391729978,3.1607594024221455,1.8296174463531987
92.013413119,3.88,3.35,2.14,0.11182855199990627,0.12609528699999828,0.09788716299999578,3.717835391729978,3.1607594024221455,1.8296174463531987
92.06349844300007,3.89,3.34,2.11,0.017902852000133862,0.03213505700000496,0.004243780000024344,3.7282703764614498,3.1501587261596833,1.794435844492636
92.11362138300001,3.89,3.34,2.11,0.0680257920000713,0.0822579969999424,0.05436671999996179,3.7282703764614498,3.1501587261596833,1.794435844492636
92.16400183399992,3.89,3.34,2.11,0.11840624299998126,0.13263844799985236,0.10474717099987174,3.7282703764614498,3.1501587261596833,1.794435844492636
92.21412065599998,3.87,3.34,2.11,0.024535425000067335,0.038435391999882995,0.010710173000006762,3.7073980093860976,3.1501587261596833,1.794435844492636
92.2643039510001,3.87,3.34,2.11,0.07471872000019175,0.08861868700000741,0.06089346800013118,3.7073980093860976,3.1501587261596833,1.794435844492636
92.31464825400008,3.87,3.34,2.11,0.12506302300016614,0.1389629899999818,0.11123777100010557,3.7073980093860976,3.1501587261596833,1.794435844492636
92.36480123199999,3.89,3.38,2.1,0.03129151300004196,0.045383615999980975,0.017288510000071255,3.7282703764614498,3.1925381751828743,1.7826665420094696
92.415132911,3.89,3.38,2.1,0.08162319200005186,0.09571529499999087,0.06762018900008115,3.7282703764614498,3.1925381751828743,1.7826665420094696
92.46527349899998,3.89,3.35,2.1,0.13176378000002842,0.0016074390000540006,0.11776077700005771,3.7282703764614498,3.1607594024221455,1.7826665420094696
92.5154338960001,3.86,3.35,2.16,0.038142897000170706,0.05176783600018098,0.02388111100003698,3.6969582091227373,3.1607594024221455,1.8529705880018712
92.56576333900011,3.86,3.35,2.16,0.08847234000018034,0.10209727900019061,0.07421055400004661,3.6969582091227373,3.1607594024221455,1.8529705880018712
92.61610098000006,3.86,3.36,2.16,0.1388099810001222,0.008453620999944178,0.12454819499998848,3.6969582091227373,3.171356176779896,1.8529705880018712
92.66622368100002,3.9,3.36,2.13,0.04459617599991361,0.05857632199990803,0.030721294999921156,3.73870298365623,3.171356176779896,1.8179108889051738
92.71655143599992,3.9,3.36,2.13,0.094923930999812,0.10890407699980642,0.08104904999981954,3.73870298365623,3.171356176779896,1.8179108889051738
92.76665067199997,3.88,3.34,2.13,0.0013228959999196377,0.015162063999923703,0.1311482859998705,3.717835391729978,3.1501587261596833,1.8179108889051738
92.81677696499992,3.88,3.34,2.16,0.051449188999868056,0.06528835699987212,0.03725927599998613,3.717835391729978,3.1501587261596833,1.8529705880018712
92.86687862100007,3.88,3.34,2.16,0.10155084500001976,0.11539001300002383,0.08736093200013784,3.717835391729978,3.1501587261596833,1.8529705880018712
92.91715916599992,3.87,3.36,2.16,0.007800908999797684,0.021474874999967142,0.1376414769999883,3.7073980093860976,3.171356176779896,1.8529705880018712
92.96730436400003,3.87,3.36,2.19,0.05794610699990699,0.07162007300007645,0.04405228700011321,3.7073980093860976,3.171356176779896,1.887855926706273
93.01763879700002,3.87,3.36,2.19,0.10828053999989606,0.12195450600006552,0.09438672000010229,3.7073980093860976,3.171356176779896,1.887855926706273
93.06776665699999,3.87,3.36,2.19,0.1584083999998711,0.17208236600004057,0.14451458000007733,3.7073980093860976,3.171356176779896,1.887855926706273
93.11789561199998,3.87,3.36,2.19,0.20853735499986215,0.2222113210000316,0.19464353500006837,3.7073980093860976,3.171356176779896,1.887855926706273
93.16819075900003,3.87,3.36,2.19,0.2588325019999047,0.27250646800007416,0.24493868200011093,3.7073980093860976,3.171356176779896,1.887855926706273
93.21830935899993,3.88,3.38,2.16,0.02092837899999722,0.03481913899986466,0.007075433999943925,3.717835391729978,3.1925381751828743,1.8529705880018712
93.26842513499992,3.88,3.38,2.16,0.0710441549999814,0.08493491499984884,0.057191209999928105,3.717835391729978,3.1925381751828743,1.8529705880018712
93.3187636319999,3.88,3.38,2.16,0.12138265199996567,0.13527341199983312,0.10752970699991238,3.717835391729978,3.1925381751828743,1.8529705880018712
93.36909576400012,3.87,3.33,2.16,0.027464867000162485,0.04161681900018266,0.013797540000041408,3.7073980093860976,3.1395541084682708,1.8529705880018712
93.41932966400009,3.87,3.33,2.16,0.07769876700012901,0.09185071900014918,0.06403144000000793,3.7073980093860976,3.1395541084682708,1.8529705880018712
93.46947103399998,3.87,3.33,2.16,0.12784013700002106,0.14199208900004123,0.11417280999989998,3.7073980093860976,3.1395541084682708,1.8529705880018712
93.51963214600005,3.88,3.35,2.14,0.034013210000011895,0.04820204700013164,0.0203690150001421,3.717835391729978,3.1607594024221455,1.8296174463531987
93.5697374020001,3.88,3.35,2.14,0.08411846600006356,0.09830730300018331,0.07047427100019377,3.717835391729978,3.1607594024221455,1.8296174463531987
93.6200683699999,3.88,3.41,2.14,0.13444943399986187,0.004361607999953776,0.12080523899999207,3.717835391729978,3.2242828660029197,1.8296174463531987
93.67021164199991,3.88,3.41,2.16,0.0406699899999694,0.05450487999996767,0.026581754999824625,3.717835391729978,3.2242828660029197,1.8529705880018712
93.72035447000007,3.88,3.41,2.16,0.0908128180001313,0.10464770800012957,0.07672458299998652,3.717835391729978,3.2242828660029197,1.8529705880018712
93.77048724700012,3.88,3.41,2.16,0.14094559500017567,0.011277324000047884,0.1268573600000309,3.717835391729978,3.2242828660029197,1.8529705880018712
93.82088483999996,3.89,3.41,2.13,0.04728243799991105,0.06167491699989114,0.03310112099984508,3.7282703764614498,3.2242828660029197,1.8179108889051738
93.87101296500009,3.89,3.41,2.13,0.09741056300003947,0.11180304200001956,0.0832292459999735,3.7282703764614498,3.2242828660029197,1.8179108889051738
93.92125200999999,3.86,3.39,2.13,0.0036125050000919146,0.01786195999989104,0.1334682909998719,3.6969582091227373,3.2031234756093934,1.8179108889051738
93.971421942,3.86,3.39,2.17,0.053782437000108985,0.06803189199990811,0.03954814200005785,3.6969582091227373,3.2031234756093934,1.8646179233290663
94.02152717100012,3.86,3.39,2.17,0.10388766600021881,0.11813712100001794,0.08965337100016768,3.6969582091227373,3.2031234756093934,1.8646179233290663
94.07164453299993,3.87,3.35,2.17,0.009965873999817632,0.024128684999823236,0.13977073299997755,3.7073980093860976,3.1607594024221455,1.8646179233290663
94.12177129399993,3.87,3.35,2.16,0.060092634999818983,0.07425544599982459,0.0462568079999528,3.7073980093860976,3.1607594024221455,1.8529705880018712
94.17211842699999,3.87,3.35,2.16,0.11043976799987831,0.12460257899988392,0.09660394100001213,3.7073980093860976,3.1607594024221455,1.8529705880018712
94.2224663689999,3.88,3.32,2.15,0.016836226999885184,0.03106175999982952,0.002560887999834449,3.717835391729978,3.128945509273052,1.8413038858374247
94.27277123499994,3.88,3.32,2.15,0.06714109299991833,0.08136662599986266,0.05286575399986759,3.717835391729978,3.128945509273052,1.8413038858374247
94.32307238900012,3.88,3.32,2.15,0.11744224700009909,0.13166778000004342,0.10316690800004835,3.717835391729978,3.128945509273052,1.8413038858374247
94.37323575699997,3.86,3.34,2.15,0.023619911999958276,0.03762723999989248,0.009281254999905286,3.6969582091227373,3.1501587261596833,1.8413038858374247
94.423579238,3.86,3.34,2.15,0.07396339299998544,0.08797072099991965,0.059624735999932454,3.6969582091227373,3.1501587261596833,1.8413038858374247
94.47371481699997,3.86,3.34,2.15,0.12409897199995612,0.13810629999989033,0.10976031499990313,3.6969582091227373,3.1501587261596833,1.8413038858374247
94.52403474099992,3.92,3.35,2.18,0.030037458999913724,0.04455170799997177,0.01610995299984097,3.7595611446018533,3.1607594024221455,1.8762462524945922
94.57416497200006,3.92,3.35,2.18,0.08016769000005297,0.09468193900011102,0.06624018399998022,3.7595611446018533,3.1607594024221455,1.8762462524945922
94.62426249999999,3.92,3.31,2.18,0.1302652179999768,0.0008938729999954376,0.11633771199990406,3.7595611446018533,3.118332887938682,1.8762462524945922
94.67453717900003,3.88,3.31,2.14,0.03699754700005542,0.05116855200003556,0.022840069000039875,3.717835391729978,3.118332887938682,1.8296174463531987
94.724643324,3.88,3.31,2.14,0.08710369200002788,0.10127469700000802,0.07294621400001233,3.717835391729978,3.118332887938682,1.8296174463531987
94.77475036800001,3.88,3.41,2.14,0.13721073600004274,0.00694744699990224,0.1230532580000272,3.717835391729978,3.2242828660029197,1.8296174463531987
94.82482788099992,3.84,3.41,2.11,0.043148019000000204,0.057024959999807834,0.02920437599982506,3.676071272432024,3.2242828660029197,1.794435844492636
94.87491509300003,3.84,3.41,2.11,0.09323523100010789,0.10711217199991552,0.07929158799993274,3.676071272432024,3.2242828660029197,1.794435844492636
94.92500758699998,3.84,3.43,2.11,0.14332772500006286,0.013374994000059814,0.1293840819998877,3.676071272432024,3.245427552727067,1.794435844492636
94.97534496799994,3.89,3.43,2.17,0.049853515999984666,0.0637123750000228,0.03543402499985859,3.7282703764614498,3.245427552727067,1.8646179233290663
95.02548997400004,3.89,3.43,2.17,0.09999852200007808,0.11385738100011622,0.08557903099995201,3.7282703764614498,3.245427552727067,1.8646179233290663
95.07567656300012,3.86,3.38,2.17,0.006008879000091838,0.019874932000220724,0.13576562000002923,3.6969582091227373,3.1925381751828743,1.8646179233290663
95.1259251250001,3.86,3.38,2.17,0.056257441000070685,0.07012349400019957,0.04235785900004885,3.6969582091227373,3.1925381751828743,1.8646179233290663
95.17605105100006,3.86,3.38,2.17,0.10638336700003492,0.12024942000016381,0.09248378500001309,3.6969582091227373,3.1925381751828743,1.8646179233290663
95.22613557299997,3.84,3.35,2.17,0.0126576440000008,0.02642244399999072,0.14256830699991951,3.676071272432024,3.1607594024221455,1.8646179233290663
95.27624700000001,3.84,3.35,2.15,0.06276907100004792,0.07653387100003783,0.04895785899998373,3.676071272432024,3.1607594024221455,1.8413038858374247
95.32635556900004,3.84,3.35,2.15,0.11287764000007883,0.12664244000006875,0.09906642800001464,3.676071272432024,3.1607594024221455,1.8413038858374247
95.37647132100005,3.87,3.43,2.16,0.018832058000043617,0.032729898000070534,0.0051173800000015035,3.7073980093860976,3.245427552727067,1.8529705880018712
95.42675784800008,3.87,3.43,2.16,0.06911858500006929,0.0830164250000962,0.055403907000027175,3.7073980093860976,3.245427552727067,1.8529705880018712
95.47690082400004,3.87,3.43,2.16,0.11926156100003027,0.1331594010000572,0.10554688299998816,3.7073980093860976,3.245427552727067,1.8529705880018712
95.52703777500005,3.87,3.39,2.18,0.025058097000055568,0.03925761799996508,0.011395667999977377,3.7073980093860976,3.2031234756093934,1.8762462524945922
95.5771488360001,3.87,3.39,2.18,0.07516915800010793,0.08936867900001744,0.061506729000029736,3.7073980093860976,3.2031234756093934,1.8762462524945922
95.62726055999997,3.87,3.39,2.18,0.12528088199997,0.13948040299987952,0.11161845299989182,3.7073980093860976,3.2031234756093934,1.8762462524945922
95.67775744699998,3.89,3.33,2.16,0.031703166999932364,0.045690861999901244,0.01775512900007925,3.7282703764614498,3.1395541084682708,1.8529705880018712
95.72808890400006,3.89,3.33,2.16,0.08203462400001627,0.09602231899998515,0.06808658600016315,3.7282703764614498,3.1395541084682708,1.8529705880018712
95.77823262400011,3.89,3.39,2.16,0.13217834400006723,0.0022858100001030834,0.11823030600021411,3.7282703764614498,3.2031234756093934,1.8529705880018712
95.82834523099996,3.89,3.39,2.16,0.0386145499999202,0.052398416999949404,0.024692287999869222,3.7282703764614498,3.2031234756093934,1.8529705880018712
95.87867746200004,3.89,3.39,2.16,0.0889467810000042,0.1027306480000334,0.07502451899995322,3.7282703764614498,3.2031234756093934,1.8529705880018712
95.92899464600009,3.89,3.44,2.16,0.13926396500005467,0.00927010300006259,0.1253417030000037,3.7282703764614498,3.255994471739778,1.8529705880018712
95.97933659599994,3.88,3.44,2.14,0.04533886299986989,0.05961205299990979,0.031662754999842946,3.717835391729978,3.255994471739778,1.8296174463531987
96.02963229200009,3.88,3.44,2.14,0.09563455900001827,0.10990774900005817,0.08195845099999133,3.717835391729978,3.255994471739778,1.8296174463531987
96.07995123199998,3.88,3.44,2.14,0.1459534989999156,0.1602266889999555,0.13227739099988867,3.717835391729978,3.255994471739778,1.8296174463531987
96.13007670699994,3.88,3.44,2.14,0.1960789739998745,0.2103521639999144,0.18240286599984756,3.717835391729978,3.255994471739778,1.8296174463531987
96.18041380099999,3.88,3.44,2.14,0.24641606799991678,0.2606892579999567,0.23273995999988983,3.717835391729978,3.255994471739778,1.8296174463531987
96.23286277700004,3.86,3.36,2.14,0.010309758999937912,0.020858450000105222,0.28518893599994044,3.6969582091227373,3.171356176779896,1.8296174463531987
96.28385720999995,3.86,3.36,2.16,0.061304191999852264,0.07185288300001957,0.04821507999986352,3.6969582091227373,3.171356176779896,1.8529705880018712
96.33394111300004,3.86,3.36,2.16,0.1113880949999384,0.12193678600010571,0.09829898299994966,3.6969582091227373,3.171356176779896,1.8529705880018712
96.38402650700004,3.88,3.31,2.12,0.01805092099993999,0.03248938900014764,0.004050549000112369,3.717835391729978,3.118332887938682,1.8061838223170976
96.43437093300008,3.88,3.31,2.12,0.06839534699997785,0.0828338150001855,0.054394975000150225,3.717835391729978,3.118332887938682,1.8061838223170976
96.48469285700003,3.88,3.31,2.12,0.11871727099992313,0.13315573900013078,0.10471689900009551,3.717835391729978,3.118332887938682,1.8061838223170976
96.53501458000005,3.87,3.43,2.13,0.025333585999987918,0.03905802400004177,0.010803081999938513,3.7073980093860976,3.245427552727067,1.8179108889051738
96.585117029,3.87,3.43,2.13,0.07543603499993878,0.08916047299999263,0.06090553099988938,3.7073980093860976,3.245427552727067,1.8179108889051738
96.63525731699997,3.87,3.43,2.13,0.12557632299990473,0.13930076099995858,0.11104581899985533,3.7073980093860976,3.245427552727067,1.8179108889051738
96.685597615,3.84,3.35,2.14,0.031291857000042,0.045479545000034705,0.017452129000048444,3.676071272432024,3.1607594024221455,1.8296174463531987
96.73569402900011,3.84,3.35,2.14,0.08138827100015078,0.09557595900014348,0.06754854300015722,3.676071272432024,3.1607594024221455,1.8296174463531987
96.78578220100007,3.84,3.42,2.14,0.13147644300011052,0.0020712010000352166,0.11763671500011696,3.676071272432024,3.2348570292982033,1.8296174463531987
96.835893618,3.87,3.42,2.16,0.037882143999922846,0.05218261799996071,0.023743668999941292,3.7073980093860976,3.2348570292982033,1.8529705880018712
96.88610986899994,3.87,3.42,2.16,0.08809839499986083,0.1023988689998987,0.07395991999987928,3.7073980093860976,3.2348570292982033,1.8529705880018712
96.93635231500002,3.87,3.34,2.16,0.1383408409999447,0.008286536000014166,0.12420236599996315,3.7073980093860976,3.1501587261596833,1.8529705880018712
96.98652973499998,3.87,3.34,2.17,0.044321657999944364,0.058463955999968675,0.030567001999997956,3.7073980093860976,3.1501587261596833,1.8646179233290663
97.03668486600009,3.87,3.34,2.17,0.09447678900005485,0.10861908700007916,0.08072213300010844,3.7073980093860976,3.1501587261596833,1.8646179233290663
97.08700221999993,3.88,3.41,2.17,0.0009385989999373123,0.01508062399989285,0.13103948699995271,3.717835391729978,3.2242828660029197,1.8646179233290663
97.13710716500009,3.88,3.41,2.19,0.0510435440000947,0.06518556900005024,0.03698068900007456,3.717835391729978,3.2242828660029197,1.887855926706273
97.18744563399991,3.88,3.41,2.19,0.10138201299992033,0.11552403799987587,0.0873191579999002,3.717835391729978,3.2242828660029197,1.887855926706273
97.23763687900009,3.87,3.38,2.19,0.00734023200016054,0.021260428999994474,0.13751040300007844,3.7073980093860976,3.1925381751828743,1.887855926706273
97.28795727700003,3.87,3.38,2.14,0.057660630000100355,0.07158082699993429,0.04391787999998087,3.7073980093860976,3.1925381751828743,1.8296174463531987
97.33807637199993,3.87,3.38,2.14,0.10777972500000033,0.12169992199983426,0.09403697499988084,3.7073980093860976,3.1925381751828743,1.8296174463531987
97.38987661600004,3.89,3.4,2.19,0.015848151999989568,0.02967682700000296,2.6460000071892864e-05,3.7282703764614498,3.2137050269120837,1.887855926706273
97.44020381399991,3.89,3.4,2.19,0.06617534999986674,0.08000402499988013,0.050353657999949064,3.7282703764614498,3.2137050269120837,1.887855926706273
97.49042205699993,3.89,3.4,2.19,0.11639359299988428,0.13022226799989767,0.1005719009999666,3.7282703764614498,3.2137050269120837,1.887855926706273
97.54076923299999,3.88,3.33,2.2,0.02248547099998177,0.036375778000092396,0.008556090999945809,3.717835391729978,3.1395541084682708,1.89944728802881
97.59092293699996,3.88,3.33,2.2,0.07263917499994932,0.08652948200005994,0.058709794999913356,3.717835391729978,3.1395541084682708,1.89944728802881
97.641035461,3.88,3.33,2.2,0.12275169899999128,0.1366420060001019,0.10882231899995531,3.717835391729978,3.1395541084682708,1.89944728802881
97.69116684799997,3.89,3.42,2.12,0.02883569699997679,0.043067428999847834,0.014925265999863768,3.7282703764614498,3.2348570292982033,1.8061838223170976
97.7415162310001,3.89,3.42,2.12,0.0791850800001157,0.09341681199998675,0.06527464900000268,3.7282703764614498,3.2348570292982033,1.8061838223170976
97.7917501500001,3.89,3.42,2.12,0.12941899900010867,0.14365073099997971,0.11550856799999565,3.7282703764614498,3.2348570292982033,1.8061838223170976
97.84205600700011,3.87,3.35,2.11,0.03610491700010243,0.04979000700018332,0.0222698439999931,3.7073980093860976,3.1607594024221455,1.794435844492636
97.8921859919999,3.87,3.35,2.11,0.08623490199988737,0.09991999199996826,0.07239982899977804,3.7073980093860976,3.1607594024221455,1.794435844492636
97.94231810199994,3.87,3.41,2.11,0.13636701199993695,0.005925994999870454,0.12253193899982762,3.7073980093860976,3.2242828660029197,1.794435844492636
97.9924374960001,3.87,3.41,2.1,0.18648640600008548,0.056045389000018986,0.02821858200013594,3.7073980093860976,3.2242828660029197,1.7826665420094696
98.04255153200006,3.87,3.41,2.1,0.2366004420000536,0.1061594249999871,0.07833261800010405,3.7073980093860976,3.2242828660029197,1.7826665420094696
98.09270700000002,3.87,3.41,2.1,0.28675591000001077,0.15631489299994428,0.12848808600006123,3.7073980093860976,3.2242828660029197,1.7826665420094696
98.14290367100011,3.87,3.41,2.1,0.33695258100010506,0.20651156400003856,0.17868475700015551,3.7073980093860976,3.2242828660029197,1.7826665420094696
98.19326894599999,3.87,3.41,2.1,0.3873178559999815,0.256876838999915,0.22905003200003193,3.7073980093860976,3.2242828660029197,1.7826665420094696
98.24363743599997,3.88,3.35,2.1,0.0053251110000474,0.01951303900000312,0.2794185220000145,3.717835391729978,3.1607594024221455,1.7826665420094696
98.29396741999994,3.88,3.35,2.18,0.05565509500002008,0.0698430229999758,0.042023431999950844,3.717835391729978,3.1607594024221455,1.8762462524945922
98.34409927000002,3.88,3.35,2.18,0.10578694500009078,0.1199748730000465,0.09215528200002154,3.717835391729978,3.1607594024221455,1.8762462524945922
98.39421931600009,3.89,3.35,2.18,0.011979447000157961,0.025961303000030966,0.14227532800009612,3.7282703764614498,3.1607594024221455,1.8762462524945922
98.44435698400002,3.89,3.35,2.14,0.06211711500009187,0.07609897099996488,0.04843762600012269,3.7282703764614498,3.1607594024221455,1.8296174463531987
98.49447239699998,3.89,3.35,2.14,0.11223252800004957,0.12621438399992257,0.09855303900008039,3.7282703764614498,3.1607594024221455,1.8296174463531987
98.54460095900004,3.88,3.32,2.15,0.018380619000026854,0.03252145700002984,0.004588103000060073,3.717835391729978,3.128945509273052,1.8413038858374247
98.59471130599991,3.88,3.32,2.15,0.06849096599989934,0.08263180399990233,0.054698449999932564,3.717835391729978,3.128945509273052,1.8413038858374247
98.64482418900002,3.88,3.32,2.15,0.11860384900001009,0.13274468700001307,0.1048113330000433,3.717835391729978,3.128945509273052,1.8413038858374247
98.695163224,3.88,3.45,2.14,0.025339163999888115,0.03777705900006367,0.010693815999957224,3.717835391729978,3.266557821315888,1.8296174463531987
98.7454627059999,3.88,3.45,2.14,0.07563864599978842,0.08807654099996398,0.06099329799985753,3.717835391729978,3.266557821315888,1.8296174463531987
98.79561578500011,3.88,3.45,2.14,0.12579172499999913,0.1382296200001747,0.11114637700006824,3.717835391729978,3.266557821315888,1.8296174463531987
98.8459079920001,3.89,3.35,2.2,0.03159083200011992,0.04553122700008316,0.017321928000001208,3.7282703764614498,3.1607594024221455,1.89944728802881
98.896025108,3.89,3.35,2.2,0.08170794800003023,0.09564834299999347,0.06743904399991152,3.7282703764614498,3.1607594024221455,1.89944728802881
98.94616212100004,3.89,3.39,2.2,0.13184496100006982,0.002042399999936606,0.1175760569999511,3.7282703764614498,3.2031234756093934,1.89944728802881
98.99632140299991,3.86,3.39,2.18,0.03801332799980628,0.05220168199980435,0.024085900999807563,3.6969582091227373,3.2031234756093934,1.8762462524945922
99.046659503,3.86,3.39,2.18,0.08835142799989626,0.10253978199989433,0.07442400099989754,3.6969582091227373,3.2031234756093934,1.8762462524945922
99.09680294400005,3.86,3.39,2.18,0.1384948689999419,0.15268322299993997,0.12456744199994318,3.6969582091227373,3.2031234756093934,1.8762462524945922
99.14691280200009,3.86,3.39,2.18,0.18860472699998354,0.2027930809999816,0.17467729999998483,3.6969582091227373,3.2031234756093934,1.8762462524945922
99.1970198649999,3.86,3.39,2.18,0.23871178999979747,0.25290014399979555,0.22478436299979876,3.6969582091227373,3.2031234756093934,1.8762462524945922
99.247159281,3.9,3.42,2.18,0.0005067439999493217,0.014841869000065344,0.2749237789998915,3.73870298365623,3.2348570292982033,1.8762462524945922
99.29728086399996,3.9,3.42,2.15,0.05062832699991304,0.06496345200002906,0.036790558999882705,3.73870298365623,3.2348570292982033,1.8413038858374247
99.34759609299999,3.9,3.42,2.15,0.10094355599994742,0.11527868100006344,0.08710578799991708,3.73870298365623,3.2348570292982033,1.8413038858374247
99.39773248699998,3.87,3.39,2.15,0.007331120999879204,0.021631126999864136,0.137242181999909,3.7073980093860976,3.2031234756093934,1.8413038858374247
99.44807415600008,3.87,3.39,2.15,0.05767278999996961,0.07197279599995454,0.043690211000011914,3.7073980093860976,3.2031234756093934,1.8413038858374247
99.4982062260001,3.87,3.39,2.15,0.10780485999998746,0.12210486599997239,0.09382228100002976,3.7073980093860976,3.2031234756093934,1.8413038858374247
99.54831600200009,3.88,3.38,2.15,0.013909642000044187,0.028192382000042926,0.1439320570000291,3.717835391729978,3.1925381751828743,1.8413038858374247
99.59863059000008,3.88,3.38,2.14,0.06422423000003619,0.07850697000003493,0.050092409000171756,3.717835391729978,3.1925381751828743,1.8296174463531987
99.64896481599999,3.88,3.38,2.14,0.11455845599994063,0.12884119599993937,0.1004266350000762,3.717835391729978,3.1925381751828743,1.8296174463531987
99.69905750299995,3.88,3.34,2.11,0.020400943999902665,0.034345926000014515,0.006801618000054077,3.717835391729978,3.1501587261596833,1.794435844492636
99.74916718999998,3.88,3.34,2.11,0.07051063099993371,0.08445561300004556,0.05691130500008512,3.717835391729978,3.1501587261596833,1.794435844492636
99.79930861100001,3.88,3.34,2.11,0.12065205199996853,0.13459703400008038,0.10705272600011995,3.717835391729978,3.1501587261596833,1.794435844492636
99.84948593900003,3.88,3.34,2.15,0.02708020799991573,0.04077813399999286,0.013176456000110193,3.717835391729978,3.1501587261596833,1.8413038858374247
99.8997912960001,3.88,3.34,2.15,0.07738556499998595,0.09108349100006308,0.06348181300018041,3.717835391729978,3.1501587261596833,1.8413038858374247
99.95001790800006,3.88,3.34,2.15,0.12761217699994631,0.14131010300002345,0.11370842500014078,3.717835391729978,3.1501587261596833,1.8413038858374247
100.00013996200005,3.89,3.35,2.14,0.03350139899998794,0.04775212200001988,0.019803854999963733,3.7282703764614498,3.1607594024221455,1.8296174463531987
100.05027938400008,3.89,3.35,2.14,0.08364082100001724,0.09789154400004918,0.06994327699999303,3.7282703764614498,3.1607594024221455,1.8296174463531987
100.10038055600012,3.89,3.36,2.14,0.13374199300005785,0.003933025000151247,0.12004444900003364,3.7282703764614498,3.171356176779896,1.8296174463531987
100.15052063600001,3.87,3.36,2.16,0.04020075199991879,0.05407310500004314,0.026421356999890122,3.7073980093860976,3.171356176779896,1.8529705880018712
100.20065288199999,3.87,3.36,2.16,0.09033299799989436,0.10420535100001871,0.07655360299986569,3.7073980093860976,3.171356176779896,1.8529705880018712
100.25081857100008,3.87,3.42,2.16,0.14049868699999024,0.010672544000044581,0.12671929199996157,3.7073980093860976,3.2348570292982033,1.8529705880018712
100.30106960700004,3.91,3.42,2.15,0.0466792219999661,0.06092358000000786,0.03251907599997139,3.7491332331620333,3.2348570292982033,1.8413038858374247
100.351370439,3.91,3.42,2.15,0.09698005399991416,0.11122441199995592,0.08281990799991945,3.7491332331620333,3.2348570292982033,1.8413038858374247
100.4014993589999,3.88,3.43,2.15,0.003061028999809423,0.017103744999985793,0.13294882799982588,3.717835391729978,3.245427552727067,1.8413038858374247
100.45161911700006,3.88,3.43,2.17,0.05318078699997386,0.06722350300015023,0.03906348999998954,3.717835391729978,3.245427552727067,1.8646179233290663
100.50173873199992,3.88,3.43,2.17,0.10330040199983159,0.11734311800000796,0.08918310499984727,3.717835391729978,3.245427552727067,1.8646179233290663
100.552070404,3.87,3.36,2.17,0.009750279999934719,0.02336250200005452,0.1395147769999312,3.7073980093860976,3.171356176779896,1.8646179233290663
100.60218884799997,3.87,3.36,2.17,0.059868723999898066,0.07348094600001787,0.04563796699994782,3.7073980093860976,3.171356176779896,1.8646179233290663
100.65250311599993,3.87,3.36,2.17,0.11018299199986359,0.12379521399998339,0.09595223499991334,3.7073980093860976,3.171356176779896,1.8646179233290663
100.70262626599992,3.87,3.35,2.14,0.016313508999928672,0.030167777999849932,0.0025767129998257587,3.7073980093860976,3.1607594024221455,1.8296174463531987
100.75277187000006,3.87,3.35,2.14,0.06645911300006446,0.08031338199998572,0.05272231699996155,3.7073980093860976,3.1607594024221455,1.8296174463531987
100.80308051199995,3.87,3.35,2.14,0.11676775499995529,0.13062202399987655,0.10303095899985237,3.7073980093860976,3.1607594024221455,1.8296174463531987
100.8534086279999,3.88,3.45,2.16,0.02274742199983848,0.036644856999828335,0.008977525999853242,3.717835391729978,3.266557821315888,1.8529705880018712
100.90352910899992,3.88,3.45,2.16,0.07286790299986023,0.08676533799985009,0.059098006999875,3.717835391729978,3.266557821315888,1.8529705880018712
100.953880927,3.88,3.45,2.16,0.12321972099994127,0.13711715599993113,0.10944982499995604,3.717835391729978,3.266557821315888,1.8529705880018712
101.00401297600001,3.9,3.42,2.14,0.029715281000108007,0.043396432000008645,0.015900018999900567,3.73870298365623,3.2348570292982033,1.8296174463531987
101.05435035100004,3.9,3.42,2.14,0.08005265600013445,0.09373380700003509,0.06623739399992701,3.73870298365623,3.2348570292982033,1.8296174463531987
101.1044453689999,3.9,3.38,2.14,0.13014767399999982,6.591399983335577e-05,0.11633241199979238,3.73870298365623,3.1925381751828743,1.8296174463531987
101.15456119800001,3.88,3.38,2.16,0.035968412000102035,0.05018174299993916,0.021995907000018633,3.717835391729978,3.1925381751828743,1.8529705880018712
101.204904682,3.88,3.38,2.16,0.08631189600009748,0.1005252269999346,0.07233939100001407,3.717835391729978,3.1925381751828743,1.8529705880018712
101.25500639100005,3.88,3.42,2.16,0.13641360500014343,0.006633995000129289,0.12244110000006003,3.717835391729978,3.2348570292982033,1.8529705880018712
101.30518823600005,3.86,3.42,2.15,0.04280860099993333,0.05681584000012663,0.028665929999988293,3.6969582091227373,3.2348570292982033,1.8413038858374247
101.35530155300012,3.86,3.42,2.15,0.09292191800000182,0.10692915700019512,0.07877924700005678,3.6969582091227373,3.2348570292982033,1.8413038858374247
101.40543052399994,3.86,3.34,2.15,0.14305088899982366,0.012944456000013815,0.12890821799987862,3.6969582091227373,3.1501587261596833,1.8413038858374247
101.45554242799994,3.88,3.34,2.18,0.049234053999953176,0.06305636000001869,0.034563535999950545,3.717835391729978,3.1501587261596833,1.8762462524945922
101.50588985700006,3.88,3.34,2.18,0.09958148300006542,0.11340378900013093,0.08491096500006279,3.717835391729978,3.1501587261596833,1.8762462524945922
101.55610915200009,3.89,3.44,2.18,0.0054838210000980325,0.0194086999999854,0.13513026000009631,3.7282703764614498,3.255994471739778,1.8762462524945922
101.60646404499994,3.89,3.44,2.16,0.055838713999946776,0.06976359299983415,0.041718546999845785,3.7282703764614498,3.255994471739778,1.8529705880018712
101.65679524699999,3.89,3.44,2.16,0.10616991599999892,0.12009479499988629,0.09204974899989793,3.7282703764614498,3.255994471739778,1.8529705880018712
101.707138257,3.88,3.35,2.16,0.012792365999985122,0.026774351000085517,0.1423927589999039,3.717835391729978,3.1607594024221455,1.8529705880018712
101.75728150500004,3.88,3.35,2.18,0.06293561400002545,0.07691759900012585,0.048593293000067206,3.717835391729978,3.1607594024221455,1.8762462524945922
101.80746284800011,3.88,3.35,2.18,0.11311695700010205,0.12709894200020244,0.0987746360001438,3.717835391729978,3.1607594024221455,1.8762462524945922
101.85757479600011,3.88,3.45,2.12,0.018567027000017333,0.032926880000104575,0.0045494620001136354,3.717835391729978,3.266557821315888,1.8061838223170976
101.90772022700003,3.88,3.45,2.12,0.0687124579999363,0.08307231100002355,0.05469489300003261,3.717835391729978,3.266557821315888,1.8061838223170976
101.95786254099994,3.88,3.45,2.12,0.11885477199984962,0.13321462499993686,0.10483720699994592,3.717835391729978,3.266557821315888,1.8061838223170976
102.0080578919999,3.87,3.32,2.18,0.02539901699992697,0.039735697999958575,0.011040304999824002,3.7073980093860976,3.128945509273052,1.8762462524945922
102.05816308299995,3.87,3.32,2.18,0.07550420799998392,0.08984088900001552,0.06114549599988095,3.7073980093860976,3.128945509273052,1.8762462524945922
102.10845397699995,3.87,3.32,2.18,0.12579510199998367,0.14013178300001528,0.1114363899998807,3.7073980093860976,3.128945509273052,1.8762462524945922
102.1585919449999,3.87,3.32,2.18,0.1759330699999282,0.1902697509999598,0.16157435799982522,3.7073980093860976,3.128945509273052,1.8762462524945922
102.2086991189999,3.87,3.32,2.18,0.2260402439999325,0.2403769249999641,0.21168153199982953,3.7073980093860976,3.128945509273052,1.8762462524945922
102.25885572400011,3.87,3.35,2.18,0.27619684900014363,0.0017498320000868262,0.26183813700004066,3.7073980093860976,3.1607594024221455,1.8762462524945922
102.30908444500005,3.86,3.35,2.16,0.03837704000011399,0.051978553000026295,0.024552260000064052,3.6969582091227373,3.1607594024221455,1.8529705880018712
102.35919398100009,3.86,3.35,2.16,0.08848657600015031,0.10208808900006261,0.07466179600010037,3.6969582091227373,3.1607594024221455,1.8529705880018712
102.409313484,3.86,3.38,2.16,0.13860607900005562,0.008420512999919083,0.12478129900000567,3.6969582091227373,3.1925381751828743,1.8529705880018712
102.45943321100003,3.88,3.38,2.16,0.04464332900010959,0.05854023999995661,0.0304968180000742,3.717835391729978,3.1925381751828743,1.8529705880018712
102.50976604099992,3.88,3.38,2.16,0.094976158999998,0.10887306999984503,0.08082964799996262,3.717835391729978,3.1925381751828743,1.8529705880018712
102.55991482800005,3.89,3.42,2.16,0.0012289040000723617,0.014846454000007725,0.1309784350000882,3.7282703764614498,3.2348570292982033,1.8529705880018712
102.610095881,3.89,3.42,2.14,0.05140995700003259,0.06502750699996795,0.03753260799999225,3.7282703764614498,3.2348570292982033,1.8296174463531987
102.6602389300001,3.89,3.42,2.14,0.10155300600013106,0.11517055600006643,0.08767565700009072,3.7282703764614498,3.2348570292982033,1.8296174463531987
102.7105840690001,3.87,3.34,2.14,0.007599904000016977,0.021524571000099968,0.13802079600009165,3.7073980093860976,3.1501587261596833,1.8296174463531987
102.76072411199993,3.87,3.34,2.16,0.057739946999845415,0.0716646139999284,0.04381273599983615,3.7073980093860976,3.1501587261596833,1.8529705880018712
102.81100399999991,3.87,3.34,2.16,0.1080198349998227,0.1219445019999057,0.09409262399981344,3.7073980093860976,3.1501587261596833,1.8529705880018712
102.86109553699998,3.86,3.36,2.12,0.014358212999923126,0.027977784000086103,0.00020672799996646063,3.6969582091227373,3.171356176779896,1.8061838223170976
102.91121664899993,3.86,3.36,2.12,0.06447932499986564,0.07809889600002862,0.050327839999908974,3.6969582091227373,3.171356176779896,1.8061838223170976
102.96135344499999,3.86,3.36,2.12,0.11461612099992635,0.12823569200008933,0.10046463599996969,3.6969582091227373,3.171356176779896,1.8061838223170976
103.01147884700003,3.88,3.35,2.15,0.020872814000085782,0.03447017300004518,0.00690463799992358,3.717835391729978,3.1607594024221455,1.8413038858374247
103.06160970199994,3.88,3.35,2.15,0.07100366899999244,0.08460102799995184,0.05703549299983024,3.717835391729978,3.1607594024221455,1.8413038858374247
103.1117453029999,3.88,3.35,2.15,0.12113926999995783,0.13473662899991723,0.10717109399979563,3.717835391729978,3.1607594024221455,1.8413038858374247
103.16206992999992,3.87,3.34,2.17,0.02709404999995968,0.041321215999914784,0.013495233999947231,3.7073980093860976,3.1501587261596833,1.8646179233290663
103.21217170199998,3.87,3.34,2.17,0.07719582200002151,0.09142298799997661,0.06359700600000906,3.7073980093860976,3.1501587261596833,1.8646179233290663
103.26229172000012,3.87,3.34,2.17,0.12731584000016483,0.14154300600011993,0.11371702400015238,3.7073980093860976,3.1501587261596833,1.8646179233290663
103.31263835499999,3.87,3.33,2.16,0.03387917100008053,0.04754761599997437,0.020021198999984335,3.7073980093860976,3.1395541084682708,1.8529705880018712
103.362796333,3.87,3.33,2.16,0.08403714900009618,0.09770559399999001,0.07017917699999998,3.7073980093860976,3.1395541084682708,1.8529705880018712
103.41292116799991,3.87,3.43,2.16,0.13416198400000212,0.0038319399998272274,0.12030401199990592,3.7073980093860976,3.245427552727067,1.8529705880018712
103.46307238300005,3.84,3.43,2.17,0.04020712600004117,0.053983154999968974,0.026476989000002504,3.676071272432024,3.245427552727067,1.8646179233290663
103.5132378180001,3.84,3.43,2.17,0.09037256100009472,0.10414859000002252,0.07664242400005605,3.676071272432024,3.245427552727067,1.8646179233290663
103.56589766999991,3.84,3.34,2.17,0.14303241299990077,0.012810060999981943,0.1293022759998621,3.676071272432024,3.1501587261596833,1.8646179233290663
103.61607326900003,3.89,3.34,2.14,0.04674747300009585,0.06298566000009487,0.03538882699990609,3.7282703764614498,3.1501587261596833,1.8296174463531987
103.66624410600002,3.89,3.34,2.14,0.09691831000009188,0.1131564970000909,0.08555966399990211,3.7282703764614498,3.1501587261596833,1.8296174463531987
103.71638669100003,3.86,3.34,2.14,0.005608665999943696,0.01949360899993735,0.13570224899990535,3.6969582091227373,3.1501587261596833,1.8296174463531987
103.76650440599997,3.86,3.34,2.14,0.055726380999885805,0.06961132399987946,0.04152901799989195,3.6969582091227373,3.1501587261596833,1.8296174463531987
103.81687331700005,3.86,3.34,2.14,0.10609529199996359,0.11998023499995725,0.09189792899996974,3.6969582091227373,3.1501587261596833,1.8296174463531987
103.86696405399994,3.89,3.42,2.14,0.012290874999962398,0.025891193999996176,0.14198866599986104,3.7282703764614498,3.2348570292982033,1.8296174463531987
103.91710284400006,3.89,3.42,2.18,0.06242966500008151,0.07602998400011529,0.04794458800006396,3.7282703764614498,3.2348570292982033,1.8762462524945922
103.96727161500007,3.89,3.42,2.18,0.11259843600009845,0.12619875500013222,0.09811335900008089,3.7282703764614498,3.2348570292982033,1.8762462524945922
104.0173739029999,3.86,3.42,2.16,0.01858526199998778,0.032360494999920775,0.004125267999825155,3.6969582091227373,3.2348570292982033,1.8529705880018712
104.06766785200011,3.86,3.42,2.16,0.06887921100019412,0.08265444400012711,0.054419217000031495,3.6969582091227373,3.2348570292982033,1.8529705880018712
104.1180079610001,3.86,3.42,2.16,0.11921932000018387,0.13299455300011687,0.10475932600002125,3.6969582091227373,3.2348570292982033,1.8529705880018712
104.16812151099998,3.84,3.36,2.16,0.025119882999888432,0.03905107900004623,0.011166794000018854,3.676071272432024,3.171356176779896,1.8529705880018712
104.21825675800005,3.84,3.36,2.16,0.07525512999995954,0.08918632600011733,0.06130204100008996,3.676071272432024,3.171356176779896,1.8529705880018712
104.26862944899995,3.84,3.36,2.16,0.1256278209998527,0.1395590170000105,0.11167473199998312,3.676071272432024,3.171356176779896,1.8529705880018712
104.31874456200012,3.83,3.43,2.15,0.03142068600004677,0.04567985000016961,0.017523680000067543,3.6656240942027867,3.245427552727067,1.8413038858374247
104.36908674200004,3.83,3.43,2.15,0.08176286599996274,0.09602203000008558,0.06786585999998351,3.6656240942027867,3.245427552727067,1.8413038858374247
104.419396345,3.83,3.35,2.15,0.13207246899992242,0.0023273580000022775,0.11817546299994319,3.6656240942027867,3.1607594024221455,1.8413038858374247
104.46951682400004,3.88,3.35,2.17,0.03835716899993713,0.05244783700004518,0.024247881000064808,3.717835391729978,3.1607594024221455,1.8646179233290663
104.51998033099994,3.88,3.35,2.17,0.08882067599984111,0.10291134399994917,0.07471138799996879,3.717835391729978,3.1607594024221455,1.8646179233290663
104.57010260700008,3.88,3.35,2.17,0.1389429519999794,0.15303362000008747,0.12483366400010709,3.717835391729978,3.1607594024221455,1.8646179233290663
104.62021240600006,3.86,3.35,2.14,0.0449317190000329,0.20314341900007093,0.03106624500014732,3.6969582091227373,3.1607594024221455,1.8296174463531987
104.67035236300012,3.86,3.35,2.14,0.0950716760000887,0.25328337600012674,0.08120620200020312,3.6969582091227373,3.1607594024221455,1.8296174463531987
104.7210554610001,3.89,3.35,2.14,0.002152210000076593,0.30398647400011214,0.13190930000018852,3.7282703764614498,3.1607594024221455,1.8296174463531987
104.77197302400009,3.89,3.35,2.14,0.053069773000061105,0.35490403700009665,0.0387976609999896,3.7282703764614498,3.1607594024221455,1.8296174463531987
104.822082852,3.89,3.35,2.14,0.10317960099996526,0.4050138650000008,0.08890748899989376,3.7282703764614498,3.1607594024221455,1.8296174463531987
104.87225757100009,3.9,3.39,2.14,0.009051890000137064,0.023149049000039668,0.13908220799999071,3.73870298365623,3.2031234756093934,1.8296174463531987
104.92239120299996,3.9,3.39,2.16,0.05918552200000704,0.07328268099990964,0.04530347900004017,3.73870298365623,3.2031234756093934,1.8529705880018712
104.97249675500007,3.9,3.39,2.16,0.10929107400011162,0.12338823300001422,0.09540903100014475,3.73870298365623,3.2031234756093934,1.8529705880018712
105.02281127300012,3.87,3.38,2.16,0.01571883900010107,0.029727653999998438,0.0015890570000465232,3.7073980093860976,3.1925381751828743,1.8529705880018712
105.07296836799992,3.87,3.38,2.16,0.0658759339999051,0.07988474899980247,0.051746151999850554,3.7073980093860976,3.1925381751828743,1.8529705880018712
105.12312032,3.87,3.38,2.16,0.11602788599998348,0.13003670099988085,0.10189810399992894,3.7073980093860976,3.1925381751828743,1.8529705880018712
105.17330084700006,3.87,3.38,2.16,0.1662084130000494,0.18021722799994677,0.15207863099999486,3.7073980093860976,3.1925381751828743,1.8529705880018712
105.22340695699995,3.87,3.38,2.16,0.21631452299993725,0.23032333799983462,0.2021847409998827,3.7073980093860976,3.1925381751828743,1.8529705880018712
105.2735165009999,3.87,3.38,2.16,0.26642406699988896,0.28043288199978633,0.2522942849998344,3.7073980093860976,3.1925381751828743,1.8529705880018712
105.32369201999995,3.89,3.4,2.15,0.028443910999840227,0.04280353199987985,0.01447288400004254,3.7282703764614498,3.2137050269120837,1.8413038858374247
105.37380111800007,3.89,3.4,2.15,0.0785530089999611,0.09291263000000072,0.06458198200016341,3.7282703764614498,3.2137050269120837,1.8413038858374247
105.42395723499999,3.89,3.4,2.15,0.12870912599987605,0.14306874699991567,0.11473809900007836,3.7282703764614498,3.2137050269120837,1.8413038858374247
105.47428945000001,3.86,3.38,2.15,0.035354999999981374,0.04927889900000082,0.02107938499989359,3.6969582091227373,3.1925381751828743,1.8413038858374247
105.52444374900006,3.86,3.38,2.15,0.08550929900002302,0.09943319800004247,0.07123368399993524,3.6969582091227373,3.1925381751828743,1.8413038858374247
105.57458003900001,3.86,3.44,2.15,0.13564558899997792,0.005517713000017466,0.12136997399989014,3.6969582091227373,3.255994471739778,1.8413038858374247
105.62470104299996,3.88,3.44,2.15,0.041686776999995345,0.055638716999965254,0.027762176999885924,3.717835391729978,3.255994471739778,1.8413038858374247
105.67485634800005,3.88,3.44,2.15,0.0918420820000847,0.10579402200005461,0.07791748199997528,3.717835391729978,3.255994471739778,1.8413038858374247
105.72517517699998,3.88,3.36,2.15,0.14216091100001904,0.011998078000033274,0.12823631099990962,3.717835391729978,3.171356176779896,1.8413038858374247
105.77534873600007,3.88,3.36,2.14,0.048062016000130825,0.06217163700011952,0.034311081000169,3.717835391729978,3.171356176779896,1.8296174463531987
105.82547846600005,3.88,3.36,2.14,0.09819174600011138,0.11230136700010007,0.08444081100014955,3.717835391729978,3.171356176779896,1.8296174463531987
105.87556128000006,3.84,3.35,2.14,0.004695414000025266,0.018472349000148824,0.13452362500015624,3.676071272432024,3.1607594024221455,1.8296174463531987
105.92590327400012,3.84,3.35,2.15,0.05503740800008927,0.06881434300021283,0.04112105600006544,3.676071272432024,3.1607594024221455,1.8413038858374247
105.97607006399994,3.84,3.35,2.15,0.10520419799991032,0.11898113300003388,0.09128784599988649,3.676071272432024,3.1607594024221455,1.8413038858374247
106.02620297299995,3.88,3.36,2.15,0.010930508000001282,0.02484237899989239,0.14142075499989915,3.717835391729978,3.171356176779896,1.8413038858374247
106.07654693900008,3.88,3.36,2.19,0.061274474000128976,0.07518634500002008,0.04726217799998267,3.717835391729978,3.171356176779896,1.887855926706273
106.12669851100009,3.88,3.36,2.19,0.11142604600013328,0.1253379170000244,0.09741374999998698,3.717835391729978,3.171356176779896,1.887855926706273
106.17682220500001,3.87,3.41,2.15,0.01754537600004369,0.0314555659999769,0.0032357099998989725,3.7073980093860976,3.2242828660029197,1.8413038858374247
106.22714874200005,3.87,3.41,2.15,0.06787191300008999,0.0817821030000232,0.05356224699994527,3.7073980093860976,3.2242828660029197,1.8413038858374247
106.27729142599992,3.87,3.41,2.15,0.11801459699995576,0.13192478699988897,0.10370493099981104,3.7073980093860976,3.2242828660029197,1.8413038858374247
106.32757269600006,3.88,3.34,2.14,0.024688701000059154,0.03844557800016446,0.010211938000111331,3.717835391729978,3.1501587261596833,1.8296174463531987
106.37791817400011,3.88,3.34,2.14,0.075034179000113,0.0887910560002183,0.060557416000165176,3.717835391729978,3.1501587261596833,1.8296174463531987
106.42802198000004,3.88,3.34,2.14,0.1251379850000376,0.1388948620001429,0.11066122200008977,3.717835391729978,3.1501587261596833,1.8296174463531987
106.47819135600002,3.87,3.44,2.13,0.03087228200001846,0.045274274000121295,0.016625635000082184,3.7073980093860976,3.255994471739778,1.8179108889051738
106.528511665,3.87,3.44,2.13,0.08119259099998999,0.09559458300009283,0.06694594400005371,3.7073980093860976,3.255994471739778,1.8179108889051738
106.57859905700002,3.87,3.36,2.13,0.1312799830000131,0.0016087839999272546,0.11703333600007682,3.7073980093860976,3.171356176779896,1.8179108889051738
106.62893225700009,3.87,3.36,2.14,0.03776876500000981,0.0519419839999955,0.023612339000010252,3.7073980093860976,3.171356176779896,1.8296174463531987
106.67905096000004,3.87,3.36,2.14,0.08788746799996261,0.1020606869999483,0.07373104199996305,3.7073980093860976,3.171356176779896,1.8296174463531987
106.72916005699994,3.87,3.38,2.14,0.13799656499986668,0.008019084999887127,0.12384013899986712,3.7073980093860976,3.1925381751828743,1.8296174463531987
106.779286856,3.89,3.38,2.14,0.0441216980000263,0.05814588399994136,0.029712268999901426,3.7282703764614498,3.1925381751828743,1.8296174463531987
106.82961794700009,3.89,3.38,2.14,0.09445278900011544,0.1084769750000305,0.08004335999999057,3.7282703764614498,3.1925381751828743,1.8296174463531987
106.87976590900007,3.88,3.39,2.14,0.00017151199995169009,0.01476434899996093,0.1301913219999733,3.717835391729978,3.2031234756093934,1.8296174463531987
106.92990626799997,3.88,3.39,2.15,0.05031187099984891,0.06490470799985815,0.03666113600002063,3.717835391729978,3.2031234756093934,1.8413038858374247
106.98001711500001,3.88,3.39,2.15,0.10042271799989066,0.1150155549998999,0.08677198300006239,3.717835391729978,3.2031234756093934,1.8413038858374247
107.030153702,3.86,3.4,2.15,0.006763724999927945,0.02080962099989847,0.13690857000005963,3.6969582091227373,3.2137050269120837,1.8413038858374247
107.08024943500004,3.86,3.4,2.17,0.056859457999962615,0.07090535399993314,0.042966627999931006,3.6969582091227373,3.2137050269120837,1.8646179233290663
107.13057211899991,3.86,3.4,2.17,0.10718214199982867,0.1212280379997992,0.09328931199979706,3.6969582091227373,3.2137050269120837,1.8646179233290663
107.18092969400004,3.86,3.38,2.17,0.013301654000088092,0.027827279000121052,0.14364688699993167,3.6969582091227373,3.1925381751828743,1.8646179233290663
107.23106905100008,3.86,3.38,2.13,0.06344101100012267,0.07796663600015563,0.0496717890000582,3.6969582091227373,3.1925381751828743,1.8179108889051738
107.28123716100004,3.86,3.38,2.13,0.11360912100008136,0.12813474600011432,0.09983989900001689,3.6969582091227373,3.1925381751828743,1.8179108889051738
107.33155026200006,3.84,3.41,2.16,0.019933584000000337,0.034209175000114556,0.006180641000128162,3.676071272432024,3.2242828660029197,1.8529705880018712
107.38170948700008,3.84,3.41,2.16,0.07009280900001613,0.08436840000013035,0.05633986600014396,3.676071272432024,3.2242828660029197,1.8529705880018712
107.43189275200007,3.84,3.41,2.16,0.12027607400000306,0.13455166500011728,0.10652313100013089,3.676071272432024,3.2242828660029197,1.8529705880018712
107.48222034200012,3.89,3.4,2.12,0.02660524000020814,0.04054422900003374,0.012712180000107764,3.7282703764614498,3.2137050269120837,1.8061838223170976
107.53234849399996,3.89,3.4,2.12,0.07673339200005103,0.09067238099987662,0.06284033199995065,3.7282703764614498,3.2137050269120837,1.8061838223170976
107.58268242000008,3.89,3.4,2.12,0.12706731800017224,0.14100630699999783,0.11317425800007186,3.7282703764614498,3.2137050269120837,1.8061838223170976
107.63299750400006,3.9,3.38,2.17,0.03338382300012199,0.04759249600010662,0.01973225899996578,3.73870298365623,3.1925381751828743,1.8646179233290663
107.68311709699992,3.9,3.38,2.17,0.08350341599998501,0.09771208899996964,0.0698518519998288,3.73870298365623,3.1925381751828743,1.8646179233290663
107.73325640000007,3.9,3.36,2.17,0.1336427190001359,0.0035780210000666557,0.1199911549999797,3.73870298365623,3.171356176779896,1.8646179233290663
107.78346687199996,3.86,3.36,2.19,0.03986112500001582,0.05378849299995636,0.026177107999956206,3.6969582091227373,3.171356176779896,1.887855926706273
107.83361126499994,3.86,3.36,2.19,0.09000551799999812,0.10393288599993866,0.07632150099993851,3.6969582091227373,3.171356176779896,1.887855926706273
107.88371045000008,3.86,3.34,2.19,0.14010470300013367,0.010394242000074883,0.12642068600007406,3.6969582091227373,3.1501587261596833,1.887855926706273
107.93382309899994,3.87,3.34,2.12,0.04662890199983849,0.060506890999931784,0.032387308999886955,3.7073980093860976,3.1501587261596833,1.8061838223170976
107.98411540999996,3.87,3.34,2.12,0.09692121299985956,0.11079920199995286,0.08267961999990803,3.7073980093860976,3.1501587261596833,1.8061838223170976
108.03425601899994,3.87,3.34,2.12,0.0026495769998291507,0.01656082099998457,0.13282022899988988,3.7073980093860976,3.1501587261596833,1.8061838223170976
108.08440945400002,3.87,3.34,2.16,0.052803011999913,0.06671425600006842,0.03887379200000396,3.7073980093860976,3.1501587261596833,1.8529705880018712
108.13451820399996,3.87,3.34,2.16,0.10291176199984875,0.11682300600000417,0.08898254199993971,3.7073980093860976,3.1501587261596833,1.8529705880018712
108.18488373800005,3.87,3.34,2.16,0.153277295999942,0.16718854000009742,0.13934807600003296,3.7073980093860976,3.1501587261596833,1.8529705880018712
108.2350004760001,3.87,3.34,2.16,0.20339403399998446,0.21730527800013988,0.18946481400007542,3.7073980093860976,3.1501587261596833,1.8529705880018712
108.28533128799995,3.87,3.34,2.16,0.2537248459998409,0.26763608999999633,0.23979562599993187,3.7073980093860976,3.1501587261596833,1.8529705880018712
108.3356627600001,3.89,3.38,2.18,0.016070161000016014,0.029991625000093336,0.002136365000069418,3.7282703764614498,3.1925381751828743,1.8762462524945922
108.38578940799994,3.89,3.38,2.18,0.06619680899984814,0.08011827299992547,0.05226301299990155,3.7282703764614498,3.1925381751828743,1.8762462524945922
108.4360993570001,3.89,3.38,2.18,0.11650675800001409,0.1304282220000914,0.10257296200006749,3.7282703764614498,3.1925381751828743,1.8762462524945922
108.48642999399999,3.88,3.4,2.18,0.023126194000042233,0.037018966000005094,0.009107511999900453,3.717835391729978,3.2137050269120837,1.8762462524945922
108.53674138299994,3.88,3.4,2.18,0.07343758299998626,0.08733035499994912,0.05941890099984448,3.717835391729978,3.2137050269120837,1.8762462524945922
108.5870727250001,3.88,3.4,2.18,0.12376892500014947,0.13766169700011233,0.10975024300000769,3.717835391729978,3.2137050269120837,1.8762462524945922
108.63741617000005,3.86,3.34,2.16,0.03001428900006431,0.04389117999994596,0.01589624999996886,3.6969582091227373,3.1501587261596833,1.8529705880018712
108.6875315929999,3.86,3.34,2.16,0.08012971199991625,0.0940066029997979,0.0660116729998208,3.6969582091227373,3.1501587261596833,1.8529705880018712
108.73762681900007,3.86,3.35,2.16,0.13022493800008306,0.0001568940001561714,0.1161068989999876,3.6969582091227373,3.1607594024221455,1.8529705880018712
108.78795942200009,3.88,3.35,2.17,0.03666594800006351,0.05048949700017147,0.022311503000082666,3.717835391729978,3.1607594024221455,1.8646179233290663
108.8380750020001,3.88,3.35,2.17,0.0867815280000741,0.10060507700018206,0.07242708300009326,3.717835391729978,3.1607594024221455,1.8646179233290663
108.88825765799993,3.88,3.42,2.17,0.13696418399990762,0.006589333999954761,0.12260973899992678,3.717835391729978,3.2348570292982033,1.8646179233290663
108.9386126920001,3.88,3.42,2.16,0.04332991400019637,0.05694436800013136,0.02896006900004977,3.717835391729978,3.2348570292982033,1.8529705880018712
108.98871571900008,3.88,3.42,2.16,0.09343294100017374,0.10704739500010874,0.07906309600002714,3.717835391729978,3.2348570292982033,1.8529705880018712
109.03904202700005,3.88,3.36,2.16,0.1437592490001407,0.01358897800014347,0.1293894039999941,3.717835391729978,3.171356176779896,1.8529705880018712
109.08937472000002,3.89,3.36,2.15,0.049721517000079984,0.06392167100011648,0.03588355900001261,3.7282703764614498,3.171356176779896,1.8413038858374247
109.13967675000004,3.89,3.36,2.15,0.10002354700009164,0.11422370100012813,0.08618558900002427,3.7282703764614498,3.171356176779896,1.8413038858374247
109.19002213599993,3.87,3.36,2.15,0.006413591999944401,0.020338720999916404,0.13653097499991418,3.7073980093860976,3.171356176779896,1.8413038858374247
109.240374449,3.87,3.36,2.19,0.05676590500002021,0.07069103399999221,0.04276866300006077,3.7073980093860976,3.171356176779896,1.887855926706273
109.2904791840001,3.87,3.36,2.19,0.1068706400001247,0.1207957690000967,0.09287339800016525,3.7073980093860976,3.171356176779896,1.887855926706273
109.34060719600006,3.87,3.36,2.19,0.012842781000017567,0.027083223000090584,0.14300141000012445,3.7073980093860976,3.171356176779896,1.887855926706273
109.39072578600008,3.87,3.36,2.15,0.06296137100002852,0.07720181300010154,0.049314419999973325,3.7073980093860976,3.171356176779896,1.8413038858374247
109.44105673900003,3.87,3.36,2.15,0.11329232399998546,0.12753276600005847,0.09964537299993026,3.7073980093860976,3.171356176779896,1.8413038858374247
109.49115180800004,3.88,3.42,2.17,0.01962749300014366,0.033652705000122296,0.00568952999992689,3.717835391729978,3.2348570292982033,1.8646179233290663
109.54150093399994,3.88,3.42,2.17,0.0699766190000446,0.08400183100002323,0.056038655999827824,3.717835391729978,3.2348570292982033,1.8646179233290663
109.59187948499994,3.88,3.42,2.17,0.12035517000003892,0.13438038200001756,0.10641720699982216,3.717835391729978,3.2348570292982033,1.8646179233290663
109.6421014529999,3.89,3.42,2.21,0.026465063999921767,0.040793259999873044,0.012687789999972665,3.7282703764614498,3.2348570292982033,1.9110206696946006
109.69226186300011,3.89,3.42,2.21,0.07662547400013864,0.09095367000008991,0.06284820000018954,3.7282703764614498,3.2348570292982033,1.9110206696946006
109.74258699000006,3.89,3.42,2.21,0.1269506010000896,0.14127879700004087,0.11317332700014049,3.7282703764614498,3.2348570292982033,1.9110206696946006
109.792734871,3.86,3.35,2.15,0.03275313299991467,0.047086129000035726,0.018906770000057804,3.6969582091227373,3.1607594024221455,1.8413038858374247
109.84303135999994,3.86,3.35,2.15,0.08304962199986221,0.09738261799998327,0.06920325900000535,3.6969582091227373,3.1607594024221455,1.8413038858374247
109.89315395199992,3.86,3.43,2.15,0.13317221399984192,0.0032766919998721278,0.11932585099998505,3.6969582091227373,3.245427552727067,1.8413038858374247
109.9432617330001,3.88,3.43,2.16,0.03951395300009608,0.053384473000051,0.025611629000195535,3.717835391729978,3.245427552727067,1.8529705880018712
109.99339949699993,3.88,3.43,2.16,0.08965171699992425,0.10352223699987917,0.0757493930000237,3.717835391729978,3.245427552727067,1.8529705880018712
110.04348692500002,3.88,3.43,2.16,0.13973914500002138,0.009815838000122312,0.12583682100012084,3.717835391729978,3.245427552727067,1.8529705880018712
110.0938732090001,3.86,3.43,2.16,0.04622562100007599,0.060202122000191594,0.03195153100000425,3.6969582091227373,3.245427552727067,1.8529705880018712
110.14402022400009,3.86,3.43,2.16,0.09637263600006918,0.11034913700018478,0.08209854599999744,3.6969582091227373,3.245427552727067,1.8529705880018712
110.19412188199999,3.87,3.34,2.16,0.0025306099998942955,0.016475485000000845,0.13220020399990062,3.7073980093860976,3.1501587261596833,1.8529705880018712
110.24445316099991,3.87,3.34,2.18,0.052861888999814255,0.0668067639999208,0.03900970099994083,3.7073980093860976,3.1501587261596833,1.8762462524945922
110.29475163699999,3.87,3.34,2.18,0.10316036499989423,0.11710524000000078,0.0893081770000208,3.7073980093860976,3.1501587261596833,1.8762462524945922
110.34496690800006,3.9,3.3,2.18,0.00941848200000095,0.02324969599999349,0.13952344800009087,3.73870298365623,3.1077162032592356,1.8762462524945922
110.39531148300011,3.9,3.3,2.17,0.05976305700005469,0.07359427100004723,0.04581594300020697,3.73870298365623,3.1077162032592356,1.8646179233290663
110.44561946599993,3.9,3.3,2.17,0.11007103999986612,0.12390225399985866,0.0961239260000184,3.73870298365623,3.1077162032592356,1.8646179233290663
110.49576614700004,3.88,3.38,2.15,0.016281405999961862,0.030063113000096564,0.002197001000013188,3.717835391729978,3.1925381751828743,1.8413038858374247
110.54589238500012,3.88,3.38,2.15,0.06640764400003718,0.08018935100017188,0.052323239000088506,3.717835391729978,3.1925381751828743,1.8413038858374247
110.59612113699995,3.88,3.38,2.15,0.11663639599987619,0.1304181030000109,0.10255199099992751,3.717835391729978,3.1925381751828743,1.8413038858374247
110.64626547300008,3.87,3.41,2.2,0.022619263000024148,0.036240222000060385,0.008376126000030126,3.7073980093860976,3.2242828660029197,1.89944728802881
110.6964430590001,3.87,3.41,2.2,0.07279684900004213,0.08641780800007837,0.05855371200004811,3.7073980093860976,3.2242828660029197,1.89944728802881
110.746782618,3.87,3.41,2.2,0.12313640799993664,0.13675736699997287,0.10889327099994262,3.7073980093860976,3.2242828660029197,1.89944728802881
110.79691890200002,3.92,3.34,2.16,0.029311732999985907,0.043189391999931104,0.015360628000053111,3.7595611446018533,3.1501587261596833,1.8529705880018712
110.84716752200006,3.92,3.34,2.16,0.0795603530000335,0.0934380119999787,0.0656092480001007,3.7595611446018533,3.1501587261596833,1.8529705880018712
110.89747893999993,3.92,3.34,2.16,0.12987177099989822,0.14374942999984341,0.11592066599996542,3.7595611446018533,3.1501587261596833,1.8529705880018712
110.9477603570001,3.87,3.34,2.16,0.035801722000087466,0.049772157999996125,0.022185501000194563,3.7073980093860976,3.1501587261596833,1.8529705880018712
110.99789302099998,3.87,3.34,2.16,0.08593438599996261,0.09990482199987127,0.07231816500006971,3.7073980093860976,3.1501587261596833,1.8529705880018712
111.0481087390001,3.87,3.41,2.16,0.13615010400008032,0.0060983210000813415,0.12253388300018742,3.7073980093860976,3.2242828660029197,1.8529705880018712
111.09831702299994,3.88,3.41,2.15,0.04274327500002073,0.05630660499991791,0.028649881999854188,3.717835391729978,3.2242828660029197,1.8413038858374247
111.14866002100007,3.88,3.41,2.15,0.0930862730001536,0.10664960300005077,0.07899287999998705,3.717835391729978,3.2242828660029197,1.8413038858374247
111.19898800800001,3.88,3.41,2.15,0.1434142600000996,0.15697758999999678,0.12932086699993306,3.717835391729978,3.2242828660029197,1.8413038858374247
111.24908755000001,3.88,3.41,2.15,0.1935138020000977,0.2070771319999949,0.17942040899993117,3.717835391729978,3.2242828660029197,1.8413038858374247
111.2992454780001,3.88,3.41,2.15,0.24367173000018738,0.25723506000008456,0.22957833700002084,3.717835391729978,3.2242828660029197,1.8413038858374247
111.34962069900007,3.89,3.35,2.15,0.005852078000089023,0.019576179000068805,0.27995355799998833,3.7282703764614498,3.1607594024221455,1.8413038858374247
111.39974373199993,3.89,3.35,2.16,0.05597511099995245,0.06969921199993223,0.04186636099984753,3.7282703764614498,3.1607594024221455,1.8529705880018712
111.4500933029999,3.89,3.35,2.16,0.10632468199992218,0.12004878299990196,0.09221593199981726,3.7282703764614498,3.1607594024221455,1.8529705880018712
111.50021206499991,3.86,3.39,2.16,0.01229571599992596,0.02639455099983934,0.14233469399982823,3.6969582091227373,3.2031234756093934,1.8529705880018712
111.5505289140001,3.86,3.39,2.16,0.06261256500010859,0.07671140000002197,0.04874758100004328,3.6969582091227373,3.2031234756093934,1.8529705880018712
111.60068152000008,3.86,3.39,2.16,0.11276517100009187,0.12686400600000525,0.09890018700002656,3.6969582091227373,3.2031234756093934,1.8529705880018712
111.651023226,3.87,3.33,2.16,0.019394596999973146,0.033331846000010046,0.004867500000045766,3.7073980093860976,3.1395541084682708,1.8529705880018712
111.70114393600011,3.87,3.33,2.16,0.06951530700007424,0.08345255600011114,0.054988210000146864,3.7073980093860976,3.1395541084682708,1.8529705880018712
111.75132751599995,3.87,3.33,2.16,0.11969888699991316,0.13363613599995006,0.10517178999998578,3.7073980093860976,3.1395541084682708,1.8529705880018712
111.801457648,3.86,3.34,2.14,0.025517161999914606,0.03941258000008929,0.011297375999902215,3.6969582091227373,3.1501587261596833,1.8296174463531987
111.8517880490001,3.86,3.34,2.14,0.07584756300002482,0.0897429810001995,0.06162777700001243,3.6969582091227373,3.1501587261596833,1.8296174463531987
111.902097787,3.86,3.34,2.14,0.12615730099992106,0.14005271900009575,0.11193751499990867,3.6969582091227373,3.1501587261596833,1.8296174463531987
111.95244987000001,3.89,3.43,2.14,0.032215882999935275,0.04674964900004852,0.01830403799999658,3.7282703764614498,3.245427552727067,1.8296174463531987
112.00277859800008,3.89,3.43,2.14,0.08254461100000299,0.09707837700011623,0.0686327660000643,3.7282703764614498,3.245427552727067,1.8296174463531987
112.0529861340001,3.89,3.44,2.14,0.13275214700001925,0.0032307450001098914,0.11884030200008056,3.7282703764614498,3.255994471739778,1.8296174463531987
112.10332034299995,3.87,3.44,2.18,0.039076390999980504,0.05356495399996675,0.02516686499984644,3.7073980093860976,3.255994471739778,1.8762462524945922
112.1535866270001,3.87,3.44,2.18,0.08934267500012538,0.10383123800011163,0.07543314899999132,3.7073980093860976,3.255994471739778,1.8762462524945922
112.20372723900005,3.87,3.41,2.18,0.1394832870000755,0.01006484399999863,0.12557376099994144,3.7073980093860976,3.2242828660029197,1.8762462524945922
112.25405454399993,3.88,3.41,2.15,0.0462385189998713,0.0603921489998811,0.03217140699985066,3.717835391729978,3.2242828660029197,1.8413038858374247
112.304406342,3.88,3.41,2.15,0.09659031699993648,0.11074394699994627,0.08252320499991583,3.717835391729978,3.2242828660029197,1.8413038858374247
112.35453834400005,3.86,3.43,2.15,0.00283996100006334,0.016492580999965867,0.1326552069999707,3.6969582091227373,3.245427552727067,1.8413038858374247
112.40464963099998,3.86,3.43,2.14,0.052951247999999396,0.06660386799990192,0.03860860899999352,3.6969582091227373,3.245427552727067,1.8296174463531987
112.45499113200003,3.86,3.43,2.14,0.10329274900004748,0.11694536899995,0.0889501100000416,3.6969582091227373,3.245427552727067,1.8296174463531987
112.50513814600004,3.88,3.4,2.14,0.00919185199995809,0.022804610000093817,0.13909712400004537,3.717835391729978,3.2137050269120837,1.8296174463531987
112.55527847500002,3.88,3.4,2.16,0.059332180999945194,0.07294493900008092,0.045541924999952244,3.717835391729978,3.2137050269120837,1.8529705880018712
112.60546870200005,3.88,3.4,2.16,0.10952240799997526,0.12313516600011098,0.0957321519999823,3.717835391729978,3.2137050269120837,1.8529705880018712
112.65574112700006,3.92,3.35,2.18,0.01598107500012702,0.029694360000121378,0.0017621599999984028,3.7595611446018533,3.1607594024221455,1.8762462524945922
112.70603579599992,3.92,3.35,2.18,0.06627574399999503,0.07998902899998939,0.05205682899986641,3.7595611446018533,3.1607594024221455,1.8762462524945922
112.7563636289999,3.92,3.35,2.18,0.11660357699997803,0.1303168619999724,0.10238466199984941,3.7595611446018533,3.1607594024221455,1.8762462524945922
112.80651102799993,3.86,3.34,2.19,0.022226233999845135,0.036186984999858396,0.008554904999982682,3.6969582091227373,3.1501587261596833,1.887855926706273
112.85686002900002,3.86,3.34,2.19,0.07257523499993113,0.08653598599994439,0.05890390600006867,3.6969582091227373,3.1501587261596833,1.887855926706273
112.90694891499993,3.86,3.34,2.19,0.12266412099984336,0.13662487199985662,0.10899279199998091,3.6969582091227373,3.1501587261596833,1.887855926706273
112.9570733590001,3.88,3.32,2.13,0.028967635000071823,0.04302803600012339,0.014949071000046388,3.717835391729978,3.128945509273052,1.8179108889051738
113.00741968900002,3.88,3.32,2.13,0.079313964999983,0.09337436600003457,0.06529540099995756,3.717835391729978,3.128945509273052,1.8179108889051738
113.05757596600006,3.88,3.32,2.13,0.12947024200002488,0.14353064300007645,0.11545167799999945,3.717835391729978,3.128945509273052,1.8179108889051738
113.10775231799994,3.88,3.38,2.15,0.035814119999940885,0.04921902899991437,0.022071422999943024,3.717835391729978,3.1925381751828743,1.8413038858374247
113.1580791429999,3.88,3.38,2.15,0.08614094499989733,0.09954585399987081,0.07239824799989947,3.717835391729978,3.1925381751828743,1.8413038858374247
113.2082174709999,3.88,3.39,2.15,0.13627927299990006,0.0061944249998759915,0.1225365759999022,3.717835391729978,3.2031234756093934,1.8413038858374247
113.25837544000001,3.87,3.39,2.18,0.0426462170000832,0.056352393999986816,0.028212256999950114,3.7073980093860976,3.2031234756093934,1.8762462524945922
113.30848577999996,3.87,3.39,2.18,0.09275655700002972,0.10646273399993333,0.07832259699989663,3.7073980093860976,3.2031234756093934,1.8762462524945922
113.35882513499996,3.87,3.39,2.18,0.14309591200003524,0.012671994999891467,0.12866195199990216,3.7073980093860976,3.2031234756093934,1.8762462524945922
113.40987640699996,3.88,3.39,2.17,0.04990803500004404,0.06372326699988662,0.03573241699996288,3.717835391729978,3.2031234756093934,1.8646179233290663
113.46007356600012,3.88,3.39,2.17,0.10010519400020712,0.1139204260000497,0.08592957600012596,3.717835391729978,3.2031234756093934,1.8646179233290663
113.51016768199997,3.88,3.38,2.17,0.006207030000041414,0.019887066999899616,0.13602369199998066,3.717835391729978,3.1925381751828743,1.8646179233290663
113.56030585200006,3.88,3.38,2.13,0.05634520000012344,0.07002523699998164,0.04254113599995435,3.717835391729978,3.1925381751828743,1.8179108889051738
113.61065091199998,3.88,3.38,2.13,0.10669026000005033,0.12037029699990853,0.09288619599988124,3.717835391729978,3.1925381751828743,1.8179108889051738
113.6607410869999,3.87,3.42,2.13,0.012838343999874269,0.026734083999826908,0.1429763709998042,3.7073980093860976,3.2348570292982033,1.8179108889051738
113.71107056999995,3.87,3.42,2.16,0.06316782699991563,0.07706356699986827,0.049503444000038144,3.7073980093860976,3.2348570292982033,1.8529705880018712
113.76119542300012,3.87,3.42,2.16,0.11329268000008597,0.1271884200000386,0.09962829700020848,3.7073980093860976,3.2348570292982033,1.8529705880018712
113.811315702,3.86,3.41,2.14,0.019606886000019585,0.03327889599995615,0.005239234000100623,3.6969582091227373,3.2242828660029197,1.8296174463531987
113.86145309099993,3.86,3.41,2.14,0.06974427499994817,0.08341628499988474,0.05537662300002921,3.6969582091227373,3.2242828660029197,1.8296174463531987
113.91167883499998,3.86,3.41,2.14,0.11997001899999304,0.1336420289999296,0.10560236700007408,3.6969582091227373,3.2242828660029197,1.8296174463531987
113.96179765800002,3.86,3.39,2.17,0.02583076800010531,0.039633687000105056,0.011323750999963522,3.6969582091227373,3.2031234756093934,1.8646179233290663
114.01192157600008,3.86,3.39,2.17,0.0759546860001592,0.08975760500015895,0.06144766900001741,3.6969582091227373,3.2031234756093934,1.8646179233290663
114.06202766899992,3.86,3.39,2.17,0.12606077899999946,0.1398636979999992,0.11155376199985767,3.6969582091227373,3.2031234756093934,1.8646179233290663
114.11235670199994,3.86,3.38,2.15,0.03194065100001353,0.046239845999934914,0.01788052599999901,3.6969582091227373,3.1925381751828743,1.8413038858374247
114.16248767699994,3.86,3.38,2.15,0.08207162600001539,0.09637082099993677,0.06801150100000086,3.6969582091227373,3.1925381751828743,1.8413038858374247
114.21280273699995,3.86,3.38,2.15,0.13238668600001802,0.1466858809999394,0.1183265610000035,3.6969582091227373,3.1925381751828743,1.8413038858374247
114.26289853799994,3.86,3.38,2.15,0.18248248700001568,0.19678168199993706,0.16842236200000116,3.6969582091227373,3.1925381751828743,1.8413038858374247
114.313236319,3.86,3.38,2.15,0.2328202680000686,0.24711946299999,0.21876014300005409,3.6969582091227373,3.1925381751828743,1.8413038858374247
114.36357071399993,3.86,3.38,2.15,0.2831546630000048,0.009269009000036021,0.2690945379999903,3.6969582091227373,3.1925381751828743,1.8413038858374247
114.41372503599996,3.84,3.38,2.12,0.04526506000001973,0.05942333100006181,0.03151465699988876,3.676071272432024,3.1925381751828743,1.8061838223170976
114.46388459800005,3.84,3.38,2.12,0.0954246220001096,0.10958289300015167,0.08167421899997862,3.676071272432024,3.1925381751828743,1.8061838223170976
114.51409664199991,3.86,3.34,2.12,0.0017293309999786288,0.016321835999860923,0.13188626299984207,3.6969582091227373,3.1501587261596833,1.8061838223170976
114.5642856049999,3.86,3.34,2.19,0.05191829399996095,0.06651079899984325,0.037876707999885184,3.6969582091227373,3.1501587261596833,1.887855926706273
114.61457897200012,3.86,3.34,2.19,0.10221166100018308,0.11680416600006538,0.08817007500010732,3.6969582091227373,3.1501587261596833,1.887855926706273
114.66492463300006,3.91,3.4,2.19,0.008602443999961906,0.02291328599994813,0.13851573600004485,3.7491332331620333,3.2137050269120837,1.887855926706273
114.71526805500002,3.91,3.4,2.18,0.0589458659999309,0.07325670799991713,0.044941795000113416,3.7491332331620333,3.2137050269120837,1.8762462524945922
114.7653824250001,3.91,3.4,2.18,0.1090602360000048,0.12337107799999103,0.09505616500018732,3.7491332331620333,3.2137050269120837,1.8762462524945922
114.81570658600003,3.88,3.38,2.15,0.015248929000108546,0.029112285000110205,0.0012634459999389946,3.717835391729978,3.1925381751828743,1.8413038858374247
114.86604426300005,3.88,3.38,2.15,0.06558660600012445,0.0794499620001261,0.051601122999954896,3.717835391729978,3.1925381751828743,1.8413038858374247
114.91615051300005,3.88,3.38,2.15,0.11569285600012336,0.12955621200012502,0.1017073729999538,3.717835391729978,3.1925381751828743,1.8413038858374247
114.96629070099993,3.86,3.35,2.18,0.022038298999859762,0.03568210499997804,0.007850334999830011,3.6969582091227373,3.1607594024221455,1.8762462524945922
115.01640899600011,3.86,3.35,2.18,0.0721565940000346,0.08580040000015288,0.05796863000000485,3.6969582091227373,3.1607594024221455,1.8762462524945922
115.06673861200011,3.86,3.35,2.18,0.12248621000003368,0.13613001600015195,0.10829824600000393,3.6969582091227373,3.1607594024221455,1.8762462524945922
115.11688832499999,3.91,3.35,2.15,0.028650190999996994,0.04258209599993279,0.01471426199987036,3.7491332331620333,3.1607594024221455,1.8413038858374247
115.1670708910001,3.91,3.35,2.15,0.07883275700010017,0.09276466200003597,0.06489682799997354,3.7491332331620333,3.1607594024221455,1.8413038858374247
115.21716026800004,3.91,3.35,2.15,0.12892213400004948,0.14285403899998528,0.11498620499992285,3.7491332331620333,3.1607594024221455,1.8413038858374247
115.26726871999995,3.88,3.34,2.14,0.03517838299990217,0.0491939739999907,0.02077947799989488,3.717835391729978,3.1501587261596833,1.8296174463531987
115.3176074800001,3.88,3.34,2.14,0.08551714300006097,0.0995327340001495,0.07111823800005368,3.717835391729978,3.1501587261596833,1.8296174463531987
115.36795335800002,3.88,3.36,2.14,0.13586302099997738,0.005325001000073826,0.12146411599997009,3.717835391729978,3.171356176779896,1.8296174463531987
115.41809751400001,3.9,3.36,2.14,0.041889481999987765,0.055469157000061386,0.02796145100001013,3.73870298365623,3.171356176779896,1.8296174463531987
115.46826209200003,3.9,3.36,2.14,0.09205406000000949,0.1056337350000831,0.07812602900003185,3.73870298365623,3.171356176779896,1.8296174463531987
115.51840163099996,3.9,3.38,2.14,0.14219359899993833,0.011982324999962657,0.1282655679999607,3.73870298365623,3.1925381751828743,1.8296174463531987
115.56873190800002,3.86,3.38,2.16,0.04849152699989645,0.06231260200001998,0.03452460299990889,3.6969582091227373,3.1925381751828743,1.8529705880018712
115.61907307699994,3.86,3.38,2.16,0.09883269599981759,0.11265377099994112,0.08486577199983003,3.6969582091227373,3.1925381751828743,1.8529705880018712
115.66921173500009,3.87,3.39,2.16,0.005058010000084323,0.018906601000026058,0.13500442999998086,3.7073980093860976,3.2031234756093934,1.8529705880018712
115.719544843,3.87,3.39,2.15,0.05539111799998864,0.06923970899993037,0.04142408699999578,3.7073980093860976,3.2031234756093934,1.8413038858374247
115.76991169200005,3.87,3.39,2.15,0.10575796700004503,0.11960655799998676,0.09179093600005217,3.7073980093860976,3.2031234756093934,1.8413038858374247
115.82025566700008,3.87,3.34,2.15,0.01204076600015469,0.02596136000011029,0.14213491100008468,3.7073980093860976,3.1501587261596833,1.8413038858374247
115.8705478710001,3.87,3.34,2.17,0.06233297000017046,0.07625356400012606,0.04818933100000322,3.7073980093860976,3.1501587261596833,1.8646179233290663
115.92092698300007,3.87,3.34,2.17,0.11271208200014371,0.1266326760000993,0.09856844299997647,3.7073980093860976,3.1501587261596833,1.8646179233290663
115.97126969400006,3.88,3.39,2.15,0.018877055000075416,0.032739109999965876,0.004821042999992642,3.717835391729978,3.2031234756093934,1.8413038858374247
116.02142910299995,3.88,3.39,2.15,0.06903646399996433,0.08289851899985479,0.05498045199988155,3.717835391729978,3.2031234756093934,1.8413038858374247
116.07164177300001,3.88,3.39,2.15,0.11924913400002879,0.13311118899991925,0.10519312199994602,3.717835391729978,3.2031234756093934,1.8413038858374247
116.12209609000001,3.87,3.36,2.17,0.02592924700002186,0.03971492400000898,0.010819846999993388,3.7073980093860976,3.171356176779896,1.8646179233290663
116.17226592499992,3.87,3.36,2.17,0.07609908199992788,0.089884758999915,0.0609896819998994,3.7073980093860976,3.171356176779896,1.8646179233290663
116.22241811499998,3.87,3.36,2.17,0.12625127199999042,0.14003694899997754,0.11114187199996195,3.7073980093860976,3.171356176779896,1.8646179233290663
116.2725244589999,3.9,3.4,2.16,0.03251885799977572,0.04632288399989193,0.01816285999984757,3.73870298365623,3.2137050269120837,1.8529705880018712
116.32263620200001,3.9,3.4,2.16,0.08263060099989161,0.09643462700000782,0.06827460299996346,3.73870298365623,3.2137050269120837,1.8529705880018712
116.37277040000004,3.9,3.41,2.16,0.132764798999915,0.0023460830000203714,0.11840880099998685,3.73870298365623,3.2242828660029197,1.8529705880018712
116.42310297199992,3.84,3.41,2.17,0.03881366599989633,0.05267865499990876,0.024305383999944752,3.676071272432024,3.2242828660029197,1.8646179233290663
116.47334160700007,3.84,3.41,2.17,0.08905230100003791,0.10291729000005034,0.07454401900008634,3.676071272432024,3.2242828660029197,1.8646179233290663
116.52345430300011,3.84,3.4,2.17,0.1391649970000799,0.00917559300000903,0.12465671500012832,3.676071272432024,3.2137050269120837,1.8646179233290663
116.57379177799999,3.87,3.4,2.16,0.045516654000039125,0.059513067999887426,0.031290753999883236,3.7073980093860976,3.2137050269120837,1.8529705880018712
116.62404318299991,3.87,3.4,2.16,0.09576805899996543,0.10976447299981373,0.08154215899980954,3.7073980093860976,3.2137050269120837,1.8529705880018712
116.67417603700005,3.86,3.41,2.16,0.0019806450000032783,0.01566108199995142,0.1316750129999491,3.6969582091227373,3.2242828660029197,1.8529705880018712
116.7245323489999,3.86,3.41,2.17,0.05233695699985219,0.06601739399980033,0.038049060999810536,3.6969582091227373,3.2242828660029197,1.8646179233290663
116.77470472300001,3.86,3.41,2.17,0.10250933099996473,0.11618976799991287,0.08822143499992308,3.6969582091227373,3.2242828660029197,1.8646179233290663
116.82480996000004,3.9,3.36,2.17,0.0082680220000384,0.02211384499992164,0.1383266719999483,3.73870298365623,3.171356176779896,1.8646179233290663
116.87514862900002,3.9,3.36,2.18,0.05860669100002269,0.07245251399990593,0.04479909800011228,3.73870298365623,3.171356176779896,1.8762462524945922
116.92526543000008,3.9,3.36,2.18,0.10872349200008102,0.12256931499996426,0.09491589900017061,3.73870298365623,3.171356176779896,1.8762462524945922
116.9755784890001,3.88,3.38,2.16,0.014703113999985362,0.029427920999978596,0.000821347000055539,3.717835391729978,3.1925381751828743,1.8529705880018712
117.02590806300009,3.88,3.38,2.16,0.06503268799997386,0.0797574949999671,0.051150921000044036,3.717835391729978,3.1925381751828743,1.8529705880018712
117.076005872,3.88,3.38,2.16,0.11513049699988187,0.1298553039998751,0.10124872999995205,3.717835391729978,3.1925381751828743,1.8529705880018712
117.12611060500012,3.9,3.39,2.14,0.021380933000045843,0.035858272000041325,0.007436261000066224,3.73870298365623,3.2031234756093934,1.8296174463531987
117.17622511900004,3.9,3.39,2.14,0.07149544699996113,0.08597278599995661,0.05755077499998151,3.73870298365623,3.2031234756093934,1.8296174463531987
117.22635345499998,3.9,3.39,2.14,0.1216237829999045,0.1361011219999,0.10767911099992489,3.73870298365623,3.2031234756093934,1.8296174463531987
117.27653359100009,3.9,3.39,2.14,0.17180391900001268,0.18628125800000817,0.15785924700003306,3.73870298365623,3.2031234756093934,1.8296174463531987
117.32690300400009,3.9,3.39,2.14,0.22217333200001121,0.2366506710000067,0.2082286600000316,3.73870298365623,3.2031234756093934,1.8296174463531987
117.3770244719999,3.9,3.39,2.14,0.27229479999982686,0.28677213899982235,0.25835012799984725,3.73870298365623,3.2031234756093934,1.8296174463531987
117.42717325100011,3.91,3.42,2.14,0.03480303100013771,0.048611660999995365,0.020624240000188365,3.7491332331620333,3.2348570292982033,1.8296174463531987
117.47729301999993,3.91,3.42,2.14,0.08492279999995844,0.0987314299998161,0.0707440090000091,3.7491332331620333,3.2348570292982033,1.8296174463531987
117.52768234700011,3.91,3.34,2.14,0.13531212700013384,0.004799409000042942,0.1211333360001845,3.7491332331620333,3.1501587261596833,1.8296174463531987
117.57779112999992,3.87,3.34,2.14,0.041129411999918375,0.05490819199985708,0.02708014299992101,3.7073980093860976,3.1501587261596833,1.8296174463531987
117.62812923199999,3.87,3.34,2.14,0.0914675139999872,0.10524629399992591,0.07741824499998984,3.7073980093860976,3.1501587261596833,1.8296174463531987
117.67827384299994,3.87,3.39,2.14,0.1416121249999378,0.011299316999838993,0.12756285599994044,3.7073980093860976,3.2031234756093934,1.8296174463531987
117.72845745900008,3.9,3.39,2.16,0.04765708800005086,0.06148293299997931,0.03372821700008899,3.73870298365623,3.2031234756093934,1.8529705880018712
117.77874121500008,3.9,3.39,2.16,0.09794084400004976,0.11176668899997821,0.08401197300008789,3.73870298365623,3.2031234756093934,1.8529705880018712
117.82890672999997,3.86,3.38,2.16,0.0043158230000699405,0.017941822000011598,0.13417748799997753,3.6969582091227373,3.1925381751828743,1.8529705880018712
117.87914181199994,3.86,3.38,2.17,0.054550905000041894,0.06817690399998355,0.04072540099991784,3.6969582091227373,3.1925381751828743,1.8646179233290663
117.92930453300005,3.86,3.38,2.17,0.104713626000148,0.11833962500008965,0.09088812200002394,3.6969582091227373,3.1925381751828743,1.8646179233290663
117.97944557699998,3.9,3.41,2.17,0.010946201000024303,0.024841811999976926,0.14102916599995297,3.73870298365623,3.2242828660029197,1.8646179233290663
118.02980622700011,3.9,3.41,2.13,0.061306851000153983,0.0752024620001066,0.0475018550000641,3.73870298365623,3.2242828660029197,1.8179108889051738
118.08009467800002,3.9,3.41,2.13,0.11159530200006884,0.12549091300002146,0.09779030599997895,3.73870298365623,3.2242828660029197,1.8179108889051738
118.1302692920001,3.89,3.36,2.11,0.017711799000153405,0.031343641000148637,0.003509419000010894,3.7282703764614498,3.171356176779896,1.794435844492636
118.18041153800004,3.89,3.36,2.11,0.06785404500010372,0.08148588700009896,0.05365166499996121,3.7282703764614498,3.171356176779896,1.794435844492636
118.23067758499997,3.89,3.36,2.11,0.11812009200002649,0.13175193400002172,0.10391771199988398,3.7282703764614498,3.171356176779896,1.794435844492636
118.28092474200002,3.9,3.42,2.15,0.024024400999905993,0.03800412500004313,0.010140239000065776,3.73870298365623,3.2348570292982033,1.8413038858374247
118.33104359699996,3.9,3.42,2.15,0.07414325599984295,0.08812297999998009,0.06025909400000273,3.73870298365623,3.2348570292982033,1.8413038858374247
118.38119239599996,3.9,3.42,2.15,0.12429205499984164,0.13827177899997878,0.11040789300000142,3.73870298365623,3.2348570292982033,1.8413038858374247
118.43129391699995,3.88,3.41,2.17,0.030813492999868686,0.04456315499987795,0.016866595999999845,3.717835391729978,3.2242828660029197,1.8646179233290663
118.48144133799997,3.88,3.41,2.17,0.08096091399988836,0.09471057599989763,0.06701401700001952,3.717835391729978,3.2242828660029197,1.8646179233290663
118.53172526799995,3.88,3.36,2.17,0.13124484399986613,0.0009522169998490426,0.1172979469999973,3.717835391729978,3.171356176779896,1.8646179233290663
118.58188674300004,3.87,3.36,2.16,0.037073831000043356,0.05111369199994442,0.023365224000144735,3.7073980093860976,3.171356176779896,1.8529705880018712
118.63205585700007,3.87,3.36,2.16,0.0872429450000709,0.10128280599997197,0.07353433800017228,3.7073980093860976,3.171356176779896,1.8529705880018712
118.68238938100012,3.87,3.38,2.16,0.13757646900012332,0.0074683850000383245,0.1238678620002247,3.7073980093860976,3.1925381751828743,1.8529705880018712
118.73250871599998,3.88,3.38,2.12,0.043750021000050765,0.05758771999990131,0.02984836899986476,3.717835391729978,3.1925381751828743,1.8061838223170976
118.78270792400008,3.88,3.38,2.12,0.09394922900014535,0.1077869279999959,0.08004757699995935,3.717835391729978,3.1925381751828743,1.8061838223170976
118.832792745,3.89,3.42,2.12,0.00044924600001650106,0.011801139999988663,0.13013239799988696,3.7282703764614498,3.2348570292982033,1.8061838223170976
118.88291587999993,3.89,3.42,2.13,0.050572380999938105,0.06192427499991027,0.03580642099996112,3.7282703764614498,3.2348570292982033,1.8179108889051738
118.93312441100011,3.89,3.42,2.13,0.1007809120001184,0.11213280600009057,0.08601495200014142,3.7282703764614498,3.2348570292982033,1.8179108889051738
118.983308588,3.87,3.39,2.13,0.006824638999887611,0.020656649000102334,0.13619912900003328,3.7073980093860976,3.2031234756093934,1.8179108889051738
119.03359890999991,3.87,3.39,2.17,0.057114960999797404,0.07094697100001213,0.042883422999921095,3.7073980093860976,3.2031234756093934,1.8646179233290663
119.08393498700002,3.87,3.39,2.17,0.1074510379999083,0.12128304800012302,0.09321950000003199,3.7073980093860976,3.2031234756093934,1.8646179233290663
119.13424160199997,3.87,3.35,2.17,0.013420693999933064,0.0275546679999934,0.14352611499998602,3.7073980093860976,3.1607594024221455,1.8646179233290663
119.18458419700005,3.87,3.35,2.17,0.06376328900000772,0.07789726300006805,0.04925879699999314,3.7073980093860976,3.1607594024221455,1.8646179233290663
119.23493933200007,3.87,3.35,2.17,0.1141184240000257,0.12825239800008603,0.09961393200001112,3.7073980093860976,3.1607594024221455,1.8646179233290663
119.285138039,3.88,3.38,2.16,0.0205676499999754,0.03426271400007863,0.00604863400008071,3.717835391729978,3.1925381751828743,1.8529705880018712
119.33525619000011,3.88,3.38,2.16,0.07068580100008148,0.08438086500018471,0.05616678500018679,3.717835391729978,3.1925381751828743,1.8529705880018712
119.3853964939999,3.88,3.38,2.16,0.12082610499987823,0.13452116899998146,0.10630708899998353,3.717835391729978,3.1925381751828743,1.8529705880018712
119.4357363900001,3.88,3.4,2.16,0.026850264000131574,0.04085953700018763,0.012906407000173203,3.717835391729978,3.2137050269120837,1.8529705880018712
119.486081689,3.88,3.4,2.16,0.07719556300003205,0.09120483600008811,0.06325170600007368,3.717835391729978,3.2137050269120837,1.8529705880018712
119.53642663300002,3.88,3.4,2.16,0.12754050700004882,0.14154978000010487,0.11359665000009045,3.717835391729978,3.2137050269120837,1.8529705880018712
119.58658044799995,3.87,3.36,2.14,0.03345352799988177,0.048014912999860826,0.019487289999915447,3.7073980093860976,3.171356176779896,1.8296174463531987
119.636762052,3.87,3.36,2.14,0.08363513199992667,0.09819651699990573,0.06966889399996035,3.7073980093860976,3.171356176779896,1.8296174463531987
119.6868814899999,3.87,3.34,2.14,0.13375456999983726,0.004257731999814496,0.11978833199987093,3.7073980093860976,3.1501587261596833,1.8296174463531987
119.7372185480001,3.88,3.34,2.16,0.040454988000192316,0.05459479000001011,0.02655165200008014,3.717835391729978,3.1501587261596833,1.8529705880018712
119.78756078800006,3.88,3.34,2.16,0.09079722800015588,0.10493702999997367,0.0768938920000437,3.717835391729978,3.1501587261596833,1.8529705880018712
119.83788922300005,3.88,3.41,2.16,0.14112566300013896,0.01060823300008451,0.12722232700002678,3.717835391729978,3.2242828660029197,1.8529705880018712
119.88800968500004,3.89,3.41,2.19,0.0468705040000259,0.060728695000079824,0.03307808599993223,3.7282703764614498,3.2242828660029197,1.887855926706273
119.9383472699999,3.89,3.41,2.19,0.09720808899987787,0.1110662799999318,0.0834156709997842,3.7282703764614498,3.2242828660029197,1.887855926706273
119.98844492700005,3.9,3.4,2.19,0.0036318459999620245,0.017203708000124607,0.13351332799993543,3.73870298365623,3.2137050269120837,1.887855926706273
120.0387805979999,3.9,3.4,2.14,0.053967516999819054,0.06753937899998164,0.040034231999925396,3.73870298365623,3.2137050269120837,1.8296174463531987
120.0890942850001,3.9,3.4,2.14,0.10428120400001717,0.11785306600017975,0.09034791900012351,3.73870298365623,3.2137050269120837,1.8296174463531987
120.13932462799994,3.86,3.42,2.14,0.010210733999883814,0.02388699799985261,0.1405782619999627,3.6969582091227373,3.2348570292982033,1.8296174463531987
120.18946337800003,3.86,3.42,2.13,0.0603494839999712,0.07402574799994,0.046635144999982,3.6969582091227373,3.2348570292982033,1.8179108889051738
120.23954619400001,3.86,3.42,2.13,0.11043229999995674,0.12410856399992554,0.09671796099996754,3.6969582091227373,3.2348570292982033,1.8179108889051738
120.28965525100011,3.86,3.42,2.13,0.16054135700005645,0.17421762100002525,0.14682701800006726,3.6969582091227373,3.2348570292982033,1.8179108889051738
