time,d1,d2,d3,t_uwb_1,t_uwb_2,t_uwb_3,el1,el2,el3
0.151470889999473,2.31,3.19,4.77,0.03670962399974087,0.05116472299960151,0.022773661999963224,2.025833161936096,2.990652102802999,4.63905162721865
0.2016544119996979,2.31,3.19,4.77,0.08689314599996578,0.10134824499982642,0.07295718400018814,2.025833161936096,2.990652102802999,4.63905162721865
0.25199637499918026,2.31,3.24,4.77,0.13723510899944813,0.007199723999292473,0.12329914699967048,2.025833161936096,3.043928382863171,4.63905162721865
0.30232861999957095,2.33,3.24,4.77,0.04370662499968603,0.05753196899968316,0.02965671099991596,2.0486092843683004,3.043928382863171,4.63905162721865
0.35266739599956054,2.33,3.24,4.77,0.09404540099967562,0.10787074499967275,0.07999548699990555,2.0486092843683004,3.043928382863171,4.63905162721865
0.4028166769994641,2.36,3.21,4.77,0.00010240499977953732,0.014049311999769998,0.13014476799980912,2.082666559965853,3.0119760955226718,4.63905162721865
0.45316954899954,2.36,3.21,4.75,0.050455276999855414,0.06440218399984587,0.036524725999697694,2.082666559965853,3.0119760955226718,4.618484599952673
0.5034936839992952,2.36,3.21,4.75,0.1007794119996106,0.11472631899960106,0.08684886099945288,2.082666559965853,3.0119760955226718,4.618484599952673
0.5538332329997502,2.33,3.23,4.75,0.007114643000022625,0.021353989000090223,0.1371884099999079,2.0486092843683004,3.0332820508485523,4.618484599952673
0.6041699709994646,2.33,3.23,4.71,0.05745138099973701,0.07169072699980461,0.043762334999883024,2.0486092843683004,3.0332820508485523,4.5773354694625565
0.6544991529999606,2.33,3.23,4.71,0.10778056300023309,0.12201990900030069,0.0940915170003791,2.0486092843683004,3.0332820508485523,4.5773354694625565
0.7046602769996753,2.34,3.24,4.75,0.014096015999712108,0.027944440000283066,6.29739997748402e-05,2.059975728012347,3.043928382863171,4.618484599952673
0.7549954179994529,2.34,3.24,4.75,0.06443115699948976,0.07827958100006072,0.05039811499955249,2.059975728012347,3.043928382863171,4.618484599952673
0.8052053109995541,2.34,3.24,4.75,0.1146410499995909,0.12848947400016186,0.10060800799965364,2.059975728012347,3.043928382863171,4.618484599952673
0.8555471089994171,2.34,3.24,4.75,0.16498284799945395,0.1788312720000249,0.15094980599951668,2.059975728012347,3.043928382863171,4.618484599952673
0.9057470949992421,2.34,3.24,4.75,0.21518283399927896,0.2290312579998499,0.2011497919993417,2.059975728012347,3.043928382863171,4.618484599952673
0.9560674799995468,2.34,3.24,4.75,0.2655032189995836,0.2793516430001546,0.25147017699964636,2.059975728012347,3.043928382863171,4.618484599952673
1.0061507319996963,2.31,3.24,4.6899999999999995,0.027866925000125775,0.04175835899968661,0.014066345000173897,2.025833161936096,3.043928382863171,4.556753230097061
1.056489605999559,2.31,3.24,4.6899999999999995,0.07820579899998847,0.0920972329995493,0.0644052190000366,2.025833161936096,3.043928382863171,4.556753230097061
1.106825745999231,2.31,3.24,4.6899999999999995,0.1285419389996605,0.14243337299922132,0.11474135899970861,2.025833161936096,3.043928382863171,4.556753230097061
1.157161979999728,2.3499999999999996,3.29,4.75,0.03455536399997072,0.04845126300006086,0.02062950500021543,2.0713280763799826,3.0970954134478967,4.618484599952673
1.2074947209994207,2.3499999999999996,3.29,4.75,0.08488810499966348,0.09878400399975362,0.07096224599990819,2.0713280763799826,3.0970954134478967,4.618484599952673
1.2577879739992568,2.3499999999999996,3.2600000000000002,4.75,0.1351813579994996,0.005124065000018163,0.1212554989997443,2.0713280763799826,3.0652079864178874,4.618484599952673
1.308125841999754,2.3699999999999997,3.2600000000000002,4.7299999999999995,0.041872423000313574,0.05546193300051527,0.027926574000048277,2.0939914039938174,3.0652079864178874,4.597912569851671
1.3585032669998327,2.3699999999999997,3.2600000000000002,4.7299999999999995,0.09224984800039238,0.10583935800059407,0.07830399900012708,2.0939914039938174,3.0652079864178874,4.597912569851671
1.408653640999546,2.3699999999999997,3.2600000000000002,4.7299999999999995,0.14240022200010571,0.012011253000309807,0.12845437299984042,2.0939914039938174,3.0652079864178874,4.597912569851671
1.458996377999938,2.32,3.2600000000000002,4.71,0.0486849090002579,0.06235399000070174,0.034515656000621675,2.0372285095197347,3.0652079864178874,4.5773354694625565
1.5093517159994008,2.32,3.2600000000000002,4.71,0.0990402469997207,0.11270932800016453,0.08487099400008447,2.0372285095197347,3.0652079864178874,4.5773354694625565
1.559713109999393,2.3499999999999996,3.25,4.71,0.005181401999834634,0.01908824400015874,0.13523238800007675,2.0713280763799826,3.054570346218924,4.5773354694625565
1.6100286109995068,2.3499999999999996,3.25,4.71,0.05549690299994836,0.06940374500027247,0.04192147399953683,2.0713280763799826,3.054570346218924,4.5773354694625565
1.6603472999995574,2.3499999999999996,3.25,4.71,0.10581559199999901,0.11972243400032312,0.09224016299958748,2.0713280763799826,3.054570346218924,4.5773354694625565
1.7107097939997402,2.34,3.2600000000000002,4.71,0.012528967000434932,0.026124845000595087,0.14260265699977026,2.059975728012347,3.0652079864178874,4.5773354694625565
1.761066956999457,2.34,3.2600000000000002,4.71,0.06288613000015175,0.07648200800031191,0.04833314600000449,2.059975728012347,3.0652079864178874,4.5773354694625565
1.8112082749994443,2.34,3.2600000000000002,4.71,0.11302744800013897,0.12662332600029913,0.09847446399999171,2.059975728012347,3.0652079864178874,4.5773354694625565
1.8615000949994283,2.3499999999999996,3.27,4.7299999999999995,0.01900316999945062,0.032948914999906265,0.004772018999574357,2.0713280763799826,3.075841348314311,4.597912569851671
1.9116837980000128,2.3499999999999996,3.27,4.7299999999999995,0.06918687300003512,0.08313261800049077,0.05495572200015886,2.0713280763799826,3.075841348314311,4.597912569851671
1.9619209839993346,2.3499999999999996,3.27,4.7299999999999995,0.11942405899935693,0.13336980399981258,0.10519290799948067,2.0713280763799826,3.075841348314311,4.597912569851671
2.01202452599955,2.3499999999999996,3.25,4.71,0.16952760099957231,0.03948405899973295,0.011297238000224752,2.0713280763799826,3.054570346218924,4.5773354694625565
2.0623618569998143,2.3499999999999996,3.25,4.71,0.2198649319998367,0.08982138999999734,0.06163456900048914,2.0713280763799826,3.054570346218924,4.5773354694625565
2.1126591279999047,2.3499999999999996,3.25,4.71,0.2701622029999271,0.14011866100008774,0.11193184000057954,2.0713280763799826,3.054570346218924,4.5773354694625565
2.1629843439995966,2.3499999999999996,3.21,4.75,0.32048741899961897,0.04646856100043806,0.018299974000001384,2.0713280763799826,3.0119760955226718,4.618484599952673
2.213341200999821,2.3499999999999996,3.21,4.75,0.3708442759998434,0.09682541800066247,0.0686568310002258,2.0713280763799826,3.0119760955226718,4.618484599952673
2.2634895859991957,2.3499999999999996,3.19,4.75,0.42099266099921806,0.0029706299992540153,0.11880521599960048,2.0713280763799826,2.990652102802999,4.618484599952673
2.3138226529999883,2.32,3.19,4.71,0.03909253400070156,0.05330369700004667,0.025196192000294104,2.0372285095197347,2.990652102802999,4.5773354694625565
2.364152568999998,2.32,3.19,4.71,0.08942245000071125,0.10363361300005636,0.0755261080003038,2.0372285095197347,2.990652102802999,4.5773354694625565
2.4144828989992675,2.32,3.24,4.71,0.1397527799999807,0.010342935999688052,0.12585643799957325,2.0372285095197347,3.043928382863171,4.5773354694625565
2.464734997999585,2.33,3.24,4.71,0.04599565399985295,0.06059503500000574,0.0320944610002698,2.0486092843683004,3.043928382863171,4.5773354694625565
2.5150512599993817,2.33,3.24,4.71,0.0963119159996495,0.11091129699980229,0.08241072300006635,2.0486092843683004,3.043928382863171,4.5773354694625565
2.565382492000026,2.3499999999999996,3.19,4.71,0.002713055000640452,0.01698658900022565,0.13274195500071073,2.0713280763799826,2.990652102802999,4.5773354694625565
2.615712544999951,2.3499999999999996,3.19,4.6899999999999995,0.05304310800056555,0.06731664200015075,0.03910129399992002,2.0713280763799826,2.990652102802999,4.556753230097061
2.6659633859999303,2.3499999999999996,3.19,4.6899999999999995,0.10329394900054467,0.11756748300012987,0.08935213499989914,2.0713280763799826,2.990652102802999,4.556753230097061
2.7163072879993706,2.33,3.23,4.6899999999999995,0.00966129100015678,0.023946659000102954,0.1396960369993394,2.0486092843683004,3.0332820508485523,4.556753230097061
2.766645991999212,2.33,3.23,4.75,0.05999999499999831,0.07428536299994448,0.046066782999332645,2.0486092843683004,3.0332820508485523,4.618484599952673
2.8169801079993704,2.33,3.23,4.75,0.11033411100015655,0.12461947900010273,0.09640089899949089,2.0486092843683004,3.0332820508485523,4.618484599952673
2.867323967999255,2.32,3.23,4.7299999999999995,0.016665457999806677,0.030990978999398067,0.00276721299997007,2.0372285095197347,3.0332820508485523,4.597912569851671
2.9176518169997507,2.32,3.23,4.7299999999999995,0.0669933070003026,0.08131882799989398,0.05309506200046599,2.0372285095197347,3.0332820508485523,4.597912569851671
2.968002182999953,2.32,3.23,4.7299999999999995,0.11734367300050508,0.13166919400009647,0.10344542800066847,2.0372285095197347,3.0332820508485523,4.597912569851671
3.0183331389998784,2.32,3.21,4.75,0.02370966499984206,0.03764965300069889,0.009776719000001322,2.0372285095197347,3.0119760955226718,4.618484599952673
3.0686656939997192,2.32,3.21,4.75,0.07404221999968286,0.08798220800053969,0.06010927399984212,2.0372285095197347,3.0119760955226718,4.618484599952673
3.1190117199994347,2.32,3.21,4.75,0.12438824599939835,0.13832823400025518,0.11045529999955761,2.0372285095197347,3.0119760955226718,4.618484599952673
3.1693414100000155,2.32,3.24,4.71,0.030717603000084637,0.04464297000049555,0.016682955000760558,2.0372285095197347,3.043928382863171,4.5773354694625565
3.2196959109996897,2.32,3.24,4.71,0.08107210399975884,0.09499747100016975,0.06703745600043476,2.0372285095197347,3.043928382863171,4.5773354694625565
3.2700247899992974,2.32,3.2600000000000002,4.71,0.13140098299936653,0.0016804189999675145,0.11736633500004245,2.0372285095197347,3.0652079864178874,4.5773354694625565
3.3203770059999442,2.32,3.2600000000000002,4.77,0.037804057000357716,0.05203263500061439,0.023994318000404746,2.0372285095197347,3.0652079864178874,4.63905162721865
3.370712119000018,2.32,3.2600000000000002,4.77,0.08813917000043148,0.10236774800068815,0.07432943100047851,2.0372285095197347,3.0652079864178874,4.63905162721865
3.4210476989992458,2.32,3.21,4.77,0.13847474999965925,0.008412257999225403,0.12466501099970628,2.0372285095197347,3.0119760955226718,4.63905162721865
3.471377367999594,2.33,3.21,4.7299999999999995,0.04499210700032563,0.05874192699957348,0.03083366099963314,2.0486092843683004,3.0119760955226718,4.597912569851671
3.521667768000043,2.33,3.21,4.7299999999999995,0.09528250700077479,0.10903232700002263,0.08112406100008229,2.0486092843683004,3.0119760955226718,4.597912569851671
3.5718659969998043,2.32,3.27,4.7299999999999995,0.0012952300003234996,0.015269913999873097,0.13132228999984363,2.0372285095197347,3.075841348314311,4.597912569851671
3.622231503999501,2.32,3.27,4.75,0.05166073700002016,0.06563542099956976,0.03782332100036001,2.0372285095197347,3.075841348314311,4.618484599952673
3.6725718249999773,2.32,3.27,4.75,0.10200105800049641,0.11597574200004601,0.08816364200083626,2.0372285095197347,3.075841348314311,4.618484599952673
3.7229049739999027,2.34,3.24,4.75,0.008408906000113348,0.02232717600054457,0.13849679100076173,2.059975728012347,3.043928382863171,4.618484599952673
3.773206318999655,2.34,3.24,4.75,0.05871025099986582,0.07262852100029704,0.044813166000494675,2.059975728012347,3.043928382863171,4.618484599952673
3.823547501999201,2.34,3.24,4.75,0.10905143399941153,0.12296970399984275,0.09515434900004038,2.059975728012347,3.043928382863171,4.618484599952673
3.873872947999189,2.34,3.24,4.75,0.15937687999939953,0.17329514999983076,0.1454797950000284,2.059975728012347,3.043928382863171,4.618484599952673
3.9242620819995864,2.34,3.24,4.75,0.209766013999797,0.22368428400022822,0.19586892900042585,2.059975728012347,3.043928382863171,4.618484599952673
3.974609558999873,2.34,3.24,4.75,0.26011349100008374,0.27403176100051496,0.2462164060007126,2.059975728012347,3.043928382863171,4.618484599952673
4.0247979539999506,2.36,3.24,4.7299999999999995,0.022633917000348447,0.03647746600017854,0.008475655000438564,2.082666559965853,3.043928382863171,4.597912569851671
4.075112273999366,2.36,3.24,4.7299999999999995,0.07294823699976405,0.08679178599959414,0.058789974999854167,2.082666559965853,3.043928382863171,4.597912569851671
4.125446916999863,2.36,3.24,4.7299999999999995,0.12328288000026077,0.13712642900009087,0.10912461800035089,2.082666559965853,3.043928382863171,4.597912569851671
4.175748900999679,2.3499999999999996,3.3200000000000003,4.71,0.029359811000176705,0.043500712000422936,0.015793448999829707,2.0713280763799826,3.128945509273052,4.5773354694625565
4.226068901999497,2.3499999999999996,3.3200000000000003,4.71,0.07967981199999485,0.09382071300024108,0.06611344999964786,2.0713280763799826,3.128945509273052,4.5773354694625565
4.276471421999304,2.3499999999999996,3.3200000000000003,4.71,0.13008233199980168,0.1442232330000479,0.11651596999945468,2.0713280763799826,3.128945509273052,4.5773354694625565
4.326815024999632,2.31,3.21,4.75,0.036441926000406966,0.05006910399970366,0.02275053300036234,2.025833161936096,3.0119760955226718,4.618484599952673
4.376951932999873,2.31,3.21,4.75,0.08657883400064748,0.10020601199994417,0.07288744100060285,2.025833161936096,3.0119760955226718,4.618484599952673
4.427282733999164,2.31,3.27,4.75,0.13690963499993813,0.006835943999249139,0.12321824199989351,2.025833161936096,3.075841348314311,4.618484599952673
4.477615482999681,2.33,3.27,4.7299999999999995,0.04348800099978689,0.05716869299976679,0.02913433800040366,2.0486092843683004,3.075841348314311,4.597912569851671
4.527959753999312,2.33,3.27,4.7299999999999995,0.09383227199941757,0.10751296399939747,0.07947860900003434,2.0486092843683004,3.075841348314311,4.597912569851671
4.578152339999178,2.33,3.3000000000000003,4.7299999999999995,0.144024857999284,0.013769200999377063,0.12967119499990076,2.0486092843683004,3.107716203259236,4.597912569851671
4.62848691399995,2.34,3.3000000000000003,4.6899999999999995,0.04984519000026921,0.06410377500014874,0.03589202200055297,2.059975728012347,3.107716203259236,4.556753230097061
4.678825004999453,2.34,3.3000000000000003,4.6899999999999995,0.10018328099977225,0.11444186599965178,0.08623011300005601,2.059975728012347,3.107716203259236,4.556753230097061
4.728949964999629,2.3499999999999996,3.25,4.6899999999999995,0.0068427750002229,0.020586609000019962,0.13635507300023164,2.0713280763799826,3.054570346218924,4.556753230097061
4.77929838899945,2.3499999999999996,3.25,4.7299999999999995,0.057191199000044435,0.0709350329998415,0.04302893000021868,2.0713280763799826,3.054570346218924,4.597912569851671
4.829602253999838,2.3499999999999996,3.25,4.7299999999999995,0.10749506400043174,0.1212388980002288,0.09333279500060598,2.0713280763799826,3.054570346218924,4.597912569851671
4.879919713999698,2.36,3.23,4.7299999999999995,0.013282539000101679,0.02758460000040941,0.14365025500046613,2.082666559965853,3.0332820508485523,4.597912569851671
4.930236921999494,2.36,3.23,4.7299999999999995,0.06359974699989834,0.07790180800020607,0.049780006000219146,2.082666559965853,3.0332820508485523,4.597912569851671
4.980570463999356,2.36,3.23,4.7299999999999995,0.11393328899976041,0.12823535000006814,0.10011354800008121,2.082666559965853,3.0332820508485523,4.597912569851671
5.0309040949996415,2.34,3.24,4.7299999999999995,0.02029872000002797,0.03460485300001892,0.006368635000399081,2.059975728012347,3.043928382863171,4.597912569851671
5.081273608999254,2.34,3.24,4.7299999999999995,0.0706682339996405,0.08497436699963146,0.05673814900001162,2.059975728012347,3.043928382863171,4.597912569851671
5.131575897999937,2.34,3.24,4.7299999999999995,0.12097052300032374,0.1352766560003147,0.10704043800069485,2.059975728012347,3.043928382863171,4.597912569851671
5.181906926000011,2.34,3.23,4.71,0.027308165000249573,0.0419330960003208,0.013390174000051047,2.059975728012347,3.0332820508485523,4.5773354694625565
5.231998104999548,2.34,3.23,4.71,0.07739934399978665,0.09202427499985788,0.06348135299958813,2.059975728012347,3.0332820508485523,4.5773354694625565
5.28233529299996,2.34,3.23,4.71,0.12773653200019908,0.1423614630002703,0.11381854100000055,2.059975728012347,3.0332820508485523,4.5773354694625565
5.3326785739991465,2.36,3.2600000000000002,4.75,0.034122884999305825,0.048414360999231576,0.020479803999478463,2.082666559965853,3.0652079864178874,4.618484599952673
5.382916441999441,2.36,3.2600000000000002,4.75,0.08436075299960066,0.09865222899952641,0.0707176719997733,2.082666559965853,3.0652079864178874,4.618484599952673
5.433041939999384,2.36,3.19,4.75,0.1344862509995437,0.004438844999640423,0.12084316999971634,2.082666559965853,2.990652102802999,4.618484599952673
5.483183662999181,2.32,3.19,4.71,0.04064686199944845,0.054580567999437335,0.026732149999588728,2.0372285095197347,2.990652102802999,4.5773354694625565
5.533295184999588,2.32,3.19,4.71,0.09075838399985514,0.10469208999984403,0.07684367199999542,2.0372285095197347,2.990652102802999,4.5773354694625565
5.5836059609991935,2.32,3.21,4.71,0.14106915999946068,0.011022026999853551,0.12715444799960096,2.0372285095197347,3.0119760955226718,4.5773354694625565
5.633985144999315,2.34,3.21,4.71,0.047850770999502856,0.061401210999974865,0.033578468000087014,2.059975728012347,3.0119760955226718,4.5773354694625565
5.684321078999346,2.34,3.21,4.71,0.09818670499953441,0.11173714500000642,0.08391440200011857,2.059975728012347,3.0119760955226718,4.5773354694625565
5.734471843999927,2.3499999999999996,3.27,4.71,0.004011405000710511,0.018219014999885985,0.13406516700069915,2.0713280763799826,3.075841348314311,4.5773354694625565
5.784769251999933,2.3499999999999996,3.27,4.71,0.05430881300071633,0.0685164229998918,0.04062409500056674,2.0713280763799826,3.075841348314311,4.5773354694625565
5.835108716999457,2.3499999999999996,3.27,4.71,0.10464827800024068,0.11885588799941615,0.09096356000009109,2.0713280763799826,3.075841348314311,4.5773354694625565
5.885390376999567,2.34,3.25,4.71,0.010914036000031047,0.02483067699995445,0.1412452200002008,2.059975728012347,3.054570346218924,4.5773354694625565
5.93570921599985,2.34,3.25,4.6899999999999995,0.06123287500031438,0.07514951600023778,0.047359075000713347,2.059975728012347,3.054570346218924,4.556753230097061
5.986052210999333,2.34,3.25,4.6899999999999995,0.11157586999979685,0.12549251099972025,0.09770207000019582,2.059975728012347,3.054570346218924,4.556753230097061
6.0363924179991955,2.34,3.27,4.7299999999999995,0.018173299999943993,0.03188467599920841,0.004040107999571774,2.059975728012347,3.075841348314311,4.597912569851671
6.086738118999165,2.34,3.27,4.7299999999999995,0.06851900099991326,0.08223037699917768,0.05438580899954104,2.059975728012347,3.075841348314311,4.597912569851671
6.136862730999383,2.34,3.27,4.7299999999999995,0.11864361300013115,0.13235498899939557,0.10451042099975894,2.059975728012347,3.075841348314311,4.597912569851671
6.187214160999247,2.34,3.25,4.75,0.024834774999362708,0.038719063999451464,0.010918833999312483,2.059975728012347,3.054570346218924,4.618484599952673
6.23754617799932,2.34,3.25,4.75,0.0751667919994361,0.08905108099952486,0.061250850999385875,2.059975728012347,3.054570346218924,4.618484599952673
6.287880907999352,2.34,3.25,4.75,0.1255015219994675,0.13938581099955627,0.11158558099941729,2.059975728012347,3.054570346218924,4.618484599952673
6.3382177459998275,2.36,3.21,4.7299999999999995,0.03186423500028468,0.04576073499993072,0.01795151900023484,2.082666559965853,3.0119760955226718,4.597912569851671
6.388565720999395,2.36,3.21,4.7299999999999995,0.08221220999985235,0.09610870999949839,0.06829949399980251,2.082666559965853,3.0119760955226718,4.597912569851671
6.43868792899957,2.36,3.2600000000000002,4.7299999999999995,0.13233441800002765,0.0024844520003171056,0.11842170199997781,2.082666559965853,3.0652079864178874,4.597912569851671
6.489024822999454,2.31,3.2600000000000002,4.71,0.03870303799976682,0.05282134600020072,0.02476951500011637,2.025833161936096,3.0652079864178874,4.5773354694625565
6.539358085999993,2.31,3.2600000000000002,4.71,0.08903630100030568,0.10315460900073958,0.07510277800065523,2.025833161936096,3.0652079864178874,4.5773354694625565
6.589676269999472,2.31,3.21,4.71,0.1393544849997852,0.009303502999500779,0.12542096200013475,2.025833161936096,3.0119760955226718,4.5773354694625565
6.640015717999631,2.29,3.21,4.7299999999999995,0.04570408099971246,0.05964295099965966,0.0317897710001489,2.0029977533686854,3.0119760955226718,4.597912569851671
6.69034395899962,2.29,3.21,4.7299999999999995,0.0960323219997008,0.109971191999648,0.08211801200013724,2.0029977533686854,3.0119760955226718,4.597912569851671
6.740495824999925,2.32,3.21,4.7299999999999995,0.002228008000201953,0.016162247000465868,0.132269878000443,2.0372285095197347,3.0119760955226718,4.597912569851671
6.790619589999551,2.32,3.21,4.7299999999999995,0.05235177299982752,0.06628601200009143,0.03842975400038995,2.0372285095197347,3.0119760955226718,4.597912569851671
6.840731889999915,2.32,3.21,4.7299999999999995,0.102464073000192,0.11639831200045592,0.08854205400075443,2.0372285095197347,3.0119760955226718,4.597912569851671
6.890908002999822,2.32,3.21,4.7299999999999995,0.15264018600009877,0.16657442500036268,0.1387181670006612,2.0372285095197347,3.0119760955226718,4.597912569851671
6.94108302999939,2.32,3.21,4.7299999999999995,0.20281521299966698,0.2167494519999309,0.18889319400022941,2.0372285095197347,3.0119760955226718,4.597912569851671
6.991452191999997,2.32,3.21,4.7299999999999995,0.2531843750002736,0.2671186140005375,0.239262356000836,2.0372285095197347,3.0119760955226718,4.597912569851671
7.041692417999911,2.3499999999999996,3.21,4.7299999999999995,0.015479100000447943,0.3173588400004519,0.0011642580002444447,2.0713280763799826,3.0119760955226718,4.597912569851671
7.092028967999795,2.3499999999999996,3.21,4.7299999999999995,0.06581565000033152,0.36769539000033546,0.05150080800012802,2.0713280763799826,3.0119760955226718,4.597912569851671
7.142116275999797,2.3499999999999996,3.21,4.7299999999999995,0.11590295800033346,0.4177826980003374,0.10158811600012996,2.0713280763799826,3.0119760955226718,4.597912569851671
7.192229424999823,2.38,3.21,4.71,0.022021110999958182,0.4678958470003636,0.007741235000139568,2.1053028285735995,3.0119760955226718,4.5773354694625565
7.2425960589998795,2.38,3.21,4.71,0.07238774500001455,0.5182624810004199,0.05810786900019593,2.1053028285735995,3.0119760955226718,4.5773354694625565
7.292952607999723,2.38,3.21,4.71,0.1227442939998582,0.5686190300002636,0.10846441800003959,2.1053028285735995,3.0119760955226718,4.5773354694625565
7.343294323000009,2.36,3.24,4.71,0.029102215000420983,0.04330367400052637,0.01482621100058168,2.082666559965853,3.043928382863171,4.5773354694625565
7.393627606999871,2.36,3.24,4.71,0.07943549900028302,0.0936369580003884,0.06515949500044371,2.082666559965853,3.043928382863171,4.5773354694625565
7.443849170999783,2.36,3.24,4.71,0.1296570630001952,0.14385852200030058,0.11538105900035589,2.082666559965853,3.043928382863171,4.5773354694625565
7.494170641999517,2.34,3.25,4.75,0.03581491699969774,0.04986146299961547,0.022020528000211925,2.059975728012347,3.054570346218924,4.618484599952673
7.544500911999421,2.34,3.25,4.75,0.08614518699960172,0.10019173299951945,0.0723507980001159,2.059975728012347,3.054570346218924,4.618484599952673
7.594846602999496,2.34,3.2,4.75,0.13649087799967674,0.006627892000324209,0.12269648900019092,2.059975728012347,3.0013163778582226,4.618484599952673
7.645198254999741,2.36,3.2,4.77,0.04299487299977045,0.05697954400056915,0.028826780000599683,2.082666559965853,3.0013163778582226,4.63905162721865
7.695533938999688,2.36,3.2,4.77,0.09333055699971737,0.10731522800051607,0.0791624640005466,2.082666559965853,3.0013163778582226,4.63905162721865
7.745791133999774,2.36,3.25,4.77,0.143587751999803,0.013601913000456989,0.12941965900063224,2.082666559965853,3.054570346218924,4.63905162721865
7.796145460999469,2.34,3.25,4.7299999999999995,0.049836848999802896,0.06395624000015232,0.035764713999924425,2.059975728012347,3.054570346218924,4.597912569851671
7.846492857999692,2.34,3.25,4.7299999999999995,0.10018424600002618,0.1143036370003756,0.0861121110001477,2.059975728012347,3.054570346218924,4.597912569851671
7.896826144999977,2.3699999999999997,3.24,4.7299999999999995,0.006372241999997641,0.02087348400073097,0.13644539800043276,2.0939914039938174,3.043928382863171,4.597912569851671
7.946935166000003,2.3699999999999997,3.24,4.71,0.05648126300002332,0.07098250500075665,0.04292803300086234,2.0939914039938174,3.043928382863171,4.5773354694625565
7.997303525999996,2.3699999999999997,3.24,4.71,0.10684962300001644,0.12135086500074976,0.09329639300085546,2.0939914039938174,3.043928382863171,4.5773354694625565
8.0476294099999,2.36,3.27,4.71,0.013242336000075738,0.027512927000316267,0.1436222770007589,2.082666559965853,3.075841348314311,4.5773354694625565
8.097959989999254,2.36,3.27,4.7299999999999995,0.06357291599942982,0.07784350699967035,0.04982756699973834,2.082666559965853,3.075841348314311,4.597912569851671
8.148255608999534,2.36,3.27,4.7299999999999995,0.11386853499971039,0.12813912599995092,0.1001231860000189,2.082666559965853,3.075841348314311,4.597912569851671
8.198590188999333,2.32,3.27,4.7299999999999995,0.02023773600012646,0.0343601939994187,0.006488532999355812,2.0372285095197347,3.075841348314311,4.597912569851671
8.248758072999408,2.32,3.27,4.7299999999999995,0.07040562000020145,0.08452807799949369,0.0566564169994308,2.0372285095197347,3.075841348314311,4.597912569851671
8.298900118999882,2.32,3.27,4.7299999999999995,0.12054766600067524,0.13467012399996747,0.10679846299990459,2.0372285095197347,3.075841348314311,4.597912569851671
8.349246721999407,2.32,3.23,4.71,0.026898877999883553,0.040982341000017186,0.013243683999462519,2.0372285095197347,3.0332820508485523,4.5773354694625565
8.399576562999755,2.32,3.23,4.71,0.07722871900023165,0.09131218200036528,0.06357352499981062,2.0372285095197347,3.0332820508485523,4.5773354694625565
8.449906940999426,2.32,3.23,4.71,0.12755909699990298,0.1416425600000366,0.11390390299948194,2.0372285095197347,3.0332820508485523,4.5773354694625565
8.500232056999266,2.3499999999999996,3.25,4.6899999999999995,0.03391917199951422,0.047846182999819575,0.020008679000056873,2.0713280763799826,3.054570346218924,4.556753230097061
8.550558441999783,2.3499999999999996,3.25,4.6899999999999995,0.08424555700003111,0.09817256800033647,0.07033506400057377,2.0713280763799826,3.054570346218924,4.556753230097061
8.600895787999434,2.3499999999999996,3.2600000000000002,4.6899999999999995,0.13458290299968212,0.004530283999883977,0.12067241000022477,2.0713280763799826,3.0652079864178874,4.556753230097061
8.651194783999927,2.36,3.2600000000000002,4.71,0.041051512000194634,0.05482928000037646,0.026991170000655984,2.082666559965853,3.0652079864178874,4.5773354694625565
8.701319053999214,2.36,3.2600000000000002,4.71,0.09117578199948184,0.10495354999966366,0.07711543999994319,2.082666559965853,3.0652079864178874,4.5773354694625565
8.751644645999477,2.36,3.24,4.71,0.14150137399974483,0.011332279000271228,0.12744103200020618,2.082666559965853,3.043928382863171,4.5773354694625565
8.801979363999635,2.3499999999999996,3.24,4.75,0.04769872999986546,0.061666997000429546,0.03376770100021531,2.0713280763799826,3.043928382863171,4.618484599952673
8.852315089999138,2.3499999999999996,3.24,4.75,0.09803445599936822,0.1120027229999323,0.08410342699971807,2.0713280763799826,3.043928382863171,4.618484599952673
8.902586628999416,2.3499999999999996,3.27,4.75,0.004337210999437957,0.018493255999601388,0.13437496599999577,2.0713280763799826,3.075841348314311,4.618484599952673
8.952942311999323,2.3499999999999996,3.27,4.7299999999999995,0.05469289399934496,0.06884893899950839,0.041060169999582286,2.0713280763799826,3.075841348314311,4.597912569851671
9.003085695999289,2.3499999999999996,3.27,4.7299999999999995,0.10483627799931128,0.11899232299947471,0.0912035539995486,2.0713280763799826,3.075841348314311,4.597912569851671
9.053224903999762,2.34,3.23,4.7299999999999995,0.011298512000394112,0.02486830900033965,0.14134276200002205,2.059975728012347,3.0332820508485523,4.597912569851671
9.103524533999916,2.34,3.23,4.7299999999999995,0.06159814200054825,0.07516793900049379,0.04738782100048411,2.059975728012347,3.0332820508485523,4.597912569851671
9.153852985999947,2.34,3.23,4.7299999999999995,0.11192659400057892,0.12549639100052445,0.09771627300051478,2.059975728012347,3.0332820508485523,4.597912569851671
9.204220013999475,2.32,3.19,4.7299999999999995,0.017997568000282627,0.031927101999826846,0.004080519999661192,2.0372285095197347,2.990652102802999,4.597912569851671
9.254548569999315,2.32,3.19,4.7299999999999995,0.06832612400012295,0.08225565799966716,0.05440907599950151,2.0372285095197347,2.990652102802999,4.597912569851671
9.30489320199922,2.32,3.19,4.7299999999999995,0.11867075600002863,0.13260028999957285,0.1047537079994072,2.0372285095197347,2.990652102802999,4.597912569851671
9.355186745999163,2.3499999999999996,3.25,4.71,0.025027632999808702,0.039063962000000174,0.011081439000008686,2.0713280763799826,3.054570346218924,4.5773354694625565
9.405329139999594,2.3499999999999996,3.25,4.71,0.07517002700024022,0.0892063560004317,0.06122383300044021,2.0713280763799826,3.054570346218924,4.5773354694625565
9.455668793999394,2.3499999999999996,3.25,4.71,0.12550968100003956,0.13954601000023104,0.11156348700023955,2.0713280763799826,3.054570346218924,4.5773354694625565
9.506006519000039,2.32,3.23,4.75,0.031842159000007086,0.045784143000673794,0.01792213500084472,2.0372285095197347,3.0332820508485523,4.618484599952673
9.556206704000033,2.32,3.23,4.75,0.08204234400000132,0.09598432800066803,0.06812232000083895,2.0372285095197347,3.0332820508485523,4.618484599952673
9.60654673099998,2.32,3.2800000000000002,4.75,0.13238237099994876,0.0023568050000903895,0.1184623470007864,2.0372285095197347,3.086470476126412,4.618484599952673
9.656882472999314,2.3499999999999996,3.2800000000000002,4.71,0.03871284199976799,0.05269254699942394,0.024502532999576943,2.0713280763799826,3.086470476126412,4.5773354694625565
9.707220667999536,2.3499999999999996,3.2800000000000002,4.71,0.08905103699999017,0.10303074199964612,0.07484072799979913,2.0713280763799826,3.086470476126412,4.5773354694625565
9.757595858999593,2.3499999999999996,3.2800000000000002,4.71,0.13942622800004756,0.00970073799999227,0.1252159189998565,2.0713280763799826,3.086470476126412,4.5773354694625565
9.807918611999412,2.34,3.2800000000000002,4.7299999999999995,0.045818314999451104,0.06002349099981075,0.03156282799955079,2.059975728012347,3.086470476126412,4.597912569851671
9.858231428999716,2.34,3.2800000000000002,4.7299999999999995,0.09613113199975487,0.11033630800011451,0.08187564499985456,2.059975728012347,3.086470476126412,4.597912569851671
9.908579887999622,2.34,3.2800000000000002,4.7299999999999995,0.146479590999661,0.16068476700002066,0.1322241039997607,2.059975728012347,3.086470476126412,4.597912569851671
9.958898367999609,2.34,3.2800000000000002,4.7299999999999995,0.1967980709996482,0.21100324700000783,0.18254258399974788,2.059975728012347,3.086470476126412,4.597912569851671
10.009216910999385,2.34,3.2800000000000002,4.7299999999999995,0.24711661399942386,0.2613217899997835,0.23286112699952355,2.059975728012347,3.086470476126412,4.597912569851671
10.05955788799929,2.34,3.2800000000000002,4.7299999999999995,0.2974575909993291,0.31166276699968876,0.2832021039994288,2.059975728012347,3.086470476126412,4.597912569851671
10.109892735999892,2.34,3.2800000000000002,4.7299999999999995,0.3477924389999316,0.36199761500029126,0.3335369520000313,2.059975728012347,3.086470476126412,4.597912569851671
10.160220307999225,2.34,3.2800000000000002,4.7299999999999995,0.3981200109992642,0.41232518699962384,0.3838645239993639,2.059975728012347,3.086470476126412,4.597912569851671
10.210351648999676,2.3499999999999996,3.2600000000000002,4.7299999999999995,0.016008237000278314,0.030261097000220616,0.0023085909997462295,2.0713280763799826,3.0652079864178874,4.597912569851671
10.260442628999954,2.3499999999999996,3.2600000000000002,4.7299999999999995,0.06609921700055565,0.08035207700049796,0.05239957100002357,2.0713280763799826,3.0652079864178874,4.597912569851671
10.310575331999644,2.3499999999999996,3.2600000000000002,4.7299999999999995,0.11623192000024574,0.13048478000018804,0.10253227399971365,2.0713280763799826,3.0652079864178874,4.597912569851671
10.360823569999411,2.33,3.25,4.7299999999999995,0.022501188999740407,0.03674619499997789,0.15278051199948095,2.0486092843683004,3.054570346218924,4.597912569851671
10.411126508999587,2.33,3.25,4.7299999999999995,0.07280412799991609,0.08704913400015357,0.20308345099965663,2.0486092843683004,3.054570346218924,4.597912569851671
10.461492113999157,2.33,3.25,4.7299999999999995,0.12316973299948586,0.13741473899972334,0.2534490559992264,2.0486092843683004,3.054570346218924,4.597912569851671
10.511601961999986,2.33,3.25,4.7299999999999995,0.17327958100031537,0.18752458700055286,0.3035589040000559,2.0486092843683004,3.054570346218924,4.597912569851671
10.56175632799932,2.33,3.25,4.7299999999999995,0.22343394699964847,0.23767895299988595,0.353713269999389,2.0486092843683004,3.054570346218924,4.597912569851671
10.611972666999463,2.33,3.25,4.7299999999999995,0.2736502859997927,0.28789529200003017,0.40392960899953323,2.0486092843683004,3.054570346218924,4.597912569851671
10.66227260999949,2.34,3.2600000000000002,4.6899999999999995,0.0359761649997381,0.04995603399947868,0.022052049999729206,2.059975728012347,3.0652079864178874,4.556753230097061
10.712435935999565,2.34,3.2600000000000002,4.6899999999999995,0.08613949099981255,0.10011935999955313,0.07221537599980365,2.059975728012347,3.0652079864178874,4.556753230097061
10.762759826999172,2.34,3.25,4.6899999999999995,0.13646338199941965,0.006750836999344756,0.12253926699941076,2.059975728012347,3.054570346218924,4.556753230097061
10.81307780499992,2.34,3.25,4.75,0.04313002700018842,0.05706881500009331,0.02891427900067356,2.059975728012347,3.054570346218924,4.618484599952673
10.86345280399928,2.34,3.25,4.75,0.0935050259995478,0.10744381399945269,0.07928927800003294,2.059975728012347,3.054570346218924,4.618484599952673
10.913718029999472,2.34,3.2600000000000002,4.75,0.14377025199974014,0.013409131000116759,0.12955450400022528,2.059975728012347,3.0652079864178874,4.618484599952673
10.964056795999568,2.32,3.2600000000000002,4.7299999999999995,0.04943240899956436,0.0637478970002121,0.0359000799999194,2.0372285095197347,3.0652079864178874,4.597912569851671
11.014391836999494,2.32,3.2600000000000002,4.7299999999999995,0.09976744999949005,0.1140829380001378,0.0862351209998451,2.0372285095197347,3.0652079864178874,4.597912569851671
11.064722153999355,2.34,3.27,4.7299999999999995,0.006511527999464306,0.020630070999686723,0.13656543799970677,2.059975728012347,3.075841348314311,4.597912569851671
11.1150661949996,2.34,3.27,4.6899999999999995,0.05685556899970834,0.07097411199993076,0.04323412600024312,2.059975728012347,3.075841348314311,4.556753230097061
11.165410611999505,2.34,3.27,4.6899999999999995,0.107199985999614,0.12131852899983642,0.09357854300014878,2.059975728012347,3.075841348314311,4.556753230097061
11.21563078500003,2.3,3.21,4.6899999999999995,0.013459279000016977,0.027376587000617292,0.14379871600067418,2.014422994308792,3.0119760955226718,4.556753230097061
11.265760706000037,2.3,3.21,4.71,0.063589200000024,0.07750650800062431,0.04964603400003398,2.014422994308792,3.0119760955226718,4.5773354694625565
11.316062357999726,2.3,3.21,4.71,0.11389085199971305,0.12780816000031336,0.09994768599972303,2.014422994308792,3.0119760955226718,4.5773354694625565
11.366385698999693,2.32,3.24,4.71,0.020230246000210172,0.034334517999923264,0.0063035379998837016,2.0372285095197347,3.043928382863171,4.5773354694625565
11.41672664699945,2.32,3.24,4.71,0.07057119399996736,0.08467546599968045,0.05664448599964089,2.0372285095197347,3.043928382863171,4.5773354694625565
11.467063238999799,2.32,3.24,4.71,0.12090778600031626,0.13501205800002936,0.1069810779999898,2.0372285095197347,3.043928382863171,4.5773354694625565
11.517383974999575,2.32,3.25,4.75,0.027301819999593135,0.041453048000221315,0.013333023999621219,2.0372285095197347,3.054570346218924,4.618484599952673
11.567700171999604,2.32,3.25,4.75,0.07761801699962234,0.09176924500025052,0.06364922099965042,2.0372285095197347,3.054570346218924,4.618484599952673
11.6180484839997,2.32,3.25,4.75,0.12796632899971883,0.142117557000347,0.11399753299974691,2.0372285095197347,3.054570346218924,4.618484599952673
11.668172599999707,2.34,3.19,4.7299999999999995,0.034074715999850014,0.04795997499968507,0.020411631000570196,2.059975728012347,2.990652102802999,4.597912569851671
11.718507173000035,2.34,3.19,4.7299999999999995,0.08440928900017752,0.09829454800001258,0.0707462040008977,2.059975728012347,2.990652102802999,4.597912569851671
11.768723598999713,2.34,3.24,4.7299999999999995,0.13462571499985643,0.004575427999952808,0.12096263000057661,2.059975728012347,3.043928382863171,4.597912569851671
11.819030267000016,2.34,3.24,4.7299999999999995,0.04095040400079597,0.05488209600025584,0.027030191000449122,2.059975728012347,3.043928382863171,4.597912569851671
11.869111177999912,2.34,3.24,4.7299999999999995,0.09103131500069139,0.10496300700015126,0.07711110200034454,2.059975728012347,3.043928382863171,4.597912569851671
11.919242286999179,2.34,3.25,4.7299999999999995,0.14116242399995826,0.011120689999188471,0.12724221099961142,2.059975728012347,3.054570346218924,4.597912569851671
11.969584717999169,2.33,3.25,4.71,0.04754612199940311,0.0614631209991785,0.03362850199937384,2.0486092843683004,3.054570346218924,4.5773354694625565
12.019917919999898,2.33,3.25,4.71,0.09787932400013233,0.11179632299990772,0.08396170400010305,2.0486092843683004,3.054570346218924,4.5773354694625565
12.07022267100001,2.32,3.2,4.71,0.004195992000859405,0.018103275000612484,0.1342664550002155,2.0372285095197347,3.0013163778582226,4.5773354694625565
12.120548869999766,2.32,3.2,4.75,0.05452219100061484,0.06842947400036792,0.0404551210003774,2.0372285095197347,3.0013163778582226,4.618484599952673
12.170865993000007,2.32,3.2,4.75,0.10483931400085567,0.11874659700060874,0.09077224400061823,2.0372285095197347,3.0013163778582226,4.618484599952673
12.221209778999764,2.36,3.2600000000000002,4.75,0.011199835000297753,0.02538814099989395,0.14111603000037576,2.082666559965853,3.0652079864178874,4.618484599952673
12.271349273999476,2.36,3.2600000000000002,4.75,0.061339330000009795,0.07552763599960599,0.04731962499954534,2.082666559965853,3.0652079864178874,4.618484599952673
12.32167801199921,2.36,3.2600000000000002,4.75,0.11166806799974438,0.12585637399934058,0.09764836299927993,2.082666559965853,3.0652079864178874,4.618484599952673
12.371819957999833,2.33,3.27,4.75,0.017764865000572172,0.03179394700055127,0.00379945399981807,2.0486092843683004,3.075841348314311,4.618484599952673
12.422125842999776,2.33,3.27,4.75,0.06807075000051555,0.08209983200049464,0.05410533899976144,2.0486092843683004,3.075841348314311,4.618484599952673
12.47231235199979,2.33,3.27,4.75,0.1182572590005293,0.1322863410005084,0.1042918479997752,2.0486092843683004,3.075841348314311,4.618484599952673
12.522648827999546,2.34,3.24,4.75,0.024619554999844695,0.03860550500030513,0.010447542000292742,2.059975728012347,3.043928382863171,4.618484599952673
12.57298994499979,2.34,3.24,4.75,0.07496067200008838,0.08894662200054881,0.06078865900053643,2.059975728012347,3.043928382863171,4.618484599952673
12.623331986999801,2.34,3.24,4.75,0.1253027140000995,0.13928866400055995,0.11113070100054756,2.059975728012347,3.043928382863171,4.618484599952673
12.673486411999875,2.3499999999999996,3.21,4.75,0.03156232900073519,0.04549172000042745,0.017317673999968974,2.0713280763799826,3.0119760955226718,4.618484599952673
12.723615536999205,2.3499999999999996,3.21,4.75,0.08169145400006528,0.09562084499975754,0.06744679899929906,2.0713280763799826,3.0119760955226718,4.618484599952673
12.773748078999233,2.3499999999999996,3.2600000000000002,4.75,0.13182399600009376,0.0020061069999428582,0.11757934099932754,2.0713280763799826,3.0652079864178874,4.618484599952673
12.824087655999392,2.34,3.2600000000000002,4.6899999999999995,0.03811524399952759,0.052345684000101755,0.02394530399942596,2.059975728012347,3.0652079864178874,4.556753230097061
12.874455347999174,2.34,3.2600000000000002,4.6899999999999995,0.08848293599930912,0.10271337599988328,0.07431299599920749,2.059975728012347,3.0652079864178874,4.556753230097061
12.92478521799967,2.34,3.2600000000000002,4.6899999999999995,0.13881280599980528,0.15304324600037944,0.12464286599970364,2.059975728012347,3.0652079864178874,4.556753230097061
12.975122602999363,2.34,3.2600000000000002,4.6899999999999995,0.1891501909994986,0.20338063100007275,0.17498025099939696,2.059975728012347,3.0652079864178874,4.556753230097061
13.025243524999496,2.34,3.2600000000000002,4.6899999999999995,0.23927111299963144,0.2535015530002056,0.2251011729995298,2.059975728012347,3.0652079864178874,4.556753230097061
13.075588437999613,2.32,3.2800000000000002,4.6899999999999995,0.0013928859998486587,0.01559435899980599,0.27544608599964704,2.0372285095197347,3.086470476126412,4.556753230097061
13.125910887999453,2.32,3.2800000000000002,4.7299999999999995,0.05171533599968825,0.06591680899964558,0.03779244599991216,2.0372285095197347,3.086470476126412,4.597912569851671
13.176248216999738,2.32,3.2800000000000002,4.7299999999999995,0.10205266499997379,0.11625413799993112,0.0881297750001977,2.0372285095197347,3.086470476126412,4.597912569851671
13.226598769999327,2.31,3.23,4.7299999999999995,0.00842187299986108,0.022693285000059404,0.13848032799978682,2.025833161936096,3.0332820508485523,4.597912569851671
13.276757413999803,2.31,3.23,4.71,0.05858051700033684,0.07285192900053516,0.04477174100065895,2.025833161936096,3.0332820508485523,4.5773354694625565
13.327162115999272,2.31,3.23,4.71,0.10898521899980551,0.12325663100000384,0.09517644300012762,2.025833161936096,3.0332820508485523,4.5773354694625565
13.377252888999465,2.33,3.27,4.71,0.015116353999474086,0.02935962900028244,0.0011940710000999388,2.0486092843683004,3.075841348314311,4.5773354694625565
13.427544762999787,2.33,3.27,4.71,0.06540822799979651,0.07965150300060486,0.05148594500042236,2.0486092843683004,3.075841348314311,4.5773354694625565
13.477634027000022,2.33,3.27,4.71,0.11549749200003134,0.1297407670008397,0.1015752090006572,2.0486092843683004,3.075841348314311,4.5773354694625565
13.527957156999946,2.34,3.25,4.7299999999999995,0.021851481000339845,0.035769034000622923,0.007927414000732824,2.059975728012347,3.054570346218924,4.597912569851671
13.578278303999468,2.34,3.25,4.7299999999999995,0.07217262799986202,0.0860901810001451,0.058248561000254995,2.059975728012347,3.054570346218924,4.597912569851671
13.628574309999749,2.34,3.25,4.7299999999999995,0.12246863400014263,0.1363861870004257,0.10854456700053561,2.059975728012347,3.054570346218924,4.597912569851671
13.678925411999444,2.34,3.23,4.71,0.028962343999410223,0.043028209999647515,0.014946102000067185,2.059975728012347,3.0332820508485523,4.5773354694625565
13.729051125999831,2.34,3.23,4.71,0.07908805799979746,0.09315392400003475,0.06507181600045442,2.059975728012347,3.0332820508485523,4.5773354694625565
13.779377448999185,2.34,3.23,4.71,0.12941438099915104,0.14348024699938833,0.115398138999808,2.059975728012347,3.0332820508485523,4.5773354694625565
13.829703986999448,2.32,3.2600000000000002,4.7299999999999995,0.035648745999424136,0.04966931899980409,0.021726207999563485,2.0372285095197347,3.0652079864178874,4.597912569851671
13.880028790999859,2.32,3.2600000000000002,4.7299999999999995,0.08597354999983509,0.09999412300021504,0.07205101199997443,2.0372285095197347,3.0652079864178874,4.597912569851671
13.930378421999194,2.32,3.2,4.7299999999999995,0.1363231809991703,0.006229008999980579,0.12240064299930964,2.0372285095197347,3.0013163778582226,4.597912569851671
13.980714722999437,2.33,3.2,4.7299999999999995,0.04295944099976623,0.05656531000022369,0.028766571000232943,2.0486092843683004,3.0013163778582226,4.597912569851671
14.031056187999638,2.33,3.2,4.7299999999999995,0.09330090599996765,0.10690677500042511,0.07910803600043437,2.0486092843683004,3.0013163778582226,4.597912569851671
14.081382576999204,2.33,3.23,4.7299999999999995,0.14362729499953275,0.013290823999341228,0.12943442499999946,2.0486092843683004,3.0332820508485523,4.597912569851671
14.13171797599989,2.34,3.23,4.7299999999999995,0.04978149900034623,0.0636262230000284,0.03578406599990558,2.059975728012347,3.0332820508485523,4.597912569851671
14.182090474999313,2.34,3.23,4.7299999999999995,0.10015399799976876,0.11399872199945094,0.08615656499932811,2.059975728012347,3.0332820508485523,4.597912569851671
14.232253403999493,2.33,3.2600000000000002,4.7299999999999995,0.006258974000047601,0.020193649000248115,0.13631949399950827,2.0486092843683004,3.0652079864178874,4.597912569851671
14.282583001999228,2.33,3.2600000000000002,4.71,0.05658857199978229,0.0705232469999828,0.042965265000020736,2.0486092843683004,3.0652079864178874,4.5773354694625565
14.332919192999725,2.33,3.2600000000000002,4.71,0.1069247630002792,0.12085943800047971,0.09330145600051765,2.0486092843683004,3.0652079864178874,4.5773354694625565
14.383258162999482,2.34,3.27,4.71,0.01329100400016614,0.027193019000151253,0.1436404260002746,2.059975728012347,3.075841348314311,4.5773354694625565
14.43359709499964,2.34,3.27,4.7299999999999995,0.06362993600032496,0.07753195100031007,0.049774193999837735,2.059975728012347,3.075841348314311,4.597912569851671
14.483751627999482,2.34,3.27,4.7299999999999995,0.1137844690001657,0.1276864840001508,0.09992872699967847,2.059975728012347,3.075841348314311,4.597912569851671
14.534064668999235,2.3499999999999996,3.21,4.7299999999999995,0.02013619099943753,0.03405469900008029,0.15024176799943234,2.0713280763799826,3.0119760955226718,4.597912569851671
14.584172131999367,2.3499999999999996,3.21,4.7299999999999995,0.07024365399956878,0.08416216200021154,0.2003492309995636,2.0713280763799826,3.0119760955226718,4.597912569851671
14.634508284999356,2.3499999999999996,3.21,4.7299999999999995,0.12057980699955806,0.13449831500020082,0.25068538399955287,2.0713280763799826,3.0119760955226718,4.597912569851671
14.684818879999511,2.3499999999999996,3.21,4.7299999999999995,0.1708904019997135,0.18480891000035626,0.3009959789997083,2.0713280763799826,3.0119760955226718,4.597912569851671
14.734935260999919,2.3499999999999996,3.21,4.7299999999999995,0.22100678300012078,0.23492529100076354,0.3511123600001156,2.0713280763799826,3.0119760955226718,4.597912569851671
14.78526185499959,2.3499999999999996,3.21,4.7299999999999995,0.27133337699979165,0.2852518850004344,0.40143895399978646,2.0713280763799826,3.0119760955226718,4.597912569851671
14.835598467999262,2.32,3.2,4.6899999999999995,0.0337045059995944,0.0476456460000918,0.020063755999217392,2.0372285095197347,3.0013163778582226,4.556753230097061
14.885943063999548,2.32,3.2,4.6899999999999995,0.0840491019998808,0.0979902420003782,0.0704083519995038,2.0372285095197347,3.0013163778582226,4.556753230097061
14.936274972999854,2.32,3.27,4.6899999999999995,0.13438101100018685,0.004336408000199299,0.12074026099980983,2.0372285095197347,3.075841348314311,4.556753230097061
14.986612029999378,2.29,3.27,4.71,0.04104386200015142,0.054673464999723365,0.02647430599972722,2.0029977533686854,3.075841348314311,4.5773354694625565
15.03692920100002,2.29,3.27,4.71,0.09136103300079412,0.10499063600036607,0.07679147700036992,2.0029977533686854,3.075841348314311,4.5773354694625565
15.087239337999563,2.29,3.24,4.71,0.14167117000033613,0.011329791999742156,0.12710161399991193,2.0029977533686854,3.043928382863171,4.5773354694625565
15.137532565999209,2.33,3.24,4.71,0.04771901899948716,0.06162301999938791,0.033456438000030175,2.0486092843683004,3.043928382863171,4.5773354694625565
15.18786953199924,2.33,3.24,4.71,0.09805598499951884,0.11195998599941959,0.08379340400006186,2.0486092843683004,3.043928382863171,4.5773354694625565
15.238001972999882,2.32,3.27,4.71,0.004764289000377175,0.01840105700011918,0.1339258450007037,2.0372285095197347,3.075841348314311,4.5773354694625565
15.288324128999193,2.32,3.27,4.71,0.055086444999687956,0.06872321299942996,0.0407923809998465,2.0372285095197347,3.075841348314311,4.5773354694625565
15.338649897999858,2.32,3.27,4.71,0.10541221400035283,0.11904898200009484,0.09111815000051138,2.0372285095197347,3.075841348314311,4.5773354694625565
15.388914464999289,2.32,3.24,4.71,0.010770591999971657,0.025207538999893586,0.1413827169999422,2.0372285095197347,3.043928382863171,4.5773354694625565
15.439255491999575,2.32,3.24,4.7299999999999995,0.06111161900025763,0.07554856600017956,0.047213253999871085,2.0372285095197347,3.043928382863171,4.597912569851671
15.489377268999306,2.32,3.24,4.7299999999999995,0.11123339599998872,0.12567034299991064,0.09733503099960217,2.0372285095197347,3.043928382863171,4.597912569851671
15.539498393999565,2.34,3.23,4.6899999999999995,0.017566577000252437,0.03178633599964087,0.003478458000245155,2.059975728012347,3.0332820508485523,4.556753230097061
15.589813036999658,2.34,3.23,4.6899999999999995,0.06788122000034491,0.08210097899973334,0.05379310100033763,2.059975728012347,3.0332820508485523,4.556753230097061
15.639954306999243,2.34,3.23,4.6899999999999995,0.11802248999993026,0.1322422489993187,0.10393437099992298,2.059975728012347,3.0332820508485523,4.556753230097061
15.690281244999824,2.33,3.21,4.7299999999999995,0.0242276140006652,0.03846378500020364,0.010285850999935064,2.0486092843683004,3.0119760955226718,4.597912569851671
15.740446443999645,2.33,3.21,4.7299999999999995,0.07439281300048606,0.0886289840000245,0.060451049999755924,2.0486092843683004,3.0119760955226718,4.597912569851671
15.790656718999344,2.33,3.21,4.7299999999999995,0.12460308800018538,0.13883925899972382,0.11066132499945525,2.0486092843683004,3.0119760955226718,4.597912569851671
15.840839589999632,2.3,3.23,4.7299999999999995,0.030809627999587974,0.045153828999900725,0.016875672000423947,2.014422994308792,3.0332820508485523,4.597912569851671
15.891197367999666,2.3,3.23,4.7299999999999995,0.08116740599962213,0.09551160699993488,0.0672334500004581,2.014422994308792,3.0332820508485523,4.597912569851671
15.941496004999863,2.3,3.23,4.7299999999999995,0.13146604299981846,0.1458102440001312,0.11753208700065443,2.014422994308792,3.0332820508485523,4.597912569851671
15.991843575999155,2.3,3.23,4.7299999999999995,0.1818136139991111,0.19615781499942386,0.16787965799994709,2.014422994308792,3.0332820508485523,4.597912569851671
16.042180760999145,2.3,3.23,4.7299999999999995,0.23215079899910052,0.24649499999941327,0.2182168429999365,2.014422994308792,3.0332820508485523,4.597912569851671
16.092522356999325,2.3,3.29,4.7299999999999995,0.2824923949992808,0.00843903299937665,0.2685584390001168,2.014422994308792,3.0970954134478967,4.597912569851671
16.142871497999295,2.33,3.29,4.7299999999999995,0.044958208999560156,0.05878817399934633,0.030936391000068397,2.0486092843683004,3.0970954134478967,4.597912569851671
16.192997483999534,2.33,3.29,4.7299999999999995,0.09508419499979937,0.10891415999958554,0.0810623770003076,2.0486092843683004,3.0970954134478967,4.597912569851671
16.24308608299998,2.32,3.23,4.7299999999999995,0.0011105870007668273,0.014998489000390691,0.13115097600075387,2.0372285095197347,3.0332820508485523,4.597912569851671
16.293455438999445,2.32,3.23,4.71,0.05147994300023129,0.06536784499985515,0.037867205000111426,2.0372285095197347,3.0332820508485523,4.5773354694625565
16.34373707099985,2.32,3.23,4.71,0.1017615750006371,0.11564947700026096,0.08814883700051723,2.0372285095197347,3.0332820508485523,4.5773354694625565
16.39406948299984,2.34,3.21,4.71,0.008114406999993662,0.022152935000121943,0.13848124900050607,2.059975728012347,3.0119760955226718,4.5773354694625565
16.44440021599985,2.34,3.21,4.7299999999999995,0.05844514000000345,0.07248366800013173,0.04464413100049569,2.059975728012347,3.0119760955226718,4.597912569851671
16.494624761999148,2.34,3.21,4.7299999999999995,0.1086696859993026,0.12270821399943088,0.09486867699979484,2.059975728012347,3.0119760955226718,4.597912569851671
16.54471298899989,2.32,3.2600000000000002,4.7299999999999995,0.014762969000003068,0.028872519000287866,0.0009980580007322715,2.0372285095197347,3.0652079864178874,4.597912569851671
16.595045960999414,2.32,3.2600000000000002,4.7299999999999995,0.06509594099952665,0.07920549099981145,0.05133103000025585,2.0372285095197347,3.0652079864178874,4.597912569851671
16.645135723999374,2.32,3.2600000000000002,4.7299999999999995,0.11518570399948658,0.12929525399977138,0.10142079300021578,2.0372285095197347,3.0652079864178874,4.597912569851671
16.69549626999924,2.34,3.24,4.7299999999999995,0.021834877999935998,0.03552295899953606,0.007683646999794291,2.059975728012347,3.043928382863171,4.597912569851671
16.745836888999293,2.34,3.24,4.7299999999999995,0.07217549699998926,0.08586357799958932,0.05802426599984756,2.059975728012347,3.043928382863171,4.597912569851671
16.7961703029996,2.34,3.24,4.7299999999999995,0.12250891100029548,0.13619699199989554,0.10835768000015378,2.059975728012347,3.043928382863171,4.597912569851671
16.84636477099957,2.3499999999999996,3.27,4.7299999999999995,0.028457133999836515,0.04267648499990173,0.0145068829997399,2.0713280763799826,3.075841348314311,4.597912569851671
16.89668531999996,2.3499999999999996,3.27,4.7299999999999995,0.0787776830002258,0.09299703400029102,0.06482743200012919,2.0713280763799826,3.075841348314311,4.597912569851671
16.947045717999572,2.3499999999999996,3.27,4.7299999999999995,0.12913808099983726,0.14335743199990247,0.11518782999974064,2.0713280763799826,3.075841348314311,4.597912569851671
16.99739032999969,2.3499999999999996,3.27,4.7299999999999995,0.03551020699978835,0.049236478000239,0.021748885000306473,2.0713280763799826,3.075841348314311,4.597912569851671
17.047729695999806,2.3499999999999996,3.27,4.7299999999999995,0.08584957299990492,0.09957584400035557,0.07208825100042304,2.0713280763799826,3.075841348314311,4.597912569851671
17.098049112999433,2.3499999999999996,3.2800000000000002,4.7299999999999995,0.13616898999953264,0.0061265419999472215,0.12240766800005076,2.0713280763799826,3.086470476126412,4.597912569851671
17.14817622800001,2.36,3.2800000000000002,4.71,0.04263905500010878,0.05625365700052498,0.028392582000378752,2.082666559965853,3.086470476126412,4.5773354694625565
17.198501676999513,2.36,3.2800000000000002,4.71,0.09296450399961032,0.10657910600002651,0.07871803099988028,2.082666559965853,3.086470476126412,4.5773354694625565
17.248849417999736,2.36,3.2800000000000002,4.71,0.14331224499983364,0.013106473999869195,0.1290657720001036,2.082666559965853,3.086470476126412,4.5773354694625565
17.299256702999628,2.36,3.2800000000000002,4.7299999999999995,0.04950507200010179,0.0635137589997612,0.03545770199980325,2.082666559965853,3.086470476126412,4.597912569851671
17.349756207999235,2.36,3.2800000000000002,4.7299999999999995,0.10000457699970866,0.11401326399936806,0.08595720699941012,2.082666559965853,3.086470476126412,4.597912569851671
17.40005843399922,2.3499999999999996,3.2600000000000002,4.7299999999999995,0.006496279999737453,0.020443783999326115,0.13625943299939536,2.0713280763799826,3.0652079864178874,4.597912569851671
17.450402762999147,2.3499999999999996,3.2600000000000002,4.71,0.056840608999664255,0.07078811299925292,0.04290356299952691,2.0713280763799826,3.0652079864178874,4.5773354694625565
17.500739489999432,2.3499999999999996,3.2600000000000002,4.71,0.10717733599994972,0.12112483999953838,0.09324028999981238,2.0713280763799826,3.0652079864178874,4.5773354694625565
17.551097558000038,2.36,3.25,4.71,0.013234504000138259,0.027276143000563025,0.14359835800041765,2.082666559965853,3.054570346218924,4.5773354694625565
17.601400953999473,2.36,3.25,4.7299999999999995,0.06353789999957371,0.07757953899999848,0.049353059999702964,2.082666559965853,3.054570346218924,4.597912569851671
17.651687018999837,2.36,3.25,4.7299999999999995,0.11382396499993774,0.1278656040003625,0.099639125000067,2.082666559965853,3.054570346218924,4.597912569851671
17.702039415999934,2.32,3.29,4.7299999999999995,0.02029194200076745,0.03432357200017577,0.006064683000658988,2.0372285095197347,3.0970954134478967,4.597912569851671
17.752382649999163,2.32,3.29,4.7299999999999995,0.07063517599999614,0.08466680599940446,0.056407916999887675,2.0372285095197347,3.0970954134478967,4.597912569851671
17.802639527999418,2.32,3.29,4.7299999999999995,0.12089205400025094,0.13492368399965926,0.10666479500014248,2.0372285095197347,3.0970954134478967,4.597912569851671
17.852765927999826,2.32,3.25,4.7299999999999995,0.02684776600017358,0.04108908699981839,0.012784100999851944,2.0372285095197347,3.054570346218924,4.597912569851671
17.90310347599916,2.32,3.25,4.7299999999999995,0.07718531399950734,0.09142663499915216,0.06312164899918571,2.0372285095197347,3.054570346218924,4.597912569851671
17.953479060999598,2.32,3.25,4.7299999999999995,0.1275608989999455,0.1418022199995903,0.11349723399962386,2.0372285095197347,3.054570346218924,4.597912569851671
18.003699394999785,2.3499999999999996,3.2800000000000002,4.7299999999999995,0.03369408100024884,0.047966832000383874,0.019754152000132308,2.0713280763799826,3.086470476126412,4.597912569851671
18.05403797500003,2.3499999999999996,3.2800000000000002,4.7299999999999995,0.08403266100049223,0.09830541200062726,0.07009273200037569,2.0713280763799826,3.086470476126412,4.597912569851671
18.104216060999534,2.3499999999999996,3.3000000000000003,4.7299999999999995,0.13421074699999735,0.004388629999994009,0.12027081799988082,2.0713280763799826,3.107716203259236,4.597912569851671
18.154548837999755,2.3499999999999996,3.3000000000000003,4.7299999999999995,0.04067734999989625,0.05472140700021555,0.02659723299984762,2.0713280763799826,3.107716203259236,4.597912569851671
18.20489259199985,2.3499999999999996,3.3000000000000003,4.7299999999999995,0.09102110399999219,0.10506516100031149,0.07694098699994356,2.0713280763799826,3.107716203259236,4.597912569851671
18.255212632999246,2.3499999999999996,3.2600000000000002,4.7299999999999995,0.14134114499938732,0.011702387999321218,0.1272610279993387,2.0713280763799826,3.0652079864178874,4.597912569851671
18.305531219999466,2.34,3.2600000000000002,4.75,0.047567720000188274,0.06202097499954107,0.0336284209997757,2.059975728012347,3.0652079864178874,4.618484599952673
18.355709978999585,2.34,3.2600000000000002,4.75,0.09774647900030686,0.11219973399965966,0.08380717999989429,2.059975728012347,3.0652079864178874,4.618484599952673
18.406054409999342,2.34,3.2600000000000002,4.75,0.004113684999538236,0.018294771000000765,0.1341516109996519,2.059975728012347,3.0652079864178874,4.618484599952673
18.456381142999817,2.34,3.2600000000000002,4.7299999999999995,0.05444041800001287,0.0686215040004754,0.04072460899988073,2.059975728012347,3.0652079864178874,4.597912569851671
18.506720680999933,2.34,3.2600000000000002,4.7299999999999995,0.10477995600012946,0.11896104200059199,0.09106414699999732,2.059975728012347,3.0652079864178874,4.597912569851671
18.557067547999395,2.34,3.27,4.7299999999999995,0.0113376449999123,0.025377568999829236,0.1414110139994591,2.059975728012347,3.075841348314311,4.597912569851671
18.60740731199985,2.34,3.27,4.6899999999999995,0.061677409000367334,0.07571733300028427,0.04755725799986976,2.059975728012347,3.075841348314311,4.556753230097061
18.65774257799967,2.34,3.27,4.6899999999999995,0.1120126750001873,0.12605259900010424,0.09789252399968973,2.059975728012347,3.075841348314311,4.556753230097061
18.70807047999915,2.36,3.25,4.71,0.01817558499988081,0.031925826999213314,0.004270308999366534,2.082666559965853,3.054570346218924,4.5773354694625565
18.75821171499956,2.36,3.25,4.71,0.06831682000029105,0.08206706199962355,0.05441154399977677,2.082666559965853,3.054570346218924,4.5773354694625565
18.808575310999913,2.36,3.25,4.71,0.11868041600064316,0.13243065799997567,0.10477514000012889,2.082666559965853,3.054570346218924,4.5773354694625565
18.85889798699918,2.34,3.25,4.71,0.02504345099987404,0.03896902199994656,0.011312103999443934,2.059975728012347,3.054570346218924,4.5773354694625565
18.90902705499957,2.34,3.25,4.71,0.07517251900026167,0.0890980900003342,0.06144117199983157,2.059975728012347,3.054570346218924,4.5773354694625565
18.95935041299981,2.34,3.25,4.71,0.12549587700050324,0.13942144800057577,0.11176453000007314,2.059975728012347,3.054570346218924,4.5773354694625565
19.009695697999632,2.34,3.25,4.71,0.1758411620003244,0.18976673300039693,0.1621098149998943,2.059975728012347,3.054570346218924,4.5773354694625565
19.059849611999198,2.34,3.25,4.71,0.2259950759998901,0.23992064699996263,0.21226372899946,2.059975728012347,3.054570346218924,4.5773354694625565
19.110179080999842,2.34,3.24,4.71,0.27632454500053427,0.002263224000671471,0.26259319800010417,2.059975728012347,3.043928382863171,4.5773354694625565
19.16051759399943,2.34,3.24,4.7299999999999995,0.038669012999889674,0.05260173700025916,0.024797690000013972,2.059975728012347,3.043928382863171,4.597912569851671
19.210839892999502,2.34,3.24,4.7299999999999995,0.08899131199996191,0.1029240360003314,0.07511998900008621,2.059975728012347,3.043928382863171,4.597912569851671
19.261134298999423,2.34,3.2600000000000002,4.7299999999999995,0.13928571799988276,0.009391870999934326,0.12541439500000706,2.059975728012347,3.0652079864178874,4.597912569851671
19.31150035399969,2.34,3.2600000000000002,4.75,0.04570565500034718,0.05975792600020213,0.03178021700023237,2.059975728012347,3.0652079864178874,4.618484599952673
19.36180108999997,2.34,3.2600000000000002,4.75,0.09600639100062835,0.11005866200048331,0.08208095300051355,2.059975728012347,3.0652079864178874,4.618484599952673
19.411941679999472,2.34,3.29,4.75,0.0022829560002719518,0.0160784119998425,0.1322215430000142,2.059975728012347,3.0970954134478967,4.618484599952673
19.46227645699946,2.34,3.29,4.7299999999999995,0.05261773300026107,0.06641318899983162,0.03854183800012834,2.059975728012347,3.0970954134478967,4.597912569851671
19.512627289999728,2.34,3.29,4.7299999999999995,0.10296856600052706,0.11676402200009761,0.08889267100039433,2.059975728012347,3.0970954134478967,4.597912569851671
19.562967974999992,2.34,3.24,4.7299999999999995,0.009226000000126078,0.023130261000005703,0.13923335600065911,2.059975728012347,3.043928382863171,4.597912569851671
19.613110807999874,2.34,3.24,4.71,0.059368833000007726,0.07327309399988735,0.04535842000041157,2.059975728012347,3.043928382863171,4.5773354694625565
19.663403788999858,2.34,3.24,4.71,0.10966181399999186,0.12356607499987149,0.09565140100039571,2.059975728012347,3.043928382863171,4.5773354694625565
19.71364656899914,2.34,3.24,4.7299999999999995,0.0159127159995478,0.029810559999532416,0.0019658759993035346,2.059975728012347,3.043928382863171,4.597912569851671
19.76397135499974,2.34,3.24,4.7299999999999995,0.0662375020001491,0.08013534600013372,0.05229066199990484,2.059975728012347,3.043928382863171,4.597912569851671
19.81407757299985,2.34,3.24,4.7299999999999995,0.11634372000025905,0.13024156400024367,0.10239688000001479,2.059975728012347,3.043928382863171,4.597912569851671
19.864451844999166,2.34,3.25,4.7299999999999995,0.022711478999553947,0.036620652999772574,0.008940654999605613,2.059975728012347,3.054570346218924,4.597912569851671
19.914740601999256,2.34,3.25,4.7299999999999995,0.07300023599964334,0.08690940999986196,0.059229411999695,2.059975728012347,3.054570346218924,4.597912569851671
19.965072972999224,2.34,3.25,4.7299999999999995,0.12333260699961102,0.13724178099982964,0.10956178299966268,2.059975728012347,3.054570346218924,4.597912569851671
20.015405272999487,2.31,3.2,4.75,0.029539375000240398,0.04386717899978976,0.015782880999722693,2.025833161936096,3.0013163778582226,4.618484599952673
20.065744638999604,2.31,3.2,4.75,0.07987874100035697,0.09420654499990633,0.06612224699983926,2.025833161936096,3.0013163778582226,4.618484599952673
20.11583507099931,2.31,3.21,4.75,0.12996917300006317,0.00011173399980179965,0.11621267899954546,2.025833161936096,3.0119760955226718,4.618484599952673
20.16617580899947,2.33,3.21,4.71,0.036505678000139596,0.050452471999960835,0.022275651000200014,2.0486092843683004,3.0119760955226718,4.5773354694625565
20.216292996999982,2.33,3.21,4.71,0.08662286600065272,0.10056966000047396,0.07239283900071314,2.0486092843683004,3.0119760955226718,4.5773354694625565
20.266609357999187,2.33,3.2600000000000002,4.71,0.13693922699985706,0.006931121999514289,0.12270919999991747,2.0486092843683004,3.0652079864178874,4.5773354694625565
20.31690628099932,2.32,3.2600000000000002,4.71,0.04352048199962155,0.057228044999646954,0.029000149999774294,2.0372285095197347,3.0652079864178874,4.5773354694625565
20.367254124999818,2.32,3.2600000000000002,4.71,0.09386832600011985,0.10757588900014525,0.07934799400027259,2.0372285095197347,3.0652079864178874,4.5773354694625565
20.41756525299934,2.33,3.25,4.71,0.0001132099996539182,0.014084465999985696,0.12965912199979357,2.0486092843683004,3.054570346218924,4.5773354694625565
20.467698061999727,2.33,3.25,4.7299999999999995,0.050246019000042,0.06421727500037377,0.03581493500041688,2.0486092843683004,3.054570346218924,4.597912569851671
20.517832923999777,2.33,3.25,4.7299999999999995,0.1003808810000919,0.11435213700042368,0.08594979700046679,2.0486092843683004,3.054570346218924,4.597912569851671
20.568055914999604,2.36,3.21,4.7299999999999995,0.006556774000273435,0.02032911999958742,0.13617278800029453,2.082666559965853,3.0119760955226718,4.597912569851671
20.618385545999445,2.36,3.21,4.7299999999999995,0.05688640500011388,0.07065875099942787,0.042828892000216,2.082666559965853,3.0119760955226718,4.597912569851671
20.668681300999197,2.36,3.21,4.7299999999999995,0.10718215999986569,0.12095450599917967,0.09312464699996781,2.082666559965853,3.0119760955226718,4.597912569851671
20.719014728999355,2.32,3.27,4.7299999999999995,0.013149108000106935,0.02753025099991646,0.14345807500012597,2.0372285095197347,3.075841348314311,4.597912569851671
20.769316618999255,2.32,3.27,4.7299999999999995,0.06345099800000753,0.07783214099981706,0.049347944999681204,2.0372285095197347,3.075841348314311,4.597912569851671
20.819636371999877,2.32,3.27,4.7299999999999995,0.11377075100062939,0.12815189400043892,0.09966769800030306,2.0372285095197347,3.075841348314311,4.597912569851671
20.869969127999866,2.36,3.25,4.71,0.020143792999988364,0.034342906000347284,0.006138806999842927,2.082666559965853,3.054570346218924,4.5773354694625565
20.920305131999157,2.36,3.25,4.71,0.07047979699927964,0.08467890999963856,0.056474810999134206,2.082666559965853,3.054570346218924,4.5773354694625565
20.97064228399995,2.36,3.25,4.71,0.12081694900007278,0.1350160620004317,0.10681196299992735,2.082666559965853,3.054570346218924,4.5773354694625565
21.02099904499937,2.31,3.21,4.71,0.027145173999997496,0.04168899300020712,0.01326544899984583,2.025833161936096,3.0119760955226718,4.5773354694625565
21.071295418999398,2.31,3.21,4.71,0.07744154800002434,0.09198536700023396,0.06356182299987267,2.025833161936096,3.0119760955226718,4.5773354694625565
21.121618404999936,2.31,3.21,4.71,0.12776453400056198,0.1423083530007716,0.11388480900041031,2.025833161936096,3.0119760955226718,4.5773354694625565
21.171951990999332,2.33,3.27,4.7299999999999995,0.034124645999327186,0.048379752000073495,0.020153211999968335,2.0486092843683004,3.075841348314311,4.597912569851671
21.222082168999805,2.33,3.27,4.7299999999999995,0.08425482399979956,0.09850993000054586,0.0702833900004407,2.0486092843683004,3.075841348314311,4.597912569851671
21.27218722699945,2.33,3.2,4.7299999999999995,0.13435988199944404,0.004617937000148231,0.12038844800008519,2.0486092843683004,3.0013163778582226,4.597912569851671
21.3225056579995,2.34,3.2,4.7299999999999995,0.0410203299998102,0.054936368000198854,0.026892689999840513,2.059975728012347,3.0013163778582226,4.597912569851671
21.372829018999255,2.34,3.2,4.7299999999999995,0.0913436909995653,0.10525972899995395,0.07721605099959561,2.059975728012347,3.0013163778582226,4.597912569851671
21.423149635999835,2.34,3.29,4.7299999999999995,0.14166430800014496,0.011299741000584618,0.12753666800017527,2.059975728012347,3.0970954134478967,4.597912569851671
21.47349845699955,2.33,3.29,4.7299999999999995,0.047752194999702624,0.061648562000300444,0.03379735399994388,2.0486092843683004,3.0970954134478967,4.597912569851671
21.523838727999646,2.33,3.29,4.7299999999999995,0.09809246599979815,0.11198883300039597,0.0841376250000394,2.0486092843683004,3.0970954134478967,4.597912569851671
21.574168124999233,2.33,3.24,4.7299999999999995,0.0045576039992738515,0.018323622000025352,0.134467021999626,2.0486092843683004,3.043928382863171,4.597912569851671
21.6245048159999,2.33,3.24,4.75,0.05489429499994003,0.06866031300069153,0.04079865400035487,2.0486092843683004,3.043928382863171,4.618484599952673
21.67462085399984,2.33,3.24,4.75,0.10501033299988194,0.11877635100063344,0.09091469200029678,2.0486092843683004,3.043928382863171,4.618484599952673
21.724755463999827,2.33,3.24,4.75,0.011024053000255662,0.024905584000407543,0.1410493020002832,2.0486092843683004,3.043928382863171,4.618484599952673
21.775080768999942,2.33,3.24,4.7299999999999995,0.06134935800037056,0.07523088900052244,0.04761637100000371,2.0486092843683004,3.043928382863171,4.597912569851671
21.82541287099957,2.33,3.24,4.7299999999999995,0.11168145999999979,0.12556299100015167,0.09794847299963294,2.0486092843683004,3.043928382863171,4.597912569851671
21.875579883999308,2.34,3.2600000000000002,4.7299999999999995,0.017875699999422068,0.031756209999912244,0.003948827999920468,2.059975728012347,3.0652079864178874,4.597912569851671
21.925897193999845,2.34,3.2600000000000002,4.7299999999999995,0.06819300999995903,0.08207352000044921,0.05426613800045743,2.059975728012347,3.0652079864178874,4.597912569851671
21.976230887999918,2.34,3.2600000000000002,4.7299999999999995,0.11852670400003262,0.1324072140005228,0.10459983200053102,2.059975728012347,3.0652079864178874,4.597912569851671
22.02656499799923,2.34,3.2600000000000002,4.7299999999999995,0.16886081399934483,0.182741323999835,0.15493394199984323,2.059975728012347,3.0652079864178874,4.597912569851671
22.07691997999973,2.34,3.2600000000000002,4.7299999999999995,0.21921579599984398,0.23309630600033415,0.20528892400034238,2.059975728012347,3.0652079864178874,4.597912569851671
22.12724505999995,2.34,3.2600000000000002,4.7299999999999995,0.2695408760000646,0.2834213860005548,0.255614004000563,2.059975728012347,3.0652079864178874,4.597912569851671
22.177573310999833,2.32,3.27,4.75,0.03187583300041297,0.04585683000004792,0.018005519999860553,2.0372285095197347,3.075841348314311,4.618484599952673
22.22789965299944,2.32,3.27,4.75,0.08220217500002036,0.09618317199965531,0.06833186199946795,2.0372285095197347,3.075841348314311,4.618484599952673
22.27804295399983,2.32,3.25,4.75,0.1323454760004097,0.0023212340001919074,0.11847516299985728,2.0372285095197347,3.054570346218924,4.618484599952673
22.328337052999814,2.3,3.25,4.7299999999999995,0.038720551000551495,0.05261533300017618,0.02478194900049857,2.014422994308792,3.054570346218924,4.597912569851671
22.378672635999465,2.3,3.25,4.7299999999999995,0.08905613400020229,0.10295091599982698,0.07511753200014937,2.014422994308792,3.054570346218924,4.597912569851671
22.42901662099939,2.3,3.23,4.7299999999999995,0.13940011900012905,0.009326892999524716,0.12546151700007613,2.014422994308792,3.0332820508485523,4.597912569851671
22.479354487999444,2.34,3.23,4.7299999999999995,0.04573634099961055,0.059664759999577655,0.03183046199956152,2.059975728012347,3.0332820508485523,4.597912569851671
22.529651910999746,2.34,3.23,4.7299999999999995,0.09603376399991248,0.10996218299987959,0.08212788499986345,2.059975728012347,3.0332820508485523,4.597912569851671
22.579789164999966,2.34,3.21,4.7299999999999995,0.0021963760000289767,0.01621802400040906,0.13226513900008285,2.059975728012347,3.0119760955226718,4.597912569851671
22.630088227999295,2.34,3.21,4.7299999999999995,0.05249543899935816,0.06651708699973824,0.038760448999710206,2.059975728012347,3.0119760955226718,4.597912569851671
22.68023042599998,2.34,3.21,4.7299999999999995,0.10263763700004347,0.11665928500042355,0.08890264700039552,2.059975728012347,3.0119760955226718,4.597912569851671
22.730553869999312,2.32,3.24,4.7299999999999995,0.009000624999316642,0.02282312099941919,0.1392260909997276,2.0372285095197347,3.043928382863171,4.597912569851671
22.780907682999896,2.32,3.24,4.75,0.059354437999900256,0.0731769340000028,0.04509956099991541,2.0372285095197347,3.043928382863171,4.618484599952673
22.83123677399999,2.32,3.24,4.75,0.10968352899999445,0.123506025000097,0.0954286520000096,2.0372285095197347,3.043928382863171,4.618484599952673
22.881533946999298,2.34,3.27,4.7299999999999995,0.01598965599987423,0.029929442000138806,0.0017416929995306418,2.059975728012347,3.075841348314311,4.597912569851671
22.931838021999283,2.34,3.27,4.7299999999999995,0.06629373099985969,0.08023351700012427,0.0520457679995161,2.059975728012347,3.075841348314311,4.597912569851671
22.98202714299987,2.34,3.27,4.7299999999999995,0.11648285200044484,0.1304226380007094,0.10223488900010125,2.059975728012347,3.075841348314311,4.597912569851671
23.032321276999937,2.34,3.2600000000000002,4.71,0.02281235700047546,0.03674003700052708,0.00860347600064415,2.059975728012347,3.0652079864178874,4.5773354694625565
23.082640105999417,2.34,3.2600000000000002,4.71,0.07313118599995505,0.08705886600000667,0.05892230500012374,2.059975728012347,3.0652079864178874,4.5773354694625565
23.13297912300004,2.34,3.2600000000000002,4.71,0.1234702030005792,0.13739788300063083,0.1092613220007479,2.059975728012347,3.0652079864178874,4.5773354694625565
23.183274454999264,2.34,3.19,4.7299999999999995,0.030030915999304852,0.04392257499966945,0.015757553999719676,2.059975728012347,2.990652102802999,4.597912569851671
23.233386651999353,2.34,3.19,4.7299999999999995,0.08014311299939436,0.09403477199975896,0.06586975099980918,2.059975728012347,2.990652102802999,4.597912569851671
23.28353878500002,2.34,3.19,4.7299999999999995,0.1302952460000597,0.1441869050004243,0.11602188400047453,2.059975728012347,2.990652102802999,4.597912569851671
23.33387447699988,2.34,3.23,4.71,0.03603561500040087,0.050088974000573216,0.022162491000017326,2.059975728012347,3.0332820508485523,4.5773354694625565
23.38426817399977,2.34,3.23,4.71,0.08642931200029125,0.1004826710004636,0.0725561879999077,2.059975728012347,3.0332820508485523,4.5773354694625565
23.434460695999405,2.34,3.21,4.71,0.136621833999925,0.006933396999556862,0.12274870999954146,2.059975728012347,3.0119760955226718,4.5773354694625565
23.48478817599971,2.32,3.21,4.6899999999999995,0.043331406000106654,0.057260876999862376,0.029088451000461646,2.0372285095197347,3.0119760955226718,4.556753230097061
23.53508822999993,2.32,3.21,4.6899999999999995,0.0936314600003243,0.10756093100008002,0.07938850500067929,2.0372285095197347,3.0119760955226718,4.556753230097061
23.585312181999143,2.32,3.2,4.6899999999999995,0.14385541199953877,0.013819621999573428,0.12961245699989377,2.0372285095197347,3.0013163778582226,4.556753230097061
23.635618194000017,2.34,3.2,4.71,0.0497261750006146,0.06412563400044746,0.03595711200068763,2.059975728012347,3.0013163778582226,4.5773354694625565
23.68591988299977,2.34,3.2,4.71,0.10002786400036712,0.11442732300019998,0.08625880100044014,2.059975728012347,3.0013163778582226,4.5773354694625565
23.736257677999674,2.36,3.25,4.71,0.0065527879996807314,0.020797924999897077,0.13659659600034502,2.082666559965853,3.054570346218924,4.5773354694625565
23.786592296999515,2.36,3.25,4.7299999999999995,0.05688740699952177,0.07113254399973812,0.04326494599990838,2.082666559965853,3.054570346218924,4.597912569851671
23.836930932999167,2.36,3.25,4.7299999999999995,0.10722604299917293,0.12147117999938928,0.09360358199955954,2.082666559965853,3.054570346218924,4.597912569851671
23.887156931999925,2.33,3.25,4.7299999999999995,0.013478956000653852,0.02740916000038851,0.14382958100031829,2.0486092843683004,3.054570346218924,4.597912569851671
23.93752807099918,2.33,3.25,4.7299999999999995,0.06385009499990701,0.07778029899964167,0.04977793499983818,2.0486092843683004,3.054570346218924,4.597912569851671
23.987710640999467,2.33,3.25,4.7299999999999995,0.11403266500019527,0.12796286899992992,0.09996050500012643,2.0486092843683004,3.054570346218924,4.597912569851671
24.03804811399914,2.32,3.31,4.7299999999999995,0.02039553499980684,0.03431955799987918,0.006457194999711646,2.0372285095197347,3.118332887938682,4.597912569851671
24.088382611999805,2.32,3.31,4.7299999999999995,0.07073003300047276,0.0846540560005451,0.05679169300037756,2.0372285095197347,3.118332887938682,4.597912569851671
24.138719033999223,2.32,3.31,4.7299999999999995,0.121066454999891,0.13499047799996333,0.1071281149997958,2.0372285095197347,3.118332887938682,4.597912569851671
24.18905244399957,2.34,3.21,4.7299999999999995,0.02735561899953609,0.041564686999663536,0.013479082999765524,2.059975728012347,3.0119760955226718,4.597912569851671
24.239193613999305,2.34,3.21,4.7299999999999995,0.07749678899926948,0.09170585699939693,0.06362025299949892,2.059975728012347,3.0119760955226718,4.597912569851671
24.289361062999888,2.34,3.21,4.7299999999999995,0.12766423799985205,0.1418733059999795,0.11378770200008148,2.059975728012347,3.0119760955226718,4.597912569851671
24.339618128999973,2.33,3.2800000000000002,4.71,0.03420759700020426,0.047932082999977865,0.020057378000274184,2.0486092843683004,3.086470476126412,4.5773354694625565
24.3899594909999,2.33,3.2800000000000002,4.71,0.08454895900013071,0.09827344499990431,0.07039874000020063,2.0486092843683004,3.086470476126412,4.5773354694625565
24.440301861999615,2.33,3.27,4.71,0.13489132999984577,0.00461371599976701,0.12074111099991569,2.0486092843683004,3.075841348314311,4.5773354694625565
24.490639241999816,2.34,3.27,4.7299999999999995,0.04117263100033597,0.05495109599996795,0.027434085000095365,2.059975728012347,3.075841348314311,4.597912569851671
24.540958987999147,2.34,3.27,4.7299999999999995,0.09149237699966761,0.10527084199929959,0.07775383099942701,2.059975728012347,3.075841348314311,4.597912569851671
24.59127937899939,2.34,3.2600000000000002,4.7299999999999995,0.14181276799990883,0.011631698999735818,0.12807422199966823,2.059975728012347,3.0652079864178874,4.597912569851671
24.641633033999824,2.3499999999999996,3.2600000000000002,4.7299999999999995,0.04824222300067049,0.061985354000171355,0.03414012499979435,2.0713280763799826,3.0652079864178874,4.597912569851671
24.691950450999684,2.3499999999999996,3.2600000000000002,4.7299999999999995,0.09855964000053064,0.1123027710000315,0.0844575419996545,2.0713280763799826,3.0652079864178874,4.597912569851671
24.74228178699923,2.3499999999999996,3.27,4.7299999999999995,0.0047358409992739325,0.018644142000084685,0.13478887799919903,2.0713280763799826,3.075841348314311,4.597912569851671
24.792604568999195,2.3499999999999996,3.27,4.7299999999999995,0.05505862299924047,0.06896692400005122,0.04135447499993461,2.0713280763799826,3.075841348314311,4.597912569851671
24.842747588999373,2.3499999999999996,3.27,4.7299999999999995,0.10520164299941825,0.119109944000229,0.0914974950001124,2.0713280763799826,3.075841348314311,4.597912569851671
24.893067405999318,2.33,3.24,4.7299999999999995,0.011533963000147196,0.025488586999927065,0.14181731200005743,2.0486092843683004,3.043928382863171,4.597912569851671
24.943208662999496,2.33,3.24,4.7299999999999995,0.06167522000032477,0.07562984400010464,0.047757799999999406,2.0486092843683004,3.043928382863171,4.597912569851671
24.99353114799942,2.33,3.24,4.7299999999999995,0.11199770500024897,0.12595232900002884,0.0980802849999236,2.0486092843683004,3.043928382863171,4.597912569851671
25.043871504999515,2.33,3.24,4.7299999999999995,0.1623380620003445,0.17629268600012438,0.14842064200001914,2.0486092843683004,3.043928382863171,4.597912569851671
25.094253100999595,2.33,3.24,4.7299999999999995,0.2127196580004238,0.22667428200020368,0.19880223800009844,2.0486092843683004,3.043928382863171,4.597912569851671
25.144574443999772,2.33,3.24,4.7299999999999995,0.2630410010006017,0.27699562500038155,0.24912358100027632,2.0486092843683004,3.043928382863171,4.597912569851671
25.194897642999422,2.3499999999999996,3.24,4.77,0.02573833999940689,0.039545599000121,0.011543356999936805,2.0713280763799826,3.043928382863171,4.63905162721865
25.24498608199974,2.3499999999999996,3.24,4.77,0.07582677899972623,0.08963403800044034,0.061631796000256145,2.0713280763799826,3.043928382863171,4.63905162721865
25.2953350709995,2.3499999999999996,3.24,4.77,0.12617576799948438,0.1399830270001985,0.1119807850000143,2.0713280763799826,3.043928382863171,4.63905162721865
25.345488520999425,2.32,3.2600000000000002,4.7299999999999995,0.03209246499955043,0.04597159700006159,0.017786665999665274,2.0372285095197347,3.0652079864178874,4.597912569851671
25.395657279999796,2.32,3.2600000000000002,4.7299999999999995,0.08226122399992164,0.0961403560004328,0.06795542500003648,2.0372285095197347,3.0652079864178874,4.597912569851671
25.445988987999954,2.32,3.24,4.7299999999999995,0.1325929320000796,0.0027221750005992362,0.11828713300019444,2.0372285095197347,3.043928382863171,4.597912569851671
25.496320031999858,2.3499999999999996,3.24,4.71,0.03916332400058309,0.053053219000503304,0.024640311999974074,2.0713280763799826,3.043928382863171,4.5773354694625565
25.546474309999212,2.3499999999999996,3.24,4.71,0.08931760199993732,0.10320749699985754,0.07479458999932831,2.0713280763799826,3.043928382863171,4.5773354694625565
25.596666104999713,2.3499999999999996,3.2600000000000002,4.71,0.13950939700043818,0.009174695999718097,0.12498638499982917,2.0713280763799826,3.0652079864178874,4.5773354694625565
25.646987140999954,2.3499999999999996,3.2600000000000002,4.71,0.04564012700029707,0.05949573199995939,0.031299207000301976,2.0713280763799826,3.0652079864178874,4.5773354694625565
25.697335580999606,2.3499999999999996,3.2600000000000002,4.71,0.0959885669999494,0.10984417199961172,0.0816476469999543,2.0713280763799826,3.0652079864178874,4.5773354694625565
25.747617729999547,2.3699999999999997,3.23,4.71,0.001924295000208076,0.01615901799959829,0.13192979599989485,2.0939914039938174,3.0332820508485523,4.5773354694625565
25.797759828999915,2.3699999999999997,3.23,4.71,0.05206639400057611,0.06630111699996633,0.03814146200056712,2.0939914039938174,3.0332820508485523,4.5773354694625565
25.848055926999223,2.3699999999999997,3.23,4.71,0.10236249199988379,0.116597214999274,0.08843755999987479,2.0939914039938174,3.0332820508485523,4.5773354694625565
25.89839070599919,2.32,3.21,4.71,0.008714206999684393,0.023006628999610257,0.13877233899984276,2.0372285095197347,3.0119760955226718,4.5773354694625565
25.94872392599973,2.32,3.21,4.71,0.05904742700022325,0.07333984900014912,0.04523963100018591,2.0372285095197347,3.0119760955226718,4.5773354694625565
25.99905756499993,2.32,3.21,4.71,0.10938106600042374,0.12367348800034961,0.0955732700003864,2.0372285095197347,3.0119760955226718,4.5773354694625565
26.049375679999685,2.36,3.2600000000000002,4.75,0.01587468500019895,0.030006277000211412,0.001758721000442165,2.082666559965853,3.0652079864178874,4.618484599952673
26.099793840999155,2.36,3.2600000000000002,4.75,0.06629284599966923,0.08042443799968169,0.05217688199991244,2.082666559965853,3.0652079864178874,4.618484599952673
26.149906052000006,2.36,3.2600000000000002,4.75,0.11640505700052017,0.13053664900053263,0.10228909300076339,2.082666559965853,3.0652079864178874,4.618484599952673
26.20019634699929,2.36,3.29,4.71,0.022562535999895772,0.03686328000003414,0.008905673999834107,2.082666559965853,3.0970954134478967,4.5773354694625565
26.25031626099917,2.36,3.29,4.71,0.07268244999977469,0.08698319399991306,0.059025587999713025,2.082666559965853,3.0970954134478967,4.5773354694625565
26.30063991499992,2.36,3.29,4.71,0.12300610400052392,0.13730684800066228,0.10934924200046225,2.082666559965853,3.0970954134478967,4.5773354694625565
26.350973373999295,2.33,3.27,4.7299999999999995,0.02949981799974921,0.043864901999768335,0.015462063000086346,2.0486092843683004,3.075841348314311,4.597912569851671
26.401296756999727,2.33,3.27,4.7299999999999995,0.07982320100018114,0.09418828500020027,0.06578544600051828,2.0486092843683004,3.075841348314311,4.597912569851671
26.451484846999847,2.33,3.27,4.7299999999999995,0.13001129100030084,0.14437637500031997,0.11597353600063798,2.0486092843683004,3.075841348314311,4.597912569851671
26.501825301999816,2.34,3.23,4.75,0.03621706500052824,0.04988430400044308,0.022292327999821282,2.059975728012347,3.0332820508485523,4.618484599952673
26.552161517999593,2.34,3.23,4.75,0.08655328100030601,0.10022052000022086,0.07262854399959906,2.059975728012347,3.0332820508485523,4.618484599952673
26.602494907999244,2.34,3.2800000000000002,4.75,0.13688667099995655,0.006858491999992111,0.1229619339992496,2.059975728012347,3.086470476126412,4.618484599952673
26.652806960999442,2.34,3.2800000000000002,4.77,0.04343415599942091,0.05717054500019003,0.029305555000064487,2.059975728012347,3.086470476126412,4.63905162721865
26.703307917999155,2.34,3.2800000000000002,4.77,0.09393511299913371,0.10767150199990283,0.07980651199977729,2.059975728012347,3.086470476126412,4.63905162721865
26.75351670299915,2.34,3.2600000000000002,4.77,0.14414389799912897,0.013880333999622962,0.13001529699977254,2.059975728012347,3.0652079864178874,4.63905162721865
26.803849303999414,2.3699999999999997,3.2600000000000002,4.7299999999999995,0.05009180599972751,0.06421293499988678,0.036391171000104805,2.0939914039938174,3.0652079864178874,4.597912569851671
26.85416921599972,2.3699999999999997,3.2600000000000002,4.7299999999999995,0.10041171800003212,0.1145328470001914,0.08671108300040942,2.0939914039938174,3.0652079864178874,4.597912569851671
26.904500665999876,2.34,3.27,4.7299999999999995,0.0071975900000325055,0.020888233000732725,0.13704253300056735,2.059975728012347,3.075841348314311,4.597912569851671
26.954835845999696,2.34,3.27,4.71,0.05753276999985246,0.07122341300055268,0.04362207299982401,2.059975728012347,3.075841348314311,4.5773354694625565
27.004995574999157,2.34,3.27,4.71,0.1076924989993131,0.12138314200001332,0.09378180199928465,2.059975728012347,3.075841348314311,4.5773354694625565
27.055206605999956,2.34,3.19,4.71,0.013727321000260417,0.027571804000217526,0.14399283300008392,2.059975728012347,2.990652102802999,4.5773354694625565
27.105543700999988,2.34,3.19,4.7299999999999995,0.06406441600029211,0.07790889900024922,0.04979587100024219,2.059975728012347,2.990652102802999,4.597912569851671
27.155869745999553,2.34,3.19,4.7299999999999995,0.11439046099985717,0.12823494399981428,0.10012191599980724,2.059975728012347,2.990652102802999,4.597912569851671
27.206218583999544,2.34,3.2600000000000002,4.75,0.020769486000062898,0.03468044100009138,0.00688476199957222,2.059975728012347,3.0652079864178874,4.618484599952673
27.25657506599964,2.34,3.2600000000000002,4.75,0.07112596800016036,0.08503692300018884,0.05724124399966968,2.059975728012347,3.0652079864178874,4.618484599952673
27.306905486999312,2.34,3.2600000000000002,4.75,0.12145638899983169,0.13536734399986017,0.10757166499934101,2.059975728012347,3.0652079864178874,4.618484599952673
27.357235131999914,2.34,3.24,4.77,0.027839616000164824,0.041893872000400734,0.013926692000495677,2.059975728012347,3.043928382863171,4.63905162721865
27.40756812499967,2.34,3.24,4.77,0.07817260899992107,0.09222686500015698,0.06425968500025192,2.059975728012347,3.043928382863171,4.63905162721865
27.457889240999975,2.34,3.24,4.77,0.12849372500022582,0.14254798100046173,0.11458080100055668,2.059975728012347,3.043928382863171,4.63905162721865
27.508227427999373,2.36,3.27,4.71,0.03483748399958131,0.04897804699976405,0.020943514999999024,2.082666559965853,3.075841348314311,4.5773354694625565
27.55857000099968,2.36,3.27,4.71,0.08518005699988862,0.09932062000007136,0.07128608800030634,2.082666559965853,3.075841348314311,4.5773354694625565
27.608908282999437,2.36,3.23,4.71,0.1355183389996455,0.005724720000216621,0.12162437000006321,2.082666559965853,3.0332820508485523,4.5773354694625565
27.659038000999317,2.34,3.23,4.7299999999999995,0.041713567999977386,0.05585443800009671,0.027771123000093212,2.059975728012347,3.0332820508485523,4.597912569851671
27.709330061999935,2.34,3.23,4.7299999999999995,0.09200562900059595,0.10614649900071527,0.07806318400071177,2.059975728012347,3.0332820508485523,4.597912569851671
27.759482779999416,2.34,3.25,4.7299999999999995,0.1421583470000769,0.012081285000022035,0.12821590200019273,2.059975728012347,3.054570346218924,4.597912569851671
27.809822514999723,2.34,3.25,4.7299999999999995,0.04848359400057234,0.06242102000032901,0.03472875399984332,2.059975728012347,3.054570346218924,4.597912569851671
27.860167019999608,2.34,3.25,4.7299999999999995,0.09882809900045686,0.11276552500021353,0.08507325899972784,2.059975728012347,3.054570346218924,4.597912569851671
27.91031155499968,2.34,3.3000000000000003,4.7299999999999995,0.005177517000447551,0.019146071999784908,0.13521779399980005,2.059975728012347,3.107716203259236,4.597912569851671
27.960694439999315,2.34,3.3000000000000003,4.7299999999999995,0.05556040200008283,0.06952895699942019,0.041302173999611114,2.059975728012347,3.107716203259236,4.597912569851671
28.01103402699937,2.34,3.3000000000000003,4.7299999999999995,0.10589998900013597,0.11986854399947333,0.09164176099966426,2.059975728012347,3.107716203259236,4.597912569851671
28.061369991999527,2.34,3.3000000000000003,4.7299999999999995,0.15623595400029444,0.1702045089996318,0.14197772599982272,2.059975728012347,3.107716203259236,4.597912569851671
28.111719276999793,2.34,3.3000000000000003,4.7299999999999995,0.20658523900056025,0.2205537939998976,0.19232701100008853,2.059975728012347,3.107716203259236,4.597912569851671
28.162083023999912,2.34,3.3000000000000003,4.7299999999999995,0.2569489860006797,0.2709175410000171,0.242690758000208,2.059975728012347,3.107716203259236,4.597912569851671
28.212226729999202,2.34,3.21,4.71,0.019099780999567884,0.033137641999928746,0.004652567999983148,2.059975728012347,3.0119760955226718,4.5773354694625565
28.26256802699936,2.34,3.21,4.71,0.06944107799972699,0.08347893900008785,0.05499386500014225,2.059975728012347,3.0119760955226718,4.5773354694625565
28.31288829099958,2.34,3.21,4.71,0.11976134199994704,0.1337992030003079,0.1053141290003623,2.059975728012347,3.0119760955226718,4.5773354694625565
28.363270254999406,2.3699999999999997,3.21,4.77,0.02600976499979879,0.04010859200025152,0.011766028000238293,2.0939914039938174,3.0119760955226718,4.63905162721865
28.413605028999882,2.3699999999999997,3.21,4.77,0.07634453900027438,0.09044336600072711,0.062100802000713884,2.0939914039938174,3.0119760955226718,4.63905162721865
28.463812445999793,2.3699999999999997,3.21,4.77,0.12655195600018487,0.1406507830006376,0.11230821900062438,2.0939914039938174,3.0119760955226718,4.63905162721865
28.514140761999442,2.3699999999999997,3.25,4.7299999999999995,0.032550693999837677,0.046872652000274684,0.018637966999449418,2.0939914039938174,3.054570346218924,4.597912569851671
28.564482727999348,2.3699999999999997,3.25,4.7299999999999995,0.08289265999974305,0.09721461800018005,0.06897993299935479,2.0939914039938174,3.054570346218924,4.597912569851671
28.61483513999974,2.3699999999999997,3.25,4.7299999999999995,0.13324507200013613,0.003612510000493785,0.11933234499974787,2.0939914039938174,3.054570346218924,4.597912569851671
28.66515188199992,2.3499999999999996,3.25,4.7299999999999995,0.03958534499997768,0.05392925200067111,0.02568106900071143,2.0713280763799826,3.054570346218924,4.597912569851671
28.715271133999522,2.3499999999999996,3.25,4.7299999999999995,0.08970459699958155,0.10404850400027499,0.07580032100031531,2.0713280763799826,3.054570346218924,4.597912569851671
28.765605216999575,2.3499999999999996,3.2600000000000002,4.7299999999999995,0.14003867999963404,0.010390321999693697,0.1261344040003678,2.0713280763799826,3.0652079864178874,4.597912569851671
28.81590556699939,2.3499999999999996,3.2600000000000002,4.7299999999999995,0.04631301700010226,0.060690671999509505,0.03250578699953621,2.0713280763799826,3.0652079864178874,4.597912569851671
28.866241284999887,2.3499999999999996,3.2600000000000002,4.7299999999999995,0.09664873500059912,0.11102639000000636,0.08284150500003307,2.0713280763799826,3.0652079864178874,4.597912569851671
28.9165668859996,2.3499999999999996,3.2,4.7299999999999995,0.14697433600031218,0.017341286000373657,0.13316710599974613,2.0713280763799826,3.0013163778582226,4.597912569851671
28.966882794999947,2.3499999999999996,3.2,4.77,0.19729024500065862,0.0676571950007201,0.039652759000091464,2.0713280763799826,3.0013163778582226,4.63905162721865
29.017216833999555,2.3499999999999996,3.2,4.77,0.24762428400026693,0.1179912340003284,0.08998679799969977,2.0713280763799826,3.0013163778582226,4.63905162721865
29.06755692599927,2.3499999999999996,3.2800000000000002,4.77,0.2979643759999817,0.02416926699970645,0.14032688999941456,2.0713280763799826,3.086470476126412,4.63905162721865
29.117880897999385,2.3499999999999996,3.2800000000000002,4.75,0.34828834800009645,0.07449323899982119,0.04652835300021252,2.0713280763799826,3.086470476126412,4.618484599952673
29.16820948899931,2.3499999999999996,3.2800000000000002,4.75,0.3986169390000214,0.12482182999974611,0.09685694400013745,2.0713280763799826,3.086470476126412,4.618484599952673
29.218344469999465,2.36,3.2600000000000002,4.75,0.016937520999817934,0.03076868199968885,0.00318508300006215,2.082666559965853,3.0652079864178874,4.618484599952673
29.268674181999813,2.36,3.2600000000000002,4.75,0.06726723300016602,0.08109839400003693,0.05351479500041023,2.082666559965853,3.0652079864178874,4.618484599952673
29.31890750599996,2.36,3.2600000000000002,4.75,0.11750055700031226,0.13133171800018317,0.10374811900055647,2.082666559965853,3.0652079864178874,4.618484599952673
29.369236451999313,2.33,3.24,4.7299999999999995,0.02387333399929048,0.03774067699941952,0.009935224999935599,2.0486092843683004,3.043928382863171,4.597912569851671
29.41956704199947,2.33,3.24,4.7299999999999995,0.0742039239994483,0.08807126699957735,0.060265815000093426,2.0486092843683004,3.043928382863171,4.597912569851671
29.469909177999398,2.33,3.24,4.7299999999999995,0.12454605999937485,0.1384134029995039,0.11060795100001997,2.0486092843683004,3.043928382863171,4.597912569851671
29.52024390599945,2.31,3.23,4.71,0.030932312000004458,0.04500611599996773,0.01696961099969485,2.025833161936096,3.0332820508485523,4.5773354694625565
29.570584484999927,2.31,3.23,4.71,0.08127289100048074,0.09534669500044402,0.06731019000017113,2.025833161936096,3.0332820508485523,4.5773354694625565
29.620909735999703,2.31,3.2800000000000002,4.71,0.1315981420002572,0.0014503530001093168,0.1176354409999476,2.025833161936096,3.086470476126412,4.5773354694625565
29.671261200999652,2.34,3.2800000000000002,4.7299999999999995,0.037936810000246624,0.05180181800005812,0.02402594599971053,2.059975728012347,3.086470476126412,4.597912569851671
29.72159891999945,2.34,3.2800000000000002,4.7299999999999995,0.08827452900004573,0.10213953699985723,0.07436366499950964,2.059975728012347,3.086470476126412,4.597912569851671
29.771934016999694,2.34,3.27,4.7299999999999995,0.1386096260002887,0.008546762999685598,0.1246987619997526,2.059975728012347,3.075841348314311,4.597912569851671
29.82226509299926,2.32,3.27,4.7299999999999995,0.04497842599994328,0.05887783899925125,0.031166711999503605,2.0372285095197347,3.075841348314311,4.597912569851671
29.872591764999925,2.32,3.27,4.7299999999999995,0.09530509800060827,0.10920451099991624,0.08149338400016859,2.0372285095197347,3.075841348314311,4.597912569851671
29.922920696999427,2.34,3.19,4.7299999999999995,0.0016386970000894507,0.01575023300028988,0.13182231599967054,2.059975728012347,2.990652102802999,4.597912569851671
29.973223884999243,2.34,3.19,4.7299999999999995,0.051941884999905596,0.06605342100010603,0.03817918099957751,2.059975728012347,2.990652102802999,4.597912569851671
30.023555152999506,2.34,3.19,4.7299999999999995,0.10227315300016926,0.11638468900036969,0.08851044899984117,2.059975728012347,2.990652102802999,4.597912569851671
30.07389319699996,2.32,3.21,4.7299999999999995,0.008849501000440796,0.02277996000066196,0.138848493000296,2.0372285095197347,3.0119760955226718,4.597912569851671
30.12422894699921,2.32,3.21,4.7299999999999995,0.05918525099968974,0.0731157099999109,0.04510427799959871,2.0372285095197347,3.0119760955226718,4.597912569851671
30.17437341799996,2.32,3.21,4.7299999999999995,0.10932972200043878,0.12326018100065994,0.09524874900034774,2.0372285095197347,3.0119760955226718,4.597912569851671
30.224497259999225,2.32,3.23,4.71,0.015266852999957337,0.029197521999776654,0.0016263939996861154,2.0372285095197347,3.0332820508485523,4.5773354694625565
30.27468269399924,2.32,3.23,4.71,0.06545228699997097,0.07938295599979028,0.051811827999699744,2.0372285095197347,3.0332820508485523,4.5773354694625565
30.324979651999456,2.32,3.23,4.71,0.11574924500018824,0.12967991400000756,0.10210878599991702,2.0372285095197347,3.0332820508485523,4.5773354694625565
30.375306145999275,2.34,3.25,4.6899999999999995,0.022104543999375892,0.03601848299967969,0.008182747999853746,2.059975728012347,3.054570346218924,4.556753230097061
30.42546395499994,2.34,3.25,4.6899999999999995,0.07226235300004191,0.08617629200034571,0.058340557000519766,2.059975728012347,3.054570346218924,4.556753230097061
30.475803464999444,2.34,3.25,4.6899999999999995,0.12260186299954512,0.13651580199984892,0.10868006700002297,2.059975728012347,3.054570346218924,4.556753230097061
30.526154732999203,2.3499999999999996,3.2600000000000002,4.77,0.028976676999263873,0.04315772299923992,0.014809015999162511,2.0713280763799826,3.0652079864178874,4.63905162721865
30.576481971999783,2.3499999999999996,3.2600000000000002,4.77,0.07930391599984432,0.09348496199982037,0.06513625499974296,2.0713280763799826,3.0652079864178874,4.63905162721865
30.62679639399994,2.3499999999999996,3.2600000000000002,4.77,0.12961833800000022,0.14379938399997627,0.11545067699989886,2.0713280763799826,3.0652079864178874,4.63905162721865
30.676913857999352,2.34,3.24,4.75,0.03574074399966776,0.04968412800008082,0.021799559000101,2.059975728012347,3.043928382863171,4.618484599952673
30.727234035999572,2.34,3.24,4.75,0.0860609219998878,0.10000430600030086,0.07211973700032104,2.059975728012347,3.043928382863171,4.618484599952673
30.777567890999308,2.34,3.24,4.75,0.136394776999623,0.006370905000039784,0.12245359200005623,2.059975728012347,3.043928382863171,4.618484599952673
30.82789975799915,2.31,3.24,4.7299999999999995,0.04305378499975632,0.0567027719998805,0.02851471899975877,2.025833161936096,3.043928382863171,4.597912569851671
30.878265997999733,2.31,3.24,4.7299999999999995,0.09342002500034141,0.10706901200046559,0.07888095900034386,2.025833161936096,3.043928382863171,4.597912569851671
30.928605378999237,2.31,3.21,4.7299999999999995,0.1437594059998446,0.01365732999965985,0.12922033999984706,2.025833161936096,3.0119760955226718,4.597912569851671
30.97895879399948,2.34,3.21,4.75,0.049495663000016066,0.064010744999905,0.03559664899967174,2.059975728012347,3.0119760955226718,4.618484599952673
31.029280629999448,2.34,3.21,4.75,0.09981749899998249,0.11433258099987142,0.08591848499963817,2.059975728012347,3.0119760955226718,4.618484599952673
31.079407977999836,2.34,3.21,4.75,0.14994484700036992,0.16445992900025885,0.1360458330000256,2.059975728012347,3.0119760955226718,4.618484599952673
31.129629172999557,2.34,3.21,4.75,0.2001660420000917,0.21468112399998063,0.18626702799974737,2.059975728012347,3.0119760955226718,4.618484599952673
31.179970715999843,2.34,3.21,4.75,0.25050758500037773,0.26502266700026667,0.2366085710000334,2.059975728012347,3.0119760955226718,4.618484599952673
31.23029604599924,2.33,3.25,4.75,0.012904854999760573,0.027367513999706716,0.28693390099942917,2.0486092843683004,3.054570346218924,4.618484599952673
31.280653531999633,2.33,3.25,4.7299999999999995,0.06326234100015427,0.07772500000010041,0.0494427639996502,2.0486092843683004,3.054570346218924,4.597912569851671
31.330981934999727,2.33,3.25,4.7299999999999995,0.11359074400024838,0.12805340300019452,0.09977116699974431,2.0486092843683004,3.054570346218924,4.597912569851671
31.381105514999945,2.32,3.27,4.75,0.019756180000513268,0.033981970000240835,0.005808468000395806,2.0372285095197347,3.075841348314311,4.618484599952673
31.431402475999676,2.32,3.27,4.75,0.07005314100024407,0.08427893099997164,0.056105429000126605,2.0372285095197347,3.075841348314311,4.618484599952673
31.481739205999475,2.32,3.27,4.75,0.12038987100004306,0.13461566099977063,0.1064421589999256,2.0372285095197347,3.075841348314311,4.618484599952673
31.53192513799968,2.33,3.25,4.71,0.02660385400031373,0.04103557100006583,0.012678298000537325,2.0486092843683004,3.054570346218924,4.5773354694625565
31.582256148999477,2.33,3.25,4.71,0.07693486500011204,0.09136658199986414,0.06300930900033563,2.0486092843683004,3.054570346218924,4.5773354694625565
31.632614232999913,2.33,3.25,4.71,0.1272929490005481,0.1417246660003002,0.1133673930007717,2.0486092843683004,3.054570346218924,4.5773354694625565
31.682939650999288,2.32,3.25,4.75,0.033624009999584814,0.19205008399967483,0.019716441000127816,2.0372285095197347,3.054570346218924,4.618484599952673
31.733267932999297,2.32,3.25,4.75,0.08395229199959431,0.24237836599968432,0.07004472300013731,2.0372285095197347,3.054570346218924,4.618484599952673
31.783564768999895,2.32,3.25,4.75,0.13424912800019229,0.2926752020002823,0.12034155900073529,2.0372285095197347,3.054570346218924,4.618484599952673
31.83386794999933,2.3699999999999997,3.25,4.7299999999999995,0.04072165199977462,0.3429783829997177,0.026653950999389053,2.0939914039938174,3.054570346218924,4.597912569851671
31.88425533699956,2.3699999999999997,3.25,4.7299999999999995,0.09110903900000267,0.39336576999994577,0.0770413379996171,2.0939914039938174,3.054570346218924,4.597912569851671
31.934570984999482,2.3699999999999997,3.25,4.7299999999999995,0.14142468699992605,0.01122836800004734,0.12735698599954048,2.0939914039938174,3.054570346218924,4.597912569851671
31.984912098999303,2.36,3.25,4.7299999999999995,0.047658000999945216,0.061569481999868,0.033840485999462544,2.082666559965853,3.054570346218924,4.597912569851671
32.03521132199967,2.36,3.25,4.7299999999999995,0.09795722400031082,0.1118687050002336,0.08413970899982814,2.082666559965853,3.054570346218924,4.597912569851671
32.08554291999917,2.32,3.24,4.7299999999999995,0.004300022999814246,0.01822345399978076,0.1344713069993304,2.0372285095197347,3.043928382863171,4.597912569851671
32.13587861799988,2.32,3.24,4.7299999999999995,0.05463572100052261,0.06855915200048912,0.04077010000037262,2.0372285095197347,3.043928382863171,4.597912569851671
32.1862072189997,2.32,3.24,4.7299999999999995,0.10496432200034178,0.1188877530003083,0.0910987010001918,2.0372285095197347,3.043928382863171,4.597912569851671
32.23652597,2.32,3.23,4.7299999999999995,0.011293308000858815,0.025210733000676555,0.14141745200049627,2.0372285095197347,3.0332820508485523,4.597912569851671
32.286861041999146,2.32,3.23,4.7299999999999995,0.061628380000001926,0.07554580499981967,0.04769387999931496,2.0372285095197347,3.0332820508485523,4.597912569851671
32.33719273399947,2.32,3.23,4.7299999999999995,0.11196007200032909,0.12587749700014683,0.09802557199964212,2.0372285095197347,3.0332820508485523,4.597912569851671
32.38752240099984,2.33,3.25,4.75,0.018309746999875642,0.032380061999901955,0.004417563000060909,2.0486092843683004,3.054570346218924,4.618484599952673
32.43774339399988,2.33,3.25,4.75,0.06853073999991466,0.08260105499994097,0.054638556000099925,2.0486092843683004,3.054570346218924,4.618484599952673
32.48803497599965,2.33,3.25,4.75,0.11882232199968712,0.13289263699971343,0.10493013799987239,2.0486092843683004,3.054570346218924,4.618484599952673
32.538318208999954,2.33,3.25,4.71,0.025167434000650246,0.03908741800023563,0.01123100900076679,2.0486092843683004,3.054570346218924,4.5773354694625565
32.58862690299975,2.33,3.25,4.71,0.0754761280004459,0.08939611200003128,0.06153970300056244,2.0486092843683004,3.054570346218924,4.5773354694625565
32.6389633889994,2.33,3.25,4.71,0.1258126140000968,0.13973259799968218,0.11187618900021334,2.0486092843683004,3.054570346218924,4.5773354694625565
32.689297508999516,2.34,3.2600000000000002,4.75,0.03206181400037167,0.04629273599948647,0.018470463999619824,2.059975728012347,3.0652079864178874,4.618484599952673
32.739639417000035,2.34,3.2600000000000002,4.75,0.08240372200089041,0.09663464400000521,0.06881237200013857,2.059975728012347,3.0652079864178874,4.618484599952673
32.78996701399956,2.34,3.2600000000000002,4.75,0.13273131900041335,0.002914290999797231,0.1191399689996615,2.059975728012347,3.0652079864178874,4.618484599952673
32.84030677299961,2.34,3.2600000000000002,4.6899999999999995,0.0391968399999314,0.053254049999850395,0.025270463000197196,2.059975728012347,3.0652079864178874,4.556753230097061
32.89064202099962,2.34,3.2600000000000002,4.6899999999999995,0.08953208799994172,0.10358929799986072,0.07560571100020752,2.059975728012347,3.0652079864178874,4.556753230097061
32.9408358189994,2.34,3.27,4.6899999999999995,0.1397258859997237,0.009641949000069872,0.12579950899998948,2.059975728012347,3.075841348314311,4.556753230097061
32.99094558999968,2.3499999999999996,3.27,4.6899999999999995,0.04585832799966738,0.05975172000034945,0.03203284600022016,2.0713280763799826,3.075841348314311,4.556753230097061
33.041275628999756,2.3499999999999996,3.27,4.6899999999999995,0.09618836699974054,0.11008175900042261,0.08236288500029332,2.0713280763799826,3.075841348314311,4.556753230097061
33.091630201000044,2.3499999999999996,3.27,4.6899999999999995,0.14654293900002813,0.1604363310007102,0.1327174570005809,2.0713280763799826,3.075841348314311,4.556753230097061
33.14197428699936,2.3499999999999996,3.27,4.6899999999999995,0.19688702499934152,0.2107804170000236,0.1830615429998943,2.0713280763799826,3.075841348314311,4.556753230097061
33.192270683999595,2.3499999999999996,3.27,4.6899999999999995,0.24718342199957988,0.26107681400026195,0.23335794000013266,2.0713280763799826,3.075841348314311,4.556753230097061
33.242577909999454,2.34,3.21,4.6899999999999995,0.009465699999964272,0.023544456999843533,0.2836651659999916,2.059975728012347,3.0119760955226718,4.556753230097061
33.29291224699955,2.34,3.21,4.77,0.05980003700005909,0.07387879399993835,0.04552435499954299,2.059975728012347,3.0119760955226718,4.63905162721865
33.34304291599983,2.34,3.21,4.77,0.10993070600034116,0.12400946300022042,0.09565502399982506,2.059975728012347,3.0119760955226718,4.63905162721865
33.39321516199925,2.32,3.24,4.71,0.016092677999949956,0.029968101999656938,0.001839896000092267,2.0372285095197347,3.043928382863171,4.5773354694625565
33.4433474159996,2.32,3.24,4.71,0.06622493200029567,0.08010035600000265,0.05197215000043798,2.0372285095197347,3.043928382863171,4.5773354694625565
33.49367615799929,2.32,3.24,4.71,0.11655367399998795,0.13042909799969493,0.10230089200013026,2.0372285095197347,3.043928382863171,4.5773354694625565
33.54401762999987,2.33,3.27,4.75,0.02247869900020305,0.036769616000128735,0.008616525999968871,2.0486092843683004,3.075841348314311,4.618484599952673
33.59414425099931,2.33,3.27,4.75,0.0726053199996386,0.08689623699956428,0.058743146999404416,2.0486092843683004,3.075841348314311,4.618484599952673
33.6444972649997,2.33,3.27,4.75,0.12295833400003175,0.13724925099995744,0.10909616099979758,2.0486092843683004,3.075841348314311,4.618484599952673
33.694835215999774,2.34,3.27,4.71,0.02926268400005938,0.043827373000567604,0.015437783000379568,2.059975728012347,3.075841348314311,4.5773354694625565
33.74497774699921,2.34,3.27,4.71,0.07940521499949682,0.09396990400000504,0.06558031399981701,2.059975728012347,3.075841348314311,4.5773354694625565
33.79507589699915,2.34,3.2,4.71,0.1295033649994366,0.00016465499993500998,0.11567846399975679,2.059975728012347,3.0013163778582226,4.5773354694625565
33.84541000799982,2.34,3.2,4.7299999999999995,0.03586025100048573,0.05049876600060088,0.021946751000541553,2.059975728012347,3.0013163778582226,4.597912569851671
33.89575632299966,2.34,3.2,4.7299999999999995,0.08620656600032817,0.10084508100044332,0.07229306600038399,2.059975728012347,3.0013163778582226,4.597912569851671
33.94611862900001,2.34,3.23,4.7299999999999995,0.13656887200068013,0.006860495000182709,0.12265537200073595,2.059975728012347,3.0332820508485523,4.597912569851671
33.99648549699941,2.33,3.23,4.7299999999999995,0.0432324499997776,0.05722736299958342,0.02912235599978885,2.0486092843683004,3.0332820508485523,4.597912569851671
34.04678982099995,2.33,3.23,4.7299999999999995,0.09353677400031302,0.10753168700011884,0.07942668000032427,2.0486092843683004,3.0332820508485523,4.597912569851671
34.0971358099996,2.33,3.23,4.7299999999999995,0.14388276299996505,0.15787767599977087,0.1297726689999763,2.0486092843683004,3.0332820508485523,4.597912569851671
34.147499691999656,2.33,3.23,4.7299999999999995,0.1942466450000211,0.2082415579998269,0.18013655100003234,2.0486092843683004,3.0332820508485523,4.597912569851671
34.19784911699935,2.33,3.23,4.7299999999999995,0.24459606999971584,0.25859098299952166,0.2304859759997271,2.0486092843683004,3.0332820508485523,4.597912569851671
34.248218352999174,2.32,3.25,4.7299999999999995,0.00661264799964556,0.020558255999276298,0.2808552119995511,2.0372285095197347,3.054570346218924,4.597912569851671
34.298361753999416,2.32,3.25,4.7299999999999995,0.05675604899988684,0.07070165699951758,0.0432425119997788,2.0372285095197347,3.054570346218924,4.597912569851671
34.348663518999274,2.32,3.25,4.7299999999999995,0.10705781399974512,0.12100342199937586,0.09354427699963708,2.0372285095197347,3.054570346218924,4.597912569851671
34.39900313399994,2.34,3.23,4.7299999999999995,0.013412822000645974,0.027322092000758857,0.1438838920003036,2.059975728012347,3.0332820508485523,4.597912569851671
34.44933462999961,2.34,3.23,4.7299999999999995,0.06374431800031743,0.07765358800043032,0.04939946600006806,2.059975728012347,3.0332820508485523,4.597912569851671
34.49967609699979,2.34,3.23,4.7299999999999995,0.11408578500049771,0.1279950550006106,0.09974093300024833,2.059975728012347,3.0332820508485523,4.597912569851671
34.550032276999445,2.33,3.2600000000000002,4.7299999999999995,0.020436887999494502,0.03437550199942052,0.006500640000012936,2.0486092843683004,3.0652079864178874,4.597912569851671
34.60033397299958,2.33,3.2600000000000002,4.7299999999999995,0.07073858399962774,0.08467719799955375,0.05680233600014617,2.0486092843683004,3.0652079864178874,4.597912569851671
34.65067131299929,2.33,3.2600000000000002,4.7299999999999995,0.1210759239993422,0.1350145379992682,0.10713967599986063,2.0486092843683004,3.0652079864178874,4.597912569851671
34.700999183999556,2.33,3.23,4.71,0.027388520000386052,0.04163096600041172,0.013466018999679363,2.0486092843683004,3.0332820508485523,4.5773354694625565
34.75134114999946,2.33,3.23,4.71,0.07773048600029142,0.09197293200031709,0.06380798499958473,2.0486092843683004,3.0332820508485523,4.5773354694625565
34.80167557299956,2.33,3.23,4.71,0.12806490900038625,0.14230735500041192,0.11414240799967956,2.0486092843683004,3.0332820508485523,4.5773354694625565
34.8519941479999,2.34,3.24,4.71,0.03437395099990681,0.04830000299989479,0.020441114000277594,2.059975728012347,3.043928382863171,4.5773354694625565
34.90232225799991,2.34,3.24,4.71,0.08470206099991628,0.09862811299990426,0.07076922400028707,2.059975728012347,3.043928382863171,4.5773354694625565
34.95266017999984,2.34,3.2600000000000002,4.71,0.13503998299984232,0.004929104000439111,0.1211071460002131,2.059975728012347,3.0652079864178874,4.5773354694625565
35.0029808599993,2.34,3.2600000000000002,4.7299999999999995,0.0415165229997001,0.05524978399989777,0.02768106799976522,2.059975728012347,3.0652079864178874,4.597912569851671
35.05331869999918,2.34,3.2600000000000002,4.7299999999999995,0.09185436299958383,0.1055876239997815,0.07801890799964895,2.059975728012347,3.0652079864178874,4.597912569851671
35.103478524999446,2.34,3.25,4.7299999999999995,0.14201418799984822,0.011766051999984484,0.12817873299991334,2.059975728012347,3.054570346218924,4.597912569851671
35.15378325299935,2.32,3.25,4.7299999999999995,0.048298996000085026,0.06207077999988542,0.03421271600018372,2.0372285095197347,3.054570346218924,4.597912569851671
35.204126812999675,2.32,3.25,4.7299999999999995,0.0986425560004136,0.112414340000214,0.0845562760005123,2.0372285095197347,3.054570346218924,4.597912569851671
35.2542167699994,2.34,3.23,4.7299999999999995,0.00503112099977443,0.018953220999719633,0.1346462330002396,2.059975728012347,3.0332820508485523,4.597912569851671
35.30435919699994,2.34,3.23,4.75,0.05517354800031171,0.06909564800025692,0.04108765100045275,2.059975728012347,3.0332820508485523,4.618484599952673
35.35469481799919,2.34,3.23,4.75,0.10550916899956064,0.11943126899950585,0.09142327199970168,2.059975728012347,3.0332820508485523,4.618484599952673
35.40501857199979,2.33,3.24,4.75,0.011330144000567088,0.025284959000600793,0.14174702600030287,2.0486092843683004,3.043928382863171,4.618484599952673
35.4553789419997,2.33,3.24,4.7299999999999995,0.06169051400047465,0.07564532900050835,0.047753238000041165,2.0486092843683004,3.043928382863171,4.597912569851671
35.5057292019992,2.33,3.24,4.7299999999999995,0.11204077399997914,0.12599558900001284,0.09810349799954565,2.0486092843683004,3.043928382863171,4.597912569851671
35.55606507899938,2.34,3.25,4.7299999999999995,0.018361761000051047,0.03225541399933718,0.004407546999573242,2.059975728012347,3.054570346218924,4.597912569851671
35.60630909499923,2.34,3.25,4.7299999999999995,0.06860577699990245,0.08249942999918858,0.05465156299942464,2.059975728012347,3.054570346218924,4.597912569851671
35.65664916999958,2.34,3.25,4.7299999999999995,0.11894585200025176,0.1328395049995379,0.10499163799977396,2.059975728012347,3.054570346218924,4.597912569851671
35.706776885999716,2.34,3.21,4.71,0.02507023999987723,0.038951556000029086,0.01083634200040251,2.059975728012347,3.0119760955226718,4.5773354694625565
35.75710797699958,2.34,3.21,4.71,0.075401330999739,0.08928264699989086,0.06116743300026428,2.059975728012347,3.0119760955226718,4.5773354694625565
35.807467478000035,2.34,3.21,4.71,0.1257608320001964,0.13964214800034824,0.11152693400072167,2.059975728012347,3.0119760955226718,4.5773354694625565
35.85780840999996,2.33,3.21,4.77,0.03207336400009808,0.046175067000149284,0.01782591300070635,2.0486092843683004,3.0119760955226718,4.63905162721865
35.908151642999655,2.33,3.21,4.77,0.08241659699979209,0.0965182999998433,0.06816914600040036,2.0486092843683004,3.0119760955226718,4.63905162721865
35.95829331499954,2.33,3.2600000000000002,4.77,0.1325582689996736,0.0024933559998316923,0.11831081800028187,2.0486092843683004,3.0652079864178874,4.63905162721865
36.00861209300001,2.36,3.2600000000000002,4.7299999999999995,0.03888022900082433,0.05281213400030538,0.024624239000331727,2.082666559965853,3.0652079864178874,4.597912569851671
36.058738767999785,2.36,3.2600000000000002,4.7299999999999995,0.0890069040005983,0.10293880900007935,0.0747509140001057,2.082666559965853,3.0652079864178874,4.597912569851671
36.109072046999245,2.36,3.3200000000000003,4.7299999999999995,0.13934018300005846,0.009513957999843115,0.12508419299956586,2.082666559965853,3.128945509273052,4.597912569851671
36.15918787099963,2.32,3.3200000000000003,4.7299999999999995,0.04555652300041402,0.05962978200022917,0.031183039999632456,2.0372285095197347,3.128945509273052,4.597912569851671
36.20932370599985,2.32,3.3200000000000003,4.7299999999999995,0.09569235800063325,0.1097656170004484,0.08131887499985169,2.0372285095197347,3.128945509273052,4.597912569851671
36.25942491599926,2.36,3.25,4.7299999999999995,0.0019123029996990226,0.01588074799929018,0.13142008499926305,2.082666559965853,3.054570346218924,4.597912569851671
36.30976329799978,2.36,3.25,4.75,0.052250685000217345,0.0662191299998085,0.03784554600042611,2.082666559965853,3.054570346218924,4.618484599952673
36.360124336999434,2.36,3.25,4.75,0.10261172399987117,0.11658016899946233,0.08820658500007994,2.082666559965853,3.054570346218924,4.618484599952673
36.410492060999786,2.34,3.24,4.75,0.008395976000429073,0.02290087900018989,0.13857430900043255,2.059975728012347,3.043928382863171,4.618484599952673
36.460839053999734,2.34,3.24,4.6899999999999995,0.05874296900037734,0.07324787200013816,0.044892794000588765,2.059975728012347,3.043928382863171,4.556753230097061
36.51119155499964,2.34,3.24,4.6899999999999995,0.10909547000028397,0.12360037300004478,0.09524529500049539,2.059975728012347,3.043928382863171,4.556753230097061
36.5612811839992,2.34,3.27,4.7299999999999995,0.015306426999813993,0.02942513399921154,0.001228157999321411,2.059975728012347,3.075841348314311,4.597912569851671
36.61159590399984,2.34,3.27,4.7299999999999995,0.0656211470004564,0.07973985399985395,0.05154287799996382,2.059975728012347,3.075841348314311,4.597912569851671
36.66173365499981,2.34,3.27,4.7299999999999995,0.11575889800042205,0.1298776049998196,0.10168062899992947,2.059975728012347,3.075841348314311,4.597912569851671
36.71206345399969,2.32,3.2600000000000002,4.75,0.021951800000351795,0.03612472399981925,0.008007610999811732,2.0372285095197347,3.0652079864178874,4.618484599952673
36.762231554999744,2.32,3.2600000000000002,4.75,0.07211990100040566,0.08629282499987312,0.0581757119998656,2.0372285095197347,3.0652079864178874,4.618484599952673
36.812534714999856,2.32,3.2600000000000002,4.75,0.12242306100051792,0.13659598499998538,0.10847887199997786,2.0372285095197347,3.0652079864178874,4.618484599952673
36.86286590599957,2.34,3.2600000000000002,4.71,0.02893041999959678,0.042946126999595435,0.014939661000425986,2.059975728012347,3.0652079864178874,4.5773354694625565
36.913201602999834,2.34,3.2600000000000002,4.71,0.07926611699986097,0.09328182399985963,0.06527535800069018,2.059975728012347,3.0652079864178874,4.5773354694625565
36.963383428999805,2.34,3.2600000000000002,4.71,0.12944794299983187,0.14346364999983052,0.11545718400066107,2.059975728012347,3.0652079864178874,4.5773354694625565
37.013515267,2.33,3.19,4.7299999999999995,0.035373706000427774,0.049335553000673826,0.02143617000001541,2.0486092843683004,2.990652102802999,4.597912569851671
37.06385297499946,2.33,3.19,4.7299999999999995,0.08571141399988846,0.09967326100013452,0.0717738779994761,2.0486092843683004,2.990652102802999,4.597912569851671
37.1141998639996,2.33,3.19,4.7299999999999995,0.13605830300002708,0.15002015000027313,0.12212076699961472,2.0486092843683004,2.990652102802999,4.597912569851671
37.164535803000035,2.33,3.19,4.7299999999999995,0.1863942420004605,0.20035608900070656,0.17245670600004814,2.0486092843683004,2.990652102802999,4.597912569851671
37.214678053999705,2.33,3.19,4.7299999999999995,0.23653649300013058,0.25049834000037663,0.2225989569997182,2.0486092843683004,2.990652102802999,4.597912569851671
37.26502293899921,2.33,3.27,4.7299999999999995,0.2868813779996344,0.01275110799997492,0.27294384199922206,2.0486092843683004,3.075841348314311,4.597912569851671
37.31536875199981,2.33,3.27,4.7299999999999995,0.04944943200007401,0.06309692100057873,0.035495054999955755,2.0486092843683004,3.075841348314311,4.597912569851671
37.36571768199974,2.33,3.27,4.7299999999999995,0.09979836200000136,0.11344585100050608,0.0858439849998831,2.0486092843683004,3.075841348314311,4.597912569851671
37.41604983599973,2.33,3.25,4.7299999999999995,0.005852649000189558,0.01974157800032117,0.1361761389998719,2.0486092843683004,3.054570346218924,4.597912569851671
37.46637678699972,2.33,3.25,4.75,0.05617960000017774,0.07006852900030935,0.0425677960001849,2.0486092843683004,3.054570346218924,4.618484599952673
37.51671583799998,2.33,3.25,4.75,0.10651865100044233,0.12040758000057394,0.09290684700044949,2.0486092843683004,3.054570346218924,4.618484599952673
37.56699938699967,2.34,3.24,4.75,0.012800030999642331,0.026718627999798628,0.1431903960001364,2.059975728012347,3.043928382863171,4.618484599952673
37.61735690799924,2.34,3.24,4.6899999999999995,0.06315755199921114,0.07707614899936743,0.04946858599942061,2.059975728012347,3.043928382863171,4.556753230097061
37.667657685999984,2.34,3.24,4.6899999999999995,0.11345832999995764,0.12737692700011394,0.09976936400016712,2.059975728012347,3.043928382863171,4.556753230097061
37.71779818199957,2.32,3.27,4.7299999999999995,0.01953966099972604,0.03372336200027348,0.005644429999847489,2.0372285095197347,3.075841348314311,4.597912569851671
37.76813524099998,2.32,3.27,4.7299999999999995,0.06987672000013845,0.08406042100068589,0.0559814890002599,2.0372285095197347,3.075841348314311,4.597912569851671
37.81827857099961,2.32,3.27,4.7299999999999995,0.12002004999976634,0.1342037510003138,0.1061248189998878,2.0372285095197347,3.075841348314311,4.597912569851671
37.86861325599966,2.3499999999999996,3.23,4.71,0.026362595000136935,0.04049626000050921,0.012446798999917519,2.0713280763799826,3.0332820508485523,4.5773354694625565
37.91897016799976,2.3499999999999996,3.23,4.71,0.07671950700023444,0.09085317200060672,0.06280371100001503,2.0713280763799826,3.0332820508485523,4.5773354694625565
37.96930846399937,2.3499999999999996,3.23,4.71,0.12705780299984326,0.14119146800021554,0.11314200699962385,2.0713280763799826,3.0332820508485523,4.5773354694625565
38.01964902799955,2.34,3.23,4.71,0.03354597199995624,0.047330608000265784,0.0194465599997784,2.059975728012347,3.0332820508485523,4.5773354694625565
38.06997095799943,2.34,3.23,4.71,0.08386790199983807,0.09765253800014762,0.06976848999966023,2.059975728012347,3.0332820508485523,4.5773354694625565
38.120312348999505,2.34,3.2,4.71,0.13420929299991258,0.00398241200036864,0.12010988099973474,2.059975728012347,3.0013163778582226,4.5773354694625565
38.17060979799953,2.34,3.2,4.7299999999999995,0.04054569999971136,0.05427986100039561,0.026427509999848553,2.059975728012347,3.0013163778582226,4.597912569851671
38.22095191799963,2.34,3.2,4.7299999999999995,0.0908878199998071,0.10462198100049136,0.0767696299999443,2.059975728012347,3.0013163778582226,4.597912569851671
38.27125701099976,2.34,3.21,4.7299999999999995,0.14119291299994075,0.01090431600005104,0.12707472300007794,2.059975728012347,3.0119760955226718,4.597912569851671
38.321611900999415,2.34,3.21,4.7299999999999995,0.0473444199997175,0.061259205999704136,0.03311323399975663,2.059975728012347,3.0119760955226718,4.597912569851671
38.371965058999194,2.34,3.21,4.7299999999999995,0.0976975779994973,0.11161236399948393,0.08346639199953643,2.059975728012347,3.0119760955226718,4.597912569851671
38.4220869819992,2.33,3.23,4.7299999999999995,0.003802511999310809,0.017855212999165815,0.1335883149995425,2.0486092843683004,3.0332820508485523,4.597912569851671
38.47245160199964,2.33,3.23,4.7299999999999995,0.05416713199974765,0.06821983299960266,0.04007330300009926,2.0486092843683004,3.0332820508485523,4.597912569851671
38.52278444999956,2.33,3.23,4.7299999999999995,0.10449997999967309,0.11855268099952809,0.09040615100002469,2.0486092843683004,3.0332820508485523,4.597912569851671
38.57292523099932,2.34,3.29,4.7299999999999995,0.010609453000142821,0.02472072099953948,0.1405469319997792,2.059975728012347,3.0970954134478967,4.597912569851671
38.62305927499983,2.34,3.29,4.75,0.06074349700065795,0.07485476500005461,0.04660734700064495,2.059975728012347,3.0970954134478967,4.618484599952673
38.673185958999966,2.34,3.29,4.75,0.11087018100079149,0.12498144900018815,0.09673403100077849,2.059975728012347,3.0970954134478967,4.618484599952673
38.72355150799922,2.3499999999999996,3.27,4.71,0.017187114000080328,0.031152984999607725,0.0029262719999678666,2.0713280763799826,3.075841348314311,4.5773354694625565
38.77390909699989,2.3499999999999996,3.27,4.71,0.067544703000749,0.08151057400027639,0.053283861000636534,2.0713280763799826,3.075841348314311,4.5773354694625565
38.82423246599956,2.3499999999999996,3.27,4.71,0.11786807200041949,0.13183394299994688,0.10360723000030703,2.0713280763799826,3.075841348314311,4.5773354694625565
38.87457558799997,2.34,3.2800000000000002,4.75,0.02418795800076623,0.038169673000084,0.009933484000612225,2.059975728012347,3.086470476126412,4.618484599952673
38.92491205699935,2.34,3.2800000000000002,4.75,0.07452442700014217,0.08850614199945994,0.06026995299998816,2.059975728012347,3.086470476126412,4.618484599952673
38.97528697099915,2.34,3.2800000000000002,4.75,0.12489934099994571,0.13888105599926348,0.1106448669997917,2.059975728012347,3.086470476126412,4.618484599952673
39.02544467199914,2.34,3.19,4.7299999999999995,0.030732491999515332,0.04498720199990203,0.0168071019998024,2.059975728012347,2.990652102802999,4.597912569851671
39.07555039199997,2.34,3.19,4.7299999999999995,0.08083821200034436,0.09509292200073105,0.06691282200063142,2.059975728012347,2.990652102802999,4.597912569851671
39.12593896499948,2.34,3.2600000000000002,4.7299999999999995,0.1312267849998534,0.0014694559995405143,0.11730139500014047,2.059975728012347,3.0652079864178874,4.597912569851671
39.17608252699938,2.36,3.2600000000000002,4.7299999999999995,0.037485546999960206,0.0516130179994434,0.023413774999426096,2.082666559965853,3.0652079864178874,4.597912569851671
39.226451452999754,2.36,3.2600000000000002,4.7299999999999995,0.08785447300033411,0.1019819439998173,0.0737827009998,2.082666559965853,3.0652079864178874,4.597912569851671
39.27675815299972,2.36,3.27,4.7299999999999995,0.13816117300029873,0.008495070000208216,0.12408940099976462,2.082666559965853,3.075841348314311,4.597912569851671
39.32688665899968,2.32,3.27,4.7299999999999995,0.04413175199988473,0.05862357600017276,0.03020567400017171,2.0372285095197347,3.075841348314311,4.597912569851671
39.37699718899967,2.32,3.27,4.7299999999999995,0.09424228199986828,0.10873410600015632,0.08031620400015527,2.0372285095197347,3.075841348314311,4.597912569851671
39.42724792299941,2.32,3.24,4.7299999999999995,0.0005262679997031228,0.014448707000155991,0.1305669379999017,2.0372285095197347,3.043928382863171,4.597912569851671
39.47758255699955,2.32,3.24,4.7299999999999995,0.05086090199984028,0.06478334100029315,0.03710617900014768,2.0372285095197347,3.043928382863171,4.597912569851671
39.5279140599996,2.32,3.24,4.7299999999999995,0.10119240499989246,0.11511484400034533,0.08743768200019986,2.0372285095197347,3.043928382863171,4.597912569851671
39.57826371899955,2.31,3.23,4.7299999999999995,0.007643938999535749,0.021425060000183294,0.13778734100014844,2.025833161936096,3.0332820508485523,4.597912569851671
39.628375647999746,2.31,3.23,4.75,0.05775586799973098,0.07153698900037853,0.04377867099992727,2.025833161936096,3.0332820508485523,4.618484599952673
39.6785573799998,2.31,3.23,4.75,0.10793759999978647,0.12171872100043402,0.09396040299998276,2.025833161936096,3.0332820508485523,4.618484599952673
39.728836066999975,2.3699999999999997,3.24,4.71,0.014018570000189357,0.027975306000371347,0.00010020300032920204,2.0939914039938174,3.043928382863171,4.5773354694625565
39.779203330999735,2.3699999999999997,3.24,4.71,0.06438583399994968,0.07834257000013167,0.05046746700008953,2.0939914039938174,3.043928382863171,4.5773354694625565
39.82935148699926,2.3699999999999997,3.24,4.71,0.1145339899994724,0.1284907259996544,0.10061562299961224,2.0939914039938174,3.043928382863171,4.5773354694625565
39.87970694199976,2.3499999999999996,3.25,4.7299999999999995,0.02085655900009442,0.034865022000303725,0.0069859860004726215,2.0713280763799826,3.054570346218924,4.597912569851671
39.93004205399939,2.3499999999999996,3.25,4.7299999999999995,0.07119167099972401,0.08520013399993331,0.05732109800010221,2.0713280763799826,3.054570346218924,4.597912569851671
39.9803752429998,2.3499999999999996,3.25,4.7299999999999995,0.12152486000013596,0.13553332300034526,0.10765428700051416,2.0713280763799826,3.054570346218924,4.597912569851671
40.03070383399972,2.33,3.2600000000000002,4.7299999999999995,0.027862210999956005,0.04210834800051089,0.013952387999779603,2.0486092843683004,3.0652079864178874,4.597912569851671
40.080847356999584,2.33,3.2600000000000002,4.7299999999999995,0.07800573399981658,0.09225187100037147,0.06409591099964018,2.0486092843683004,3.0652079864178874,4.597912569851671
40.13112978799927,2.33,3.2600000000000002,4.7299999999999995,0.12828816499950335,0.14253430200005823,0.11437834199932695,2.0486092843683004,3.0652079864178874,4.597912569851671
40.18127371599985,2.33,3.2600000000000002,4.7299999999999995,0.17843209300008311,0.192678230000638,0.1645222699999067,2.0486092843683004,3.0652079864178874,4.597912569851671
40.23140330099977,2.33,3.2600000000000002,4.7299999999999995,0.22856167800000549,0.24280781500056037,0.21465185499982908,2.0486092843683004,3.0652079864178874,4.597912569851671
40.28173592999974,2.33,3.2800000000000002,4.7299999999999995,0.2788943069999732,0.004850477000218234,0.2649844839997968,2.0486092843683004,3.086470476126412,4.597912569851671
40.33209836399965,2.32,3.2800000000000002,4.7299999999999995,0.041427533000387484,0.05521291100012604,0.027371051000045554,2.0372285095197347,3.086470476126412,4.597912569851671
40.382503049999286,2.32,3.2800000000000002,4.7299999999999995,0.09183221900002536,0.10561759699976392,0.07777573699968343,2.0372285095197347,3.086470476126412,4.597912569851671
40.43283670599976,2.32,3.25,4.7299999999999995,0.14216587500050082,0.011920767000447086,0.1281093930001589,2.0372285095197347,3.054570346218924,4.597912569851671
40.48318082699916,2.33,3.25,4.75,0.04833496999981435,0.06226488799984509,0.034439836999808904,2.0486092843683004,3.054570346218924,4.618484599952673
40.53354393299924,2.33,3.25,4.75,0.09869807599989144,0.11262799399992218,0.084802942999886,2.0486092843683004,3.054570346218924,4.618484599952673
40.58388752299925,2.36,3.2600000000000002,4.75,0.005025727999964147,0.018959383000037633,0.13514653299989732,2.082666559965853,3.0652079864178874,4.618484599952673
40.63401562599938,2.36,3.2600000000000002,4.71,0.05515383100009785,0.06908748600017134,0.04140305999953853,2.082666559965853,3.0652079864178874,4.5773354694625565
40.68435160599984,2.36,3.2600000000000002,4.71,0.10548981100055244,0.11942346600062592,0.09173903999999311,2.082666559965853,3.0652079864178874,4.5773354694625565
40.734682306999275,2.32,3.25,4.71,0.012003043999357033,0.02575667800010706,0.14206974099943181,2.0372285095197347,3.054570346218924,4.5773354694625565
40.78482353699928,2.32,3.25,4.7299999999999995,0.062144273999365396,0.07589790800011542,0.047728558000017074,2.0372285095197347,3.054570346218924,4.597912569851671
40.83495139399929,2.32,3.25,4.7299999999999995,0.11227213099937217,0.1260257650001222,0.09785641500002384,2.0372285095197347,3.054570346218924,4.597912569851671
40.885070282000015,2.34,3.2600000000000002,4.71,0.018215291000160505,0.032365185000344354,0.00396117000036611,2.059975728012347,3.0652079864178874,4.5773354694625565
40.935365662999175,2.34,3.2600000000000002,4.71,0.06851067199932004,0.08266056599950389,0.05425655099952564,2.059975728012347,3.0652079864178874,4.5773354694625565
40.985701288999735,2.34,3.2600000000000002,4.71,0.11884629799988033,0.13299619200006418,0.10459217700008594,2.059975728012347,3.0652079864178874,4.5773354694625565
41.03605044300002,2.33,3.27,4.71,0.02515886000037426,0.03909701700013102,0.15494133100037288,2.0486092843683004,3.075841348314311,4.5773354694625565
41.08639713899993,2.33,3.27,4.71,0.0755055560002802,0.08944371300003695,0.20528802700027882,2.0486092843683004,3.075841348314311,4.5773354694625565
41.136746055,2.33,3.27,4.71,0.1258544720003556,0.13979262900011236,0.2556369430003542,2.0486092843683004,3.075841348314311,4.5773354694625565
41.18708493699978,2.33,3.27,4.71,0.1761933540001337,0.19013151099989045,0.3059758250001323,2.0486092843683004,3.075841348314311,4.5773354694625565
41.23722161999922,2.33,3.27,4.71,0.22633003699957044,0.2402681939993272,0.35611250799956906,2.0486092843683004,3.075841348314311,4.5773354694625565
41.2873512569995,2.33,3.25,4.71,0.2764596739998524,0.0025506229994789464,0.406242144999851,2.0486092843683004,3.054570346218924,4.5773354694625565
41.337676817999636,2.34,3.25,4.7299999999999995,0.03900969599999371,0.05287618399961502,0.02452153200010798,2.059975728012347,3.054570346218924,4.597912569851671
41.38800593799988,2.34,3.25,4.7299999999999995,0.08933881600023597,0.10320530399985728,0.07485065200035024,2.059975728012347,3.054570346218924,4.597912569851671
41.43834456799959,2.34,3.25,4.7299999999999995,0.13967744599995058,0.009345776000373007,0.12518928200006485,2.059975728012347,3.054570346218924,4.597912569851671
41.48867619399971,2.36,3.25,4.75,0.04564322199985327,0.059677402000488655,0.03159440299987182,2.082666559965853,3.054570346218924,4.618484599952673
41.539021606999995,2.36,3.25,4.75,0.09598863500013977,0.11002281500077515,0.08193981600015832,2.082666559965853,3.054570346218924,4.618484599952673
41.5891663959992,2.33,3.3400000000000003,4.75,0.001891779999823484,0.01615708699955576,0.13208460499936336,2.0486092843683004,3.1501587261596837,4.618484599952673
41.63950593399932,2.33,3.3400000000000003,4.7299999999999995,0.052231317999940075,0.06649662499967235,0.038291479999315925,2.0486092843683004,3.1501587261596837,4.597912569851671
41.689684703999774,2.33,3.3400000000000003,4.7299999999999995,0.10241008800039708,0.11667539500012936,0.08847024999977293,2.0486092843683004,3.1501587261596837,4.597912569851671
41.74002854699938,2.33,3.2600000000000002,4.7299999999999995,0.008970775999841862,0.02306956699976581,0.1388140929993824,2.0486092843683004,3.0652079864178874,4.597912569851671
41.79036887499933,2.33,3.2600000000000002,4.71,0.05931110399978934,0.07340989499971329,0.04514829999970971,2.0486092843683004,3.0652079864178874,4.5773354694625565
41.84069933799947,2.33,3.2600000000000002,4.71,0.109641566999926,0.12374035799984995,0.09547876299984637,2.0486092843683004,3.0652079864178874,4.5773354694625565
41.8910375359992,2.34,3.27,4.6899999999999995,0.015736672999992152,0.030010654999387043,0.001812219999919762,2.059975728012347,3.075841348314311,4.556753230097061
41.941338667999844,2.34,3.27,4.6899999999999995,0.06603780500063294,0.08031178700002783,0.05211335200056055,2.059975728012347,3.075841348314311,4.556753230097061
41.99167922599918,2.34,3.27,4.6899999999999995,0.11637836299996707,0.13065234499936196,0.10245390999989468,2.059975728012347,3.075841348314311,4.556753230097061
42.04202365799938,2.34,3.29,4.7299999999999995,0.022715387999596715,0.03665224499945907,0.008788886999354872,2.059975728012347,3.0970954134478967,4.597912569851671
42.0923702809996,2.34,3.29,4.7299999999999995,0.0730620109998199,0.08699886799968226,0.05913550999957806,2.059975728012347,3.0970954134478967,4.597912569851671
42.142720709999594,2.34,3.29,4.7299999999999995,0.12341243999981089,0.13734929699967324,0.10948593899956904,2.059975728012347,3.0970954134478967,4.597912569851671
42.19296288999976,2.34,3.27,4.7299999999999995,0.02986774900000455,0.04376992900051846,0.01572486500026571,2.059975728012347,3.075841348314311,4.597912569851671
42.24307997300002,2.34,3.27,4.7299999999999995,0.07998483200026385,0.09388701200077776,0.06584194800052501,2.059975728012347,3.075841348314311,4.597912569851671
42.293234777999714,2.34,3.27,4.7299999999999995,0.13013963699995656,0.14404181700047047,0.11599675300021772,2.059975728012347,3.075841348314311,4.597912569851671
42.34334584699991,2.3499999999999996,3.27,4.75,0.03601725200041983,0.049093345000073896,0.022092659000009007,2.0713280763799826,3.075841348314311,4.618484599952673
42.39349252899956,2.3499999999999996,3.27,4.75,0.08616393400006928,0.09924002699972334,0.07223934099965845,2.0713280763799826,3.075841348314311,4.618484599952673
42.44371073499951,2.3499999999999996,3.27,4.75,0.13638214000002336,0.006251128999792854,0.12245754699961253,2.0713280763799826,3.075841348314311,4.618484599952673
42.49408390999997,2.33,3.27,4.7299999999999995,0.04305265700077143,0.05662430400025187,0.029136357999959728,2.0486092843683004,3.075841348314311,4.597912569851671
42.544461815999966,2.33,3.27,4.7299999999999995,0.09343056300076569,0.10700221000024612,0.07951426399995398,2.0486092843683004,3.075841348314311,4.597912569851671
42.59479929400004,2.33,3.21,4.7299999999999995,0.14376804100083973,0.013322266000614036,0.12985174200002803,2.0486092843683004,3.0119760955226718,4.597912569851671
42.64493030699941,2.34,3.21,4.75,0.04960356099945784,0.06345327899998665,0.0356515120001859,2.059975728012347,3.0119760955226718,4.618484599952673
42.69525465799961,2.34,3.21,4.75,0.09992791199965723,0.11377763000018604,0.08597586300038529,2.059975728012347,3.0119760955226718,4.618484599952673
42.745598288999645,2.36,3.23,4.75,0.006209774000126345,0.020098132000384794,0.13631949400041776,2.082666559965853,3.0332820508485523,4.618484599952673
42.79592299199976,2.36,3.23,4.7299999999999995,0.05653447700024117,0.07042283500049962,0.042930966000312765,2.082666559965853,3.0332820508485523,4.597912569851671
42.846116131999224,2.36,3.23,4.7299999999999995,0.10672761699970579,0.12061597499996424,0.09312410599977738,2.082666559965853,3.0332820508485523,4.597912569851671
42.89648150999983,2.34,3.27,4.7299999999999995,0.013344025000151305,0.026982889000464638,0.14348948400038353,2.059975728012347,3.075841348314311,4.597912569851671
42.946811091999734,2.34,3.27,4.71,0.0636736070000552,0.07731247100036853,0.049437632000262965,2.059975728012347,3.075841348314311,4.5773354694625565
42.9971576629996,2.34,3.27,4.71,0.11402017799991881,0.12765904200023215,0.09978420300012658,2.059975728012347,3.075841348314311,4.5773354694625565
43.04749862099925,2.3,3.19,4.7299999999999995,0.020101176999560266,0.0339908239993747,0.006152099999781058,2.014422994308792,2.990652102802999,4.597912569851671
43.09785522899983,2.3,3.19,4.7299999999999995,0.07045778500014421,0.08434743199995864,0.056508708000365004,2.014422994308792,2.990652102802999,4.597912569851671
43.14800225499948,2.3,3.19,4.7299999999999995,0.1206048109997937,0.13449445799960813,0.10665573400001449,2.014422994308792,2.990652102802999,4.597912569851671
43.19811186699917,2.3,3.19,4.7299999999999995,0.17071442299948103,0.18460406999929546,0.15676534599970182,2.014422994308792,2.990652102802999,4.597912569851671
43.24847214299916,2.3,3.19,4.7299999999999995,0.22107469899947318,0.23496434599928762,0.20712562199969398,2.014422994308792,2.990652102802999,4.597912569851671
43.298807515999215,2.3,3.19,4.7299999999999995,0.2714100719995258,0.28529971899934026,0.2574609949997466,2.014422994308792,2.990652102802999,4.597912569851671
43.34914786399986,2.34,3.27,4.71,0.033695728000566305,0.047621188000448456,0.019422905999817885,2.059975728012347,3.075841348314311,4.5773354694625565
43.39950672899977,2.34,3.27,4.71,0.08405459300047369,0.09798005300035584,0.06978177099972527,2.059975728012347,3.075841348314311,4.5773354694625565
43.449680929999886,2.34,3.25,4.71,0.13422879400059173,0.0041298260002804454,0.11995597199984331,2.059975728012347,3.054570346218924,4.5773354694625565
43.49986061799973,2.3499999999999996,3.25,4.77,0.04061272099988855,0.05430951400012418,0.026145073000407137,2.0713280763799826,3.054570346218924,4.63905162721865
43.55019037599959,2.3499999999999996,3.25,4.77,0.09094247899975016,0.1046392719999858,0.07647483100026875,2.0713280763799826,3.054570346218924,4.63905162721865
43.60054240199952,2.3499999999999996,3.29,4.77,0.14129450499967788,0.010968827999931818,0.12682685700019647,2.0713280763799826,3.0970954134478967,4.63905162721865
43.6508412839994,2.3499999999999996,3.29,4.75,0.04735685499963438,0.061267709999810904,0.03309194800021942,2.0713280763799826,3.0970954134478967,4.618484599952673
43.70095537499947,2.3499999999999996,3.29,4.75,0.09747094599970296,0.11138180099987949,0.083206039000288,2.0713280763799826,3.0970954134478967,4.618484599952673
43.75106462099939,2.34,3.29,4.75,0.0037378749993877136,0.017470044999754464,0.13331528500020795,2.059975728012347,3.0970954134478967,4.618484599952673
43.80136293299984,2.34,3.29,4.71,0.05403618699983781,0.06776835700020456,0.0396329440000045,2.059975728012347,3.0970954134478967,4.5773354694625565
43.851710206999996,2.34,3.29,4.71,0.10438346099999762,0.11811563100036437,0.08998021800016431,2.059975728012347,3.0970954134478967,4.5773354694625565
43.901865802999964,2.34,3.27,4.71,0.010365466000621382,0.024297357000250486,0.1401358140001321,2.059975728012347,3.075841348314311,4.5773354694625565
43.95221235400004,2.34,3.27,4.75,0.060712017000696505,0.07464390800032561,0.04672658500021498,2.059975728012347,3.075841348314311,4.618484599952673
44.002540025999224,2.34,3.27,4.75,0.11103968899988104,0.12497157999951014,0.09705425699939951,2.059975728012347,3.075841348314311,4.618484599952673
44.05275748499935,2.34,3.24,4.71,0.017238155000086408,0.031131925999943633,0.003025076999620069,2.059975728012347,3.043928382863171,4.5773354694625565
44.10309482499997,2.34,3.24,4.71,0.06757549500071036,0.08146926600056759,0.05336241700024402,2.059975728012347,3.043928382863171,4.5773354694625565
44.15339117299936,2.34,3.24,4.71,0.11787184300010267,0.1317656139999599,0.10365876499963633,2.059975728012347,3.043928382863171,4.5773354694625565
44.2036986159992,2.33,3.24,4.7299999999999995,0.023855497999647923,0.03840765299992199,0.009872357999483938,2.0486092843683004,3.043928382863171,4.597912569851671
44.254027181999845,2.33,3.24,4.7299999999999995,0.07418406400029198,0.08873621900056605,0.060200924000128,2.0486092843683004,3.043928382863171,4.597912569851671
44.30437201099994,2.33,3.24,4.7299999999999995,0.12452889300038805,0.13908104800066212,0.11054575300022407,2.0486092843683004,3.043928382863171,4.597912569851671
44.354697722999845,2.33,3.31,4.77,0.031108387000131188,0.04503759199997148,0.016920582000238937,2.0486092843683004,3.118332887938682,4.63905162721865
44.40502631899926,2.33,3.31,4.77,0.08143698299954849,0.09536618799938879,0.06724917799965624,2.0486092843683004,3.118332887938682,4.63905162721865
44.45534767599929,2.33,3.2800000000000002,4.77,0.1317583399995783,0.0017093339993152767,0.11757053499968606,2.0486092843683004,3.086470476126412,4.63905162721865
44.50556215399956,2.34,3.2800000000000002,4.7299999999999995,0.03769789400030277,0.05192381199958618,0.02378898400002072,2.059975728012347,3.086470476126412,4.597912569851671
44.55588060299942,2.34,3.2800000000000002,4.7299999999999995,0.08801634300016303,0.10224226099944644,0.07410743299988098,2.059975728012347,3.086470476126412,4.597912569851671
44.60621397399973,2.34,3.2600000000000002,4.7299999999999995,0.13834971400046925,0.008233688000473194,0.1244408040001872,2.059975728012347,3.0652079864178874,4.597912569851671
44.65652418799982,2.34,3.2600000000000002,4.71,0.04462544699981663,0.05854390200056514,0.03068927300046198,2.059975728012347,3.0652079864178874,4.5773354694625565
44.70685241399951,2.34,3.2600000000000002,4.71,0.09495367299950885,0.10887212800025736,0.0810174990001542,2.059975728012347,3.0652079864178874,4.5773354694625565
44.7572180469997,2.34,3.21,4.71,0.0013183870005377685,0.015245254000546993,0.13138313200033735,2.059975728012347,3.0119760955226718,4.5773354694625565
44.80755967599998,2.34,3.21,4.7299999999999995,0.051660016000823816,0.06558688300083304,0.03774916600013967,2.059975728012347,3.0119760955226718,4.597912569851671
44.857681749999756,2.34,3.21,4.7299999999999995,0.10178209000059724,0.11570895700060646,0.08787123999991309,2.059975728012347,3.0119760955226718,4.597912569851671
44.90801063099934,2.34,3.24,4.7299999999999995,0.00809629400009726,0.022016504000021087,0.13820012099949963,2.059975728012347,3.043928382863171,4.597912569851671
44.958321378999244,2.34,3.24,4.7299999999999995,0.05840704199999891,0.07232725199992274,0.04447427099967172,2.059975728012347,3.043928382863171,4.597912569851671
45.008671445999425,2.34,3.24,4.7299999999999995,0.10875710900018021,0.12267731900010403,0.09482433799985301,2.059975728012347,3.043928382863171,4.597912569851671
45.0589380349993,2.3699999999999997,3.27,4.71,0.015020370999991428,0.028953874999388063,0.0010729779996836442,2.0939914039938174,3.075841348314311,4.5773354694625565
45.109296455999356,2.3699999999999997,3.27,4.71,0.06537879200004681,0.07931229599944345,0.05143139899973903,2.0939914039938174,3.075841348314311,4.5773354694625565
45.159561771999506,2.3699999999999997,3.27,4.71,0.11564410800019687,0.1295776119995935,0.10169671499988908,2.0939914039938174,3.075841348314311,4.5773354694625565
45.20969234599943,2.34,3.24,4.7299999999999995,0.021755613000095764,0.03567928899974504,0.007842658999834384,2.059975728012347,3.043928382863171,4.597912569851671
45.259792787999686,2.34,3.24,4.7299999999999995,0.07185605500035308,0.08577973100000236,0.0579431010000917,2.059975728012347,3.043928382863171,4.597912569851671
45.31004501499956,2.34,3.24,4.7299999999999995,0.12210828200022661,0.13603195799987589,0.10819532799996523,2.059975728012347,3.043928382863171,4.597912569851671
45.36039575799987,2.33,3.24,4.7299999999999995,0.028419224000572285,0.04268827800024155,0.014524270000038086,2.0486092843683004,3.043928382863171,4.597912569851671
45.41072979299952,2.33,3.24,4.7299999999999995,0.0787532590002229,0.09302231299989216,0.0648583049996887,2.0486092843683004,3.043928382863171,4.597912569851671
45.46106832299938,2.33,3.24,4.7299999999999995,0.12909178900008556,0.14336084299975482,0.11519683499955136,2.0486092843683004,3.043928382863171,4.597912569851671
45.51140516099986,2.34,3.2600000000000002,4.7299999999999995,0.035440899000604986,0.04945918500015978,0.02152235399989877,2.059975728012347,3.0652079864178874,4.597912569851671
45.56176659999983,2.34,3.2600000000000002,4.7299999999999995,0.08580233800057613,0.09982062400013092,0.07188379299986991,2.059975728012347,3.0652079864178874,4.597912569851671
45.6121031269995,2.34,3.2600000000000002,4.7299999999999995,0.1361388650002482,0.006102473999817448,0.12222031999954197,2.059975728012347,3.0652079864178874,4.597912569851671
45.66223319999972,2.3699999999999997,3.2600000000000002,4.7299999999999995,0.04253490900009638,0.05623254700003599,0.02833371300039289,2.0939914039938174,3.0652079864178874,4.597912569851671
45.71235384299962,2.3699999999999997,3.2600000000000002,4.7299999999999995,0.09265555199999653,0.10635318999993615,0.07845435600029305,2.0939914039938174,3.0652079864178874,4.597912569851671
45.762669400999584,2.3699999999999997,3.29,4.7299999999999995,0.1429711099999622,0.012639890000173182,0.12876991400025872,2.0939914039938174,3.0970954134478967,4.597912569851671
45.8129891589997,2.3499999999999996,3.29,4.7299999999999995,0.04931689299974096,0.06295964800028742,0.03528153699971881,2.0713280763799826,3.0970954134478967,4.597912569851671
45.86333851499967,2.3499999999999996,3.29,4.7299999999999995,0.09966624899971066,0.11330900400025712,0.08563089299968851,2.0713280763799826,3.0970954134478967,4.597912569851671
45.91366925099919,2.34,3.21,4.7299999999999995,0.005682823999450193,0.019615077999333153,0.13596162899921183,2.059975728012347,3.0119760955226718,4.597912569851671
45.96397155499926,2.34,3.21,4.75,0.055985127999520046,0.069917381999403,0.0419597709997106,2.059975728012347,3.0119760955226718,4.618484599952673
46.0142753959999,2.34,3.21,4.75,0.10628896900016116,0.12022122300004412,0.09226361200035171,2.059975728012347,3.0119760955226718,4.618484599952673
46.064559097999336,2.32,3.19,4.75,0.012559247999888612,0.026441719999638735,0.14254731399978482,2.0372285095197347,2.990652102802999,4.618484599952673
46.114905280999665,2.32,3.19,4.71,0.0629054310002175,0.07678790299996763,0.0486797720004688,2.0372285095197347,2.990652102802999,4.5773354694625565
46.165275192999616,2.32,3.19,4.71,0.1132753430001685,0.12715781499991863,0.0990496840004198,2.0372285095197347,2.990652102802999,4.5773354694625565
46.21560591499929,2.32,3.19,4.71,0.16360606499983987,0.17748853699959,0.14938040600009117,2.0372285095197347,2.990652102802999,4.5773354694625565
46.26569008699971,2.32,3.19,4.71,0.21369023700026446,0.22757270900001458,0.19946457800051576,2.0372285095197347,2.990652102802999,4.5773354694625565
46.31601589099955,2.32,3.19,4.71,0.26401604100010445,0.2778985129998546,0.24979038200035575,2.0372285095197347,2.990652102802999,4.5773354694625565
46.36634664199937,2.32,3.31,4.75,0.026301830999727827,0.040375386999585317,0.012047989000166126,2.0372285095197347,3.118332887938682,4.618484599952673
46.41649214899917,2.32,3.31,4.75,0.07644733799952519,0.09052089399938268,0.06219349599996349,2.0372285095197347,3.118332887938682,4.618484599952673
46.46680313499928,2.32,3.31,4.75,0.12675832399963838,0.14083187999949587,0.11250448200007668,2.0372285095197347,3.118332887938682,4.618484599952673
46.51714467399961,2.34,3.23,4.71,0.03307551600028091,0.04701839999961521,0.018950464999761607,2.059975728012347,3.0332820508485523,4.5773354694625565
46.56749446199956,2.34,3.23,4.71,0.08342530400022952,0.09736818799956382,0.06930025299971021,2.059975728012347,3.0332820508485523,4.5773354694625565
46.61760113999935,2.34,3.25,4.71,0.13353198200002225,0.003422236000005796,0.11940693099950295,2.059975728012347,3.054570346218924,4.5773354694625565
46.667915386999994,2.34,3.25,4.71,0.039786637000361225,0.05373648300064815,0.025605344000723562,2.059975728012347,3.054570346218924,4.5773354694625565
46.71826495200003,2.34,3.25,4.71,0.0901362020003944,0.10408604800068133,0.07595490900075674,2.059975728012347,3.054570346218924,4.5773354694625565
46.76847912999983,2.34,3.2600000000000002,4.71,0.14035038000019995,0.010485534000508778,0.12616908700056229,2.059975728012347,3.0652079864178874,4.5773354694625565
46.81880992599963,2.3499999999999996,3.2600000000000002,4.7299999999999995,0.04634110300048633,0.06081633000030706,0.032479221999892616,2.0713280763799826,3.0652079864178874,4.597912569851671
46.86895406699932,2.3499999999999996,3.2600000000000002,4.7299999999999995,0.09648524400017777,0.1109604709999985,0.08262336299958406,2.0713280763799826,3.0652079864178874,4.597912569851671
46.91909773399948,2.34,3.25,4.7299999999999995,0.002970482999444357,0.016906189000110317,0.13276702999974077,2.059975728012347,3.054570346218924,4.597912569851671
46.969386322999526,2.34,3.25,4.77,0.053259071999491425,0.06719477800015738,0.039266476999728184,2.059975728012347,3.054570346218924,4.63905162721865
47.019751782999265,2.34,3.25,4.77,0.10362453199923038,0.11756023799989634,0.08963193699946714,2.059975728012347,3.054570346218924,4.63905162721865
47.07006799099963,2.34,3.24,4.77,0.009593366000444803,0.023525655999947048,0.13994814499983477,2.059975728012347,3.043928382863171,4.63905162721865
47.12021223800002,2.34,3.24,4.75,0.059737613000834244,0.07366990300033649,0.04583833500055334,2.059975728012347,3.043928382863171,4.618484599952673
47.17054947999986,2.34,3.24,4.75,0.1100748550006756,0.12400714500017784,0.0961755770003947,2.059975728012347,3.043928382863171,4.618484599952673
47.22074089199941,2.34,3.23,4.71,0.16026626700022462,0.03027801600001112,0.0023428399999829708,2.059975728012347,3.0332820508485523,4.5773354694625565
47.27107013299974,2.34,3.23,4.71,0.2105955080005515,0.080607257000338,0.052672081000309845,2.059975728012347,3.0332820508485523,4.5773354694625565
47.32140877799975,2.34,3.23,4.71,0.2609341530005622,0.13094590200034872,0.10301072600032057,2.059975728012347,3.0332820508485523,4.5773354694625565
47.371760644999995,2.34,3.27,4.75,0.3112860200008072,0.037278477000654675,0.009364628000184894,2.059975728012347,3.075841348314311,4.618484599952673
47.421913614000005,2.34,3.27,4.75,0.36143898900081695,0.08743144600066444,0.059517597000194655,2.059975728012347,3.075841348314311,4.618484599952673
47.47205711499919,2.34,3.27,4.75,0.4115824900000007,0.13757494699984818,0.1096610979993784,2.059975728012347,3.075841348314311,4.618484599952673
47.52234188700004,2.3499999999999996,3.2,4.7299999999999995,0.02982073500061233,0.04395151100015937,0.01589311100087798,2.0713280763799826,3.0013163778582226,4.597912569851671
47.57266916599929,2.3499999999999996,3.2,4.7299999999999995,0.08014801399986027,0.09427878999940731,0.06622039000012592,2.0713280763799826,3.0013163778582226,4.597912569851671
47.62276027400003,2.3499999999999996,3.21,4.7299999999999995,0.13023912200060295,0.00015287400037777843,0.1163114980008686,2.0713280763799826,3.0119760955226718,4.597912569851671
47.67288261699923,2.32,3.21,4.7299999999999995,0.03651538599933701,0.05027521699958015,0.022730989999217854,2.0372285095197347,3.0119760955226718,4.597912569851671
47.72318475999964,2.32,3.21,4.7299999999999995,0.08681752899974526,0.1005773599999884,0.0730331329996261,2.0372285095197347,3.0119760955226718,4.597912569851671
47.77354222199938,2.32,3.23,4.7299999999999995,0.13717499099948327,0.00730754399955913,0.12339059499936411,2.0372285095197347,3.0332820508485523,4.597912569851671
47.823876518999896,2.33,3.23,4.7299999999999995,0.04359924200070964,0.057641841000076965,0.17372489199988195,2.0486092843683004,3.0332820508485523,4.597912569851671
47.873989595999774,2.33,3.23,4.7299999999999995,0.09371231900058774,0.10775491799995507,0.22383796899976005,2.0486092843683004,3.0332820508485523,4.597912569851671
47.924116093999146,2.33,3.23,4.7299999999999995,0.14383881699995982,0.15788141599932715,0.27396446699913213,2.0486092843683004,3.0332820508485523,4.597912569851671
47.974480514999414,2.33,3.23,4.7299999999999995,0.19420323800022743,0.20824583699959476,0.32432888799939974,2.0486092843683004,3.0332820508485523,4.597912569851671
48.024599632999525,2.33,3.23,4.7299999999999995,0.2443223560003389,0.25836495499970624,0.3744480059995112,2.0486092843683004,3.0332820508485523,4.597912569851671
48.075130914999136,2.33,3.23,4.7299999999999995,0.29485363799994957,0.3088962369993169,0.4249792879991219,2.0486092843683004,3.0332820508485523,4.597912569851671
48.12550130099953,2.33,3.23,4.7299999999999995,0.3452240240003448,0.3592666229997121,0.4753496739995171,2.0486092843683004,3.0332820508485523,4.597912569851671
48.175621971999135,2.33,3.23,4.7299999999999995,0.39534469499994884,0.40938729399931617,0.5254703449991212,2.0486092843683004,3.0332820508485523,4.597912569851671
48.22594230199957,2.31,3.2800000000000002,4.7299999999999995,0.013364254999942204,0.027286133000416157,0.5757906749995527,2.025833161936096,3.086470476126412,4.597912569851671
48.27627207999922,2.31,3.2800000000000002,4.75,0.06369403299959231,0.07761591100006626,0.049388746999284194,2.025833161936096,3.086470476126412,4.618484599952673
48.32660185699933,2.31,3.2800000000000002,4.75,0.11402380999970774,0.1279456880001817,0.09971852399939962,2.025833161936096,3.086470476126412,4.618484599952673
48.3769474719993,2.34,3.2600000000000002,4.7299999999999995,0.020553102000121726,0.034274077999725705,0.006438636999519076,2.059975728012347,3.0652079864178874,4.597912569851671
48.427281278999544,2.34,3.2600000000000002,4.7299999999999995,0.07088690900036454,0.08460788499996852,0.05677244399976189,2.059975728012347,3.0652079864178874,4.597912569851671
48.47758001799957,2.34,3.2600000000000002,4.7299999999999995,0.12118564800039167,0.13490662399999565,0.10707118299978902,2.059975728012347,3.0652079864178874,4.597912569851671
48.527737597999476,2.34,3.2600000000000002,4.71,0.02713417099948856,0.04125598999962676,0.013159991999600607,2.059975728012347,3.0652079864178874,4.5773354694625565
48.57809459500004,2.34,3.2600000000000002,4.71,0.0774911680000514,0.0916129870001896,0.06351698900016345,2.059975728012347,3.0652079864178874,4.5773354694625565
48.628403648999665,2.34,3.2600000000000002,4.71,0.1278002219996779,0.1419220409998161,0.11382604299978993,2.059975728012347,3.0652079864178874,4.5773354694625565
48.678727671999695,2.34,3.24,4.7299999999999995,0.034115233999727934,0.048044365999885486,0.01986045500052569,2.059975728012347,3.043928382863171,4.597912569851671
48.7290298909993,2.34,3.24,4.7299999999999995,0.08441745299933245,0.09834658499949,0.07016267400013021,2.059975728012347,3.043928382863171,4.597912569851671
48.77936072899956,2.34,3.24,4.7299999999999995,0.13474829099959607,0.004669826999815996,0.12049351200039382,2.059975728012347,3.043928382863171,4.597912569851671
48.829669319999994,2.34,3.24,4.6899999999999995,0.04101869100031763,0.054978418000246165,0.02682390000063606,2.059975728012347,3.043928382863171,4.556753230097061
48.880000206999284,2.34,3.24,4.6899999999999995,0.0913495779996083,0.10530930499953683,0.07715478699992673,2.059975728012347,3.043928382863171,4.556753230097061
48.93033003999972,2.34,3.29,4.6899999999999995,0.141679411000041,0.011623592000432836,0.12748462000035943,2.059975728012347,3.0970954134478967,4.556753230097061
48.98066674399979,2.34,3.29,4.7299999999999995,0.048033582999778446,0.06196029600050679,0.033806162000473705,2.059975728012347,3.0970954134478967,4.597912569851671
49.031028669999614,2.34,3.29,4.7299999999999995,0.09839550899960159,0.11232222200032993,0.08416808800029685,2.059975728012347,3.0970954134478967,4.597912569851671
49.08137345199975,2.33,3.24,4.7299999999999995,0.0044104329999754555,0.018662757000129204,0.13451287000043521,2.0486092843683004,3.043928382863171,4.597912569851671
49.13170638699921,2.33,3.24,4.71,0.05474336799943558,0.06899569199958933,0.04103034599938837,2.0486092843683004,3.043928382863171,4.5773354694625565
49.182021982999686,2.33,3.24,4.71,0.10505896399990888,0.11931128800006263,0.09134594199986168,2.0486092843683004,3.043928382863171,4.5773354694625565
49.23236360199917,2.33,3.24,4.71,0.1554005829993912,0.16965290699954494,0.141687560999344,2.0486092843683004,3.043928382863171,4.5773354694625565
49.28270012299981,2.33,3.24,4.71,0.2057371040000362,0.21998942800018995,0.192024081999989,2.0486092843683004,3.043928382863171,4.5773354694625565
49.33303364099993,2.33,3.24,4.71,0.25607062200015207,0.2703229460003058,0.24235760000010487,2.0486092843683004,3.043928382863171,4.5773354694625565
49.383173138999155,2.32,3.2800000000000002,4.7299999999999995,0.01821044099961,0.032444712999676995,0.004375115999209811,2.0372285095197347,3.086470476126412,4.597912569851671
49.43350804399961,2.32,3.2800000000000002,4.7299999999999995,0.06854534600006446,0.08277961800013145,0.054710020999664266,2.0372285095197347,3.086470476126412,4.597912569851671
49.48365141299928,2.32,3.2800000000000002,4.7299999999999995,0.11868871499973466,0.13292298699980165,0.10485338999933447,2.0372285095197347,3.086470476126412,4.597912569851671
49.533953256999666,2.38,3.24,4.7299999999999995,0.024973350999971444,0.03923868800029595,0.15515523399972153,2.1053028285735995,3.043928382863171,4.597912569851671
49.58430146399951,2.38,3.24,4.7299999999999995,0.0753215579998141,0.08958689500013861,0.2055034409995642,2.1053028285735995,3.043928382863171,4.597912569851671
49.634624261999306,2.38,3.24,4.7299999999999995,0.12564435599961143,0.13990969299993594,0.2558262389993615,2.1053028285735995,3.043928382863171,4.597912569851671
49.684961422000015,2.38,3.24,4.7299999999999995,0.17598151600031997,0.19024685300064448,0.30616339900007006,2.1053028285735995,3.043928382863171,4.597912569851671
49.73529986899939,2.38,3.24,4.7299999999999995,0.22631996299969614,0.24058530000002065,0.35650184599944623,2.1053028285735995,3.043928382863171,4.597912569851671
49.78562210599921,2.38,3.2600000000000002,4.7299999999999995,0.27664219999951456,0.0025279279998358106,0.40682408299926465,2.1053028285735995,3.0652079864178874,4.597912569851671
49.835921149999194,2.34,3.2600000000000002,4.7299999999999995,0.038911173999622406,0.05282697199982067,0.02497796199986624,2.059975728012347,3.0652079864178874,4.597912569851671
49.88629127999957,2.34,3.2600000000000002,4.7299999999999995,0.08928130399999645,0.10319710200019472,0.07534809200024029,2.059975728012347,3.0652079864178874,4.597912569851671
49.93662890699943,2.34,3.2800000000000002,4.7299999999999995,0.139618930999859,0.009623967000152334,0.12568571900010284,2.059975728012347,3.086470476126412,4.597912569851671
49.98697220299982,2.3499999999999996,3.2800000000000002,4.7299999999999995,0.0461718340002335,0.059967263000544335,0.032023479000599764,2.0713280763799826,3.086470476126412,4.597912569851671
50.037309700999685,2.3499999999999996,3.2800000000000002,4.7299999999999995,0.09650933200009604,0.11030476100040687,0.0823609770004623,2.0713280763799826,3.086470476126412,4.597912569851671
50.08764517700001,2.3499999999999996,3.2600000000000002,4.7299999999999995,0.002606427000500844,0.016412633000072674,0.13269645300078992,2.0713280763799826,3.0652079864178874,4.597912569851671
50.13794625599985,2.3499999999999996,3.2600000000000002,4.75,0.05290750600033789,0.06671371199990972,0.0391548759998841,2.0713280763799826,3.0652079864178874,4.618484599952673
50.18830298699959,2.3499999999999996,3.2600000000000002,4.75,0.10326423700007581,0.11707044299964764,0.08951160699962202,2.0713280763799826,3.0652079864178874,4.618484599952673
50.238445902999956,2.34,3.21,4.75,0.009698435000245809,0.023569177000354102,0.13965452299999015,2.059975728012347,3.0119760955226718,4.618484599952673
50.28878340799929,2.34,3.21,4.75,0.06003593999957957,0.07390668199968786,0.046298410999952466,2.059975728012347,3.0119760955226718,4.618484599952673
50.33912073800002,2.34,3.21,4.75,0.11037327000030928,0.12424401200041757,0.09663574100068217,2.059975728012347,3.0119760955226718,4.618484599952673
50.38948388099925,2.32,3.24,4.71,0.016418257999248453,0.03029444000003423,0.0025110480000876123,2.0372285095197347,3.043928382863171,4.5773354694625565
50.43982639799924,2.32,3.24,4.71,0.06676077499923849,0.08063695700002427,0.05285356500007765,2.0372285095197347,3.043928382863171,4.5773354694625565
50.4901514889998,2.32,3.24,4.71,0.11708586599979753,0.1309620480005833,0.10317865600063669,2.0372285095197347,3.043928382863171,4.5773354694625565
50.540294935999555,2.34,3.25,4.7299999999999995,0.023375290000331006,0.03712774599989643,0.009541297999930975,2.059975728012347,3.054570346218924,4.597912569851671
50.59045326599971,2.34,3.25,4.7299999999999995,0.07353362000048946,0.08728607600005489,0.05969962800008943,2.059975728012347,3.054570346218924,4.597912569851671
50.64060176999919,2.34,3.25,4.7299999999999995,0.12368212399996992,0.13743457999953534,0.10984813199956989,2.059975728012347,3.054570346218924,4.597912569851671
50.690726305999306,2.32,3.23,4.71,0.029626269999425858,0.04387248999955773,0.01570384499973443,2.0372285095197347,3.0332820508485523,4.5773354694625565
50.741093904999616,2.32,3.23,4.71,0.07999386899973615,0.09424008899986802,0.06607144400004472,2.0372285095197347,3.0332820508485523,4.5773354694625565
50.79125757099973,2.32,3.2,4.71,0.13015753499985294,6.352699983835919e-05,0.11623511000016151,2.0372285095197347,3.0013163778582226,4.5773354694625565
50.84140373599985,2.33,3.2,4.75,0.03627967700049339,0.050209691999953066,0.022542620999956853,2.0486092843683004,3.0013163778582226,4.618484599952673
50.891497005999554,2.33,3.2,4.75,0.08637294700019993,0.1003029619996596,0.07263589099966339,2.0486092843683004,3.0013163778582226,4.618484599952673
50.94160846599971,2.33,3.2,4.75,0.1364844070003528,0.006683479000457737,0.12274735099981626,2.0486092843683004,3.0013163778582226,4.618484599952673
50.99194852899927,2.32,3.2,4.7299999999999995,0.043088466999506636,0.05702354200002446,0.028913033999742765,2.0372285095197347,3.0013163778582226,4.597912569851671
51.04225567599951,2.32,3.2,4.7299999999999995,0.09339561399974627,0.1073306890002641,0.0792201809999824,2.0372285095197347,3.0013163778582226,4.597912569851671
51.09259666199978,2.32,3.19,4.7299999999999995,0.1437366000000111,0.013390934000199195,0.12956116700024722,2.0372285095197347,2.990652102802999,4.597912569851671
51.14292782499979,2.34,3.19,4.7299999999999995,0.04980106800030626,0.06372209700020903,0.035768640999776835,2.059975728012347,2.990652102802999,4.597912569851671
51.193192784999155,2.34,3.19,4.7299999999999995,0.10006602799967368,0.11398705699957645,0.08603360099914426,2.059975728012347,2.990652102802999,4.597912569851671
51.24353018700003,2.34,3.21,4.7299999999999995,0.0064066310005728155,0.020330365000518213,0.13637100300002203,2.059975728012347,3.0119760955226718,4.597912569851671
51.293702340999516,2.34,3.21,4.7299999999999995,0.05657878500005609,0.07050251900000148,0.04255755400026828,2.059975728012347,3.0119760955226718,4.597912569851671
51.34405534199959,2.34,3.21,4.7299999999999995,0.10693178600013198,0.12085552000007738,0.09291055500034417,2.059975728012347,3.0119760955226718,4.597912569851671
51.394391963999624,2.34,3.24,4.7299999999999995,0.013242674999673909,0.027461837000373635,0.1432471770003758,2.059975728012347,3.043928382863171,4.597912569851671
51.444759458999215,2.34,3.24,4.7299999999999995,0.06361016999926505,0.07782933199996478,0.04949446099999477,2.059975728012347,3.043928382863171,4.597912569851671
51.49510725699929,2.34,3.24,4.7299999999999995,0.11395796799934033,0.12817713000004005,0.09984225900007004,2.059975728012347,3.043928382863171,4.597912569851671
51.54546957000002,2.34,3.2800000000000002,4.75,0.164320281000073,0.03423654100060958,0.005998910000016622,2.059975728012347,3.086470476126412,4.618484599952673
51.595773066999755,2.34,3.2800000000000002,4.75,0.2146237779998046,0.08454003800034116,0.0563024069997482,2.059975728012347,3.086470476126412,4.618484599952673
51.64611205999972,2.34,3.2800000000000002,4.75,0.26496277099977306,0.13487903100030962,0.10664139999971667,2.059975728012347,3.086470476126412,4.618484599952673
51.69634652299919,2.34,3.21,4.6899999999999995,0.3151972339992426,0.04140093699970748,0.01285901999926864,2.059975728012347,3.0119760955226718,4.556753230097061
51.74664980699981,2.34,3.21,4.6899999999999995,0.3655005179998625,0.09170422100032738,0.06316230399988854,2.059975728012347,3.0119760955226718,4.556753230097061
51.796987390999675,2.34,3.21,4.6899999999999995,0.41583810199972504,0.14204180500018992,0.11349988799975108,2.059975728012347,3.0119760955226718,4.556753230097061
51.847335791999285,2.34,3.21,4.6899999999999995,0.46618650299933506,0.19239020599979995,0.1638482889993611,2.059975728012347,3.0119760955226718,4.556753230097061
51.89768773799915,2.34,3.21,4.6899999999999995,0.5165384489991993,0.2427421519996642,0.21420023499922536,2.059975728012347,3.0119760955226718,4.556753230097061
51.94802131399956,2.34,3.2,4.6899999999999995,0.5668720249996113,0.004735640999570023,0.26453381099963735,2.059975728012347,3.0013163778582226,4.556753230097061
51.99838210999951,2.33,3.2,4.71,0.04117695100012497,0.05509643699951994,0.026883526000347047,2.0486092843683004,3.0013163778582226,4.5773354694625565
52.04872400399927,2.33,3.2,4.71,0.09151884499988228,0.10543833099927724,0.07722542000010435,2.0486092843683004,3.0013163778582226,4.5773354694625565
52.09904752299917,2.33,3.2600000000000002,4.71,0.14184236399978545,0.011765088999709405,0.12754893900000752,2.0486092843683004,3.0652079864178874,4.5773354694625565
52.1494093299998,2.34,3.2600000000000002,4.7299999999999995,0.04783215299994481,0.062126896000336274,0.03376828599994042,2.059975728012347,3.0652079864178874,4.597912569851671
52.199757351999324,2.34,3.2600000000000002,4.7299999999999995,0.09818017499947018,0.11247491799986165,0.08411630799946579,2.059975728012347,3.0652079864178874,4.597912569851671
52.2500958239998,2.34,3.2600000000000002,4.7299999999999995,0.1485186469999462,0.16281339000033768,0.13445477999994182,2.059975728012347,3.0652079864178874,4.597912569851671
52.30046690999916,2.34,3.2600000000000002,4.7299999999999995,0.19888973299930512,0.2131844759996966,0.18482586599930073,2.059975728012347,3.0652079864178874,4.597912569851671
52.35076471799948,2.34,3.2600000000000002,4.7299999999999995,0.24918754099962825,0.2634822840000197,0.23512367399962386,2.059975728012347,3.0652079864178874,4.597912569851671
52.40108832899932,2.34,3.19,4.7299999999999995,0.011699558000145771,0.025405409000086365,0.2854472849994636,2.059975728012347,2.990652102802999,4.597912569851671
52.45144589499978,2.34,3.19,4.6899999999999995,0.062057124000602926,0.07576297500054352,0.048271655999997165,2.059975728012347,2.990652102802999,4.556753230097061
52.501796487999854,2.34,3.19,4.6899999999999995,0.11240771700067853,0.12611356800061913,0.09862224900007277,2.059975728012347,2.990652102802999,4.556753230097061
52.55213547999938,2.34,3.2600000000000002,4.71,0.018864552999730222,0.032435609999993176,0.004575437999847054,2.059975728012347,3.0652079864178874,4.5773354694625565
52.602258459999575,2.34,3.2600000000000002,4.71,0.06898753299992677,0.08255859000018972,0.0546984180000436,2.059975728012347,3.0652079864178874,4.5773354694625565
52.65239608899992,2.34,3.2600000000000002,4.71,0.11912516200027312,0.13269621900053608,0.10483604700038995,2.059975728012347,3.0652079864178874,4.5773354694625565
52.702713327999845,2.32,3.23,4.7299999999999995,0.025092906999816478,0.03900010400047904,0.011386825000045064,2.0372285095197347,3.0332820508485523,4.597912569851671
52.753065676000006,2.32,3.23,4.7299999999999995,0.0754452549999769,0.08935245200063946,0.06173917300020548,2.0372285095197347,3.0332820508485523,4.597912569851671
52.80340198899921,2.32,3.23,4.7299999999999995,0.1257815679991836,0.13968876499984617,0.1120754859994122,2.0372285095197347,3.0332820508485523,4.597912569851671
52.853736494999794,2.3499999999999996,3.23,4.7299999999999995,0.032109630000377365,0.04603432300064014,0.1624099919999935,2.0713280763799826,3.0332820508485523,4.597912569851671
52.90406364699993,2.3499999999999996,3.23,4.7299999999999995,0.08243678200051363,0.09636147500077641,0.21273714400012977,2.0713280763799826,3.0332820508485523,4.597912569851671
52.954189199999746,2.3499999999999996,3.23,4.7299999999999995,0.13256233500032977,0.14648702800059255,0.2628626969999459,2.0713280763799826,3.0332820508485523,4.597912569851671
53.00438079699961,2.3499999999999996,3.23,4.7299999999999995,0.18275393200019607,0.19667862500045885,0.3130542939998122,2.0713280763799826,3.0332820508485523,4.597912569851671
53.05471959599981,2.3499999999999996,3.23,4.7299999999999995,0.23309273100039718,0.24701742400065996,0.3633930930000133,2.0713280763799826,3.0332820508485523,4.597912569851671
53.105011740999544,2.3499999999999996,3.24,4.7299999999999995,0.2833848760001274,0.009295003999795881,0.41368523799974355,2.0713280763799826,3.043928382863171,4.597912569851671
53.15535223699953,2.32,3.24,4.71,0.045693660999859276,0.05963549999978568,0.031720162999590684,2.0372285095197347,3.043928382863171,4.5773354694625565
53.20563031399979,2.32,3.24,4.71,0.0959717380001166,0.109913577000043,0.08199823999984801,2.0372285095197347,3.043928382863171,4.5773354694625565
53.25596474099984,2.34,3.23,4.71,0.00230211899997812,0.01624334000007366,0.13233266699990054,2.059975728012347,3.0332820508485523,4.5773354694625565
53.30630828199992,2.34,3.23,4.75,0.052645660000052885,0.06658688100014842,0.038706654000634444,2.059975728012347,3.0332820508485523,4.618484599952673
53.35663151099925,2.34,3.23,4.75,0.10296888899938494,0.11691010999948048,0.0890298829999665,2.059975728012347,3.0332820508485523,4.618484599952673
53.40675985099915,2.34,3.24,4.75,0.009079931999622204,0.02302439399954892,0.13915822299986758,2.059975728012347,3.043928382863171,4.618484599952673
53.45700953799951,2.34,3.24,4.7299999999999995,0.059329618999981903,0.07327408099990862,0.04540017900035309,2.059975728012347,3.043928382863171,4.597912569851671
53.507343611999204,2.34,3.24,4.7299999999999995,0.10966369299967482,0.12360815499960154,0.09573425300004601,2.059975728012347,3.043928382863171,4.597912569851671
53.55763076599942,2.34,3.25,4.75,0.0159460240001863,0.02989584399983869,0.002016673000071023,2.059975728012347,3.054570346218924,4.618484599952673
53.607967899999494,2.34,3.25,4.75,0.0662831580002603,0.08023297799991269,0.052353807000145025,2.059975728012347,3.054570346218924,4.618484599952673
53.65831592299946,2.34,3.25,4.75,0.11663118100022984,0.13058100099988224,0.10270183000011457,2.059975728012347,3.054570346218924,4.618484599952673
53.70865819399933,2.33,3.2,4.75,0.022959353999794985,0.03693087800002104,0.15304410099997767,2.0486092843683004,3.0013163778582226,4.618484599952673
53.75900806699974,2.33,3.2,4.75,0.07330922700020892,0.08728075100043498,0.2033939740003916,2.0486092843683004,3.0013163778582226,4.618484599952673
53.80937322599948,2.33,3.2,4.75,0.12367438599994784,0.1376459100001739,0.25375913300013053,2.0486092843683004,3.0013163778582226,4.618484599952673
53.859615307999775,2.33,3.2,4.75,0.17391646800024319,0.18788799200046924,0.3040012150004259,2.0486092843683004,3.0013163778582226,4.618484599952673
53.90995232299974,2.33,3.2,4.75,0.22425348300021142,0.23822500700043747,0.3543382300003941,2.0486092843683004,3.0013163778582226,4.618484599952673
53.96020263199989,2.33,3.2600000000000002,4.75,0.2745037920003597,0.00041229799990105676,0.40458853900054237,2.0486092843683004,3.0652079864178874,4.618484599952673
54.0105446309999,2.31,3.2600000000000002,4.75,0.03681186399990111,0.050754296999912185,0.02257547200042609,2.025833161936096,3.0652079864178874,4.618484599952673
54.060873836999235,2.31,3.2600000000000002,4.75,0.08714106999923388,0.10108350299924496,0.07290467799975886,2.025833161936096,3.0652079864178874,4.618484599952673
54.111246622999715,2.31,3.24,4.75,0.137513855999714,0.007435925999743631,0.12327746400023898,2.025833161936096,3.043928382863171,4.618484599952673
54.16155268499915,2.33,3.24,4.7299999999999995,0.04394094999952358,0.0577419879991794,0.02956956399975752,2.0486092843683004,3.043928382863171,4.597912569851671
54.21184603899928,2.33,3.24,4.7299999999999995,0.09423430399965582,0.10803534199931164,0.07986291799988976,2.0486092843683004,3.043928382863171,4.597912569851671
54.262060532999385,2.33,3.23,4.7299999999999995,0.14444879799975752,0.01425092899989977,0.13007741199999145,2.0486092843683004,3.0332820508485523,4.597912569851671
54.312404246999904,2.3699999999999997,3.23,4.7299999999999995,0.0501775960001396,0.06459464300041873,0.03642431700063753,2.0939914039938174,3.0332820508485523,4.597912569851671
54.36250618299982,2.3699999999999997,3.23,4.7299999999999995,0.10027953200005868,0.1146965790003378,0.08652625300055661,2.0939914039938174,3.0332820508485523,4.597912569851671
54.41285678299937,2.34,3.25,4.7299999999999995,0.006798564999371592,0.02104696399965178,0.13687685300010344,2.059975728012347,3.054570346218924,4.597912569851671
54.46315752099963,2.34,3.25,4.7299999999999995,0.05709930299963162,0.0713477019999118,0.04337871500047186,2.059975728012347,3.054570346218924,4.597912569851671
54.51351051899928,2.34,3.25,4.7299999999999995,0.10745230099928449,0.12170069999956468,0.09373171300012473,2.059975728012347,3.054570346218924,4.597912569851671
54.56370174499989,2.32,3.25,4.7299999999999995,0.01359904400032974,0.02785029200003919,0.14392293900073128,2.0372285095197347,3.054570346218924,4.597912569851671
54.61403714899916,2.32,3.25,4.75,0.0639344479995998,0.07818569599930925,0.049871534999510914,2.0372285095197347,3.054570346218924,4.618484599952673
54.66438524399928,2.32,3.25,4.75,0.1142825429997174,0.12853379099942686,0.10021962999962852,2.0372285095197347,3.054570346218924,4.618484599952673
54.71449459099949,2.33,3.27,4.7299999999999995,0.02038638300018647,0.03466288900017389,0.00648198599992611,2.0486092843683004,3.075841348314311,4.597912569851671
54.76482998799929,2.33,3.27,4.7299999999999995,0.0707217799999853,0.08499828599997272,0.05681738299972494,2.0486092843683004,3.075841348314311,4.597912569851671
54.815154443999745,2.33,3.27,4.7299999999999995,0.12104623600043851,0.13532274200042593,0.10714183900017815,2.0486092843683004,3.075841348314311,4.597912569851671
54.865482322999924,2.34,3.25,4.7299999999999995,0.027380032000110077,0.04148073000033037,0.013557923000007577,2.059975728012347,3.054570346218924,4.597912569851671
54.915817362999405,2.34,3.25,4.7299999999999995,0.0777150719995916,0.09181576999981189,0.0638929629994891,2.059975728012347,3.054570346218924,4.597912569851671
54.96595978999994,2.34,3.25,4.7299999999999995,0.12785749900012888,0.14195819700034917,0.11403539000002638,2.059975728012347,3.054570346218924,4.597912569851671
55.01629392099949,2.33,3.21,4.75,0.03417716900003143,0.04835946499952115,0.020245413999873563,2.0486092843683004,3.0119760955226718,4.618484599952673
55.066599867999685,2.33,3.21,4.75,0.08448311600022862,0.09866541199971834,0.07055136100007076,2.0486092843683004,3.0119760955226718,4.618484599952673
55.11693193899919,2.33,3.27,4.75,0.13481518699973094,0.004727287999230612,0.12088343199957308,2.0486092843683004,3.075841348314311,4.618484599952673
55.16728097499981,2.34,3.27,4.75,0.04111656100030814,0.05507632399985596,0.027396066000619612,2.059975728012347,3.075841348314311,4.618484599952673
55.21747577299993,2.34,3.27,4.75,0.09131135900042864,0.10527112199997646,0.07759086400074011,2.059975728012347,3.075841348314311,4.618484599952673
55.267681180999716,2.34,3.27,4.75,0.14151676700021198,0.1554765299997598,0.12779627200052346,2.059975728012347,3.075841348314311,4.618484599952673
55.31801557799918,2.34,3.27,4.75,0.19185116399967228,0.2058109269992201,0.17813066899998375,2.059975728012347,3.075841348314311,4.618484599952673
55.36835790299938,2.34,3.27,4.75,0.2421934889998738,0.2561532519994216,0.22847299400018528,2.059975728012347,3.075841348314311,4.618484599952673
55.418499677,2.34,3.2600000000000002,4.75,0.00435339900013787,0.018268129000716726,0.2786147680008071,2.059975728012347,3.0652079864178874,4.618484599952673
55.46882231099971,2.34,3.2600000000000002,4.6899999999999995,0.05467603299985058,0.06859076300042943,0.040981052000461204,2.059975728012347,3.0652079864178874,4.556753230097061
55.51914534699972,2.34,3.2600000000000002,4.6899999999999995,0.10499906899985945,0.1189137990004383,0.09130408800047007,2.059975728012347,3.0652079864178874,4.556753230097061
55.56945249,2.34,3.2600000000000002,4.6899999999999995,0.011239592000492848,0.02520849100073974,0.141611231000752,2.059975728012347,3.0652079864178874,4.556753230097061
55.619769834999715,2.34,3.2600000000000002,4.6899999999999995,0.061556937000204925,0.07552583600045182,0.04769252999994933,2.059975728012347,3.0652079864178874,4.556753230097061
55.67010951799966,2.34,3.2600000000000002,4.6899999999999995,0.11189662000015232,0.12586551900039922,0.09803221299989673,2.059975728012347,3.0652079864178874,4.556753230097061
55.72025021599984,2.34,3.24,4.77,0.018088137000631832,0.03219120900030248,0.004159197000262793,2.059975728012347,3.043928382863171,4.63905162721865
55.770385689999785,2.34,3.24,4.77,0.06822361100057606,0.0823266830002467,0.05429467100020702,2.059975728012347,3.043928382863171,4.63905162721865
55.82071005299986,2.34,3.24,4.77,0.11854797400064854,0.13265104600031918,0.1046190340002795,2.059975728012347,3.043928382863171,4.63905162721865
55.87095991899969,2.33,3.2800000000000002,4.75,0.02490740299981553,0.03870604399980948,0.011114879000160727,2.0486092843683004,3.086470476126412,4.618484599952673
55.92131846299981,2.33,3.2800000000000002,4.75,0.07526594699993439,0.08906458799992834,0.06147342300027958,2.0486092843683004,3.086470476126412,4.618484599952673
55.971452267999666,2.33,3.2800000000000002,4.75,0.1253997519997938,0.13919839299978776,0.111607228000139,2.0486092843683004,3.086470476126412,4.618484599952673
56.0216578189993,2.34,3.24,4.71,0.03147185899979377,0.045354703000157315,0.017546622999361716,2.059975728012347,3.043928382863171,4.5773354694625565
56.07200598500003,2.34,3.24,4.71,0.08182002500052477,0.09570286900088831,0.06789478900009271,2.059975728012347,3.043928382863171,4.5773354694625565
56.12214787499943,2.34,3.2600000000000002,4.71,0.13196191499991983,0.0018482639998183004,0.11803667899948778,2.059975728012347,3.0652079864178874,4.5773354694625565
56.17248447599923,2.33,3.2600000000000002,4.71,0.03820918399924267,0.052184864999617275,0.02445765699940239,2.0486092843683004,3.0652079864178874,4.5773354694625565
56.22278171599919,2.33,3.2600000000000002,4.71,0.08850642399920616,0.10248210499958077,0.07475489699936588,2.0486092843683004,3.0652079864178874,4.5773354694625565
56.27286447699953,2.33,3.21,4.71,0.13858918499954598,0.00891922600021644,0.1248376579997057,2.0486092843683004,3.0119760955226718,4.5773354694625565
56.32297753199964,2.34,3.21,4.77,0.045178020000093966,0.0590322810003272,0.030449537000095006,2.059975728012347,3.0119760955226718,4.63905162721865
56.37316544699934,2.34,3.21,4.77,0.09536593499979062,0.10922019600002386,0.08063745199979167,2.059975728012347,3.0119760955226718,4.63905162721865
56.42325434399936,2.34,3.27,4.77,0.001016647999676934,0.015174628999375273,0.13072634899981495,2.059975728012347,3.075841348314311,4.63905162721865
56.473556227999325,2.34,3.27,4.71,0.05131853199964098,0.06547651299933932,0.037032384999292844,2.059975728012347,3.075841348314311,4.5773354694625565
56.52388333499948,2.34,3.27,4.71,0.1016456389997984,0.11580361999949673,0.08735949199945026,2.059975728012347,3.075841348314311,4.5773354694625565
56.57427470199946,2.34,3.2600000000000002,4.71,0.00799346300027537,0.021949052000309166,0.13775085899942496,2.059975728012347,3.0652079864178874,4.5773354694625565
56.62462818899985,2.34,3.2600000000000002,4.7299999999999995,0.058346950000668585,0.07230253900070238,0.04435296500014374,2.059975728012347,3.0652079864178874,4.597912569851671
56.67496242799916,2.34,3.2600000000000002,4.7299999999999995,0.1086811889999808,0.1226367780000146,0.09468720399945596,2.059975728012347,3.0652079864178874,4.597912569851671
56.72505276599986,2.3499999999999996,3.23,4.6899999999999995,0.014872126000227581,0.02897323600063828,0.0004976220006938092,2.0713280763799826,3.0332820508485523,4.556753230097061
56.77519483299966,2.3499999999999996,3.23,4.6899999999999995,0.06501419300002453,0.07911530300043523,0.05063968900049076,2.0713280763799826,3.0332820508485523,4.556753230097061
56.825279534999936,2.3499999999999996,3.23,4.6899999999999995,0.11509889500030113,0.12920000500071183,0.10072439100076735,2.0713280763799826,3.0332820508485523,4.556753230097061
56.87560352699984,2.34,3.27,4.75,0.020943692000400915,0.03524150900011591,0.007056416000523313,2.059975728012347,3.075841348314311,4.618484599952673
56.92583469499914,2.34,3.27,4.75,0.07117485999970086,0.08547267699941585,0.057287583999823255,2.059975728012347,3.075841348314311,4.618484599952673
56.97617872899991,2.34,3.27,4.75,0.12151889400047367,0.13581671100018866,0.10763161800059606,2.059975728012347,3.075841348314311,4.618484599952673
57.02639843599991,2.31,3.3000000000000003,4.7299999999999995,0.027736214000469772,0.04235910100032925,0.01393942100003187,2.025833161936096,3.107716203259236,4.597912569851671
57.07670320199941,2.31,3.3000000000000003,4.7299999999999995,0.07804097999996884,0.09266386699982831,0.06424418699953094,2.025833161936096,3.107716203259236,4.597912569851671
57.12699393599996,2.31,3.3000000000000003,4.7299999999999995,0.1283317140005238,0.14295460100038326,0.11453492100008589,2.025833161936096,3.107716203259236,4.597912569851671
57.17732430899923,2.34,3.21,4.7299999999999995,0.034652090999770735,0.049161662999722466,0.020721689999845694,2.059975728012347,3.0119760955226718,4.597912569851671
57.22767262199977,2.34,3.21,4.7299999999999995,0.08500040400031139,0.09950997600026312,0.07107000300038635,2.059975728012347,3.0119760955226718,4.597912569851671
57.27800928099987,2.34,3.21,4.7299999999999995,0.1353370630004065,0.005532203000257141,0.12140666200048145,2.059975728012347,3.0119760955226718,4.597912569851671
57.32835071299996,2.3499999999999996,3.21,4.75,0.042003520000434946,0.055873635000352806,0.02787295400048606,2.0713280763799826,3.0119760955226718,4.618484599952673
57.37870188399938,2.3499999999999996,3.21,4.75,0.09235469099985494,0.1062248059997728,0.07822412499990605,2.0713280763799826,3.0119760955226718,4.618484599952673
57.42902822199994,2.3499999999999996,3.16,4.75,0.14268102900041413,0.012308426000345207,0.12855046300046524,2.0713280763799826,2.9586314403791496,4.618484599952673
57.479376720999426,2.3499999999999996,3.16,4.75,0.04886939500011067,0.06265692499982833,0.03474600800018379,2.0713280763799826,2.9586314403791496,4.618484599952673
57.52972460099954,2.3499999999999996,3.16,4.75,0.09921727500022826,0.11300480499994592,0.08509388800030138,2.0713280763799826,2.9586314403791496,4.618484599952673
57.58005936599966,2.36,3.23,4.75,0.005374754000513349,0.01936448200012819,0.1354286530004174,2.082666559965853,3.0332820508485523,4.618484599952673
57.63040315499984,2.36,3.23,4.7299999999999995,0.0557185430006939,0.06970827100030874,0.04208850099985284,2.082666559965853,3.0332820508485523,4.597912569851671
57.680672771999525,2.36,3.23,4.7299999999999995,0.10598816000037914,0.11997788799999398,0.09235811799953808,2.082666559965853,3.0332820508485523,4.597912569851671
57.73081317699962,2.3499999999999996,3.23,4.7299999999999995,0.012089955999726953,0.026346442999965802,0.14249852299963095,2.0713280763799826,3.0332820508485523,4.597912569851671
57.78111854599956,2.3499999999999996,3.23,4.71,0.062395324999670265,0.07665181199990911,0.04854867700032628,2.0713280763799826,3.0332820508485523,4.5773354694625565
57.831465521999235,2.3499999999999996,3.23,4.71,0.11274230099934357,0.12699878799958242,0.09889565299999958,2.0713280763799826,3.0332820508485523,4.5773354694625565
57.88181887199971,2.3499999999999996,3.3000000000000003,4.7299999999999995,0.019137565000164614,0.03319745899989357,0.005176151000341633,2.0713280763799826,3.107716203259236,4.597912569851671
57.93216058500002,2.3499999999999996,3.3000000000000003,4.7299999999999995,0.06947927800047182,0.08353917200020078,0.05551786400064884,2.0713280763799826,3.107716203259236,4.597912569851671
57.9824997579999,2.3499999999999996,3.3000000000000003,4.7299999999999995,0.11981845100035571,0.13387834500008466,0.10585703700053273,2.0713280763799826,3.107716203259236,4.597912569851671
58.03280683799949,2.34,3.27,4.75,0.026090155000019877,0.04016618700006802,0.01215400899945962,2.059975728012347,3.075841348314311,4.618484599952673
58.083147914999245,2.34,3.27,4.75,0.07643123199977708,0.09050726399982523,0.062495085999216826,2.059975728012347,3.075841348314311,4.618484599952673
58.13347758099917,2.34,3.27,4.75,0.12676089799970214,0.14083692999975028,0.11282475199914188,2.059975728012347,3.075841348314311,4.618484599952673
58.18381699299971,2.34,3.24,4.7299999999999995,0.03316310700029135,0.047026283999912266,0.019105211999885796,2.059975728012347,3.043928382863171,4.597912569851671
58.23415290899993,2.34,3.24,4.7299999999999995,0.08349902300051326,0.09736220000013418,0.06944112800010771,2.059975728012347,3.043928382863171,4.597912569851671
58.284504969999944,2.34,3.24,4.7299999999999995,0.1338510840005256,0.1477142610001465,0.11979318900012004,2.059975728012347,3.043928382863171,4.597912569851671
58.334836119999636,2.34,3.24,4.7299999999999995,0.18418223400021816,0.19804541099983908,0.1701243389998126,2.059975728012347,3.043928382863171,4.597912569851671
58.38517412999954,2.34,3.24,4.7299999999999995,0.23452024400012306,0.24838342099974398,0.2204623489997175,2.059975728012347,3.043928382863171,4.597912569851671
58.43549426899972,2.34,3.21,4.7299999999999995,0.2848403830003008,0.010679296000489558,0.27078248799989524,2.059975728012347,3.0119760955226718,4.597912569851671
58.48582783299935,2.32,3.21,4.7299999999999995,0.0470934959994338,0.06101286000011896,0.033110695999312156,2.0372285095197347,3.0119760955226718,4.597912569851671
58.53617307499917,2.32,3.21,4.7299999999999995,0.09743873799925495,0.11135810199994012,0.08345593799913331,2.0372285095197347,3.0119760955226718,4.597912569851671
58.5863158079992,2.32,3.19,4.7299999999999995,0.0035347399998499895,0.017496740999376925,0.133598670999163,2.0372285095197347,2.990652102802999,4.597912569851671
58.6366570199998,2.32,3.19,4.7299999999999995,0.05387595200045325,0.06783795299998019,0.04007353599990893,2.0372285095197347,2.990652102802999,4.597912569851671
58.68701091599996,2.32,3.19,4.7299999999999995,0.10422984800061386,0.11819184900014079,0.09042743200006953,2.0372285095197347,2.990652102802999,4.597912569851671
58.73734791199968,2.34,3.2,4.7299999999999995,0.010520013999666844,0.02462868000020535,0.14076442799978395,2.059975728012347,3.0013163778582226,4.597912569851671
58.78770201899988,2.34,3.2,4.7299999999999995,0.060874120999869774,0.07498278700040828,0.04669296400061285,2.059975728012347,3.0013163778582226,4.597912569851671
58.837844949999635,2.34,3.2,4.7299999999999995,0.11101705199962453,0.12512571800016303,0.0968358950003676,2.059975728012347,3.0013163778582226,4.597912569851671
58.88798258799943,2.34,3.27,4.7299999999999995,0.017193664999467728,0.031136087000049883,0.003418653999688104,2.059975728012347,3.075841348314311,4.597912569851671
58.93832331499925,2.34,3.27,4.7299999999999995,0.06753439199928835,0.0814768139998705,0.05375938099950872,2.059975728012347,3.075841348314311,4.597912569851671
58.98848261399962,2.34,3.27,4.7299999999999995,0.11769369099965843,0.13163611300024058,0.1039186799998788,2.059975728012347,3.075841348314311,4.597912569851671
59.038644952999675,2.34,3.24,4.7299999999999995,0.023822066000320774,0.03780405999987124,0.009584915000232286,2.059975728012347,3.043928382863171,4.597912569851671
59.08894434599915,2.34,3.24,4.7299999999999995,0.07412145899979805,0.08810345299934852,0.05988430799970956,2.059975728012347,3.043928382863171,4.597912569851671
59.139252176999435,2.34,3.24,4.7299999999999995,0.12442929000008007,0.13841128399963054,0.11019213899999158,2.059975728012347,3.043928382863171,4.597912569851671
59.18957752499955,2.3499999999999996,3.27,4.7299999999999995,0.030789716000072076,0.04471185300008074,0.016797459000372328,2.0713280763799826,3.075841348314311,4.597912569851671
59.23992938799984,2.3499999999999996,3.27,4.7299999999999995,0.08114157900035934,0.095063716000368,0.0671493220006596,2.0713280763799826,3.075841348314311,4.597912569851671
59.29001885799971,2.3499999999999996,3.24,4.7299999999999995,0.13123104900023463,0.001114192000386538,0.11723879200053489,2.0713280763799826,3.043928382863171,4.597912569851671
59.34034623499974,2.33,3.24,4.71,0.03755742100020143,0.051441569000417076,0.02327416699972673,2.0486092843683004,3.043928382863171,4.5773354694625565
59.39067792699916,2.33,3.24,4.71,0.0878891129996191,0.10177326099983475,0.0736058589991444,2.0486092843683004,3.043928382863171,4.5773354694625565
59.44096105199969,2.33,3.25,4.71,0.138172238000152,0.008033644000533968,0.1238889839996773,2.0486092843683004,3.054570346218924,4.5773354694625565
59.49130201799926,2.33,3.25,4.7299999999999995,0.04444900099952065,0.0583746100001008,0.030228967999391898,2.0486092843683004,3.054570346218924,4.597912569851671
59.541606986999795,2.33,3.25,4.7299999999999995,0.09475397000005614,0.1086795790006363,0.08053393699992739,2.0486092843683004,3.054570346218924,4.597912569851671
59.59193494699957,2.34,3.2600000000000002,4.7299999999999995,0.0007362349997492856,0.014968303000387095,0.13086189699970419,2.059975728012347,3.0652079864178874,4.597912569851671
59.6422935519995,2.34,3.2600000000000002,4.71,0.05109483999967779,0.0653269080003156,0.03721964099986508,2.059975728012347,3.0652079864178874,4.5773354694625565
59.69262098799936,2.34,3.2600000000000002,4.71,0.10142227599953912,0.11565434400017693,0.08754707699972641,2.059975728012347,3.0652079864178874,4.5773354694625565
59.74295565599914,2.33,3.24,4.71,0.007787663999806682,0.02226816799975495,0.137881744999504,2.0486092843683004,3.043928382863171,4.5773354694625565
59.793292599999404,2.33,3.24,4.7299999999999995,0.05812460800007102,0.07260511200001929,0.04425143000025855,2.0486092843683004,3.043928382863171,4.597912569851671
59.84362441699977,2.33,3.24,4.7299999999999995,0.1084564250004405,0.12293692900038877,0.09458324700062803,2.0486092843683004,3.043928382863171,4.597912569851671
59.89393090199974,2.33,3.2600000000000002,4.71,0.014761907999854884,0.029002215000218712,0.000835118000395596,2.0486092843683004,3.0652079864178874,4.5773354694625565
59.944284452999455,2.33,3.2600000000000002,4.71,0.06511545899957127,0.0793557659999351,0.051188669000111986,2.0486092843683004,3.0652079864178874,4.5773354694625565
59.994618752999486,2.33,3.2600000000000002,4.71,0.11544975899960264,0.12969006599996646,0.10152296900014335,2.0486092843683004,3.0652079864178874,4.5773354694625565
60.044858792000014,2.34,3.2600000000000002,4.75,0.021635090000017954,0.03537338800015277,0.007755438999993203,2.059975728012347,3.0652079864178874,4.618484599952673
60.095214864999434,2.34,3.2600000000000002,4.75,0.07199116299943853,0.08572946099957335,0.05811151199941378,2.059975728012347,3.0652079864178874,4.618484599952673
60.145558522999636,2.34,3.2600000000000002,4.75,0.12233482099964021,0.13607311899977503,0.10845516999961546,2.059975728012347,3.0652079864178874,4.618484599952673
60.195894339000006,2.31,3.18,4.7299999999999995,0.02867444700041233,0.042926112000714056,0.015002757000729616,2.025833161936096,2.979983221429275,4.597912569851671
60.24598171499929,2.31,3.18,4.7299999999999995,0.07876182299969514,0.09301348799999687,0.06509013300001243,2.025833161936096,2.979983221429275,4.597912569851671
60.29632892599966,2.31,3.18,4.7299999999999995,0.12910903400006646,0.14336069900036819,0.11543734400038375,2.025833161936096,2.979983221429275,4.597912569851671
60.34649475399965,2.34,3.2,4.7299999999999995,0.03530532500008121,0.04928272800043487,0.021344179000152508,2.059975728012347,3.0013163778582226,4.597912569851671
60.396799301999636,2.34,3.2,4.7299999999999995,0.08560987300006673,0.09958727600042039,0.07164872700013802,2.059975728012347,3.0013163778582226,4.597912569851671
60.447121934999814,2.34,3.21,4.7299999999999995,0.13593250600024476,0.006051391999790212,0.12197136000031605,2.059975728012347,3.0119760955226718,4.597912569851671
60.497482230999594,2.34,3.21,4.7299999999999995,0.04253110700028628,0.05641168799957086,0.0283244559996092,2.059975728012347,3.0119760955226718,4.597912569851671
60.547830939999585,2.34,3.21,4.7299999999999995,0.09287981600027706,0.10676039699956164,0.07867316499959998,2.059975728012347,3.0119760955226718,4.597912569851671
60.598161380999954,2.34,3.2800000000000002,4.7299999999999995,0.14321025700064638,0.01282382699992013,0.1290036059999693,2.059975728012347,3.086470476126412,4.597912569851671
60.648519567999756,2.32,3.2800000000000002,4.7299999999999995,0.0495191159998285,0.06318201399972168,0.03531176599972241,2.0372285095197347,3.086470476126412,4.597912569851671
60.69886067099924,2.32,3.2800000000000002,4.7299999999999995,0.09986021899931075,0.11352311699920392,0.08565286899920466,2.0372285095197347,3.086470476126412,4.597912569851671
60.749219259999336,2.31,3.24,4.7299999999999995,0.005973561999780941,0.01990159099932498,0.13601145799930237,2.025833161936096,3.043928382863171,4.597912569851671
60.79955181599962,2.31,3.24,4.71,0.05630611800006591,0.07023414699960995,0.04262433999974746,2.025833161936096,3.043928382863171,4.5773354694625565
60.84969286899923,2.31,3.24,4.71,0.10644717099967238,0.12037519999921642,0.09276539299935394,2.025833161936096,3.043928382863171,4.5773354694625565
60.90001324499917,2.3499999999999996,3.25,4.71,0.01275598699976399,0.026880366999648686,0.14308576899929903,2.0713280763799826,3.054570346218924,4.5773354694625565
60.95033225399948,2.3499999999999996,3.25,4.71,0.0630749960000685,0.07719937599995319,0.04943662599998788,2.0713280763799826,3.054570346218924,4.5773354694625565
61.0006691869994,2.3499999999999996,3.25,4.71,0.11341192899999442,0.1275363089998791,0.0997735589999138,2.0713280763799826,3.054570346218924,4.5773354694625565
61.05100539999967,2.3499999999999996,3.27,4.7299999999999995,0.16374814200025867,0.03398505099994509,0.00580394700045872,2.0713280763799826,3.075841348314311,4.597912569851671
61.10131346199978,2.3499999999999996,3.27,4.7299999999999995,0.2140562040003715,0.08429311300005793,0.05611200900057156,2.0713280763799826,3.075841348314311,4.597912569851671
61.151644935999684,2.3499999999999996,3.27,4.7299999999999995,0.2643876780002756,0.13462458699996205,0.10644348300047568,2.0713280763799826,3.075841348314311,4.597912569851671
61.20183336199989,2.3499999999999996,3.24,4.7299999999999995,0.31457610400048,0.04046313400067447,0.012694622000708478,2.0713280763799826,3.043928382863171,4.597912569851671
61.251982535000025,2.3499999999999996,3.24,4.7299999999999995,0.3647252770006162,0.09061230700081069,0.0628437950008447,2.0713280763799826,3.043928382863171,4.597912569851671
61.30230514899995,2.3499999999999996,3.24,4.7299999999999995,0.4150478910005404,0.1409349210007349,0.11316640900076891,2.0713280763799826,3.043928382863171,4.597912569851671
61.35265509999954,2.3499999999999996,3.24,4.7299999999999995,0.46539784200012946,0.19128487200032396,0.16351636000035796,2.0713280763799826,3.043928382863171,4.597912569851671
61.402956529999756,2.3499999999999996,3.24,4.7299999999999995,0.5156992720003473,0.24158630200054176,0.21381779000057577,2.0713280763799826,3.043928382863171,4.597912569851671
61.45328857599998,2.3499999999999996,3.29,4.7299999999999995,0.5660313180005687,0.0038996510002107243,0.2641498360007972,2.0713280763799826,3.0970954134478967,4.597912569851671
61.50358901999971,2.32,3.29,4.7299999999999995,0.04029833000004146,0.05420009499994194,0.025984199000049557,2.0372285095197347,3.0970954134478967,4.597912569851671
61.55389633100003,2.32,3.29,4.7299999999999995,0.09060564100036572,0.1045074060002662,0.07629151000037382,2.0372285095197347,3.0970954134478967,4.597912569851671
61.60417425099968,2.32,3.3000000000000003,4.7299999999999995,0.14088356100000965,0.010706922999816015,0.12656943000001775,2.0372285095197347,3.107716203259236,4.597912569851671
61.654500101999474,2.34,3.3000000000000003,4.71,0.04720297199946799,0.06103277399961371,0.03288838299977215,2.059975728012347,3.107716203259236,4.5773354694625565
61.70468446799987,2.34,3.3000000000000003,4.71,0.09738733799986221,0.11121714000000793,0.08307274900016637,2.059975728012347,3.107716203259236,4.5773354694625565
61.75493063399972,2.32,3.27,4.71,0.003626331999839749,0.017542450999826542,0.13331891500001802,2.0372285095197347,3.075841348314311,4.5773354694625565
61.80504483000004,2.32,3.27,4.71,0.05374052800016216,0.06765664700014895,0.039428652000424336,2.0372285095197347,3.075841348314311,4.5773354694625565
61.855371249999735,2.32,3.27,4.71,0.10406694799985416,0.11798306699984096,0.08975507200011634,2.0372285095197347,3.075841348314311,4.5773354694625565
61.905544645999726,2.32,3.2600000000000002,4.71,0.010202068000580766,0.02407127800051967,0.1399284680001074,2.0372285095197347,3.0652079864178874,4.5773354694625565
61.955864963999375,2.32,3.2600000000000002,4.71,0.060522386000229744,0.07439159600016865,0.04654217499955848,2.0372285095197347,3.0652079864178874,4.5773354694625565
62.00620199199966,2.32,3.2600000000000002,4.71,0.11085941400051524,0.12472862400045415,0.09687920299984398,2.0372285095197347,3.0652079864178874,4.5773354694625565
62.05634348699914,2.36,3.21,4.75,0.016997455999444355,0.030853938999825914,0.0028084939995096647,2.082666559965853,3.0119760955226718,4.618484599952673
62.10667971299972,2.36,3.21,4.75,0.06733368200002587,0.08119016500040743,0.05314472000009118,2.082666559965853,3.0119760955226718,4.618484599952673
62.15682106799977,2.36,3.21,4.75,0.11747503700007655,0.1313315200004581,0.10328607500014186,2.082666559965853,3.0119760955226718,4.618484599952673
62.20714194999982,2.3499999999999996,3.24,4.71,0.02342831100031617,0.03768385000057606,0.00950007099982031,2.0713280763799826,3.043928382863171,4.5773354694625565
62.25750448099916,2.3499999999999996,3.24,4.71,0.07379084199965291,0.0880463809999128,0.05986260199915705,2.0713280763799826,3.043928382863171,4.5773354694625565
62.30784900399976,2.3499999999999996,3.24,4.71,0.12413536500025657,0.13839090400051646,0.11020712499976071,2.0713280763799826,3.043928382863171,4.5773354694625565
62.358185550999224,2.33,3.21,4.75,0.030663603999528277,0.044913174999237526,0.01684308099993359,2.0486092843683004,3.0119760955226718,4.618484599952673
62.408486904999336,2.33,3.21,4.75,0.08096495799964032,0.09521452899934957,0.06714443500004563,2.0486092843683004,3.0119760955226718,4.618484599952673
62.45868426299967,2.33,3.25,4.75,0.13116231599997263,0.001454663000004075,0.11734179300037795,2.0486092843683004,3.054570346218924,4.618484599952673
62.50900469299995,2.34,3.25,4.7299999999999995,0.037279334000231756,0.0517750930002876,0.023341047000030812,2.059975728012347,3.054570346218924,4.597912569851671
62.5593381689996,2.34,3.25,4.7299999999999995,0.0876128099998823,0.10210856899993814,0.07367452299968136,2.059975728012347,3.054570346218924,4.597912569851671
62.60967871599951,2.34,3.21,4.7299999999999995,0.1379533569997875,0.007850183000300603,0.12401506999958656,2.059975728012347,3.0119760955226718,4.597912569851671
62.660029607999604,2.32,3.21,4.7299999999999995,0.0442743639996479,0.058201075000397395,0.030348604999744566,2.0372285095197347,3.0119760955226718,4.597912569851671
62.71036699999968,2.32,3.21,4.7299999999999995,0.09461175599972194,0.10853846700047143,0.0806859969998186,2.0372285095197347,3.0119760955226718,4.597912569851671
62.76047022900002,2.32,3.2,4.7299999999999995,0.0007357880003837636,0.014857936000225891,0.13078922600016085,2.0372285095197347,3.0013163778582226,4.597912569851671
62.810814138999376,2.32,3.2,4.75,0.05107969799973944,0.06520184599958156,0.03710112599947024,2.0372285095197347,3.0013163778582226,4.618484599952673
62.86113732099966,2.32,3.2,4.75,0.10140288000002329,0.11552502799986542,0.08742430799975409,2.0372285095197347,3.0013163778582226,4.618484599952673
62.91150694799944,2.32,3.23,4.75,0.00776981600029103,0.021675508999578597,0.13779393499953585,2.0372285095197347,3.0332820508485523,4.618484599952673
62.96169743599967,2.32,3.23,4.75,0.05796030400051677,0.07186599699980434,0.04395628800011764,2.0372285095197347,3.0332820508485523,4.618484599952673
63.01180846099942,2.32,3.23,4.75,0.10807132900026772,0.12197702199955529,0.09406731299986859,2.0372285095197347,3.0332820508485523,4.618484599952673
63.06189325899959,2.32,3.24,4.7299999999999995,0.014098282000304607,0.028066937000403414,0.00018534100036049495,2.0372285095197347,3.043928382863171,4.597912569851671
63.11224440699971,2.32,3.24,4.7299999999999995,0.06444943000042258,0.07841808500052139,0.05053648900047847,2.0372285095197347,3.043928382863171,4.597912569851671
63.16233446099977,2.32,3.24,4.7299999999999995,0.1145394840004883,0.1285081390005871,0.10062654300054419,2.0372285095197347,3.043928382863171,4.597912569851671
63.21267355299915,2.3699999999999997,3.19,4.75,0.020835502999943856,0.0348001389993442,0.006948268999622087,2.0939914039938174,2.990652102802999,4.618484599952673
63.26298185899941,2.3699999999999997,3.19,4.75,0.07114380900020478,0.08510844499960513,0.057256574999883014,2.0939914039938174,2.990652102802999,4.618484599952673
63.31331946499995,2.3699999999999997,3.19,4.75,0.12148141500074416,0.1354460510001445,0.1075941810004224,2.0939914039938174,2.990652102802999,4.618484599952673
63.36366330599958,2.34,3.19,4.75,0.028086203999919235,0.04207579400008399,0.01394647500001156,2.059975728012347,2.990652102802999,4.618484599952673
63.41396941899984,2.34,3.19,4.75,0.0783923170001799,0.09238190700034465,0.06425258800027223,2.059975728012347,2.990652102802999,4.618484599952673
63.464310974999535,2.34,3.19,4.75,0.1287338729998737,0.14272346300003846,0.11459414399996604,2.059975728012347,2.990652102802999,4.618484599952673
63.5146447799998,2.36,3.2600000000000002,4.7299999999999995,0.03485611100040842,0.0489550970005439,0.020918262000122922,2.082666559965853,3.0652079864178874,4.597912569851671
63.56499569799962,2.36,3.2600000000000002,4.7299999999999995,0.08520702900023025,0.09930601500036573,0.07126917999994475,2.082666559965853,3.0652079864178874,4.597912569851671
63.61525354499918,2.36,3.25,4.7299999999999995,0.13546487599978718,0.005386302999795589,0.12152702699950169,2.082666559965853,3.054570346218924,4.597912569851671
63.66557943399948,2.3499999999999996,3.25,4.75,0.04203514799974073,0.05571219200010091,0.02785763500014582,2.0713280763799826,3.054570346218924,4.618484599952673
63.71588482699917,2.3499999999999996,3.25,4.75,0.09234054099943023,0.10601758499979042,0.07816302799983532,2.0713280763799826,3.054570346218924,4.618484599952673
63.766213464999964,2.3499999999999996,3.24,4.75,0.14266917900022236,0.012292918000639474,0.12849166600062745,2.0713280763799826,3.043928382863171,4.618484599952673
63.816519330999654,2.34,3.24,4.71,0.049036407999665244,0.06259878400032903,0.03501489700011007,2.059975728012347,3.043928382863171,4.5773354694625565
63.866808667999976,2.34,3.24,4.71,0.09932574499998736,0.11288812100065115,0.08530423400043219,2.059975728012347,3.043928382863171,4.5773354694625565
63.917114261999814,2.31,3.27,4.71,0.005271654999887687,0.019202444999791624,0.13560982800026977,2.025833161936096,3.075841348314311,4.5773354694625565
63.96747738199974,2.31,3.27,4.7299999999999995,0.05563477499981673,0.06956556499972066,0.041655510000055074,2.025833161936096,3.075841348314311,4.597912569851671
64.01782047399956,2.31,3.27,4.7299999999999995,0.10597786699963763,0.11990865699954156,0.09199860199987597,2.025833161936096,3.075841348314311,4.597912569851671
64.06816352999977,2.32,3.27,4.7299999999999995,0.01235788899975887,0.02622136900026817,0.1423416580000776,2.0372285095197347,3.075841348314311,4.597912569851671
64.1185126499995,2.32,3.27,4.7299999999999995,0.06270700899949588,0.07657048900000518,0.04843273799997405,2.0372285095197347,3.075841348314311,4.597912569851671
64.16882943399924,2.32,3.27,4.7299999999999995,0.11302379299922904,0.12688727299973834,0.09874952199970721,2.0372285095197347,3.075841348314311,4.597912569851671
64.21896093499981,2.34,3.2600000000000002,4.7299999999999995,0.019122550999782106,0.03305123200061644,0.004872962000263215,2.059975728012347,3.0652079864178874,4.597912569851671
64.26927662499929,2.34,3.2600000000000002,4.7299999999999995,0.06943824099926132,0.08336692200009566,0.05518865199974243,2.059975728012347,3.0652079864178874,4.597912569851671
64.319571129,2.34,3.2600000000000002,4.7299999999999995,0.11973274499996478,0.1336614260007991,0.10548315600044589,2.059975728012347,3.0652079864178874,4.597912569851671
64.36992696999914,2.34,3.2600000000000002,4.7299999999999995,0.17008858599911036,0.1840172669999447,0.15583899699959147,2.059975728012347,3.0652079864178874,4.597912569851671
64.42026337199968,2.34,3.2600000000000002,4.7299999999999995,0.2204249879996496,0.23435366900048393,0.2061753990001307,2.059975728012347,3.0652079864178874,4.597912569851671
64.47062027099946,2.34,3.2600000000000002,4.7299999999999995,0.27078188699942984,0.2847105680002642,0.25653229799991095,2.059975728012347,3.0652079864178874,4.597912569851671
64.52095269799975,2.32,3.25,4.71,0.032767577999948116,0.04712590700000874,0.019102410999948916,2.0372285095197347,3.054570346218924,4.5773354694625565
64.57130126999982,2.32,3.25,4.71,0.08311615000002348,0.0974744790000841,0.06945098300002428,2.0372285095197347,3.054570346218924,4.5773354694625565
64.6214106159996,2.32,3.2600000000000002,4.71,0.13322549599979538,0.0034546610004326794,0.11956032899979618,2.0372285095197347,3.0652079864178874,4.5773354694625565
64.67162064299919,2.32,3.2600000000000002,4.7299999999999995,0.03943135099962092,0.05366468800002622,0.025497538999843528,2.0372285095197347,3.0652079864178874,4.597912569851671
64.72197772399977,2.32,3.2600000000000002,4.7299999999999995,0.08978843200020492,0.10402176900061022,0.07585462000042753,2.0372285095197347,3.0652079864178874,4.597912569851671
64.77209423899967,2.32,3.23,4.7299999999999995,0.13990494700010458,0.010142471999643021,0.1259711350003272,2.0372285095197347,3.0332820508485523,4.597912569851671
64.82246347,2.31,3.23,4.7299999999999995,0.04626568399999087,0.06051170299997466,0.03231059600057051,2.025833161936096,3.0332820508485523,4.597912569851671
64.87281080499997,2.31,3.23,4.7299999999999995,0.09661301899996033,0.11085903799994412,0.08265793100053997,2.025833161936096,3.0332820508485523,4.597912569851671
64.92295109399947,2.32,3.2600000000000002,4.7299999999999995,0.002722514000197407,0.017006332999699225,0.1327982200000406,2.0372285095197347,3.0652079864178874,4.597912569851671
64.97328222899978,2.32,3.2600000000000002,4.7299999999999995,0.053053649000503356,0.06733746800000517,0.039067784000508254,2.0372285095197347,3.0652079864178874,4.597912569851671
65.0236290769999,2.32,3.2600000000000002,4.7299999999999995,0.10340049700062082,0.11768431600012264,0.08941463200062572,2.0372285095197347,3.0652079864178874,4.597912569851671
65.07396607999999,2.34,3.24,4.7299999999999995,0.009730794999995851,0.023667202000069665,0.13975163500072085,2.059975728012347,3.043928382863171,4.597912569851671
65.12410738199924,2.34,3.24,4.7299999999999995,0.059872096999242785,0.0738085039993166,0.04607933499937644,2.059975728012347,3.043928382863171,4.597912569851671
65.17448834199968,2.34,3.24,4.7299999999999995,0.11025305699968158,0.12418946399975539,0.09646029499981523,2.059975728012347,3.043928382863171,4.597912569851671
65.22463115799928,2.33,3.21,4.6899999999999995,0.016378704000089783,0.030302239999400626,0.0027551389994187048,2.0486092843683004,3.0119760955226718,4.556753230097061
65.27497543799927,2.33,3.21,4.6899999999999995,0.06672298400008003,0.08064651999939088,0.053099418999408954,2.0486092843683004,3.0119760955226718,4.556753230097061
65.32531123999979,2.33,3.21,4.6899999999999995,0.11705878600059805,0.1309823219999089,0.10343522099992697,2.0486092843683004,3.0119760955226718,4.556753230097061
65.37565022699982,2.32,3.24,4.71,0.02335924100043485,0.03730149600050936,0.009464484000091034,2.0372285095197347,3.043928382863171,4.5773354694625565
65.42597574199954,2.32,3.24,4.71,0.0736847560001479,0.08762701100022241,0.059789998999804084,2.0372285095197347,3.043928382863171,4.5773354694625565
65.47631808699953,2.32,3.24,4.71,0.12402710100013792,0.13796935600021243,0.1101323439997941,2.0372285095197347,3.043928382863171,4.5773354694625565
65.5266553219999,2.33,3.3000000000000003,4.71,0.03033758099991246,0.04393566100043245,0.016441364000456815,2.0486092843683004,3.107716203259236,4.5773354694625565
65.57700410500001,2.33,3.3000000000000003,4.71,0.08068636400003015,0.09428444400055014,0.0667901470005745,2.0486092843683004,3.107716203259236,4.5773354694625565
65.62731762399926,2.33,3.2,4.71,0.13099988299927645,0.0009691079994809115,0.1171036659998208,2.0486092843683004,3.0013163778582226,4.5773354694625565
65.67747676899944,2.3499999999999996,3.2,4.71,0.03727768599947012,0.05112825299966062,0.023233789000187244,2.0713280763799826,3.0013163778582226,4.5773354694625565
65.72758118499951,2.3499999999999996,3.2,4.71,0.08738210199953755,0.10123266899972805,0.07333820500025467,2.0713280763799826,3.0013163778582226,4.5773354694625565
65.77791636299935,2.3499999999999996,3.27,4.71,0.13771727999937866,0.00782218299991655,0.12367338300009578,2.0713280763799826,3.075841348314311,4.5773354694625565
65.82806299899948,2.3499999999999996,3.27,4.7299999999999995,0.04406716799985588,0.05796881900005246,0.029861197999707656,2.0713280763799826,3.075841348314311,4.597912569851671
65.87839095099935,2.3499999999999996,3.27,4.7299999999999995,0.09439511999971728,0.10829677099991386,0.08018914999956905,2.0713280763799826,3.075841348314311,4.597912569851671
65.92856615799974,2.34,3.2800000000000002,4.7299999999999995,0.0002664049998202245,0.014162944000418065,0.13036435699996218,2.059975728012347,3.086470476126412,4.597912569851671
65.9789052749993,2.34,3.2800000000000002,4.75,0.05060552199938684,0.06450206099998468,0.036915421999765385,2.059975728012347,3.086470476126412,4.618484599952673
66.02909298299983,2.34,3.2800000000000002,4.75,0.10079322999990836,0.1146897690005062,0.08710313000028691,2.059975728012347,3.086470476126412,4.618484599952673
66.07947357699959,2.34,3.2600000000000002,4.75,0.007177671000135888,0.02110318199993344,0.13748372400004882,2.059975728012347,3.0652079864178874,4.618484599952673
66.12981299499916,2.34,3.2600000000000002,4.6899999999999995,0.05751708899970254,0.07144259999950009,0.04379670999969676,2.059975728012347,3.0652079864178874,4.556753230097061
66.18014104199938,2.34,3.2600000000000002,4.6899999999999995,0.10784513599992351,0.12177064699972107,0.09412475699991774,2.059975728012347,3.0652079864178874,4.556753230097061
66.23030570499941,2.33,3.27,4.75,0.014009589000124834,0.02808898799958115,3.017899962287629e-05,2.0486092843683004,3.075841348314311,4.618484599952673
66.28064567899946,2.33,3.27,4.75,0.06434956300017802,0.07842896199963434,0.050370152999676066,2.0486092843683004,3.075841348314311,4.618484599952673
66.33093198899951,2.33,3.27,4.75,0.11463587300022482,0.12871527199968114,0.10065646299972286,2.0486092843683004,3.075841348314311,4.618484599952673
66.38125032399967,2.33,3.25,4.7299999999999995,0.021062087999780488,0.03477223200025037,0.007106721000127436,2.0486092843683004,3.054570346218924,4.597912569851671
66.43158576199949,2.33,3.25,4.7299999999999995,0.07139752599960048,0.08510767000007036,0.057442158999947424,2.0486092843683004,3.054570346218924,4.597912569851671
66.48193555999933,2.33,3.25,4.7299999999999995,0.12174732399944332,0.1354574679999132,0.10779195699979027,2.0486092843683004,3.054570346218924,4.597912569851671
66.53226548699968,2.34,3.2600000000000002,4.71,0.027890997000213247,0.042044789000101446,0.014024179000443837,2.059975728012347,3.0652079864178874,4.5773354694625565
66.58256738799992,2.34,3.2600000000000002,4.71,0.07819289800045226,0.09234669000034046,0.06432608000068285,2.059975728012347,3.0652079864178874,4.5773354694625565
66.63290846499967,2.34,3.2600000000000002,4.71,0.12853397500020947,0.14268776700009767,0.11466715700044006,2.059975728012347,3.0652079864178874,4.5773354694625565
66.68324078999922,2.31,3.21,4.71,0.03486687999975402,0.04901106199940841,0.0205955619994711,2.025833161936096,3.0119760955226718,4.5773354694625565
66.7335838529998,2.31,3.21,4.71,0.08520994300033635,0.09935412499999074,0.07093862500005343,2.025833161936096,3.0119760955226718,4.5773354694625565
66.78389059099936,2.31,3.25,4.71,0.1355166809998991,0.005364269999518001,0.12124536299961619,2.025833161936096,3.054570346218924,4.5773354694625565
66.8342206089992,2.33,3.25,4.75,0.04208298599951377,0.055694287999358494,0.027573764999942796,2.0486092843683004,3.054570346218924,4.618484599952673
66.88453144300001,2.33,3.25,4.75,0.09239382000032492,0.10600512200016965,0.07788459900075395,2.0486092843683004,3.054570346218924,4.618484599952673
66.93466185599937,2.33,3.23,4.75,0.14252423299967631,0.0123618779998651,0.12801501200010534,2.0486092843683004,3.0332820508485523,4.618484599952673
66.98479351899914,2.34,3.23,4.77,0.04871991099935258,0.06249354099963966,0.03406318899942562,2.059975728012347,3.0332820508485523,4.63905162721865
67.03497704899928,2.34,3.23,4.77,0.09890344099949289,0.11267707099977997,0.08424671899956593,2.059975728012347,3.0332820508485523,4.63905162721865
67.08511781299967,2.33,3.25,4.77,0.004501555999922857,0.018631003000336932,0.13438748299995495,2.0486092843683004,3.054570346218924,4.63905162721865
67.13538129199969,2.33,3.25,4.7299999999999995,0.05476503499994578,0.06889448200035986,0.04078719599965552,2.0486092843683004,3.054570346218924,4.597912569851671
67.18572665899956,2.33,3.25,4.7299999999999995,0.10511040199980926,0.11923984900022333,0.091132562999519,2.0486092843683004,3.054570346218924,4.597912569851671
67.23583543299992,2.34,3.2600000000000002,4.7299999999999995,0.01108842400026333,0.02533288800077571,0.14124133699988306,2.059975728012347,3.0652079864178874,4.597912569851671
67.28594144899944,2.34,3.2600000000000002,4.71,0.061194439999781025,0.0754389040002934,0.047316496999883384,2.059975728012347,3.0652079864178874,4.5773354694625565
67.33627837199947,2.34,3.2600000000000002,4.71,0.1115313629998127,0.12577582700032508,0.09765341999991506,2.059975728012347,3.0652079864178874,4.5773354694625565
67.38660083899958,2.34,3.2600000000000002,4.71,0.16185382999992726,0.17609829400043964,0.14797588700002962,2.059975728012347,3.0652079864178874,4.5773354694625565
67.43691573099932,2.34,3.2600000000000002,4.71,0.2121687219996602,0.22641318600017257,0.19829077899976255,2.059975728012347,3.0652079864178874,4.5773354694625565
67.48722628799987,2.34,3.2600000000000002,4.71,0.2624792790002175,0.2767237430007299,0.24860133600031986,2.059975728012347,3.0652079864178874,4.5773354694625565
67.53750093599956,2.34,3.23,4.75,0.024710335000236228,0.03899006899973756,0.010801233999700344,2.059975728012347,3.0332820508485523,4.618484599952673
67.58780076199946,2.34,3.23,4.75,0.07501016100013658,0.08928989499963791,0.06110105999960069,2.059975728012347,3.0332820508485523,4.618484599952673
67.63814107399958,2.34,3.23,4.75,0.12535047300025326,0.1396302069997546,0.11144137199971738,2.059975728012347,3.0332820508485523,4.618484599952673
67.6882522449996,2.34,3.27,4.75,0.03144335799970577,0.04543313100020896,0.017555847999574326,2.059975728012347,3.075841348314311,4.618484599952673
67.73857665799915,2.34,3.27,4.75,0.08176777099924948,0.09575754399975267,0.06788026099911804,2.059975728012347,3.075841348314311,4.618484599952673
67.7887178609999,2.34,3.2600000000000002,4.75,0.13190897399999812,0.0018680740004128893,0.11802146399986668,2.059975728012347,3.0652079864178874,4.618484599952673
67.83907395999995,2.3499999999999996,3.2600000000000002,4.75,0.03823800999998639,0.052224173000468,0.02435731300010957,2.0713280763799826,3.0652079864178874,4.618484599952673
67.88937812799941,2.3499999999999996,3.2600000000000002,4.75,0.08854217799944308,0.1025283409999247,0.07466148099956627,2.0713280763799826,3.0652079864178874,4.618484599952673
67.93970245899982,2.3499999999999996,3.23,4.75,0.13886650899985398,0.00897575399994821,0.12498581199997716,2.0713280763799826,3.0332820508485523,4.618484599952673
67.99001076599961,2.34,3.23,4.7299999999999995,0.04523234699991008,0.059284060999743815,0.031471751000026416,2.059975728012347,3.0332820508485523,4.597912569851671
68.0403329539995,2.34,3.23,4.7299999999999995,0.09555453499979194,0.10960624899962568,0.08179393899990828,2.059975728012347,3.0332820508485523,4.597912569851671
68.09065786799965,2.34,3.21,4.7299999999999995,0.0018525149998822599,0.015761462000227766,0.13211885300006543,2.059975728012347,3.0119760955226718,4.597912569851671
68.14088477299993,2.34,3.21,4.71,0.05207942000015464,0.06598836700050015,0.03816423400076019,2.059975728012347,3.0119760955226718,4.5773354694625565
68.19123213700004,2.34,3.21,4.71,0.10242678400027216,0.11633573100061767,0.08851159800087771,2.059975728012347,3.0119760955226718,4.5773354694625565
68.24155623299976,2.34,3.25,4.71,0.00871714500044618,0.02269315400008054,0.1388356940005906,2.059975728012347,3.054570346218924,4.5773354694625565
68.29190809399915,2.34,3.25,4.7299999999999995,0.0590690059998451,0.07304501499947946,0.04519191700001102,2.059975728012347,3.054570346218924,4.597912569851671
68.3422109789999,2.34,3.25,4.7299999999999995,0.10937189100059186,0.12334790000022622,0.09549480200075777,2.059975728012347,3.054570346218924,4.597912569851671
68.39249354000003,2.38,3.24,4.6899999999999995,0.01595506800003932,0.029810912000357348,0.0017774950001694378,2.1053028285735995,3.043928382863171,4.556753230097061
68.44271535699954,2.38,3.24,4.6899999999999995,0.06617688499954966,0.08003272899986769,0.051999311999679776,2.1053028285735995,3.043928382863171,4.556753230097061
68.49291111499952,2.38,3.24,4.6899999999999995,0.11637264299952221,0.13022848699984024,0.10219506999965233,2.1053028285735995,3.043928382863171,4.556753230097061
68.5432117829996,2.34,3.2800000000000002,4.75,0.02241959200000565,0.03631456499988417,0.008381356000427331,2.059975728012347,3.086470476126412,4.618484599952673
68.59351335199972,2.34,3.2800000000000002,4.75,0.07272116100011772,0.08661613399999624,0.0586829250005394,2.059975728012347,3.086470476126412,4.618484599952673
68.64373666199936,2.34,3.2800000000000002,4.75,0.12294447099975514,0.13683944399963366,0.10890623500017682,2.059975728012347,3.086470476126412,4.618484599952673
68.69406642499962,2.32,3.24,4.71,0.029236805000437016,0.043380813999647216,0.015234241000143811,2.0372285095197347,3.043928382863171,4.5773354694625565
68.7444055169999,2.32,3.24,4.71,0.07957589700072276,0.09371990599993296,0.06557333300042956,2.0372285095197347,3.043928382863171,4.5773354694625565
68.79459865299941,2.32,3.24,4.71,0.12976903300022968,0.14391304199943988,0.11576646899993648,2.0372285095197347,3.043928382863171,4.5773354694625565
68.8447115909994,2.34,3.2,4.7299999999999995,0.03583062899997458,0.049637369999800285,0.022150392000185093,2.059975728012347,3.0013163778582226,4.597912569851671
68.89499751199946,2.34,3.2,4.7299999999999995,0.08611655000004248,0.09992329099986819,0.072436313000253,2.059975728012347,3.0013163778582226,4.597912569851671
68.94535003299916,2.34,3.25,4.7299999999999995,0.1364690709997376,0.006426581999221526,0.12278883399994811,2.059975728012347,3.054570346218924,4.597912569851671
68.99567496999953,2.34,3.25,4.71,0.04307901399988623,0.05675151899959019,0.028827971999817237,2.059975728012347,3.054570346218924,4.5773354694625565
69.04600870799914,2.34,3.25,4.71,0.0934127519994945,0.10708525699919846,0.07916170999942551,2.059975728012347,3.054570346218924,4.5773354694625565
69.09617004599932,2.34,3.23,4.71,0.14357408999967447,0.013252894999823184,0.12932304799960548,2.059975728012347,3.0332820508485523,4.5773354694625565
69.14631155999996,2.34,3.23,4.71,0.04957199000000401,0.06339440900046611,0.035174829000425234,2.059975728012347,3.0332820508485523,4.5773354694625565
69.19663009299984,2.34,3.23,4.71,0.09989052299988543,0.11371294200034754,0.08549336200030666,2.059975728012347,3.0332820508485523,4.5773354694625565
69.24696107099953,2.32,3.23,4.71,0.006331012000373448,0.0200202480000371,0.1358243399999992,2.0372285095197347,3.0332820508485523,4.5773354694625565
69.2973000209995,2.32,3.23,4.7299999999999995,0.05666996200034191,0.07035919800000556,0.04231968600015534,2.0372285095197347,3.0332820508485523,4.597912569851671
69.34765037899979,2.32,3.23,4.7299999999999995,0.107020320000629,0.12070955600029265,0.09267004400044243,2.0372285095197347,3.0332820508485523,4.597912569851671
69.39798037499986,2.31,3.25,4.7299999999999995,0.013226146999841148,0.02704059400002734,0.14300004000051558,2.025833161936096,3.054570346218924,4.597912569851671
69.44831641699966,2.31,3.25,4.75,0.06356218899964006,0.07737663599982625,0.049354327999935776,2.025833161936096,3.054570346218924,4.618484599952673
69.49861124299969,2.31,3.25,4.75,0.11385701499966672,0.1276714619998529,0.09964915399996244,2.025833161936096,3.054570346218924,4.618484599952673
69.54873314799988,2.3499999999999996,3.2800000000000002,4.7299999999999995,0.019855637000546267,0.033778465000068536,0.005806518000099459,2.0713280763799826,3.086470476126412,4.597912569851671
69.59906688499996,2.3499999999999996,3.2800000000000002,4.7299999999999995,0.07018937400061986,0.08411220200014213,0.056140255000173056,2.0713280763799826,3.086470476126412,4.597912569851671
69.64920919499946,2.3499999999999996,3.2800000000000002,4.7299999999999995,0.12033168400012073,0.134254511999643,0.10628256499967392,2.0713280763799826,3.086470476126412,4.597912569851671
69.69954970299932,2.34,3.25,4.7299999999999995,0.026621994999914023,0.04080839800008107,0.012381118000121205,2.059975728012347,3.054570346218924,4.597912569851671
69.74987034699916,2.34,3.25,4.7299999999999995,0.0769426389997534,0.09112904199992045,0.06270176199996058,2.059975728012347,3.054570346218924,4.597912569851671
69.80024375599987,2.34,3.25,4.7299999999999995,0.12731604800046625,0.1415024510006333,0.11307517100067344,2.059975728012347,3.054570346218924,4.597912569851671
69.85059857399938,2.3,3.27,4.71,0.03342159299972991,0.047643889999562816,0.01942584900007205,2.014422994308792,3.075841348314311,4.5773354694625565
69.90086973999951,2.3,3.27,4.71,0.0836927589998595,0.09791505599969241,0.06969701500020165,2.014422994308792,3.075841348314311,4.5773354694625565
69.95101295999939,2.3,3.24,4.71,0.1338359789997412,0.004067099000167218,0.11984023500008334,2.014422994308792,3.043928382863171,4.5773354694625565
70.00135388799936,2.36,3.24,4.71,0.04026097999940248,0.05440802700013592,0.02641534199938178,2.082666559965853,3.043928382863171,4.5773354694625565
70.0516911729992,2.36,3.24,4.71,0.09059826499924384,0.10474531199997728,0.07675262699922314,2.082666559965853,3.043928382863171,4.5773354694625565
70.10192965299939,2.36,3.25,4.71,0.140836744999433,0.01071878199945786,0.1269911069994123,2.082666559965853,3.054570346218924,4.5773354694625565
70.15226914300001,2.34,3.25,4.71,0.0470150700002705,0.06105827200008207,0.03308455500064156,2.059975728012347,3.054570346218924,4.5773354694625565
70.20238207999955,2.34,3.25,4.71,0.09712800699981017,0.11117120899962174,0.08319749200018123,2.059975728012347,3.054570346218924,4.5773354694625565
70.25246998499915,2.34,3.27,4.71,0.0037177849999352475,0.01758639099989523,0.13328539699978137,2.059975728012347,3.075841348314311,4.5773354694625565
70.30280502699952,2.34,3.27,4.7299999999999995,0.054052827000305115,0.0679214330002651,0.039757640000061656,2.059975728012347,3.075841348314311,4.597912569851671
70.35313201899953,2.34,3.27,4.7299999999999995,0.10437981900031446,0.11824842500027444,0.090084632000071,2.059975728012347,3.075841348314311,4.597912569851671
70.4035135869999,2.34,3.27,4.7299999999999995,0.15476138700068987,0.16862999300064985,0.1404662000004464,2.059975728012347,3.075841348314311,4.597912569851671
70.45383376999962,2.34,3.27,4.7299999999999995,0.20508157000040228,0.21895017600036226,0.19078638300015882,2.059975728012347,3.075841348314311,4.597912569851671
70.50413206399935,2.34,3.27,4.7299999999999995,0.25537986400013324,0.2692484700000932,0.24108467699988978,2.059975728012347,3.075841348314311,4.597912569851671
70.55449499499991,2.34,3.2800000000000002,4.7299999999999995,0.01745171000038681,0.03137326800060691,0.003299543000139238,2.059975728012347,3.086470476126412,4.597912569851671
70.60462264699981,2.34,3.2800000000000002,4.7299999999999995,0.0675793620002878,0.0815009200005079,0.05342719500004023,2.059975728012347,3.086470476126412,4.597912569851671
70.65474806899965,2.34,3.2800000000000002,4.7299999999999995,0.11770478400012507,0.13162634200034518,0.1035526169998775,2.059975728012347,3.086470476126412,4.597912569851671
70.70508805699956,2.34,3.21,4.77,0.023795383999640762,0.037731344000349054,0.010028757999862137,2.059975728012347,3.0119760955226718,4.63905162721865
70.75545964499997,2.34,3.21,4.77,0.07416697200005729,0.08810293200076558,0.06040034600027866,2.059975728012347,3.0119760955226718,4.63905162721865
70.80575036099981,2.34,3.21,4.77,0.1244576879998931,0.1383936480006014,0.11069106200011447,2.059975728012347,3.0119760955226718,4.63905162721865
70.85610381699917,2.32,3.23,4.7299999999999995,0.031035520999466826,0.04471328199997515,0.01709240999934991,2.0372285095197347,3.0332820508485523,4.597912569851671
70.90645634199973,2.32,3.23,4.7299999999999995,0.08138804600002914,0.09506580700053746,0.06744493499991222,2.0372285095197347,3.0332820508485523,4.597912569851671
70.95670622999933,2.32,3.23,4.7299999999999995,0.13163793399962742,0.0012931269993714523,0.1176948229995105,2.0372285095197347,3.0332820508485523,4.597912569851671
71.00682315799986,2.34,3.23,4.75,0.03749961599987728,0.0514100549999057,0.023568812000121397,2.059975728012347,3.0332820508485523,4.618484599952673
71.05715587099985,2.34,3.23,4.75,0.08783232899986615,0.10174276799989457,0.07390152500011027,2.059975728012347,3.0332820508485523,4.618484599952673
71.1074804889995,2.34,3.25,4.75,0.13815694699951564,0.00807525300024281,0.12422614299975976,2.059975728012347,3.054570346218924,4.618484599952673
71.15781052700004,2.34,3.25,4.7299999999999995,0.044464341000093555,0.05840529100078129,0.03070901400042203,2.059975728012347,3.054570346218924,4.597912569851671
71.20815643699916,2.34,3.25,4.7299999999999995,0.0948102509992168,0.10875120099990454,0.08105492399954528,2.059975728012347,3.054570346218924,4.597912569851671
71.25827466699957,2.3499999999999996,3.21,4.7299999999999995,0.0011988879996351898,0.01482815799954551,0.13117315399995277,2.0713280763799826,3.0119760955226718,4.597912569851671
71.3084525309996,2.3499999999999996,3.21,4.7299999999999995,0.05137675199966907,0.06500602199957939,0.037430381000376656,2.0713280763799826,3.0119760955226718,4.597912569851671
71.35851267999988,2.3499999999999996,3.21,4.7299999999999995,0.10143690099994274,0.11506617099985306,0.08749053000065032,2.0713280763799826,3.0119760955226718,4.597912569851671
71.40887978999945,2.34,3.25,4.7299999999999995,0.007841003999601526,0.02142680399992969,0.13785764000022027,2.059975728012347,3.054570346218924,4.597912569851671
71.45921829899999,2.34,3.25,4.7299999999999995,0.058179513000141014,0.07176531300046918,0.04425108700070268,2.059975728012347,3.054570346218924,4.597912569851671
71.50955386699934,2.34,3.25,4.7299999999999995,0.1085150809994957,0.12210088099982386,0.09458665500005736,2.059975728012347,3.054570346218924,4.597912569851671
71.55982168199989,2.3699999999999997,3.27,4.6899999999999995,0.014464646000305947,0.028605995000361872,0.0005433350006569526,2.0939914039938174,3.075841348314311,4.556753230097061
71.6101491319996,2.3699999999999997,3.27,4.6899999999999995,0.06479209600001923,0.07893344500007515,0.05087078500037023,2.0939914039938174,3.075841348314311,4.556753230097061
71.66045048499927,2.3699999999999997,3.27,4.6899999999999995,0.1150934489996871,0.12923479799974302,0.1011721380000381,2.0939914039938174,3.075841348314311,4.556753230097061
71.71065927199925,2.3499999999999996,3.27,4.75,0.02128427599927818,0.0351949269997931,0.007014155999968352,2.0713280763799826,3.075841348314311,4.618484599952673
71.76099446899934,2.3499999999999996,3.27,4.75,0.0716194729993731,0.08553012399988802,0.057349353000063275,2.0713280763799826,3.075841348314311,4.618484599952673
71.81132116299977,2.3499999999999996,3.27,4.75,0.12194616699980543,0.13585681800032035,0.1076760470004956,2.0713280763799826,3.075841348314311,4.618484599952673
71.86165915299989,2.36,3.24,4.75,0.028292228000282194,0.04254215299988573,0.014175957000588824,2.082666559965853,3.043928382863171,4.618484599952673
71.91199122199941,2.36,3.24,4.75,0.07862429699980567,0.0928742219994092,0.0645080260001123,2.082666559965853,3.043928382863171,4.618484599952673
71.96231661299953,2.36,3.24,4.75,0.12894968799992057,0.1431996129995241,0.1148334170002272,2.082666559965853,3.043928382863171,4.618484599952673
72.01259552899955,2.36,3.23,4.7299999999999995,0.03521786900000734,0.049372763999599556,0.02090748199952941,2.082666559965853,3.0332820508485523,4.597912569851671
72.0629373039992,2.36,3.23,4.7299999999999995,0.08555964399965887,0.09971453899925109,0.07124925699918094,2.082666559965853,3.0332820508485523,4.597912569851671
72.11327952800002,2.36,3.3000000000000003,4.7299999999999995,0.13590186800047377,0.0057771950005189865,0.12159148099999584,2.082666559965853,3.107716203259236,4.597912569851671
72.16362329599997,2.34,3.3000000000000003,4.71,0.04252990400073031,0.05612096300046687,0.027941993000240473,2.059975728012347,3.107716203259236,4.5773354694625565
72.21375827199972,2.34,3.3000000000000003,4.71,0.09266488000048412,0.10625593900022068,0.07807696899999428,2.059975728012347,3.107716203259236,4.5773354694625565
72.26409874399997,2.34,3.25,4.71,0.14300535200072773,0.01285550900047383,0.1284174410002379,2.059975728012347,3.054570346218924,4.5773354694625565
72.31436802400003,2.34,3.25,4.7299999999999995,0.04873165200024232,0.06312478900053975,0.03466563300025882,2.059975728012347,3.054570346218924,4.597912569851671
72.3646860179997,2.34,3.25,4.7299999999999995,0.09904964599991217,0.1134427830002096,0.08498362699992867,2.059975728012347,3.054570346218924,4.597912569851671
72.41503249499965,2.3699999999999997,3.21,4.7299999999999995,0.005202031000408169,0.019653866000226117,0.13533010399987688,2.0939914039938174,3.0119760955226718,4.597912569851671
72.46536527399985,2.3699999999999997,3.21,4.7299999999999995,0.05553481000060856,0.0699866450004265,0.04199503800009552,2.0939914039938174,3.0119760955226718,4.597912569851671
72.51569454499986,2.3699999999999997,3.21,4.7299999999999995,0.10586408100061817,0.12031591600043612,0.09232430900010513,2.0939914039938174,3.0119760955226718,4.597912569851671
72.56602395799928,2.34,3.23,4.7299999999999995,0.01224826099951315,0.026469784999790136,0.14265372199952253,2.059975728012347,3.0332820508485523,4.597912569851671
72.61637780299952,2.34,3.23,4.71,0.06260210599975835,0.07682363000003534,0.048782091999783006,2.059975728012347,3.0332820508485523,4.5773354694625565
72.66670467499989,2.34,3.23,4.71,0.11292897800012724,0.12715050200040423,0.0991089640001519,2.059975728012347,3.0332820508485523,4.5773354694625565
72.71688911899946,2.3499999999999996,3.2600000000000002,4.77,0.01906127500024013,0.03333405299963488,0.0054733560000386206,2.0713280763799826,3.0652079864178874,4.63905162721865
72.76724238499992,2.3499999999999996,3.2600000000000002,4.77,0.06941454100069677,0.08368731900009152,0.05582662200049526,2.0713280763799826,3.0652079864178874,4.63905162721865
72.81758414199976,2.3499999999999996,3.2600000000000002,4.77,0.11975629800053866,0.1340290759999334,0.10616837900033715,2.0713280763799826,3.0652079864178874,4.63905162721865
72.86793704699994,2.36,3.25,4.71,0.026467136000064784,0.04010384499997599,0.012227391000124044,2.082666559965853,3.054570346218924,4.5773354694625565
72.9182495239993,2.36,3.25,4.71,0.07677961299941671,0.09041632199932792,0.06253986799947597,2.082666559965853,3.054570346218924,4.5773354694625565
72.9684945099998,2.36,3.25,4.71,0.1270245989999239,0.14066130799983512,0.11278485399998317,2.082666559965853,3.054570346218924,4.5773354694625565
73.01860677999957,2.33,3.24,4.7299999999999995,0.03283698900031595,0.04674045299998397,0.0188884440003676,2.0486092843683004,3.043928382863171,4.597912569851671
73.06892174399945,2.33,3.24,4.7299999999999995,0.08315195300019695,0.09705541699986497,0.0692034080002486,2.0486092843683004,3.043928382863171,4.597912569851671
73.11904136199973,2.33,3.29,4.7299999999999995,0.1332715710004777,0.003185186999871803,0.11932302600052935,2.0486092843683004,3.0970954134478967,4.597912569851671
73.16935150399968,2.32,3.29,4.7299999999999995,0.03967869200005225,0.05349532899981568,0.025638498999796866,2.0372285095197347,3.0970954134478967,4.597912569851671
73.21969382799944,2.32,3.29,4.7299999999999995,0.0900210159998096,0.10383765299957304,0.07598082299955422,2.0372285095197347,3.0970954134478967,4.597912569851671
73.27002150399949,2.32,3.27,4.7299999999999995,0.14034869199986133,0.01011282299987215,0.12630849899960594,2.0372285095197347,3.075841348314311,4.597912569851671
73.32032933199935,2.33,3.27,4.71,0.046513645999766595,0.06042065099973115,0.03258071499931248,2.0486092843683004,3.075841348314311,4.5773354694625565
73.37062227399929,2.33,3.27,4.71,0.09680658799970843,0.11071359299967298,0.08287365699925431,2.0486092843683004,3.075841348314311,4.5773354694625565
73.4209701789996,2.33,3.27,4.71,0.14715449300001637,0.16106149799998093,0.13322156199956225,2.0486092843683004,3.075841348314311,4.5773354694625565
73.47131204099969,2.33,3.27,4.71,0.1974963550001121,0.21140336000007665,0.18356342399965797,2.0486092843683004,3.075841348314311,4.5773354694625565
73.52164305599945,2.33,3.27,4.71,0.2478273699998681,0.26173437499983265,0.23389443899941398,2.0486092843683004,3.075841348314311,4.5773354694625565
73.57186197399915,2.3699999999999997,3.25,4.71,0.010032808999312692,0.023963582999385835,0.28411335699911433,2.0939914039938174,3.054570346218924,4.5773354694625565
73.62219059499967,2.3699999999999997,3.25,4.71,0.06036142999982985,0.074292203999903,0.04649128900018695,2.0939914039938174,3.054570346218924,4.5773354694625565
73.67249369599995,2.3699999999999997,3.25,4.71,0.11066453100011131,0.12459530500018445,0.09679439000046841,2.0939914039938174,3.054570346218924,4.5773354694625565
73.72265376399992,2.3499999999999996,3.27,4.7299999999999995,0.016792623000583262,0.030681518000164942,0.0028264370002943906,2.0713280763799826,3.075841348314311,4.597912569851671
73.77297992699914,2.3499999999999996,3.27,4.7299999999999995,0.06711878599980992,0.0810076809993916,0.053152599999521044,2.0713280763799826,3.075841348314311,4.597912569851671
73.82312208699932,2.3499999999999996,3.27,4.7299999999999995,0.1172609459999876,0.13114984099956928,0.10329475999969873,2.0713280763799826,3.075841348314311,4.597912569851671
73.87350386399976,2.32,3.25,4.75,0.023750641000333417,0.03758529000060662,0.009660556000198994,2.0372285095197347,3.054570346218924,4.618484599952673
73.92366629499975,2.32,3.25,4.75,0.07391307200032315,0.08774772100059636,0.05982298700018873,2.0372285095197347,3.054570346218924,4.618484599952673
73.97399464299997,2.32,3.25,4.75,0.12424142000054417,0.13807606900081737,0.11015133500040974,2.0372285095197347,3.054570346218924,4.618484599952673
74.02420755399999,2.3499999999999996,3.27,4.71,0.030360255000232428,0.04426783000053547,0.01641646000007313,2.0713280763799826,3.075841348314311,4.5773354694625565
74.07453855599942,2.3499999999999996,3.27,4.71,0.08069125699967117,0.09459883199997421,0.06674746199951187,2.0713280763799826,3.075841348314311,4.5773354694625565
74.12462627900004,2.3499999999999996,3.23,4.71,0.13077898000028654,0.0006971280008656322,0.11683518500012724,2.0713280763799826,3.0332820508485523,4.5773354694625565
74.17494364899994,2.3699999999999997,3.23,4.75,0.03708832100073778,0.05101449800076807,0.023151962000156345,2.0939914039938174,3.0332820508485523,4.618484599952673
74.22508761099925,2.3699999999999997,3.23,4.75,0.08723228300004848,0.10115846000007878,0.07329592399946705,2.0939914039938174,3.0332820508485523,4.618484599952673
74.27546337399963,2.3699999999999997,3.27,4.75,0.1376080460004232,0.007530865999797243,0.12367168699984177,2.0939914039938174,3.075841348314311,4.618484599952673
74.32576586799951,2.3,3.27,4.71,0.044000222999784455,0.05783335999967676,0.02991373199984082,2.014422994308792,3.075841348314311,4.5773354694625565
74.37610061799933,2.3,3.27,4.71,0.09433497299960436,0.10816810999949666,0.08024848199966073,2.014422994308792,3.075841348314311,4.5773354694625565
74.42619282099986,2.3499999999999996,3.2,4.71,0.00029741600064880913,0.014250879999963217,0.13034068500019202,2.0713280763799826,3.0013163778582226,4.5773354694625565
74.47652693500004,2.3499999999999996,3.2,4.7299999999999995,0.05063153000082821,0.06458499400014261,0.036345001000881894,2.0713280763799826,3.0013163778582226,4.597912569851671
74.52686236599948,2.3499999999999996,3.2,4.7299999999999995,0.10096696100026747,0.11492042499958188,0.08668043200032116,2.0713280763799826,3.0013163778582226,4.597912569851671
74.57722581500002,2.34,3.23,4.7299999999999995,0.007345813000029011,0.021272194000630407,0.13704388100086362,2.059975728012347,3.0332820508485523,4.597912569851671
74.62752663399988,2.34,3.23,4.7299999999999995,0.05764663199988718,0.07157301300048857,0.043634616999952414,2.059975728012347,3.0332820508485523,4.597912569851671
74.67786290999993,2.34,3.23,4.7299999999999995,0.10798290799993993,0.12190928900054132,0.09397089300000516,2.059975728012347,3.0332820508485523,4.597912569851671
74.72816665999926,2.3,3.23,4.7299999999999995,0.014411117999770795,0.028175714999633783,0.1442746429993349,2.014422994308792,3.0332820508485523,4.597912569851671
74.77831314899959,2.3,3.23,4.7299999999999995,0.06455760700009705,0.07832220399996004,0.04984788599995227,2.014422994308792,3.0332820508485523,4.597912569851671
74.82847750399924,2.3,3.23,4.7299999999999995,0.1147219619997486,0.1284865589996116,0.10001224099960382,2.014422994308792,3.0332820508485523,4.597912569851671
74.87881004799965,2.33,3.24,4.7299999999999995,0.020755855000061274,0.03489135499967233,0.006768217999706394,2.0486092843683004,3.043928382863171,4.597912569851671
74.92914954199932,2.33,3.24,4.7299999999999995,0.07109534899973369,0.08523084899934474,0.05710771199937881,2.0486092843683004,3.043928382863171,4.597912569851671
74.9795040429999,2.33,3.24,4.7299999999999995,0.12144985000031738,0.13558534999992844,0.1074622129999625,2.0486092843683004,3.043928382863171,4.597912569851671
75.02985345899924,2.33,3.2600000000000002,4.75,0.027563012999962666,0.0420944759998747,0.0136948149993259,2.0486092843683004,3.0652079864178874,4.618484599952673
75.07998470999974,2.33,3.2600000000000002,4.75,0.07769426400045631,0.09222572700036835,0.06382606599981955,2.0486092843683004,3.0652079864178874,4.618484599952673
75.13010606899934,2.33,3.2600000000000002,4.75,0.12781562300006044,0.14234708599997248,0.11394742499942367,2.0486092843683004,3.0652079864178874,4.618484599952673
75.18048084999919,2.32,3.27,4.7299999999999995,0.034213611999803106,0.048444249999192834,0.020300991999647522,2.0372285095197347,3.075841348314311,4.597912569851671
75.23060124499989,2.32,3.27,4.7299999999999995,0.08433400700050697,0.0985646449998967,0.07042138700035139,2.0372285095197347,3.075841348314311,4.597912569851671
75.28094420599973,2.32,3.25,4.7299999999999995,0.134676968000349,0.0045919129997855634,0.12076434800019342,2.0372285095197347,3.054570346218924,4.597912569851671
75.33128555699932,2.3699999999999997,3.25,4.75,0.04124805199990078,0.054933263999373594,0.027146534000166866,2.0939914039938174,3.054570346218924,4.618484599952673
75.38161007399958,2.3699999999999997,3.25,4.75,0.09157256900016364,0.10525778099963645,0.07747105100042972,2.0939914039938174,3.054570346218924,4.618484599952673
75.4319346429993,2.3699999999999997,3.27,4.75,0.14189713799987658,0.011570200999813096,0.12779562000014266,2.0939914039938174,3.075841348314311,4.618484599952673
75.48228646499956,2.3499999999999996,3.27,4.71,0.04822107200016035,0.06192202300007921,0.03431290699973033,2.0713280763799826,3.075841348314311,4.5773354694625565
75.53268927999943,2.3499999999999996,3.27,4.71,0.09862388700003066,0.11232483799994952,0.08471572199960065,2.0713280763799826,3.075841348314311,4.5773354694625565
75.58283216999916,2.32,3.29,4.71,0.004736026999125897,0.018689238999286317,0.13485861199933424,2.0372285095197347,3.0970954134478967,4.5773354694625565
75.63295274599932,2.32,3.29,4.7299999999999995,0.05485660299927986,0.06880981499944028,0.04072595799971168,2.0372285095197347,3.0970954134478967,4.597912569851671
75.6834452359999,2.32,3.29,4.7299999999999995,0.10534909299985884,0.11930230500001926,0.09121844800029066,2.0372285095197347,3.0970954134478967,4.597912569851671
75.73338293199959,2.32,3.23,4.7299999999999995,0.011084509000284015,0.02500607599995419,0.14115614399997867,2.0372285095197347,3.0332820508485523,4.597912569851671
75.78372138599934,2.32,3.23,4.6899999999999995,0.06142296300004091,0.07534452999971109,0.04770312499931606,2.0372285095197347,3.0332820508485523,4.556753230097061
75.83404737000001,2.32,3.23,4.6899999999999995,0.11174894700070581,0.125670514000376,0.09802910899998096,2.0372285095197347,3.0332820508485523,4.556753230097061
75.8843877929994,2.33,3.23,4.71,0.01831690000017261,0.03200321999975131,0.004148082999563485,2.0486092843683004,3.0332820508485523,4.5773354694625565
75.93469812999956,2.33,3.23,4.71,0.06862723700032802,0.08231355699990672,0.0544584199997189,2.0486092843683004,3.0332820508485523,4.5773354694625565
75.98483516299984,2.33,3.23,4.71,0.11876427000061085,0.13245059000018955,0.10459545300000173,2.0486092843683004,3.0332820508485523,4.5773354694625565
76.03512593999949,2.3699999999999997,3.25,4.7299999999999995,0.024813297000036982,0.038734873999601405,0.010888884999985748,2.0939914039938174,3.054570346218924,4.597912569851671
76.08550336400003,2.3699999999999997,3.25,4.7299999999999995,0.0751907210005811,0.08911229800014553,0.06126630900052987,2.0939914039938174,3.054570346218924,4.597912569851671
76.13583245899918,2.3699999999999997,3.25,4.7299999999999995,0.1255198159997235,0.13944139299928793,0.11159540399967227,2.0939914039938174,3.054570346218924,4.597912569851671
76.18616197699976,2.36,3.24,4.7299999999999995,0.03184039300049335,0.0457731030001014,0.017894784999953117,2.082666559965853,3.043928382863171,4.597912569851671
76.23649754300004,2.36,3.24,4.7299999999999995,0.08217595900077868,0.09610866900038673,0.06823035100023844,2.082666559965853,3.043928382863171,4.597912569851671
76.28665195299982,2.36,3.2600000000000002,4.7299999999999995,0.13233036900055595,0.0023945869997987757,0.11838476100001571,2.082666559965853,3.0652079864178874,4.597912569851671
76.33698993500002,2.32,3.2600000000000002,4.75,0.038618896000116365,0.052732568999999785,0.024734214000091015,2.0372285095197347,3.0652079864178874,4.618484599952673
76.38733446699916,2.32,3.2600000000000002,4.75,0.0889634279992606,0.10307710099914402,0.07507874599923525,2.0372285095197347,3.0652079864178874,4.618484599952673
76.43766780699934,2.32,3.2600000000000002,4.75,0.1392967679994399,0.15341044099932333,0.12541208599941456,2.0372285095197347,3.0652079864178874,4.618484599952673
76.48801210799957,2.32,3.2600000000000002,4.75,0.18964106899966282,0.20375474199954624,0.17575638699963747,2.0372285095197347,3.0652079864178874,4.618484599952673
76.53813743299997,2.32,3.2600000000000002,4.75,0.23976639400007116,0.2538800669999546,0.2258817120000458,2.0372285095197347,3.0652079864178874,4.618484599952673
76.58848873899933,2.34,3.27,4.75,0.0021541079995586188,0.016332422999767005,0.27623301799940236,2.059975728012347,3.075841348314311,4.618484599952673
76.63883579999947,2.34,3.27,4.7299999999999995,0.052501168999697256,0.06667948399990564,0.038569065000046976,2.059975728012347,3.075841348314311,4.597912569851671
76.6891618489999,2.34,3.27,4.7299999999999995,0.1028272180001295,0.11700553300033789,0.08889511400047923,2.059975728012347,3.075841348314311,4.597912569851671
76.7394941169996,2.34,3.25,4.7299999999999995,0.009161533000224154,0.02303445699999429,0.13922738200017193,2.059975728012347,3.054570346218924,4.597912569851671
76.78982982299931,2.34,3.25,4.7299999999999995,0.05949723899993842,0.07337016299970855,0.04549657400002616,2.059975728012347,3.054570346218924,4.597912569851671
76.84017297699938,2.34,3.25,4.7299999999999995,0.10984039300001314,0.12371331699978327,0.09583972800010088,2.059975728012347,3.054570346218924,4.597912569851671
76.89026201599972,2.33,3.24,4.7299999999999995,0.015885059000538604,0.03006773200013413,0.0015894560001470381,2.0486092843683004,3.043928382863171,4.597912569851671
76.9404645629993,2.33,3.24,4.7299999999999995,0.0660876060001101,0.08027027899970562,0.051792002999718534,2.0486092843683004,3.043928382863171,4.597912569851671
76.9906545799995,2.33,3.24,4.7299999999999995,0.11627762300031463,0.13046029599991016,0.10198201999992307,2.0486092843683004,3.043928382863171,4.597912569851671
77.04099756799951,2.34,3.24,4.7299999999999995,0.022612826000113273,0.03648900299958768,0.008324741999786056,2.059975728012347,3.043928382863171,4.597912569851671
77.0911283409996,2.34,3.24,4.7299999999999995,0.072743599000205,0.0866197759996794,0.05845551499987778,2.059975728012347,3.043928382863171,4.597912569851671
77.14150289199915,2.34,3.24,4.7299999999999995,0.12311814999975468,0.1369943269992291,0.10883006599942746,2.059975728012347,3.043928382863171,4.597912569851671
77.19183799899929,2.29,3.2600000000000002,4.71,0.029441850999319286,0.04355422299977363,0.015463777000150003,2.0029977533686854,3.0652079864178874,4.5773354694625565
77.24216672700004,2.29,3.2600000000000002,4.71,0.07977057900006912,0.09388295100052346,0.06579250500089984,2.0029977533686854,3.0652079864178874,4.5773354694625565
77.29247191099967,2.29,3.2600000000000002,4.71,0.13007576299969514,0.1441881350001495,0.11609768900052586,2.0029977533686854,3.0652079864178874,4.5773354694625565
77.34283829099968,2.33,3.25,4.7299999999999995,0.036440302999835694,0.05009438799970667,0.02215548399999534,2.0486092843683004,3.054570346218924,4.597912569851671
77.39318471499973,2.33,3.25,4.7299999999999995,0.08678672699988965,0.10044081199976063,0.0725019080000493,2.0486092843683004,3.054570346218924,4.597912569851671
77.4434853089997,2.33,3.23,4.7299999999999995,0.13708732099985355,0.0071592780004721135,0.12280250200001319,2.0486092843683004,3.0332820508485523,4.597912569851671
77.4938284789996,2.34,3.23,4.7299999999999995,0.04328330099997402,0.057502448000377626,0.029198449000432447,2.059975728012347,3.0332820508485523,4.597912569851671
77.54417317699972,2.34,3.23,4.7299999999999995,0.09362799900009122,0.10784714600049483,0.07954314700054965,2.059975728012347,3.0332820508485523,4.597912569851671
77.59436488399933,2.34,3.2,4.7299999999999995,0.14381970599970373,0.014101106999987678,0.12973485400016216,2.059975728012347,3.0013163778582226,4.597912569851671
77.64469509799983,2.33,3.2,4.7299999999999995,0.049790732000474236,0.06443132100048388,0.0359960730002058,2.0486092843683004,3.0013163778582226,4.597912569851671
77.69501751999996,2.33,3.2,4.7299999999999995,0.10011315400060994,0.11475374300061958,0.0863184950003415,2.0486092843683004,3.0013163778582226,4.597912569851671
77.74535051099974,2.34,3.24,4.7299999999999995,0.0065750310004659696,0.0208046280004055,0.1366514860001189,2.059975728012347,3.043928382863171,4.597912569851671
77.79566864899971,2.34,3.24,4.71,0.05689316900043195,0.07112276600037148,0.043269814000268525,2.059975728012347,3.043928382863171,4.5773354694625565
77.84579205999944,2.34,3.24,4.71,0.10701658000016323,0.12124617700010276,0.0933932249999998,2.059975728012347,3.043928382863171,4.5773354694625565
77.89614252799947,2.32,3.2,4.71,0.01332680999985314,0.027745305999815173,0.1437436930000331,2.0372285095197347,3.0013163778582226,4.5773354694625565
77.94628160699995,2.32,3.2,4.7299999999999995,0.06346588900032657,0.0778843850002886,0.0492662360002214,2.0372285095197347,3.0013163778582226,4.597912569851671
77.9966163299996,2.32,3.2,4.7299999999999995,0.11380061199997726,0.1282191079999393,0.09960095899987209,2.0372285095197347,3.0013163778582226,4.597912569851671
78.04696014099954,2.32,3.27,4.7299999999999995,0.02029585699983727,0.034110964000319655,0.006556958000146551,2.0372285095197347,3.075841348314311,4.597912569851671
78.09707540599993,2.32,3.27,4.7299999999999995,0.07041112200022326,0.08422622900070564,0.05667222300053254,2.0372285095197347,3.075841348314311,4.597912569851671
78.14735807699981,2.32,3.27,4.7299999999999995,0.12069379300010041,0.1345089000005828,0.1069548940004097,2.0372285095197347,3.075841348314311,4.597912569851671
78.19768758399914,2.34,3.23,4.7299999999999995,0.026898870999502833,0.04093163099969388,0.012970374999895284,2.059975728012347,3.0332820508485523,4.597912569851671
78.24802328799979,2.34,3.23,4.7299999999999995,0.07723457500014774,0.09126733500033879,0.0633060790005402,2.059975728012347,3.0332820508485523,4.597912569851671
78.29835588199967,2.34,3.23,4.7299999999999995,0.12756716900003084,0.1415999290002219,0.1136386730004233,2.059975728012347,3.0332820508485523,4.597912569851671
78.34869162699943,2.3499999999999996,3.3000000000000003,4.75,0.03389628900004027,0.0478373179994378,0.019914645999961067,2.0713280763799826,3.107716203259236,4.618484599952673
78.39899947999947,2.3499999999999996,3.3000000000000003,4.75,0.08420414200008963,0.09814517099948716,0.07022249900001043,2.0713280763799826,3.107716203259236,4.618484599952673
78.44933070599927,2.3499999999999996,3.25,4.75,0.13453536799988797,0.004463006999685604,0.12055372499980876,2.0713280763799826,3.054570346218924,4.618484599952673
78.49967552599992,2.34,3.25,4.71,0.04108734400051617,0.0548078270003316,0.026951077999910922,2.059975728012347,3.054570346218924,4.5773354694625565
78.54981666999993,2.34,3.25,4.71,0.09122848800052452,0.10494897100033995,0.07709222199991927,2.059975728012347,3.054570346218924,4.5773354694625565
78.60013617000004,2.34,3.2600000000000002,4.71,0.14154798800063872,0.011262911000812892,0.12741172200003348,2.059975728012347,3.0652079864178874,4.5773354694625565
78.6504967589999,2.32,3.2600000000000002,4.7299999999999995,0.04768791200058331,0.06162350000067818,0.03386724500069249,2.0372285095197347,3.0652079864178874,4.597912569851671
78.70082709599956,2.32,3.2600000000000002,4.7299999999999995,0.09801824900023348,0.11195383700032835,0.08419758200034266,2.0372285095197347,3.0652079864178874,4.597912569851671
78.7509688629998,2.33,3.2600000000000002,4.7299999999999995,0.003970049000599829,0.018080834000102186,0.13433934900058375,2.0486092843683004,3.0652079864178874,4.597912569851671
78.80131243699998,2.33,3.2600000000000002,4.71,0.05431362300078035,0.06842440800028271,0.04057409500001086,2.0486092843683004,3.0652079864178874,4.5773354694625565
78.85165163099919,2.33,3.2600000000000002,4.71,0.10465281699998741,0.11876360199948977,0.09091328899921791,2.0486092843683004,3.0652079864178874,4.5773354694625565
78.90197516099943,2.32,3.23,4.71,0.01115899599972181,0.025081537000005483,0.1412368189994595,2.0372285095197347,3.0332820508485523,4.5773354694625565
78.95231224599956,2.32,3.23,4.71,0.06149608099985926,0.07541862200014293,0.047836300999733794,2.0372285095197347,3.0332820508485523,4.5773354694625565
79.00265746499917,2.32,3.23,4.71,0.1118412999994689,0.12576384099975257,0.09818151999934344,2.0372285095197347,3.0332820508485523,4.5773354694625565
79.05299772999933,2.33,3.2600000000000002,4.75,0.01815330199951859,0.03220052699998632,0.004149052999309788,2.0486092843683004,3.0652079864178874,4.618484599952673
79.10333640399949,2.33,3.2600000000000002,4.75,0.06849197599967738,0.08253920100014511,0.05448772699946858,2.0486092843683004,3.0652079864178874,4.618484599952673
79.1536572799996,2.33,3.2600000000000002,4.75,0.11881285199979175,0.13286007700025948,0.10480860299958294,2.0486092843683004,3.0652079864178874,4.618484599952673
79.20397839599991,2.34,3.21,4.71,0.0251417469999069,0.03920779600048263,0.011151889000757365,2.059975728012347,3.0119760955226718,4.5773354694625565
79.2543272439998,2.34,3.21,4.71,0.07549059499979194,0.08955664400036767,0.0615007370006424,2.059975728012347,3.0119760955226718,4.5773354694625565
79.30466959299974,2.34,3.21,4.71,0.12583294399973965,0.13989899300031539,0.11184308600059012,2.059975728012347,3.0119760955226718,4.5773354694625565
79.35500323499946,2.34,3.27,4.7299999999999995,0.03214034000029642,0.04605824299960659,0.018064140000205953,2.059975728012347,3.075841348314311,4.597912569851671
79.40512449699963,2.34,3.27,4.7299999999999995,0.08226160200047161,0.09617950499978178,0.06818540200038115,2.059975728012347,3.075841348314311,4.597912569851671
79.45550100499986,2.34,3.27,4.7299999999999995,0.13263811000069836,0.14655601300000853,0.1185619100006079,2.059975728012347,3.075841348314311,4.597912569851671
79.50582631099951,2.34,3.27,4.7299999999999995,0.18296341600034793,0.1968813189996581,0.16888721600025747,2.059975728012347,3.075841348314311,4.597912569851671
79.55615500799922,2.34,3.27,4.7299999999999995,0.23329211300006136,0.24721001599937154,0.2192159129999709,2.059975728012347,3.075841348314311,4.597912569851671
79.6064986829997,2.34,3.2600000000000002,4.7299999999999995,0.283635788000538,0.009547698000460514,0.26955958800044755,2.059975728012347,3.0652079864178874,4.597912569851671
79.65680755899939,2.3499999999999996,3.2600000000000002,4.75,0.045879384999352624,0.05985657400015043,0.03171532099986507,2.0713280763799826,3.0652079864178874,4.618484599952673
79.70714309399955,2.3499999999999996,3.2600000000000002,4.75,0.09621491999951104,0.11019210900030885,0.08205085600002349,2.0713280763799826,3.0652079864178874,4.618484599952673
79.75749926599929,2.3499999999999996,3.2800000000000002,4.75,0.002622363999762456,0.01654292799958057,0.13240702799976134,2.0713280763799826,3.086470476126412,4.618484599952673
79.80761430099938,2.3499999999999996,3.2800000000000002,4.6899999999999995,0.0527373989998523,0.06665796299967042,0.038480589999380754,2.0713280763799826,3.086470476126412,4.556753230097061
79.85794363099922,2.3499999999999996,3.2800000000000002,4.6899999999999995,0.10306672899969271,0.11698729299951083,0.08880991999922117,2.0713280763799826,3.086470476126412,4.556753230097061
79.90806243499992,2.33,3.27,4.6899999999999995,0.008858021000378358,0.02310706800017215,0.13892872399992484,2.0486092843683004,3.075841348314311,4.556753230097061
79.95839566699942,2.33,3.27,4.71,0.05919125299988082,0.07344029999967461,0.0453533370000514,2.0486092843683004,3.075841348314311,4.5773354694625565
80.00873435899939,2.33,3.27,4.71,0.10952994499984925,0.12377899199964304,0.09569202900001983,2.0486092843683004,3.075841348314311,4.5773354694625565
80.05906862399934,2.34,3.2,4.71,0.015852757999709866,0.030060825999498775,0.002014128000155324,2.059975728012347,3.0013163778582226,4.5773354694625565
80.10940778299937,2.34,3.2,4.71,0.0661919169997418,0.08039998499953072,0.052353287000187265,2.059975728012347,3.0013163778582226,4.5773354694625565
80.15973636199942,2.34,3.2,4.71,0.11652049599979364,0.13072856399958255,0.1026818660002391,2.059975728012347,3.0013163778582226,4.5773354694625565
80.20987957399939,2.38,3.21,4.75,0.022639122999862593,0.0368961260001015,0.008727094999812834,2.1053028285735995,3.0119760955226718,4.618484599952673
80.26001419599925,2.38,3.21,4.75,0.07277374499972211,0.08703074799996102,0.05886171699967235,2.1053028285735995,3.0119760955226718,4.618484599952673
80.3101194539995,2.38,3.21,4.75,0.12287900299998,0.1371360060002189,0.10896697499993024,2.1053028285735995,3.0119760955226718,4.618484599952673
80.36025594900002,2.31,3.23,4.7299999999999995,0.028999391000070318,0.04345315800037497,0.01507071900050505,2.025833161936096,3.0332820508485523,4.597912569851671
80.41059433600003,2.31,3.23,4.7299999999999995,0.07933777800008102,0.09379154500038567,0.06540910600051575,2.025833161936096,3.0332820508485523,4.597912569851671
80.46093215899964,2.31,3.23,4.7299999999999995,0.12967560099968978,0.14412936799999443,0.11574692900012451,2.025833161936096,3.0332820508485523,4.597912569851671
80.51123713699963,2.33,3.27,4.71,0.03594927199992526,0.049744631000066875,0.022045106000405212,2.0486092843683004,3.075841348314311,4.5773354694625565
80.5615218999992,2.33,3.27,4.71,0.08623403499950655,0.10002939399964816,0.0723298689999865,2.0486092843683004,3.075841348314311,4.5773354694625565
80.61186783699941,2.33,3.24,4.71,0.1365799719997085,0.006519701999422978,0.12267580600018846,2.0486092843683004,3.043928382863171,4.5773354694625565
80.66220447399974,2.33,3.24,4.75,0.043197666999731155,0.05685633899975073,0.028990040000280715,2.0486092843683004,3.043928382863171,4.618484599952673
80.71255538199966,2.33,3.24,4.75,0.09354857499965874,0.10720724699967832,0.0793409480002083,2.0486092843683004,3.043928382863171,4.618484599952673
80.76269935399978,2.33,3.3000000000000003,4.75,0.14369254699977319,0.013347871000405576,0.12948492000032275,2.0486092843683004,3.107716203259236,4.618484599952673
80.81303644999934,2.34,3.3000000000000003,4.71,0.049852340999677835,0.06368496699997195,0.035809627000162436,2.059975728012347,3.107716203259236,4.5773354694625565
80.86335933600003,2.34,3.3000000000000003,4.71,0.10017522700036352,0.11400785300065763,0.08613251300084812,2.059975728012347,3.107716203259236,4.5773354694625565
80.91369499399934,2.32,3.23,4.71,0.006579550999958883,0.020503208999798517,0.1364681710001605,2.0372285095197347,3.0332820508485523,4.5773354694625565
80.96402915399995,2.32,3.23,4.75,0.05691371100056131,0.07083736900040094,0.04307975800020358,2.0372285095197347,3.0332820508485523,4.618484599952673
81.01436527799979,2.32,3.23,4.75,0.10724983500040253,0.12117349300024216,0.0934158820000448,2.0372285095197347,3.0332820508485523,4.618484599952673
81.06470005099982,2.33,3.21,4.75,0.013604651000605372,0.02733274700040056,0.14375065500007622,2.0486092843683004,3.0119760955226718,4.618484599952673
81.11504091200004,2.33,3.21,4.7299999999999995,0.06394551200082788,0.07767360800062306,0.04982521000056295,2.0486092843683004,3.0119760955226718,4.597912569851671
81.1653725999995,2.33,3.21,4.7299999999999995,0.11427720000028785,0.12800529600008304,0.10015689800002292,2.0486092843683004,3.0119760955226718,4.597912569851671
81.21566990899919,2.34,3.23,4.71,0.02038146399991092,0.034294851999220555,0.006680382999547874,2.059975728012347,3.0332820508485523,4.5773354694625565
81.26575841699923,2.34,3.23,4.71,0.0704699719999553,0.08438335999926494,0.05676889099959226,2.059975728012347,3.0332820508485523,4.5773354694625565
81.31605152299926,2.34,3.23,4.71,0.12076307799998176,0.1346764659992914,0.10706199699961871,2.059975728012347,3.0332820508485523,4.5773354694625565
81.36637678199986,2.33,3.24,4.7299999999999995,0.027081779000582173,0.04124622800009092,0.013147763000233681,2.0486092843683004,3.043928382863171,4.597912569851671
81.4167033219992,2.33,3.24,4.7299999999999995,0.07740831899991463,0.09157276799942338,0.06347430299956613,2.0486092843683004,3.043928382863171,4.597912569851671
81.46684173699941,2.33,3.24,4.7299999999999995,0.12754673400013417,0.14171118299964292,0.11361271799978567,2.0486092843683004,3.043928382863171,4.597912569851671
81.51718373499989,2.3,3.23,4.71,0.033977843000684516,0.04800899100064271,0.0199512950002827,2.014422994308792,3.0332820508485523,4.5773354694625565
81.56753189499977,2.3,3.23,4.71,0.08432600300056947,0.09835715100052767,0.07029945500016765,2.014422994308792,3.0332820508485523,4.5773354694625565
81.61785659299949,2.3,3.31,4.71,0.13465070100028242,0.0044029860000591725,0.12062415299988061,2.014422994308792,3.118332887938682,4.5773354694625565
81.66817695399914,2.3499999999999996,3.31,4.71,0.04108649299996614,0.054723346999708156,0.02694332799910626,2.0713280763799826,3.118332887938682,4.5773354694625565
81.7185135869995,2.3499999999999996,3.31,4.71,0.0914231260003362,0.10505998000007821,0.07727996099947632,2.0713280763799826,3.118332887938682,4.5773354694625565
81.76884591699945,2.3499999999999996,3.21,4.71,0.14175545600028272,0.01135935199999949,0.12761229099942284,2.0713280763799826,3.0119760955226718,4.5773354694625565
81.81917977699959,2.31,3.21,4.75,0.047869881999758945,0.061693212000136555,0.03411980799955927,2.025833161936096,3.0119760955226718,4.618484599952673
81.86951147599939,2.31,3.21,4.75,0.09820158099955734,0.11202491099993495,0.08445150699935766,2.025833161936096,3.0119760955226718,4.618484599952673
81.9198521369999,2.34,3.2,4.75,0.004506328999923426,0.018698363000112295,0.13479216799987626,2.059975728012347,3.0013163778582226,4.618484599952673
81.97019425099916,2.34,3.2,4.71,0.05484844299917313,0.069040476999362,0.04071566699985851,2.059975728012347,3.0013163778582226,4.5773354694625565
82.02052589999948,2.34,3.2,4.71,0.10518009199950029,0.11937212599968916,0.09104731600018567,2.059975728012347,3.0013163778582226,4.5773354694625565
82.07081434599968,2.36,3.25,4.71,0.011665064999760943,0.025347419999889098,0.14133576200038078,2.082666559965853,3.054570346218924,4.5773354694625565
82.12092965199918,2.36,3.25,4.6899999999999995,0.061780370999258594,0.07546272599938675,0.04759673399985331,2.082666559965853,3.054570346218924,4.556753230097061
82.1710643009992,2.36,3.25,4.6899999999999995,0.11191501999928732,0.12559737499941548,0.09773138299988204,2.082666559965853,3.054570346218924,4.556753230097061
82.22119226699942,2.32,3.25,4.7299999999999995,0.017827826000029745,0.03166066699941439,0.0035598659997049253,2.0372285095197347,3.054570346218924,4.597912569851671
82.27135787899988,2.32,3.25,4.7299999999999995,0.06799343800048518,0.08182627899986983,0.053725478000160365,2.0372285095197347,3.054570346218924,4.597912569851671
82.32168856399949,2.32,3.25,4.7299999999999995,0.1183241230000931,0.13215696399947774,0.10405616299976828,2.0372285095197347,3.054570346218924,4.597912569851671
82.37192844799938,2.32,3.2,4.71,0.024565278999943985,0.03846058299950528,0.01028652399963903,2.0372285095197347,3.0013163778582226,4.5773354694625565
82.42226526799914,2.32,3.2,4.71,0.07490209899970068,0.08879740299926198,0.06062334399939573,2.0372285095197347,3.0013163778582226,4.5773354694625565
82.47261138199974,2.32,3.2,4.71,0.12524821300030453,0.13914351699986582,0.11096945799999958,2.0372285095197347,3.0013163778582226,4.5773354694625565
82.5227548999992,2.32,3.2,4.71,0.17539173099976324,0.18928703499932453,0.16111297599945829,2.0372285095197347,3.0013163778582226,4.5773354694625565
82.57303927199973,2.32,3.2,4.71,0.22567610300029628,0.23957140699985757,0.21139734799999133,2.0372285095197347,3.0013163778582226,4.5773354694625565
82.62336218199925,2.32,3.17,4.71,0.27599901299981866,0.001869600999270915,0.2617202579995137,2.0372285095197347,2.9693096840848376,4.5773354694625565
82.67360164899947,2.36,3.17,4.71,0.03785944599985669,0.05210906799948134,0.023899361999610846,2.082666559965853,2.9693096840848376,4.5773354694625565
82.72393841699977,2.36,3.17,4.71,0.08819621400016331,0.10244583599978796,0.07423612999991747,2.082666559965853,2.9693096840848376,4.5773354694625565
82.77428809999947,2.36,3.25,4.71,0.1385458969998581,0.008801533000223571,0.12458581299961224,2.082666559965853,3.054570346218924,4.5773354694625565
82.82458869799939,2.34,3.25,4.7299999999999995,0.04504818700024771,0.059102131000145164,0.031232900999384583,2.059975728012347,3.054570346218924,4.597912569851671
82.87473118299931,2.34,3.25,4.7299999999999995,0.09519067200017162,0.10924461600006907,0.08137538599930849,2.059975728012347,3.054570346218924,4.597912569851671
82.92481892999967,2.34,3.2,4.7299999999999995,0.001077711999641906,0.01557222500014177,0.13146313299967005,2.059975728012347,3.0013163778582226,4.597912569851671
82.97515265599941,2.34,3.2,4.7299999999999995,0.051411437999377085,0.06590595099987695,0.03745567599980859,2.059975728012347,3.0013163778582226,4.597912569851671
83.02527550799914,2.34,3.2,4.7299999999999995,0.1015342899991083,0.11602880299960816,0.0875785279995398,2.059975728012347,3.0013163778582226,4.597912569851671
83.07561336599974,2.3,3.24,4.7299999999999995,0.007828204999896116,0.021804046000397648,0.13791638600014267,2.014422994308792,3.043928382863171,4.597912569851671
83.12595724999937,2.3,3.24,4.77,0.05817208899952675,0.07214793000002828,0.04420425999978761,2.014422994308792,3.043928382863171,4.63905162721865
83.17612386699966,2.3,3.24,4.77,0.1083387059998131,0.12231454700031463,0.09437087700007396,2.014422994308792,3.043928382863171,4.63905162721865
83.22647364799923,2.33,3.27,4.7299999999999995,0.014690512999550265,0.02863393899951916,0.0007585599996673409,2.0486092843683004,3.075841348314311,4.597912569851671
83.27677909899921,2.33,3.27,4.7299999999999995,0.06499596399953589,0.07893938999950478,0.051064010999652965,2.0486092843683004,3.075841348314311,4.597912569851671
83.32706990899987,2.33,3.27,4.7299999999999995,0.1152867740001966,0.1292302000001655,0.10135482100031368,2.0486092843683004,3.075841348314311,4.597912569851671
83.37741193399961,2.31,3.23,4.7299999999999995,0.02193181500024366,0.03560918600032892,0.007700088000092364,2.025833161936096,3.0332820508485523,4.597912569851671
83.42771594799979,2.31,3.23,4.7299999999999995,0.07223582900041947,0.08591320000050473,0.058004102000268176,2.025833161936096,3.0332820508485523,4.597912569851671
83.47800771999937,2.31,3.23,4.7299999999999995,0.1225276010000016,0.13620497200008685,0.1082958739998503,2.025833161936096,3.0332820508485523,4.597912569851671
83.52830031299982,2.36,3.27,4.75,0.028506413000286557,0.04276267700060998,0.0145894639999824,2.082666559965853,3.075841348314311,4.618484599952673
83.57864060199972,2.36,3.27,4.75,0.07884670200019173,0.09310296600051515,0.06492975299988757,2.082666559965853,3.075841348314311,4.618484599952673
83.62900884199917,2.36,3.27,4.75,0.1292149419996349,0.14347120599995833,0.11529799299933075,2.082666559965853,3.075841348314311,4.618484599952673
83.67932762099917,2.32,3.2,4.6899999999999995,0.03549186700001883,0.04938311099977,0.021877523999137338,2.0372285095197347,3.0013163778582226,4.556753230097061
83.72967057499955,2.32,3.2,4.6899999999999995,0.08583482100038964,0.0997260650001408,0.07222047799950815,2.0372285095197347,3.0013163778582226,4.556753230097061
83.77979754199987,2.32,3.29,4.6899999999999995,0.13596178800071357,0.005919502000324428,0.12234744499983208,2.0372285095197347,3.0970954134478967,4.556753230097061
83.82991143899926,2.32,3.29,4.7299999999999995,0.04236036800011789,0.056033398999716155,0.02815592699971603,2.0372285095197347,3.0970954134478967,4.597912569851671
83.88021954899978,2.32,3.29,4.7299999999999995,0.0926684780006326,0.10634150900023087,0.07846403700023075,2.0372285095197347,3.0970954134478967,4.597912569851671
83.9303338009995,2.32,3.2800000000000002,4.7299999999999995,0.1427827300003628,0.012439166999683948,0.12857828899996093,2.0372285095197347,3.086470476126412,4.597912569851671
83.98069358199973,2.3499999999999996,3.2800000000000002,4.7299999999999995,0.04924042299990106,0.0627989479999087,0.03497247500035883,2.0713280763799826,3.086470476126412,4.597912569851671
84.0310290339994,2.3499999999999996,3.2800000000000002,4.7299999999999995,0.09957587499957299,0.11313439999958064,0.08530792700003076,2.0713280763799826,3.086470476126412,4.597912569851671
84.08136235499933,2.34,3.29,4.7299999999999995,0.005656673999510531,0.019453649999377376,0.13564124799995625,2.059975728012347,3.0970954134478967,4.597912569851671
84.13169914599985,2.34,3.29,4.75,0.055993465000028664,0.06979044099989551,0.042236275000504975,2.059975728012347,3.0970954134478967,4.618484599952673
84.18183985399992,2.34,3.29,4.75,0.10613417300010042,0.11993114899996726,0.09237698300057673,2.059975728012347,3.0970954134478967,4.618484599952673
84.23196798799927,2.33,3.24,4.75,0.012263787999472697,0.026078047999362752,0.14250511699992785,2.0486092843683004,3.043928382863171,4.618484599952673
84.28228898899943,2.33,3.24,4.75,0.06258478899962938,0.07639904899951944,0.04874700300024415,2.0486092843683004,3.043928382863171,4.618484599952673
84.33245272699969,2.33,3.24,4.75,0.11274852699989424,0.1265627869997843,0.098910741000509,2.0486092843683004,3.043928382863171,4.618484599952673
84.38276449099976,2.34,3.3200000000000003,4.71,0.018943860000035784,0.03302529400025378,0.005007886000385042,2.059975728012347,3.128945509273052,4.5773354694625565
84.43299779899917,2.34,3.3200000000000003,4.71,0.06917716799944174,0.08325860199965973,0.055241193999790994,2.059975728012347,3.128945509273052,4.5773354694625565
84.4833302699999,2.34,3.3200000000000003,4.71,0.11950963900017086,0.13359107300038886,0.10557366500052012,2.059975728012347,3.128945509273052,4.5773354694625565
84.53365437499997,2.34,3.19,4.71,0.026026307999927667,0.039725304000057804,0.011557868000636518,2.059975728012347,2.990652102802999,4.5773354694625565
84.58399502599968,2.34,3.19,4.71,0.07636695899964252,0.09006595499977266,0.06189851900035137,2.059975728012347,2.990652102802999,4.5773354694625565
84.63432513599946,2.34,3.19,4.71,0.12669706899941957,0.1403960649995497,0.11222862900012842,2.059975728012347,2.990652102802999,4.5773354694625565
84.68448529799934,2.34,3.18,4.7299999999999995,0.03266242599966063,0.04656375600006868,0.01841099600005691,2.059975728012347,2.979983221429275,4.597912569851671
84.73460582400003,2.34,3.18,4.7299999999999995,0.08278295200034336,0.09668428200075141,0.06853152200073964,2.059975728012347,2.979983221429275,4.597912569851671
84.78473935799957,2.34,3.2800000000000002,4.7299999999999995,0.13291648599988548,0.0028147909997642273,0.11866505600028177,2.059975728012347,3.086470476126412,4.597912569851671
84.83508816099948,2.32,3.2800000000000002,4.75,0.03940617599982943,0.05316359399967041,0.025313529999948514,2.0372285095197347,3.086470476126412,4.618484599952673
84.8854577939992,2.32,3.2800000000000002,4.75,0.08977580899954773,0.10353322699938872,0.07568316299966682,2.0372285095197347,3.086470476126412,4.618484599952673
84.93575848099954,2.32,3.29,4.75,0.14007649599989236,0.009858053999778349,0.12598385000001144,2.0372285095197347,3.0970954134478967,4.618484599952673
84.9858865139995,2.33,3.29,4.71,0.04605151400028262,0.05998608699974284,0.0317960040001708,2.0486092843683004,3.0970954134478967,4.5773354694625565
85.03616535999936,2.33,3.29,4.71,0.09633036000013817,0.11026493299959839,0.08207485000002634,2.0486092843683004,3.0970954134478967,4.5773354694625565
85.08650070199928,2.36,3.24,4.71,0.0023057839998728014,0.016715087999727984,0.13241019199995208,2.082666559965853,3.043928382863171,4.5773354694625565
85.1368209859993,2.36,3.24,4.79,0.05262606799988134,0.06703537199973653,0.039022250000016356,2.082666559965853,3.043928382863171,4.659613717895508
85.18714670499958,2.36,3.24,4.79,0.1029517870001655,0.11736109100002068,0.08934796900030051,2.082666559965853,3.043928382863171,4.659613717895508
85.23723420199985,2.36,3.21,4.79,0.009348174000479048,0.023581281000588206,0.13943546600057743,2.082666559965853,3.0119760955226718,4.659613717895508
85.28756178899948,2.36,3.21,4.75,0.05967576100010774,0.0739088680002169,0.04596615799982828,2.082666559965853,3.0119760955226718,4.618484599952673
85.3378884219992,2.36,3.21,4.75,0.11000239399982092,0.12423550099993008,0.09629279099954147,2.082666559965853,3.0119760955226718,4.618484599952673
85.38804566099952,2.34,3.23,4.71,0.015826464000383567,0.030107196999779262,0.0019083830002273316,2.059975728012347,3.0332820508485523,4.5773354694625565
85.43837808599983,2.34,3.23,4.71,0.06615888900068967,0.08043962200008536,0.052240808000533434,2.059975728012347,3.0332820508485523,4.5773354694625565
85.48867305299973,2.34,3.23,4.71,0.11645385600058944,0.13073458899998514,0.1025357750004332,2.059975728012347,3.0332820508485523,4.5773354694625565
85.53902710999955,2.34,3.23,4.71,0.16680791300041165,0.18108864599980734,0.1528898320002554,2.059975728012347,3.0332820508485523,4.5773354694625565
85.58916696899996,2.34,3.23,4.71,0.21694777200082171,0.2312285050002174,0.20302969100066548,2.059975728012347,3.0332820508485523,4.5773354694625565
85.63949489299921,2.34,3.23,4.71,0.26727569600006973,0.2815564289994654,0.2533576149999135,2.059975728012347,3.0332820508485523,4.5773354694625565
85.68962044099953,2.32,3.21,4.75,0.02951991400004772,0.043569067000134964,0.015474554999855172,2.0372285095197347,3.0119760955226718,4.618484599952673
85.73994833699999,2.32,3.21,4.75,0.07984781000050134,0.09389696300058858,0.06580245100030879,2.0372285095197347,3.0119760955226718,4.618484599952673
85.7901221739994,2.32,3.21,4.75,0.13002164699992136,0.1440708000000086,0.11597628799972881,2.0372285095197347,3.0119760955226718,4.618484599952673
85.84050160499919,2.32,3.23,4.75,0.03648732999954518,0.049838930999612785,0.02259455599960347,2.0372285095197347,3.0332820508485523,4.618484599952673
85.89083610099988,2.32,3.23,4.75,0.08682182600023225,0.10017342700029985,0.07292905200029054,2.0372285095197347,3.0332820508485523,4.618484599952673
85.94100588999936,2.32,3.19,4.75,0.13699161499971524,0.00694556999951601,0.12309884099977353,2.0372285095197347,2.990652102802999,4.618484599952673
85.99134404399956,2.34,3.19,4.71,0.043394469000304525,0.05728372399971704,0.029181220999817015,2.059975728012347,2.990652102802999,4.5773354694625565
86.04168413599928,2.34,3.19,4.71,0.09373456100001931,0.10762381599943183,0.0795213129995318,2.059975728012347,2.990652102802999,4.5773354694625565
86.0918796699998,2.34,3.23,4.71,0.14393009500054177,0.013567899000008765,0.12971684700005426,2.059975728012347,3.0332820508485523,4.5773354694625565
86.14221727099994,2.34,3.23,4.7299999999999995,0.04976106300000538,0.06390550000014628,0.03604374299993651,2.059975728012347,3.0332820508485523,4.597912569851671
86.1925440949999,2.34,3.23,4.7299999999999995,0.1000878869999724,0.1142323240001133,0.08637056699990353,2.059975728012347,3.0332820508485523,4.597912569851671
86.24266111499946,2.32,3.27,4.7299999999999995,0.006418783999833977,0.02035151499967469,0.13648758699946484,2.0372285095197347,3.075841348314311,4.597912569851671
86.29276636199938,2.32,3.27,4.6899999999999995,0.05652403099975345,0.07045676199959416,0.04288443199948233,2.0372285095197347,3.075841348314311,4.556753230097061
86.34313093399942,2.32,3.27,4.6899999999999995,0.10688860299978842,0.12082133399962913,0.0932490039995173,2.0372285095197347,3.075841348314311,4.556753230097061
86.39348906299983,2.33,3.2600000000000002,4.6899999999999995,0.013231427999926382,0.027167633999852114,0.14360713299993222,2.0486092843683004,3.0652079864178874,4.556753230097061
86.44382419699923,2.33,3.2600000000000002,4.71,0.06356656199932331,0.07750276799924904,0.04984755399982532,2.0486092843683004,3.0652079864178874,4.5773354694625565
86.49415101499926,2.33,3.2600000000000002,4.71,0.11389337999935378,0.12782958599927952,0.1001743719998558,2.0486092843683004,3.0652079864178874,4.5773354694625565
86.54448954999953,2.32,3.21,4.6899999999999995,0.020234423999681894,0.03413970499968855,0.0062855529995431425,2.0372285095197347,3.0119760955226718,4.556753230097061
86.59482960399964,2.32,3.21,4.6899999999999995,0.07057447799979855,0.0844797589998052,0.056625606999659794,2.0372285095197347,3.0119760955226718,4.556753230097061
86.6449894389998,2.32,3.21,4.6899999999999995,0.12073431299995718,0.13463959399996384,0.10678544199981843,2.0372285095197347,3.0119760955226718,4.556753230097061
86.6953179709999,2.34,3.21,4.75,0.027022158999898238,0.0409714420002274,0.01324325299992779,2.059975728012347,3.0119760955226718,4.618484599952673
86.74564250000003,2.34,3.21,4.75,0.07734668800003419,0.09129597100036335,0.06356778200006374,2.059975728012347,3.0119760955226718,4.618484599952673
86.79576208899925,2.34,3.21,4.75,0.1274662769992574,0.14141555999958655,0.11368737099928694,2.059975728012347,3.0119760955226718,4.618484599952673
86.84590036399914,2.33,3.23,4.7299999999999995,0.033613043999139336,0.04771763199914858,0.020010405999528302,2.0486092843683004,3.0332820508485523,4.597912569851671
86.89624864500001,2.33,3.23,4.7299999999999995,0.0839613250000184,0.09806591300002765,0.07035868700040737,2.0486092843683004,3.0332820508485523,4.597912569851671
86.94637061799949,2.33,3.25,4.7299999999999995,0.1340832979994957,0.00426900200000091,0.12048065999988467,2.0486092843683004,3.054570346218924,4.597912569851671
86.99670010999944,2.34,3.25,4.7299999999999995,0.04035550400021748,0.054598493999947095,0.02609066199966037,2.059975728012347,3.054570346218924,4.597912569851671
87.04682141499961,2.34,3.25,4.7299999999999995,0.09047680900039268,0.1047197990001223,0.07621196699983557,2.059975728012347,3.054570346218924,4.597912569851671
87.09711984399928,2.34,3.2,4.7299999999999995,0.1407752380000602,0.011027184999875317,0.1265103959995031,2.059975728012347,3.0013163778582226,4.597912569851671
87.1474864389993,2.34,3.2,4.7299999999999995,0.04735701199933828,0.061393779999889375,0.03287068600002385,2.059975728012347,3.0013163778582226,4.597912569851671
87.19781048799996,2.34,3.2,4.7299999999999995,0.09768106100000296,0.11171782900055405,0.08319473500068852,2.059975728012347,3.0013163778582226,4.597912569851671
87.24815646599927,2.32,3.25,4.7299999999999995,0.003852526999253314,0.018014951999248296,0.13354071300000214,2.0372285095197347,3.054570346218924,4.597912569851671
87.29849750099947,2.32,3.25,4.75,0.05419356199945469,0.06835598699944967,0.04004702099973656,2.0372285095197347,3.054570346218924,4.618484599952673
87.34883807999995,2.32,3.25,4.75,0.10453414099993097,0.11869656599992595,0.09038760000021284,2.0372285095197347,3.054570346218924,4.618484599952673
87.39913101299953,2.31,3.29,4.75,0.010824203000083799,0.02473777900013374,0.1406805329997951,2.025833161936096,3.0970954134478967,4.618484599952673
87.44948143099919,2.31,3.29,4.77,0.06117462099973636,0.0750881969997863,0.04707929100004549,2.025833161936096,3.0970954134478967,4.63905162721865
87.49980716099981,2.31,3.29,4.77,0.11150035100035893,0.12541392700040888,0.09740502100066806,2.025833161936096,3.0970954134478967,4.63905162721865
87.5501375369995,2.33,3.2800000000000002,4.71,0.017825435000304424,0.03194053599963809,0.003523086000313924,2.0486092843683004,3.086470476126412,4.5773354694625565
87.60050099399996,2.33,3.2800000000000002,4.71,0.06818889200076228,0.08230399300009594,0.05388654300077178,2.0486092843683004,3.086470476126412,4.5773354694625565
87.65083206199961,2.33,3.2800000000000002,4.71,0.11851996000041254,0.1326350609997462,0.10421761100042204,2.0486092843683004,3.086470476126412,4.5773354694625565
87.70113342699915,2.33,3.23,4.7299999999999995,0.0244336679998014,0.039013607999550004,0.010750763999567425,2.0486092843683004,3.0332820508485523,4.597912569851671
87.75150515799942,2.33,3.23,4.7299999999999995,0.07480539900006988,0.08938533899981849,0.06112249499983591,2.0486092843683004,3.0332820508485523,4.597912569851671
87.80185048099975,2.33,3.23,4.7299999999999995,0.12515072200039867,0.13973066200014728,0.1114678180001647,2.0486092843683004,3.0332820508485523,4.597912569851671
87.85219894399961,2.33,3.27,4.7299999999999995,0.03149193900026148,0.04570998399958626,0.01769482599956973,2.0486092843683004,3.075841348314311,4.597912569851671
87.90237969099962,2.33,3.27,4.7299999999999995,0.08167268600027455,0.09589073099959933,0.0678755729995828,2.0486092843683004,3.075841348314311,4.597912569851671
87.9527117939997,2.33,3.2600000000000002,4.7299999999999995,0.13200478900034796,0.0019491700004437007,0.1182076759996562,2.0486092843683004,3.0652079864178874,4.597912569851671
88.00303949599947,2.34,3.2600000000000002,4.75,0.03857835100006923,0.052276872000220465,0.024388515000282496,2.059975728012347,3.0652079864178874,4.618484599952673
88.053404409,2.34,3.2600000000000002,4.75,0.08894326400059072,0.10264178500074195,0.07475342800080398,2.059975728012347,3.0652079864178874,4.618484599952673
88.10373190799965,2.34,3.21,4.75,0.13927076300024055,0.008969385999989754,0.1250809270004538,2.059975728012347,3.0119760955226718,4.618484599952673
88.15408015999947,2.34,3.21,4.75,0.04536172299958707,0.05931763799981127,0.031436197999937576,2.059975728012347,3.0119760955226718,4.618484599952673
88.20440731099916,2.34,3.21,4.75,0.09568887399927917,0.10964478899950336,0.08176334899962967,2.059975728012347,3.0119760955226718,4.618484599952673
88.25473617099942,2.34,3.25,4.75,0.0020142759994996595,0.01629791999948793,0.13209220899989305,2.059975728012347,3.054570346218924,4.618484599952673
88.30506668699945,2.34,3.25,4.7299999999999995,0.05234479199953057,0.06662843599951884,0.03839829499975167,2.059975728012347,3.054570346218924,4.597912569851671
88.35546034699928,2.34,3.25,4.7299999999999995,0.1027384519993575,0.11702209599934577,0.08879195499957859,2.059975728012347,3.054570346218924,4.597912569851671
88.40568345599968,2.32,3.2600000000000002,4.7299999999999995,0.00910972000019683,0.02289518500037957,0.13901506399997743,2.0372285095197347,3.0652079864178874,4.597912569851671
88.45602386799965,2.32,3.2600000000000002,4.71,0.05945013200016547,0.07323559700034821,0.04537553400041361,2.0372285095197347,3.0652079864178874,4.5773354694625565
88.50636049299919,2.32,3.2600000000000002,4.71,0.10978675699971063,0.12357222199989337,0.09571215899995877,2.0372285095197347,3.0652079864178874,4.5773354694625565
88.55648811299943,2.32,3.2600000000000002,4.71,0.15991437699995004,0.17369984200013278,0.14583977900019818,2.0372285095197347,3.0652079864178874,4.5773354694625565
88.6068221609994,2.32,3.2600000000000002,4.71,0.21024842499991792,0.22403389000010066,0.19617382700016606,2.0372285095197347,3.0652079864178874,4.5773354694625565
88.65718652099986,2.32,3.2600000000000002,4.71,0.2606127850003759,0.2743982500005586,0.24653818700062402,2.0372285095197347,3.0652079864178874,4.5773354694625565
88.70750637299989,2.33,3.23,4.7299999999999995,0.0227749000005133,0.03681735500049399,0.008840909999889845,2.0486092843683004,3.0332820508485523,4.597912569851671
88.75783306099947,2.33,3.23,4.7299999999999995,0.07310158800009958,0.08714404300008027,0.05916759799947613,2.0486092843683004,3.0332820508485523,4.597912569851671
88.80814530099997,2.33,3.23,4.7299999999999995,0.12341382800059364,0.13745628300057433,0.10947983799997019,2.0486092843683004,3.0332820508485523,4.597912569851671
88.85850833599943,2.33,3.21,4.6899999999999995,0.029779611999401823,0.043862616999831516,0.01591366999946331,2.0486092843683004,3.0119760955226718,4.556753230097061
88.90885306499968,2.33,3.21,4.6899999999999995,0.08012434099964594,0.09420734600007563,0.06625839899970742,2.0486092843683004,3.0119760955226718,4.556753230097061
88.95906841099986,2.33,3.25,4.6899999999999995,0.13033968699983234,0.00025138300043181516,0.11647374499989382,2.0486092843683004,3.054570346218924,4.556753230097061
89.00941195899941,2.32,3.25,4.75,0.03669068299950595,0.050594930999977805,0.022916695999811054,2.0372285095197347,3.054570346218924,4.618484599952673
89.05971250699986,2.32,3.25,4.75,0.08699123099995631,0.10089547900042817,0.07321724400026142,2.0372285095197347,3.054570346218924,4.618484599952673
89.11004191599932,2.32,3.2,4.75,0.13732063999941602,0.007199431999652006,0.12354665299972112,2.0372285095197347,3.0013163778582226,4.618484599952673
89.16037692899954,2.32,3.2,4.77,0.04376093199971365,0.05753444499987381,0.02977179299978161,2.0372285095197347,3.0013163778582226,4.63905162721865
89.2107088039993,2.32,3.2,4.77,0.09409280699946976,0.10786631999962992,0.08010366799953772,2.0372285095197347,3.0013163778582226,4.63905162721865
89.26085630099988,2.34,3.21,4.77,0.00011064299997087801,0.01403605100040295,0.1302511650001179,2.059975728012347,3.0119760955226718,4.63905162721865
89.31098054799986,2.34,3.21,4.7299999999999995,0.05023488999995607,0.06416029800038814,0.03629034900041006,2.059975728012347,3.0119760955226718,4.597912569851671
89.36132061699936,2.34,3.21,4.7299999999999995,0.10057495899945934,0.11450036699989141,0.08663041799991333,2.059975728012347,3.0119760955226718,4.597912569851671
89.41163813599997,2.33,3.25,4.7299999999999995,0.0069593440002790885,0.020861350000814127,0.13694793700051378,2.0486092843683004,3.054570346218924,4.597912569851671
89.46197829199991,2.33,3.25,4.7299999999999995,0.057299500000226544,0.07120150600076158,0.043508377000762266,2.0486092843683004,3.054570346218924,4.597912569851671
89.51212090099943,2.33,3.25,4.7299999999999995,0.1074421089997486,0.12134411500028364,0.09365098600028432,2.0486092843683004,3.054570346218924,4.597912569851671
89.56249828,2.34,3.23,4.7299999999999995,0.013664873000379885,0.02764057500007766,0.1440283650008496,2.059975728012347,3.0332820508485523,4.597912569851671
89.61267026899986,2.34,3.23,4.71,0.06383686200024385,0.07781256399994163,0.04966116300056456,2.059975728012347,3.0332820508485523,4.5773354694625565
89.66285463399981,2.34,3.23,4.71,0.1140212270001939,0.12799692899989168,0.0998455280005146,2.059975728012347,3.0332820508485523,4.5773354694625565
89.71297610799957,2.34,3.25,4.7299999999999995,0.020323652000115544,0.03413128099964524,0.006110045000241371,2.059975728012347,3.054570346218924,4.597912569851671
89.76331674799985,2.34,3.25,4.7299999999999995,0.07066429200040147,0.08447192099993117,0.0564506850005273,2.059975728012347,3.054570346218924,4.597912569851671
89.81345667200003,2.34,3.25,4.7299999999999995,0.12080421600057889,0.1346118450001086,0.10659060900070472,2.059975728012347,3.054570346218924,4.597912569851671
89.86372952299917,2.33,3.24,4.71,0.02689052899950184,0.04118390699932206,0.013144454999746813,2.0486092843683004,3.043928382863171,4.5773354694625565
89.91404480299934,2.33,3.24,4.71,0.077205808999679,0.09149918699949922,0.06345973499992397,2.0486092843683004,3.043928382863171,4.5773354694625565
89.96437232699918,2.33,3.24,4.71,0.1275333329995192,0.1418267109993394,0.11378725899976416,2.0486092843683004,3.043928382863171,4.5773354694625565
90.01450039099927,2.34,3.29,4.75,0.0337168890000612,0.04765033399962704,0.01943727699926967,2.059975728012347,3.0970954134478967,4.618484599952673
90.06465314399975,2.34,3.29,4.75,0.08386964200053626,0.0978030870001021,0.06959002999974473,2.059975728012347,3.0970954134478967,4.618484599952673
90.1148123439998,2.34,3.29,4.75,0.13402884200058907,0.00395001000015327,0.11974922999979754,2.059975728012347,3.0970954134478967,4.618484599952673
90.16515841599994,2.32,3.29,4.75,0.0400171750006848,0.05429608200029179,0.026097749000655313,2.0372285095197347,3.0970954134478967,4.618484599952673
90.21534020299987,2.32,3.29,4.75,0.09019896200061339,0.10447786900022038,0.0762795360005839,2.0372285095197347,3.0970954134478967,4.618484599952673
90.26548737199937,2.32,3.29,4.75,0.14034613100011484,0.15462503799972183,0.12642670500008535,2.0372285095197347,3.0970954134478967,4.618484599952673
90.31560473199988,2.32,3.29,4.75,0.19046349100062798,0.20474239800023497,0.1765440650005985,2.0372285095197347,3.0970954134478967,4.618484599952673
90.36596090399962,2.32,3.29,4.75,0.24081966300036584,0.2550985699999728,0.22690023700033635,2.0372285095197347,3.0970954134478967,4.618484599952673
90.41627973100003,2.34,3.31,4.75,0.003137100999992981,0.017390972000612237,0.2772190640007466,2.059975728012347,3.118332887938682,4.618484599952673
90.46662129199922,2.34,3.31,4.71,0.05347866199917917,0.06773253299979842,0.03980450299968652,2.059975728012347,3.118332887938682,4.5773354694625565
90.51694095499988,2.34,3.31,4.71,0.10379832499984332,0.11805219600046257,0.09012416600035067,2.059975728012347,3.118332887938682,4.5773354694625565
90.56724634900002,2.3499999999999996,3.25,4.71,0.010097088000293297,0.024184054000215838,0.14042956000048434,2.0713280763799826,3.054570346218924,4.5773354694625565
90.61738747299933,2.3499999999999996,3.25,4.71,0.060238211999603664,0.0743251779995262,0.046309629999996105,2.0713280763799826,3.054570346218924,4.5773354694625565
90.6676474169999,2.3499999999999996,3.25,4.71,0.1104981560001761,0.12458512200009864,0.09656957400056854,2.0713280763799826,3.054570346218924,4.5773354694625565
90.71797904100004,2.3499999999999996,3.24,4.75,0.016975281000668474,0.030753017000279215,0.0031390980002470315,2.0713280763799826,3.043928382863171,4.618484599952673
90.76832627899967,2.3499999999999996,3.24,4.75,0.06732251900029951,0.08110025499991025,0.053486335999878065,2.0713280763799826,3.043928382863171,4.618484599952673
90.81865386399932,2.3499999999999996,3.24,4.75,0.11765010399994935,0.1314278399995601,0.10381392099952791,2.0713280763799826,3.043928382863171,4.618484599952673
90.86897347299964,2.34,3.23,4.75,0.023947581999891554,0.03774971500024549,0.00989450500037492,2.059975728012347,3.0332820508485523,4.618484599952673
90.91930669899921,2.34,3.23,4.75,0.07428080799945747,0.0880829409998114,0.06022773099994083,2.059975728012347,3.0332820508485523,4.618484599952673
90.96960226899955,2.34,3.23,4.75,0.12457637799980148,0.1383785110001554,0.11052330100028485,2.059975728012347,3.0332820508485523,4.618484599952673
91.01994425299927,2.3499999999999996,3.18,4.7299999999999995,0.03090001900000061,0.04470334100005857,0.01715594199959014,2.0713280763799826,2.979983221429275,4.597912569851671
91.07027263799955,2.3499999999999996,3.18,4.7299999999999995,0.08122840400028508,0.09503172600034304,0.06748432699987461,2.0713280763799826,2.979983221429275,4.597912569851671
91.12062301499918,2.3499999999999996,3.24,4.7299999999999995,0.1315787809999165,0.0015959129996190313,0.11783470399950602,2.0713280763799826,3.043928382863171,4.597912569851671
91.17073759100003,2.32,3.24,4.7299999999999995,0.03757190900068963,0.05171048900047026,0.023637847000827605,2.0372285095197347,3.043928382863171,4.597912569851671
91.22084471799917,2.32,3.24,4.7299999999999995,0.08767903599982674,0.10181761599960737,0.07374497399996471,2.0372285095197347,3.043928382863171,4.597912569851671
91.27094433999991,2.32,3.29,4.7299999999999995,0.13777865800057043,0.008029483000427717,0.1238445960007084,2.0372285095197347,3.0970954134478967,4.597912569851671
91.3212607839996,2.3499999999999996,3.29,4.7299999999999995,0.04413295700032904,0.058345927000118536,0.030165400999976555,2.0713280763799826,3.0970954134478967,4.597912569851671
91.37160143999972,2.3499999999999996,3.29,4.7299999999999995,0.09447361300044577,0.10868658300023526,0.08050605700009328,2.0713280763799826,3.0970954134478967,4.597912569851671
91.42169849199945,2.32,3.29,4.7299999999999995,0.0004976390000592801,0.014662712999779615,0.13060310899982142,2.0372285095197347,3.0970954134478967,4.597912569851671
91.47193878399958,2.32,3.29,4.75,0.0507379310001852,0.06490300499990553,0.03683412999998836,2.0372285095197347,3.0970954134478967,4.618484599952673
91.52209648099961,2.32,3.29,4.75,0.10089562800021667,0.11506070199993701,0.08699182700001984,2.0372285095197347,3.0970954134478967,4.618484599952673
91.57245411699932,2.32,3.29,4.75,0.15125326399993355,0.16541833799965389,0.13734946299973672,2.0372285095197347,3.0970954134478967,4.618484599952673
91.62278409899955,2.32,3.29,4.75,0.20158324600015476,0.2157483199998751,0.18767944499995792,2.0372285095197347,3.0970954134478967,4.618484599952673
91.67311476899977,2.32,3.29,4.75,0.25191391600037605,0.2660789900000964,0.2380101150001792,2.0372285095197347,3.0970954134478967,4.618484599952673
91.72326231099942,2.34,3.27,4.7299999999999995,0.014050787000087439,0.028176961000099254,0.00011874600022565573,2.059975728012347,3.075841348314311,4.597912569851671
91.77361826499964,2.34,3.27,4.7299999999999995,0.06440674100031174,0.07853291500032356,0.05047470000044996,2.059975728012347,3.075841348314311,4.597912569851671
91.82372278899948,2.34,3.27,4.7299999999999995,0.11451126500014652,0.12863743900015834,0.10057922400028474,2.059975728012347,3.075841348314311,4.597912569851671
91.87406350499987,2.34,3.2800000000000002,4.7299999999999995,0.020841790000304172,0.03472645200054103,0.006928167999831203,2.059975728012347,3.086470476126412,4.597912569851671
91.92439121799998,2.34,3.2800000000000002,4.7299999999999995,0.07116950300041935,0.08505416500065621,0.057255880999946385,2.059975728012347,3.086470476126412,4.597912569851671
91.97474069999953,2.34,3.2800000000000002,4.7299999999999995,0.12151898499996605,0.1354036470002029,0.10760536299949308,2.059975728012347,3.086470476126412,4.597912569851671
92.02488736899977,2.36,3.21,4.6899999999999995,0.027672229000017978,0.04187249100050394,0.013750957999945967,2.082666559965853,3.0119760955226718,4.556753230097061
92.075231197,2.36,3.21,4.6899999999999995,0.07801605700024083,0.0922163190007268,0.06409478600016882,2.082666559965853,3.0119760955226718,4.556753230097061
92.12555454799985,2.36,3.21,4.6899999999999995,0.12833940800010168,0.14253967000058765,0.11441813700002967,2.082666559965853,3.0119760955226718,4.556753230097061
92.1758947089993,2.32,3.2800000000000002,4.6899999999999995,0.03462181499980943,0.0486747609993472,0.020556007999402937,2.0372285095197347,3.086470476126412,4.556753230097061
92.2262358299995,2.32,3.2800000000000002,4.6899999999999995,0.08496293600001081,0.09901588199954858,0.07089712899960432,2.0372285095197347,3.086470476126412,4.556753230097061
92.27656955799921,2.32,3.21,4.6899999999999995,0.13529666399972484,0.005247639999652165,0.12123085699931835,2.0372285095197347,3.0119760955226718,4.556753230097061
92.3269314399995,2.34,3.21,4.7299999999999995,0.04191821600034018,0.055609521999940625,0.02759459299977607,2.059975728012347,3.0119760955226718,4.597912569851671
92.37707445199976,2.34,3.21,4.7299999999999995,0.09206122800060257,0.10575253400020301,0.07773760500003846,2.059975728012347,3.0119760955226718,4.597912569851671
92.42720273199939,2.34,3.23,4.7299999999999995,0.14218950800022867,0.011890078999385878,0.12786588499966456,2.059975728012347,3.0332820508485523,4.597912569851671
92.47732077399996,2.32,3.23,4.71,0.04834045400002651,0.06200812099996256,0.033767262000765186,2.0372285095197347,3.0332820508485523,4.5773354694625565
92.52764167499936,2.32,3.23,4.71,0.09866135499942175,0.11232902199935779,0.08408816300016042,2.0372285095197347,3.0332820508485523,4.5773354694625565
92.5779372449997,2.32,3.2,4.71,0.14895692499976576,0.018906115000390855,0.13438373300050444,2.0372285095197347,3.0013163778582226,4.5773354694625565
92.62828218999948,2.32,3.2,4.71,0.19930186999954458,0.06925106000016967,0.040682539000044926,2.0372285095197347,3.0013163778582226,4.5773354694625565
92.67861544099924,2.32,3.2,4.71,0.24963512099930085,0.11958431099992595,0.0910157899998012,2.0372285095197347,3.0013163778582226,4.5773354694625565
92.72893351599942,2.32,3.19,4.71,0.29995319599947834,0.02559371600000304,0.1413338649999787,2.0372285095197347,2.990652102802999,4.5773354694625565
92.77927494199957,2.32,3.19,4.6899999999999995,0.35029462199963746,0.07593514200016216,0.04793520200018975,2.0372285095197347,2.990652102802999,4.556753230097061
92.82959842999935,2.32,3.19,4.6899999999999995,0.4006181099994137,0.12625862999993842,0.09825868999996601,2.0372285095197347,2.990652102802999,4.556753230097061
92.87973719899946,2.33,3.19,4.7299999999999995,0.018075400000270747,0.032578325999566005,0.004159449000326276,2.0486092843683004,2.990652102802999,4.597912569851671
92.93007545199998,2.33,3.19,4.7299999999999995,0.06841365300078905,0.08291657900008431,0.05449770200084458,2.0486092843683004,2.990652102802999,4.597912569851671
92.98046106999936,2.33,3.19,4.7299999999999995,0.11879927100017085,0.1333021969994661,0.10488332000022638,2.0486092843683004,2.990652102802999,4.597912569851671
93.03076803799922,2.33,3.21,4.7299999999999995,0.025131235999651835,0.03943327399974805,0.011177704999681737,2.0486092843683004,3.0119760955226718,4.597912569851671
93.08110956399923,2.33,3.21,4.7299999999999995,0.07547276199966291,0.08977479999975913,0.06151923099969281,2.0486092843683004,3.0119760955226718,4.597912569851671
93.13147522700001,2.33,3.21,4.7299999999999995,0.1258384250004383,0.1401404630005345,0.1118848940004682,2.0486092843683004,3.0119760955226718,4.597912569851671
93.18181469799947,2.34,3.25,4.71,0.032174398000279325,0.046099158999822976,0.01822619900030986,2.059975728012347,3.054570346218924,4.5773354694625565
93.23215247600001,2.34,3.25,4.71,0.08251217600081873,0.09643693700036238,0.06856397700084926,2.059975728012347,3.054570346218924,4.5773354694625565
93.2824868989992,2.34,3.24,4.71,0.13284659900000406,0.0027421810000305413,0.1188984000000346,2.059975728012347,3.043928382863171,4.5773354694625565
93.33284983399972,2.36,3.24,4.7299999999999995,0.039343788999758544,0.05310511600055179,0.02524695600004634,2.082666559965853,3.043928382863171,4.597912569851671
93.38319371499983,2.36,3.24,4.7299999999999995,0.08968766999987565,0.1034489970006689,0.07559083700016345,2.082666559965853,3.043928382863171,4.597912569851671
93.4333354929995,2.36,3.27,4.7299999999999995,0.13982944799954566,0.00960813399979088,0.12573261499983346,2.082666559965853,3.075841348314311,4.597912569851671
93.48349243299981,2.34,3.27,4.7299999999999995,0.045844600000236824,0.05976507400009723,0.031906322999930126,2.059975728012347,3.075841348314311,4.597912569851671
93.53378642199914,2.34,3.27,4.7299999999999995,0.0961385889995654,0.1100590629994258,0.0822003119992587,2.059975728012347,3.075841348314311,4.597912569851671
93.5839282779998,2.3499999999999996,3.25,4.7299999999999995,0.00227197399999568,0.016216413000620378,0.13234216799992282,2.0713280763799826,3.054570346218924,4.597912569851671
93.63423890499962,2.3499999999999996,3.25,4.71,0.05258260099981271,0.06652704000043741,0.03865249200043763,2.0713280763799826,3.054570346218924,4.5773354694625565
93.68447120499968,2.3499999999999996,3.25,4.71,0.10281490099987423,0.11675934000049892,0.08888479200049915,2.0713280763799826,3.054570346218924,4.5773354694625565
93.7347988649999,2.34,3.19,4.71,0.009116961000472656,0.023087348000444763,0.13921245200072008,2.059975728012347,2.990652102802999,4.5773354694625565
93.78508166599931,2.34,3.19,4.71,0.059399761999884504,0.07337014899985661,0.045675595999455254,2.059975728012347,2.990652102802999,4.5773354694625565
93.83534881099968,2.34,3.19,4.71,0.10966690700024628,0.12363729400021839,0.09594274099981703,2.059975728012347,2.990652102802999,4.5773354694625565
93.88569139299943,2.34,3.2800000000000002,4.7299999999999995,0.01602965599977324,0.029955994999909308,0.0020896629994240357,2.059975728012347,3.086470476126412,4.597912569851671
93.93603066299966,2.34,3.2800000000000002,4.7299999999999995,0.06636892599999555,0.08029526500013162,0.05242893299964635,2.059975728012347,3.086470476126412,4.597912569851671
93.98636707599962,2.34,3.2800000000000002,4.7299999999999995,0.11670533899996371,0.13063167800009978,0.10276534599961451,2.059975728012347,3.086470476126412,4.597912569851671
94.03669979799997,2.3499999999999996,3.21,4.71,0.023010167000393267,0.03707685700010188,0.00909886000044935,2.0713280763799826,3.0119760955226718,4.5773354694625565
94.08684105499924,2.3499999999999996,3.21,4.71,0.07315142399966135,0.08721811399936996,0.05924011699971743,2.0713280763799826,3.0119760955226718,4.5773354694625565
94.13718911399974,2.3499999999999996,3.21,4.71,0.12349948300015967,0.13756617299986829,0.10958817600021575,2.0713280763799826,3.0119760955226718,4.5773354694625565
94.18750076699962,2.34,3.21,4.7299999999999995,0.029883780999625742,0.04393345700009377,0.015892293999968388,2.059975728012347,3.0119760955226718,4.597912569851671
94.23783375699986,2.34,3.21,4.7299999999999995,0.08021677099986846,0.09426644700033648,0.0662252840002111,2.059975728012347,3.0119760955226718,4.597912569851671
94.28803074299958,2.34,3.3200000000000003,4.7299999999999995,0.13041375699958735,0.00023638000038772589,0.11642226999993,2.059975728012347,3.128945509273052,4.597912569851671
94.33837481899991,2.33,3.3200000000000003,4.71,0.036693259000458056,0.05058045600071637,0.023045208000439743,2.0486092843683004,3.128945509273052,4.5773354694625565
94.38872343599996,2.33,3.3200000000000003,4.71,0.08704187600051227,0.10092907300077059,0.07339382500049396,2.0486092843683004,3.128945509273052,4.5773354694625565
94.43906496699947,2.33,3.27,4.71,0.13738340700001572,0.007234315999994578,0.12373535599999741,2.0486092843683004,3.075841348314311,4.5773354694625565
94.48940344599941,2.32,3.27,4.71,0.04385847100002138,0.057572794999941834,0.02990638899973419,2.0372285095197347,3.075841348314311,4.5773354694625565
94.53975857899968,2.32,3.27,4.71,0.09421360400028789,0.10792792800020834,0.0802615220000007,2.0372285095197347,3.075841348314311,4.5773354694625565
94.59004914499928,2.32,3.27,4.71,0.14450416999989102,0.15821849399981147,0.13055208799960383,2.0372285095197347,3.075841348314311,4.5773354694625565
94.64035317599973,2.32,3.27,4.71,0.1948082010003418,0.20852252500026225,0.1808561190000546,2.0372285095197347,3.075841348314311,4.5773354694625565
94.69052643699979,2.32,3.27,4.71,0.24498146200039628,0.25869578600031673,0.23102938000010909,2.0372285095197347,3.075841348314311,4.5773354694625565
94.74084384999969,2.33,3.2600000000000002,4.71,0.007134143000257609,0.021189881000282185,0.28134679300001153,2.0486092843683004,3.0652079864178874,4.5773354694625565
94.7911856769997,2.33,3.2600000000000002,4.71,0.05747597000026872,0.07153170800029329,0.04337892500007001,2.0486092843683004,3.0652079864178874,4.5773354694625565
94.8415363869999,2.33,3.2600000000000002,4.71,0.10782668000047124,0.12188241800049582,0.09372963500027254,2.0486092843683004,3.0652079864178874,4.5773354694625565
94.89191042699986,2.33,3.29,4.71,0.014188734000526892,0.028084129000490066,0.14410367500022403,2.0486092843683004,3.0970954134478967,4.5773354694625565
94.94223287299974,2.33,3.29,4.7299999999999995,0.06451118000040879,0.07840657500037196,0.05005256500044197,2.0486092843683004,3.0970954134478967,4.597912569851671
94.99235027299983,2.33,3.29,4.7299999999999995,0.11462858000049891,0.1285239750004621,0.1001699650005321,2.0486092843683004,3.0970954134478967,4.597912569851671
95.04267173399967,2.36,3.19,4.75,0.020956317999662133,0.034852020000471384,0.006966245000512572,2.082666559965853,2.990652102802999,4.618484599952673
95.0929949729998,2.36,3.19,4.75,0.07127955699979793,0.08517525900060718,0.05728948400064837,2.082666559965853,2.990652102802999,4.618484599952673
95.14333140599956,2.36,3.19,4.75,0.12161598999955459,0.13551169200036384,0.10762591700040502,2.082666559965853,2.990652102802999,4.618484599952673
95.19366676199934,2.33,3.19,4.71,0.027765637999436876,0.042166467999777524,0.01369331699970644,2.0486092843683004,2.990652102802999,4.5773354694625565
95.24378644599983,2.33,3.19,4.71,0.07788532199992915,0.0922861520002698,0.06381300100019871,2.0486092843683004,2.990652102802999,4.5773354694625565
95.29410566699971,2.33,3.19,4.71,0.12820454299981066,0.1426053730001513,0.11413222200008022,2.0486092843683004,2.990652102802999,4.5773354694625565
95.3444750359995,2.34,3.29,4.75,0.03442509300020902,0.04884759899960045,0.020480991000113136,2.059975728012347,3.0970954134478967,4.618484599952673
95.3948142499994,2.34,3.29,4.75,0.08476430700011406,0.09918681299950549,0.07082020500001818,2.059975728012347,3.0970954134478967,4.618484599952673
95.44515578099981,2.34,3.24,4.75,0.135105838000527,0.005344517000594351,0.12116173600043112,2.059975728012347,3.043928382863171,4.618484599952673
95.49550137099959,2.3699999999999997,3.24,4.7299999999999995,0.04173863699998037,0.055690107000373246,0.027700216000084765,2.0939914039938174,3.043928382863171,4.597912569851671
95.54583930499939,2.3699999999999997,3.24,4.7299999999999995,0.0920765709997795,0.10602804100017238,0.0780381499998839,2.0939914039938174,3.043928382863171,4.597912569851671
95.59619455699976,2.3699999999999997,3.2,4.7299999999999995,0.14243182300015178,0.012330223999924783,0.12839340200025617,2.0939914039938174,3.0013163778582226,4.597912569851671
95.64653057099986,2.32,3.2,4.71,0.04845959500016761,0.0626662380000198,0.0345072860000073,2.0372285095197347,3.0013163778582226,4.5773354694625565
95.69686730099966,2.32,3.2,4.71,0.0987963249999666,0.11300296799981879,0.08484401599980629,2.0372285095197347,3.0013163778582226,4.5773354694625565
95.74720278199948,2.34,3.27,4.71,0.005137795000337064,0.01906488399981754,0.13517949699962628,2.059975728012347,3.075841348314311,4.5773354694625565
95.79754122599934,2.34,3.27,4.75,0.05547623900019971,0.06940332799968019,0.041836255999442074,2.059975728012347,3.075841348314311,4.618484599952673
95.84789232799994,2.34,3.27,4.75,0.10582734100080415,0.11975443000028463,0.09218735800004652,2.059975728012347,3.075841348314311,4.618484599952673
95.89827830599916,2.34,3.24,4.75,0.012182043999928283,0.026080044999616803,0.14257333599925914,2.059975728012347,3.043928382863171,4.618484599952673
95.9486217169997,2.34,3.24,4.6899999999999995,0.06252545500046836,0.07642345600015688,0.04893201400045655,2.059975728012347,3.043928382863171,4.556753230097061
95.99896625299971,2.34,3.24,4.6899999999999995,0.11286999100047979,0.1267679920001683,0.09927655000046798,2.059975728012347,3.043928382863171,4.556753230097061
96.04931320099968,2.3499999999999996,3.2600000000000002,4.7299999999999995,0.019473618999654718,0.03313657000035164,0.005311136000273109,2.0713280763799826,3.0652079864178874,4.597912569851671
96.09965745299996,2.3499999999999996,3.2600000000000002,4.7299999999999995,0.06981787099994108,0.083480822000638,0.05565538800055947,2.0713280763799826,3.0652079864178874,4.597912569851671
96.14999341399925,2.3499999999999996,3.2600000000000002,4.7299999999999995,0.12015383199923235,0.13381678299992927,0.10599134899985074,2.0713280763799826,3.0652079864178874,4.597912569851671
96.2003154389995,2.34,3.21,4.7299999999999995,0.026550155999757408,0.04013370200027566,0.012311141000282078,2.059975728012347,3.0119760955226718,4.597912569851671
96.25065762599934,2.34,3.21,4.7299999999999995,0.07689234299959935,0.0904758890001176,0.06265332800012402,2.059975728012347,3.0119760955226718,4.597912569851671
96.30098695699962,2.34,3.21,4.7299999999999995,0.12722167399988393,0.1408052200004022,0.1129826590004086,2.059975728012347,3.0119760955226718,4.597912569851671
96.35133388099985,2.34,3.24,4.75,0.03324006100046972,0.047472418999859656,0.019594252000388224,2.059975728012347,3.043928382863171,4.618484599952673
96.4016795739999,2.34,3.24,4.75,0.0835857540005236,0.09781811199991353,0.0699399450004421,2.059975728012347,3.043928382863171,4.618484599952673
96.45200317199942,2.34,3.21,4.75,0.13390935200004606,0.0038193529999261955,0.12026354299996456,2.059975728012347,3.0119760955226718,4.618484599952673
96.50234294499933,2.34,3.21,4.75,0.04052567599956092,0.054159125999831303,0.026328799000111758,2.059975728012347,3.0119760955226718,4.618484599952673
96.55264669899952,2.34,3.21,4.75,0.09082942999975785,0.10446288000002824,0.07663255300030869,2.059975728012347,3.0119760955226718,4.618484599952673
96.60288772999957,2.34,3.25,4.75,0.14107046099979925,0.010678253999685694,0.1268735840003501,2.059975728012347,3.054570346218924,4.618484599952673
96.65327188699939,2.34,3.25,4.71,0.04715474000022368,0.061062410999511485,0.0334387559996685,2.059975728012347,3.054570346218924,4.5773354694625565
96.7034781099992,2.34,3.25,4.71,0.09736096300002828,0.11126863399931608,0.0836449789994731,2.059975728012347,3.054570346218924,4.5773354694625565
96.75361847399927,2.34,3.21,4.71,0.0034650079996936256,0.017567044999850623,0.1337853429995448,2.059975728012347,3.0119760955226718,4.5773354694625565
96.80375499799993,2.34,3.21,4.75,0.05360153200035711,0.06770356900051411,0.03969628200047737,2.059975728012347,3.0119760955226718,4.618484599952673
96.85389623399988,2.34,3.21,4.75,0.10374276800030202,0.11784480500045902,0.08983751800042228,2.059975728012347,3.0119760955226718,4.618484599952673
96.90423713199925,2.3499999999999996,3.21,4.75,0.010283909999998286,0.024017118999836384,0.14017841599979874,2.0713280763799826,3.0119760955226718,4.618484599952673
96.95456132799973,2.3499999999999996,3.21,4.77,0.06060810600047262,0.07434131500031071,0.046721337999770185,2.0713280763799826,3.0119760955226718,4.63905162721865
97.00485822799965,2.3499999999999996,3.21,4.77,0.11090500600039377,0.12463821500023187,0.09701823799969134,2.0713280763799826,3.0119760955226718,4.63905162721865
97.05499953699928,2.33,3.23,4.71,0.017052264999620093,0.03079559599973436,0.0026230299999951967,2.0486092843683004,3.0332820508485523,4.5773354694625565
97.10531837599956,2.33,3.23,4.71,0.06737110399990343,0.08111443500001769,0.05294186900027853,2.0486092843683004,3.0332820508485523,4.5773354694625565
97.15547469499961,2.33,3.23,4.71,0.11752742299995589,0.13127075400007016,0.10309818800033099,2.0486092843683004,3.0332820508485523,4.5773354694625565
97.2058082199992,2.32,3.27,4.71,0.023672842999985733,0.037604914999974426,0.009541208999507944,2.0372285095197347,3.075841348314311,4.5773354694625565
97.25614041299923,2.32,3.27,4.71,0.07400503600001684,0.08793710800000554,0.059873401999539055,2.0372285095197347,3.075841348314311,4.5773354694625565
97.30648617799943,2.32,3.27,4.71,0.12435080100021878,0.13828287300020747,0.11021916699974099,2.0372285095197347,3.075841348314311,4.5773354694625565
97.35681586499959,2.32,3.23,4.7299999999999995,0.03073095400031889,0.04458828099996026,0.01637297999968723,2.0372285095197347,3.0332820508485523,4.597912569851671
97.40698521499962,2.32,3.23,4.7299999999999995,0.08090030400035175,0.09475763099999313,0.0665423299997201,2.0372285095197347,3.0332820508485523,4.597912569851671
97.45730196799923,2.32,3.25,4.7299999999999995,0.131217056999958,0.0010797869999805698,0.11685908299932635,2.0372285095197347,3.054570346218924,4.597912569851671
97.50749230199926,2.32,3.25,4.71,0.037307687000065926,0.051270121000015934,0.023047861000122793,2.0372285095197347,3.054570346218924,4.5773354694625565
97.5578216999993,2.32,3.25,4.71,0.0876370850000967,0.10159951900004671,0.07337725900015357,2.0372285095197347,3.054570346218924,4.5773354694625565
97.6081221479999,2.32,3.25,4.71,0.1379375330006951,0.15189996700064512,0.12367770700075198,2.0372285095197347,3.054570346218924,4.5773354694625565
97.65839789399979,2.32,3.25,4.71,0.1882132790005926,0.2021757130005426,0.17395345300064946,2.0372285095197347,3.054570346218924,4.5773354694625565
97.70859801400002,2.32,3.25,4.71,0.23841339900081948,0.2523758330007695,0.22415357300087635,2.0372285095197347,3.054570346218924,4.5773354694625565
97.75881910899989,2.34,3.24,4.71,0.00025158300013572443,0.014559664000444172,0.27437466800074617,2.059975728012347,3.043928382863171,4.5773354694625565
97.80916222299948,2.34,3.24,4.75,0.050594696999723965,0.06490277800003241,0.03670948600029078,2.059975728012347,3.043928382863171,4.618484599952673
97.85951765699974,2.34,3.24,4.75,0.1009501309999905,0.11525821200029895,0.08706492000055732,2.059975728012347,3.043928382863171,4.618484599952673
97.9096370039997,2.32,3.21,4.75,0.00708332900012465,0.021361644000535307,0.13718426700052078,2.0372285095197347,3.0119760955226718,4.618484599952673
97.9597701799994,2.32,3.21,4.71,0.05721650499981479,0.07149482000022545,0.04361092199997074,2.0372285095197347,3.0119760955226718,4.5773354694625565
98.01014034499985,2.32,3.21,4.71,0.10758667000027344,0.1218649850006841,0.0939810870004294,2.0372285095197347,3.0119760955226718,4.5773354694625565
98.06030553399978,2.33,3.2600000000000002,4.71,0.013757013000031293,0.028075277999960235,0.144146276000356,2.0486092843683004,3.0652079864178874,4.5773354694625565
98.11083997099922,2.33,3.2600000000000002,4.75,0.06429144999947312,0.07860971499940206,0.05003755999950954,2.0486092843683004,3.0652079864178874,4.618484599952673
98.16118400100004,2.33,3.2600000000000002,4.75,0.11463548000028823,0.12895374500021717,0.10038159000032465,2.0486092843683004,3.0652079864178874,4.618484599952673
98.21135182999933,2.31,3.29,4.75,0.02077681799983111,0.03472045699982118,0.006870970999443671,2.025833161936096,3.0970954134478967,4.618484599952673
98.26169204300004,2.31,3.29,4.75,0.07111703100054001,0.08506067000053008,0.05721118400015257,2.025833161936096,3.0970954134478967,4.618484599952673
98.3120205339992,2.31,3.29,4.75,0.12144552199970349,0.13538916099969356,0.10753967499931605,2.025833161936096,3.0970954134478967,4.618484599952673
98.36216467199938,2.3,3.19,4.7299999999999995,0.02760664400011592,0.04186048999963532,0.013680225999451068,2.014422994308792,2.990652102802999,4.597912569851671
98.4125118539996,2.3,3.19,4.7299999999999995,0.07795382600033918,0.09220767199985858,0.06402740799967432,2.014422994308792,2.990652102802999,4.597912569851671
98.46285975899991,2.3,3.19,4.7299999999999995,0.12830173100064712,0.14255557700016652,0.11437531299998227,2.014422994308792,2.990652102802999,4.597912569851671
98.51323407799919,2.32,3.2800000000000002,4.7299999999999995,0.03466943099920172,0.04872600399994553,0.021103882999341295,2.0372285095197347,3.086470476126412,4.597912569851671
98.56357242899958,2.32,3.2800000000000002,4.7299999999999995,0.08500778199959313,0.09906435500033695,0.07144223399973271,2.0372285095197347,3.086470476126412,4.597912569851671
98.61371251299988,2.32,3.23,4.7299999999999995,0.13514786599989748,0.005076032000033592,0.12158231800003705,2.0372285095197347,3.0332820508485523,4.597912569851671
98.66382992799936,2.34,3.23,4.7299999999999995,0.04145770299965079,0.05519344699951034,0.027338314000189712,2.059975728012347,3.0332820508485523,4.597912569851671
98.7139669369999,2.34,3.23,4.7299999999999995,0.09159471200018743,0.10533045600004698,0.07747532300072635,2.059975728012347,3.0332820508485523,4.597912569851671
98.76429860199914,2.34,3.29,4.7299999999999995,0.1419263769994359,0.011655559999780962,0.1278069879999748,2.059975728012347,3.0970954134478967,4.597912569851671
98.81459577999976,2.34,3.29,4.71,0.04818941200028348,0.06195273800040013,0.03435266700034845,2.059975728012347,3.0970954134478967,4.5773354694625565
98.86492200699922,2.34,3.29,4.71,0.0985156389997428,0.11227896499985945,0.08467889399980777,2.059975728012347,3.0970954134478967,4.5773354694625565
98.9152732399998,2.33,3.3000000000000003,4.71,0.004708112000116671,0.018622376000166696,0.13503012700039108,2.0486092843683004,3.107716203259236,4.5773354694625565
98.96557891799966,2.33,3.3000000000000003,4.75,0.055013789999975415,0.06892805400002544,0.04130490199986525,2.0486092843683004,3.107716203259236,4.618484599952673
99.01575777699964,2.33,3.3000000000000003,4.75,0.10519264899994596,0.11910691299999598,0.0914837609998358,2.0486092843683004,3.107716203259236,4.618484599952673
99.06609052099975,2.34,3.25,4.75,0.011744387000362622,0.025420155000574596,0.14181650499995158,2.059975728012347,3.054570346218924,4.618484599952673
99.1164537679997,2.34,3.25,4.6899999999999995,0.06210763400031283,0.0757834020005248,0.04791608100003941,2.059975728012347,3.054570346218924,4.556753230097061
99.16677767199963,2.34,3.25,4.6899999999999995,0.1124315380002372,0.12610730600044917,0.09823998499996378,2.059975728012347,3.054570346218924,4.556753230097061
99.2171064639997,2.34,3.24,4.75,0.018489926000256673,0.0325210649998553,0.0045884609999120585,2.059975728012347,3.043928382863171,4.618484599952673
99.26748248999957,2.34,3.24,4.75,0.0688659520001238,0.08289709099972242,0.05496448699977918,2.059975728012347,3.043928382863171,4.618484599952673
99.31770316999973,2.34,3.24,4.75,0.11908663200028968,0.1331177709998883,0.10518516699994507,2.059975728012347,3.043928382863171,4.618484599952673
99.3680009059999,2.33,3.27,4.7299999999999995,0.025401453000085894,0.03932334500041179,0.011548948000381642,2.0486092843683004,3.075841348314311,4.597912569851671
99.41834344199924,2.33,3.27,4.7299999999999995,0.07574398899942025,0.08966588099974615,0.061891483999716,2.0486092843683004,3.075841348314311,4.597912569851671
99.46866770399993,2.33,3.27,4.7299999999999995,0.1260682510001061,0.139990143000432,0.11221574600040185,2.0486092843683004,3.075841348314311,4.597912569851671
99.51900799799932,2.3499999999999996,3.18,4.6899999999999995,0.03238058999977511,0.04632458000014594,0.018445931999849563,2.0713280763799826,2.979983221429275,4.556753230097061
99.56934264699976,2.3499999999999996,3.18,4.6899999999999995,0.08271523900020838,0.09665922900057922,0.06878058100028284,2.0713280763799826,2.979983221429275,4.556753230097061
99.61963294399993,2.3499999999999996,3.17,4.6899999999999995,0.13300553600038256,0.0029520030002458952,0.11907087800045701,2.0713280763799826,2.9693096840848376,4.556753230097061
99.66996324499996,2.3499999999999996,3.17,4.7299999999999995,0.03930994200072746,0.05328230400027678,0.025095926000176405,2.0713280763799826,2.9693096840848376,4.597912569851671
99.72029574899989,2.3499999999999996,3.17,4.7299999999999995,0.08964244600065285,0.10361480800020217,0.0754284300001018,2.0713280763799826,2.9693096840848376,4.597912569851671
99.77061986699937,2.3499999999999996,3.17,4.7299999999999995,0.13996656400013308,0.1539389259996824,0.12575254799958202,2.0713280763799826,2.9693096840848376,4.597912569851671
99.8209300059998,2.3499999999999996,3.17,4.7299999999999995,0.19027670300056343,0.20424906500011275,0.17606268700001237,2.0713280763799826,2.9693096840848376,4.597912569851671
99.87128115199994,2.3499999999999996,3.17,4.7299999999999995,0.24062784900070255,0.2546002110002519,0.2264138330001515,2.0713280763799826,2.9693096840848376,4.597912569851671
99.92157659299937,2.34,3.21,4.7299999999999995,0.002934733999609307,0.017123395999988134,0.276709273999586,2.059975728012347,3.0119760955226718,4.597912569851671
99.97192200799964,2.34,3.21,4.71,0.053280148999874655,0.06746881100025348,0.039037782000377774,2.059975728012347,3.0119760955226718,4.5773354694625565
100.02228225699946,2.34,3.21,4.71,0.1036403979996976,0.11782906000007642,0.08939803100020072,2.059975728012347,3.0119760955226718,4.5773354694625565
100.07262863799951,2.34,3.24,4.71,0.009680477000074461,0.0239064329998655,0.13974441200025467,2.059975728012347,3.043928382863171,4.5773354694625565
100.12287048999951,2.34,3.24,4.7299999999999995,0.05992232900007366,0.0741482849998647,0.0460020889995576,2.059975728012347,3.043928382863171,4.597912569851671
100.17319918499925,2.34,3.24,4.7299999999999995,0.11025102399980824,0.12447697999959928,0.09633078399929218,2.059975728012347,3.043928382863171,4.597912569851671
100.22331136399953,2.32,3.2800000000000002,4.7299999999999995,0.01635882800019317,0.030913210999642615,0.002691380000214849,2.0372285095197347,3.086470476126412,4.597912569851671
100.2734702029993,2.32,3.2800000000000002,4.7299999999999995,0.06651766699997097,0.08107204999942041,0.05285021899999265,2.0372285095197347,3.086470476126412,4.597912569851671
100.32358588699935,2.32,3.2800000000000002,4.7299999999999995,0.11663335100001859,0.13118773399946804,0.10296590300004027,2.0372285095197347,3.086470476126412,4.597912569851671
100.37389667699972,2.33,3.29,4.71,0.02294798700040701,0.037522435000028054,0.009021869999742194,2.0486092843683004,3.0970954134478967,4.5773354694625565
100.42424056599975,2.33,3.29,4.71,0.07329187600043952,0.08786632400006056,0.0593657589997747,2.0486092843683004,3.0970954134478967,4.5773354694625565
100.47458134499993,2.33,3.29,4.71,0.1236326550006197,0.13820710300024075,0.10970653799995489,2.0486092843683004,3.0970954134478967,4.5773354694625565
100.52492447799978,2.3499999999999996,3.24,4.75,0.02997541300010198,0.04418142400027136,0.016024188999836042,2.0713280763799826,3.043928382863171,4.618484599952673
100.57526872799917,2.3499999999999996,3.24,4.75,0.0803196629995,0.09452567399966938,0.06636843899923406,2.0713280763799826,3.043928382863171,4.618484599952673
100.62561003299925,2.3499999999999996,3.24,4.75,0.1306609679995745,0.14486697899974388,0.11670974399930856,2.0713280763799826,3.043928382863171,4.618484599952673
100.6758891139998,2.3499999999999996,3.24,4.75,0.18094004900012806,0.19514606000029744,0.16698882499986212,2.0713280763799826,3.043928382863171,4.618484599952673
100.72625334199984,2.3499999999999996,3.24,4.75,0.23130427700016298,0.24551028800033237,0.21735305299989705,2.0713280763799826,3.043928382863171,4.618484599952673
100.77659156399932,2.3499999999999996,3.2,4.75,0.2816424989996449,0.007582666999951471,0.26769127499937895,2.0713280763799826,3.0013163778582226,4.618484599952673
100.82692972399946,2.34,3.2,4.7299999999999995,0.04404413199972623,0.05792082700008905,0.029991534000146203,2.059975728012347,3.0013163778582226,4.597912569851671
100.87724075699953,2.34,3.2,4.7299999999999995,0.09435516499979713,0.10823186000015994,0.0803025670002171,2.059975728012347,3.0013163778582226,4.597912569851671
100.9273350529993,2.34,3.2600000000000002,4.7299999999999995,0.000389705999623402,0.014295678000053158,0.1303968629999872,2.059975728012347,3.0652079864178874,4.597912569851671
100.97768215999986,2.34,3.2600000000000002,4.75,0.050736813000185066,0.06464278500061482,0.03694351200010715,2.059975728012347,3.0652079864178874,4.618484599952673
101.02798258999974,2.34,3.2600000000000002,4.75,0.10103724300006434,0.11494321500049409,0.08724394199998642,2.059975728012347,3.0652079864178874,4.618484599952673
101.07832071199937,2.32,3.2800000000000002,4.75,0.007345299999542476,0.021496880000086094,0.13758206399961637,2.0372285095197347,3.086470476126412,4.618484599952673
101.12867608499982,2.32,3.2800000000000002,4.75,0.05770067299999937,0.07185225300054299,0.04391515899988008,2.0372285095197347,3.086470476126412,4.618484599952673
101.17899357399983,2.32,3.2800000000000002,4.75,0.10801816200000758,0.1221697420005512,0.09423264799988829,2.0372285095197347,3.086470476126412,4.618484599952673
101.22908946699954,2.31,3.2600000000000002,4.71,0.01412136199996894,0.02801892899969971,0.00014875400029268349,2.025833161936096,3.0652079864178874,4.5773354694625565
101.27923974799978,2.31,3.2600000000000002,4.71,0.06427164300021104,0.07816920999994181,0.050299035000534786,2.025833161936096,3.0652079864178874,4.5773354694625565
101.32958459399924,2.31,3.2600000000000002,4.71,0.11461648899967258,0.12851405599940335,0.10064388099999633,2.025833161936096,3.0652079864178874,4.5773354694625565
101.3797283569993,2.3499999999999996,3.27,4.7299999999999995,0.02076048399976571,0.034673047000069346,0.006824281999797677,2.0713280763799826,3.075841348314311,4.597912569851671
101.42985690799924,2.3499999999999996,3.27,4.7299999999999995,0.07088903499970911,0.08480159800001275,0.056952832999741076,2.0713280763799826,3.075841348314311,4.597912569851671
101.48029241199947,2.3499999999999996,3.27,4.7299999999999995,0.12132453899994289,0.13523710200024652,0.10738833699997485,2.0713280763799826,3.075841348314311,4.597912569851671
101.53045103399927,2.32,3.23,4.7299999999999995,0.02745443899948441,0.041613761999542476,0.013810847000058857,2.0372285095197347,3.0332820508485523,4.597912569851671
101.58077205999962,2.32,3.23,4.7299999999999995,0.07777546499983146,0.09193478799988952,0.0641318730004059,2.0372285095197347,3.0332820508485523,4.597912569851671
101.63111899199976,2.32,3.23,4.7299999999999995,0.12812239699997008,0.14228172000002814,0.11447880500054453,2.0372285095197347,3.0332820508485523,4.597912569851671
101.68150355999933,2.3499999999999996,3.24,4.7299999999999995,0.034468052000192984,0.048431248999804666,0.020595152000169037,2.0713280763799826,3.043928382863171,4.597912569851671
101.7316286309997,2.3499999999999996,3.24,4.7299999999999995,0.08459312300055899,0.09855632000017067,0.07072022300053504,2.0713280763799826,3.043928382863171,4.597912569851671
101.781752031,2.3499999999999996,3.27,4.7299999999999995,0.13471652300086134,0.004687437000029604,0.1208436230008374,2.0713280763799826,3.075841348314311,4.597912569851671
101.83207461899929,2.36,3.27,4.6899999999999995,0.04131405799944332,0.055010024999319285,0.02715839699976641,2.082666559965853,3.075841348314311,4.556753230097061
101.88237797499914,2.36,3.27,4.6899999999999995,0.09161741399930179,0.10531338099917775,0.07746175299962488,2.082666559965853,3.075841348314311,4.556753230097061
101.9326681069997,2.36,3.27,4.6899999999999995,0.14190754599985667,0.011756447999687225,0.12775188500017975,2.082666559965853,3.075841348314311,4.556753230097061
101.9830179189994,2.33,3.27,4.7299999999999995,0.04796264200012956,0.06210625999938202,0.03407289999995555,2.0486092843683004,3.075841348314311,4.597912569851671
102.03335345999949,2.33,3.27,4.7299999999999995,0.09829818300022453,0.11244180099947698,0.08440844100005052,2.0486092843683004,3.075841348314311,4.597912569851671
102.08369543399931,2.33,3.2,4.7299999999999995,0.004685533999690961,0.018575123000118765,0.13475041499987128,2.0486092843683004,3.0013163778582226,4.597912569851671
102.13382133599953,2.33,3.2,4.75,0.05481143599990901,0.06870102500033681,0.040836727999703726,2.0486092843683004,3.0013163778582226,4.618484599952673
102.18415474699941,2.33,3.2,4.75,0.10514484699979221,0.11903443600022001,0.09117013899958692,2.0486092843683004,3.0013163778582226,4.618484599952673
102.23450566299925,2.32,3.23,4.75,0.011467219999758527,0.025357004999932542,0.1415210549994299,2.0372285095197347,3.0332820508485523,4.618484599952673
102.28474127199934,2.32,3.23,4.71,0.061702828999841586,0.0755926140000156,0.04743130199949519,2.0372285095197347,3.0332820508485523,4.5773354694625565
102.33507936599926,2.32,3.23,4.71,0.11204092299976764,0.12593070799994166,0.09776939599942125,2.0372285095197347,3.0332820508485523,4.5773354694625565
102.38545252199947,2.34,3.24,4.7299999999999995,0.018548854000073334,0.03231505199983076,0.00417876499977865,2.059975728012347,3.043928382863171,4.597912569851671
102.43559603299946,2.34,3.24,4.7299999999999995,0.06869236500006082,0.08245856299981824,0.054322275999766134,2.059975728012347,3.043928382863171,4.597912569851671
102.48592628299957,2.34,3.24,4.7299999999999995,0.1190226150001763,0.13278881299993373,0.10465252599988162,2.059975728012347,3.043928382863171,4.597912569851671
102.5362237039999,2.33,3.27,4.7299999999999995,0.025253514000723953,0.03922491000048467,0.010963612000523426,2.0486092843683004,3.075841348314311,4.597912569851671
102.5865576999995,2.33,3.27,4.7299999999999995,0.07558751000033226,0.08955890600009297,0.06129760800013173,2.0486092843683004,3.075841348314311,4.597912569851671
102.63689143299962,2.33,3.27,4.7299999999999995,0.12592124300044816,0.13989263900020887,0.11163134100024763,2.0486092843683004,3.075841348314311,4.597912569851671
102.6872351689999,2.34,3.21,4.75,0.032269141000142554,0.04613085600067279,0.017970550999962143,2.059975728012347,3.0119760955226718,4.618484599952673
102.73757896699954,2.34,3.21,4.75,0.08261293899977318,0.09647465400030342,0.06831434899959277,2.059975728012347,3.0119760955226718,4.618484599952673
102.78784283099958,2.34,3.24,4.75,0.1328768029998173,0.0027142079998156987,0.11857821299963689,2.059975728012347,3.043928382863171,4.618484599952673
102.83818227999927,2.31,3.24,4.71,0.038808864999737125,0.05305365699950926,0.02487265999934607,2.025833161936096,3.043928382863171,4.5773354694625565
102.88852556999973,2.31,3.24,4.71,0.08915215500019258,0.10339694699996471,0.07521594999980152,2.025833161936096,3.043928382863171,4.5773354694625565
102.93886040599955,2.31,3.2600000000000002,4.71,0.1394869910000125,0.009793051999622548,0.12555078599962144,2.025833161936096,3.0652079864178874,4.5773354694625565
102.9891912539997,2.34,3.2600000000000002,4.6899999999999995,0.0458048520004013,0.060123899999780406,0.031874708000032115,2.059975728012347,3.0652079864178874,4.556753230097061
103.03933505699933,2.34,3.2600000000000002,4.6899999999999995,0.09594865500002925,0.11026770299940836,0.08201851099966007,2.059975728012347,3.0652079864178874,4.556753230097061
103.08962853199955,2.3499999999999996,3.27,4.6899999999999995,0.002254375999655167,0.01652599299995927,0.13231198599987692,2.0713280763799826,3.075841348314311,4.556753230097061
103.1399621239998,2.3499999999999996,3.27,4.7299999999999995,0.052587967999897955,0.06685958500020206,0.03863711699978012,2.0713280763799826,3.075841348314311,4.597912569851671
103.19030533299974,2.3499999999999996,3.27,4.7299999999999995,0.10293117699984577,0.11720279400014988,0.08898032599972794,2.0713280763799826,3.075841348314311,4.597912569851671
103.24064593499952,2.3499999999999996,3.23,4.7299999999999995,0.009256317000108538,0.023430733000168402,0.13932092799950624,2.0713280763799826,3.0332820508485523,4.597912569851671
103.2909670959998,2.3499999999999996,3.23,4.7299999999999995,0.05957747800039215,0.07375189400045201,0.0456145349999133,2.0713280763799826,3.0332820508485523,4.597912569851671
103.34130548299981,2.3499999999999996,3.23,4.7299999999999995,0.10991586500040285,0.12409028100046271,0.095952921999924,2.0713280763799826,3.0332820508485523,4.597912569851671
103.39145574699978,2.32,3.25,4.71,0.01606238700060203,0.029940412000541983,0.002048258000286296,2.0372285095197347,3.054570346218924,4.5773354694625565
103.44156876299985,2.32,3.25,4.71,0.06617540300067049,0.08005342800061044,0.05216127400035475,2.0372285095197347,3.054570346218924,4.5773354694625565
103.49166878399956,2.32,3.25,4.71,0.11627542400037782,0.13015344900031778,0.10226129500006209,2.0372285095197347,3.054570346218924,4.5773354694625565
103.5418971629997,2.32,3.19,4.75,0.022491491999971913,0.03635259400016366,0.008769081000536971,2.0372285095197347,2.990652102802999,4.618484599952673
103.59218964699994,2.32,3.19,4.75,0.0727839760002098,0.08664507800040155,0.05906156500077486,2.0372285095197347,2.990652102802999,4.618484599952673
103.64252107999982,2.32,3.19,4.75,0.12311540900009277,0.13697651100028452,0.10939299800065783,2.0372285095197347,2.990652102802999,4.618484599952673
103.69265074099985,2.32,3.19,4.75,0.1732450700001209,0.18710617200031265,0.15952265900068596,2.0372285095197347,2.990652102802999,4.618484599952673
103.74279363299956,2.32,3.19,4.75,0.22338796199983335,0.2372490640000251,0.2096655510003984,2.0372285095197347,2.990652102802999,4.618484599952673
103.79301662399939,2.32,3.19,4.75,0.2736109529996611,0.28747205499985284,0.25988854200022615,2.0372285095197347,2.990652102802999,4.618484599952673
103.84335427899987,2.34,3.2600000000000002,4.7299999999999995,0.035831449999932374,0.049830846000077145,0.022275312000601843,2.059975728012347,3.0652079864178874,4.597912569851671
103.89368380299948,2.34,3.2600000000000002,4.7299999999999995,0.08616097399954015,0.10016036999968492,0.07260483600020962,2.059975728012347,3.0652079864178874,4.597912569851671
103.94401935499991,2.34,3.19,4.7299999999999995,0.13649652599997353,0.006501367000055325,0.122940388000643,2.059975728012347,2.990652102802999,4.597912569851671
103.99436546099969,2.3499999999999996,3.19,4.7299999999999995,0.04329335300008097,0.05684747299983428,0.029216713000096206,2.0713280763799826,2.990652102802999,4.597912569851671
104.04467320899948,2.3499999999999996,3.19,4.7299999999999995,0.09360110099987651,0.10715522099962982,0.07952446099989174,2.0713280763799826,2.990652102802999,4.597912569851671
104.09499632699954,2.3499999999999996,3.2,4.7299999999999995,0.1439242189999277,0.013453704000312428,0.12984757899994293,2.0713280763799826,3.0013163778582226,4.597912569851671
104.14530565299992,2.32,3.2,4.6899999999999995,0.04983982400062814,0.06376303000070038,0.035922926000239386,2.0372285095197347,3.0013163778582226,4.556753230097061
104.19547520299966,2.32,3.2,4.6899999999999995,0.10000937400036491,0.11393258000043716,0.08609247599997616,2.0372285095197347,3.0013163778582226,4.556753230097061
104.24580535699988,2.34,3.21,4.6899999999999995,0.00631851900016045,0.020233971000379825,0.1364226300001974,2.059975728012347,3.0119760955226718,4.556753230097061
104.29591462999997,2.34,3.21,4.71,0.05642779200024961,0.07034324400046899,0.0428799990004336,2.059975728012347,3.0119760955226718,4.5773354694625565
104.34624876599992,2.34,3.21,4.71,0.10676192800019635,0.12067738000041572,0.09321413500038034,2.059975728012347,3.0119760955226718,4.5773354694625565
104.39658022899948,2.32,3.23,4.71,0.013132072999724187,0.026975722999850404,0.14354559799994604,2.0372285095197347,3.0332820508485523,4.5773354694625565
104.44691979699928,2.32,3.23,4.71,0.06347164099952352,0.07731529099964973,0.04942530500011344,2.0372285095197347,3.0332820508485523,4.5773354694625565
104.49727165099921,2.32,3.23,4.71,0.11382349499945121,0.12766714499957743,0.09977715900004114,2.0372285095197347,3.0332820508485523,4.5773354694625565
104.54760519499996,2.33,3.27,4.75,0.020108833000449522,0.034053184000185865,0.005880094000531244,2.0486092843683004,3.075841348314311,4.618484599952673
104.59793138499936,2.33,3.27,4.75,0.07043502299984539,0.08437937399958173,0.05620628399992711,2.0486092843683004,3.075841348314311,4.618484599952673
104.64829841699975,2.33,3.27,4.75,0.12080205500024022,0.13474640599997656,0.10657331600032194,2.0486092843683004,3.075841348314311,4.618484599952673
104.69846084499932,2.32,3.23,4.71,0.02719807999983459,0.04123637399970903,0.012732495999443927,2.0372285095197347,3.0332820508485523,4.5773354694625565
104.74877495299916,2.32,3.23,4.71,0.07751218799967319,0.09155048199954763,0.06304660399928252,2.0372285095197347,3.0332820508485523,4.5773354694625565
104.79912892199991,2.32,3.23,4.71,0.12786615700042603,0.14190445100030047,0.11340057300003537,2.0372285095197347,3.0332820508485523,4.5773354694625565
104.84927154199977,2.33,3.2800000000000002,4.71,0.03377425899998343,0.047708351999972365,0.019537967999895045,2.0486092843683004,3.086470476126412,4.5773354694625565
104.89961483999923,2.33,3.2800000000000002,4.71,0.08411755699944479,0.09805164999943372,0.0698812659993564,2.0486092843683004,3.086470476126412,4.5773354694625565
104.9497358639992,2.33,3.23,4.71,0.13423858099940844,0.004161645999374741,0.12000228999932006,2.0486092843683004,3.0332820508485523,4.5773354694625565
105.0000638699994,2.31,3.23,4.75,0.040844105999894964,0.05448965199957456,0.026342348999605747,2.025833161936096,3.0332820508485523,4.618484599952673
105.0503636909998,2.31,3.23,4.75,0.09114392700030294,0.10478947299998254,0.07664217000001372,2.025833161936096,3.0332820508485523,4.618484599952673
105.10065920499983,2.31,3.15,4.75,0.14143944100032968,0.011078585000177554,0.12693768400004046,2.025833161936096,2.947948439169179,4.618484599952673
105.15097120499922,2.34,3.15,4.71,0.04747535199931008,0.06139058499957173,0.033262870999351435,2.059975728012347,2.947948439169179,4.5773354694625565
105.20109519599919,2.34,3.15,4.71,0.09759934299927409,0.11151457599953574,0.08338686199931544,2.059975728012347,2.947948439169179,4.5773354694625565
105.2511813759993,2.34,3.2600000000000002,4.71,0.0038270369996098452,0.017987707999964186,0.133473041999423,2.059975728012347,3.0652079864178874,4.5773354694625565
105.30151897499945,2.34,3.2600000000000002,4.75,0.05416463599976851,0.06832530700012285,0.040328250999664306,2.059975728012347,3.0652079864178874,4.618484599952673
105.35186176699972,2.34,3.2600000000000002,4.75,0.10450742800003354,0.11866809900038788,0.09067104299992934,2.059975728012347,3.0652079864178874,4.618484599952673
105.40214623999964,2.32,3.25,4.75,0.010288424999998824,0.02477558299960947,0.140955515999849,2.0372285095197347,3.054570346218924,4.618484599952673
105.45248947499931,2.32,3.25,4.71,0.06063165999967168,0.07511881799928233,0.04665453899997374,2.0372285095197347,3.054570346218924,4.5773354694625565
105.50280772299993,2.32,3.25,4.71,0.11094990800029336,0.125437065999904,0.09697278700059542,2.0372285095197347,3.054570346218924,4.5773354694625565
105.55294723499992,2.34,3.27,4.75,0.017122249000749434,0.031354248000752705,0.0031505220003964496,2.059975728012347,3.075841348314311,4.618484599952673
105.60328887099968,2.34,3.27,4.75,0.06746388500050671,0.08169588400050998,0.05349215800015372,2.059975728012347,3.075841348314311,4.618484599952673
105.6534504579995,2.34,3.27,4.75,0.11762547200032714,0.1318574710003304,0.10365374499997415,2.059975728012347,3.075841348314311,4.618484599952673
105.70368986799986,2.34,3.25,4.7299999999999995,0.02386300200032565,0.03778612499991141,0.0099076310007149,2.059975728012347,3.054570346218924,4.597912569851671
105.75381417099925,2.34,3.25,4.7299999999999995,0.07398730499971862,0.08791042799930437,0.06003193400010787,2.059975728012347,3.054570346218924,4.597912569851671
105.80413176799993,2.34,3.25,4.7299999999999995,0.12430490200040367,0.13822802499998943,0.11034953100079292,2.059975728012347,3.054570346218924,4.597912569851671
105.85448111299957,2.34,3.2,4.7299999999999995,0.03060160800032463,0.04455591300029482,0.01670346100036113,2.059975728012347,3.0013163778582226,4.597912569851671
105.90481338299924,2.34,3.2,4.7299999999999995,0.08093387799999618,0.09488818299996638,0.06703573100003268,2.059975728012347,3.0013163778582226,4.597912569851671
105.95490061299915,2.34,3.25,4.7299999999999995,0.1310211079999135,0.0009985159995267168,0.11712296099995001,2.059975728012347,3.054570346218924,4.597912569851671
106.00520411699927,2.34,3.25,4.71,0.03732005699930596,0.051302019999639015,0.02342683400001988,2.059975728012347,3.054570346218924,4.5773354694625565
106.05550751800001,2.34,3.25,4.71,0.08762345800005278,0.10160542100038583,0.0737302350007667,2.059975728012347,3.054570346218924,4.5773354694625565
106.10583429599956,2.34,3.21,4.71,0.13795023599959677,0.007919214000139618,0.12405701300031069,2.059975728012347,3.0119760955226718,4.5773354694625565
106.15616694999972,2.34,3.21,4.71,0.04428752100011479,0.05825186800029769,0.030612528000347083,2.059975728012347,3.0119760955226718,4.5773354694625565
106.2065160839993,2.34,3.21,4.71,0.09463665499970375,0.10860100199988665,0.08096166199993604,2.059975728012347,3.0119760955226718,4.5773354694625565
106.25660294299996,2.33,3.24,4.71,0.00073334100034117,0.014656574000582623,0.1310485210005936,2.0486092843683004,3.043928382863171,4.5773354694625565
106.30692696099959,2.33,3.24,4.75,0.05105735899996944,0.06498059200021089,0.03739523999956873,2.0486092843683004,3.043928382863171,4.618484599952673
106.3572467289996,2.33,3.24,4.75,0.10137712699997792,0.11530036000021937,0.08771500799957721,2.0486092843683004,3.043928382863171,4.618484599952673
106.40759561199957,2.34,3.2600000000000002,4.75,0.0077488240003731335,0.02186096399964299,0.13806389099954686,2.059975728012347,3.0652079864178874,4.618484599952673
106.45794227799979,2.34,3.2600000000000002,4.71,0.05809549000059633,0.07220762999986619,0.04417949399976351,2.059975728012347,3.0652079864178874,4.5773354694625565
106.50828005499989,2.34,3.2600000000000002,4.71,0.10843326700069156,0.12254540699996141,0.09451727099985874,2.059975728012347,3.0652079864178874,4.5773354694625565
106.55836655799976,2.32,3.2800000000000002,4.7299999999999995,0.014518109000164259,0.02844094500051142,0.0007902770003056503,2.0372285095197347,3.086470476126412,4.597912569851671
106.60869692199958,2.32,3.2800000000000002,4.7299999999999995,0.06484847299998364,0.0787713090003308,0.05112064100012503,2.0372285095197347,3.086470476126412,4.597912569851671
106.65878562699982,2.32,3.2800000000000002,4.7299999999999995,0.11493717800021841,0.12886001400056557,0.1012093460003598,2.0372285095197347,3.086470476126412,4.597912569851671
106.70911314799923,2.32,3.2800000000000002,4.7299999999999995,0.16526469899963558,0.17918753499998274,0.15153686699977698,2.0372285095197347,3.086470476126412,4.597912569851671
106.7592023749994,2.32,3.2800000000000002,4.7299999999999995,0.21535392599980696,0.22927676200015412,0.20162609399994835,2.0372285095197347,3.086470476126412,4.597912569851671
106.8094928999999,2.32,3.2800000000000002,4.7299999999999995,0.26564445100029843,0.2795672870006456,0.2519166190004398,2.0372285095197347,3.086470476126412,4.597912569851671
106.85981365899988,2.34,3.23,4.71,0.027961257000242767,0.04212911400009034,0.014134620000731957,2.059975728012347,3.0332820508485523,4.5773354694625565
106.91014164499938,2.34,3.23,4.71,0.0782892429997446,0.09245709999959217,0.06446260600023379,2.059975728012347,3.0332820508485523,4.5773354694625565
106.96047112699944,2.34,3.23,4.71,0.12861872499979654,0.1427865819996441,0.11479208800028573,2.059975728012347,3.0332820508485523,4.5773354694625565
107.01077239099959,2.36,3.24,4.7299999999999995,0.03504797099958523,0.04894022699954803,0.020896046999951068,2.082666559965853,3.043928382863171,4.597912569851671
107.06108300100004,2.36,3.24,4.7299999999999995,0.08535858100003679,0.09925083699999959,0.07120665700040263,2.082666559965853,3.043928382863171,4.597912569851671
107.11144319499999,2.36,3.27,4.7299999999999995,0.13571877499998664,0.005477518000589043,0.12156685100035247,2.082666559965853,3.075841348314311,4.597912569851671
107.16176239499964,2.34,3.27,4.71,0.04214042800049356,0.05579671800023789,0.027618907000032777,2.059975728012347,3.075841348314311,4.5773354694625565
107.21208770599969,2.34,3.27,4.71,0.092465739000545,0.10612202900028933,0.07794421800008422,2.059975728012347,3.075841348314311,4.5773354694625565
107.26245554199977,2.34,3.2800000000000002,4.71,0.14283357500062266,0.012508968000474852,0.12831205400016188,2.059975728012347,3.086470476126412,4.5773354694625565
107.31279440399976,2.3499999999999996,3.2800000000000002,4.7299999999999995,0.0490681390001555,0.06284783000046446,0.03465124100057437,2.0713280763799826,3.086470476126412,4.597912569851671
107.36313906199939,2.3499999999999996,3.2800000000000002,4.7299999999999995,0.09941279699978622,0.11319248800009518,0.0849958990002051,2.0713280763799826,3.086470476126412,4.597912569851671
107.41348145899974,2.36,3.23,4.7299999999999995,0.005813831000523351,0.01950344299984863,0.1353382960005547,2.082666559965853,3.0332820508485523,4.597912569851671
107.46380771999975,2.36,3.23,4.71,0.056140092000532604,0.06982970399985788,0.04187381700012338,2.082666559965853,3.0332820508485523,4.5773354694625565
107.5141363799994,2.36,3.23,4.71,0.10646875200018258,0.12015836399950786,0.09220247699977335,2.082666559965853,3.0332820508485523,4.5773354694625565
107.56449791399973,2.3499999999999996,3.31,4.71,0.012564382999698864,0.026524185000198486,0.14256401100010407,2.0713280763799826,3.118332887938682,4.5773354694625565
107.61483365499953,2.3499999999999996,3.31,4.7299999999999995,0.06290012399949774,0.07685992599999736,0.048681985000257555,2.0713280763799826,3.118332887938682,4.597912569851671
107.66517988399937,2.3499999999999996,3.31,4.7299999999999995,0.11324635299934016,0.12720615499983978,0.09902821400009998,2.0713280763799826,3.118332887938682,4.597912569851671
107.71537745299975,2.34,3.16,4.7299999999999995,0.019292492999738897,0.03339983600017149,0.00527278000026854,2.059975728012347,2.9586314403791496,4.597912569851671
107.76570741299929,2.34,3.16,4.7299999999999995,0.06962245299928327,0.08372979599971586,0.05560273999981291,2.059975728012347,2.9586314403791496,4.597912569851671
107.8160641759996,2.34,3.16,4.7299999999999995,0.11997921599959227,0.13408655900002486,0.10595950300012191,2.059975728012347,2.9586314403791496,4.597912569851671
107.86639314199965,2.33,3.2,4.7299999999999995,0.026332999999794993,0.040726914000515535,0.012241583000104583,2.0486092843683004,3.0013163778582226,4.597912569851671
107.9167285679996,2.33,3.2,4.7299999999999995,0.07666842599974188,0.09106234000046243,0.06257700900005148,2.0486092843683004,3.0013163778582226,4.597912569851671
107.96706777199961,2.33,3.2,4.7299999999999995,0.12700762999975268,0.14140154400047322,0.11291621300006227,2.0486092843683004,3.0013163778582226,4.597912569851671
108.01746171899958,2.3499999999999996,3.25,4.71,0.033185389999744075,0.04748601699975552,0.01929157300037332,2.0713280763799826,3.054570346218924,4.5773354694625565
108.06779559299957,2.3499999999999996,3.25,4.71,0.08351926399973308,0.09781989099974453,0.06962544700036233,2.0713280763799826,3.054570346218924,4.5773354694625565
108.1181300319995,2.3499999999999996,3.27,4.71,0.1338537029996587,0.004149413000050117,0.11995988600028795,2.0713280763799826,3.075841348314311,4.5773354694625565
108.16849772899968,2.34,3.27,4.71,0.04019318900009239,0.054517110000233515,0.0264648849997684,2.059975728012347,3.075841348314311,4.5773354694625565
108.21867340599965,2.34,3.27,4.71,0.09036886600006255,0.10469278700020368,0.07664056199973857,2.059975728012347,3.075841348314311,4.5773354694625565
108.26891810699999,2.34,3.21,4.71,0.1406135670004005,0.010579574000075809,0.12688526300007652,2.059975728012347,3.0119760955226718,4.5773354694625565
108.31922250199932,2.3499999999999996,3.21,4.71,0.04695551699933276,0.060883968999405624,0.0330002169994259,2.0713280763799826,3.0119760955226718,4.5773354694625565
108.36957898199944,2.3499999999999996,3.21,4.71,0.09731199699945137,0.11124044899952423,0.08335669699954451,2.0713280763799826,3.0119760955226718,4.5773354694625565
108.41991801799941,2.34,3.23,4.71,0.003849484000056691,0.017561818000103813,0.13369573299951298,2.059975728012347,3.0332820508485523,4.5773354694625565
108.47025798999948,2.34,3.23,4.6899999999999995,0.05418945600013103,0.06790179000017815,0.040073107999887725,2.059975728012347,3.0332820508485523,4.556753230097061
108.5205709109996,2.34,3.23,4.6899999999999995,0.10450237700024445,0.11821471100029157,0.09038602900000114,2.059975728012347,3.0332820508485523,4.556753230097061
108.5707613049999,2.34,3.29,4.6899999999999995,0.010492014000192285,0.02461252300054184,0.14057642300031148,2.059975728012347,3.0970954134478967,4.556753230097061
108.62109832099941,2.34,3.29,4.75,0.060829029999695194,0.07494953900004475,0.04689413399955811,2.059975728012347,3.0970954134478967,4.618484599952673
108.67146688799949,2.34,3.29,4.75,0.11119759699977294,0.1253181060001225,0.09726270099963585,2.059975728012347,3.0970954134478967,4.618484599952673
108.72176828699958,2.34,3.2600000000000002,4.7299999999999995,0.01748303099975601,0.03140184499989118,0.0035308930000610417,2.059975728012347,3.0652079864178874,4.597912569851671
108.77209257899995,2.34,3.2600000000000002,4.7299999999999995,0.0678073230001246,0.08172613700025977,0.05385518500042963,2.059975728012347,3.0652079864178874,4.597912569851671
108.82245528899966,2.34,3.2600000000000002,4.7299999999999995,0.11817003299984208,0.13208884699997725,0.10421789500014711,2.059975728012347,3.0652079864178874,4.597912569851671
108.8726755509997,2.34,3.25,4.7299999999999995,0.024715917999856174,0.03833679000035772,0.010466595999787387,2.059975728012347,3.054570346218924,4.597912569851671
108.9229999119998,2.34,3.25,4.7299999999999995,0.0750402789999498,0.08866115100045135,0.06079095699988102,2.059975728012347,3.054570346218924,4.597912569851671
108.97329725799955,2.34,3.25,4.7299999999999995,0.1253376249997018,0.13895849700020335,0.11108830299963302,2.059975728012347,3.054570346218924,4.597912569851671
109.0236113459996,2.33,3.2600000000000002,4.75,0.03132979600013641,0.04526557499957562,0.017526098000416823,2.0486092843683004,3.0652079864178874,4.618484599952673
109.07395066499976,2.33,3.2600000000000002,4.75,0.08166911500029528,0.09560489399973449,0.06786541700057569,2.0486092843683004,3.0652079864178874,4.618484599952673
109.12428193399955,2.33,3.25,4.75,0.13200038400009362,0.002125261000401224,0.11819668600037403,2.0486092843683004,3.054570346218924,4.618484599952673
109.1745964519996,2.3,3.25,4.7299999999999995,0.038326279999637336,0.05243977900045138,0.024367730000449228,2.014422994308792,3.054570346218924,4.597912569851671
109.22473430899936,2.3,3.25,4.7299999999999995,0.08846413699939149,0.10257763600020553,0.07450558700020338,2.014422994308792,3.054570346218924,4.597912569851671
109.27508101399962,2.3,3.2600000000000002,4.7299999999999995,0.138810841999657,0.00872196599993913,0.12485229200046888,2.014422994308792,3.0652079864178874,4.597912569851671
109.32541064299949,2.3499999999999996,3.2600000000000002,4.71,0.04512290999991819,0.05905159499980073,0.03132861700032663,2.0713280763799826,3.0652079864178874,4.5773354694625565
109.3757749009992,2.3499999999999996,3.2600000000000002,4.71,0.09548716799963586,0.10941585299951839,0.0816928750000443,2.0713280763799826,3.0652079864178874,4.5773354694625565
109.42591572499987,2.33,3.25,4.71,0.0018517160006013,0.015546913999969547,0.1318336990007083,2.0486092843683004,3.054570346218924,4.5773354694625565
109.47625935799988,2.33,3.25,4.71,0.05219534900061262,0.06589054699998087,0.038043280000238155,2.0486092843683004,3.054570346218924,4.5773354694625565
109.52659986199978,2.33,3.25,4.71,0.10253585300051782,0.11623105099988607,0.08838378400014335,2.0486092843683004,3.054570346218924,4.5773354694625565
109.57693550199929,2.3499999999999996,3.2600000000000002,4.71,0.008644228999401093,0.02256684799976938,0.1387194239996461,2.0713280763799826,3.0652079864178874,4.5773354694625565
109.6272696799997,2.3499999999999996,3.2600000000000002,4.7299999999999995,0.05897840699981316,0.07290102600018145,0.04487543699997332,2.0713280763799826,3.0652079864178874,4.597912569851671
109.67760912999984,2.3499999999999996,3.2600000000000002,4.7299999999999995,0.10931785699995089,0.12324047600031918,0.09521488700011105,2.0713280763799826,3.0652079864178874,4.597912569851671
109.72794635599985,2.3499999999999996,3.2600000000000002,4.7299999999999995,0.15965508299996145,0.17357770200032974,0.1455521130001216,2.0713280763799826,3.0652079864178874,4.597912569851671
109.77828884799965,2.3499999999999996,3.2600000000000002,4.7299999999999995,0.20999757499976113,0.2239201940001294,0.19589460499992128,2.0713280763799826,3.0652079864178874,4.597912569851671
109.82862081199983,2.3499999999999996,3.2600000000000002,4.7299999999999995,0.26032953899994027,0.27425215800030855,0.24622656900010043,2.0713280763799826,3.0652079864178874,4.597912569851671
109.87876203399992,2.29,3.2,4.71,0.022465949000434193,0.03635797400056617,0.008461190000161878,2.0029977533686854,3.0013163778582226,4.5773354694625565
109.92910525299976,2.29,3.2,4.71,0.07280916800027626,0.08670119300040824,0.05880440900000394,2.0029977533686854,3.0013163778582226,4.5773354694625565
109.97946693699942,2.29,3.2,4.71,0.12317085199993016,0.13706287700006214,0.10916609299965785,2.0029977533686854,3.0013163778582226,4.5773354694625565
110.02963923299922,2.34,3.27,4.71,0.029546886999924027,0.0434978899993439,0.015015813999525562,2.059975728012347,3.075841348314311,4.5773354694625565
110.07997194299969,2.34,3.27,4.71,0.07987959700039937,0.09383059999981924,0.06534852400000091,2.059975728012347,3.075841348314311,4.5773354694625565
110.13014210299934,2.34,3.27,4.71,0.1300497570000516,0.14400075999947148,0.11551868399965315,2.059975728012347,3.075841348314311,4.5773354694625565
110.18048713799999,2.36,3.2600000000000002,4.7299999999999995,0.0361629590006487,0.04984005200003594,0.021884709000005387,2.082666559965853,3.0652079864178874,4.597912569851671
110.23061565999978,2.36,3.2600000000000002,4.7299999999999995,0.08629148100044404,0.09996857399983128,0.07201323099980073,2.082666559965853,3.0652079864178874,4.597912569851671
110.28075376299967,2.36,3.18,4.7299999999999995,0.13642958400032512,0.006724538000526081,0.12215133399968181,2.082666559965853,2.979983221429275,4.597912569851671
110.3311218129993,2.33,3.18,4.71,0.04277238399936323,0.057092588000159594,0.028494008000052418,2.0486092843683004,2.979983221429275,4.5773354694625565
110.3814946929997,2.33,3.18,4.71,0.09314526399975875,0.10746546800055512,0.07886688800044794,2.0486092843683004,2.979983221429275,4.5773354694625565
110.43182477699975,2.33,3.2,4.71,0.14347534799981077,0.01357637999990402,0.12919697200049995,2.0486092843683004,3.0013163778582226,4.5773354694625565
110.48197850699944,2.33,3.2,4.7299999999999995,0.04913437899995188,0.06373010999959661,0.035350706999452086,2.0486092843683004,3.0013163778582226,4.597912569851671
110.53210806899915,2.33,3.2,4.7299999999999995,0.09926394099966274,0.11385967199930747,0.08548026899916294,2.0486092843683004,3.0013163778582226,4.597912569851671
110.5824502989999,2.34,3.25,4.7299999999999995,0.005890392000765132,0.020037832000525668,0.1358224989999144,2.059975728012347,3.054570346218924,4.597912569851671
110.63272424099978,2.34,3.25,4.7299999999999995,0.05616433400064125,0.07031177400040178,0.04245260700008657,2.059975728012347,3.054570346218924,4.597912569851671
110.6830581739996,2.34,3.25,4.7299999999999995,0.10649826700046106,0.12064570700022159,0.09278653999990638,2.059975728012347,3.054570346218924,4.597912569851671
110.7332036129992,2.34,3.2600000000000002,4.7299999999999995,0.012610953999683261,0.026390999999421183,0.14293197899951338,2.059975728012347,3.0652079864178874,4.597912569851671
110.78351041699989,2.34,3.2600000000000002,4.71,0.06291775800036703,0.07669780400010495,0.04919063500074117,2.059975728012347,3.0652079864178874,4.5773354694625565
110.83383259099992,2.34,3.2600000000000002,4.71,0.11323993200039695,0.12701997800013487,0.09951280900077109,2.059975728012347,3.0652079864178874,4.5773354694625565
110.88415679699938,2.3499999999999996,3.25,4.75,0.01943748699977732,0.0333564969996587,0.005502156999682484,2.0713280763799826,3.054570346218924,4.618484599952673
110.93448156899922,2.3499999999999996,3.25,4.75,0.06976225899961719,0.08368126899949857,0.05582692899952235,2.0713280763799826,3.054570346218924,4.618484599952673
110.98482282399982,2.3499999999999996,3.25,4.75,0.12010351400022046,0.13402252400010184,0.10616818400012562,2.0713280763799826,3.054570346218924,4.618484599952673
111.03521941899999,2.3,3.25,4.75,0.02650090800034377,0.04059095499997056,0.012553084000501258,2.014422994308792,3.054570346218924,4.618484599952673
111.08556475299974,2.3,3.25,4.75,0.07684624200010148,0.09093628899972828,0.06289841800025897,2.014422994308792,3.054570346218924,4.618484599952673
111.13570740299929,2.3,3.25,4.75,0.1269888919996447,0.14107893899927149,0.11304106799980218,2.014422994308792,3.054570346218924,4.618484599952673
111.18605095699968,2.34,3.2600000000000002,4.77,0.033338109999931476,0.04720703800012416,0.019522857000083604,2.059975728012347,3.0652079864178874,4.63905162721865
111.23619127899929,2.34,3.2600000000000002,4.77,0.08347843199953786,0.09734735999973054,0.06966317899968999,2.059975728012347,3.0652079864178874,4.63905162721865
111.28630303699993,2.34,3.27,4.77,0.13359019000017724,0.0038089310000941623,0.11977493700032937,2.059975728012347,3.075841348314311,4.63905162721865
111.33665962499981,2.3499999999999996,3.27,4.71,0.04008761300065089,0.05416551899998012,0.02602936099992803,2.0713280763799826,3.075841348314311,4.5773354694625565
111.38697894300003,2.3499999999999996,3.27,4.71,0.09040693100087083,0.10448483700020006,0.07634867900014797,2.0713280763799826,3.075841348314311,4.5773354694625565
111.43725769799948,2.3499999999999996,3.23,4.71,0.1406856860003245,0.010468782000316423,0.12662743399960164,2.0713280763799826,3.0332820508485523,4.5773354694625565
111.48758632199952,2.34,3.23,4.71,0.04707167099968501,0.06079740600034711,0.0329310400002214,2.059975728012347,3.0332820508485523,4.5773354694625565
111.5379041999995,2.34,3.23,4.71,0.09738954899967212,0.11111528400033421,0.0832489180002085,2.059975728012347,3.0332820508485523,4.5773354694625565
111.58825825099939,2.34,3.24,4.71,0.0036694880000140984,0.01747057699958532,0.13360296900009416,2.059975728012347,3.043928382863171,4.5773354694625565
111.63859032599976,2.34,3.24,4.71,0.05400156300038361,0.06780265199995483,0.039934874000209675,2.059975728012347,3.043928382863171,4.5773354694625565
111.68892882599994,2.34,3.24,4.71,0.10434006300056353,0.11814115200013475,0.0902733740003896,2.059975728012347,3.043928382863171,4.5773354694625565
111.7390616699995,2.3499999999999996,3.31,4.71,0.010330322999834607,0.02428123499976209,0.1404062179999528,2.0713280763799826,3.118332887938682,4.5773354694625565
111.78939149300004,2.3499999999999996,3.31,4.71,0.06066014600037306,0.07461105800030055,0.046717676000298525,2.0713280763799826,3.118332887938682,4.5773354694625565
111.83970268499979,2.3499999999999996,3.31,4.71,0.1109713380001267,0.12492225000005419,0.09702886800005217,2.0713280763799826,3.118332887938682,4.5773354694625565
111.89003483999932,2.34,3.21,4.75,0.017362182999931974,0.031235538000146335,0.0033578299999135197,2.059975728012347,3.0119760955226718,4.618484599952673
111.94019936599943,2.34,3.21,4.75,0.06752670900004887,0.08140006400026323,0.05352235600003041,2.059975728012347,3.0119760955226718,4.618484599952673
111.99052816399944,2.34,3.21,4.75,0.11785550700005842,0.13172886200027278,0.10385115400003997,2.059975728012347,3.0119760955226718,4.618484599952673
112.04074200799914,2.3499999999999996,3.24,4.7299999999999995,0.024011289999180008,0.03795104899927537,0.010068477999993775,2.0713280763799826,3.043928382863171,4.597912569851671
112.09106908899957,2.3499999999999996,3.24,4.7299999999999995,0.07433837099961238,0.08827812999970774,0.06039555900042615,2.0713280763799826,3.043928382863171,4.597912569851671
112.14134011599981,2.3499999999999996,3.24,4.7299999999999995,0.12460939799984772,0.13854915699994308,0.11066658600066148,2.0713280763799826,3.043928382863171,4.597912569851671
112.19166255799973,2.34,3.25,4.77,0.030935853000300995,0.045104589000402484,0.01695287599977746,2.059975728012347,3.054570346218924,4.63905162721865
112.24198282199995,2.34,3.25,4.77,0.08125611700052104,0.09542485300062253,0.06727313999999751,2.059975728012347,3.054570346218924,4.63905162721865
112.29227720999916,2.34,3.2,4.77,0.13155050499972276,0.0014673429996037157,0.11756752799919923,2.059975728012347,3.0013163778582226,4.63905162721865
112.34260980699946,2.36,3.2,4.67,0.0378693189995829,0.05179993999990984,0.023612119000063103,2.082666559965853,3.0013163778582226,4.5361657818029535
112.39273803499964,2.36,3.2,4.67,0.08799754699975892,0.10192816800008586,0.07374034700023913,2.082666559965853,3.0013163778582226,4.5361657818029535
112.44306906299971,2.36,3.24,4.67,0.1383285749998322,0.008260149999841815,0.1240713750003124,2.082666559965853,3.043928382863171,4.5361657818029535
112.49332498199965,2.34,3.24,4.7299999999999995,0.044786313000258815,0.058516068999779236,0.03033278099974268,2.059975728012347,3.043928382863171,4.597912569851671
112.54363768499934,2.34,3.24,4.7299999999999995,0.09509901599994919,0.10882877199946961,0.08064548399943305,2.059975728012347,3.043928382863171,4.597912569851671
112.59389244199974,2.3499999999999996,3.23,4.7299999999999995,0.001114796000365459,0.015064797999912116,0.13090024099983566,2.0713280763799826,3.0332820508485523,4.597912569851671
112.64423412899941,2.3499999999999996,3.23,4.71,0.05145648300003813,0.06540648499958479,0.03723979000005784,2.0713280763799826,3.0332820508485523,4.5773354694625565
112.69436803899953,2.3499999999999996,3.23,4.71,0.10159039300015138,0.11554039499969804,0.08737370000017108,2.0713280763799826,3.0332820508485523,4.5773354694625565
112.74469987999964,2.3499999999999996,3.23,4.71,0.15192223400026705,0.1658722359998137,0.13770554100028676,2.0713280763799826,3.0332820508485523,4.5773354694625565
112.79480931999933,2.3499999999999996,3.23,4.71,0.20203167399995436,0.21598167599950102,0.18781498099997407,2.0713280763799826,3.0332820508485523,4.5773354694625565
112.84494422199987,2.3499999999999996,3.23,4.71,0.25216657600049075,0.2661165780000374,0.23794988300051045,2.0713280763799826,3.0332820508485523,4.5773354694625565
112.89504296199993,2.33,3.24,4.71,0.013976673000797746,0.028190715000164346,9.828400015976513e-05,2.0486092843683004,3.043928382863171,4.5773354694625565
112.94538727500003,2.33,3.24,4.71,0.06432098600089375,0.07853502800026035,0.05044259700025577,2.0486092843683004,3.043928382863171,4.5773354694625565
112.99554504199932,2.33,3.24,4.71,0.11447875300018495,0.12869279499955155,0.10060036399954697,2.0486092843683004,3.043928382863171,4.5773354694625565
113.04568314799963,2.34,3.23,4.7299999999999995,0.020588049000252795,0.03484361299979355,0.00666046100013773,2.059975728012347,3.0332820508485523,4.597912569851671
113.09601751899936,2.34,3.23,4.7299999999999995,0.07092241999998805,0.0851779839995288,0.056994831999872986,2.059975728012347,3.0332820508485523,4.597912569851671
113.1463783929994,2.34,3.23,4.7299999999999995,0.12128329400002258,0.13553885799956333,0.10735570599990751,2.059975728012347,3.0332820508485523,4.597912569851671
113.19671075099996,2.33,3.23,4.7299999999999995,0.02780373900077393,0.042173402000116766,0.013822902000356407,2.0486092843683004,3.0332820508485523,4.597912569851671
113.24705304500003,2.33,3.23,4.7299999999999995,0.07814603300084855,0.09251569600019138,0.06416519600043102,2.0486092843683004,3.0332820508485523,4.597912569851671
113.29718001199944,2.33,3.23,4.7299999999999995,0.12827300000026298,0.14264266299960582,0.11429216299984546,2.0486092843683004,3.0332820508485523,4.597912569851671
113.34750736099977,2.36,3.25,4.7299999999999995,0.034518950000347104,0.04833211300046969,0.0204940430003262,2.082666559965853,3.054570346218924,4.597912569851671
113.39782590499999,2.36,3.25,4.7299999999999995,0.08483749400056695,0.09865065700068953,0.07081258700054605,2.082666559965853,3.054570346218924,4.597912569851671
113.4481649699992,2.36,3.17,4.7299999999999995,0.135176558999774,0.004934698999932152,0.12115165199975308,2.082666559965853,2.9693096840848376,4.597912569851671
113.49853337699915,2.34,3.17,4.71,0.041601914999773726,0.05530310599988297,0.02765473299950827,2.059975728012347,2.9693096840848376,4.5773354694625565
113.54883576099928,2.34,3.17,4.71,0.09190429899990704,0.10560549000001629,0.07795711699964158,2.059975728012347,2.9693096840848376,4.5773354694625565
113.5992280219998,2.34,3.23,4.71,0.14229656000043178,0.01212910300000658,0.12834937800016633,2.059975728012347,3.0332820508485523,4.5773354694625565
113.64941255999929,2.34,3.23,4.71,0.04830163699989498,0.062313640999491327,0.034356825999566354,2.059975728012347,3.0332820508485523,4.5773354694625565
113.69975894699928,2.34,3.23,4.71,0.09864802399988548,0.11266002799948183,0.08470321299955685,2.059975728012347,3.0332820508485523,4.5773354694625565
113.75009349299944,2.32,3.2800000000000002,4.71,0.00497276099940791,0.018900733000009495,0.13503775899971515,2.0372285095197347,3.086470476126412,4.5773354694625565
113.80039836099968,2.32,3.2800000000000002,4.71,0.05527762899964728,0.06920560100024886,0.041673888000332227,2.0372285095197347,3.086470476126412,4.5773354694625565
113.85053963899918,2.32,3.2800000000000002,4.71,0.10541890699914802,0.1193468789997496,0.09181516599983297,2.0372285095197347,3.086470476126412,4.5773354694625565
113.90076060499996,2.31,3.23,4.71,0.011789172000135295,0.02558236599998054,0.14203613200061227,2.025833161936096,3.0332820508485523,4.5773354694625565
113.95109767099984,2.31,3.23,4.7299999999999995,0.06212623800001893,0.07591943199986417,0.04824052900039533,2.025833161936096,3.0332820508485523,4.597912569851671
114.00149075899935,2.31,3.23,4.7299999999999995,0.11251932599952852,0.12631251999937376,0.09863361699990492,2.025833161936096,3.0332820508485523,4.597912569851671
114.05169531699994,2.33,3.21,4.7299999999999995,0.018539652000072238,0.032486775000506896,0.0048116349998963415,2.0486092843683004,3.0119760955226718,4.597912569851671
114.10203918699972,2.33,3.21,4.7299999999999995,0.06888352199985093,0.08283064500028559,0.05515550499967503,2.0486092843683004,3.0119760955226718,4.597912569851671
114.152379225,2.33,3.21,4.7299999999999995,0.11922356000013679,0.13317068300057144,0.10549554299996089,2.0486092843683004,3.0119760955226718,4.597912569851671
114.20273082899985,2.33,3.29,4.7299999999999995,0.02561034500013193,0.03956429600020783,0.011927161000130582,2.0486092843683004,3.0970954134478967,4.597912569851671
114.25297586599936,2.33,3.29,4.7299999999999995,0.07585538199964503,0.08980933299972094,0.062172197999643686,2.0486092843683004,3.0970954134478967,4.597912569851671
114.30332274800003,2.33,3.29,4.7299999999999995,0.12620226400031243,0.14015621500038833,0.11251908000031108,2.0486092843683004,3.0970954134478967,4.597912569851671
114.35366106299989,2.32,3.2800000000000002,4.75,0.032531971000025806,0.04667395900014526,0.01888939600030426,2.0372285095197347,3.086470476126412,4.618484599952673
114.40399648599941,2.32,3.2800000000000002,4.75,0.08286739399954968,0.09700938199966913,0.06922481899982813,2.0372285095197347,3.086470476126412,4.618484599952673
114.45413953999923,2.32,3.2800000000000002,4.75,0.1330104479993679,0.0030763320000914973,0.11936787299964635,2.0372285095197347,3.086470476126412,4.618484599952673
114.50450515299963,2.33,3.2800000000000002,4.7299999999999995,0.03937656000016432,0.05344194500048616,0.02504619800038199,2.0486092843683004,3.086470476126412,4.597912569851671
114.55483648799964,2.33,3.2800000000000002,4.7299999999999995,0.08970789500017418,0.10377328000049602,0.07537753300039185,2.0486092843683004,3.086470476126412,4.597912569851671
114.6049829199992,2.33,3.2800000000000002,4.7299999999999995,0.139854326999739,0.009770027999365993,0.12552396499995666,2.0486092843683004,3.086470476126412,4.597912569851671
114.65529669499938,2.34,3.2800000000000002,4.6899999999999995,0.04616731699934462,0.06008380299954297,0.032382395999775326,2.059975728012347,3.086470476126412,4.556753230097061
114.70563293299983,2.34,3.2800000000000002,4.6899999999999995,0.09650355499979923,0.11042004099999758,0.08271863400022994,2.059975728012347,3.086470476126412,4.556753230097061
114.75574968099954,2.3,3.27,4.6899999999999995,0.0026130039996132837,0.01652379799998016,0.13283538199993927,2.014422994308792,3.075841348314311,4.556753230097061
114.80611426299947,2.3,3.27,4.71,0.0529775859995425,0.06688837999990938,0.03870858899972518,2.014422994308792,3.075841348314311,4.5773354694625565
114.8564748609997,2.3,3.27,4.71,0.10333818399976735,0.11724897800013423,0.08906918699995003,2.014422994308792,3.075841348314311,4.5773354694625565
114.90677335299915,2.33,3.27,4.71,0.009707942999739316,0.023572283999783394,0.13936767899940605,2.0486092843683004,3.075841348314311,4.5773354694625565
114.95710939299988,2.33,3.27,4.75,0.06004398300046887,0.07390832400051295,0.04570016100024077,2.0486092843683004,3.075841348314311,4.618484599952673
115.00724182999966,2.33,3.27,4.75,0.11017642000024352,0.1240407610002876,0.09583259800001542,2.0486092843683004,3.075841348314311,4.618484599952673
115.05737943299937,2.34,3.24,4.7299999999999995,0.016241698999692744,0.030129398000099172,0.0019226919994252967,2.059975728012347,3.043928382863171,4.597912569851671
115.10770433499965,2.34,3.24,4.7299999999999995,0.0665666009999768,0.08045430000038323,0.05224759399970935,2.059975728012347,3.043928382863171,4.597912569851671
115.15781567799968,2.34,3.24,4.7299999999999995,0.11667794400000275,0.13056564300040918,0.1023589369997353,2.059975728012347,3.043928382863171,4.597912569851671
115.20812969500003,2.3499999999999996,3.27,4.79,0.022591493000618357,0.0368743920007546,0.008667161000630585,2.0713280763799826,3.075841348314311,4.659613717895508
115.25822500199956,2.3499999999999996,3.27,4.79,0.07268680000015593,0.08696969900029217,0.058762468000168155,2.0713280763799826,3.075841348314311,4.659613717895508
115.30854096599978,2.3499999999999996,3.27,4.79,0.12300276400037546,0.1372856630005117,0.10907843200038769,2.0713280763799826,3.075841348314311,4.659613717895508
115.35889254999984,2.3499999999999996,3.2800000000000002,4.75,0.029353418000027887,0.0438427489998503,0.01544020300025295,2.0713280763799826,3.086470476126412,4.618484599952673
115.40924001699932,2.3499999999999996,3.2800000000000002,4.75,0.07970088499951089,0.0941902159993333,0.06578766999973595,2.0713280763799826,3.086470476126412,4.618484599952673
115.45933540599981,2.3499999999999996,3.29,4.75,0.12979627400000027,8.867999986250652e-05,0.11588305900022533,2.0713280763799826,3.0970954134478967,4.618484599952673
115.50968344399917,2.32,3.29,4.6899999999999995,0.03614596699935646,0.05043671799921867,0.02222411499951704,2.0372285095197347,3.0970954134478967,4.556753230097061
115.5600404199995,2.32,3.29,4.6899999999999995,0.08650294299968664,0.10079369399954885,0.07258109099984722,2.0372285095197347,3.0970954134478967,4.556753230097061
115.61037514700001,2.32,3.23,4.6899999999999995,0.13683767000020453,0.006761621000805462,0.1229158180003651,2.0372285095197347,3.0332820508485523,4.556753230097061
115.66051037299985,2.3699999999999997,3.23,4.7299999999999995,0.043228045999967435,0.0568968470006439,0.02904906799994933,2.0939914039938174,3.0332820508485523,4.597912569851671
115.71081496699935,2.3699999999999997,3.23,4.7299999999999995,0.09353263999946648,0.10720144100014295,0.07935366199944838,2.0939914039938174,3.0332820508485523,4.597912569851671
115.76114468799915,2.3699999999999997,3.23,4.7299999999999995,0.14386236099926464,0.1575311619999411,0.12968338299924653,2.0939914039938174,3.0332820508485523,4.597912569851671
115.8114893639995,2.3699999999999997,3.23,4.7299999999999995,0.1942070369996145,0.20787583800029097,0.1800280589995964,2.0939914039938174,3.0332820508485523,4.597912569851671
115.86182947399993,2.3699999999999997,3.23,4.7299999999999995,0.24454714700004843,0.2582159480007249,0.23036816900003032,2.0939914039938174,3.0332820508485523,4.597912569851671
115.91211948799992,2.36,3.24,4.7299999999999995,0.00694358500004455,0.020485732000452117,0.2806581830000141,2.082666559965853,3.043928382863171,4.597912569851671
115.96248792299957,2.36,3.24,4.7299999999999995,0.05731201999969926,0.07085416700010683,0.0432821510003123,2.082666559965853,3.043928382863171,4.597912569851671
116.01283703599984,2.36,3.24,4.7299999999999995,0.10766113299996505,0.12120328000037262,0.09363126400057808,2.082666559965853,3.043928382863171,4.597912569851671
116.0630684129992,2.31,3.25,4.7299999999999995,0.013508146999811288,0.027433186000052956,0.1438626409999415,2.025833161936096,3.054570346218924,4.597912569851671
116.11324368499936,2.31,3.25,4.7299999999999995,0.06368341899997176,0.07760845800021343,0.049587342999984685,2.025833161936096,3.054570346218924,4.597912569851671
116.16358098699948,2.31,3.25,4.7299999999999995,0.11402072100008809,0.12794576000032976,0.09992464500010101,2.025833161936096,3.054570346218924,4.597912569851671
116.21391016599955,2.34,3.29,4.77,0.02033553299952473,0.03424808700037829,0.006400064999979804,2.059975728012347,3.0970954134478967,4.63905162721865
116.26408144499965,2.34,3.29,4.77,0.07050681199962128,0.08441936600047484,0.05657134400007635,2.059975728012347,3.0970954134478967,4.63905162721865
116.31439336299991,2.34,3.29,4.77,0.12081872999988263,0.1347312840007362,0.10688326200033771,2.059975728012347,3.0970954134478967,4.63905162721865
116.36472160999983,2.36,3.25,4.7299999999999995,0.027126648999910685,0.041349023999828205,0.013214683000114746,2.082666559965853,3.054570346218924,4.597912569851671
116.41503462399942,2.36,3.25,4.7299999999999995,0.07743966299949534,0.09166203799941286,0.0635276969996994,2.082666559965853,3.054570346218924,4.597912569851671
116.46538105199943,2.36,3.25,4.7299999999999995,0.127786090999507,0.14200846599942452,0.11387412499971106,2.082666559965853,3.054570346218924,4.597912569851671
116.51572692099944,2.3499999999999996,3.21,4.77,0.03435054100009438,0.048072409000269545,0.020229046999702405,2.0713280763799826,3.0119760955226718,4.63905162721865
116.56607947399971,2.3499999999999996,3.21,4.77,0.08470309400036058,0.09842496200053574,0.0705815999999686,2.0713280763799826,3.0119760955226718,4.63905162721865
116.61646013299924,2.3499999999999996,3.21,4.77,0.13508375299988984,0.004933338999762782,0.12096225899949786,2.0713280763799826,3.0119760955226718,4.63905162721865
116.66676684199956,2.34,3.21,4.7299999999999995,0.041399425999770756,0.05524004800008697,0.02725871199982066,2.059975728012347,3.0119760955226718,4.597912569851671
116.71712051399936,2.34,3.21,4.7299999999999995,0.09175309799957176,0.10559371999988798,0.07761238399962167,2.059975728012347,3.0119760955226718,4.597912569851671
116.76747215799969,2.34,3.23,4.7299999999999995,0.1421047419999013,0.011816000000180793,0.1279640279999512,2.059975728012347,3.0332820508485523,4.597912569851671
116.81779950599957,2.34,3.23,4.75,0.04822670900011872,0.06214334800006327,0.03428188100042462,2.059975728012347,3.0332820508485523,4.618484599952673
116.8681411589996,2.34,3.23,4.75,0.09856836200015096,0.11248500100009551,0.08462353400045686,2.059975728012347,3.0332820508485523,4.618484599952673
116.91848405899964,2.36,3.29,4.75,0.004886712000370608,0.0189750310000818,0.13496643400048924,2.082666559965853,3.0970954134478967,4.618484599952673
116.96884023999974,2.36,3.29,4.7299999999999995,0.05524289300046803,0.06933121200017922,0.04156671200053097,2.082666559965853,3.0970954134478967,4.597912569851671
117.01916366499972,2.36,3.29,4.7299999999999995,0.1055663180004558,0.11965463700016699,0.09189013700051873,2.082666559965853,3.0970954134478967,4.597912569851671
117.06949302199973,2.33,3.2600000000000002,4.7299999999999995,0.01190219199997955,0.025836763999905088,0.14221949400052836,2.0486092843683004,3.0652079864178874,4.597912569851671
117.11979534700004,2.33,3.2600000000000002,4.75,0.06220451700028207,0.0761390890002076,0.04796422800063738,2.0486092843683004,3.0652079864178874,4.618484599952673
117.1701176609995,2.33,3.2600000000000002,4.75,0.11252683099974092,0.12646140299966646,0.09828654200009623,2.0486092843683004,3.0652079864178874,4.618484599952673
117.22047893199942,2.33,3.2600000000000002,4.75,0.16288810199966974,0.17682267399959528,0.14864781300002505,2.0486092843683004,3.0652079864178874,4.618484599952673
117.27080487499916,2.33,3.2600000000000002,4.75,0.213214044999404,0.22714861699932953,0.1989737559997593,2.0486092843683004,3.0652079864178874,4.618484599952673
117.32097076699938,2.33,3.2600000000000002,4.75,0.2633799369996268,0.27731450899955234,0.24913964799998212,2.0486092843683004,3.0652079864178874,4.618484599952673
117.37110926900004,2.33,3.2800000000000002,4.7299999999999995,0.02552374700007931,0.03945730700070271,0.011273591000644956,2.0486092843683004,3.086470476126412,4.597912569851671
117.42146816099921,2.33,3.2800000000000002,4.7299999999999995,0.07588263899924641,0.08981619899986981,0.061632482999812055,2.0486092843683004,3.086470476126412,4.597912569851671
117.47179057599988,2.33,3.2800000000000002,4.7299999999999995,0.1262050539999109,0.1401386140005343,0.11195489800047653,2.0486092843683004,3.086470476126412,4.597912569851671
117.52211113299927,2.31,3.2600000000000002,4.71,0.03252443899964419,0.04645018999963213,0.018273609000061697,2.025833161936096,3.0652079864178874,4.5773354694625565
117.57248388799962,2.31,3.2600000000000002,4.71,0.0828971939999974,0.09682294499998534,0.0686463640004149,2.025833161936096,3.0652079864178874,4.5773354694625565
117.62264688399955,2.31,3.2800000000000002,4.71,0.13306018999992375,0.0029610589999720105,0.11880936000034126,2.025833161936096,3.086470476126412,4.5773354694625565
117.67298126399965,2.34,3.2800000000000002,4.71,0.03938636699967901,0.053295439000066835,0.02514723900003446,2.059975728012347,3.086470476126412,4.5773354694625565
117.723330928,2.34,3.2800000000000002,4.71,0.08973603100002947,0.1036451030004173,0.07549690300038492,2.059975728012347,3.086470476126412,4.5773354694625565
117.7734841449992,2.34,3.21,4.71,0.13988924799923552,0.009782692000044335,0.12565011999959097,2.059975728012347,3.0119760955226718,4.5773354694625565
117.8238122089997,2.32,3.21,4.7299999999999995,0.0458972160004123,0.06011075600054028,0.032081647999802954,2.0372285095197347,3.0119760955226718,4.597912569851671
117.87416810499963,2.32,3.21,4.7299999999999995,0.09625311200034048,0.11046665200046846,0.08243754399973113,2.0372285095197347,3.0119760955226718,4.597912569851671
117.92430946199966,2.34,3.27,4.7299999999999995,0.002393900999777543,0.01663033400018321,0.13257890099976066,2.059975728012347,3.075841348314311,4.597912569851671
117.97449380599937,2.34,3.27,4.7299999999999995,0.05257824499949493,0.0668146779999006,0.03878674099996715,2.059975728012347,3.075841348314311,4.597912569851671
118.02481292099947,2.34,3.27,4.7299999999999995,0.10289735999958793,0.1171337929999936,0.08910585600006016,2.059975728012347,3.075841348314311,4.597912569851671
118.07493751899983,2.34,3.19,4.7299999999999995,0.009014551999825926,0.02324632100044255,0.1392304540004261,2.059975728012347,2.990652102802999,4.597912569851671
118.12529124299999,2.34,3.19,4.7299999999999995,0.05936827599998651,0.07360004500060313,0.1895841780005867,2.059975728012347,2.990652102802999,4.597912569851671
118.1756245359993,2.34,3.19,4.7299999999999995,0.10970156899929862,0.12393333799991524,0.2399174709998988,2.059975728012347,2.990652102802999,4.597912569851671
118.22596396699919,2.34,3.19,4.7299999999999995,0.16004099999918253,0.17427276899979915,0.2902569019997827,2.059975728012347,2.990652102802999,4.597912569851671
118.27628125899992,2.34,3.19,4.7299999999999995,0.21035829199990985,0.22459006100052648,0.34057419400051003,2.059975728012347,2.990652102802999,4.597912569851671
118.32662186199923,2.34,3.19,4.7299999999999995,0.26069889499922283,0.27493066399983945,0.390914796999823,2.059975728012347,2.990652102802999,4.597912569851671
118.37695377399996,2.34,3.2800000000000002,4.71,0.3110308069999519,0.036962999000024865,0.009253613000510086,2.059975728012347,3.086470476126412,4.5773354694625565
118.42729440399944,2.34,3.2800000000000002,4.71,0.3613714369994341,0.08730362899950705,0.059594242999992275,2.059975728012347,3.086470476126412,4.5773354694625565
118.4776311279993,2.34,3.2800000000000002,4.71,0.4117081609992965,0.1376403529993695,0.10993096699985472,2.059975728012347,3.086470476126412,4.5773354694625565
118.52777262099971,2.34,3.25,4.77,0.4618496539997068,0.04385134299991478,0.015923830999781785,2.059975728012347,3.054570346218924,4.63905162721865
118.57812256199941,2.34,3.25,4.77,0.5121995949994016,0.09420128399960959,0.0662737719994766,2.059975728012347,3.054570346218924,4.63905162721865
118.62820558599924,2.34,3.27,4.77,0.5622826189992338,0.00017979999938688707,0.11635679599930882,2.059975728012347,3.075841348314311,4.63905162721865
118.67854965699917,2.36,3.27,4.7299999999999995,0.036613593999391014,0.05052387099931366,0.02284187799978099,2.082666559965853,3.075841348314311,4.597912569851671
118.72886773999926,2.36,3.27,4.7299999999999995,0.0869316769994839,0.10084195399940654,0.07315996099987387,2.082666559965853,3.075841348314311,4.597912569851671
118.77901327399923,2.36,3.27,4.7299999999999995,0.13707721099945047,0.15098748799937312,0.12330549499984045,2.082666559965853,3.075841348314311,4.597912569851671
118.82912670899987,2.36,3.27,4.7299999999999995,0.18719064600009006,0.2011009230000127,0.17341893000048003,2.082666559965853,3.075841348314311,4.597912569851671
118.87948334999965,2.36,3.27,4.7299999999999995,0.23754728699987027,0.2514575639997929,0.22377557100026024,2.082666559965853,3.075841348314311,4.597912569851671
118.92977474199961,2.31,3.24,4.7299999999999995,4.460099989955779e-05,0.013737145999584754,0.27406696300022304,2.025833161936096,3.043928382863171,4.597912569851671
118.980103117,2.31,3.24,4.6899999999999995,0.05037297600028978,0.06406552099997498,0.036215401000845304,2.025833161936096,3.043928382863171,4.556753230097061
119.03047399699972,2.31,3.24,4.6899999999999995,0.10074385600000824,0.11443640099969343,0.08658628100056376,2.025833161936096,3.043928382863171,4.556753230097061
119.08079962099964,2.3699999999999997,3.25,4.6899999999999995,0.006849047999821778,0.020774024999809626,0.13691190500048833,2.0939914039938174,3.054570346218924,4.556753230097061
119.13113709799927,2.3699999999999997,3.25,4.7299999999999995,0.05718652499945165,0.0711115019994395,0.043462721999276255,2.0939914039938174,3.054570346218924,4.597912569851671
119.18148506099988,2.3699999999999997,3.25,4.7299999999999995,0.10753448800005572,0.12145946500004356,0.09381068499988032,2.0939914039938174,3.054570346218924,4.597912569851671
119.23175209999954,2.31,3.25,4.7299999999999995,0.01380144199993083,0.02771565599960013,0.1440777239995441,2.025833161936096,3.054570346218924,4.597912569851671
119.28208102299959,2.31,3.25,4.71,0.0641303649999827,0.078044578999652,0.04989208200004214,2.025833161936096,3.054570346218924,4.5773354694625565
119.33245459599948,2.31,3.25,4.71,0.11450393799987069,0.12841815199954,0.10026565499993012,2.025833161936096,3.054570346218924,4.5773354694625565
119.3827378319993,2.34,3.27,4.7299999999999995,0.020749549999891315,0.03466941299939208,0.006855361999441811,2.059975728012347,3.075841348314311,4.597912569851671
119.43306712199956,2.34,3.27,4.7299999999999995,0.07107884000015474,0.0849987029996555,0.05718465199970524,2.059975728012347,3.075841348314311,4.597912569851671
119.48339769199993,2.34,3.27,4.7299999999999995,0.12140941000052408,0.13532927300002484,0.10751522200007457,2.059975728012347,3.075841348314311,4.597912569851671
119.53373656999975,2.32,3.2600000000000002,4.71,0.02787490799983061,0.041964924999774667,0.0137907489997815,2.0372285095197347,3.0652079864178874,4.5773354694625565
119.58408249099921,2.32,3.2600000000000002,4.71,0.07822082899929228,0.09231084599923634,0.06413666999924317,2.0372285095197347,3.0652079864178874,4.5773354694625565
119.63446123199992,2.32,3.2600000000000002,4.71,0.12859957000000577,0.14268958699994982,0.11451541099995666,2.0372285095197347,3.0652079864178874,4.5773354694625565
119.684781854,2.34,3.2600000000000002,4.7299999999999995,0.03481031499995879,0.04904059300042718,0.020548055000290333,2.059975728012347,3.0652079864178874,4.597912569851671
119.73511394399975,2.34,3.2600000000000002,4.7299999999999995,0.08514240499971493,0.09937268300018332,0.07088014500004647,2.059975728012347,3.0652079864178874,4.597912569851671
119.7854817059997,2.34,3.25,4.7299999999999995,0.13551016699966567,0.005444508000437054,0.12124790699999721,2.059975728012347,3.054570346218924,4.597912569851671
119.83583521499986,2.34,3.25,4.71,0.04215594300058001,0.05579801700059761,0.027583511000557337,2.059975728012347,3.054570346218924,4.5773354694625565
119.88614017599957,2.34,3.25,4.71,0.09246090400029061,0.10610297800030821,0.07788847200026794,2.059975728012347,3.054570346218924,4.5773354694625565
119.93650411699946,2.34,3.2,4.71,0.14282484500017745,0.01246893600000476,0.12825241300015477,2.059975728012347,3.0013163778582226,4.5773354694625565
119.98684813899945,2.3499999999999996,3.2,4.7299999999999995,0.04905306599994219,0.06281295799999498,0.0346719569997731,2.0713280763799826,3.0013163778582226,4.597912569851671
120.03718217599999,2.3499999999999996,3.2,4.7299999999999995,0.09938710300048115,0.11314699500053393,0.08500599400031206,2.0713280763799826,3.0013163778582226,4.597912569851671
120.08733845899951,2.34,3.25,4.7299999999999995,0.005366694000258576,0.01928804199997103,0.13516227699983574,2.059975728012347,3.054570346218924,4.597912569851671
120.137663642,2.34,3.25,4.7299999999999995,0.055691877000754175,0.06961322500046663,0.04168992200084176,2.059975728012347,3.054570346218924,4.597912569851671
120.18778783199923,2.34,3.25,4.7299999999999995,0.10581606699997792,0.11973741499969037,0.0918141120000655,2.059975728012347,3.054570346218924,4.597912569851671
120.23791377299949,2.31,3.24,4.7299999999999995,0.0119038670000009,0.025879771999825607,0.14194005300032586,2.025833161936096,3.043928382863171,4.597912569851671
