time,d1,d2,d3,t_uwb_1,t_uwb_2,t_uwb_3,el1,el2,el3
0.251960168000096,2.85,3.0500000000000003,3.47,0.004809839000017746,0.03313472099989667,0.01873641699990003,2.624957142507283,2.8408449447303528,3.287673949770567
0.3022910800000318,2.85,3.0500000000000003,3.47,0.055140750999953525,0.08346563299983245,0.06906732899983581,2.624957142507283,2.8408449447303528,3.287673949770567
0.3526238280001053,2.85,3.0500000000000003,3.47,0.105473499000027,0.13379838099990593,0.11940007699990929,2.624957142507283,2.8408449447303528,3.287673949770567
0.4029482220000773,2.78,3.1,3.42,0.011809039999889137,0.040128085999867835,0.025883997999926578,2.5487840238042923,2.8944602260179706,3.2348570292982033
0.4532847960001618,2.78,3.1,3.42,0.06214561399997365,0.09046465999995235,0.07622057200001109,2.5487840238042923,2.8944602260179706,3.2348570292982033
0.5036186050001561,2.78,3.1,3.42,0.11247942299996794,0.14079846899994664,0.12655438100000538,2.5487840238042923,2.8944602260179706,3.2348570292982033
0.5538618880000286,2.8,3.0700000000000003,3.3800000000000003,0.018765208999866445,0.0469252369998685,0.032664621999856536,2.5705835913270745,2.862306762036522,3.1925381751828747
0.6042010700000446,2.8,3.0700000000000003,3.3800000000000003,0.06910439099988253,0.09726441899988458,0.08300380399987262,2.5705835913270745,2.862306762036522,3.1925381751828747
0.6543212880001192,2.8,3.0,3.3800000000000003,0.11922460899995713,0.0033963180001137516,0.13312402199994722,2.5705835913270745,2.787095262096364,3.1925381751828747
0.7046347030000106,2.78,3.0,3.41,0.025542794999864782,0.053709733000005144,0.03964331299994228,2.5487840238042923,2.787095262096364,3.2242828660029197
0.7547993390001011,2.78,3.0,3.41,0.07570743099995525,0.10387436900009561,0.08980794900003275,2.5487840238042923,2.787095262096364,3.2242828660029197
0.8050440090000848,2.78,3.0300000000000002,3.41,0.12595210099993892,0.010022294000009424,0.14005261900001642,2.5487840238042923,2.8193616298729753,3.2242828660029197
0.8552053310002066,2.82,3.0300000000000002,3.42,0.03214183900013268,0.060183616000131224,0.04607728200016936,2.592354142473593,2.8193616298729753,3.2348570292982033
0.9055377619999945,2.82,3.0300000000000002,3.42,0.08247426999992058,0.11051604699991913,0.09640971299995726,2.592354142473593,2.8193616298729753,3.2348570292982033
0.9558275340000364,2.82,3.0100000000000002,3.41,0.1327640419999625,0.01665639399993779,0.0027078240000264486,2.592354142473593,2.797856322258168,3.2242828660029197
1.0059904610000103,2.84,3.0100000000000002,3.41,0.03911412599995856,0.06681932099991172,0.05287075100000038,2.614096402200959,2.797856322258168,3.2242828660029197
1.0561037700001634,2.84,3.0100000000000002,3.41,0.08922743500011165,0.11693263000006482,0.10298406000015348,2.614096402200959,2.797856322258168,3.2242828660029197
1.1062252470001113,2.84,2.98,3.48,0.1393489120000595,0.02306640000006155,0.009173667999903046,2.614096402200959,2.765556001964162,3.2982267963255647
1.1563600590000078,2.81,2.98,3.48,0.0453819949998433,0.0732012119999581,0.0593084799997996,2.5814724480420086,2.765556001964162,3.2982267963255647
1.2067120870001418,2.81,2.98,3.48,0.09573402299997724,0.12355324000009205,0.10966050799993354,2.5814724480420086,2.765556001964162,3.2982267963255647
1.256949566000003,2.82,3.0100000000000002,3.3800000000000003,0.0019433179998031846,0.029849736999949528,0.01592145199992956,2.592354142473593,2.797856322258168,3.1925381751828747
1.3070910380001806,2.82,3.0100000000000002,3.3800000000000003,0.052084789999980785,0.07999120900012713,0.06606292400010716,2.592354142473593,2.797856322258168,3.1925381751828747
1.3574329710002075,2.82,3.0100000000000002,3.3800000000000003,0.10242672300000777,0.1303331420001541,0.11640485700013414,2.592354142473593,2.797856322258168,3.1925381751828747
1.4077692480000223,2.81,2.99,3.48,0.008798743999932412,0.03670221099991977,0.02274603599994407,2.5814724480420086,2.776328510821441,3.2982267963255647
1.4580006740000044,2.81,2.99,3.48,0.059030169999914506,0.08693363699990186,0.07297746199992616,2.5814724480420086,2.776328510821441,3.2982267963255647
1.5083434770001531,2.81,2.99,3.48,0.10937297300006321,0.13727644000005057,0.12332026500007487,2.5814724480420086,2.776328510821441,3.2982267963255647
1.5586766920000628,2.84,3.0,3.39,0.015809687999990274,0.04383228300002884,0.029717892999997275,2.614096402200959,2.787095262096364,3.2031234756093934
1.608961908000083,2.84,3.0,3.39,0.0660949040000105,0.09411749900004907,0.0800031090000175,2.614096402200959,2.787095262096364,3.2031234756093934
1.6591271550000783,2.84,2.97,3.39,0.11626015100000586,7.926800003588141e-05,0.13016835600001286,2.614096402200959,2.7547776679797593,3.2031234756093934
1.7094594620000407,2.83,2.97,3.48,0.022600142999863237,0.050411574999998265,0.03647559499995623,2.6032287644385,2.7547776679797593,3.2982267963255647
1.759800056000131,2.83,2.97,3.48,0.07294073699995351,0.10075216900008854,0.0868161890000465,2.6032287644385,2.7547776679797593,3.2982267963255647
1.809889801000054,2.83,3.0300000000000002,3.48,0.12303048199987643,0.007392026999923473,0.13690593399996942,2.6032287644385,2.8193616298729753,3.2982267963255647
1.860162659000025,2.8,3.0300000000000002,3.4,0.029504483999971853,0.05766488499989464,0.04381145000002107,2.5705835913270745,2.8193616298729753,3.2137050269120837
1.9105009190000146,2.8,3.0300000000000002,3.4,0.07984274399996139,0.10800314499988417,0.0941497100000106,2.5705835913270745,2.8193616298729753,3.2137050269120837
1.9608404380001048,2.8,2.99,3.4,0.13018226300005153,0.013895349999984319,0.14448922900010075,2.5705835913270745,2.776328510821441,3.2137050269120837
2.0111769430000095,2.84,2.99,3.39,0.036365214999932505,0.06423185499988904,0.05010903699985647,2.614096402200959,2.776328510821441,3.2031234756093934
2.061450311000044,2.84,2.99,3.39,0.08663858299996718,0.11450522299992372,0.10038240499989115,2.614096402200959,2.776328510821441,3.2031234756093934
2.1117369230000804,2.84,3.0300000000000002,3.43,0.13692519500000344,0.020809484999972483,0.006882847000042602,2.614096402200959,2.8193616298729753,3.245427552727067
2.1620314520000647,2.84,3.0300000000000002,3.43,0.043523422999896866,0.0711040139999568,0.057177376000026925,2.614096402200959,2.8193616298729753,3.245427552727067
2.2123518700000204,2.84,3.0300000000000002,3.43,0.09384384099985255,0.12142443199991249,0.1074977939999826,2.614096402200959,2.8193616298729753,3.245427552727067
2.2627301940001416,2.84,3.0,3.44,0.14422216499997376,0.02783178399999997,0.013895232000095348,2.614096402200959,2.787095262096364,3.255994471739778
2.313048885000171,2.82,3.0,3.44,0.05005887300012546,0.07815047500002947,0.06421392300012485,2.592354142473593,2.787095262096364,3.255994471739778
2.3633502610000505,2.82,3.0,3.44,0.10036024900000484,0.12845185099990886,0.11451529900000423,2.592354142473593,2.787095262096364,3.255994471739778
2.413663406000069,2.85,3.0700000000000003,3.39,0.007220720000077563,0.034799806999899374,0.020859723000057784,2.624957142507283,2.862306762036522,3.2031234756093934
2.463958027000217,2.85,3.0700000000000003,3.39,0.05751534100022582,0.08509442800004763,0.07115434400020604,2.624957142507283,2.862306762036522,3.2031234756093934
2.5140997870000774,2.85,3.0700000000000003,3.39,0.10765710100008619,0.135236187999908,0.12129610400006641,2.624957142507283,2.862306762036522,3.2031234756093934
2.5644298600000184,2.82,3.0300000000000002,3.4,0.013715133000005153,0.041773113999852285,0.02765563299999485,2.592354142473593,2.8193616298729753,3.2137050269120837
2.614769740000156,2.82,3.0300000000000002,3.4,0.06405501300014294,0.09211299399999007,0.07799551300013263,2.592354142473593,2.8193616298729753,3.2137050269120837
2.665108813000188,2.82,3.0300000000000002,3.4,0.11439408600017487,0.142452067000022,0.12833458600016456,2.592354142473593,2.8193616298729753,3.2137050269120837
2.715452441000025,2.83,3.02,3.49,0.0204848039998069,0.04876672799991866,0.03470505199993568,2.6032287644385,2.8086117567225273,3.308776208811953
2.7657834970000295,2.83,3.02,3.49,0.07081585999981144,0.0990977839999232,0.08503610799994021,2.6032287644385,2.8086117567225273,3.308776208811953
2.816112885000166,2.83,3.0300000000000002,3.49,0.12114524799994797,0.005319933000009769,0.13536549600007675,2.6032287644385,2.8193616298729753,3.308776208811953
2.86646037100013,2.83,3.0300000000000002,3.48,0.027868172000125924,0.05566741899997396,0.042146925999986706,2.6032287644385,2.8193616298729753,3.2982267963255647
2.916743776000203,2.83,3.0300000000000002,3.48,0.07815157700019881,0.10595082400004685,0.0924303310000596,2.6032287644385,2.8193616298729753,3.2982267963255647
2.9668833610001,2.83,3.0,3.48,0.12829116200009594,0.012081283000043186,0.14256991599995672,2.6032287644385,2.787095262096364,3.2982267963255647
3.0171691880000253,2.83,3.0,3.45,0.03420726299987109,0.062367109999968307,0.048467788999914774,2.6032287644385,2.787095262096364,3.266557821315888
3.0675134900000103,2.83,3.0,3.45,0.08455156499985605,0.11271141199995327,0.09881209099989974,2.6032287644385,2.787095262096364,3.266557821315888
3.117854244,2.83,3.0,3.45,0.13489231899984588,0.1630521659999431,0.14915284499988957,2.6032287644385,2.787095262096364,3.266557821315888
3.1679952610002147,2.83,3.0,3.45,0.18503333600006044,0.21319318300015766,0.19929386200010413,2.6032287644385,2.787095262096364,3.266557821315888
3.2183294900000874,2.83,3.0,3.45,0.23536756499993317,0.2635274120000304,0.24962809099997685,2.6032287644385,2.787095262096364,3.266557821315888
3.268666408000172,2.83,3.0300000000000002,3.4,0.2857044830000177,0.025957566999977644,0.011959015000002182,2.6032287644385,2.8193616298729753,3.2137050269120837
3.318994049000139,2.82,3.0300000000000002,3.4,0.04812078300005851,0.07628520799994476,0.0622866559999693,2.592354142473593,2.8193616298729753,3.2137050269120837
3.3691941530000804,2.82,3.0300000000000002,3.4,0.09832088699999986,0.1264853119998861,0.11248675999991065,2.592354142473593,2.8193616298729753,3.2137050269120837
3.4195118590000675,2.83,3.0,3.45,0.004664946000048076,0.032804753999926106,0.01855776499996864,2.6032287644385,2.787095262096364,3.266557821315888
3.46984373600003,2.83,3.0,3.45,0.05499682300001041,0.08313663099988844,0.06888964199993097,2.6032287644385,2.787095262096364,3.266557821315888
3.5201919850001104,2.83,3.0,3.45,0.10534507200009102,0.13348487999996905,0.11923789100001159,2.6032287644385,2.787095262096364,3.266557821315888
3.5705274970000573,2.81,2.97,3.45,0.011716191000004983,0.04010447599989675,0.025666001999979926,2.5814724480420086,2.7547776679797593,3.266557821315888
3.620856872000104,2.81,2.97,3.45,0.06204556600005162,0.09043385099994339,0.07599537700002656,2.5814724480420086,2.7547776679797593,3.266557821315888
3.671177469000213,2.81,2.97,3.45,0.11236616300016067,0.14075444800005243,0.1263159740001356,2.5814724480420086,2.7547776679797593,3.266557821315888
3.721474298000203,2.85,3.02,3.48,0.018667172000050414,0.04682878700009496,0.03262349100009487,2.624957142507283,2.8086117567225273,3.2982267963255647
3.771804811000038,2.85,3.02,3.48,0.06899768499988568,0.09715929999993023,0.08295400399993014,2.624957142507283,2.8086117567225273,3.2982267963255647
3.821947825000052,2.85,2.97,3.48,0.11914069899989954,0.0033183509999616945,0.133097017999944,2.624957142507283,2.7547776679797593,3.2982267963255647
3.8722748620000402,2.82,2.97,3.41,0.025509377999924254,0.05364538799994989,0.03943764199993893,2.592354142473593,2.7547776679797593,3.2242828660029197
3.9226193819999935,2.82,2.97,3.41,0.07585389799987752,0.10398990799990315,0.0897821619998922,2.592354142473593,2.7547776679797593,3.2242828660029197
3.9727837750001527,2.82,3.02,3.41,0.1260182910000367,0.00993717899996227,0.13994655500005138,2.592354142473593,2.8086117567225273,3.2242828660029197
4.023112818000072,2.81,3.02,3.42,0.03238053499990201,0.060266221999881964,0.046465660999956526,2.5814724480420086,2.8086117567225273,3.2348570292982033
4.073445015000061,2.81,3.02,3.42,0.08271273199989082,0.11059841899987077,0.09679785799994534,2.5814724480420086,2.8086117567225273,3.2348570292982033
4.123756888000116,2.81,3.02,3.43,0.13302460499994595,0.0169095759999891,0.002964596000083475,2.5814724480420086,2.8086117567225273,3.245427552727067
4.174095671000032,2.85,3.02,3.43,0.03957117200002358,0.06724835899990467,0.05330337899999904,2.624957142507283,2.8086117567225273,3.245427552727067
4.224409283000114,2.85,3.02,3.43,0.08988478400010536,0.11756197099998644,0.10361699100008082,2.624957142507283,2.8086117567225273,3.245427552727067
4.2747405820000495,2.85,3.04,3.42,0.14021608300004118,0.02393685399988499,0.010295112999983758,2.624957142507283,2.830106005081788,3.2348570292982033
4.324979688000212,2.85,3.04,3.42,0.04630957400013358,0.07417596000004778,0.06053421900014655,2.624957142507283,2.830106005081788,3.2348570292982033
4.375312925000117,2.85,3.04,3.42,0.09664281100003791,0.12450919699995211,0.11086745600005088,2.624957142507283,2.830106005081788,3.2348570292982033
4.425640573999999,2.81,3.0100000000000002,3.4,0.0031834399999297602,0.03084830999978294,0.016909306999878027,2.5814724480420086,2.797856322258168,3.2137050269120837
4.4759595860000445,2.81,3.0100000000000002,3.4,0.053502451999975165,0.08116732199982835,0.06722831899992343,2.5814724480420086,2.797856322258168,3.2137050269120837
4.526275701000031,2.81,3.0100000000000002,3.4,0.10381856699996206,0.13148343699981524,0.11754443399991032,2.5814724480420086,2.797856322258168,3.2137050269120837
4.576623792000191,2.82,2.99,3.44,0.010002352000128667,0.037852229000009174,0.02409228500005156,2.592354142473593,2.776328510821441,3.255994471739778
4.626957475000154,2.82,2.99,3.44,0.060336035000091215,0.08818591199997172,0.07442596800001411,2.592354142473593,2.776328510821441,3.255994471739778
4.677286281000079,2.82,2.99,3.44,0.11066484100001617,0.13851471799989667,0.12475477399993906,2.592354142473593,2.776328510821441,3.255994471739778
4.727614669000104,2.85,2.9600000000000004,3.42,0.01701079600002231,0.044875086000047304,0.030954452000059973,2.624957142507283,2.743993440225396,3.2348570292982033
4.777939597000113,2.85,2.9600000000000004,3.42,0.0673357240000314,0.0952000140000564,0.08127938000006907,2.624957142507283,2.743993440225396,3.2348570292982033
4.828259351000042,2.85,3.0300000000000002,3.42,0.11765547799996057,0.001765507999834881,0.13159913399999823,2.624957142507283,2.8193616298729753,3.2348570292982033
4.878402241999993,2.82,3.0300000000000002,3.4,0.023895495999795457,0.05190839899978528,0.037763416999951005,2.592354142473593,2.8193616298729753,3.2137050269120837
4.928564052000183,2.82,3.0300000000000002,3.4,0.07405730599998606,0.10207020899997588,0.0879252270001416,2.592354142473593,2.8193616298729753,3.2137050269120837
4.978795397000113,2.82,3.04,3.4,0.12428865099991526,0.008087176000117324,0.1381565720000708,2.592354142473593,2.830106005081788,3.2137050269120837
5.029133336000086,2.83,3.04,3.44,0.030637389000048643,0.058425115000090955,0.044468546999951286,2.6032287644385,2.830106005081788,3.255994471739778
5.079477216000214,2.83,3.04,3.44,0.08098126900017633,0.10876899500021864,0.09481242700007897,2.6032287644385,2.830106005081788,3.255994471739778
5.129808034999996,2.83,3.0,3.47,0.13131208799995875,0.01516433399979178,0.0012719469998501154,2.6032287644385,2.787095262096364,3.287673949770567
5.180147110999997,2.82,3.0,3.47,0.037657919999901424,0.06550340999979198,0.05161102299985032,2.592354142473593,2.787095262096364,3.287673949770567
5.230483064000055,2.82,3.0,3.47,0.08799387299995942,0.11583936299984998,0.10194697599990832,2.592354142473593,2.787095262096364,3.287673949770567
5.280596611000192,2.82,3.02,3.4,0.13810742000009668,0.022188900000173817,0.008270216000028086,2.592354142473593,2.8086117567225273,3.2137050269120837
5.330798950000144,2.84,3.02,3.4,0.044294961000105104,0.072391239000126,0.058472554999980275,2.614096402200959,2.8086117567225273,3.2137050269120837
5.381130702000064,2.84,3.02,3.4,0.09462671300002512,0.12272299100004602,0.10880430699990029,2.614096402200959,2.8086117567225273,3.2137050269120837
5.431461485,2.83,3.0300000000000002,3.48,0.001274030999866227,0.02886655899988,0.01499015799981862,2.6032287644385,2.8193616298729753,3.2982267963255647
5.481775491000008,2.83,3.0300000000000002,3.48,0.05158803699987402,0.07918056499988779,0.06530416399982641,2.6032287644385,2.8193616298729753,3.2982267963255647
5.53211449000014,2.83,3.0300000000000002,3.48,0.10192703600000641,0.12951956400002018,0.1156431629999588,2.6032287644385,2.8193616298729753,3.2982267963255647
5.582450916000198,2.84,2.9600000000000004,3.41,0.008084267000185719,0.03587233100006415,0.021994922000203587,2.614096402200959,2.743993440225396,3.2242828660029197
5.6326074140001765,2.84,2.9600000000000004,3.41,0.058240765000164174,0.0860288290000426,0.07215142000018204,2.614096402200959,2.743993440225396,3.2242828660029197
5.682923571000174,2.84,2.9600000000000004,3.41,0.10855692200016165,0.13634498600004008,0.12246757700017952,2.614096402200959,2.743993440225396,3.2242828660029197
5.733283512000071,2.85,3.0,3.5,0.014954573000068194,0.04305918699992617,0.02883153599987054,2.624957142507283,2.787095262096364,3.319322219972023
5.78358960200012,2.85,3.0,3.5,0.06526066300011735,0.09336527699997532,0.07913762599991969,2.624957142507283,2.787095262096364,3.319322219972023
5.833904119000181,2.85,3.0,3.5,0.11557518000017808,0.14367979400003605,0.12945214299998042,2.624957142507283,2.787095262096364,3.319322219972023
5.8842339560001165,2.78,3.02,3.48,0.021913388000029954,0.04976579200001652,0.03578318199993191,2.5487840238042923,2.8086117567225273,3.2982267963255647
5.934417358000019,2.78,3.02,3.48,0.0720967899999323,0.09994919399991886,0.08596658399983426,2.5487840238042923,2.8086117567225273,3.2982267963255647
5.984740963000149,2.78,3.02,3.48,0.12242039500006285,0.15027279900004942,0.1362901889999648,2.5487840238042923,2.8086117567225273,3.2982267963255647
6.035060466999994,2.78,3.02,3.48,0.17273989899990738,0.20059230299989395,0.18660969299980934,2.5487840238042923,2.8086117567225273,3.2982267963255647
6.085401375000174,2.78,3.02,3.48,0.2230808070000876,0.25093321100007415,0.23695060099998955,2.5487840238042923,2.8086117567225273,3.2982267963255647
6.13572522100003,2.78,3.02,3.48,0.2734046529999432,0.3012570569999298,0.28727444699984517,2.5487840238042923,2.8086117567225273,3.2982267963255647
6.186060995000162,2.78,3.02,3.48,0.3237404270000752,0.3515928310000618,0.3376102209999772,2.5487840238042923,2.8086117567225273,3.2982267963255647
6.236235468000132,2.78,3.02,3.48,0.37391490000004524,0.4017673040000318,0.3877846939999472,2.5487840238042923,2.8086117567225273,3.2982267963255647
6.286602913000024,2.78,2.97,3.46,0.4242823449999378,0.02020338699981039,0.0062872060000245256,2.5487840238042923,2.7547776679797593,3.2771176359721967
6.33693220400005,2.83,2.97,3.46,0.042634412999859705,0.07053267799983587,0.05661649700005,2.6032287644385,2.7547776679797593,3.2771176359721967
6.387239528999999,2.83,2.97,3.46,0.09294173799980854,0.1208400029997847,0.10692382199999884,2.6032287644385,2.7547776679797593,3.2771176359721967
6.4373573630000465,2.83,2.99,3.41,0.14305957199985642,0.026956852000012077,0.013211611999849993,2.6032287644385,2.776328510821441,3.2242828660029197
6.487685897000119,2.84,2.99,3.41,0.04945316299995284,0.07728538600008505,0.06354014599992297,2.614096402200959,2.776328510821441,3.2242828660029197
6.5380111580000175,2.84,2.99,3.41,0.09977842399985093,0.12761064699998315,0.11386540699982106,2.614096402200959,2.776328510821441,3.2242828660029197
6.588169179000033,2.83,2.99,3.48,0.005648120999921957,0.03399123199983478,0.019564290999824152,2.6032287644385,2.776328510821441,3.2982267963255647
6.638506025000197,2.83,2.99,3.48,0.05598496700008582,0.08432807799999864,0.06990113699998801,2.6032287644385,2.776328510821441,3.2982267963255647
6.688835782000069,2.83,2.99,3.48,0.106314723999958,0.13465783499987083,0.1202308939998602,2.6032287644385,2.776328510821441,3.2982267963255647
6.7389455219999945,2.82,3.0,3.4,0.012475108999979057,0.04096784799980924,0.026365429999941625,2.592354142473593,2.787095262096364,3.2137050269120837
6.789025734000006,2.82,3.0,3.4,0.06255532099999073,0.09104805999982091,0.0764456419999533,2.592354142473593,2.787095262096364,3.2137050269120837
6.839373139000145,2.82,3.0,3.4,0.1129027260001294,0.14139546499995959,0.12679304700009197,2.592354142473593,2.787095262096364,3.2137050269120837
6.8894927310000185,2.81,2.98,3.41,0.019056962999911775,0.04732918799982144,0.03298736499982624,2.5814724480420086,2.765556001964162,3.2242828660029197
6.939803847000121,2.81,2.98,3.41,0.0693680790000144,0.09764030399992407,0.08329848099992887,2.5814724480420086,2.765556001964162,3.2242828660029197
6.990131715000189,2.81,3.06,3.41,0.11969594700008201,0.0035243490001448663,0.13362634899999648,2.5814724480420086,2.8515785102290274,3.2242828660029197
7.04025010700002,2.83,3.06,3.3800000000000003,0.026087553000024855,0.05364274099997601,0.039775544999884005,2.6032287644385,2.8515785102290274,3.1925381751828747
7.090606961000049,2.83,3.06,3.3800000000000003,0.07644440700005362,0.10399959500000477,0.09013239899991277,2.6032287644385,2.8515785102290274,3.1925381751828747
7.140791374000173,2.83,2.99,3.3800000000000003,0.12662882000017817,0.010261398000011468,0.14031681200003732,2.6032287644385,2.776328510821441,3.1925381751828747
7.191130837000173,2.83,2.99,3.43,0.03292756400014696,0.06060086100001172,0.04683341100007965,2.6032287644385,2.776328510821441,3.245427552727067
7.241465650000009,2.83,2.99,3.43,0.08326237699998273,0.1109356739998475,0.09716822399991543,2.6032287644385,2.776328510821441,3.245427552727067
7.291797123000151,2.83,3.02,3.44,0.1335938500001248,0.017295190000140792,0.0033763139999791747,2.6032287644385,2.8086117567225273,3.255994471739778
7.342138714000157,2.85,3.02,3.44,0.039969810000002326,0.06763678100014658,0.05371790499998497,2.624957142507283,2.8086117567225273,3.255994471739778
7.392438695999999,2.85,3.02,3.44,0.09026979199984453,0.11793676299998879,0.10401788699982717,2.624957142507283,2.8086117567225273,3.255994471739778
7.442597974000137,2.85,3.0300000000000002,3.46,0.14042906999998195,0.024107555999989927,0.010406258000102753,2.624957142507283,2.8193616298729753,3.2771176359721967
7.4929313950001415,2.87,3.0300000000000002,3.46,0.04661619800003791,0.07444097699999475,0.06073967900010757,2.646658270347723,2.8193616298729753,3.2771176359721967
7.543084173000125,2.87,3.0300000000000002,3.46,0.09676897600002121,0.12459375499997805,0.11089245700009087,2.646658270347723,2.8193616298729753,3.2771176359721967
7.593268375000207,2.83,3.0100000000000002,3.46,0.0029720700001689693,0.030829896000113877,0.016917943000180458,2.6032287644385,2.797856322258168,3.2771176359721967
7.643538089000003,2.83,3.0100000000000002,3.46,0.053241783999965264,0.08109960999991017,0.06718765699997675,2.6032287644385,2.797856322258168,3.2771176359721967
7.693663318000063,2.83,3.0100000000000002,3.46,0.1033670130000246,0.1312248389999695,0.11731288600003609,2.6032287644385,2.797856322258168,3.2771176359721967
7.7439782270000705,2.84,3.0,3.44,0.00969461899990165,0.0375695469999755,0.023684490000050573,2.614096402200959,2.787095262096364,3.255994471739778
7.794119423000211,2.84,3.0,3.44,0.0598358150000422,0.08771074300011605,0.07382568600019113,2.614096402200959,2.787095262096364,3.255994471739778
7.844283583000106,2.84,3.0,3.44,0.10999997499993697,0.13787490300001082,0.12398984600008589,2.614096402200959,2.787095262096364,3.255994471739778
7.8946082340000885,2.83,3.06,3.39,0.016327624000041396,0.04415574699987701,0.030414417999963916,2.6032287644385,2.8515785102290274,3.2031234756093934
7.944934944000124,2.83,3.06,3.39,0.06665433400007714,0.09448245699991276,0.08074112799999966,2.6032287644385,2.8515785102290274,3.2031234756093934
7.995226952000166,2.83,2.97,3.39,0.11694634200011933,0.0011504220001370413,0.13103313600004185,2.6032287644385,2.7547776679797593,3.2031234756093934
8.045583344000079,2.83,2.97,3.45,0.023388222999983554,0.05150681400004942,0.037306064999938826,2.6032287644385,2.7547776679797593,3.266557821315888
8.095896034000134,2.83,2.97,3.45,0.07370091300003878,0.10181950400010464,0.08761875499999405,2.6032287644385,2.7547776679797593,3.266557821315888
8.146240137000177,2.83,3.06,3.45,0.12404501600008189,0.007910438000180875,0.13796285800003716,2.6032287644385,2.8515785102290274,3.266557821315888
8.19662710700004,2.85,3.06,3.45,0.030244352999943658,0.058297408000044015,0.04433114999983445,2.624957142507283,2.8515785102290274,3.266557821315888
8.246965059000104,2.85,3.06,3.45,0.08058230500000718,0.10863536000010754,0.09466910199989798,2.624957142507283,2.8515785102290274,3.266557821315888
8.29730573300003,2.85,3.04,3.39,0.13092297899993355,0.015206115999944814,0.0010597839998354175,2.624957142507283,2.830106005081788,3.2031234756093934
8.34759302700013,2.81,3.04,3.39,0.037464143000079275,0.0654934100000446,0.05134707799993521,2.5814724480420086,2.830106005081788,3.2031234756093934
8.397911410000006,2.81,3.04,3.39,0.0877825259999554,0.11581179299992073,0.10166546099981133,2.5814724480420086,2.830106005081788,3.2031234756093934
8.44821431000014,2.81,3.0,3.45,0.13808542600008877,0.02192990399998962,0.00798167400012062,2.5814724480420086,2.787095262096364,3.266557821315888
8.498574856999994,2.84,3.0,3.45,0.044401059999927384,0.07229045099984432,0.058342220999975325,2.614096402200959,2.787095262096364,3.266557821315888
8.548759530000098,2.84,3.0,3.45,0.09458573300003081,0.12247512399994775,0.10852689400007876,2.614096402200959,2.787095262096364,3.266557821315888
8.599077100000159,2.83,2.98,3.3600000000000003,0.0010047959999610612,0.02884206399994582,0.014932133000002068,2.6032287644385,2.765556001964162,3.1713561767798963
8.649386956000171,2.83,2.98,3.3600000000000003,0.05131465199997365,0.07915191999995841,0.06524198900001466,2.6032287644385,2.765556001964162,3.1713561767798963
8.69970434400011,2.83,2.98,3.3600000000000003,0.1016320399999131,0.12946930799989786,0.11555937699995411,2.6032287644385,2.765556001964162,3.1713561767798963
8.750035639000089,2.82,3.04,3.43,0.008014438999907725,0.03579966300003434,0.02192234099993584,2.592354142473593,2.830106005081788,3.245427552727067
8.800181021000071,2.82,3.04,3.43,0.058159820999890144,0.08594504500001676,0.07206772299991826,2.592354142473593,2.830106005081788,3.245427552727067
8.850508396000123,2.82,3.04,3.43,0.10848719599994183,0.13627242000006845,0.12239509799996995,2.592354142473593,2.830106005081788,3.245427552727067
8.900815696000109,2.85,3.04,3.39,0.014811589999908392,0.1865797200000543,0.028720732000010685,2.624957142507283,2.830106005081788,3.2031234756093934
8.951112543000136,2.85,3.04,3.39,0.06510843699993529,0.2368765670000812,0.07901757900003759,2.624957142507283,2.830106005081788,3.2031234756093934
9.001228788000162,2.85,3.04,3.39,0.11522468199996183,0.28699281200010773,0.12913382400006412,2.624957142507283,2.830106005081788,3.2031234756093934
9.051592358000107,2.83,3.04,3.43,0.02124516899993978,0.3373563820000527,0.03553996899995582,2.6032287644385,2.830106005081788,3.245427552727067
9.10175074000017,2.83,3.04,3.43,0.07140355100000306,0.387514764000116,0.0856983510000191,2.6032287644385,2.830106005081788,3.245427552727067
9.152093720000039,2.83,3.04,3.43,0.12174653099987154,0.43785774399998445,0.13604133099988758,2.6032287644385,2.830106005081788,3.245427552727067
9.202428908000002,2.83,3.04,3.43,0.17208171899983427,0.4881929319999472,0.1863765189998503,2.6032287644385,2.830106005081788,3.245427552727067
9.25275750700007,2.83,3.04,3.43,0.22241031799990196,0.5385215310000149,0.236705117999918,2.6032287644385,2.830106005081788,3.245427552727067
9.303069162000156,2.83,3.04,3.43,0.2727219729999888,0.012995361000093908,0.28701677300000483,2.6032287644385,2.830106005081788,3.245427552727067
9.353401967000082,2.81,3.04,3.42,0.03515414599996802,0.06332816600001934,0.04928863700001784,2.5814724480420086,2.830106005081788,3.2348570292982033
9.403708094000194,2.81,3.04,3.42,0.08546027300008063,0.11363429300013195,0.09959476400013045,2.5814724480420086,2.830106005081788,3.2348570292982033
9.454024075999996,2.81,2.97,3.45,0.13577625499988244,0.019979585999863048,0.005716809999967154,2.5814724480420086,2.7547776679797593,3.266557821315888
9.50444557600008,2.83,2.97,3.45,0.04221205999988342,0.0704010859999471,0.056138310000051206,2.6032287644385,2.7547776679797593,3.266557821315888
9.554781361000096,2.83,2.97,3.45,0.0925478449998991,0.12073687099996278,0.10647409500006688,2.6032287644385,2.7547776679797593,3.266557821315888
9.60510834600018,2.83,2.97,3.46,0.14287482999998247,0.02710839700012002,0.0128228600001421,2.6032287644385,2.7547776679797593,3.2771176359721967
9.655454082999995,2.83,2.97,3.46,0.04947026699983326,0.07745413399993595,0.06316859699995803,2.6032287644385,2.7547776679797593,3.2771176359721967
9.705754918000139,2.83,2.97,3.46,0.09977110199997696,0.12775496900007965,0.11346943200010173,2.6032287644385,2.7547776679797593,3.2771176359721967
9.756088958000191,2.83,3.1100000000000003,3.43,0.005941610000036235,0.03409471800000574,0.02012027700016006,2.6032287644385,2.90516780926679,3.245427552727067
9.806380330000138,2.83,3.1100000000000003,3.43,0.05623298199998317,0.08438608999995267,0.07041164900010699,2.6032287644385,2.90516780926679,3.245427552727067
9.856719512000154,2.83,3.1100000000000003,3.43,0.10657216399999925,0.13472527199996875,0.12075083100012307,2.6032287644385,2.90516780926679,3.245427552727067
9.906852472000082,2.82,3.0,3.47,0.01273477799986722,0.04099811800006137,0.02687824500003444,2.592354142473593,2.787095262096364,3.287673949770567
9.956962389000182,2.82,3.0,3.47,0.06284469499996703,0.09110803500016118,0.07698816200013425,2.592354142473593,2.787095262096364,3.287673949770567
10.007287300000144,2.82,3.0,3.47,0.11316960599992854,0.14143294600012268,0.12731307300009576,2.592354142473593,2.787095262096364,3.287673949770567
10.057615893000047,2.8,3.0300000000000002,3.45,0.019482322999920143,0.047471317999907114,0.033431821000021955,2.5705835913270745,2.8193616298729753,3.266557821315888
10.107959144999995,2.8,3.0300000000000002,3.45,0.06982557499986797,0.09781456999985494,0.08377507299996978,2.5705835913270745,2.8193616298729753,3.266557821315888
10.158296747000122,2.8,3.0500000000000003,3.45,0.1201631769999949,0.004045700000006036,0.13411267500009671,2.5705835913270745,2.8408449447303528,3.266557821315888
10.208479727000167,2.83,3.0500000000000003,3.4,0.02638043399997514,0.0542286800000511,0.04032124000013937,2.6032287644385,2.8408449447303528,3.2137050269120837
10.258598513000152,2.83,3.0500000000000003,3.4,0.07649921999995968,0.10434746600003564,0.09044002600012391,2.6032287644385,2.8408449447303528,3.2137050269120837
10.308773482000106,2.83,3.0,3.4,0.1266741889999139,0.010877011000047787,0.14061499500007812,2.6032287644385,2.787095262096364,3.2137050269120837
10.359078633000081,2.83,3.0,3.43,0.03325150999990001,0.0611821620000228,0.04701483500002723,2.6032287644385,2.787095262096364,3.245427552727067
10.409403803000032,2.83,3.0,3.43,0.08357667999985097,0.11150733199997376,0.09734000499997819,2.6032287644385,2.787095262096364,3.245427552727067
10.459536840000055,2.83,3.0300000000000002,3.3800000000000003,0.13370971699987422,0.01751683099996626,0.0035517970000000787,2.6032287644385,2.8193616298729753,3.1925381751828747
10.509664747000215,2.82,3.0300000000000002,3.3800000000000003,0.03980291900006705,0.06764473800012638,0.0536797040001602,2.592354142473593,2.8193616298729753,3.1925381751828747
10.55999596300012,2.82,3.0300000000000002,3.3800000000000003,0.09013413499997114,0.11797595400003047,0.10401092000006429,2.592354142473593,2.8193616298729753,3.1925381751828747
10.610279578000018,2.82,3.0100000000000002,3.35,0.14041774999986956,0.024319139999988693,0.01040653899985955,2.592354142473593,2.797856322258168,3.1607594024221455
10.660608796000133,2.82,3.0100000000000002,3.35,0.046906671999977334,0.07464835800010405,0.06073575699997491,2.592354142473593,2.797856322258168,3.1607594024221455
10.710949362000065,2.82,3.0100000000000002,3.35,0.09724723799990898,0.1249889240000357,0.11107632299990655,2.592354142473593,2.797856322258168,3.1607594024221455
10.761116217000108,2.85,2.99,3.47,0.0030975510001098883,0.03125171200008481,0.01738238200005071,2.624957142507283,2.776328510821441,3.287673949770567
10.811339952000026,2.85,2.99,3.47,0.05332128600002761,0.08147544700000253,0.06760611699996844,2.624957142507283,2.776328510821441,3.287673949770567
10.86148125700015,2.85,2.99,3.47,0.10346259100015232,0.13161675200012724,0.11774742200009314,2.624957142507283,2.776328510821441,3.287673949770567
10.91184054900009,2.82,3.0100000000000002,3.41,0.00987952199989195,0.038010014000064984,0.024085760999923878,2.592354142473593,2.797856322258168,3.2242828660029197
10.962096713000165,2.82,3.0100000000000002,3.41,0.06013568599996688,0.08826617800013992,0.07434192499999881,2.592354142473593,2.797856322258168,3.2242828660029197
11.012436908000154,2.82,3.0100000000000002,3.41,0.11047588099995664,0.13860637300012968,0.12468211999998857,2.592354142473593,2.797856322258168,3.2242828660029197
11.06278297300014,2.83,3.08,3.52,0.016863457999988896,0.04475888899992242,0.03094096199993146,2.6032287644385,2.8730297596787957,3.3404041671630096
11.112927537000132,2.83,3.08,3.52,0.06700802199998179,0.09490345299991532,0.08108552599992436,2.6032287644385,2.8730297596787957,3.3404041671630096
11.163020406000214,2.83,3.02,3.52,0.11710089100006371,0.0012184050001451396,0.13117839500000628,2.6032287644385,2.8086117567225273,3.3404041671630096
11.213341723000212,2.83,3.02,3.41,0.023424331000114762,0.05153972200014323,0.03735623200009286,2.6032287644385,2.8086117567225273,3.2242828660029197
11.263672260000021,2.83,3.02,3.41,0.07375486799992359,0.10187025899995206,0.08768676899990169,2.6032287644385,2.8086117567225273,3.2242828660029197
11.314011212000196,2.83,3.0100000000000002,3.41,0.12409382000009828,0.007979677000093943,0.13802572100007637,2.6032287644385,2.797856322258168,3.2242828660029197
11.364328978999993,2.82,3.0100000000000002,3.43,0.030661997999914092,0.058297443999890675,0.04462960299997576,2.592354142473593,2.797856322258168,3.245427552727067
11.414668140000003,2.82,3.0100000000000002,3.43,0.08100115899992488,0.10863660499990146,0.09496876399998655,2.592354142473593,2.797856322258168,3.245427552727067
11.464767043000165,2.82,3.0100000000000002,3.44,0.13110006200008684,0.01474670600009631,0.0010601610001685913,2.592354142473593,2.797856322258168,3.255994471739778
11.514901172000009,2.83,3.0100000000000002,3.44,0.0370742299999165,0.06488083499993991,0.05119429000001219,2.6032287644385,2.797856322258168,3.255994471739778
11.565215766000165,2.83,3.0100000000000002,3.44,0.08738882400007242,0.11519542900009583,0.10150888400016811,2.6032287644385,2.797856322258168,3.255994471739778
11.615352781000183,2.83,3.0100000000000002,3.5,0.13752583900009085,0.02166303500007416,0.0076435099999798695,2.6032287644385,2.797856322258168,3.319322219972023
11.665465825000183,2.81,3.0100000000000002,3.5,0.043966788000034285,0.07177607900007388,0.05775655399997959,2.5814724480420086,2.797856322258168,3.319322219972023
11.715803699000162,2.81,3.0100000000000002,3.5,0.0943046620000132,0.12211395300005279,0.1080944279999585,2.5814724480420086,2.797856322258168,3.319322219972023
11.765905269000086,2.84,3.02,3.39,0.00048265600003105646,0.028044047000093997,0.014045932000044559,2.614096402200959,2.8086117567225273,3.2031234756093934
11.815987291000056,2.84,3.02,3.39,0.05056467800000064,0.07812606900006358,0.06412795400001414,2.614096402200959,2.8086117567225273,3.2031234756093934
11.86613095100006,2.84,3.02,3.39,0.100708338000004,0.12826972900006695,0.11427161400001751,2.614096402200959,2.8086117567225273,3.2031234756093934
11.916470876000176,2.84,3.0500000000000003,3.42,0.006751762000021699,0.03480646800016984,0.02067316300008315,2.614096402200959,2.8408449447303528,3.2348570292982033
11.966829396000094,2.84,3.0500000000000003,3.42,0.057110281999939616,0.08516498800008776,0.07103168300000107,2.614096402200959,2.8408449447303528,3.2348570292982033
12.017039786000169,2.84,3.0500000000000003,3.42,0.10732067200001438,0.13537537800016253,0.12124207300007583,2.614096402200959,2.8408449447303528,3.2348570292982033
12.067381045000047,2.82,2.99,3.42,0.013369917999852987,0.04167521699991994,0.027970319999894855,2.592354142473593,2.776328510821441,3.2348570292982033
12.117493657000068,2.82,2.99,3.42,0.0634825299998738,0.09178782899994076,0.07808293199991567,2.592354142473593,2.776328510821441,3.2348570292982033
12.16782908600021,2.82,2.99,3.42,0.11381795900001634,0.1421232580000833,0.1284183610000582,2.592354142473593,2.776328510821441,3.2348570292982033
12.217972080000209,2.82,2.99,3.42,0.16396095300001434,0.1922662520000813,0.1785613550000562,2.592354142473593,2.776328510821441,3.2348570292982033
12.26814374300011,2.82,2.99,3.42,0.2141326159999153,0.24243791499998224,0.22873301799995716,2.592354142473593,2.776328510821441,3.2348570292982033
12.31828409800005,2.82,3.04,3.42,0.2642729709998548,0.00458172999992712,0.2788733729998967,2.592354142473593,2.830106005081788,3.2348570292982033
12.368422735000195,2.83,3.04,3.4,0.026468828000133726,0.054720367000072656,0.04072118300018701,2.6032287644385,2.830106005081788,3.2137050269120837
12.418575981000004,2.83,3.04,3.4,0.07662207399994259,0.10487361299988152,0.09087442899999587,2.6032287644385,2.830106005081788,3.2137050269120837
12.468825379000009,2.83,3.0100000000000002,3.4,0.12687147199994797,0.011041556000009223,0.14112382700000126,2.6032287644385,2.797856322258168,3.2137050269120837
12.518990995000195,2.86,3.0100000000000002,3.5,0.03332863900004668,0.06120717200019499,0.04761551299998246,2.63581107061944,2.797856322258168,3.319322219972023
12.569313458000124,2.86,3.0100000000000002,3.5,0.08365110199997616,0.11152963500012447,0.09793797599991194,2.63581107061944,2.797856322258168,3.319322219972023
12.619646572000192,2.86,3.0100000000000002,3.46,0.1339842160000444,0.017898033000165015,0.004182304000096337,2.63581107061944,2.797856322258168,3.2771176359721967
12.669766671000161,2.83,3.0100000000000002,3.46,0.03983808600014527,0.06801813200013385,0.05430240300006517,2.6032287644385,2.797856322258168,3.2771176359721967
12.720101524000029,2.83,3.0100000000000002,3.46,0.09017293900001278,0.11835298500000135,0.10463725599993268,2.6032287644385,2.797856322258168,3.2771176359721967
12.770394972000076,2.83,2.98,3.42,0.14046638700006042,0.02505188400004954,0.01042221099987728,2.6032287644385,2.765556001964162,3.2348570292982033
12.820518908000167,2.83,2.98,3.42,0.04662631600012901,0.07517582000014045,0.06054614699996819,2.6032287644385,2.765556001964162,3.2348570292982033
12.870850864000204,2.83,2.98,3.42,0.09695827200016538,0.12550777600017682,0.11087810300000456,2.6032287644385,2.765556001964162,3.2348570292982033
12.921174835000102,2.84,3.1,3.43,0.0032765819998985535,0.031851443000050494,0.017208407999987685,2.614096402200959,2.8944602260179706,3.245427552727067
12.97128957100017,2.84,3.1,3.43,0.053391317999967214,0.08196617900011915,0.06732314400005635,2.614096402200959,2.8944602260179706,3.245427552727067
13.021490043000085,2.84,3.1,3.43,0.10359178999988217,0.1321666510000341,0.1175236159999713,2.614096402200959,2.8944602260179706,3.245427552727067
13.071686758000169,2.81,3.0100000000000002,3.42,0.00984423600016271,0.03803731900006824,0.023762748000081046,2.5814724480420086,2.797856322258168,3.2348570292982033
13.12180825900009,2.81,3.0100000000000002,3.42,0.05996573700008412,0.08815881999998965,0.07388424900000246,2.5814724480420086,2.797856322258168,3.2348570292982033
13.17191919600009,2.81,3.0100000000000002,3.42,0.11007667400008359,0.1382697569999891,0.12399518600000192,2.5814724480420086,2.797856322258168,3.2348570292982033
13.222048777000055,2.82,3.06,3.41,0.016569524000033198,0.0447045309999794,0.030399307999914527,2.592354142473593,2.8515785102290274,3.2242828660029197
13.272402601000067,2.82,3.06,3.41,0.06692334800004573,0.09505835499999193,0.08075313199992706,2.592354142473593,2.8515785102290274,3.2242828660029197
13.322556298000109,2.82,3.0300000000000002,3.41,0.11707704500008731,0.0007616719999532506,0.13090682899996864,2.592354142473593,2.8193616298729753,3.2242828660029197
13.372665262000055,2.81,3.0300000000000002,3.43,0.0229135629999746,0.050870635999899605,0.03696131299989247,2.5814724480420086,2.8193616298729753,3.245427552727067
13.422989804000053,2.81,3.0300000000000002,3.43,0.07323810499997307,0.10119517799989808,0.08728585499989094,2.5814724480420086,2.8193616298729753,3.245427552727067
13.47316134000016,2.81,3.0700000000000003,3.43,0.12340964100008023,0.0076274670000202605,0.1374573909999981,2.5814724480420086,2.862306762036522,3.245427552727067
13.523495319000176,2.82,3.0700000000000003,3.48,0.029762468000171793,0.05796144600003572,0.043783153000049424,2.592354142473593,2.862306762036522,3.2982267963255647
13.573788410000134,2.82,3.0700000000000003,3.48,0.0800555590001295,0.10825453699999343,0.09407624400000714,2.592354142473593,2.862306762036522,3.2982267963255647
13.623879106999993,2.82,3.02,3.46,0.13014625599998908,0.01410798399979285,0.00039625199997317395,2.592354142473593,2.8086117567225273,3.2771176359721967
13.674191699000176,2.86,3.02,3.46,0.03646970199997668,0.06442057599997497,0.050708844000155295,2.63581107061944,2.8086117567225273,3.2771176359721967
13.724364311000045,2.86,3.02,3.46,0.08664231399984601,0.1145931879998443,0.10088145600002463,2.63581107061944,2.8086117567225273,3.2771176359721967
13.774717839999994,2.86,3.02,3.37,0.13699584299979506,0.020882776999997077,0.006957870999940496,2.63581107061944,2.8086117567225273,3.1819490882162147
13.825037685000098,2.82,3.02,3.37,0.043721651999931055,0.07120262200010075,0.057277716000044165,2.592354142473593,2.8086117567225273,3.1819490882162147
13.87533700300014,2.82,3.02,3.37,0.09402096999997411,0.1215019400001438,0.10757703400008722,2.592354142473593,2.8086117567225273,3.1819490882162147
13.926278187000207,2.84,3.0,3.39,0.0008144960002027801,0.028437082000209557,0.014566781000212359,2.614096402200959,2.787095262096364,3.2031234756093934
13.976611883000032,2.84,3.0,3.39,0.05114819200002785,0.07877077800003462,0.06490047700003743,2.614096402200959,2.787095262096364,3.2031234756093934
14.02677652300008,2.84,3.0,3.39,0.10131283200007601,0.1289354180000828,0.11506511700008559,2.614096402200959,2.787095262096364,3.2031234756093934
14.077104254000005,2.8,3.02,3.48,0.007494704000009733,0.03569465999999011,0.0214133160000074,2.5705835913270745,2.8086117567225273,3.2982267963255647
14.127260320000005,2.8,3.02,3.48,0.05765077000000929,0.08585072599998966,0.07156938200000695,2.5705835913270745,2.8086117567225273,3.2982267963255647
14.177643671000169,2.8,3.02,3.48,0.1080341210001734,0.13623407700015377,0.12195273300017107,2.5705835913270745,2.8086117567225273,3.2982267963255647
14.227776822000124,2.82,3.02,3.42,0.014179178999938813,0.042378478000046016,0.028082772000061595,2.592354142473593,2.8086117567225273,3.2348570292982033
14.277909757000089,2.82,3.02,3.42,0.06431211399990389,0.09251141300001109,0.07821570700002667,2.592354142473593,2.8086117567225273,3.2348570292982033
14.3282490160002,2.82,3.02,3.42,0.11465137300001516,0.14285067200012236,0.12855496600013794,2.592354142473593,2.8086117567225273,3.2348570292982033
14.378588746000105,2.83,3.02,3.43,0.021054933999948844,0.049170696999908614,0.03515075900008924,2.6032287644385,2.8086117567225273,3.245427552727067
14.428710134000085,2.83,3.02,3.43,0.0711763219999284,0.09929208499988817,0.0852721470000688,2.6032287644385,2.8086117567225273,3.245427552727067
14.47903998400011,2.83,3.0300000000000002,3.43,0.12150617199995395,0.00563388099999429,0.13560199700009434,2.6032287644385,2.8193616298729753,3.245427552727067
14.529383796000047,2.82,3.0300000000000002,3.5300000000000002,0.02787986299995282,0.055977692999931605,0.04211321100001442,2.592354142473593,2.8193616298729753,3.35094016658012
14.57972264,2.82,3.0300000000000002,3.5300000000000002,0.07821870699990541,0.10631653699988419,0.092452054999967,2.592354142473593,2.8193616298729753,3.35094016658012
14.630055151000079,2.82,2.99,3.5300000000000002,0.12855121799998415,0.012386893999973836,0.14278456600004574,2.592354142473593,2.776328510821441,3.35094016658012
14.680185346000144,2.81,2.99,3.42,0.03473449000011897,0.06251708900003905,0.048920516999942265,2.5814724480420086,2.776328510821441,3.2348570292982033
14.730472843000143,2.81,2.99,3.42,0.08502198700011832,0.1128045860000384,0.09920801399994161,2.5814724480420086,2.776328510821441,3.2348570292982033
14.780796452000004,2.81,3.02,3.4,0.1353455959999792,0.01915564799992353,0.005545902999983809,2.5814724480420086,2.8086117567225273,3.2137050269120837
14.830937108000171,2.83,3.02,3.4,0.04173759400009658,0.06929630400009046,0.05568655900015074,2.6032287644385,2.8086117567225273,3.2137050269120837
14.881068305000099,2.83,3.02,3.4,0.09186879100002443,0.11942750100001831,0.10581775600007859,2.6032287644385,2.8086117567225273,3.2137050269120837
14.931220079000013,2.83,3.0,3.43,0.14202056499993887,0.025868077999803063,0.011692289999928107,2.6032287644385,2.787095262096364,3.245427552727067
14.9813592160001,2.82,3.0,3.43,0.048263404999943305,0.0760072149998905,0.06183142700001554,2.592354142473593,2.787095262096364,3.245427552727067
15.031725477999998,2.82,3.0,3.43,0.09862966699984099,0.12637347699978818,0.11219768899991323,2.592354142473593,2.787095262096364,3.245427552727067
15.081883908000009,2.81,2.9600000000000004,3.39,0.004485620999957973,0.03253280899980382,0.018589269999893077,2.5814724480420086,2.743993440225396,3.2031234756093934
15.132047628999999,2.81,2.9600000000000004,3.39,0.054649341999947865,0.08269652999979371,0.06875299099988297,2.5814724480420086,2.743993440225396,3.2031234756093934
15.182235178000155,2.81,2.9600000000000004,3.39,0.10483689100010452,0.13288407899995036,0.11894054000003962,2.5814724480420086,2.743993440225396,3.2031234756093934
15.232623000000103,2.81,2.9600000000000004,3.39,0.15522471300005236,0.1832719009998982,0.16932836199998746,2.5814724480420086,2.743993440225396,3.2031234756093934
15.28294901900017,2.81,2.9600000000000004,3.39,0.20555073200011975,0.2335979199999656,0.21965438100005485,2.5814724480420086,2.743993440225396,3.2031234756093934
15.333322150000186,2.81,2.9600000000000004,3.39,0.2559238630001346,0.28397105099998043,0.2700275120000697,2.5814724480420086,2.743993440225396,3.2031234756093934
15.383438211000112,2.82,3.08,3.39,0.017918664000035278,0.04617799500010733,0.03223136299993712,2.592354142473593,2.8730297596787957,3.2031234756093934
15.433753931000183,2.82,3.08,3.39,0.06823438400010673,0.09649371500017878,0.08254708300000857,2.592354142473593,2.8730297596787957,3.2031234756093934
15.483991306999997,2.82,3.02,3.39,0.11847175999992032,0.002533782999989853,0.13278445899982216,2.592354142473593,2.8086117567225273,3.2031234756093934
15.534174211000163,2.86,3.02,3.42,0.024795376000156466,0.052716687000156526,0.03880255700005364,2.63581107061944,2.8086117567225273,3.2348570292982033
15.584512685000163,2.86,3.02,3.42,0.0751338500001566,0.10305516100015666,0.08914103100005377,2.63581107061944,2.8086117567225273,3.2348570292982033
15.634845439000173,2.86,3.0300000000000002,3.42,0.12546660400016663,0.00942611699997542,0.1394737850000638,2.63581107061944,2.8193616298729753,3.2348570292982033
15.685167535000119,2.78,3.0300000000000002,3.39,0.03152444700003798,0.059748212999920725,0.045424703999970006,2.5487840238042923,2.8193616298729753,3.2031234756093934
15.735498810000081,2.78,3.0300000000000002,3.39,0.08185572200000024,0.11007948799988299,0.09575597899993227,2.5487840238042923,2.8193616298729753,3.2031234756093934
15.785603673000196,2.78,3.06,3.46,0.13196058500011532,0.016182491000108712,0.0018872730001930904,2.5487840238042923,2.8515785102290274,3.2771176359721967
15.835892460000196,2.83,3.06,3.46,0.0382695190000959,0.06647127800010821,0.05217606000019259,2.6032287644385,2.8515785102290274,3.2771176359721967
15.886174084999993,2.83,3.06,3.46,0.08855114399989361,0.11675290299990593,0.1024576849999903,2.6032287644385,2.8515785102290274,3.2771176359721967
15.936476008,2.83,3.0500000000000003,3.39,0.13885306699989997,0.023409055999991324,0.008765745999880892,2.6032287644385,2.8408449447303528,3.2031234756093934
15.98679750600013,2.84,3.0500000000000003,3.39,0.045210839999981545,0.07373055400012163,0.059087244000011196,2.614096402200959,2.8408449447303528,3.2031234756093934
16.037152578000132,2.84,3.0500000000000003,3.39,0.09556591199998365,0.12408562600012374,0.1094423160000133,2.614096402200959,2.8408449447303528,3.2031234756093934
16.08729285100003,2.85,3.0300000000000002,3.45,0.001774628000021039,0.02993898399995487,0.015981501999931425,2.624957142507283,2.8193616298729753,3.266557821315888
16.13740490100008,2.85,3.0300000000000002,3.45,0.051886678000073516,0.08005103400000735,0.0660935519999839,2.624957142507283,2.8193616298729753,3.266557821315888
16.187736506000192,2.85,3.0300000000000002,3.45,0.10221828300018387,0.1303826390001177,0.11642515700009426,2.624957142507283,2.8193616298729753,3.266557821315888
16.237866365000173,2.8,3.04,3.46,0.008727784000029715,0.036843339000142805,0.022520807000091736,2.5705835913270745,2.830106005081788,3.2771176359721967
16.288041118000137,2.8,3.04,3.46,0.05890253699999448,0.08701809200010757,0.0726955600000565,2.5705835913270745,2.830106005081788,3.2771176359721967
16.338375796000037,2.8,3.04,3.46,0.1092372149998937,0.13735277000000679,0.12303023799995572,2.5705835913270745,2.830106005081788,3.2771176359721967
16.388537623000047,2.85,3.04,3.39,0.015104956999948627,0.04314337200003138,0.029019234999850596,2.624957142507283,2.830106005081788,3.2031234756093934
16.43888466400017,2.85,3.04,3.39,0.0654519980000714,0.09349041300015415,0.07936627599997337,2.624957142507283,2.830106005081788,3.2031234756093934
16.48907234400008,2.85,3.04,3.39,0.11563967799997954,0.1436780930000623,0.1295539559998815,2.624957142507283,2.830106005081788,3.2031234756093934
16.539368127000216,2.83,3.0100000000000002,3.4,0.022261279000076684,0.049770674000001236,0.03586641500010046,2.6032287644385,2.797856322258168,3.2137050269120837
16.589707136000015,2.83,3.0100000000000002,3.4,0.07260028799987595,0.1001096829998005,0.08620542399989972,2.6032287644385,2.797856322258168,3.2137050269120837
16.639930316000118,2.83,3.04,3.4,0.12282346799997867,0.006304784000121799,0.13642860400000245,2.6032287644385,2.830106005081788,3.2137050269120837
16.690051237000034,2.86,3.04,3.43,0.028654015000029176,0.05642570500003785,0.04286468700001933,2.63581107061944,2.830106005081788,3.245427552727067
16.740376605000165,2.86,3.04,3.43,0.07897938300015994,0.10675107300016862,0.0931900550001501,2.63581107061944,2.830106005081788,3.245427552727067
16.790506333000167,2.86,3.1100000000000003,3.43,0.12910911100016165,0.01330711000014162,0.1433197830001518,2.63581107061944,2.90516780926679,3.245427552727067
16.840597620000153,2.83,3.1100000000000003,3.47,0.03565685800003848,0.06339839700012817,0.049432268000145996,2.6032287644385,2.90516780926679,3.287673949770567
16.89097938100008,2.83,3.1100000000000003,3.47,0.08603861899996446,0.11378015800005414,0.09981402900007197,2.6032287644385,2.90516780926679,3.287673949770567
16.94112877900011,2.83,3.02,3.45,0.13618801699999494,0.01966423599992595,0.006045486999937566,2.6032287644385,2.8086117567225273,3.266557821315888
16.99131103800005,2.8,3.02,3.45,0.04221251299986761,0.06984649499986517,0.05622774599987679,2.5705835913270745,2.8086117567225273,3.266557821315888
17.041430351000145,2.8,3.02,3.45,0.09233182599996326,0.11996580799996082,0.10634705899997243,2.5705835913270745,2.8086117567225273,3.266557821315888
17.09153579000008,2.8,3.0,3.46,0.14243726499989862,0.026079230000050302,0.01230986399991707,2.5705835913270745,2.787095262096364,3.2771176359721967
17.14186969100001,2.85,3.0,3.46,0.048913374999983716,0.07641313099998115,0.06264376499984792,2.624957142507283,2.787095262096364,3.2771176359721967
17.191983711000148,2.85,3.0,3.46,0.09902739500012103,0.12652715100011847,0.11275778499998523,2.624957142507283,2.787095262096364,3.2771176359721967
17.242084593000072,2.81,2.95,3.45,0.005043072000034954,0.03264222500001779,0.01902096999992864,2.5814724480420086,2.7332032489370417,3.266557821315888
17.29240265500016,2.81,2.95,3.45,0.05536113400012255,0.08296028700010538,0.06933903200001623,2.5814724480420086,2.7332032489370417,3.266557821315888
17.34256164700014,2.81,2.95,3.45,0.1055201260001013,0.13311927900008413,0.11949802399999498,2.5814724480420086,2.7332032489370417,3.266557821315888
17.392831391000072,2.89,3.0500000000000003,3.39,0.011882902000024842,0.03944307100005062,0.025503495000066323,2.6683328128252666,2.8408449447303528,3.2031234756093934
17.443128972000068,2.89,3.0500000000000003,3.39,0.062180483000020104,0.08974065200004588,0.07580107600006158,2.6683328128252666,2.8408449447303528,3.2031234756093934
17.493476052000005,2.89,3.0500000000000003,3.39,0.11252756299995781,0.1400877319999836,0.1261481559999993,2.6683328128252666,2.8408449447303528,3.2031234756093934
17.543713885000216,2.81,2.99,3.39,0.018501146000062363,0.04647186700003658,0.032437339000125576,2.5814724480420086,2.776328510821441,3.2031234756093934
17.593828649000216,2.81,2.99,3.39,0.06861591000006229,0.0965866310000365,0.0825521030001255,2.5814724480420086,2.776328510821441,3.2031234756093934
17.64404605300001,2.81,3.0300000000000002,3.39,0.11883331399985764,0.0027102009998998255,0.13276950699992085,2.5814724480420086,2.8193616298729753,3.2031234756093934
17.69419013600009,2.84,3.0300000000000002,3.48,0.025025937000009435,0.05285428399997727,0.039278177999904074,2.614096402200959,2.8193616298729753,3.2982267963255647
17.744337742000198,2.84,3.0300000000000002,3.48,0.07517354300011903,0.10300189000008686,0.08942578400001366,2.614096402200959,2.8193616298729753,3.2982267963255647
17.794461753000178,2.84,2.9400000000000004,3.48,0.1252975540000989,0.009412645000111297,0.13954979499999354,2.614096402200959,2.722407023205752,3.2982267963255647
17.8445833090002,2.83,2.9400000000000004,3.48,0.03143147900004806,0.05953420100013318,0.04569699500007118,2.6032287644385,2.722407023205752,3.2982267963255647
17.894721481000033,2.83,2.9400000000000004,3.48,0.08156965099988156,0.10967237299996668,0.09583516699990469,2.6032287644385,2.722407023205752,3.2982267963255647
17.94485537300011,2.83,3.0,3.48,0.1317035429999578,0.015747729999930016,0.0016559410000809294,2.6032287644385,2.787095262096364,3.2982267963255647
17.995111955000084,2.81,3.0,3.48,0.03799333699998897,0.06600431199990453,0.051912523000055444,2.5814724480420086,2.787095262096364,3.2982267963255647
18.04543784500015,2.81,3.0,3.48,0.08831922700005634,0.1163302019999719,0.10223841300012282,2.5814724480420086,2.787095262096364,3.2982267963255647
18.09560578000014,2.81,2.99,3.39,0.13848716200004674,0.022387718000118184,0.00863638600003469,2.5814724480420086,2.776328510821441,3.2031234756093934
18.14593250500002,2.8,2.99,3.39,0.04504211399989799,0.0727144429999953,0.058963110999911805,2.5705835913270745,2.776328510821441,3.2031234756093934
18.196075818000054,2.8,2.99,3.39,0.09518542699993304,0.12285775600003035,0.10910642399994686,2.5705835913270745,2.776328510821441,3.2031234756093934
18.246211512000173,2.8,2.99,3.39,0.1453211210000518,0.1729934500001491,0.1592421180000656,2.5705835913270745,2.776328510821441,3.2031234756093934
18.29660033600021,2.8,2.99,3.39,0.19570994500008965,0.22338227400018695,0.20963094200010346,2.5705835913270745,2.776328510821441,3.2031234756093934
18.346720015000074,2.8,2.99,3.39,0.24582962399995267,0.27350195300005,0.2597506209999665,2.5705835913270745,2.776328510821441,3.2031234756093934
18.396852835000118,2.81,2.99,3.4,0.007728468000095745,0.03594631600003595,0.02185773800010793,2.5814724480420086,2.776328510821441,3.2137050269120837
18.446996745000206,2.81,2.99,3.4,0.057872378000183744,0.08609022600012395,0.07200164800019593,2.5814724480420086,2.776328510821441,3.2137050269120837
18.497342829000218,2.81,2.99,3.4,0.10821846200019536,0.13643631000013556,0.12234773200020754,2.5814724480420086,2.776328510821441,3.2137050269120837
18.54747641400013,2.8,3.02,3.41,0.014122531000111849,0.04257287199993698,0.028394574999992983,2.5705835913270745,2.8086117567225273,3.2242828660029197
18.59781982300001,2.8,3.02,3.41,0.06446593999999095,0.09291628099981608,0.07873798399987209,2.5705835913270745,2.8086117567225273,3.2242828660029197
18.648164068000142,2.8,3.02,3.41,0.11481018500012397,0.1432605259999491,0.1290822290000051,2.5705835913270745,2.8086117567225273,3.2242828660029197
18.698518166000213,2.85,3.0700000000000003,3.43,0.021196789000214267,0.04935856500014779,0.035625701000071786,2.624957142507283,2.862306762036522,3.245427552727067
18.748861443000123,2.85,3.0700000000000003,3.43,0.07154006600012508,0.0997018420000586,0.0859689779999826,2.624957142507283,2.862306762036522,3.245427552727067
18.799382452000145,2.85,3.04,3.43,0.12206107500014696,0.006300966000026165,0.13648998700000448,2.624957142507283,2.830106005081788,3.245427552727067
18.849714346000155,2.81,3.04,3.44,0.02871231200015245,0.05663286000003609,0.04298208900013378,2.5814724480420086,2.830106005081788,3.255994471739778
18.89985651400002,2.81,3.04,3.44,0.07885448000001816,0.1067750279999018,0.09312425699999949,2.5814724480420086,2.830106005081788,3.255994471739778
18.95019004300002,2.81,3.0,3.44,0.1291880090000177,0.013112548999970386,0.14345778599999903,2.5814724480420086,2.787095262096364,3.255994471739778
19.00033630600001,2.81,3.0,3.46,0.035052535999966494,0.0632588119999582,0.04923985300001732,2.5814724480420086,2.787095262096364,3.2771176359721967
19.050457924000057,2.81,3.0,3.46,0.08517415400001482,0.11338043000000653,0.09936147100006565,2.5814724480420086,2.787095262096364,3.2771176359721967
19.100612697000088,2.81,3.0100000000000002,3.42,0.13532892700004595,0.019651186999908532,0.005593245999989449,2.5814724480420086,2.797856322258168,3.2348570292982033
19.150824432000036,2.8,3.0100000000000002,3.42,0.041705081999907634,0.06986292199985655,0.05580498099993747,2.5705835913270745,2.797856322258168,3.2348570292982033
19.201000455000212,2.8,3.0100000000000002,3.42,0.09188110500008406,0.12003894500003298,0.1059810040001139,2.5705835913270745,2.797856322258168,3.2348570292982033
19.251136108000082,2.8,2.95,3.48,0.14201675799995428,0.0261352600000464,0.011874762999923405,2.5705835913270745,2.7332032489370417,3.2982267963255647
19.301257817000078,2.83,2.95,3.48,0.04808687600007033,0.07625696900004186,0.06199647199991887,2.6032287644385,2.7332032489370417,3.2982267963255647
19.35158459100012,2.83,2.95,3.48,0.09841365000011137,0.1265837430000829,0.11232324599995991,2.6032287644385,2.7332032489370417,3.2982267963255647
19.40180381600021,2.82,3.02,3.46,0.004735002000188615,0.033128189000080965,0.018842438000092443,2.592354142473593,2.8086117567225273,3.2771176359721967
19.451922543000137,2.82,3.02,3.46,0.05485372900011498,0.08324691600000733,0.06896116500001881,2.592354142473593,2.8086117567225273,3.2771176359721967
19.502201487000093,2.82,3.02,3.46,0.10513267300007101,0.13352585999996336,0.11924010899997484,2.592354142473593,2.8086117567225273,3.2771176359721967
19.55248503300004,2.84,3.0300000000000002,3.39,0.011369158999968931,0.03920683100000133,0.02525750299992069,2.614096402200959,2.8193616298729753,3.2031234756093934
19.602624400000195,2.84,3.0300000000000002,3.39,0.06150852600012513,0.08934619800015753,0.07539687000007689,2.614096402200959,2.8193616298729753,3.2031234756093934
19.652737645000116,2.84,3.0300000000000002,3.39,0.11162177100004556,0.13945944300007795,0.1255101149999973,2.614096402200959,2.8193616298729753,3.2031234756093934
19.70287592700015,2.82,3.06,3.43,0.01777823299994452,0.04566058000000339,0.03169983800012233,2.592354142473593,2.8515785102290274,3.245427552727067
19.752996805000066,2.82,3.06,3.43,0.06789911099986057,0.09578145799991944,0.08182071600003837,2.592354142473593,2.8515785102290274,3.245427552727067
19.803116902000056,2.82,3.02,3.43,0.11801920799985055,0.0019055509999361675,0.13194081300002836,2.592354142473593,2.8086117567225273,3.245427552727067
19.85344619600005,2.83,3.02,3.47,0.0243538989998342,0.05223484499992992,0.03858908100005465,2.6032287644385,2.8086117567225273,3.287673949770567
19.903600826,2.83,3.02,3.47,0.074508528999786,0.10238947499988171,0.08874371100000644,2.6032287644385,2.8086117567225273,3.287673949770567
19.953936537000118,2.83,3.0500000000000003,3.47,0.12484423999990213,0.00873424199994588,0.13907942200012258,2.6032287644385,2.8408449447303528,3.287673949770567
20.004298223000205,2.84,3.0500000000000003,3.39,0.031199993000200266,0.05909592800003338,0.04521941200005131,2.614096402200959,2.8408449447303528,3.2031234756093934
20.054439240000193,2.84,3.0500000000000003,3.39,0.08134101000018745,0.10923694500002057,0.0953604290000385,2.614096402200959,2.8408449447303528,3.2031234756093934
20.10458708200008,2.84,3.02,3.4,0.13148885200007498,0.015423851999912586,0.0018345220000810514,2.614096402200959,2.8086117567225273,3.2137050269120837
20.154700852000133,2.82,3.02,3.4,0.03767551900000399,0.06553762199996527,0.05194829200013373,2.592354142473593,2.8086117567225273,3.2137050269120837
20.20495205600014,2.82,3.02,3.4,0.08792672300000959,0.11578882599997087,0.10219949600013933,2.592354142473593,2.8086117567225273,3.2137050269120837
20.255089879000025,2.82,2.99,3.4,0.13806454599989593,0.022132228999907966,0.008051496999996743,2.592354142473593,2.776328510821441,3.2137050269120837
20.30518182600008,2.83,2.99,3.4,0.04437224899993453,0.07222417599996334,0.058143444000052114,2.6032287644385,2.776328510821441,3.2137050269120837
20.355371489000163,2.83,2.99,3.4,0.0945619120000174,0.12241383900004621,0.10833310700013499,2.6032287644385,2.776328510821441,3.2137050269120837
20.40546793800013,2.82,3.0,3.42,0.0007095850000951032,0.02837609300013355,0.014455950999945344,2.592354142473593,2.787095262096364,3.2348570292982033
20.455615893000186,2.82,3.0,3.42,0.05085754000015186,0.0785240480001903,0.0646039060000021,2.592354142473593,2.787095262096364,3.2348570292982033
20.505766958000095,2.82,3.0,3.42,0.10100860500006092,0.12867511300009937,0.11475497099991117,2.592354142473593,2.787095262096364,3.2348570292982033
20.55590446500014,2.85,3.02,3.44,0.0072774870000102965,0.03483889600011025,0.021198334000018804,2.624957142507283,2.8086117567225273,3.255994471739778
20.606223620000037,2.85,3.02,3.44,0.05759664199990766,0.08515805100000762,0.07151748899991617,2.624957142507283,2.8086117567225273,3.255994471739778
20.656368837000173,2.85,3.02,3.44,0.1077418590000434,0.13530326800014336,0.12166270600005191,2.624957142507283,2.8086117567225273,3.255994471739778
20.706480935000172,2.81,3.0100000000000002,3.45,0.01356092300011369,0.041712986999982604,0.027794034000180545,2.5814724480420086,2.797856322258168,3.266557821315888
20.756616209000185,2.81,3.0100000000000002,3.45,0.06369619700012663,0.09184826099999555,0.07792930800019349,2.5814724480420086,2.797856322258168,3.266557821315888
20.80672639600016,2.81,3.0100000000000002,3.45,0.11380638400009957,0.14195844799996848,0.12803949500016643,2.5814724480420086,2.797856322258168,3.266557821315888
20.856867241000145,2.86,3.04,3.48,0.02000368700009858,0.047952863000091384,0.03393128500010789,2.63581107061944,2.830106005081788,3.2982267963255647
20.90697956400004,2.86,3.04,3.48,0.07011600999999246,0.09806518599998526,0.08404360800000177,2.63581107061944,2.830106005081788,3.2982267963255647
20.95730720900019,2.86,3.0,3.48,0.12044365500014464,0.004324618000055125,0.13437125300015396,2.63581107061944,2.787095262096364,3.2982267963255647
21.007422588000054,2.83,3.0,3.46,0.026739355000017895,0.05443999699991764,0.04074305299991465,2.6032287644385,2.787095262096364,3.2771176359721967
21.057534788000112,2.83,3.0,3.46,0.07685155500007568,0.10455219699997542,0.09085525299997244,2.6032287644385,2.787095262096364,3.2771176359721967
21.107761613000093,2.83,3.1100000000000003,3.46,0.12707838000005722,0.011106272000006356,0.14108207799995398,2.6032287644385,2.90516780926679,3.2771176359721967
21.1581163740002,2.85,3.1100000000000003,3.43,0.03329557400002159,0.061461033000114185,0.04735751100020025,2.624957142507283,2.90516780926679,3.245427552727067
21.208458179000218,2.85,3.1100000000000003,3.43,0.08363737900003798,0.11180283800013058,0.09769931600021664,2.624957142507283,2.90516780926679,3.245427552727067
21.25879468800008,2.85,3.1100000000000003,3.43,0.1339738879999004,0.162139346999993,0.14803582500007906,2.624957142507283,2.90516780926679,3.245427552727067
21.309022981,2.85,3.1100000000000003,3.43,0.18420218099981867,0.21236763999991126,0.19826411799999732,2.624957142507283,2.90516780926679,3.245427552727067
21.359158346000186,2.85,3.1100000000000003,3.43,0.23433754600000611,0.2625030050000987,0.24839948300018477,2.624957142507283,2.90516780926679,3.245427552727067
21.409276290000207,2.85,3.04,3.48,0.28445549000002757,0.02431519600008869,0.010765070000161359,2.624957142507283,2.830106005081788,3.2982267963255647
21.45961177800018,2.84,3.04,3.48,0.04686527700005172,0.07465068400006203,0.0611005580001347,2.614096402200959,2.830106005081788,3.2982267963255647
21.509791602000178,2.84,3.04,3.48,0.09704510100004882,0.12483050800005913,0.1112803820001318,2.614096402200959,2.830106005081788,3.2982267963255647
21.559970656000132,2.84,3.0300000000000002,3.46,0.0029013420000865153,0.031114650000063193,0.017386770000030083,2.614096402200959,2.8193616298729753,3.2771176359721967
21.610127265000074,2.84,3.0300000000000002,3.46,0.05305795100002797,0.08127125900000465,0.06754337899997154,2.614096402200959,2.8193616298729753,3.2771176359721967
21.660241852000127,2.84,3.0300000000000002,3.46,0.10317253800008075,0.13138584600005743,0.11765796600002432,2.614096402200959,2.8193616298729753,3.2771176359721967
21.71042712900021,2.83,2.99,3.46,0.009734144000049127,0.03758408900012,0.023707992000026934,2.6032287644385,2.776328510821441,3.2771176359721967
21.7607244190001,2.83,2.99,3.46,0.0600314339999386,0.08788137900000947,0.0740052819999164,2.6032287644385,2.776328510821441,3.2771176359721967
21.81082081800014,2.83,2.99,3.46,0.11012783299997864,0.1379777780000495,0.12410168099995644,2.6032287644385,2.776328510821441,3.2771176359721967
21.86095573600005,2.82,3.0,3.45,0.01597662299991498,0.04473190599992449,0.03058536200001072,2.592354142473593,2.787095262096364,3.266557821315888
21.911267294000027,2.82,3.0,3.45,0.06628818099989076,0.09504346399990027,0.0808969199999865,2.592354142473593,2.787095262096364,3.266557821315888
21.961361986000156,2.82,3.04,3.45,0.11638287300002048,0.0006948760001250776,0.13099161200011622,2.592354142473593,2.830106005081788,3.266557821315888
22.011695130000135,2.82,3.04,3.42,0.022734877999937453,0.051028020000103425,0.036653128000125434,2.592354142473593,2.830106005081788,3.2348570292982033
22.06204294400004,2.82,3.04,3.42,0.07308269199984352,0.10137583400000949,0.0870009420000315,2.592354142473593,2.830106005081788,3.2348570292982033
22.112200993000215,2.82,3.0700000000000003,3.42,0.1232407410000178,0.0077000560002034035,0.1371589910002058,2.592354142473593,2.862306762036522,3.2348570292982033
22.16233916500005,2.78,3.0700000000000003,3.42,0.029409007999902315,0.057838228000036906,0.04359193799996319,2.5487840238042923,2.862306762036522,3.2348570292982033
22.212456124000028,2.78,3.0700000000000003,3.42,0.07952596699988135,0.10795518700001594,0.09370889699994223,2.5487840238042923,2.862306762036522,3.2348570292982033
22.262641925000025,2.78,3.12,3.42,0.12971176799987916,0.014003057999843804,0.14389469799994004,2.5487840238042923,2.915870367488925,3.2348570292982033
22.312981879000063,2.85,3.12,3.42,0.03628825400005553,0.06434301199988113,0.04985373899990009,2.624957142507283,2.915870367488925,3.2348570292982033
22.363349993000156,2.85,3.12,3.42,0.08665636800014909,0.11471112599997468,0.10022185299999364,2.624957142507283,2.915870367488925,3.2348570292982033
22.413690145000146,2.85,3.0500000000000003,3.44,0.13699652000013884,0.020984485000099085,0.0067427250000946515,2.624957142507283,2.8408449447303528,3.255994471739778
22.464038311000195,2.83,3.0500000000000003,3.44,0.04338163100010206,0.07133265100014796,0.05709089100014353,2.6032287644385,2.8408449447303528,3.255994471739778
22.51437057000021,2.83,3.0500000000000003,3.44,0.09371389000011732,0.12166491000016322,0.10742315000015878,2.6032287644385,2.8408449447303528,3.255994471739778
22.5645290020002,2.83,3.0100000000000002,3.44,0.14387232200010658,0.027536810000128753,0.013537313000142603,2.6032287644385,2.797856322258168,3.255994471739778
22.61473718100001,2.83,3.0100000000000002,3.44,0.04971377299989399,0.07774498899993887,0.06374549199995272,2.6032287644385,2.797856322258168,3.255994471739778
22.66504283800009,2.83,3.0100000000000002,3.44,0.10001942999997482,0.1280506460000197,0.11405114900003355,2.6032287644385,2.797856322258168,3.255994471739778
22.715156566000132,2.81,3.0500000000000003,3.44,0.00662565400011772,0.03419995600006587,0.020281198000020595,2.5814724480420086,2.8408449447303528,3.255994471739778
22.765487952000058,2.81,3.0500000000000003,3.44,0.05695704000004298,0.08453134199999113,0.07061258399994585,2.5814724480420086,2.8408449447303528,3.255994471739778
22.815773675000173,2.81,3.0500000000000003,3.44,0.10724276300015845,0.1348170650001066,0.12089830700006132,2.5814724480420086,2.8408449447303528,3.255994471739778
22.865915027000028,2.81,2.97,3.46,0.013189005999947767,0.04128007600002093,0.027433112999915465,2.5814724480420086,2.7547776679797593,3.2771176359721967
22.916024444000186,2.81,2.97,3.46,0.06329842300010569,0.09138949300017885,0.07754253000007338,2.5814724480420086,2.7547776679797593,3.2771176359721967
22.96612793500003,2.81,2.97,3.46,0.11340191399995092,0.14149298400002408,0.12764602099991862,2.5814724480420086,2.7547776679797593,3.2771176359721967
23.01626675800003,2.82,3.0300000000000002,3.4,0.01962159499998961,0.04749566399982541,0.03375019299983251,2.592354142473593,2.8193616298729753,3.2137050269120837
23.066626741000164,2.82,3.0300000000000002,3.4,0.0699815780001245,0.0978556469999603,0.0841101759999674,2.592354142473593,2.8193616298729753,3.2137050269120837
23.11676925300003,2.82,2.99,3.4,0.12012408999999025,0.00418396500003837,0.13425268799983314,2.592354142473593,2.776328510821441,3.2137050269120837
23.16705567300005,2.85,2.99,3.4,0.02630679699996108,0.05447038500005874,0.04024631399988721,2.624957142507283,2.776328510821441,3.2137050269120837
23.21738081500007,2.85,2.99,3.4,0.07663193899998078,0.10479552700007844,0.0905714559999069,2.624957142507283,2.776328510821441,3.2137050269120837
23.267523222000136,2.85,3.0500000000000003,3.4,0.12677434600004744,0.010998268000093958,0.14071386299997357,2.624957142507283,2.8408449447303528,3.2137050269120837
23.317759783000156,2.87,3.0500000000000003,3.39,0.03329795500008004,0.06123482900011368,0.04713050300006216,2.646658270347723,2.8408449447303528,3.2031234756093934
23.368035415000122,2.87,3.0500000000000003,3.39,0.08357358700004625,0.11151046100007989,0.09740613500002837,2.646658270347723,2.8408449447303528,3.2031234756093934
23.41816486300013,2.87,3.0100000000000002,3.48,0.1337030350000532,0.017302001999951244,0.0035584629999902972,2.646658270347723,2.797856322258168,3.2982267963255647
23.468275049000113,2.78,3.0100000000000002,3.48,0.03980401300009362,0.06741218799993476,0.05366864899997381,2.5487840238042923,2.797856322258168,3.2982267963255647
23.518625635000035,2.78,3.0100000000000002,3.48,0.09015459900001588,0.11776277399985702,0.10401923499989607,2.5487840238042923,2.797856322258168,3.2982267963255647
23.568828819000146,2.78,3.06,3.49,0.1403577830001268,0.023980313000038223,0.010209964000068794,2.5487840238042923,2.8515785102290274,3.308776208811953
23.61907047700015,2.82,3.06,3.49,0.046577629000012166,0.07422197100004269,0.06045162200007326,2.592354142473593,2.8515785102290274,3.308776208811953
23.669389575000196,2.82,3.06,3.49,0.09689672700005758,0.1245410690000881,0.11077072000011867,2.592354142473593,2.8515785102290274,3.308776208811953
23.71953206000012,2.8,2.98,3.47,0.002900357000044096,0.030696013000124367,0.016817231999993965,2.5705835913270745,2.765556001964162,3.287673949770567
23.769864346000077,2.8,2.98,3.47,0.05323264300000119,0.08102829900008146,0.06714951799995106,2.5705835913270745,2.765556001964162,3.287673949770567
23.82000681600016,2.8,2.98,3.47,0.10337511300008373,0.131170769000164,0.1172919880000336,2.5705835913270745,2.765556001964162,3.287673949770567
23.870143970000072,2.81,3.04,3.43,0.009532664000062141,0.037387261000048966,0.023763937000012447,2.5814724480420086,2.830106005081788,3.245427552727067
23.920480730999998,2.81,3.04,3.43,0.05986942499998804,0.08772402199997487,0.07410069799993835,2.5814724480420086,2.830106005081788,3.245427552727067
23.97080927700017,2.81,3.04,3.43,0.11019797100016149,0.1380525680001483,0.1244292440001118,2.5814724480420086,2.830106005081788,3.245427552727067
24.021150373000182,2.81,3.04,3.43,0.1605390670001725,0.18839366400015933,0.17477034000012281,2.5814724480420086,2.830106005081788,3.245427552727067
24.071491224000056,2.81,3.04,3.43,0.21087991800004602,0.23873451500003284,0.22511119099999632,2.5814724480420086,2.830106005081788,3.245427552727067
24.1215952,2.81,3.0,3.43,0.2609838939999918,0.000892616999863094,0.2752151669999421,2.5814724480420086,2.787095262096364,3.245427552727067
24.171832513000027,2.83,3.0,3.46,0.023583946999906402,0.05112992999988819,0.03753011300000253,2.6032287644385,2.787095262096364,3.2771176359721967
24.222163002000116,2.83,3.0,3.46,0.07391443599999548,0.10146041899997726,0.0878606020000916,2.6032287644385,2.787095262096364,3.2771176359721967
24.27228485600017,2.83,3.0,3.46,0.12403629000004912,0.1515822730000309,0.13798245600014525,2.6032287644385,2.787095262096364,3.2771176359721967
24.322420975000114,2.83,3.0,3.46,0.17417240899999342,0.2017183919999752,0.18811857500008955,2.6032287644385,2.787095262096364,3.2771176359721967
24.372710909000034,2.83,3.0,3.46,0.22446234299991374,0.25200832599989553,0.23840850900000987,2.6032287644385,2.787095262096364,3.2771176359721967
24.422815362000165,2.83,3.0300000000000002,3.39,0.27456679600004463,0.014160551000031774,0.0005654620001678268,2.6032287644385,2.8193616298729753,3.2031234756093934
24.473138308000216,2.84,3.0300000000000002,3.39,0.03631703000019115,0.06448349700008293,0.05088840800021899,2.614096402200959,2.8193616298729753,3.2031234756093934
24.523473704000025,2.84,3.0300000000000002,3.39,0.08665242600000056,0.11481889299989234,0.1012238040000284,2.614096402200959,2.8193616298729753,3.2031234756093934
24.573627994000162,2.84,3.0100000000000002,3.45,0.13680671600013738,0.021255087000099593,0.00746709700001702,2.614096402200959,2.797856322258168,3.266557821315888
24.62375643700011,2.83,3.0100000000000002,3.45,0.04333969599997545,0.07138353000004827,0.057595539999965695,2.6032287644385,2.797856322258168,3.266557821315888
24.674086306000163,2.83,3.0100000000000002,3.45,0.09366956500002743,0.12171339900010025,0.10792540900001768,2.6032287644385,2.797856322258168,3.266557821315888
24.724325298000167,2.83,3.0500000000000003,3.4,0.14390855700003158,0.02793124799995894,0.013877561000072092,2.6032287644385,2.8408449447303528,3.2137050269120837
24.774465486000054,2.84,3.0500000000000003,3.4,0.04953867399990486,0.07807143599984556,0.06401774899995871,2.614096402200959,2.8408449447303528,3.2137050269120837
24.824779726000088,2.84,3.0500000000000003,3.4,0.09985291399993912,0.12838567599987982,0.11433198899999297,2.614096402200959,2.8408449447303528,3.2137050269120837
24.875110552000024,2.83,3.04,3.4,0.006381888999840157,0.034587917999942874,0.02067968300002576,2.6032287644385,2.830106005081788,3.2137050269120837
24.925448904000177,2.83,3.04,3.4,0.05672024099999362,0.08492627000009634,0.07101803500017922,2.6032287644385,2.830106005081788,3.2137050269120837
24.975720494000143,2.83,3.04,3.4,0.10699183099995935,0.13519786000006206,0.12128962500014495,2.6032287644385,2.830106005081788,3.2137050269120837
25.02586141400002,2.78,2.99,3.4,0.01336646999993718,0.04158139199989819,0.02734771899986299,2.5487840238042923,2.776328510821441,3.2137050269120837
25.07598715400013,2.78,2.99,3.4,0.06349221000004945,0.09170713200001046,0.07747345899997526,2.5487840238042923,2.776328510821441,3.2137050269120837
25.126328934000185,2.78,2.99,3.4,0.11383399000010286,0.14204891200006386,0.12781523900002867,2.5487840238042923,2.776328510821441,3.2137050269120837
25.176445873000148,2.81,3.0500000000000003,3.43,0.019971719000068333,0.04800627899999199,0.03368673700015279,2.5814724480420086,2.8408449447303528,3.245427552727067
25.22678239800007,2.81,3.0500000000000003,3.43,0.07030824399998892,0.09834280399991258,0.08402326200007337,2.5814724480420086,2.8408449447303528,3.245427552727067
25.277074887000026,2.81,3.0500000000000003,3.43,0.12060073299994656,0.14863529299987022,0.13431575100003101,2.5814724480420086,2.8408449447303528,3.245427552727067
25.327236500000026,2.84,3.0500000000000003,3.47,0.02685955499987358,0.19879690599987043,0.04069919299990943,2.614096402200959,2.8408449447303528,3.287673949770567
25.377375147000066,2.84,3.0500000000000003,3.47,0.07699820199991336,0.24893555299991021,0.09083783999994921,2.614096402200959,2.8408449447303528,3.287673949770567
25.427498212000046,2.84,3.0500000000000003,3.47,0.12712126699989312,0.29905861799989,0.14096090499992897,2.614096402200959,2.8408449447303528,3.287673949770567
25.47763686600001,2.81,3.0500000000000003,3.49,0.032989927000016905,0.34919727199985573,0.04727355899990471,2.5814724480420086,2.8408449447303528,3.308776208811953
25.527974131000065,2.81,3.0500000000000003,3.49,0.08332719200006977,0.3995345369999086,0.09761082399995757,2.5814724480420086,2.8408449447303528,3.308776208811953
25.57834191500001,2.81,3.02,3.41,0.13369497600001523,0.017623435999894355,0.0036627489998863894,2.5814724480420086,2.8086117567225273,3.2242828660029197
25.628482907000034,2.84,3.02,3.41,0.03989618399987194,0.06776442799991855,0.05380374099991059,2.614096402200959,2.8086117567225273,3.2242828660029197
25.678796003000116,2.84,3.02,3.41,0.09020927999995365,0.11807752400000027,0.1041168369999923,2.614096402200959,2.8086117567225273,3.2242828660029197
25.728938289000098,2.84,3.0500000000000003,3.43,0.1403515659999357,0.02420892600002844,0.010334220999993704,2.614096402200959,2.8408449447303528,3.245427552727067
25.779082537000022,2.83,3.0500000000000003,3.43,0.04658141300001262,0.07435317399995256,0.06047846899991782,2.6032287644385,2.8408449447303528,3.245427552727067
25.829411676000063,2.83,3.0500000000000003,3.43,0.09691055200005394,0.12468231299999388,0.11080760799995915,2.6032287644385,2.8408449447303528,3.245427552727067
25.879746075000185,2.85,3.0,3.41,0.003225668000141013,0.031054451000045447,0.01716173600016191,2.624957142507283,2.787095262096364,3.2242828660029197
25.929891147000035,2.85,3.0,3.41,0.0533707399999912,0.08119952299989563,0.0673068080000121,2.624957142507283,2.787095262096364,3.2242828660029197
25.98002723600007,2.85,3.0,3.41,0.10350682900002539,0.13133561199992982,0.11744289700004629,2.624957142507283,2.787095262096364,3.2242828660029197
26.030359321000105,2.8,3.0,3.47,0.00988960099994074,0.03772185200000422,0.023782600000004095,2.5705835913270745,2.787095262096364,3.287673949770567
26.080707601000086,2.8,3.0,3.47,0.06023788099992089,0.08807013199998437,0.07413087999998424,2.5705835913270745,2.787095262096364,3.287673949770567
26.13104172200019,2.8,3.0,3.47,0.11057200200002626,0.13840425300008974,0.12446500100008961,2.5705835913270745,2.787095262096364,3.287673949770567
26.181382666000218,2.83,3.1,3.43,0.016964527000027374,0.044780811000009635,0.030870568000182175,2.6032287644385,2.8944602260179706,3.245427552727067
26.23152172600021,2.83,3.1,3.43,0.06710358700001962,0.09491987100000188,0.08100962800017442,2.6032287644385,2.8944602260179706,3.245427552727067
26.281784921000053,2.83,3.0500000000000003,3.43,0.11736678199986272,0.0015026959999886458,0.13127282300001752,2.6032287644385,2.8408449447303528,3.245427552727067
26.33191045400008,2.86,3.0500000000000003,3.42,0.023525166999888825,0.05162822900001629,0.03745039099999303,2.63581107061944,2.8408449447303528,3.2348570292982033
26.38208264600007,2.86,3.0500000000000003,3.42,0.07369735899987973,0.10180042100000719,0.08762258299998393,2.63581107061944,2.8408449447303528,3.2348570292982033
26.43242122000015,2.86,2.98,3.42,0.12403593299995919,0.007835552999949869,0.1379611570000634,2.63581107061944,2.765556001964162,3.2348570292982033
26.48275809000006,2.83,2.98,3.43,0.03041601399991123,0.05817242299985992,0.04430819899994276,2.6032287644385,2.765556001964162,3.245427552727067
26.53308105300016,2.83,2.98,3.43,0.08073897700000998,0.10849538599995867,0.09463116200004151,2.6032287644385,2.765556001964162,3.245427552727067
26.58316790700019,2.83,3.04,3.39,0.1308258310000383,0.014569889000085823,0.0010525510001571092,2.6032287644385,2.830106005081788,3.2031234756093934
26.63329455500002,2.81,3.04,3.39,0.036945869999954084,0.06469653699991795,0.05117919899998924,2.5814724480420086,2.830106005081788,3.2031234756093934
26.683626267000136,2.81,3.04,3.39,0.08727758200006974,0.11502824900003361,0.1015109110001049,2.5814724480420086,2.830106005081788,3.2031234756093934
26.7337361110001,2.81,3.0500000000000003,3.43,0.13738742600003206,0.02147906699997293,0.007375546000048416,2.5814724480420086,2.8408449447303528,3.245427552727067
26.783858332000136,2.82,3.0500000000000003,3.43,0.043762186000094516,0.07160128800001075,0.05749776700008624,2.592354142473593,2.8408449447303528,3.245427552727067
26.83415194700001,2.82,3.0500000000000003,3.43,0.09405580099996769,0.12189490299988393,0.10779138199995941,2.592354142473593,2.8408449447303528,3.245427552727067
26.884256884000024,2.78,2.98,3.39,0.00011188799999217736,0.02817357899994022,0.013904689999890252,2.5487840238042923,2.765556001964162,3.2031234756093934
26.934404647000065,2.78,2.98,3.39,0.050259651000033045,0.07832134199998109,0.06405245299993112,2.5487840238042923,2.765556001964162,3.2031234756093934
26.984649109000202,2.78,2.98,3.39,0.10050411300017004,0.12856580400011808,0.11429691500006811,2.5487840238042923,2.765556001964162,3.2031234756093934
27.034975958000132,2.84,3.08,3.48,0.006998383000109243,0.03457859700006338,0.020664033000002746,2.614096402200959,2.8730297596787957,3.2982267963255647
27.085317024999995,2.84,3.08,3.48,0.0573394499999722,0.08491966399992634,0.0710050999998657,2.614096402200959,2.8730297596787957,3.2982267963255647
27.1356807640002,2.84,3.08,3.48,0.10770318900017628,0.13528340300013042,0.12136883900006978,2.614096402200959,2.8730297596787957,3.2982267963255647
27.185851163000052,2.83,3.06,3.47,0.01363151299983656,0.04164874000002783,0.027554602000009254,2.6032287644385,2.8515785102290274,3.287673949770567
27.236169187000087,2.83,3.06,3.47,0.06394953699987127,0.09196676400006254,0.07787262600004397,2.6032287644385,2.8515785102290274,3.287673949770567
27.28632802800007,2.83,3.06,3.47,0.11410837799985529,0.14212560500004656,0.128031467000028,2.6032287644385,2.8515785102290274,3.287673949770567
27.336625943000172,2.83,3.06,3.47,0.16440629299995635,0.19242352000014762,0.17832938200012904,2.6032287644385,2.8515785102290274,3.287673949770567
27.386962330000188,2.83,3.06,3.47,0.2147426799999721,0.24275990700016337,0.2286657690001448,2.6032287644385,2.8515785102290274,3.287673949770567
27.43729463500017,2.83,3.08,3.47,0.26507498499995563,0.0049772009999742295,0.2789980740001283,2.6032287644385,2.8730297596787957,3.287673949770567
27.487632359000145,2.82,3.08,3.42,0.02746962700007316,0.055314924999947834,0.04164710700001706,2.592354142473593,2.8730297596787957,3.2348570292982033
27.537947237000026,2.82,3.08,3.42,0.07778450499995415,0.10562980299982883,0.09196198499989805,2.592354142473593,2.8730297596787957,3.2348570292982033
27.588266943000008,2.82,3.0100000000000002,3.42,0.12810421099993619,0.012229036999997334,0.14228169099988008,2.592354142473593,2.797856322258168,3.2348570292982033
27.63860783400014,2.86,3.0100000000000002,3.44,0.03434462299992447,0.06256992800012995,0.04878394799993657,2.63581107061944,2.797856322258168,3.255994471739778
27.68896744000017,2.86,3.0100000000000002,3.44,0.08470422899995356,0.11292953400015904,0.09914355399996566,2.63581107061944,2.797856322258168,3.255994471739778
27.73913518900008,2.86,3.0500000000000003,3.42,0.1348719779998646,0.018889542999886544,0.005235635999952137,2.63581107061944,2.8408449447303528,3.2348570292982033
27.78946781800005,2.83,3.0500000000000003,3.42,0.04103453699985948,0.06922217199985425,0.05556826499991985,2.6032287644385,2.8408449447303528,3.2348570292982033
27.839608552000072,2.83,3.0500000000000003,3.42,0.09117527099988365,0.11936290599987842,0.10570899899994401,2.6032287644385,2.8408449447303528,3.2348570292982033
27.889881596000123,2.83,3.1,3.43,0.14144831499993415,0.025650920000089172,0.011728380000022298,2.6032287644385,2.8944602260179706,3.245427552727067
27.93999983399999,2.85,3.1,3.43,0.047614563999786697,0.07576915799995732,0.06184661799989044,2.624957142507283,2.8944602260179706,3.245427552727067
27.99013304800019,2.85,3.1,3.43,0.09774777799998446,0.12590237200015508,0.11197983200008821,2.624957142507283,2.8944602260179706,3.245427552727067
28.04027721300008,2.82,3.04,3.4,0.0039040500000737666,0.03207104500006608,0.018182997999929285,2.592354142473593,2.830106005081788,3.2137050269120837
28.09045882800001,2.82,3.04,3.4,0.054085665000002336,0.08225265999999465,0.06836461299985785,2.592354142473593,2.830106005081788,3.2137050269120837
28.14061015900006,2.82,3.04,3.4,0.1042369960000542,0.13240399100004652,0.11851594399990972,2.592354142473593,2.830106005081788,3.2137050269120837
28.190719298000204,2.83,3.0,3.41,0.010557284000014988,0.03856997100001536,0.024273164000078395,2.6032287644385,2.787095262096364,3.2242828660029197
28.24082715899999,2.83,3.0,3.41,0.06066514499980258,0.08867783199980295,0.07438102499986599,2.6032287644385,2.787095262096364,3.2242828660029197
28.29093299100009,2.83,3.0,3.41,0.1107709769999019,0.13878366399990227,0.12448685699996531,2.6032287644385,2.787095262096364,3.2242828660029197
28.341229599000144,2.81,3.0300000000000002,3.41,0.016905343999951583,0.045077021999986755,0.03083099100012987,2.5814724480420086,2.8193616298729753,3.2242828660029197
28.39160049100019,2.81,3.0300000000000002,3.41,0.06727623599999788,0.09544791400003305,0.08120188300017617,2.5814724480420086,2.8193616298729753,3.2242828660029197
28.441771275000065,2.81,3.08,3.41,0.11744701999987228,0.0018976110000039625,0.13137266700005057,2.5814724480420086,2.8730297596787957,3.2242828660029197
28.49189007500013,2.86,3.08,3.39,0.023880091000137327,0.05201641100006782,0.03776464499992471,2.63581107061944,2.8730297596787957,3.2031234756093934
28.542206347000047,2.86,3.08,3.39,0.0741963630000555,0.10233268299998599,0.08808091699984288,2.63581107061944,2.8730297596787957,3.2031234756093934
28.592337184000144,2.86,3.06,3.39,0.12432720000015252,0.008262400000148773,0.1382117539999399,2.63581107061944,2.8515785102290274,3.2031234756093934
28.64266952800017,2.84,3.06,3.4,0.030424781999954575,0.058594744000174614,0.04474923199995828,2.614096402200959,2.8515785102290274,3.2137050269120837
28.692916976000106,2.84,3.06,3.4,0.08067222999989099,0.10884219200011103,0.0949966799998947,2.614096402200959,2.8515785102290274,3.2137050269120837
28.74321156200017,2.84,3.0500000000000003,3.4,0.13096681599995463,0.01517339300016829,0.0009017649999805144,2.614096402200959,2.8408449447303528,3.2137050269120837
28.79351127000018,2.78,3.0500000000000003,3.4,0.0372740039999826,0.06547310100017967,0.05120147299999189,2.5487840238042923,2.8408449447303528,3.2137050269120837
28.843848682000043,2.78,3.0500000000000003,3.4,0.08761141599984512,0.11581051300004219,0.10153888499985442,2.5487840238042923,2.8408449447303528,3.2137050269120837
28.894196494000198,2.78,2.99,3.41,0.1379592279999997,0.022074530000054438,0.007907178000095882,2.5487840238042923,2.776328510821441,3.2242828660029197
28.94431415100007,2.84,2.99,3.41,0.04413002499995855,0.0721921869999278,0.058024834999969244,2.614096402200959,2.776328510821441,3.2242828660029197
28.994441356000152,2.84,2.99,3.41,0.09425723000003927,0.12231939200000852,0.10815204000004996,2.614096402200959,2.776328510821441,3.2242828660029197
29.04452885400019,2.83,3.04,3.47,0.0003584480000426993,0.028192189000037615,0.0142794700000195,2.6032287644385,2.830106005081788,3.287673949770567
29.09486821900009,2.83,3.04,3.47,0.05069781299994247,0.07853155399993739,0.06461883499991927,2.6032287644385,2.830106005081788,3.287673949770567
29.144960482000215,2.83,3.04,3.47,0.10079007600006662,0.12862381700006154,0.11471109800004342,2.6032287644385,2.830106005081788,3.287673949770567
29.19528042800016,2.82,3.0100000000000002,3.45,0.007451718000083929,0.03499042700013888,0.02104906700014908,2.592354142473593,2.797856322258168,3.266557821315888
29.245623356000124,2.82,3.0100000000000002,3.45,0.05779464600004758,0.08533335500010253,0.07139199500011273,2.592354142473593,2.797856322258168,3.266557821315888
29.29591352300008,2.82,3.0100000000000002,3.45,0.10808481300000494,0.1356235220000599,0.1216821620000701,2.592354142473593,2.797856322258168,3.266557821315888
29.346242471000096,2.81,3.08,3.44,0.014116591999936645,0.04212195099989913,0.028355189999956565,2.5814724480420086,2.8730297596787957,3.255994471739778
29.39637520300016,2.81,3.08,3.44,0.06424932400000216,0.09225468299996464,0.07848792200002208,2.5814724480420086,2.8730297596787957,3.255994471739778
29.446487954000077,2.81,3.08,3.44,0.11436207499991724,0.14236743399987972,0.12860067299993716,2.5814724480420086,2.8730297596787957,3.255994471739778
29.49662444400019,2.81,3.0700000000000003,3.42,0.020548354000084146,0.04875048200005949,0.03444668200017986,2.5814724480420086,2.862306762036522,3.2348570292982033
29.546784045000095,2.81,3.0700000000000003,3.42,0.07070795499998894,0.09891008299996429,0.08460628300008466,2.5814724480420086,2.862306762036522,3.2348570292982033
29.596887742000035,2.81,3.0,3.42,0.12081165199992938,0.005026097999916601,0.1347099800000251,2.5814724480420086,2.787095262096364,3.2348570292982033
29.647001047000003,2.81,3.0,3.47,0.026961583000002065,0.055139402999884624,0.04094193399987489,2.5814724480420086,2.787095262096364,3.287673949770567
29.69716041300012,2.81,3.0,3.47,0.07712094900011834,0.1052987690000009,0.09110129999999117,2.5814724480420086,2.787095262096364,3.287673949770567
29.747322349000115,2.81,2.99,3.47,0.1272828850001133,0.011155132000112644,0.14126323599998614,2.5814724480420086,2.776328510821441,3.287673949770567
29.79748104500004,2.84,2.99,3.45,0.03345550199992431,0.061313828000038484,0.04739229599999817,2.614096402200959,2.776328510821441,3.266557821315888
29.8476063170001,2.84,2.99,3.45,0.08358077399998365,0.11143910000009782,0.09751756800005751,2.614096402200959,2.776328510821441,3.266557821315888
29.897743140000102,2.84,3.1,3.5300000000000002,0.1337175969999862,0.017771392999975433,0.003979992000040511,2.614096402200959,2.8944602260179706,3.35094016658012
29.94785717400009,2.83,3.1,3.5300000000000002,0.03988369199987574,0.0678854269999647,0.05409402600002977,2.6032287644385,2.8944602260179706,3.35094016658012
29.998031709000088,2.83,3.1,3.5300000000000002,0.0900582269998722,0.11805996199996116,0.10426856100002624,2.6032287644385,2.8944602260179706,3.35094016658012
30.048175746000197,2.83,3.04,3.43,0.14020226399998137,0.02427607600020565,0.010198404999982813,2.6032287644385,2.830106005081788,3.245427552727067
30.098478462000003,2.82,3.04,3.43,0.046680689999902825,0.07457879200001116,0.06050112099978833,2.592354142473593,2.830106005081788,3.245427552727067
30.148807010000155,2.82,3.04,3.43,0.09700923800005512,0.12490734000016346,0.11082966899994062,2.592354142473593,2.830106005081788,3.245427552727067
30.198948065000195,2.83,3.0700000000000003,3.4,0.0032987189999857947,0.031071753000105673,0.01692560600008619,2.6032287644385,2.862306762036522,3.2137050269120837
30.249221658000124,2.83,3.0700000000000003,3.4,0.053572311999914746,0.08134534600003462,0.06719919900001514,2.6032287644385,2.862306762036522,3.2137050269120837
30.299364762000096,2.83,3.0700000000000003,3.4,0.10371541599988632,0.1314884500000062,0.11734230299998671,2.6032287644385,2.862306762036522,3.2137050269120837
30.349684312000136,2.83,3.0700000000000003,3.4,0.1540349659999265,0.18180800000004638,0.1676618530000269,2.6032287644385,2.862306762036522,3.2137050269120837
30.399827490000007,2.83,3.0700000000000003,3.4,0.2041781439997976,0.2319511779999175,0.217805030999898,2.6032287644385,2.862306762036522,3.2137050269120837
30.45012600500013,2.83,3.0700000000000003,3.4,0.2544766589999199,0.28224969300003977,0.2681035460000203,2.6032287644385,2.862306762036522,3.2137050269120837
30.500462425000023,2.81,3.0300000000000002,3.44,0.016510696999830543,0.044397909999815965,0.03078846199991858,2.5814724480420086,2.8193616298729753,3.255994471739778
30.550621766000177,2.81,3.0300000000000002,3.44,0.06667003799998383,0.09455725099996926,0.08094780300007187,2.5814724480420086,2.8193616298729753,3.255994471739778
30.600702683999998,2.81,3.08,3.44,0.11675095599980523,0.0006881559997964359,0.13102872099989327,2.5814724480420086,2.8730297596787957,3.255994471739778
30.650945711000077,2.83,3.08,3.43,0.02281871500008492,0.05093118299987509,0.03703029200005403,2.6032287644385,2.8730297596787957,3.245427552727067
30.70111182100004,2.83,3.08,3.43,0.07298482500004866,0.10109729299983883,0.08719640200001777,2.6032287644385,2.8730297596787957,3.245427552727067
30.751257914000007,2.83,3.04,3.43,0.1231309180000153,0.007581959999924948,0.1373424949999844,2.6032287644385,2.830106005081788,3.245427552727067
30.80148156400014,2.84,3.04,3.47,0.029554525000094145,0.05780561000005946,0.04375698400008332,2.614096402200959,2.830106005081788,3.287673949770567
30.851616756000112,2.84,3.04,3.47,0.07968971700006477,0.10794080200003009,0.09389217600005395,2.614096402200959,2.830106005081788,3.287673949770567
30.901751599000136,2.84,3.0100000000000002,3.48,0.12982456000008824,0.013805732000037096,0.00010636899992277904,2.614096402200959,2.797856322258168,3.2982267963255647
30.952083361000177,2.83,3.0100000000000002,3.48,0.03592166199996427,0.06413749400007873,0.050438130999964415,2.6032287644385,2.797856322258168,3.2982267963255647
31.00238496200018,2.83,3.0100000000000002,3.48,0.0862232629999653,0.11443909500007976,0.10073973199996544,2.6032287644385,2.797856322258168,3.2982267963255647
31.052518972000144,2.83,3.0300000000000002,3.48,0.1363572729999305,0.02056596600004923,0.006889078000085647,2.6032287644385,2.8193616298729753,3.2982267963255647
31.102723607000144,2.84,3.0300000000000002,3.48,0.0428939050000281,0.07077060100004928,0.0570937130000857,2.614096402200959,2.8193616298729753,3.2982267963255647
31.153056546000016,2.84,3.0300000000000002,3.48,0.09322684399990067,0.12110353999992185,0.10742665199995827,2.614096402200959,2.8193616298729753,3.2982267963255647
31.203200715000094,2.84,3.0300000000000002,3.48,0.14337101299997812,0.02728717099989808,0.013049558999910005,2.614096402200959,2.8193616298729753,3.2982267963255647
31.253362099000014,2.83,3.0300000000000002,3.48,0.04917520899994088,0.07744855499981895,0.06321094299983088,2.6032287644385,2.8193616298729753,3.2982267963255647
31.303598527000077,2.83,3.0300000000000002,3.48,0.09941163700000288,0.12768498299988096,0.11344737099989288,2.6032287644385,2.8193616298729753,3.2982267963255647
31.35393604600017,2.83,3.0,3.39,0.0059263690000079805,0.03407676000006177,0.020035202000144636,2.6032287644385,2.787095262096364,3.2031234756093934
31.404232567000008,2.83,3.0,3.39,0.05622288999984448,0.08437328099989827,0.07033172299998114,2.6032287644385,2.787095262096364,3.2031234756093934
31.454601356000012,2.83,3.0,3.39,0.10659167899984823,0.13474206999990201,0.12070051199998488,2.6032287644385,2.787095262096364,3.2031234756093934
31.504945583000108,2.81,3.0500000000000003,3.4,0.01322390199993606,0.041356429999950706,0.02685345400004735,2.5814724480420086,2.8408449447303528,3.2137050269120837
31.55527892200007,2.81,3.0500000000000003,3.4,0.06355724099989857,0.09168976899991321,0.07718679300000986,2.5814724480420086,2.8408449447303528,3.2137050269120837
31.605423930000143,2.81,3.0500000000000003,3.4,0.11370224899997083,0.14183477699998548,0.12733180100008212,2.5814724480420086,2.8408449447303528,3.2137050269120837
31.65575390900017,2.81,3.04,3.39,0.019917095999971934,0.04808334000017567,0.03389407800000299,2.5814724480420086,2.830106005081788,3.2031234756093934
31.706085064000035,2.81,3.04,3.39,0.070248250999839,0.09841449500004273,0.08422523299987006,2.5814724480420086,2.830106005081788,3.2031234756093934
31.75623040100004,2.81,2.97,3.39,0.12039358799984257,0.004235003999838227,0.13437056999987362,2.5814724480420086,2.7547776679797593,3.2031234756093934
31.806348723000156,2.83,2.97,3.41,0.026711931000136246,0.054353325999954905,0.040612019000036526,2.6032287644385,2.7547776679797593,3.2242828660029197
31.856483432999994,2.83,2.97,3.41,0.07684664099997462,0.10448803599979328,0.0907467289998749,2.6032287644385,2.7547776679797593,3.2242828660029197
31.90663779700003,2.83,3.0,3.41,0.127001005000011,0.010556375999840384,0.14090109299991127,2.6032287644385,2.787095262096364,3.2242828660029197
31.95696367000005,2.81,3.0,3.45,0.033076542999879166,0.06088224899986017,0.04692701799990573,2.5814724480420086,2.787095262096364,3.266557821315888
32.00731374400016,2.81,3.0,3.45,0.08342661699998644,0.11123232299996744,0.097277092000013,2.5814724480420086,2.787095262096364,3.266557821315888
32.05745614500006,2.81,3.0,3.52,0.13356901799988918,0.017444887000010567,0.003497245000062321,2.5814724480420086,2.787095262096364,3.3404041671630096
32.107809093000014,2.86,3.0,3.52,0.040032210999925155,0.06779783499996483,0.05385019300001659,2.63581107061944,2.787095262096364,3.3404041671630096
32.15804456400019,2.86,3.0,3.52,0.09026768200010338,0.11803330600014306,0.10408566400019481,2.63581107061944,2.787095262096364,3.3404041671630096
32.20817239300004,2.86,2.99,3.44,0.1403955109999515,0.02428954599986355,0.0102446719999989,2.63581107061944,2.776328510821441,3.255994471739778
32.25849961500012,2.8,2.99,3.44,0.046796615999937785,0.07461676799994166,0.06057189400007701,2.5705835913270745,2.776328510821441,3.255994471739778
32.308648934000075,2.8,2.99,3.44,0.09694593499989423,0.12476608699989811,0.11072121300003346,2.5705835913270745,2.776328510821441,3.255994471739778
32.358760557000096,2.85,2.99,3.48,0.0031138130000272213,0.030806452999968315,0.01696710900000653,2.624957142507283,2.776328510821441,3.2982267963255647
32.40899655500016,2.85,2.99,3.48,0.053349811000089176,0.08104245100003027,0.06720310700006848,2.624957142507283,2.776328510821441,3.2982267963255647
32.45934606800006,2.85,2.99,3.48,0.10369932399999016,0.13139196399993125,0.11755261999996947,2.624957142507283,2.776328510821441,3.2982267963255647
32.50949029900016,2.83,3.0,3.41,0.009658553999997821,0.03753151099999741,0.023762952999959452,2.6032287644385,2.787095262096364,3.2242828660029197
32.559643409000046,2.83,3.0,3.41,0.05981166399988069,0.08768462099988028,0.07391606299984232,2.6032287644385,2.787095262096364,3.2242828660029197
32.60995215700018,2.83,3.0,3.41,0.11012041200001477,0.13799336900001435,0.1242248109999764,2.6032287644385,2.787095262096364,3.2242828660029197
32.660261135000155,2.81,3.02,3.42,0.016762708999976894,0.044305809999968915,0.030416358000138644,2.5814724480420086,2.8086117567225273,3.2348570292982033
32.71062557900018,2.81,3.02,3.42,0.06712715300000127,0.09467025399999329,0.08078080200016302,2.5814724480420086,2.8086117567225273,3.2348570292982033
32.76071544000001,2.81,3.0500000000000003,3.42,0.11721701399983431,0.0008224229998177179,0.13087066299999606,2.5814724480420086,2.8408449447303528,3.2348570292982033
32.81085490800001,2.84,3.0500000000000003,3.48,0.023379867999892667,0.050961890999815296,0.037340173999837134,2.614096402200959,2.8408449447303528,3.2982267963255647
32.86112906000017,2.84,3.0500000000000003,3.48,0.07365402000004906,0.10123604299997169,0.08761432599999353,2.614096402200959,2.8408449447303528,3.2982267963255647
32.91123240600018,2.84,3.04,3.48,0.12375736600006348,0.007630705000110538,0.13771767200000795,2.614096402200959,2.830106005081788,3.2982267963255647
32.96136123400015,2.84,3.04,3.45,0.0298416850000649,0.05775953300008041,0.043761300000142,2.614096402200959,2.830106005081788,3.266557821315888
33.01169786600008,2.84,3.04,3.45,0.08017831699999078,0.1080961650000063,0.09409793200006789,2.614096402200959,2.830106005081788,3.266557821315888
33.061858839000024,2.84,3.0,3.45,0.13033928999993805,0.01409611600001881,6.601199993383489e-05,2.614096402200959,2.787095262096364,3.266557821315888
33.1119920860001,2.83,3.0,3.45,0.03660157900003469,0.06422936300009496,0.05019925900000999,2.6032287644385,2.787095262096364,3.266557821315888
33.162327111000195,2.83,3.0,3.45,0.08693660400012959,0.11456438800018987,0.10053428400010489,2.6032287644385,2.787095262096364,3.266557821315888
33.21243259300013,2.83,3.04,3.44,0.13704208600006496,0.020920901999943453,0.006991936000076748,2.6032287644385,2.830106005081788,3.255994471739778
33.26271999800019,2.83,3.04,3.44,0.04339862200004063,0.07120830700000624,0.05727934100013954,2.6032287644385,2.830106005081788,3.255994471739778
33.31283907300008,2.83,3.04,3.44,0.09351769699992474,0.12132738199989035,0.10739841600002364,2.6032287644385,2.830106005081788,3.255994471739778
33.363172004000035,2.83,3.04,3.44,0.1438506279998819,0.17166031299984752,0.15773134699998081,2.6032287644385,2.830106005081788,3.255994471739778
33.41349226400007,2.83,3.04,3.44,0.19417088799991689,0.2219805729998825,0.2080516070000158,2.6032287644385,2.830106005081788,3.255994471739778
33.463610662000065,2.83,3.04,3.44,0.24428928599991195,0.27209897099987757,0.25817000500001086,2.6032287644385,2.830106005081788,3.255994471739778
33.5139086690001,2.8,3.0700000000000003,3.43,0.006146267000076477,0.03412818900005732,0.02047397399996953,2.5705835913270745,2.862306762036522,3.245427552727067
33.56408896200014,2.8,3.0700000000000003,3.43,0.05632656000011593,0.08430848200009677,0.07065426700000899,2.5705835913270745,2.862306762036522,3.245427552727067
33.614215134999995,2.8,3.0700000000000003,3.43,0.10645273299996916,0.13443465499995,0.12078043999986221,2.5705835913270745,2.862306762036522,3.245427552727067
33.66456976900008,2.82,3.04,3.4,0.012747788000069704,0.04081352200000765,0.02690278899990517,2.592354142473593,2.830106005081788,3.2137050269120837
33.7147747580002,2.82,3.04,3.4,0.06295277700019142,0.09101851100012937,0.07710777800002688,2.592354142473593,2.830106005081788,3.2137050269120837
33.76510848900011,2.82,3.04,3.4,0.1132865080001011,0.14135224200003904,0.12744150899993656,2.592354142473593,2.830106005081788,3.2137050269120837
33.815405087000045,2.83,3.0300000000000002,3.5,0.019809211999927356,0.047733956000001854,0.0337294959999781,2.6032287644385,2.8193616298729753,3.319322219972023
33.865733583000065,2.83,3.0300000000000002,3.5,0.07013770799994745,0.09806245200002195,0.0840579919999982,2.6032287644385,2.8193616298729753,3.319322219972023
33.916064799000196,2.83,3.0300000000000002,3.5,0.12046892400007891,0.004357130000016696,0.13438920800012966,2.6032287644385,2.8193616298729753,3.319322219972023
33.96633821600017,2.83,3.0300000000000002,3.48,0.026467020000154662,0.05463054699998793,0.040962981000120635,2.6032287644385,2.8193616298729753,3.2982267963255647
34.016481814000144,2.83,3.0300000000000002,3.48,0.07661061800013158,0.10477414499996485,0.09110657900009755,2.6032287644385,2.8193616298729753,3.2982267963255647
34.066625966000174,2.83,3.02,3.48,0.12675477000016144,0.011174338000046191,0.14125073100012742,2.6032287644385,2.8086117567225273,3.2982267963255647
34.11695319200021,2.83,3.02,3.43,0.033112844000015684,0.061501564000082,0.04738551400009783,2.6032287644385,2.8086117567225273,3.245427552727067
34.16729350600008,2.83,3.02,3.43,0.08345315799988384,0.11184187799995016,0.09772582799996599,2.6032287644385,2.8086117567225273,3.245427552727067
34.21739075600021,2.83,3.0,3.4,0.13355040800001916,0.01774879200002033,0.0036315950001153396,2.6032287644385,2.787095262096364,3.2137050269120837
34.2677128790001,2.85,3.0,3.4,0.03990186700002596,0.06807091499990747,0.05395371800000248,2.624957142507283,2.787095262096364,3.2137050269120837
34.31785101000014,2.85,3.0,3.4,0.09003999800006568,0.1182090459999472,0.1040918490000422,2.624957142507283,2.787095262096364,3.2137050269120837
34.3681413180002,2.85,3.0500000000000003,3.42,0.14033030600012353,0.024750894000135304,0.01064717200006271,2.624957142507283,2.8408449447303528,3.2348570292982033
34.418417623000096,2.82,3.0500000000000003,3.42,0.04663178300006621,0.07502719900003285,0.06092347699996026,2.592354142473593,2.8408449447303528,3.2348570292982033
34.4685697230002,2.82,3.0500000000000003,3.42,0.09678388300017104,0.1251792990001377,0.1110755770000651,2.592354142473593,2.8408449447303528,3.2348570292982033
34.51889740300021,2.8,3.02,3.46,0.003149362000158362,0.031299442000090494,0.01742235000006076,2.5705835913270745,2.8086117567225273,3.2771176359721967
34.569010313000035,2.8,3.02,3.46,0.05326227199998357,0.0814123519999157,0.06753525999988597,2.5705835913270745,2.8086117567225273,3.2771176359721967
34.61912274500014,2.8,3.02,3.46,0.10337470400008897,0.1315247840000211,0.11764769199999137,2.5705835913270745,2.8086117567225273,3.2771176359721967
34.66944915300019,2.81,3.0500000000000003,3.43,0.009831887000018469,0.037947129000031055,0.023960518000194497,2.5814724480420086,2.8408449447303528,3.245427552727067
34.71978193100017,2.81,3.0500000000000003,3.43,0.06016466500000206,0.08827990700001465,0.07429329600017809,2.5814724480420086,2.8408449447303528,3.245427552727067
34.77008426800012,2.81,3.0500000000000003,3.43,0.1104670019999503,0.13858224399996288,0.12459563300012633,2.5814724480420086,2.8408449447303528,3.245427552727067
34.82022859400013,2.84,3.08,3.42,0.016764828000077614,0.044873988000063036,0.03078226899992842,2.614096402200959,2.8730297596787957,3.2348570292982033
34.87052034800013,2.84,3.08,3.42,0.06705658200007747,0.09516574200006289,0.08107402299992827,2.614096402200959,2.8730297596787957,3.2348570292982033
34.920820663000086,2.84,3.0,3.42,0.11735689700003604,0.0012320589999035292,0.13137433799988685,2.614096402200959,2.787095262096364,3.2348570292982033
34.97111612399999,2.86,3.0,3.4,0.0234424749999107,0.051527519999808646,0.037363633999802914,2.63581107061944,2.787095262096364,3.2137050269120837
35.02123801300013,2.86,3.0,3.4,0.07356436400004895,0.1016494089999469,0.08748552299994117,2.63581107061944,2.787095262096364,3.2137050269120837
35.07161166600008,2.86,3.0,3.4,0.1239380170000004,0.008098529999870152,0.1378591759998926,2.63581107061944,2.787095262096364,3.2137050269120837
35.12172617500005,2.86,3.0,3.4,0.03007791699997142,0.05821303899983832,0.18797368499986078,2.63581107061944,2.787095262096364,3.2137050269120837
35.172053916000095,2.86,3.0,3.4,0.08040565800001787,0.10854077999988476,0.23830142599990722,2.63581107061944,2.787095262096364,3.2137050269120837
35.22239326000022,2.86,3.0500000000000003,3.4,0.13074500200013972,0.014617155000223647,0.2886407700000291,2.63581107061944,2.8408449447303528,3.2137050269120837
35.27252725700009,2.82,3.0500000000000003,3.4,0.037163918000032936,0.06475115200009895,0.3387747669999044,2.592354142473593,2.8408449447303528,3.2137050269120837
35.32285519900006,2.82,3.0500000000000003,3.4,0.08749186000000009,0.1150790940000661,0.38910270899987154,2.592354142473593,2.8408449447303528,3.2137050269120837
35.37320954100005,2.82,3.0100000000000002,3.44,0.13784620199999154,0.02146131999984391,0.007531368999934784,2.592354142473593,2.797856322258168,3.255994471739778
35.4235817230001,2.84,3.0100000000000002,3.44,0.044204635999903985,0.07183350199989036,0.057903550999981235,2.614096402200959,2.797856322258168,3.255994471739778
35.473909835000086,2.84,3.0100000000000002,3.44,0.09453274799989231,0.12216161399987868,0.10823166299996956,2.614096402200959,2.797856322258168,3.255994471739778
35.52399907900008,2.82,3.0300000000000002,3.44,0.000731692000044859,0.028270226999893566,0.15832090699996115,2.592354142473593,2.8193616298729753,3.255994471739778
35.574293356,2.82,3.0300000000000002,3.44,0.0510259689999657,0.0785645039998144,0.208615183999882,2.592354142473593,2.8193616298729753,3.255994471739778
35.62440365300017,2.82,3.0300000000000002,3.44,0.10113626600013959,0.1286748009999883,0.2587254810000559,2.592354142473593,2.8193616298729753,3.255994471739778
35.67457200700005,2.83,3.0300000000000002,3.44,0.007072483000001739,0.035225481999987096,0.3088938349999353,2.6032287644385,2.8193616298729753,3.255994471739778
35.724682637000114,2.83,3.0300000000000002,3.44,0.05718311300006462,0.08533611200004998,0.35900446499999816,2.6032287644385,2.8193616298729753,3.255994471739778
35.774787852000145,2.83,3.0300000000000002,3.44,0.10728832800009513,0.1354413270000805,0.4091096800000287,2.6032287644385,2.8193616298729753,3.255994471739778
35.825105581000116,2.85,3.0300000000000002,3.39,0.013771745999974883,0.04169022199994288,0.02786950099994101,2.624957142507283,2.8193616298729753,3.2031234756093934
35.87524851300009,2.85,3.0300000000000002,3.39,0.06391467799994643,0.09183315399991443,0.07801243299991256,2.624957142507283,2.8193616298729753,3.2031234756093934
35.92537256100013,2.85,3.0300000000000002,3.39,0.11403872599998977,0.14195720199995776,0.1281364809999559,2.624957142507283,2.8193616298729753,3.2031234756093934
35.97566057300014,2.82,2.97,3.46,0.02022761500006709,0.04796515700013515,0.03435691999993651,2.592354142473593,2.7547776679797593,3.2771176359721967
36.02577713900018,2.82,2.97,3.46,0.07034418100010953,0.09808172300017759,0.08447348599997895,2.592354142473593,2.7547776679797593,3.2771176359721967
36.07591336600012,2.82,3.0,3.46,0.12048040800004856,0.004425570999956108,0.13460971299991797,2.592354142473593,2.787095262096364,3.2771176359721967
36.12608093400013,2.78,3.0,3.45,0.026881640000055995,0.05459313899996232,0.04079835700008516,2.5487840238042923,2.787095262096364,3.266557821315888
36.176188185,2.78,3.0,3.45,0.07698889099992812,0.10470038999983444,0.09090560799995728,2.5487840238042923,2.787095262096364,3.266557821315888
36.22649640000009,2.78,3.0,3.45,0.12729710600001454,0.010977424999964569,0.1412138230000437,2.5487840238042923,2.787095262096364,3.266557821315888
36.27664774200002,2.82,3.0,3.43,0.033251141999926404,0.06112876699990011,0.04717215899995608,2.592354142473593,2.787095262096364,3.245427552727067
36.326761223000176,2.82,3.0,3.43,0.08336462300007952,0.11124224800005322,0.0972856400001092,2.592354142473593,2.787095262096364,3.245427552727067
36.37712099200007,2.82,3.0,3.43,0.13372439199997643,0.16160201699995014,0.1476454090000061,2.592354142473593,2.787095262096364,3.245427552727067
36.42724526500001,2.82,3.0,3.43,0.18384866499991404,0.21172628999988774,0.19776968199994371,2.592354142473593,2.787095262096364,3.245427552727067
36.47736955600021,2.82,3.0,3.43,0.23397295600011603,0.26185058100008973,0.2478939730001457,2.592354142473593,2.787095262096364,3.245427552727067
36.527696311,2.82,3.06,3.45,0.28429971099990325,0.024467211000001043,0.010314645999869754,2.592354142473593,2.8515785102290274,3.266557821315888
36.578044481000006,2.86,3.06,3.45,0.046916170999793394,0.07481538100000762,0.06066281599987633,2.63581107061944,2.8515785102290274,3.266557821315888
36.628234149000036,2.86,3.06,3.45,0.09710583899982339,0.12500504900003762,0.11085248399990633,2.63581107061944,2.8515785102290274,3.266557821315888
36.67836483300016,2.87,3.0,3.47,0.0030978009999671485,0.030915613000161102,0.01700814400010131,2.646658270347723,2.787095262096364,3.287673949770567
36.728504918,2.87,3.0,3.47,0.05323788599980617,0.08105569800000012,0.06714822899994033,2.646658270347723,2.787095262096364,3.287673949770567
36.77863664200004,2.87,3.0,3.47,0.10336960999984512,0.13118742200003908,0.11727995299997929,2.646658270347723,2.787095262096364,3.287673949770567
36.828771856,2.82,3.0500000000000003,3.49,0.00971810999999434,0.03764043099999981,0.023988392999854113,2.592354142473593,2.8408449447303528,3.308776208811953
36.87903441000003,2.82,3.0500000000000003,3.49,0.05998066400002244,0.08790298500002791,0.07425094699988222,2.592354142473593,2.8408449447303528,3.308776208811953
36.92918041600001,2.82,3.0500000000000003,3.49,0.11012666999999965,0.13804899100000512,0.12439695299985942,2.592354142473593,2.8408449447303528,3.308776208811953
36.97951287800015,2.83,3.0100000000000002,3.46,0.01597532100004173,0.04409209999994346,0.03052715600006195,2.6032287644385,2.797856322258168,3.2771176359721967
37.02985317600019,2.83,3.0100000000000002,3.46,0.0663156190000791,0.09443239799998082,0.08086745400009931,2.6032287644385,2.797856322258168,3.2771176359721967
37.079941998000095,2.83,2.99,3.46,0.11640444099998604,0.0005878320000647363,0.13095627600000626,2.6032287644385,2.776328510821441,3.2771176359721967
37.13011502600011,2.83,2.99,3.41,0.022873185999969792,0.050760860000082175,0.0368544870000278,2.6032287644385,2.776328510821441,3.2242828660029197
37.18045398100003,2.83,2.99,3.41,0.07321214099988538,0.10109981499999776,0.08719344199994339,2.6032287644385,2.776328510821441,3.2242828660029197
37.23060646900012,2.83,3.04,3.41,0.12336462899997969,0.0075376919999143865,0.1373459300000377,2.6032287644385,2.830106005081788,3.2242828660029197
37.28084619900005,2.83,3.04,3.39,0.029333402000020214,0.05777742199984459,0.04379445999984455,2.6032287644385,2.830106005081788,3.2031234756093934
37.33100145100002,2.83,3.04,3.39,0.07948865399998795,0.10793267399981232,0.09394971199981228,2.6032287644385,2.830106005081788,3.2031234756093934
37.381233329,2.83,3.04,3.39,0.1297205319999648,0.15816455199978918,0.14418158999978914,2.6032287644385,2.830106005081788,3.2031234756093934
37.43136163300005,2.83,3.04,3.44,0.035882551999975476,0.2082928559998436,0.049916436999865255,2.6032287644385,2.830106005081788,3.255994471739778
37.481487614000116,2.83,3.04,3.44,0.08600853300004019,0.2584188369999083,0.10004241799992997,2.6032287644385,2.830106005081788,3.255994471739778
37.53162373300006,2.83,3.04,3.42,0.1361446519999845,0.3085549559998526,0.006103197999891563,2.6032287644385,2.830106005081788,3.2348570292982033
37.58194384900003,2.8,3.04,3.42,0.04280059600000641,0.35887507199981883,0.05642331399985778,2.5705835913270745,2.830106005081788,3.2348570292982033
37.63227450800014,2.8,3.04,3.42,0.09313125500011665,0.4092057309999291,0.10675397299996803,2.5705835913270745,2.830106005081788,3.2348570292982033
37.682416815000124,2.8,3.06,3.44,0.143273562000104,0.027185477000102765,0.013190957000006165,2.5705835913270745,2.8515785102290274,3.255994471739778
37.73252497200019,2.8,3.06,3.44,0.04928210399998534,0.07729363400017064,0.06329911400007404,2.5705835913270745,2.8515785102290274,3.255994471739778
37.782619578000094,2.8,3.06,3.44,0.09937670999988768,0.12738824000007298,0.11339371999997638,2.5705835913270745,2.8515785102290274,3.255994471739778
37.83272702300019,2.86,3.04,3.45,0.005631263000168474,0.03349444900004528,0.019464865000145437,2.63581107061944,2.830106005081788,3.266557821315888
37.88285869000015,2.86,3.04,3.45,0.05576293000012811,0.08362611600000491,0.06959653200010507,2.63581107061944,2.830106005081788,3.266557821315888
37.93301598300013,2.86,3.04,3.45,0.10592022300011195,0.13378340899998875,0.11975382500008891,2.63581107061944,2.830106005081788,3.266557821315888
37.98313367700007,2.82,3.0700000000000003,3.47,0.011766481999984535,0.03980820499987203,0.02569420899999386,2.592354142473593,2.862306762036522,3.287673949770567
38.0332712500001,2.82,3.0700000000000003,3.47,0.061904055000013614,0.08994577799990111,0.07583178200002294,2.592354142473593,2.862306762036522,3.287673949770567
38.083609569000146,2.82,3.0700000000000003,3.47,0.11224237400006132,0.14028409699994882,0.12617010100007064,2.592354142473593,2.862306762036522,3.287673949770567
38.133830902,2.87,3.02,3.37,0.01850168499981919,0.046579701999917233,0.03250011199997971,2.646658270347723,2.8086117567225273,3.1819490882162147
38.184176031000106,2.87,3.02,3.37,0.06884681399992587,0.09692483100002391,0.08284524100008639,2.646658270347723,2.8086117567225273,3.1819490882162147
38.23431135200008,2.87,3.0300000000000002,3.37,0.11898213499989652,0.002841419999867867,0.13298056200005703,2.646658270347723,2.8193616298729753,3.1819490882162147
38.28463831100021,2.81,3.0300000000000002,3.41,0.02531268200004888,0.05316837899999882,0.03945449200000439,2.5814724480420086,2.8193616298729753,3.2242828660029197
38.33476419300018,2.81,3.0300000000000002,3.41,0.07543856400002369,0.10329426099997363,0.0895803739999792,2.5814724480420086,2.8193616298729753,3.2242828660029197
38.38509996100015,2.81,3.0300000000000002,3.41,0.12577433199999177,0.009667146000083449,0.13991614199994729,2.5814724480420086,2.8193616298729753,3.2242828660029197
38.43544544500014,2.83,3.0300000000000002,3.4,0.03220248599996012,0.06001263000007384,0.04633495699999912,2.6032287644385,2.8193616298729753,3.2137050269120837
38.48562563500013,2.83,3.0300000000000002,3.4,0.08238267599995197,0.1101928200000657,0.09651514699999098,2.6032287644385,2.8193616298729753,3.2137050269120837
38.53574551100019,2.83,3.08,3.46,0.13250255200000538,0.01634727999999086,0.002605372000061834,2.6032287644385,2.8730297596787957,3.2771176359721967
38.586075973000106,2.84,3.08,3.46,0.03905063899992456,0.06667774199991072,0.052935833999981696,2.614096402200959,2.8730297596787957,3.2771176359721967
38.636372639,2.84,3.08,3.46,0.08934730499981924,0.11697440799980541,0.10323249999987638,2.614096402200959,2.8730297596787957,3.2771176359721967
38.6865774150001,2.84,3.04,3.46,0.13955208099991978,0.023222665000048437,0.009475724999902013,2.614096402200959,2.830106005081788,3.2771176359721967
38.73689875000014,2.83,3.04,3.46,0.04582431800008635,0.07354400000008354,0.05979705999993712,2.6032287644385,2.830106005081788,3.2771176359721967
38.78699083200013,2.83,3.04,3.46,0.09591640000007828,0.12363608200007548,0.10988914199992905,2.6032287644385,2.830106005081788,3.2771176359721967
38.837147935000075,2.81,2.99,3.42,0.0021327130000372563,0.029814168000029895,0.01587214699998185,2.5814724480420086,2.776328510821441,3.2348570292982033
38.887458038000204,2.81,2.99,3.42,0.052442816000166204,0.08012427100015884,0.0661822500001108,2.5814724480420086,2.776328510821441,3.2348570292982033
38.93759374000001,2.81,2.99,3.42,0.10257851799997297,0.1302599729999656,0.11631795199991757,2.5814724480420086,2.776328510821441,3.2348570292982033
38.987724464000166,2.82,3.04,3.48,0.008525821000148426,0.03638134300013007,0.022485814999981812,2.592354142473593,2.830106005081788,3.2982267963255647
39.03783531100021,2.82,3.04,3.48,0.058636668000190184,0.08649219000017183,0.07259666200002357,2.592354142473593,2.830106005081788,3.2982267963255647
39.08800525300012,2.82,3.04,3.48,0.1088066100001015,0.13666213200008315,0.12276660399993489,2.592354142473593,2.830106005081788,3.2982267963255647
39.13833444000011,2.86,3.0100000000000002,3.49,0.01521387799994045,0.043336962000012136,0.029494761000023573,2.63581107061944,2.797856322258168,3.308776208811953
39.18847075900021,2.86,3.0100000000000002,3.49,0.06535019700004341,0.0934732810001151,0.07963108000012653,2.63581107061944,2.797856322258168,3.308776208811953
39.23868747700021,2.86,3.0100000000000002,3.49,0.1155669150000449,0.14368999900011659,0.12984779800012802,2.63581107061944,2.797856322258168,3.308776208811953
39.28900846200008,2.84,3.0,3.47,0.02191181099988171,0.04991203300005509,0.03582715399988956,2.614096402200959,2.787095262096364,3.287673949770567
39.33915128400008,2.84,3.0,3.47,0.07205463299987969,0.10005485500005307,0.08596997599988754,2.614096402200959,2.787095262096364,3.287673949770567
39.38925220100009,2.84,3.0,3.47,0.12215554999988854,0.15015577200006192,0.1360708929998964,2.614096402200959,2.787095262096364,3.287673949770567
39.43953072500017,2.84,3.0,3.47,0.17243407399996613,0.2004342960001395,0.18634941699997398,2.614096402200959,2.787095262096364,3.287673949770567
39.4897308850002,2.84,3.0,3.47,0.22263423399999738,0.25063445600017076,0.23654957700000523,2.614096402200959,2.787095262096364,3.287673949770567
39.54006723700013,2.84,3.02,3.47,0.2729705859999285,0.01282667999998921,0.28688592899993637,2.614096402200959,2.8086117567225273,3.287673949770567
39.59022482,2.85,3.02,3.5,0.03535179299979063,0.06298426299986204,0.049086188999808655,2.624957142507283,2.8086117567225273,3.319322219972023
39.64035298900012,2.85,3.02,3.5,0.08547996199990848,0.11311243199997989,0.0992143579999265,2.624957142507283,2.8086117567225273,3.319322219972023
39.69065176000004,2.85,2.99,3.46,0.13577873299982457,0.01973110399990219,0.005840689000024213,2.624957142507283,2.776328510821441,3.2771176359721967
39.740994003000196,2.84,2.99,3.46,0.04188349300011396,0.0700733470000614,0.05618293200018343,2.614096402200959,2.776328510821441,3.2771176359721967
39.79132536700013,2.84,2.99,3.46,0.0922148570000445,0.12040471099999195,0.10651429600011397,2.614096402200959,2.776328510821441,3.2771176359721967
39.841441955000164,2.84,3.1,3.42,0.14233144500008166,0.026261048000151277,0.012369905000014114,2.614096402200959,2.8944602260179706,3.2348570292982033
39.891754438000135,2.82,3.1,3.42,0.04871022299994365,0.07657353100012187,0.06268238799998471,2.592354142473593,2.8944602260179706,3.2348570292982033
39.94198675200005,2.82,3.1,3.42,0.09894253699985711,0.12680584500003533,0.11291470199989817,2.592354142473593,2.8944602260179706,3.2348570292982033
39.99232923700015,2.8,2.98,3.45,0.005057493000094837,0.03322198900013973,0.019651984000120137,2.5705835913270745,2.765556001964162,3.266557821315888
40.04245971200021,2.8,2.98,3.45,0.0551879680001548,0.08335246400019969,0.0697824590001801,2.5705835913270745,2.765556001964162,3.266557821315888
40.09278108300009,2.8,2.98,3.45,0.10550933900003656,0.13367383500008145,0.12010383000006186,2.5705835913270745,2.765556001964162,3.266557821315888
40.14290198500021,2.85,2.98,3.46,0.01186410800005433,0.18379473700019844,0.025883431000011115,2.624957142507283,2.765556001964162,3.2771176359721967
40.19325122100008,2.85,2.98,3.46,0.06221334399992884,0.23414397300007295,0.07623266699988562,2.624957142507283,2.765556001964162,3.2771176359721967
40.243366873000014,2.85,2.98,3.46,0.11232899599986013,0.28425962500000423,0.1263483189998169,2.624957142507283,2.765556001964162,3.2771176359721967
40.29366040600007,2.83,2.98,3.44,0.018432609999990746,0.33455315800006247,0.032755291000057696,2.6032287644385,2.765556001964162,3.255994471739778
40.343778290000046,2.83,2.98,3.44,0.0685504939999646,0.3846710420000363,0.08287317500003155,2.6032287644385,2.765556001964162,3.255994471739778
40.394127498000216,2.83,3.0300000000000002,3.44,0.11889970200013522,0.0031094080000002577,0.13322238300020217,2.6032287644385,2.8193616298729753,3.255994471739778
40.444247970000106,2.83,3.0300000000000002,3.39,0.02511019300004591,0.05322987999988982,0.03929162400004316,2.6032287644385,2.8193616298729753,3.2031234756093934
40.494610059000024,2.83,3.0300000000000002,3.39,0.07547228199996425,0.10359196899980816,0.0896537129999615,2.6032287644385,2.8193616298729753,3.2031234756093934
40.544731101000025,2.83,3.0100000000000002,3.39,0.12559332399996492,0.009738707999986218,0.13977475499996217,2.6032287644385,2.797856322258168,3.2031234756093934
40.59491369500006,2.81,3.0100000000000002,3.4,0.031850933999976405,0.05992130200002066,0.04589291399997819,2.5814724480420086,2.797856322258168,3.2137050269120837
40.645054481000216,2.81,3.0100000000000002,3.4,0.08199172000013277,0.11006208800017703,0.09603370000013456,2.5814724480420086,2.797856322258168,3.2137050269120837
40.695180986000196,2.81,3.0,3.42,0.13211822500011294,0.016231537000066965,0.0019525580000845366,2.5814724480420086,2.787095262096364,3.2348570292982033
40.74530488300002,2.83,3.0,3.42,0.038346631999957026,0.06635543399988819,0.052076454999905764,2.6032287644385,2.787095262096364,3.2348570292982033
40.795457954000085,2.83,3.0,3.42,0.08849970300002497,0.11650850499995613,0.1022295259999737,2.6032287644385,2.787095262096364,3.2348570292982033
40.84561322000013,2.83,3.0,3.5300000000000002,0.13865496900007201,0.022667976000093404,0.008648104000030798,2.6032287644385,2.787095262096364,3.35094016658012
40.89588316100003,2.78,3.0,3.5300000000000002,0.04477577499983454,0.0729379169999902,0.05891804499992759,2.5487840238042923,2.787095262096364,3.35094016658012
40.945998592000024,2.78,3.0,3.5300000000000002,0.09489120599982925,0.12305334799998491,0.1090334759999223,2.5487840238042923,2.787095262096364,3.35094016658012
40.99611980200007,2.84,3.1500000000000004,3.41,0.001157554999963395,0.029233988999976646,0.01495730999999978,2.614096402200959,2.9479484391691795,3.2242828660029197
41.04634108600021,2.84,3.1500000000000004,3.41,0.0513788390001082,0.07945527300012145,0.06517859400014459,2.614096402200959,2.9479484391691795,3.2242828660029197
41.09644715000013,2.84,3.1500000000000004,3.41,0.10148490300002777,0.12956133700004102,0.11528465800006416,2.614096402200959,2.9479484391691795,3.2242828660029197
41.146654476000094,2.86,3.0300000000000002,3.4,0.007584176999898773,0.035451207000051,0.021795612999994773,2.63581107061944,2.8193616298729753,3.2137050269120837
41.196765941000194,2.86,3.0300000000000002,3.4,0.05769564199999877,0.085562672000151,0.07190707800009477,2.63581107061944,2.8193616298729753,3.2137050269120837
41.246901979000086,2.86,3.0300000000000002,3.4,0.10783167999989018,0.1356987100000424,0.12204311599998618,2.63581107061944,2.8193616298729753,3.2137050269120837
41.29722178300017,2.86,2.99,3.3600000000000003,0.014208034000148473,0.04219324700011384,0.028126886000109153,2.63581107061944,2.776328510821441,3.1713561767798963
41.34739439100008,2.86,2.99,3.3600000000000003,0.0643806420000601,0.09236585500002548,0.07829949400002079,2.63581107061944,2.776328510821441,3.1713561767798963
41.3975312770001,2.86,2.99,3.3600000000000003,0.11451752800007853,0.1425027410000439,0.1284363800000392,2.63581107061944,2.776328510821441,3.1713561767798963
41.447867306000035,2.82,3.0100000000000002,3.42,0.020869663999974364,0.04893949199981762,0.0347568689999207,2.592354142473593,2.797856322258168,3.2348570292982033
41.498009234000165,2.82,3.0100000000000002,3.42,0.07101159200010443,0.09908141999994768,0.08489879700005076,2.592354142473593,2.797856322258168,3.2348570292982033
41.54812696000022,2.82,3.04,3.42,0.12112931800015758,0.004992529000219292,0.13501652300010392,2.592354142473593,2.830106005081788,3.2348570292982033
41.598248737000176,2.81,3.04,3.42,0.027275028000076418,0.05511430600017775,0.04133965400001216,2.5814724480420086,2.830106005081788,3.2348570292982033
41.648601835000136,2.81,3.04,3.42,0.07762812600003599,0.10546740400013732,0.09169275199997173,2.5814724480420086,2.830106005081788,3.2348570292982033
41.69892837900011,2.81,3.06,3.42,0.12795467000000826,0.011845002999962162,0.142019295999944,2.5814724480420086,2.8515785102290274,3.2348570292982033
41.74903928200001,2.82,3.06,3.43,0.03408314599982987,0.061955905999866445,0.04803265499981535,2.592354142473593,2.8515785102290274,3.245427552727067
41.799161164,2.82,3.06,3.43,0.08420502799981477,0.11207778799985135,0.09815453699980026,2.592354142473593,2.8515785102290274,3.245427552727067
41.849485641,2.82,3.06,3.48,0.13452950499981853,0.01867089299980762,0.004504685999791036,2.592354142473593,2.8515785102290274,3.2982267963255647
41.89981581700022,2.83,3.06,3.48,0.041063778000079765,0.06900106900002356,0.05483486200000698,2.6032287644385,2.8515785102290274,3.2982267963255647
41.949934213999995,2.83,3.06,3.48,0.09118217499985803,0.11911946599980183,0.10495325899978525,2.6032287644385,2.8515785102290274,3.2982267963255647
42.00024984200013,2.83,3.06,3.48,0.14149780299999293,0.02545966499997121,0.011300137000034738,2.6032287644385,2.8515785102290274,3.2982267963255647
42.050434229000075,2.86,3.06,3.48,0.047682533999932275,0.07564405199991597,0.0614845239999795,2.63581107061944,2.8515785102290274,3.2982267963255647
42.1005990000001,2.86,3.06,3.48,0.0978473049999593,0.125808822999943,0.11164929500000653,2.63581107061944,2.8515785102290274,3.2982267963255647
42.150718091000044,2.83,3.1100000000000003,3.4,0.004104444999939005,0.031716415999881065,0.017945857999848158,2.6032287644385,2.90516780926679,3.2137050269120837
42.20085791300016,2.83,3.1100000000000003,3.4,0.054244267000058244,0.0818562380000003,0.0680856799999674,2.6032287644385,2.90516780926679,3.2137050269120837
42.25100214100007,2.83,3.1100000000000003,3.4,0.1043884949999665,0.13200046599990856,0.11822990799987565,2.6032287644385,2.90516780926679,3.2137050269120837
42.30115465100016,2.85,3.0300000000000002,3.47,0.010315303999959724,0.038153230000034455,0.024256016999970598,2.624957142507283,2.8193616298729753,3.287673949770567
42.351295860000164,2.85,3.0300000000000002,3.47,0.0604565129999628,0.08829443900003753,0.07439722599997367,2.624957142507283,2.8193616298729753,3.287673949770567
42.40140369400001,2.85,3.0300000000000002,3.47,0.11056434699980855,0.13840227299988328,0.12450505999981942,2.624957142507283,2.8193616298729753,3.287673949770567
42.45171827900003,2.85,3.0300000000000002,3.47,0.16087893199983228,0.188716857999907,0.17481964499984315,2.624957142507283,2.8193616298729753,3.287673949770567
42.50186159000009,2.85,3.0300000000000002,3.47,0.21102224299988848,0.2388601689999632,0.22496295599989935,2.624957142507283,2.8193616298729753,3.287673949770567
42.55206257000009,2.85,3.0300000000000002,3.47,0.2612232229998881,0.0012920009999106696,0.27516393599989897,2.624957142507283,2.8193616298729753,3.287673949770567
42.602390314000104,2.78,3.0300000000000002,3.43,0.02356856999995216,0.05161974499992539,0.03754835499989895,2.5487840238042923,2.8193616298729753,3.245427552727067
42.652505665000035,2.78,3.0300000000000002,3.43,0.07368392099988341,0.10173509599985664,0.0876637059998302,2.5487840238042923,2.8193616298729753,3.245427552727067
42.702870946000075,2.78,3.0300000000000002,3.43,0.12404920199992375,0.007915937999996459,0.13802898699987054,2.5487840238042923,2.8193616298729753,3.245427552727067
42.75301014800016,2.83,3.0300000000000002,3.35,0.030212350000056176,0.05805514000007861,0.044134622999990825,2.6032287644385,2.8193616298729753,3.1607594024221455
42.80314071700013,2.83,3.0300000000000002,3.35,0.08034291900003154,0.10818570900005398,0.09426519199996619,2.6032287644385,2.8193616298729753,3.1607594024221455
42.853266087000065,2.83,3.06,3.44,0.130468288999964,0.014773851999962062,0.0004457820000425272,2.6032287644385,2.8515785102290274,3.255994471739778
42.90360830100008,2.84,3.06,3.44,0.0365218960000675,0.06511606599997322,0.05078799600005368,2.614096402200959,2.8515785102290274,3.255994471739778
42.953950405000114,2.84,3.06,3.44,0.08686400000010508,0.1154581700000108,0.10113010000009126,2.614096402200959,2.8515785102290274,3.255994471739778
43.00408003200005,2.84,3.02,3.44,0.13699362700003803,0.02124851500002478,0.007599464999884731,2.614096402200959,2.8086117567225273,3.255994471739778
43.05441921800002,2.83,3.02,3.44,0.04370149299984405,0.07158770099999856,0.05793865099985851,2.6032287644385,2.8086117567225273,3.255994471739778
43.10476742800006,2.83,3.02,3.44,0.09404970299988236,0.12193591100003687,0.10828686099989682,2.6032287644385,2.8086117567225273,3.255994471739778
43.15486499100007,2.82,3.04,3.46,0.0001227049999670271,0.02838318099998105,0.014222173000007388,2.592354142473593,2.830106005081788,3.2771176359721967
43.20500820699999,2.82,3.04,3.46,0.05026592099989102,0.07852639699990505,0.06436538899993138,2.592354142473593,2.830106005081788,3.2771176359721967
43.2553200440002,2.82,3.04,3.46,0.1005777580000995,0.12883823400011352,0.11467722600013985,2.592354142473593,2.830106005081788,3.2771176359721967
43.305468537000024,2.82,3.04,3.42,0.0064813879998837365,0.17898672699993767,0.021068421999871134,2.592354142473593,2.830106005081788,3.2348570292982033
43.35575321300007,2.82,3.04,3.42,0.05676606399993034,0.22927140299998428,0.07135309799991774,2.592354142473593,2.830106005081788,3.2348570292982033
43.40610374300013,2.82,3.04,3.42,0.10711659399999007,0.279621933000044,0.12170362799997747,2.592354142473593,2.830106005081788,3.2348570292982033
43.456236549000096,2.83,3.04,3.39,0.013602129999981116,0.32975473900000907,0.027218568000080268,2.6032287644385,2.830106005081788,3.2031234756093934
43.50653570900022,2.83,3.04,3.39,0.06390129000010347,0.3800538990001314,0.07751772800020262,2.6032287644385,2.830106005081788,3.2031234756093934
43.556677605000004,2.83,3.04,3.39,0.11404318599988983,0.4301957949999178,0.12765962399998898,2.6032287644385,2.830106005081788,3.2031234756093934
43.606788125000094,2.83,3.1,3.4,0.019995948000087083,0.048000646999980745,0.03399445199988804,2.6032287644385,2.8944602260179706,3.2137050269120837
43.65697720800017,2.83,3.1,3.4,0.0701850310001646,0.09818973000005826,0.08418353499996556,2.6032287644385,2.8944602260179706,3.2137050269120837
43.70713619600019,2.83,3.0300000000000002,3.4,0.12034401900018565,0.004387399000052028,0.1343425229999866,2.6032287644385,2.8193616298729753,3.2137050269120837
43.75747360100013,2.84,3.0300000000000002,3.48,0.026950805000069522,0.05472480399998858,0.04058617300006517,2.614096402200959,2.8193616298729753,3.2982267963255647
43.80777211700001,2.84,3.0300000000000002,3.48,0.07724932099995385,0.10502331999987291,0.0908846889999495,2.614096402200959,2.8193616298729753,3.2982267963255647
43.85791788300003,2.84,3.06,3.48,0.12739508699996804,0.011598327000001518,0.1410304549999637,2.614096402200959,2.8515785102290274,3.2982267963255647
43.9080744150001,2.82,3.06,3.39,0.03340425800001867,0.06175485900007516,0.04716162899990195,2.592354142473593,2.8515785102290274,3.2031234756093934
43.958399952000036,2.82,3.06,3.39,0.08372979499995381,0.1120803960000103,0.09748716599983709,2.592354142473593,2.8515785102290274,3.2031234756093934
44.00853353400021,2.82,3.0100000000000002,3.48,0.13386337700012518,0.018072346000053585,0.003584406000072704,2.592354142473593,2.797856322258168,3.2982267963255647
44.05882367900017,2.86,3.0100000000000002,3.48,0.04010045700010778,0.06836249100001623,0.05387455100003535,2.63581107061944,2.797856322258168,3.2982267963255647
44.10916056400015,2.86,3.0100000000000002,3.48,0.09043734200008657,0.11869937599999503,0.10421143600001415,2.63581107061944,2.797856322258168,3.2982267963255647
44.15930288900017,2.86,3.06,3.43,0.14057966700011093,0.024550240000053236,0.010415670000156751,2.63581107061944,2.8515785102290274,3.245427552727067
44.20963891500014,2.85,3.06,3.43,0.04714537300014854,0.07488626600002135,0.060751696000124866,2.624957142507283,2.8515785102290274,3.245427552727067
44.25997337900003,2.85,3.06,3.43,0.09747983700003715,0.12522072999990996,0.11108616000001348,2.624957142507283,2.8515785102290274,3.245427552727067
44.310146024000005,2.89,3.0100000000000002,3.48,0.0034181059997990815,0.031350149999980204,0.017318678999799886,2.6683328128252666,2.797856322258168,3.2982267963255647
44.36048528200013,2.89,3.0100000000000002,3.48,0.053757363999920926,0.08168940800010205,0.06765793699992173,2.6683328128252666,2.797856322258168,3.2982267963255647
44.410623931000146,2.89,3.0100000000000002,3.48,0.10389601299993956,0.13182805700012068,0.11779658599994036,2.6683328128252666,2.797856322258168,3.2982267963255647
44.46073572200021,2.84,3.08,3.4,0.009993155000074694,0.03813509100018564,0.024080930000081935,2.614096402200959,2.8730297596787957,3.2137050269120837
44.51106062200006,2.84,3.08,3.4,0.06031805499992515,0.0884599910000361,0.0744058299999324,2.614096402200959,2.8730297596787957,3.2137050269120837
44.56120712400002,2.84,3.08,3.4,0.11046455699988655,0.1386064929999975,0.1245523319998938,2.614096402200959,2.8730297596787957,3.2137050269120837
44.611350836000156,2.82,3.02,3.45,0.016608017999942604,0.0446682920000967,0.030849207000073875,2.592354142473593,2.8086117567225273,3.266557821315888
44.66206202100011,2.82,3.02,3.45,0.06731920299989724,0.09537947700005134,0.08156039200002851,2.592354142473593,2.8086117567225273,3.266557821315888
44.712203041000066,2.82,3.06,3.45,0.1174602229998527,0.001512112000000343,0.13170141199998397,2.592354142473593,2.8515785102290274,3.266557821315888
44.762572411000065,2.82,3.06,3.41,0.024094857999898522,0.05188148199999887,0.037983332000067094,2.592354142473593,2.8515785102290274,3.2242828660029197
44.812676624999995,2.82,3.06,3.41,0.07419907199982845,0.1019856959999288,0.08808754599999702,2.592354142473593,2.8515785102290274,3.2242828660029197
44.863014394000174,2.82,3.02,3.41,0.12453684100000828,0.008209964000116088,0.13842531500017685,2.592354142473593,2.8086117567225273,3.2242828660029197
44.91334659400013,2.84,3.02,3.43,0.03067545599992627,0.05854216400007317,0.0448209000001043,2.614096402200959,2.8086117567225273,3.245427552727067
44.96348856899999,2.84,3.02,3.43,0.08081743099978667,0.10868413899993357,0.0949628749999647,2.614096402200959,2.8086117567225273,3.245427552727067
45.013625329000206,2.84,3.0100000000000002,3.48,0.13095419100000072,0.014843268000049648,0.0011947190000682895,2.614096402200959,2.797856322258168,3.2982267963255647
45.06395348900014,2.84,3.0100000000000002,3.48,0.037561313999958656,0.0651714279999851,0.05152287900000374,2.614096402200959,2.797856322258168,3.2982267963255647
45.1140845540001,2.84,3.0100000000000002,3.48,0.08769237899991822,0.11530249299994466,0.1016539439999633,2.614096402200959,2.797856322258168,3.2982267963255647
45.16451830700021,2.84,3.0100000000000002,3.47,0.13812613200002488,0.021902466000028653,0.007827450000149838,2.614096402200959,2.797856322258168,3.287673949770567
45.21488992700006,2.87,3.0100000000000002,3.47,0.04453217700006462,0.07227408599987939,0.058199070000000575,2.646658270347723,2.797856322258168,3.287673949770567
45.2650389490002,2.87,3.0100000000000002,3.47,0.0946811990002061,0.12242310800002087,0.10834809200014206,2.646658270347723,2.797856322258168,3.287673949770567
45.315157817,2.83,2.97,3.47,0.0005827829997997469,0.0287391999997908,0.014652785999942353,2.6032287644385,2.7547776679797593,3.287673949770567
45.36529859400002,2.83,2.97,3.47,0.05072355999982392,0.07887997699981497,0.06479356299996653,2.6032287644385,2.7547776679797593,3.287673949770567
45.41553788300007,2.83,2.97,3.47,0.1009628489998704,0.12911926599986145,0.11503285200001301,2.6032287644385,2.7547776679797593,3.287673949770567
45.46586957500017,2.83,2.97,3.47,0.1512945409999702,0.17945095799996125,0.1653645440001128,2.6032287644385,2.7547776679797593,3.287673949770567
45.51600604200007,2.83,2.97,3.47,0.20143100799987224,0.2295874249998633,0.21550101100001484,2.6032287644385,2.7547776679797593,3.287673949770567
45.56613893200006,2.83,2.97,3.47,0.25156389799985845,0.2797203149998495,0.26563390100000106,2.6032287644385,2.7547776679797593,3.287673949770567
45.61626079200005,2.83,3.06,3.43,0.01352908099988781,0.041894372999877305,0.027842656999837345,2.6032287644385,2.8515785102290274,3.245427552727067
45.66638969900009,2.83,3.06,3.43,0.06365798799993172,0.09202327999992121,0.07797156399988125,2.6032287644385,2.8515785102290274,3.245427552727067
45.716535482000154,2.83,3.06,3.43,0.1138037709999935,0.142169062999983,0.12811734699994304,2.6032287644385,2.8515785102290274,3.245427552727067
45.76682420400016,2.83,3.0300000000000002,3.44,0.020004413000151544,0.04853913800002374,0.03430473399998846,2.6032287644385,2.8193616298729753,3.255994471739778
45.8169685150001,2.83,3.0300000000000002,3.44,0.07014872400009153,0.09868344899996373,0.08444904499992845,2.6032287644385,2.8193616298729753,3.255994471739778
45.86710132800022,2.83,3.0300000000000002,3.44,0.12028153700020994,0.14881626200008213,0.13458185800004685,2.6032287644385,2.8193616298729753,3.255994471739778
45.91723821100004,2.84,3.0300000000000002,3.42,0.02675444199985577,0.1989531449999049,0.04070640600002662,2.614096402200959,2.8193616298729753,3.2348570292982033
45.96735325000009,2.84,3.0300000000000002,3.42,0.07686948099990332,0.24906818399995245,0.09082144500007416,2.614096402200959,2.8193616298729753,3.2348570292982033
46.017703526000105,2.84,3.0300000000000002,3.42,0.12721975699992072,0.29941845999996985,0.14117172100009157,2.614096402200959,2.8193616298729753,3.2348570292982033
46.068052076000185,2.87,3.0300000000000002,3.41,0.03329281900005299,0.3497670100000505,0.0477674900000693,2.646658270347723,2.8193616298729753,3.2242828660029197
46.118399699000065,2.87,3.0300000000000002,3.41,0.08364044199993259,0.4001146329999301,0.0981151129999489,2.646658270347723,2.8193616298729753,3.2242828660029197
46.168522994000114,2.87,3.1100000000000003,3.49,0.13376373699998112,0.017922726000051625,0.0040711320000355045,2.646658270347723,2.90516780926679,3.308776208811953
46.218609444000094,2.8,3.1100000000000003,3.49,0.04003542600003129,0.06800917600003231,0.05415758200001619,2.5705835913270745,2.90516780926679,3.308776208811953
46.268716151000035,2.8,3.1100000000000003,3.49,0.09014213299997209,0.11811588299997311,0.10426428899995699,2.5705835913270745,2.90516780926679,3.308776208811953
46.31895906700015,2.8,3.0,3.4,0.14038504900008775,0.024442162000013923,0.01084218999994846,2.5705835913270745,2.787095262096364,3.2137050269120837
46.36933604600017,2.83,3.0,3.4,0.046632826000177374,0.0748191410000345,0.06121916899996904,2.6032287644385,2.787095262096364,3.2137050269120837
46.41962396700001,2.83,3.0,3.4,0.09692074700001285,0.12510706199986998,0.11150708999980452,2.6032287644385,2.787095262096364,3.2137050269120837
46.469767691000015,2.81,3.12,3.44,0.0030654170000161685,0.0315970329997981,0.017310441999825343,2.5814724480420086,2.915870367488925,3.255994471739778
46.519913177000035,2.81,3.12,3.44,0.053210903000035614,0.08174251899981755,0.06745592799984479,2.5814724480420086,2.915870367488925,3.255994471739778
46.570057200000065,2.81,3.12,3.44,0.10335492600006546,0.1318865419998474,0.11759995099987464,2.5814724480420086,2.915870367488925,3.255994471739778
46.62033061500006,2.83,3.0500000000000003,3.48,0.010042888000043604,0.03811639499986086,0.023559805999866512,2.6032287644385,2.8408449447303528,3.2982267963255647
46.670634985000106,2.83,3.0500000000000003,3.48,0.06034725800009255,0.0884207649999098,0.07386417599991546,2.6032287644385,2.8408449447303528,3.2982267963255647
46.720766009000045,2.83,3.0500000000000003,3.48,0.11047828200003096,0.1385517889998482,0.12399519999985387,2.6032287644385,2.8408449447303528,3.2982267963255647
46.77091767500019,2.81,3.0,3.44,0.016293988000143145,0.044732995999993364,0.0305400859999736,2.5814724480420086,2.787095262096364,3.255994471739778
46.821049183000014,2.81,3.0,3.44,0.06642549599996528,0.0948645039998155,0.08067159399979573,2.5814724480420086,2.787095262096364,3.255994471739778
46.87112846600007,2.81,3.0100000000000002,3.44,0.11650477900002443,0.0007494579999729467,0.13075087699985488,2.5814724480420086,2.797856322258168,3.255994471739778
46.92127154400009,2.8,3.0100000000000002,3.45,0.022973460000002888,0.050892535999992106,0.03658142499989481,2.5705835913270745,2.797856322258168,3.266557821315888
46.971630369000195,2.8,3.0100000000000002,3.45,0.07333228500010591,0.10125136100009513,0.08694024999999783,2.5705835913270745,2.797856322258168,3.266557821315888
47.02196898400007,2.8,3.0100000000000002,3.45,0.12367089999997916,0.007184571999914624,0.13727886499987108,2.5705835913270745,2.797856322258168,3.266557821315888
47.07214789,2.85,3.0100000000000002,3.43,0.029862564999803,0.05736347799984287,0.04381026499981999,2.624957142507283,2.797856322258168,3.245427552727067
47.122295884000096,2.85,3.0100000000000002,3.43,0.08001055899990206,0.10751147199994193,0.09395825899991905,2.624957142507283,2.797856322258168,3.245427552727067
47.17249931900005,2.85,3.0500000000000003,3.39,0.13021399399985967,0.013808566999841787,4.416999991008197e-05,2.624957142507283,2.8408449447303528,3.2031234756093934
47.22283832500011,2.84,3.0500000000000003,3.39,0.03633707299991329,0.06414757299990015,0.050383175999968444,2.614096402200959,2.8408449447303528,3.2031234756093934
47.27313699200022,2.84,3.0500000000000003,3.39,0.08663574000001972,0.11444624000000658,0.10068184300007488,2.614096402200959,2.8408449447303528,3.2031234756093934
47.32326363700008,2.84,3.04,3.41,0.13676238499988358,0.020612065000022994,0.006697368999994069,2.614096402200959,2.830106005081788,3.2242828660029197
47.373441169000216,2.85,3.04,3.41,0.04316880100009257,0.0707895970001573,0.056874901000128375,2.624957142507283,2.830106005081788,3.2242828660029197
47.423798657000134,2.85,3.04,3.41,0.09352628900001037,0.1211470850000751,0.10723238900004617,2.624957142507283,2.830106005081788,3.2242828660029197
47.47392320600011,2.85,3.0300000000000002,3.45,0.14365083799998501,0.027268475000028047,0.013394863000030455,2.624957142507283,2.8193616298729753,3.266557821315888
47.52403361200004,2.86,3.0300000000000002,3.45,0.049678404999895065,0.07737888099995871,0.06350526899996112,2.63581107061944,2.8193616298729753,3.266557821315888
47.57436003800012,2.86,3.0300000000000002,3.45,0.10000483099997837,0.127705307000042,0.11383169500004442,2.63581107061944,2.8193616298729753,3.266557821315888
47.62471907600002,2.83,2.99,3.46,0.0065552089999982854,0.03410350099989046,0.020231888999887815,2.6032287644385,2.776328510821441,3.2771176359721967
47.67485792300022,2.83,2.99,3.46,0.056694056000196724,0.0842423480000889,0.07037073600008625,2.6032287644385,2.776328510821441,3.2771176359721967
47.725009982000074,2.83,2.99,3.46,0.10684611500005303,0.1343944069999452,0.12052279499994256,2.6032287644385,2.776328510821441,3.2771176359721967
47.775338190000184,2.83,3.0100000000000002,3.47,0.01313104500013651,0.04109971800016865,0.027195273000188536,2.6032287644385,2.797856322258168,3.287673949770567
47.825498486000015,2.83,3.0100000000000002,3.47,0.06329134099996736,0.0912600139999995,0.07735556900001939,2.6032287644385,2.797856322258168,3.287673949770567
47.87563998900009,2.83,3.0100000000000002,3.47,0.1134328440000445,0.14140151700007664,0.12749707200009652,2.6032287644385,2.797856322258168,3.287673949770567
47.92580817200019,2.84,3.0300000000000002,3.39,0.019723836000139272,0.04747515500002919,0.033356377000018256,2.614096402200959,2.8193616298729753,3.2031234756093934
47.97602138700017,2.84,3.0300000000000002,3.39,0.06993705100012448,0.0976883700000144,0.08356959200000347,2.614096402200959,2.8193616298729753,3.2031234756093934
48.026158427000155,2.84,3.0300000000000002,3.39,0.12007409100010591,0.003680904000020746,0.1337066319999849,2.614096402200959,2.8193616298729753,3.2031234756093934
48.076300557000195,2.81,3.0300000000000002,3.43,0.025974484000016673,0.05382303400006094,0.04012585200007379,2.5814724480420086,2.8193616298729753,3.245427552727067
48.12644062200002,2.81,3.0300000000000002,3.43,0.07611454899983983,0.1039630989998841,0.09026591699989694,2.5814724480420086,2.8193616298729753,3.245427552727067
48.17678014100011,2.81,3.04,3.43,0.12645406799992998,0.010321351999891704,0.1406054359999871,2.5814724480420086,2.830106005081788,3.245427552727067
48.226926877000096,2.83,3.04,3.47,0.03263598700004877,0.06046808799987957,0.04671648299995468,2.6032287644385,2.830106005081788,3.287673949770567
48.27707213000008,2.83,3.04,3.47,0.08278124000003118,0.11061334099986198,0.09686173599993708,2.6032287644385,2.830106005081788,3.287673949770567
48.32741204700005,2.83,3.04,3.47,0.13312115700000504,0.017194299000038882,0.003057177999835403,2.6032287644385,2.830106005081788,3.287673949770567
48.377748163000206,2.83,3.04,3.47,0.03963497900008406,0.06753041500019208,0.0533932939999886,2.6032287644385,2.830106005081788,3.287673949770567
48.42788931500013,2.83,3.04,3.47,0.08977613100000781,0.11767156700011583,0.10353444599991235,2.6032287644385,2.830106005081788,3.287673949770567
48.478143329000204,2.83,3.04,3.47,0.14003014500008248,0.1679255810001905,0.15378845999998703,2.6032287644385,2.830106005081788,3.287673949770567
48.528267251000216,2.83,3.04,3.47,0.19015406700009407,0.2180495030002021,0.20391238199999862,2.6032287644385,2.830106005081788,3.287673949770567
48.578628436000145,2.83,3.04,3.47,0.24051525200002288,0.2684106880001309,0.2542735669999274,2.6032287644385,2.830106005081788,3.287673949770567
48.62895965200005,2.81,3.0300000000000002,3.48,0.002720428999964497,0.030541904999836333,0.016874668999889764,2.5814724480420086,2.8193616298729753,3.2982267963255647
48.67931024900008,2.81,3.0300000000000002,3.48,0.0530710259999978,0.08089250199986964,0.06722526599992307,2.5814724480420086,2.8193616298729753,3.2982267963255647
48.72942602400008,2.81,3.0300000000000002,3.48,0.10318680099999256,0.1310082769998644,0.11734104099991782,2.5814724480420086,2.8193616298729753,3.2982267963255647
48.77976769100019,2.82,3.02,3.47,0.009654914000066128,0.037639462000015556,0.02375763800000641,2.592354142473593,2.8086117567225273,3.287673949770567
48.829896352000105,2.82,3.02,3.47,0.0597835749999831,0.08776812299993253,0.07388629899992338,2.592354142473593,2.8086117567225273,3.287673949770567
48.88019829600012,2.82,3.02,3.47,0.11008551899999475,0.13807006699994417,0.12418824299993503,2.592354142473593,2.8086117567225273,3.287673949770567
48.930327387000034,2.82,3.02,3.47,0.16021460999991177,0.1881991579998612,0.17431733399985205,2.592354142473593,2.8086117567225273,3.287673949770567
48.980653788000154,2.82,3.02,3.47,0.21054101100003209,0.2385255589999815,0.22464373499997237,2.592354142473593,2.8086117567225273,3.287673949770567
49.030793812000184,2.82,3.06,3.47,0.26068103500006146,0.000786625000046115,0.27478375900000174,2.592354142473593,2.8515785102290274,3.287673949770567
49.08093526200014,2.85,3.06,3.44,0.022982765000051586,0.05092807500000163,0.03705743499995151,2.624957142507283,2.8515785102290274,3.255994471739778
49.13112799400005,2.85,3.06,3.44,0.07317549699996562,0.10112080699991566,0.08725016699986554,2.624957142507283,2.8515785102290274,3.255994471739778
49.181460029000164,2.85,3.0500000000000003,3.44,0.12350753200007603,0.007196142000111649,0.13758220199997595,2.624957142507283,2.8408449447303528,3.255994471739778
49.23177762500018,2.83,3.0500000000000003,3.46,0.029424659000142128,0.05751373800012516,0.043762016000073345,2.6032287644385,2.8408449447303528,3.2771176359721967
49.282118555000125,2.83,3.0500000000000003,3.46,0.07976558900008968,0.1078546680000727,0.09410294600002089,2.6032287644385,2.8408449447303528,3.2771176359721967
49.33220881400007,2.83,3.1300000000000003,3.48,0.1298558480000338,0.01426521700000194,0.0003546210000422434,2.6032287644385,2.9265679558144555,3.2982267963255647
49.382530747000146,2.87,3.1300000000000003,3.48,0.036118244000135746,0.06458715000007942,0.05067655400011972,2.646658270347723,2.9265679558144555,3.2982267963255647
49.432770994000066,2.87,3.1300000000000003,3.48,0.08635849100005544,0.11482739699999911,0.10091680100003941,2.646658270347723,2.9265679558144555,3.2982267963255647
49.48310360100004,2.87,3.0100000000000002,3.47,0.13669109800002843,0.020897020999882443,0.006787522999957218,2.646658270347723,2.797856322258168,3.287673949770567
49.533439171000055,2.85,3.0100000000000002,3.47,0.043331127999863384,0.0712325909998981,0.05712309299997287,2.624957142507283,2.797856322258168,3.287673949770567
49.58357723800009,2.85,3.0100000000000002,3.47,0.09346919499989781,0.12137065799993252,0.1072611600000073,2.624957142507283,2.797856322258168,3.287673949770567
49.633831235000116,2.85,3.0,3.52,0.1437231919999249,0.027771688000029826,0.013608769000029497,2.624957142507283,2.787095262096364,3.3404041671630096
49.68409124000004,2.8,3.0,3.52,0.04965997799990873,0.07803169299995716,0.06386877399995683,2.5705835913270745,2.787095262096364,3.3404041671630096
49.73421043500002,2.8,3.0,3.52,0.09977917299988803,0.12815088799993646,0.11398796899993613,2.5705835913270745,2.787095262096364,3.3404041671630096
49.78452903200014,2.83,3.04,3.41,0.006198068000003332,0.03466526000011072,0.020143646999940756,2.6032287644385,2.830106005081788,3.2242828660029197
49.83486675300014,2.83,3.04,3.41,0.05653578900000866,0.08500298100011605,0.07048136799994609,2.6032287644385,2.830106005081788,3.2242828660029197
49.88501026300014,2.83,3.04,3.41,0.10667929900000672,0.1351464910001141,0.12062487799994415,2.6032287644385,2.830106005081788,3.2242828660029197
49.93533595900021,2.84,3.0700000000000003,3.42,0.013015542000175628,0.04107646600004955,0.027277132000108395,2.614096402200959,2.862306762036522,3.2348570292982033
49.98567325900012,2.84,3.0700000000000003,3.42,0.06335284200008573,0.09141376599995965,0.0776144320000185,2.614096402200959,2.862306762036522,3.2348570292982033
50.03599322700006,2.84,3.0700000000000003,3.42,0.11367281000002549,0.14173373399989941,0.12793439999995826,2.614096402200959,2.862306762036522,3.2348570292982033
50.08634429100016,2.83,3.0300000000000002,3.5,0.020029274000080477,0.048277559000098336,0.03429720899998756,2.6032287644385,2.8193616298729753,3.319322219972023
50.1366863520002,2.83,3.0300000000000002,3.5,0.07037133500011805,0.09861962000013591,0.08463927000002514,2.6032287644385,2.8193616298729753,3.319322219972023
50.186800301000176,2.83,3.0,3.5,0.12048528400009673,0.004404346999990594,0.1347532190000038,2.6032287644385,2.787095262096364,3.319322219972023
50.23712174900015,2.83,3.0,3.43,0.02690301699999509,0.05472579499996755,0.041163688000096954,2.6032287644385,2.787095262096364,3.245427552727067
50.28726327100003,2.83,3.0,3.43,0.07704453899987129,0.10486731699984375,0.09130520999997316,2.6032287644385,2.787095262096364,3.245427552727067
50.33740088100012,2.83,3.06,3.43,0.12718214899996383,0.010988003999955254,0.1414428200000657,2.6032287644385,2.8515785102290274,3.245427552727067
50.387513420000005,2.83,3.06,3.45,0.0335993219998727,0.06110054299983858,0.04720407499985413,2.6032287644385,2.8515785102290274,3.266557821315888
50.437840381000115,2.83,3.06,3.45,0.0839262829999825,0.11142750399994839,0.09753103599996393,2.6032287644385,2.8515785102290274,3.266557821315888
50.48818538900014,2.83,3.06,3.41,0.13427129100000457,0.16177251199997045,0.003885866000018723,2.6032287644385,2.8515785102290274,3.2242828660029197
50.53832926700011,2.83,3.06,3.41,0.04014461399992797,0.2119163899999421,0.05402974399999039,2.6032287644385,2.8515785102290274,3.2242828660029197
50.5886606590002,2.83,3.06,3.41,0.09047600600001715,0.2622477820000313,0.10436113600007957,2.6032287644385,2.8515785102290274,3.2242828660029197
50.63883471100007,2.83,3.06,3.47,0.14065005799989194,0.3124218339999061,0.01066137699990577,2.6032287644385,2.8515785102290274,3.287673949770567
50.68917474600016,2.84,3.06,3.47,0.04725722500006668,0.3627618689999963,0.06100141199999598,2.614096402200959,2.8515785102290274,3.287673949770567
50.73950634900007,2.84,3.06,3.47,0.09758882799997082,0.41309347199990043,0.11133301499990012,2.614096402200959,2.8515785102290274,3.287673949770567
50.7896255080002,2.83,3.0500000000000003,3.45,0.0036070890000701183,0.0313157080001929,0.01792151500012551,2.6032287644385,2.8408449447303528,3.266557821315888
50.839755548000085,2.83,3.0500000000000003,3.45,0.05373712899995553,0.08144574800007831,0.06805155500001092,2.6032287644385,2.8408449447303528,3.266557821315888
50.889898537000136,2.83,3.0500000000000003,3.45,0.1038801180000064,0.13158873700012919,0.1181945440000618,2.6032287644385,2.8408449447303528,3.266557821315888
50.9400921150002,2.83,3.0100000000000002,3.46,0.01026225999999042,0.03781755400018483,0.023928350000005594,2.6032287644385,2.797856322258168,3.2771176359721967
50.990398398000025,2.83,3.0100000000000002,3.46,0.06056854299981751,0.08812383700001192,0.07423463299983268,2.6032287644385,2.797856322258168,3.2771176359721967
51.04051269199999,2.83,3.0100000000000002,3.46,0.11068283699978565,0.13823813099998006,0.12434892699980082,2.6032287644385,2.797856322258168,3.2771176359721967
51.090827509000064,2.83,3.0300000000000002,3.3800000000000003,0.01689160000000811,0.04461943999990581,0.03068730599989067,2.6032287644385,2.8193616298729753,3.1925381751828747
51.141131865000034,2.83,3.0300000000000002,3.3800000000000003,0.06719595599997774,0.09492379599987544,0.0809916619998603,2.6032287644385,2.8193616298729753,3.1925381751828747
51.191259661000004,2.83,3.02,3.3800000000000003,0.11732375199994749,0.0012902569999369007,0.13111945799983005,2.6032287644385,2.8086117567225273,3.1925381751828747
51.241604212000084,2.81,3.02,3.48,0.02363999299996067,0.051634808000017074,0.037465799000074185,2.5814724480420086,2.8086117567225273,3.2982267963255647
51.29172605400004,2.81,3.02,3.48,0.07376183499991384,0.10175664999997025,0.08758764100002736,2.5814724480420086,2.8086117567225273,3.2982267963255647
51.34194735400001,2.81,3.0,3.48,0.12398313499988944,0.0077705300000161515,0.13780894100000296,2.5814724480420086,2.787095262096364,3.2982267963255647
51.392167234,2.81,3.0,3.43,0.030154850999906557,0.05799041000000216,0.04442164799979764,2.5814724480420086,2.787095262096364,3.245427552727067
51.442491576000066,2.81,3.0,3.43,0.08047919299997375,0.10831475200006935,0.09474598999986483,2.5814724480420086,2.787095262096364,3.245427552727067
51.49262411300015,2.81,3.0,3.43,0.1306117300000551,0.1584472890001507,0.1448785269999462,2.5814724480420086,2.787095262096364,3.245427552727067
51.54283264800006,2.81,3.0,3.43,0.18082026499996573,0.20865582400006133,0.19508706199985681,2.5814724480420086,2.787095262096364,3.245427552727067
51.593167744000084,2.81,3.0,3.43,0.2311553609999919,0.2589909200000875,0.24542215799988298,2.5814724480420086,2.787095262096364,3.245427552727067
51.64350259900016,2.81,3.08,3.49,0.28149021600006563,0.021399625999947602,0.007492068000146901,2.5814724480420086,2.8730297596787957,3.308776208811953
51.69363500500003,2.83,3.08,3.49,0.04378529699988576,0.07153203199982272,0.05762447400002202,2.6032287644385,2.8730297596787957,3.308776208811953
51.74374273800004,2.83,3.08,3.49,0.09389302999989013,0.1216397649998271,0.10773220700002639,2.6032287644385,2.8730297596787957,3.308776208811953
51.79385455900001,2.83,3.06,3.46,0.14400485099986327,0.02774498799999492,0.014160167000000001,2.6032287644385,2.8515785102290274,3.2771176359721967
51.844174314000156,2.87,3.06,3.46,0.049359608000031585,0.07806474300014088,0.06447992200014596,2.646658270347723,2.8515785102290274,3.2771176359721967
51.89430841700005,2.87,3.06,3.46,0.09949371099992277,0.12819884600003206,0.11461402500003715,2.646658270347723,2.8515785102290274,3.2771176359721967
51.944445434000045,2.83,2.99,3.47,0.006215008000026501,0.034388192000051276,0.02066706499999782,2.6032287644385,2.776328510821441,3.287673949770567
51.99458165400006,2.83,2.99,3.47,0.056351228000039555,0.08452441200006433,0.07080328500001087,2.6032287644385,2.776328510821441,3.287673949770567
52.04468557600012,2.83,2.99,3.47,0.10645515000010164,0.13462833400012642,0.12090720700007296,2.6032287644385,2.776328510821441,3.287673949770567
52.09480233100021,2.86,3.04,3.46,0.012621305000038774,0.04080017100000077,0.02706151100005627,2.63581107061944,2.830106005081788,3.2771176359721967
52.14514306000001,2.86,3.04,3.46,0.06296203399983824,0.09114089999980024,0.07740223999985574,2.63581107061944,2.830106005081788,3.2771176359721967
52.19525770400014,2.86,3.04,3.46,0.11307667799997034,0.14125554399993234,0.12751688399998784,2.63581107061944,2.830106005081788,3.2771176359721967
52.24536834600008,2.83,3.1300000000000003,3.5,0.019184664000022167,0.0475251020000087,0.03375886999992872,2.6032287644385,2.9265679558144555,3.319322219972023
52.29570684600003,2.83,3.1300000000000003,3.5,0.06952316399997471,0.09786360199996125,0.08409736999988127,2.6032287644385,2.9265679558144555,3.319322219972023
52.34585085700019,2.83,3.0300000000000002,3.5,0.11966717500013146,0.003991277000068294,0.13424138100003802,2.6032287644385,2.8193616298729753,3.319322219972023
52.396174109000185,2.84,3.0300000000000002,3.48,0.025990535000119053,0.054314529000066614,0.04045240499999636,2.614096402200959,2.8193616298729753,3.2982267963255647
52.44651516800013,2.84,3.0300000000000002,3.48,0.07633159400006662,0.10465558800001418,0.09079346399994392,2.614096402200959,2.8193616298729753,3.2982267963255647
52.496862269000076,2.84,3.02,3.48,0.1266786950000096,0.011128831999940303,0.14114056499988692,2.614096402200959,2.8086117567225273,3.2982267963255647
52.54697920300009,2.84,3.02,3.54,0.03281015800007481,0.06124576599995635,0.04711894199999733,2.614096402200959,2.8086117567225273,3.3614728914569576
52.59731742900021,2.84,3.02,3.54,0.08314838400019653,0.11158399200007807,0.09745716800011905,2.614096402200959,2.8086117567225273,3.3614728914569576
52.647647503000144,2.84,3.0700000000000003,3.46,0.13347845800012692,0.01771454000004269,0.0035419170001205202,2.614096402200959,2.862306762036522,3.2771176359721967
52.69780737200017,2.81,3.0700000000000003,3.46,0.03985273800003597,0.06787440900006914,0.05370178600014697,2.5814724480420086,2.862306762036522,3.2771176359721967
52.74813011000015,2.81,3.0700000000000003,3.46,0.09017547600001308,0.11819714700004624,0.10402452400012407,2.5814724480420086,2.862306762036522,3.2771176359721967
52.79842620600016,2.81,3.0,3.42,0.14047157200002403,0.02469886700009738,0.010289522999983092,2.5814724480420086,2.787095262096364,3.2348570292982033
52.84857870200017,2.86,3.0,3.42,0.04649262600014481,0.07485136300010709,0.0604420189999928,2.63581107061944,2.787095262096364,3.2348570292982033
52.89880230500012,2.86,3.0,3.42,0.09671622900009424,0.12507496600005652,0.11066562199994223,2.63581107061944,2.787095262096364,3.2348570292982033
52.948944095000115,2.82,3.06,3.44,0.0028834639999786305,0.03127501299991309,0.01707336000004034,2.592354142473593,2.8515785102290274,3.255994471739778
52.9992667580002,2.82,3.06,3.44,0.05320612700006677,0.08159767600000123,0.06739602300012848,2.592354142473593,2.8515785102290274,3.255994471739778
53.049412474000064,2.82,3.06,3.44,0.10335184299992761,0.13174339199986207,0.11754173899998932,2.592354142473593,2.8515785102290274,3.255994471739778
53.09953170600011,2.82,3.0700000000000003,3.39,0.009558187000038743,0.03769466299991109,0.023477322999951866,2.592354142473593,2.862306762036522,3.2031234756093934
53.14985708200015,2.82,3.0700000000000003,3.39,0.059883563000084905,0.08802003899995725,0.07380269899999803,2.592354142473593,2.862306762036522,3.2031234756093934
53.20002050900007,2.82,3.0700000000000003,3.39,0.11004699000000073,0.13818346599987308,0.12396612599991386,2.592354142473593,2.862306762036522,3.2031234756093934
53.250174056000105,2.87,3.02,3.42,0.016199722000010297,0.04456821500002661,0.030079202000024452,2.646658270347723,2.8086117567225273,3.2348570292982033
53.30048422499999,2.87,3.02,3.42,0.06650989099989602,0.09487838399991233,0.08038937099991017,2.646658270347723,2.8086117567225273,3.2348570292982033
53.35076788300012,2.87,3.0100000000000002,3.42,0.11679354900002181,0.0006600700000944926,0.13067302900003597,2.646658270347723,2.797856322258168,3.2348570292982033
53.40092697800014,2.82,3.0100000000000002,3.4,0.02324989499993535,0.05081916500012085,0.037023062000116624,2.592354142473593,2.797856322258168,3.2137050269120837
53.451064822000035,2.82,3.0100000000000002,3.4,0.07338773899982698,0.10095700900001248,0.08716090600000825,2.592354142473593,2.797856322258168,3.2137050269120837
53.50120335600013,2.82,3.04,3.4,0.12352627299992491,0.007360649000020203,0.1372994400001062,2.592354142473593,2.830106005081788,3.2137050269120837
53.551535536000074,2.83,3.04,3.46,0.029623918999959642,0.05769282899996142,0.043906456000058824,2.6032287644385,2.830106005081788,3.2771176359721967
53.601688590000094,2.83,3.04,3.46,0.07977697299997999,0.10784588299998177,0.09405951000007917,2.6032287644385,2.830106005081788,3.2771176359721967
53.65198917800012,2.83,3.02,3.46,0.13007756100000734,0.014135489999944184,0.14436009800010652,2.6032287644385,2.8086117567225273,3.2771176359721967
53.70211422200009,2.83,3.02,3.46,0.18020260499997676,0.0642605339999136,0.04987526299987621,2.6032287644385,2.8086117567225273,3.2771176359721967
53.752232765000144,2.83,3.02,3.46,0.23032114800003,0.11437907699996686,0.09999380599992946,2.6032287644385,2.8086117567225273,3.2771176359721967
53.80259728400006,2.83,3.02,3.46,0.28068566699994335,0.1647435959998802,0.1503583249998428,2.6032287644385,2.8086117567225273,3.2771176359721967
53.852934152000216,2.83,3.02,3.46,0.3310225350001019,0.21508046400003877,0.20069519300000138,2.6032287644385,2.8086117567225273,3.2771176359721967
53.90328605600007,2.83,3.02,3.46,0.3813744389999556,0.26543236799989245,0.25104709699985506,2.6032287644385,2.8086117567225273,3.2771176359721967
53.95344926500002,2.83,3.0500000000000003,3.42,0.43153764799990313,0.02747183699989364,0.013724358999979813,2.6032287644385,2.8408449447303528,3.2348570292982033
54.00377806700021,2.86,3.0500000000000003,3.42,0.05010085400022035,0.07780063900008827,0.06405316100017444,2.63581107061944,2.8408449447303528,3.2348570292982033
54.05389566400004,2.86,3.0500000000000003,3.42,0.10021845100004612,0.12791823599991403,0.1141707580000002,2.63581107061944,2.8408449447303528,3.2348570292982033
54.10403348,2.86,3.0,3.46,0.006232194999938656,0.034073340999839274,0.020273527999961516,2.63581107061944,2.787095262096364,3.2771176359721967
54.15418153900009,2.86,3.0,3.46,0.05638025400003244,0.08422139999993306,0.0704215870000553,2.63581107061944,2.787095262096364,3.2771176359721967
54.2045171220002,2.86,3.0,3.46,0.10671583700013798,0.1345569830000386,0.12075717000016084,2.63581107061944,2.787095262096364,3.2771176359721967
54.25478505900014,2.84,3.0500000000000003,3.48,0.01328797500013934,0.0410888410001462,0.026921163999986675,2.614096402200959,2.8408449447303528,3.2982267963255647
54.30492905599999,2.84,3.0500000000000003,3.48,0.0634319719999894,0.09123283799999626,0.07706516099983673,2.614096402200959,2.8408449447303528,3.2982267963255647
54.35512581900002,2.84,3.0500000000000003,3.48,0.11362873500002024,0.1414296010000271,0.12726192399986758,2.614096402200959,2.8408449447303528,3.2982267963255647
54.40541054900018,2.85,3.0,3.46,0.019999391000055766,0.04778811500000302,0.03391731100009565,2.624957142507283,2.787095262096364,3.2771176359721967
54.45575023300012,2.85,3.0,3.46,0.07033907499999259,0.09812779899993984,0.08425699500003248,2.624957142507283,2.787095262096364,3.2771176359721967
54.50591623200012,2.85,3.0,3.46,0.12050507399999333,0.14829379799994058,0.1344229940000332,2.624957142507283,2.787095262096364,3.2771176359721967
54.55625901799999,2.85,3.0,3.46,0.17084785999986707,0.19863658399981432,0.18476577999990695,2.624957142507283,2.787095262096364,3.2771176359721967
54.60660422600017,2.85,3.0,3.46,0.2211930680000478,0.24898179199999504,0.23511098800008767,2.624957142507283,2.787095262096364,3.2771176359721967
54.656950938000136,2.85,3.0300000000000002,3.46,0.2715397800000119,0.011105491000080292,0.2854577000000518,2.624957142507283,2.8193616298729753,3.2771176359721967
54.707319095,2.82,3.0300000000000002,3.43,0.03360852099990552,0.06147364799994648,0.047644190999790226,2.592354142473593,2.8193616298729753,3.245427552727067
54.757623117000094,2.82,3.0300000000000002,3.43,0.08391254299999673,0.11177767000003769,0.09794821299988143,2.592354142473593,2.8193616298729753,3.245427552727067
54.80776279100019,2.82,3.0,3.46,0.1340522170000895,0.018103415000041423,0.003990384000189806,2.592354142473593,2.787095262096364,3.2771176359721967
54.858090891000074,2.81,3.0,3.46,0.04006506099995022,0.06843151499992928,0.05431848400007766,2.5814724480420086,2.787095262096364,3.2771176359721967
54.908264114000076,2.81,3.0,3.46,0.09023828399995182,0.11860473799993088,0.10449170700007926,2.5814724480420086,2.787095262096364,3.2771176359721967
54.95852964000005,2.81,3.0700000000000003,3.46,0.1405038099999274,0.024717388999988543,0.010784345000047324,2.5814724480420086,2.862306762036522,3.2771176359721967
55.00883633500007,2.85,3.0700000000000003,3.46,0.04688299100007498,0.07502408400000604,0.06109104000006482,2.624957142507283,2.862306762036522,3.2771176359721967
55.05899275900015,2.85,3.0700000000000003,3.46,0.0970394150001539,0.12518050800008496,0.11124746400014374,2.624957142507283,2.862306762036522,3.2771176359721967
55.10912490800001,2.85,2.99,3.49,0.0034135589999095828,0.03130055699989498,0.017712814999867987,2.624957142507283,2.776328510821441,3.308776208811953
55.159472195000035,2.85,2.99,3.49,0.05376084599993192,0.08164784399991731,0.06806010199989032,2.624957142507283,2.776328510821441,3.308776208811953
55.20979538700021,2.85,2.99,3.49,0.10408403800011001,0.1319710360000954,0.11838329400006842,2.624957142507283,2.776328510821441,3.308776208811953
55.259943348000206,2.83,3.02,3.5300000000000002,0.010026177000099779,0.038191204000213475,0.024238216000185275,2.6032287644385,2.8086117567225273,3.35094016658012
55.31032269000002,2.83,3.02,3.5300000000000002,0.06040551899991442,0.08857054600002812,0.07461755799999992,2.6032287644385,2.8086117567225273,3.35094016658012
55.3604662690002,2.83,3.02,3.5300000000000002,0.11054909800009227,0.13871412500020597,0.12476113700017777,2.6032287644385,2.8086117567225273,3.35094016658012
55.41063979700016,2.86,3.0300000000000002,3.45,0.01677620800001023,0.04503888900012498,0.03098780200002693,2.63581107061944,2.8193616298729753,3.266557821315888
55.46075214200005,2.86,3.0300000000000002,3.45,0.06688855299989882,0.09515123400001357,0.08110014699991552,2.63581107061944,2.8193616298729753,3.266557821315888
55.510951362000014,2.86,3.04,3.45,0.1170877729998665,0.001524517999996533,0.1312993669998832,2.63581107061944,2.830106005081788,3.266557821315888
55.56109274600021,2.83,3.04,3.5,0.02324492000002465,0.051665902000195274,0.03748163000000204,2.6032287644385,2.830106005081788,3.319322219972023
55.61142209800005,2.83,3.04,3.5,0.07357427199985977,0.1019952540000304,0.08781098199983717,2.6032287644385,2.830106005081788,3.319322219972023
55.661756689000185,2.83,3.04,3.5,0.12390886299999693,0.15232984500016755,0.13814557299997432,2.6032287644385,2.830106005081788,3.319322219972023
55.71208867600012,2.82,3.04,3.43,0.030457518000048367,0.20266183200010346,0.0443404489999466,2.592354142473593,2.830106005081788,3.245427552727067
55.762232993,2.82,3.04,3.43,0.0806018349999249,0.25280614899998,0.09448476599982314,2.592354142473593,2.830106005081788,3.245427552727067
55.81234091200008,2.82,3.04,3.48,0.13070975400000862,0.3029140680000637,0.00041876699992826616,2.592354142473593,2.830106005081788,3.2982267963255647
55.86267472700001,2.83,3.04,3.48,0.037146002999861594,0.35324788299999454,0.0507525819998591,2.6032287644385,2.830106005081788,3.2982267963255647
55.91302838199999,2.83,3.04,3.48,0.08749965799984238,0.40360153799997533,0.1011062369998399,2.6032287644385,2.830106005081788,3.2982267963255647
55.96317239100017,2.83,3.0300000000000002,3.39,0.1376436670000203,0.021950059000118927,0.007711198000151853,2.6032287644385,2.8193616298729753,3.2031234756093934
56.01350504300012,2.83,3.0300000000000002,3.39,0.04386064599998463,0.07228271100007078,0.0580438500001037,2.6032287644385,2.8193616298729753,3.2031234756093934
56.06362209900021,2.83,3.0300000000000002,3.39,0.09397770200007471,0.12239976700016086,0.10816090600019379,2.6032287644385,2.8193616298729753,3.2031234756093934
56.11376113100005,2.86,3.0700000000000003,3.46,0.0003223599999273574,0.028152591999969445,0.014035768999974607,2.63581107061944,2.862306762036522,3.2771176359721967
56.164078407000034,2.86,3.0700000000000003,3.46,0.05063963599991439,0.07846986799995648,0.06435304499996164,2.63581107061944,2.862306762036522,3.2771176359721967
56.214173558000084,2.86,3.0700000000000003,3.46,0.10073478699996485,0.12856501900000694,0.1144481960000121,2.63581107061944,2.862306762036522,3.2771176359721967
56.26449794300015,2.85,3.0,3.48,0.006745477000094979,0.0346457810001084,0.02098413800013077,2.624957142507283,2.787095262096364,3.2982267963255647
56.31483279400004,2.85,3.0,3.48,0.05708032799998364,0.08498063199999706,0.07131898900001943,2.624957142507283,2.787095262096364,3.2982267963255647
56.3651715420001,2.85,3.0,3.48,0.10741907600004197,0.1353193800000554,0.12165773700007776,2.624957142507283,2.787095262096364,3.2982267963255647
56.41550708300019,2.83,3.0,3.43,0.014107378000062454,0.04191080400005376,0.027717227000039202,2.6032287644385,2.787095262096364,3.245427552727067
56.46580563200018,2.83,3.0,3.43,0.06440592700005254,0.09220935300004385,0.07801577600002929,2.6032287644385,2.787095262096364,3.245427552727067
56.51613585600012,2.83,3.0,3.43,0.11473615099998824,0.14253957699997954,0.128345999999965,2.6032287644385,2.787095262096364,3.245427552727067
56.566273359000206,2.86,3.02,3.45,0.020581125000035172,0.04864438700019491,0.03452299400009906,2.63581107061944,2.8086117567225273,3.266557821315888
56.616611016000206,2.86,3.02,3.45,0.07091878200003521,0.09898204400019495,0.0848606510000991,2.63581107061944,2.8086117567225273,3.266557821315888
56.66679899000019,2.86,3.04,3.45,0.12110675600001741,0.0053101850000985,0.1350486250000813,2.63581107061944,2.830106005081788,3.266557821315888
56.717130661000056,2.81,3.04,3.52,0.02746671099998821,0.05564185599996563,0.04161565399999745,2.5814724480420086,2.830106005081788,3.3404041671630096
56.76728416500009,2.81,3.04,3.52,0.07762021500002447,0.10579536000000189,0.09176915800003371,2.5814724480420086,2.830106005081788,3.3404041671630096
56.81773954200003,2.81,3.02,3.52,0.12807559199995922,0.012511519999861775,0.14222453499996845,2.5814724480420086,2.8086117567225273,3.3404041671630096
56.86806426000021,2.85,3.02,3.46,0.034899515999995856,0.06283623800004534,0.04898655600004531,2.624957142507283,2.8086117567225273,3.2771176359721967
56.91818015800004,2.85,3.02,3.46,0.0850154139998267,0.11295213599987619,0.09910245399987616,2.624957142507283,2.8086117567225273,3.2771176359721967
56.968306112000164,2.85,3.0,3.46,0.13514136799994958,0.018554222000148002,0.004947722999986581,2.624957142507283,2.787095262096364,3.2771176359721967
57.018436716,2.83,3.0,3.46,0.04114272299989352,0.0686848259999806,0.05507832699981918,2.6032287644385,2.787095262096364,3.2771176359721967
57.068592050999996,2.83,3.0,3.46,0.09129805799989299,0.11884016099998007,0.10523366199981865,2.6032287644385,2.787095262096364,3.2771176359721967
57.11876952900002,2.83,3.0,3.4,0.14147553599991625,0.16901763900000333,0.011406025999804115,2.6032287644385,2.787095262096364,3.2137050269120837
57.16910252600019,2.83,3.0,3.4,0.04782141999999112,0.21935063600017202,0.061739022999972804,2.6032287644385,2.787095262096364,3.2137050269120837
57.219242929000075,2.83,3.0,3.4,0.09796182299987777,0.26949103900005866,0.11187942599985945,2.6032287644385,2.787095262096364,3.2137050269120837
57.26936404800017,2.81,3.0,3.45,0.004175481000174841,0.3196121580001545,0.018038897999986148,2.5814724480420086,2.787095262096364,3.266557821315888
57.3195315280002,2.81,3.0,3.45,0.054342961000202195,0.3697796380001819,0.0682063780000135,2.5814724480420086,2.787095262096364,3.266557821315888
57.369860087999996,2.81,3.0,3.45,0.10467152100000021,0.4201081979999799,0.11853493799981152,2.5814724480420086,2.787095262096364,3.266557821315888
57.42001418100017,2.87,3.0700000000000003,3.4,0.010806707000028837,0.038664562000121805,0.02478020400008063,2.646658270347723,2.862306762036522,3.2137050269120837
57.470339160000094,2.87,3.0700000000000003,3.4,0.061131685999953334,0.0889895410000463,0.07510518300000513,2.646658270347723,2.862306762036522,3.2137050269120837
57.520696483000165,2.87,3.0700000000000003,3.4,0.11148900900002445,0.13934686400011742,0.12546250600007625,2.646658270347723,2.862306762036522,3.2137050269120837
57.57081644600021,2.87,3.0700000000000003,3.4,0.1616089720000673,0.18946682700016027,0.1755824690001191,2.646658270347723,2.862306762036522,3.2137050269120837
57.620952278999994,2.87,3.0700000000000003,3.4,0.21174480499985293,0.2396026599999459,0.22571830199990472,2.646658270347723,2.862306762036522,3.2137050269120837
57.6710926520002,2.87,2.99,3.4,0.26188517800005684,0.0014545390001785563,0.27585867500010863,2.646658270347723,2.776328510821441,3.2137050269120837
57.7214353280001,2.86,2.99,3.46,0.024154379000037807,0.05179721500007872,0.037907928000095126,2.63581107061944,2.776328510821441,3.2771176359721967
57.77178741600005,2.86,2.99,3.46,0.07450646699999197,0.10214930300003289,0.08826001600004929,2.63581107061944,2.776328510821441,3.2771176359721967
57.82191847100012,2.86,2.98,3.46,0.12463752200005729,0.008342139999967912,0.1383910710001146,2.63581107061944,2.765556001964162,3.2771176359721967
57.87224544600008,2.84,2.98,3.41,0.03114708399994015,0.05866911499992966,0.045081996999897456,2.614096402200959,2.765556001964162,3.2242828660029197
57.922615081000004,2.84,2.98,3.41,0.08151671899986468,0.10903874999985419,0.09545163199982198,2.614096402200959,2.765556001964162,3.2242828660029197
57.97283619500013,2.84,3.0300000000000002,3.43,0.1317378329999883,0.015484580000020287,0.001357350000034785,2.614096402200959,2.8193616298729753,3.245427552727067
58.02316672500001,2.83,3.0300000000000002,3.43,0.03774911499999689,0.06581510999990314,0.05168787999991764,2.6032287644385,2.8193616298729753,3.245427552727067
58.07350101400016,2.83,3.0300000000000002,3.43,0.08808340400014458,0.11614939900005083,0.10202216900006533,2.6032287644385,2.8193616298729753,3.245427552727067
58.12381211700017,2.83,3.06,3.45,0.13839450700015732,0.022594623000031788,0.008415029000161667,2.6032287644385,2.8515785102290274,3.266557821315888
58.17399899100019,2.86,3.06,3.45,0.04452574800006914,0.07278149700005088,0.058601903000180755,2.63581107061944,2.8515785102290274,3.266557821315888
58.224108935000004,2.86,3.06,3.45,0.09463569199988342,0.12289144099986515,0.10871184699999503,2.63581107061944,2.8515785102290274,3.266557821315888
58.27423670200005,2.82,3.02,3.47,0.0009367669999846839,0.028759476000004724,0.014861667999866768,2.592354142473593,2.8086117567225273,3.287673949770567
58.324601625000014,2.82,3.02,3.47,0.051301689999945665,0.0791243989999657,0.06522659099982775,2.592354142473593,2.8086117567225273,3.287673949770567
58.37492125600011,2.82,3.02,3.47,0.10162132100003873,0.12944403000005877,0.11554622199992082,2.592354142473593,2.8086117567225273,3.287673949770567
58.42525424700011,2.81,3.02,3.41,0.007579892999956428,0.03580340500002421,0.022094866000088587,2.5814724480420086,2.8086117567225273,3.2242828660029197
58.475371227000096,2.81,3.02,3.41,0.05769687299994075,0.08592038500000854,0.07221184600007291,2.5814724480420086,2.8086117567225273,3.2242828660029197
58.5254975910002,2.81,3.02,3.41,0.10782323700004781,0.1360467490001156,0.12233821000017997,2.5814724480420086,2.8086117567225273,3.2242828660029197
58.57581052600017,2.85,3.06,3.41,0.014475237000169727,0.04267535200006023,0.02844907200005764,2.624957142507283,2.8515785102290274,3.2242828660029197
58.62592413000016,2.85,3.06,3.41,0.06458884100015894,0.09278895600004944,0.07856267600004685,2.624957142507283,2.8515785102290274,3.2242828660029197
58.676071928000056,2.85,3.06,3.41,0.11473663900005704,0.14293675399994754,0.12871047399994495,2.624957142507283,2.8515785102290274,3.2242828660029197
58.726229287000024,2.83,3.02,3.43,0.020891910999807806,0.04927173499982018,0.034916577999865694,2.6032287644385,2.8086117567225273,3.245427552727067
58.77637374100004,2.83,3.02,3.43,0.07103636499982713,0.0994161889998395,0.08506103199988502,2.6032287644385,2.8086117567225273,3.245427552727067
58.826474724000036,2.83,3.02,3.43,0.12113734799982012,0.005421559999831516,0.135162014999878,2.6032287644385,2.8086117567225273,3.245427552727067
58.8768026570001,2.84,3.02,3.48,0.027276839000023756,0.055749492999893846,0.04136253299998316,2.614096402200959,2.8086117567225273,3.2982267963255647
58.9271389810001,2.84,3.02,3.48,0.07761316300002363,0.10608581699989372,0.09169885699998304,2.614096402200959,2.8086117567225273,3.2982267963255647
58.9772577440001,2.84,3.0500000000000003,3.48,0.12773192600002403,0.012055976000056035,0.14181761999998344,2.614096402200959,2.8408449447303528,3.2982267963255647
59.027628456,2.84,3.0500000000000003,3.37,0.03412082999989252,0.06242668799995954,0.04842035199999373,2.614096402200959,2.8408449447303528,3.1819490882162147
59.0777410510002,2.84,3.0500000000000003,3.37,0.08423342500009312,0.11253928300016014,0.09853294700019433,2.614096402200959,2.8408449447303528,3.1819490882162147
59.12785774300005,2.84,3.04,3.41,0.13435011699993993,0.018569172999832517,0.0042651139999634324,2.614096402200959,2.830106005081788,3.2242828660029197
59.17818271400006,2.83,3.04,3.41,0.04070848800006388,0.06889414399984162,0.05459008499997253,2.6032287644385,2.830106005081788,3.2242828660029197
59.2285126270001,2.83,3.04,3.41,0.0910384010001053,0.11922405699988303,0.10491999800001395,2.6032287644385,2.830106005081788,3.2242828660029197
59.27883986100005,2.83,2.99,3.49,0.1413656350000565,0.025582233000022825,0.011330498000006628,2.6032287644385,2.776328510821441,3.308776208811953
59.32899032,2.82,2.99,3.49,0.047780712999838215,0.07573269199997412,0.061480956999957925,2.592354142473593,2.776328510821441,3.308776208811953
59.37912120300007,2.82,2.99,3.49,0.09791159599990351,0.12586357500003942,0.11161184000002322,2.592354142473593,2.776328510821441,3.308776208811953
59.429265761000124,2.83,3.0100000000000002,3.48,0.00415824300011991,0.03163232399992921,0.018042239000124027,2.6032287644385,2.797856322258168,3.2982267963255647
59.479615659000046,2.83,3.0100000000000002,3.48,0.05450814100004209,0.08198222199985139,0.0683921370000462,2.6032287644385,2.797856322258168,3.2982267963255647
59.52977146300009,2.83,3.0100000000000002,3.48,0.10466394500008391,0.13213802599989322,0.11854794100008803,2.6032287644385,2.797856322258168,3.2982267963255647
59.57989085400004,2.82,3.04,3.45,0.010491027999933067,0.03860054899996612,0.024618497999881583,2.592354142473593,2.830106005081788,3.266557821315888
59.630029137000065,2.82,3.04,3.45,0.06062931099995694,0.08873883199999,0.07475678099990546,2.592354142473593,2.830106005081788,3.266557821315888
59.68030424900007,2.82,3.04,3.45,0.11090442299996539,0.13901394399999845,0.1250318929999139,2.592354142473593,2.830106005081788,3.266557821315888
59.730632098000115,2.84,3.02,3.45,0.01757545600003141,0.04510908800011748,0.031150777999982893,2.614096402200959,2.8086117567225273,3.266557821315888
59.780842855000174,2.84,3.02,3.45,0.06778621300009036,0.09531984500017643,0.08136153500004184,2.614096402200959,2.8086117567225273,3.266557821315888
59.8311599340002,2.84,3.0,3.45,0.11810329200011438,0.0016685850000612845,0.13167861400006586,2.614096402200959,2.787095262096364,3.266557821315888
59.88130493000017,2.83,3.0,3.41,0.023973857000100907,0.05181358100003308,0.037902411999994,2.6032287644385,2.787095262096364,3.2242828660029197
59.93144540600019,2.83,3.0,3.41,0.07411433300012504,0.10195405700005722,0.08804288800001814,2.6032287644385,2.787095262096364,3.2242828660029197
59.98161007500016,2.83,3.0,3.41,0.1242790020000939,0.008208138000100007,0.138207556999987,2.6032287644385,2.787095262096364,3.2242828660029197
60.0317464220002,2.85,3.0,3.44,0.03045895000013843,0.05834448500013423,0.04444984000019758,2.624957142507283,2.787095262096364,3.255994471739778
60.082080943000165,2.85,3.0,3.44,0.08079347100010636,0.10867900600010216,0.09478436100016552,2.624957142507283,2.787095262096364,3.255994471739778
60.13218081500008,2.85,3.0500000000000003,3.47,0.1308933430000252,0.014846440999917832,0.0008178880000286881,2.624957142507283,2.8408449447303528,3.287673949770567
60.182337166000025,2.84,3.0500000000000003,3.47,0.037307970000028945,0.06500279199985926,0.05097423899997011,2.614096402200959,2.8408449447303528,3.287673949770567
60.23258451100014,2.84,3.0500000000000003,3.47,0.08755531500014513,0.11525013699997544,0.1012215840000863,2.614096402200959,2.8408449447303528,3.287673949770567
60.282932956000195,2.84,3.0300000000000002,3.41,0.13790376000019933,0.02151846500009924,0.007598466999979792,2.614096402200959,2.8193616298729753,3.2242828660029197
60.333268137000005,2.78,3.0300000000000002,3.41,0.04405616199983342,0.07185364599990862,0.05793364799978917,2.5487840238042923,2.8193616298729753,3.2242828660029197
60.38361821800004,2.78,3.0300000000000002,3.41,0.09440624299986666,0.12220372699994186,0.10828372899982242,2.5487840238042923,2.8193616298729753,3.2242828660029197
60.43372851700019,2.82,3.0300000000000002,3.46,0.0003320420000818558,0.028333986000006917,0.01474829500011765,2.592354142473593,2.8193616298729753,3.2771176359721967
60.48386087300014,2.82,3.0300000000000002,3.46,0.050464398000031,0.07846634199995606,0.06488065100006679,2.592354142473593,2.8193616298729753,3.2771176359721967
60.53401957599999,2.82,3.0300000000000002,3.46,0.10062310099988281,0.12862504499980787,0.1150393539999186,2.592354142473593,2.8193616298729753,3.2771176359721967
60.58434534600019,2.82,3.0300000000000002,3.46,0.15094887100008236,0.17895081500000742,0.16536512400011816,2.592354142473593,2.8193616298729753,3.2771176359721967
60.63444495600015,2.82,3.0300000000000002,3.46,0.20104848100004347,0.22905042499996853,0.21546473400007926,2.592354142473593,2.8193616298729753,3.2771176359721967
60.68460039600018,2.82,3.0300000000000002,3.46,0.2512039210000694,0.27920586499999445,0.2656201740001052,2.592354142473593,2.8193616298729753,3.2771176359721967
60.734823156000175,2.82,3.0300000000000002,3.46,0.013644219000070734,0.32942862499999137,0.027571433000048273,2.592354142473593,2.8193616298729753,3.2771176359721967
60.78496745699999,2.82,3.0300000000000002,3.46,0.0637885199998891,0.37957292599980974,0.07771573399986664,2.592354142473593,2.8193616298729753,3.2771176359721967
60.83514213600006,2.82,3.0300000000000002,3.46,0.11396319899995433,0.42974760499987497,0.12789041299993187,2.592354142473593,2.8193616298729753,3.2771176359721967
60.88528745799999,2.83,3.0300000000000002,3.46,0.020283222999978534,0.4798929269998098,0.03406124599996474,2.6032287644385,2.8193616298729753,3.2771176359721967
60.93562495600008,2.83,3.0300000000000002,3.46,0.07062072100006844,0.5302304249998997,0.08439874400005465,2.6032287644385,2.8193616298729753,3.2771176359721967
60.98595491800006,2.83,3.0100000000000002,3.46,0.12095068300004641,0.004854400999874997,0.13472870600003262,2.6032287644385,2.797856322258168,3.2771176359721967
61.03607729400005,2.81,3.0100000000000002,3.43,0.02689753999993627,0.05497677699986525,0.04116233399986413,2.5814724480420086,2.797856322258168,3.245427552727067
61.086231403000056,2.81,3.0100000000000002,3.43,0.07705164899994088,0.10513088599986986,0.09131644299986874,2.5814724480420086,2.797856322258168,3.245427552727067
61.136369163000154,2.81,3.04,3.43,0.12718940900003872,0.01138100499997563,0.14145420299996658,2.5814724480420086,2.830106005081788,3.245427552727067
61.18649110199999,2.81,3.04,3.4,0.033085162999896056,0.06150294399981249,0.04755337499977941,2.5814724480420086,2.830106005081788,3.2137050269120837
61.23665255800006,2.81,3.04,3.4,0.083246618999965,0.11166439999988143,0.09771483099984835,2.5814724480420086,2.830106005081788,3.2137050269120837
61.28698450900015,2.81,3.0,3.5,0.13357857000005424,0.017734955000150876,0.004057635999970444,2.5814724480420086,2.787095262096364,3.319322219972023
61.337322615000176,2.85,3.0,3.5,0.0399278460001824,0.0680730610001774,0.05439574199999697,2.624957142507283,2.787095262096364,3.319322219972023
61.387450618,2.85,3.0,3.5,0.0900558490000094,0.11820106400000441,0.10452374499982398,2.624957142507283,2.787095262096364,3.319322219972023
61.43757465800013,2.85,3.04,3.47,0.14017988900013734,0.024378130000059173,0.010455369000055725,2.624957142507283,2.830106005081788,3.287673949770567
61.48768920600014,2.85,3.04,3.47,0.046607784000116226,0.07449267800006965,0.0605699170000662,2.624957142507283,2.830106005081788,3.287673949770567
61.538012437000134,2.85,3.04,3.47,0.09693101500010926,0.12481590900006267,0.11089314800005923,2.624957142507283,2.830106005081788,3.287673949770567
61.58815813000001,2.86,3.02,3.4,0.0030584899998302717,0.03099282899984246,0.017064613000002282,2.63581107061944,2.8086117567225273,3.2137050269120837
61.63846815900001,2.86,3.02,3.4,0.053368518999832304,0.08130285799984449,0.06737464200000431,2.63581107061944,2.8086117567225273,3.2137050269120837
61.688777124000126,2.86,3.02,3.4,0.10367748399994525,0.13161182299995744,0.11768360700011726,2.63581107061944,2.8086117567225273,3.2137050269120837
61.73888922000015,2.8,3.02,3.48,0.009712218000004214,0.03800020900007439,0.0240831700000399,2.5705835913270745,2.8086117567225273,3.2982267963255647
61.78900786000008,2.8,3.02,3.48,0.059830857999941145,0.08811884900001132,0.07420180999997683,2.5705835913270745,2.8086117567225273,3.2982267963255647
61.8392287260001,2.8,3.02,3.48,0.110051723999959,0.13833971500002917,0.12442267599999468,2.5705835913270745,2.8086117567225273,3.2982267963255647
61.889600581000195,2.82,3.06,3.5,0.01656109500004277,0.04447391200005768,0.030451340000126947,2.592354142473593,2.8515785102290274,3.319322219972023
61.93976743400003,2.82,3.06,3.5,0.06672794799987969,0.0946407649998946,0.08061819299996387,2.592354142473593,2.8515785102290274,3.319322219972023
61.990107265999995,2.82,3.0,3.5,0.11706777999984297,0.0012752220000038506,0.13095802499992715,2.592354142473593,2.787095262096364,3.319322219972023
62.04024401200013,2.87,3.0,3.4,0.023281254000039553,0.051411968000138586,0.03691910599991388,2.646658270347723,2.787095262096364,3.2137050269120837
62.09061630400015,2.87,3.0,3.4,0.07365354600005958,0.10178426000015861,0.0872913979999339,2.646658270347723,2.787095262096364,3.2137050269120837
62.140796994000084,2.87,3.0100000000000002,3.4,0.12383423599999333,0.007759908000025462,0.13747208799986765,2.646658270347723,2.797856322258168,3.2137050269120837
62.19095143000004,2.88,3.0100000000000002,3.47,0.030049423000036768,0.05791434399998252,0.043816998000011154,2.6574988240825244,2.797856322258168,3.287673949770567
62.241271617000166,2.88,3.0100000000000002,3.47,0.08036961000016163,0.10823453100010738,0.09413718500013601,2.6574988240825244,2.797856322258168,3.287673949770567
62.29142654600014,2.88,2.99,3.4,0.1305245390001346,0.014418575000036071,0.00015414800009239116,2.6574988240825244,2.776328510821441,3.2137050269120837
62.34160945900021,2.85,2.99,3.4,0.036752829000079146,0.06460148800010757,0.050337061000163885,2.624957142507283,2.776328510821441,3.2137050269120837
62.39177749300006,2.85,2.99,3.4,0.08692086299993207,0.11476952199996049,0.10050509500001681,2.624957142507283,2.776328510821441,3.2137050269120837
62.44190504800008,2.85,3.0,3.47,0.13704841799994938,0.020586164999940593,0.006987222999896403,2.624957142507283,2.787095262096364,3.287673949770567
62.492239229000006,2.83,3.0,3.47,0.04337986999985333,0.07092034599986619,0.057321403999821996,2.6032287644385,2.787095262096364,3.287673949770567
62.54238258100008,2.83,3.0,3.47,0.09352322199993068,0.12106369799994354,0.10746475599989935,2.6032287644385,2.787095262096364,3.287673949770567
62.592700911000065,2.83,2.97,3.44,0.14384155199991255,0.02739941999993789,0.013659448999987944,2.6032287644385,2.7547776679797593,3.255994471739778
62.64283950500021,2.87,2.97,3.44,0.04970075599999291,0.07753801400008342,0.06379804300013348,2.646658270347723,2.7547776679797593,3.255994471739778
62.692957937000074,2.87,2.97,3.44,0.09981918799985579,0.1276564459999463,0.11391647499999635,2.646658270347723,2.7547776679797593,3.255994471739778
62.74329156600015,2.83,3.0,3.45,0.006197723000013866,0.03403300900004069,0.02059849700003724,2.6032287644385,2.787095262096364,3.266557821315888
62.79342379700006,2.83,3.0,3.45,0.05632995399992069,0.08416523999994752,0.07073072799994407,2.6032287644385,2.787095262096364,3.266557821315888
62.843580070000144,2.83,3.0,3.45,0.10648622700000487,0.1343215130000317,0.12088700100002825,2.6032287644385,2.787095262096364,3.266557821315888
62.89368385500006,2.85,3.0500000000000003,3.48,0.012878207999847291,0.04037461699999767,0.0267405869999493,2.624957142507283,2.8408449447303528,3.2982267963255647
62.94401196800004,2.85,3.0500000000000003,3.48,0.06320632099982504,0.09070272999997542,0.07706869999992705,2.624957142507283,2.8408449447303528,3.2982267963255647
62.99415306500009,2.85,3.0500000000000003,3.48,0.11334741799987569,0.14084382700002607,0.1272097969999777,2.624957142507283,2.8408449447303528,3.2982267963255647
63.044288122000125,2.82,2.98,3.46,0.019236848999980793,0.04740798300008464,0.0334933159999764,2.592354142473593,2.765556001964162,3.2771176359721967
63.09462148900002,2.82,2.98,3.46,0.06957021599987456,0.09774134999997841,0.08382668299987017,2.592354142473593,2.765556001964162,3.2771176359721967
63.14487340100004,2.82,3.0300000000000002,3.46,0.11982212799989611,0.003684656999894287,0.13407859499989172,2.592354142473593,2.8193616298729753,3.2771176359721967
63.195193290000134,2.83,3.0300000000000002,3.41,0.026286560000016834,0.054004545999987386,0.040365411000038875,2.6032287644385,2.8193616298729753,3.2242828660029197
63.2455288220001,2.83,3.0300000000000002,3.41,0.0766220919999796,0.10434007799995015,0.09070094300000164,2.6032287644385,2.8193616298729753,3.2242828660029197
63.29585409000015,2.83,2.99,3.41,0.12694736000003104,0.010995023000077708,0.14102621100005308,2.6032287644385,2.776328510821441,3.2242828660029197
63.345997357000215,2.83,2.99,3.47,0.032973355000194715,0.06113829000014448,0.04706088200009617,2.6032287644385,2.776328510821441,3.287673949770567
63.39611807700021,2.83,2.99,3.47,0.08309407500019006,0.11125901000013982,0.09718160200009152,2.6032287644385,2.776328510821441,3.287673949770567
63.446255644000075,2.83,3.0,3.3600000000000003,0.13323164200005522,0.017230247000043164,0.00336775799996758,2.6032287644385,2.787095262096364,3.1713561767798963
63.4963668920002,2.82,3.0,3.3600000000000003,0.03940002100011952,0.06734149500016429,0.0534790060000887,2.592354142473593,2.787095262096364,3.1713561767798963
63.54647745800003,2.82,3.0,3.3600000000000003,0.08951058699994974,0.1174520609999945,0.10358957199991892,2.592354142473593,2.787095262096364,3.1713561767798963
63.596637638000175,2.82,3.0,3.3600000000000003,0.13967076700009784,0.1676122410001426,0.15374975200006702,2.592354142473593,2.787095262096364,3.1713561767798963
63.64674986700015,2.82,3.0,3.3600000000000003,0.1897829960000763,0.21772447000012107,0.2038619810000455,2.592354142473593,2.787095262096364,3.1713561767798963
63.697068485000045,2.82,3.0,3.3600000000000003,0.24010161399996832,0.2680430880000131,0.2541805989999375,2.592354142473593,2.787095262096364,3.1713561767798963
63.74719915100013,2.82,3.0,3.3600000000000003,0.29023228000005474,0.3181737540000995,0.3043112650000239,2.592354142473593,2.787095262096364,3.1713561767798963
63.79734558200016,2.82,3.0,3.3600000000000003,0.3403787110000849,0.36832018500012964,0.35445769600005406,2.592354142473593,2.787095262096364,3.1713561767798963
63.84748376100015,2.82,3.0,3.3600000000000003,0.3905168900000717,0.4184583640001165,0.4045958750000409,2.592354142473593,2.787095262096364,3.1713561767798963
63.89771287799999,2.82,3.0,3.3600000000000003,0.44074600699991606,0.4686874809999608,0.45482499199988524,2.592354142473593,2.787095262096364,3.1713561767798963
63.94784847300002,2.82,3.0,3.3600000000000003,0.4908816019999449,0.5188230759999897,0.5049605869999141,2.592354142473593,2.787095262096364,3.1713561767798963
63.998003858000175,2.82,3.0,3.3600000000000003,0.5410369870000977,0.5689784610001425,0.5551159720000669,2.592354142473593,2.787095262096364,3.1713561767798963
64.0483486290002,2.86,3.0700000000000003,3.44,0.01540260000001581,0.04362639999999374,0.029427342000190038,2.63581107061944,2.862306762036522,3.255994471739778
64.09870255800001,2.86,3.0700000000000003,3.44,0.06575652899982742,0.09398032899980535,0.07978127100000165,2.63581107061944,2.862306762036522,3.255994471739778
64.14883676500017,2.86,3.0,3.44,0.11589073599998301,0.00010762600004454725,0.12991547800015724,2.63581107061944,2.787095262096364,3.255994471739778
64.19913080000015,2.82,3.0,3.39,0.022332726000058756,0.05040166100002352,0.03624288700007128,2.592354142473593,2.787095262096364,3.2031234756093934
64.2492426870001,2.82,3.0,3.39,0.07244461300001603,0.1005135479999808,0.08635477400002856,2.592354142473593,2.787095262096364,3.2031234756093934
64.2995886000001,2.82,3.06,3.39,0.12279052600001705,0.006629435999911948,0.13670068700002957,2.592354142473593,2.8515785102290274,3.2031234756093934
64.349800318,2.82,3.06,3.47,0.028667154999993727,0.05684115399981238,0.04315882699984286,2.592354142473593,2.8515785102290274,3.287673949770567
64.39991789600003,2.82,3.06,3.47,0.07878473300002042,0.10695873199983907,0.09327640499986956,2.592354142473593,2.8515785102290274,3.287673949770567
64.45003453100003,2.82,3.04,3.47,0.12890136800001528,0.013133207999999286,0.1433930399998644,2.592354142473593,2.830106005081788,3.287673949770567
64.500145944,2.84,3.04,3.39,0.03519896899979358,0.06324462099996708,0.04930297999999311,2.614096402200959,2.830106005081788,3.2031234756093934
64.55028367900013,2.84,3.04,3.39,0.08533670399992843,0.11338235600010194,0.09944071500012797,2.614096402200959,2.830106005081788,3.2031234756093934
64.60062323300008,2.84,3.0100000000000002,3.41,0.13567625799987582,0.01966020200006824,0.0057829719999062945,2.614096402200959,2.797856322258168,3.2242828660029197
64.6509615760001,2.84,3.0100000000000002,3.41,0.04214709200005018,0.06999854500008951,0.05612131499992756,2.614096402200959,2.797856322258168,3.2242828660029197
64.7011208140002,2.84,3.0100000000000002,3.41,0.09230633000015587,0.1201577830001952,0.10628055300003325,2.614096402200959,2.797856322258168,3.2242828660029197
64.75125966600012,2.84,3.0,3.52,0.14244518200007406,0.026383791999933237,0.012649368999973376,2.614096402200959,2.787095262096364,3.3404041671630096
64.80137386600018,2.84,3.0,3.52,0.04852002000006905,0.07649799199998597,0.06276356900002611,2.614096402200959,2.787095262096364,3.3404041671630096
64.85169739000003,2.84,3.0,3.52,0.09884354399991935,0.12682151599983627,0.1130870929998764,2.614096402200959,2.787095262096364,3.3404041671630096
64.9020229690002,2.82,3.0500000000000003,3.47,0.005202663000090979,0.03315865200011103,0.019060708000097293,2.592354142473593,2.8408449447303528,3.287673949770567
64.95235408200006,2.82,3.0500000000000003,3.47,0.055533775999947466,0.08348976499996752,0.06939182099995378,2.592354142473593,2.8408449447303528,3.287673949770567
65.00266185100008,2.82,3.0500000000000003,3.47,0.10584154499997567,0.13379753399999572,0.11969958999998198,2.592354142473593,2.8408449447303528,3.287673949770567
65.05283492700005,2.81,2.97,3.44,0.012141143000008014,0.04017796499988435,0.025723380000044926,2.5814724480420086,2.7547776679797593,3.255994471739778
65.1029563300001,2.81,2.97,3.44,0.06226254600005632,0.09029936799993266,0.07584478300009323,2.5814724480420086,2.7547776679797593,3.255994471739778
65.15328198200018,2.81,2.97,3.44,0.11258819800013953,0.14062502000001587,0.12617043500017644,2.5814724480420086,2.7547776679797593,3.255994471739778
65.20348216600019,2.86,3.0500000000000003,3.4,0.018511185000079422,0.046670899999980975,0.0326347390000592,2.63581107061944,2.8408449447303528,3.2137050269120837
65.25380258700011,2.86,3.0500000000000003,3.4,0.06883160600000338,0.09699132099990493,0.08295515999998315,2.63581107061944,2.8408449447303528,3.2137050269120837
65.30394701600017,2.86,3.02,3.4,0.11897603500005971,0.0031207160000121803,0.1330995890000395,2.63581107061944,2.8086117567225273,3.2137050269120837
65.35429046900003,2.81,3.02,3.41,0.02544965999982196,0.05346416899988071,0.03940342299983968,2.5814724480420086,2.8086117567225273,3.2242828660029197
65.40461393500004,2.81,3.02,3.41,0.07577312599983088,0.10378763499988963,0.0897268889998486,2.5814724480420086,2.8086117567225273,3.2242828660029197
65.45472815700009,2.81,3.0500000000000003,3.41,0.12588734799987833,0.009951494999995703,0.13984111099989605,2.5814724480420086,2.8408449447303528,3.2242828660029197
65.5050605890001,2.84,3.0500000000000003,3.39,0.03214534399990043,0.060283927000000403,0.04621702400004324,2.614096402200959,2.8408449447303528,3.2031234756093934
65.5553992680002,2.84,3.0500000000000003,3.39,0.08248402300000635,0.11062260600010632,0.09655570300014915,2.614096402200959,2.8408449447303528,3.2031234756093934
65.60549977100004,2.84,3.0100000000000002,3.39,0.13258452599984594,0.016454930999998396,0.0028026749998844025,2.614096402200959,2.797856322258168,3.2031234756093934
65.65583110600005,2.84,3.0100000000000002,3.39,0.038967915000057474,0.06678626600000825,0.05313400999989426,2.614096402200959,2.797856322258168,3.2031234756093934
65.70594385500021,2.84,3.0100000000000002,3.39,0.08908066400022108,0.11689901500017186,0.10324675900005786,2.614096402200959,2.797856322258168,3.2031234756093934
65.7562704190002,2.84,3.0100000000000002,3.49,0.13940722800020922,0.02352499300013733,0.009334099000170681,2.614096402200959,2.797856322258168,3.308776208811953
65.80639846900021,2.83,3.0100000000000002,3.49,0.04553724500010503,0.07365304300014941,0.05946214900018276,2.6032287644385,2.797856322258168,3.308776208811953
65.85651315900009,2.83,3.0100000000000002,3.49,0.09565193499997804,0.12376773300002242,0.10957683900005577,2.6032287644385,2.797856322258168,3.308776208811953
65.906768758,2.82,3.0,3.39,0.0019241989998590725,0.029765460999897186,0.016131725999912305,2.592354142473593,2.787095262096364,3.2031234756093934
65.95690968500003,2.82,3.0,3.39,0.05206512599988855,0.07990638799992666,0.06627265299994178,2.592354142473593,2.787095262096364,3.2031234756093934
66.00704193700017,2.82,3.0,3.39,0.10219737800002804,0.13003864000006615,0.11640490500008127,2.592354142473593,2.787095262096364,3.2031234756093934
66.05718749900007,2.83,3.0500000000000003,3.52,0.00865568499989422,0.036249500999929296,0.022426127000017004,2.6032287644385,2.8408449447303528,3.3404041671630096
66.10732825100013,2.83,3.0500000000000003,3.52,0.058796436999955404,0.08639025299999048,0.07256687900007819,2.6032287644385,2.8408449447303528,3.3404041671630096
66.15766081400011,2.83,3.0500000000000003,3.52,0.10912899999993897,0.13672281599997405,0.12289944200006175,2.6032287644385,2.8408449447303528,3.3404041671630096
66.20799617900002,2.82,2.99,3.41,0.015554040999859353,0.04331474699984028,0.029468853000025774,2.592354142473593,2.776328510821441,3.2242828660029197
66.25814234800009,2.82,2.99,3.41,0.06570020999993176,0.09346091599991269,0.07961502200009818,2.592354142473593,2.776328510821441,3.2242828660029197
66.30848228200011,2.82,2.99,3.41,0.11604014399995322,0.14380084999993414,0.12995495600011964,2.592354142473593,2.776328510821441,3.2242828660029197
66.35859696700004,2.87,3.0300000000000002,3.41,0.022135532999982388,0.04956280099986543,0.0357452949999697,2.646658270347723,2.8193616298729753,3.2242828660029197
66.40871044900018,2.87,3.0300000000000002,3.41,0.07224901500012493,0.09967628300000797,0.08585877700011224,2.646658270347723,2.8193616298729753,3.2242828660029197
66.45884505000004,2.87,3.0,3.41,0.12238361599997916,0.005884522999849651,0.13599337799996647,2.646658270347723,2.787095262096364,3.2242828660029197
66.50914088700006,2.87,3.0,3.5,0.02872972199998003,0.05618035999987114,0.04262060599990036,2.646658270347723,2.787095262096364,3.319322219972023
66.55926161000002,2.87,3.0,3.5,0.07885044499994365,0.10630108299983476,0.09274132899986398,2.646658270347723,2.787095262096364,3.319322219972023
66.609625607,2.87,3.0,3.5,0.12921444199992038,0.1566650799998115,0.14310532599984072,2.646658270347723,2.787095262096364,3.319322219972023
66.659968961,2.87,3.0,3.5,0.17955779599992638,0.2070084339998175,0.19344867999984672,2.646658270347723,2.787095262096364,3.319322219972023
66.71010040100009,2.87,3.0,3.5,0.2296892360000129,0.257139873999904,0.24358011999993323,2.646658270347723,2.787095262096364,3.319322219972023
66.76039243200012,2.87,2.98,3.48,0.2799812670000392,0.019855383000049187,0.005623337000088213,2.646658270347723,2.765556001964162,3.2982267963255647
66.81048608200012,2.85,2.98,3.48,0.042109102000040366,0.06994903300005717,0.055716987000096196,2.624957142507283,2.765556001964162,3.2982267963255647
66.86066445000006,2.85,2.98,3.48,0.09228746999997384,0.12012740099999064,0.10589535500002967,2.624957142507283,2.765556001964162,3.2982267963255647
66.91078723400005,2.85,3.0100000000000002,3.4,0.14241025399996943,0.02594925699986561,0.012042362999864054,2.624957142507283,2.797856322258168,3.2137050269120837
66.9610860480002,2.87,3.0100000000000002,3.4,0.04866591600011816,0.07624807100000908,0.06234117700000752,2.646658270347723,2.797856322258168,3.2137050269120837
67.011243767,2.87,3.0100000000000002,3.4,0.09882363499991698,0.1264057899998079,0.11249889599980634,2.646658270347723,2.797856322258168,3.2137050269120837
67.06136618400001,2.81,3.0700000000000003,3.5300000000000002,0.004476414999999179,0.03266102599991427,0.018683752000015375,2.5814724480420086,2.862306762036522,3.35094016658012
67.11168294700019,2.81,3.0700000000000003,3.5300000000000002,0.0547931780001818,0.08297778900009689,0.06900051500019799,2.5814724480420086,2.862306762036522,3.35094016658012
67.16180076700016,2.81,3.0700000000000003,3.5300000000000002,0.10491099800015036,0.13309560900006545,0.11911833500016655,2.5814724480420086,2.862306762036522,3.35094016658012
67.2119458730001,2.85,3.06,3.4,0.0108459400000811,0.03943477400002848,0.025322462000076484,2.624957142507283,2.8515785102290274,3.2137050269120837
67.2622186430001,2.85,3.06,3.4,0.061118710000073406,0.08970754400002079,0.07559523200006879,2.624957142507283,2.8515785102290274,3.2137050269120837
67.31259088600018,2.85,3.06,3.4,0.11149095300015688,0.14007978700010426,0.12596747500015226,2.624957142507283,2.8515785102290274,3.2137050269120837
67.36294555100017,2.83,3.02,3.39,0.0180298610000591,0.046192347999976846,0.03226392100009434,2.6032287644385,2.8086117567225273,3.2031234756093934
67.41326445300001,2.83,3.02,3.39,0.06834876299990356,0.0965112499998213,0.0825828229999388,2.6032287644385,2.8086117567225273,3.2031234756093934
67.46340714800021,2.83,3.0,3.39,0.11849145800010774,0.002998939999997674,0.13272551800014298,2.6032287644385,2.787095262096364,3.2031234756093934
67.51373238100018,2.85,3.0,3.5,0.0248509020000256,0.0533241729999645,0.039120460000049206,2.624957142507283,2.787095262096364,3.319322219972023
67.56406870400019,2.85,3.0,3.5,0.07518722500003605,0.10366049599997496,0.08945678300005966,2.624957142507283,2.787095262096364,3.319322219972023
67.61418846900006,2.85,3.0100000000000002,3.5,0.1253069899998991,0.009483413999987533,0.1395765479999227,2.624957142507283,2.797856322258168,3.319322219972023
67.66451922600004,2.83,3.0100000000000002,3.3600000000000003,0.03166243900000154,0.059814170999970884,0.046295410999846354,2.6032287644385,2.797856322258168,3.1713561767798963
67.71485375700013,2.83,3.0100000000000002,3.3600000000000003,0.0819969700000911,0.11014870200006044,0.09662994199993591,2.6032287644385,2.797856322258168,3.1713561767798963
67.76499559900003,2.83,3.04,3.37,0.13213881199999378,0.01631669099992905,0.0023942210000313935,2.6032287644385,2.830106005081788,3.1819490882162147
67.81514136300007,2.82,3.04,3.37,0.038310084999920946,0.0664624549999644,0.052539985000066736,2.592354142473593,2.830106005081788,3.1819490882162147
67.86542173300018,2.82,3.04,3.37,0.08859045500003049,0.11674282500007394,0.10282035500017628,2.592354142473593,2.830106005081788,3.1819490882162147
67.91559025700008,2.82,3.0300000000000002,3.37,0.13875897899993106,0.023342743000057453,0.009070581000059974,2.592354142473593,2.8193616298729753,3.1819490882162147
67.96582033800019,2.84,3.0300000000000002,3.37,0.04536224299999958,0.07357282400016629,0.05930066200016881,2.614096402200959,2.8193616298729753,3.1819490882162147
68.01614230500013,2.84,3.0300000000000002,3.37,0.09568420999994487,0.12389479100011158,0.1096226290001141,2.614096402200959,2.8193616298729753,3.1819490882162147
68.06622912300008,2.87,3.0500000000000003,3.3600000000000003,0.001786637999884988,0.029629409999870404,0.01537658699999156,2.646658270347723,2.8408449447303528,3.1713561767798963
68.1165963960002,2.87,3.0500000000000003,3.3600000000000003,0.05215391100000488,0.0799966829999903,0.06574386000011145,2.646658270347723,2.8408449447303528,3.1713561767798963
68.16669974000001,2.87,3.0500000000000003,3.3600000000000003,0.10225725499981309,0.1301000269997985,0.11584720399991966,2.646658270347723,2.8408449447303528,3.1713561767798963
68.21681660000013,2.83,3.06,3.46,0.008055730000023686,0.03656935499998326,0.022113447000037922,2.6032287644385,2.8515785102290274,3.2771176359721967
68.26710676100015,2.83,3.06,3.46,0.0583458910000445,0.08685951600000408,0.07240360800005874,2.6032287644385,2.8515785102290274,3.2771176359721967
68.31727934200012,2.83,3.06,3.46,0.1085184720000143,0.13703209699997387,0.12257618900002853,2.6032287644385,2.8515785102290274,3.2771176359721967
68.36739289800016,2.86,2.98,3.43,0.014647310000100333,0.04313390300012543,0.028601649000165708,2.63581107061944,2.765556001964162,3.245427552727067
68.41769203600006,2.86,2.98,3.43,0.0649464480000006,0.0934330410000257,0.07890078700006598,2.63581107061944,2.765556001964162,3.245427552727067
68.467908825,2.86,2.98,3.43,0.11516323699993336,0.14364982999995846,0.12911757599999873,2.63581107061944,2.765556001964162,3.245427552727067
68.51821172300015,2.83,3.0700000000000003,3.43,0.021503639000002295,0.049889947000110624,0.03578392100007477,2.6032287644385,2.862306762036522,3.245427552727067
68.56833236700004,2.83,3.0700000000000003,3.43,0.07162428299989188,0.1000105910000002,0.08590456499996435,2.6032287644385,2.862306762036522,3.245427552727067
68.61846710500004,2.83,3.04,3.43,0.12175902099988889,0.0060280959999090555,0.13603930299996136,2.6032287644385,2.830106005081788,3.245427552727067
68.66879942600008,2.85,3.04,3.44,0.028279234999899927,0.05636041699995076,0.04237121799997112,2.624957142507283,2.830106005081788,3.255994471739778
68.71894330500004,2.85,3.04,3.44,0.07842311399986102,0.10650429599991185,0.09251509699993221,2.624957142507283,2.830106005081788,3.255994471739778
68.76905845400006,2.85,3.0100000000000002,3.44,0.12853826299988214,0.012252494999984265,0.14263024599995333,2.624957142507283,2.797856322258168,3.255994471739778
68.81919554700016,2.85,3.0100000000000002,3.43,0.03453301200011083,0.062389588000087315,0.04888565999999628,2.624957142507283,2.797856322258168,3.245427552727067
68.86951824200014,2.85,3.0100000000000002,3.43,0.08485570700008793,0.11271228300006442,0.09920835499997338,2.624957142507283,2.797856322258168,3.245427552727067
68.91960615900007,2.85,3.0100000000000002,3.39,0.13494362400001592,0.019223738999926354,0.004898538999896118,2.624957142507283,2.797856322258168,3.2031234756093934
68.96977863700022,2.81,3.0100000000000002,3.39,0.041531157000008534,0.06939621700007592,0.055071017000045686,2.5814724480420086,2.797856322258168,3.2031234756093934
69.0199318240002,2.81,3.0100000000000002,3.39,0.0916843439999866,0.11954940400005398,0.10522420400002375,2.5814724480420086,2.797856322258168,3.2031234756093934
69.07023108500016,2.81,3.0100000000000002,3.4,0.14198360499995033,0.025485763000006045,0.011795141999982661,2.5814724480420086,2.797856322258168,3.2137050269120837
69.12034803200004,2.87,3.0100000000000002,3.4,0.04804225799989581,0.07560270999988461,0.061912088999861226,2.646658270347723,2.797856322258168,3.2137050269120837
69.1707008750002,2.87,3.0100000000000002,3.4,0.098395101000051,0.1259555530000398,0.11226493200001642,2.646658270347723,2.797856322258168,3.2137050269120837
69.22105300700014,2.83,3.0,3.46,0.004537482999921849,0.032602535000023636,0.018609809000054156,2.6032287644385,2.787095262096364,3.2771176359721967
69.27120015900005,2.83,3.0,3.46,0.05468463499983045,0.08274968699993224,0.06875696099996276,2.6032287644385,2.787095262096364,3.2771176359721967
69.32150041400018,2.83,3.0,3.46,0.1049848899999688,0.1330499420000706,0.11905721600010111,2.6032287644385,2.787095262096364,3.2771176359721967
69.37169394700004,2.84,3.0500000000000003,3.43,0.01118612100003702,0.039357909000045765,0.025400859999990644,2.614096402200959,2.8408449447303528,3.245427552727067
69.42204434400014,2.84,3.0500000000000003,3.43,0.06153651800013904,0.08970830600014779,0.07575125700009266,2.614096402200959,2.8408449447303528,3.245427552727067
69.47216976800019,2.84,3.0500000000000003,3.43,0.11166194200018253,0.13983373000019128,0.12587668100013616,2.614096402200959,2.8408449447303528,3.245427552727067
69.52227182700017,2.83,3.04,3.43,0.017758259000174803,0.04592276900007164,0.031686038000088956,2.6032287644385,2.830106005081788,3.245427552727067
69.57260874900021,2.83,3.04,3.43,0.06809518100021705,0.09625969100011389,0.0820229600001312,2.6032287644385,2.830106005081788,3.245427552727067
69.62295183800006,2.83,3.04,3.43,0.11843827000006968,0.14660277999996651,0.13236604899998383,2.6032287644385,2.830106005081788,3.245427552727067
69.67327372800014,2.83,3.04,3.43,0.16876016000014715,0.196924670000044,0.1826879390000613,2.6032287644385,2.830106005081788,3.245427552727067
69.72344052900007,2.83,3.04,3.43,0.21892696100007925,0.24709147099997608,0.2328547399999934,2.6032287644385,2.830106005081788,3.245427552727067
69.77361823800015,2.83,3.0300000000000002,3.43,0.2691046700001607,0.009347170999944865,0.28303244900007485,2.6032287644385,2.8193616298729753,3.245427552727067
69.82373397200013,2.81,3.0300000000000002,3.44,0.03146549500002038,0.059462904999918464,0.04524770600005468,2.5814724480420086,2.8193616298729753,3.255994471739778
69.87390224400019,2.81,3.0300000000000002,3.44,0.08163376700008484,0.10963117699998293,0.09541597800011914,2.5814724480420086,2.8193616298729753,3.255994471739778
69.9242269780002,2.81,3.0100000000000002,3.47,0.1319585010000992,0.015631991000191192,0.0017418880001969228,2.5814724480420086,2.797856322258168,3.287673949770567
69.97438293100004,2.86,3.0100000000000002,3.47,0.03820371200004047,0.06578794400002153,0.051897841000027256,2.63581107061944,2.797856322258168,3.287673949770567
70.02470486200014,2.86,3.0100000000000002,3.47,0.0885256430001391,0.11610987500012016,0.10221977200012589,2.63581107061944,2.797856322258168,3.287673949770567
70.0750420280001,2.86,3.0500000000000003,3.46,0.13886280900010206,0.02278044099989529,0.008602084999893123,2.63581107061944,2.8408449447303528,3.2771176359721967
70.12515237000002,2.86,3.0500000000000003,3.46,0.04502317599985872,0.07289078299982066,0.05871242699981849,2.63581107061944,2.8408449447303528,3.2771176359721967
70.17530143700014,2.86,3.0500000000000003,3.46,0.09517224299997906,0.123039849999941,0.10886149399993883,2.63581107061944,2.8408449447303528,3.2771176359721967
70.225398197,2.84,3.04,3.54,0.001325098999814145,0.029178301999991163,0.014960338999799205,2.614096402200959,2.830106005081788,3.3614728914569576
70.2757285470002,2.84,3.04,3.54,0.05165544900000896,0.07950865200018598,0.06529068899999402,2.614096402200959,2.830106005081788,3.3614728914569576
70.32585449800013,2.84,3.04,3.54,0.10178139999993618,0.1296346030001132,0.11541663999992124,2.614096402200959,2.830106005081788,3.3614728914569576
70.37617989600017,2.81,3.04,3.4,0.007449483000073087,0.035892264000040086,0.022046236000051067,2.5814724480420086,2.830106005081788,3.2137050269120837
70.42633502600006,2.81,3.04,3.4,0.057604612999966776,0.08604739399993377,0.07220136599994476,2.5814724480420086,2.830106005081788,3.2137050269120837
70.47647507200008,2.81,3.04,3.4,0.10774465899999086,0.13618743999995786,0.12234141199996884,2.5814724480420086,2.830106005081788,3.2137050269120837
70.526800202,2.82,3.0100000000000002,3.41,0.014145246999987648,0.04266804700000648,0.02840608299993619,2.592354142473593,2.797856322258168,3.2242828660029197
70.57693925000012,2.82,3.0100000000000002,3.41,0.0642842950001068,0.09280709500012563,0.07854513100005533,2.592354142473593,2.797856322258168,3.2242828660029197
70.62727289400004,2.82,3.0100000000000002,3.41,0.11461793900002704,0.14314073900004587,0.12887877499997558,2.592354142473593,2.797856322258168,3.2242828660029197
70.67739536300019,2.83,2.99,3.43,0.02098585099997763,0.049212409000119806,0.03535657500015077,2.6032287644385,2.776328510821441,3.245427552727067
70.72753484000009,2.83,2.99,3.43,0.07112532799988003,0.0993518860000222,0.08549605200005317,2.6032287644385,2.776328510821441,3.245427552727067
70.77779693400021,2.83,3.08,3.43,0.12138742199999797,0.0055139750002126675,0.1357581460001711,2.6032287644385,2.8730297596787957,3.245427552727067
70.82790609400013,2.89,3.08,3.45,0.027641882000125406,0.055623135000132606,0.04190468499996314,2.6683328128252666,2.8730297596787957,3.266557821315888
70.87801443800004,2.89,3.08,3.45,0.07775022600003467,0.10573147900004187,0.0920130289998724,2.6683328128252666,2.8730297596787957,3.266557821315888
70.92813500500006,2.89,3.02,3.45,0.12787079300005644,0.01210944199988262,0.14213359599989417,2.6683328128252666,2.8086117567225273,3.266557821315888
70.978452242,2.82,3.02,3.43,0.03427581799996915,0.062426678999827345,0.04855075999989822,2.592354142473593,2.8086117567225273,3.245427552727067
71.02878274900013,2.82,3.02,3.43,0.08460632500009524,0.11275718599995344,0.09888126700002431,2.592354142473593,2.8086117567225273,3.245427552727067
71.0789244,2.82,2.98,3.39,0.13474797599997146,0.018609030999868992,0.004288822999797048,2.592354142473593,2.765556001964162,3.2031234756093934
71.12905391200002,2.84,2.98,3.39,0.040770696999970824,0.06873854299988125,0.054418334999809304,2.614096402200959,2.765556001964162,3.2031234756093934
71.17937029200016,2.84,2.98,3.39,0.0910870770001111,0.11905492300002152,0.10473471499994957,2.614096402200959,2.765556001964162,3.2031234756093934
71.22952071500004,2.84,3.06,3.49,0.14123749999998836,0.025491363999890382,0.011303660999828935,2.614096402200959,2.8515785102290274,3.308776208811953
71.279816041,2.87,3.06,3.49,0.047556710999970164,0.07578668999985894,0.06159898699979749,2.646658270347723,2.8515785102290274,3.308776208811953
71.32993208900007,2.87,3.06,3.49,0.0976727590000337,0.12590273799992246,0.11171503499986102,2.646658270347723,2.8515785102290274,3.308776208811953
71.38001500000018,2.84,3.06,3.43,0.0038509000000885862,0.03172505900010947,0.017738367999982074,2.614096402200959,2.8515785102290274,3.245427552727067
71.43015150800011,2.84,3.06,3.43,0.05398740800001178,0.08186156700003266,0.06787487599990527,2.614096402200959,2.8515785102290274,3.245427552727067
71.48026516600021,2.84,3.06,3.43,0.10410106600011204,0.13197522500013292,0.11798853400000553,2.614096402200959,2.8515785102290274,3.245427552727067
71.53057407400001,2.85,3.08,3.44,0.010489091999943412,0.03834244399990894,0.02432141999997839,2.624957142507283,2.8730297596787957,3.255994471739778
71.58065790800015,2.85,3.08,3.44,0.06057292600007713,0.08842627800004266,0.07440525400011211,2.624957142507283,2.8730297596787957,3.255994471739778
71.63075612300008,2.85,3.08,3.44,0.11067114100001163,0.13852449299997716,0.12450346900004661,2.624957142507283,2.8730297596787957,3.255994471739778
71.68108419400005,2.81,3.0300000000000002,3.44,0.016921217999879445,0.04527541199990992,0.030573726000056922,2.5814724480420086,2.8193616298729753,3.255994471739778
71.73141723000003,2.81,3.0300000000000002,3.44,0.06725425399986307,0.09560844799989354,0.08090676200004054,2.5814724480420086,2.8193616298729753,3.255994471739778
71.78159946400001,2.81,3.0700000000000003,3.44,0.1174364879998393,0.0013721609998356143,0.13108899600001678,2.5814724480420086,2.862306762036522,3.255994471739778
71.83173036300013,2.82,3.0700000000000003,3.44,0.023843142000032458,0.05150305999995908,0.037592405999930634,2.592354142473593,2.862306762036522,3.255994471739778
71.88189305100013,2.82,3.0700000000000003,3.44,0.0740058300000328,0.10166574799995942,0.08775509399993098,2.592354142473593,2.862306762036522,3.255994471739778
71.93220534200009,2.82,3.0,3.44,0.12431812099998751,0.007735037999964334,0.1380673849998857,2.592354142473593,2.787095262096364,3.255994471739778
71.98235156500004,2.84,3.0,3.41,0.030025217000002158,0.057881260999920414,0.04395069199995305,2.614096402200959,2.787095262096364,3.2242828660029197
72.03267023800004,2.84,3.0,3.41,0.08034388999999464,0.1081999339999129,0.09426936499994554,2.614096402200959,2.787095262096364,3.2242828660029197
72.0827617540001,2.84,3.0300000000000002,3.3800000000000003,0.13043540600006054,0.014525069000001167,0.000643971000044985,2.614096402200959,2.8193616298729753,3.1925381751828747
72.13309963500001,2.83,3.0300000000000002,3.3800000000000003,0.036780443999987256,0.06486294999990605,0.05098185199994987,2.6032287644385,2.8193616298729753,3.1925381751828747
72.18322279500012,2.83,3.0300000000000002,3.3800000000000003,0.08690360400009922,0.11498611000001802,0.10110501200006183,2.6032287644385,2.8193616298729753,3.1925381751828747
72.233590735,2.83,3.04,3.5,0.13727154399998653,0.021548074999827804,0.007233118999920407,2.6032287644385,2.830106005081788,3.319322219972023
72.28392980300009,2.84,3.04,3.5,0.04387520399995992,0.07188714299991261,0.057572187000005215,2.614096402200959,2.830106005081788,3.319322219972023
72.33412093700008,2.84,3.04,3.5,0.09406633799994779,0.12207827699990048,0.10776332099999308,2.614096402200959,2.830106005081788,3.319322219972023
72.38431565000019,2.83,3.02,3.48,7.848500013096782e-05,0.027903013000013743,0.013986339999974007,2.6032287644385,2.8086117567225273,3.2982267963255647
72.43465915600018,2.83,3.02,3.48,0.050421991000121125,0.0782465190000039,0.06432984599996416,2.6032287644385,2.8086117567225273,3.2982267963255647
72.484765681,2.83,3.02,3.48,0.10052851599994028,0.12835304399982306,0.11443637099978332,2.6032287644385,2.8086117567225273,3.2982267963255647
72.53512959500017,2.83,3.0300000000000002,3.43,0.00691101699999308,0.03502297500017448,0.020822757000132697,2.6032287644385,2.8193616298729753,3.245427552727067
72.58525706800015,2.83,3.0300000000000002,3.43,0.05703848999996808,0.08515044800014948,0.0709502300001077,2.6032287644385,2.8193616298729753,3.245427552727067
72.63547868500018,2.83,3.0300000000000002,3.43,0.10726010700000188,0.13537206500018328,0.1211718470001415,2.6032287644385,2.8193616298729753,3.245427552727067
72.6858332700001,2.83,3.0300000000000002,3.43,0.15761469199992462,0.18572665000010602,0.17152643200006423,2.6032287644385,2.8193616298729753,3.245427552727067
72.73596709700018,2.83,3.0300000000000002,3.43,0.20774851900000613,0.23586047700018753,0.22166025900014574,2.6032287644385,2.8193616298729753,3.245427552727067
72.78627025100013,2.83,3.0300000000000002,3.43,0.25805167299995446,0.28616363100013587,0.2719634130000941,2.6032287644385,2.8193616298729753,3.245427552727067
72.83640008200018,2.83,3.06,3.45,0.02059457000018483,0.048192763000088235,0.03435310899999422,2.6032287644385,2.8515785102290274,3.266557821315888
72.88671029900001,2.83,3.06,3.45,0.07090478700001768,0.09850297999992108,0.08466332599982707,2.6032287644385,2.8515785102290274,3.266557821315888
72.93703955600017,2.83,3.0500000000000003,3.45,0.12123404400017534,0.004904506000002584,0.13499258299998473,2.6032287644385,2.8408449447303528,3.266557821315888
72.98715228600008,2.85,3.0500000000000003,3.42,0.027086761999953524,0.05501723599991237,0.041140495000036026,2.624957142507283,2.8408449447303528,3.2348570292982033
73.03728857700003,2.85,3.0500000000000003,3.42,0.07722305299989785,0.1051535269998567,0.09127678599998035,2.624957142507283,2.8408449447303528,3.2348570292982033
73.08741462700004,2.85,2.97,3.42,0.12734910299991498,0.011162889999923209,0.14140283599999748,2.624957142507283,2.7547776679797593,3.2348570292982033
73.13774210500014,2.84,2.97,3.48,0.03389171999992868,0.0614903680000225,0.04755115600005411,2.614096402200959,2.7547776679797593,3.2982267963255647
73.18788519700001,2.84,2.97,3.48,0.08403481199979979,0.1116334599998936,0.09769424799992521,2.614096402200959,2.7547776679797593,3.2982267963255647
73.2382221910002,2.84,3.06,3.48,0.1343718059999901,0.018246992000058526,0.00406255300003977,2.614096402200959,2.8515785102290274,3.2982267963255647
73.28836314100022,2.85,3.06,3.48,0.04054969600019831,0.06838794200007214,0.05420350300005339,2.624957142507283,2.8515785102290274,3.2982267963255647
73.33847573800017,2.85,3.06,3.48,0.09066229300015038,0.11850053900002422,0.10431610000000546,2.624957142507283,2.8515785102290274,3.2982267963255647
73.38881696800013,2.85,3.04,3.44,0.14100352300010854,0.02455909300010717,0.010965202000079444,2.624957142507283,2.830106005081788,3.255994471739778
73.43893673800017,2.84,3.04,3.44,0.04677209999999832,0.0746788630001447,0.06108497200011698,2.614096402200959,2.830106005081788,3.255994471739778
73.48906373,2.84,3.04,3.44,0.09689909199983049,0.12480585499997687,0.11121196399994915,2.614096402200959,2.830106005081788,3.255994471739778
73.5392005990002,2.85,3.0100000000000002,3.49,0.003016152000100192,0.03124204000005193,0.017080055000178618,2.624957142507283,2.797856322258168,3.308776208811953
73.58932244800008,2.85,3.0100000000000002,3.49,0.05313800099997934,0.08136388899993108,0.06720190400005777,2.624957142507283,2.797856322258168,3.308776208811953
73.63946152000017,2.85,3.0100000000000002,3.49,0.10327707300007205,0.1315029610000238,0.11734097600015048,2.624957142507283,2.797856322258168,3.308776208811953
73.68981027400014,2.83,3.0,3.39,0.009454004999952303,0.037665789000129735,0.023925468000015826,2.6032287644385,2.787095262096364,3.2031234756093934
73.74013087000003,2.83,3.0,3.39,0.05977460099984455,0.08798638500002198,0.07424606399990807,2.6032287644385,2.787095262096364,3.2031234756093934
73.79025102800006,2.83,3.0,3.39,0.10989475899987156,0.138106543000049,0.12436622199993508,2.6032287644385,2.787095262096364,3.2031234756093934
73.84038926900007,2.82,3.04,3.39,0.016070710999883886,0.04461012599995229,0.030300405999923896,2.592354142473593,2.830106005081788,3.2031234756093934
73.89071573500019,2.82,3.04,3.39,0.06639717699999892,0.09493659200006732,0.08062687200003893,2.592354142473593,2.830106005081788,3.2031234756093934
73.94081357000005,2.82,2.98,3.39,0.11649501199985934,0.0006770299999061535,0.13072470699989935,2.592354142473593,2.765556001964162,3.2031234756093934
73.99092571300002,2.87,2.98,3.47,0.022926303999838638,0.05078917299988461,0.036889246999862735,2.646658270347723,2.765556001964162,3.287673949770567
74.04104192100021,2.87,2.98,3.47,0.07304251200002909,0.10090538100007507,0.08700545500005319,2.646658270347723,2.765556001964162,3.287673949770567
74.091162983,2.87,3.0100000000000002,3.47,0.12316357399981825,0.00708088799979123,0.13712651699984235,2.646658270347723,2.797856322258168,3.287673949770567
74.14127535000011,2.89,3.0100000000000002,3.44,0.02922898199994961,0.05719325499990191,0.04320257600011246,2.6683328128252666,2.797856322258168,3.255994471739778
74.19139649800013,2.89,3.0100000000000002,3.44,0.07935012999996616,0.10731440299991846,0.093323724000129,2.6683328128252666,2.797856322258168,3.255994471739778
74.24153337500002,2.89,3.02,3.44,0.12948700699985238,0.013689394999801152,0.14346060100001523,2.6683328128252666,2.8086117567225273,3.255994471739778
74.29162888400015,2.89,3.02,3.43,0.03566277699997045,0.06378490399993098,0.049392035999971995,2.6683328128252666,2.8086117567225273,3.245427552727067
74.34195796500012,2.89,3.02,3.43,0.08599185799994302,0.11411398499990355,0.09972111699994457,2.6683328128252666,2.8086117567225273,3.245427552727067
74.39210369800003,2.89,3.0300000000000002,3.52,0.13613759099985145,0.020211570999890682,0.005941876999941087,2.6683328128252666,2.8193616298729753,3.3404041671630096
74.44224376300008,2.83,3.0300000000000002,3.52,0.04205676800006586,0.07035163599994121,0.056081941999991614,2.6032287644385,2.8193616298729753,3.3404041671630096
74.49238427,2.83,3.0300000000000002,3.52,0.09219727499998953,0.12049214299986488,0.10622244899991529,2.6032287644385,2.8193616298729753,3.3404041671630096
74.54248298800007,2.83,3.0100000000000002,3.48,0.14229599300006157,0.026727242999868395,0.01248427499990612,2.6032287644385,2.797856322258168,3.2982267963255647
74.59280576800006,2.84,3.0100000000000002,3.48,0.04908918699993592,0.07705002299985608,0.06280705499989381,2.614096402200959,2.797856322258168,3.2982267963255647
74.64296232900006,2.84,3.0100000000000002,3.48,0.09924574799993024,0.1272065839998504,0.11296361599988813,2.614096402200959,2.797856322258168,3.2982267963255647
74.693239017,2.84,3.0500000000000003,3.44,0.00534603299979608,0.0333949019998272,0.019351479999841104,2.614096402200959,2.8408449447303528,3.255994471739778
74.74358957100003,2.84,3.0500000000000003,3.44,0.05569658699982938,0.0837454559998605,0.0697020339998744,2.614096402200959,2.8408449447303528,3.255994471739778
74.79378779100011,2.84,3.0500000000000003,3.44,0.10589480699991327,0.1339436759999444,0.1199002539999583,2.614096402200959,2.8408449447303528,3.255994471739778
74.84393239300016,2.83,3.04,3.44,0.01207001200009472,0.039889230999961,0.025930291000122452,2.6032287644385,2.830106005081788,3.255994471739778
74.89424881100012,2.83,3.04,3.44,0.0623864300000605,0.09020564899992678,0.07624670900008823,2.6032287644385,2.830106005081788,3.255994471739778
74.944343849,2.83,3.04,3.44,0.11248146799994174,0.14030068699980802,0.12634174699996947,2.6032287644385,2.830106005081788,3.255994471739778
74.99469076800005,2.85,3.0,3.46,0.01877705199990487,0.04655295699990347,0.03276391200006401,2.624957142507283,2.787095262096364,3.2771176359721967
75.04480912500003,2.85,3.0,3.46,0.06889540899987878,0.09667131399987738,0.08288226900003792,2.624957142507283,2.787095262096364,3.2771176359721967
75.09491163400003,2.85,3.02,3.46,0.11899791799987725,0.002649048999955994,0.13298477800003639,2.624957142507283,2.8086117567225273,3.2771176359721967
75.14502189500013,2.84,3.02,3.45,0.025185619000012593,0.05275931000005585,0.03899539100007132,2.614096402200959,2.8086117567225273,3.266557821315888
75.19513190600014,2.84,3.02,3.45,0.07529563000002781,0.10286932100007107,0.08910540200008654,2.614096402200959,2.8086117567225273,3.266557821315888
75.2452684660002,2.84,3.02,3.45,0.1254321900000832,0.009331614000075206,0.13924196200014194,2.614096402200959,2.8086117567225273,3.266557821315888
75.29538654900011,2.83,3.02,3.5,0.03170240200006447,0.05944969699999092,0.04549830199994176,2.6032287644385,2.8086117567225273,3.319322219972023
75.34567743000002,2.83,3.02,3.5,0.08199328299997433,0.10974057799990078,0.09578918299985162,2.6032287644385,2.8086117567225273,3.319322219972023
75.39582624800005,2.83,3.0,3.45,0.13214210099999946,0.01610277899999346,0.0018703529999584134,2.6032287644385,2.787095262096364,3.266557821315888
75.44616008000003,2.82,3.0,3.45,0.03815856799997164,0.06643661099997189,0.05220418499993684,2.592354142473593,2.787095262096364,3.266557821315888
75.4964753700001,2.82,3.0,3.45,0.08847385800004304,0.11675190100004329,0.10251947500000824,2.592354142473593,2.787095262096364,3.266557821315888
75.54677484600006,2.82,3.0,3.39,0.1387733340000068,0.16705137700000705,0.008972350000021834,2.592354142473593,2.787095262096364,3.2031234756093934
75.5970702510001,2.8,3.0,3.39,0.04508899300003577,0.21734678200004964,0.059267755000064426,2.5705835913270745,2.787095262096364,3.2031234756093934
75.64743191800017,2.8,3.0,3.39,0.09545066000009683,0.2677084490001107,0.10962942200012549,2.5705835913270745,2.787095262096364,3.2031234756093934
75.69759540900009,2.8,3.0,3.39,0.14561415100001796,0.3178719400000318,0.1597929130000466,2.5705835913270745,2.787095262096364,3.2031234756093934
75.74788067700001,2.8,3.0,3.39,0.195899418999943,0.3681572079999569,0.21007818099997166,2.5705835913270745,2.787095262096364,3.2031234756093934
75.79799943500007,2.8,3.0,3.39,0.24601817699999629,0.41827596600001016,0.26019693900002494,2.5705835913270745,2.787095262096364,3.2031234756093934
75.84812436000016,2.78,3.06,3.49,0.008205469000131416,0.035989470000004076,0.022132927000029667,2.5487840238042923,2.8515785102290274,3.308776208811953
75.89824158300007,2.78,3.06,3.49,0.05832269200004703,0.08610669299991969,0.07225014999994528,2.5487840238042923,2.8515785102290274,3.308776208811953
75.94860893700002,2.78,3.06,3.49,0.10869004599999244,0.1364740469998651,0.12261750399989069,2.5487840238042923,2.8515785102290274,3.308776208811953
75.99872514700019,2.85,3.0,3.4,0.014761530999976458,0.042919546000121045,0.028699475000166785,2.624957142507283,2.787095262096364,3.2137050269120837
76.04885565500012,2.85,3.0,3.4,0.0648920389999148,0.09305005400005939,0.07882998300010513,2.624957142507283,2.787095262096364,3.2137050269120837
76.09916950900015,2.85,3.0,3.4,0.11520589299993844,0.14336390800008303,0.12914383700012877,2.624957142507283,2.787095262096364,3.2137050269120837
76.149484261,2.82,3.06,3.45,0.021620455999936894,0.04910133299995323,0.03553077599985954,2.592354142473593,2.8515785102290274,3.266557821315888
76.19965122100007,2.82,3.06,3.45,0.07178741600000649,0.09926829300002282,0.08569773599992914,2.592354142473593,2.8515785102290274,3.266557821315888
76.24997697500021,2.82,3.0500000000000003,3.45,0.12211317000014787,0.005972967000161589,0.13602349000007052,2.592354142473593,2.8408449447303528,3.266557821315888
76.30016350100004,2.83,3.0500000000000003,3.39,0.028419644999985394,0.056159492999995564,0.04242693499986672,2.6032287644385,2.8408449447303528,3.2031234756093934
76.35043009100013,2.83,3.0500000000000003,3.39,0.07868623500007743,0.1064260830000876,0.09269352499995875,2.6032287644385,2.8408449447303528,3.2031234756093934
76.40058328100008,2.83,3.04,3.39,0.12883942500002377,0.012583978000066054,0.1428467149999051,2.6032287644385,2.830106005081788,3.2031234756093934
76.45091180600002,2.84,3.04,3.44,0.0352478689999316,0.06291250300000684,0.04930959399985113,2.614096402200959,2.830106005081788,3.255994471739778
76.50124713500009,2.84,3.04,3.44,0.08558319799999481,0.11324783200007005,0.09964492299991434,2.614096402200959,2.830106005081788,3.255994471739778
76.55135944000017,2.84,3.04,3.52,0.13569550300007904,0.019433424999988347,0.005458739999994577,2.614096402200959,2.830106005081788,3.3404041671630096
76.60149574100001,2.84,3.04,3.52,0.041513730999895415,0.06956972599982691,0.055595040999833145,2.614096402200959,2.830106005081788,3.3404041671630096
76.65181033900012,2.84,3.04,3.52,0.09182832900000903,0.11988432399994053,0.10590963899994676,2.614096402200959,2.830106005081788,3.3404041671630096
76.70210401400004,2.84,3.0,3.45,0.1421220039999298,0.026153193000027386,0.012230072999955155,2.614096402200959,2.787095262096364,3.266557821315888
76.75232048300018,2.84,3.0,3.45,0.04832125400002951,0.07636966200016104,0.06244654200008881,2.614096402200959,2.787095262096364,3.266557821315888
76.80242953300012,2.84,3.0,3.45,0.09843030399997588,0.1264787120001074,0.11255559200003518,2.614096402200959,2.787095262096364,3.266557821315888
76.85275172000001,2.84,3.0,3.5,0.004746622999846295,0.03343522699992718,0.019445360999952754,2.614096402200959,2.787095262096364,3.319322219972023
76.902885449,2.84,3.0,3.5,0.054880351999827326,0.08356895599990821,0.06957908999993379,2.614096402200959,2.787095262096364,3.319322219972023
76.9532224420002,2.84,3.0,3.5,0.10521734500002822,0.1339059490001091,0.11991608300013468,2.614096402200959,2.787095262096364,3.319322219972023
77.00336960100003,2.87,2.99,3.4,0.011325317999990148,0.03946847999986858,0.02571409099982702,2.646658270347723,2.776328510821441,3.2137050269120837
77.05357537200007,2.87,2.99,3.4,0.06153108900002735,0.08967425099990578,0.07591986199986422,2.646658270347723,2.776328510821441,3.2137050269120837
77.10368026600008,2.87,2.99,3.4,0.11163598300004196,0.1397791449999204,0.12602475599987883,2.646658270347723,2.776328510821441,3.2137050269120837
77.15400389000001,2.85,3.0100000000000002,3.46,0.018080398999927638,0.046241415999929814,0.032510502999912205,2.624957142507283,2.797856322258168,3.2771176359721967
77.20414939300008,2.85,3.0100000000000002,3.46,0.06822590199999468,0.09638691899999685,0.08265600599997924,2.624957142507283,2.797856322258168,3.2771176359721967
77.25429144000009,2.85,3.04,3.46,0.11836794900000314,0.002704539999967892,0.1327980529999877,2.624957142507283,2.830106005081788,3.2771176359721967
77.30440550400021,2.86,3.04,3.46,0.024394198000209144,0.05281860400009464,0.03832552600010786,2.63581107061944,2.830106005081788,3.2771176359721967
77.35456505700017,2.86,3.04,3.46,0.07455375100016681,0.1029781570000523,0.08848507900006553,2.63581107061944,2.830106005081788,3.2771176359721967
77.40477608600008,2.86,3.04,3.46,0.12476478000007774,0.009079442000029303,0.13869610799997645,2.63581107061944,2.830106005081788,3.2771176359721967
77.45490624000013,2.82,3.04,3.4,0.031237886000099024,0.05920959600007336,0.044845320999911564,2.592354142473593,2.830106005081788,3.2137050269120837
77.5052248190002,2.82,3.04,3.4,0.0815564650001761,0.10952817500015044,0.09516389999998864,2.592354142473593,2.830106005081788,3.2137050269120837
77.55531326900018,2.82,3.0,3.42,0.13164491500015174,0.01551950900011434,0.0013120950000029552,2.592354142473593,2.787095262096364,3.2348570292982033
77.60564278200013,2.85,3.0,3.42,0.037710082000103284,0.06584902200006582,0.05164160799995443,2.624957142507283,2.787095262096364,3.2348570292982033
77.65594511100016,2.85,3.0,3.42,0.08801241100013613,0.11615135100009866,0.10194393699998727,2.624957142507283,2.787095262096364,3.2348570292982033
77.70612529200002,2.85,3.0500000000000003,3.41,0.13819259199999578,0.022696045999964554,0.008131291999916357,2.624957142507283,2.8408449447303528,3.2242828660029197
77.75627933300007,2.83,3.0500000000000003,3.41,0.044633298000007926,0.07285008700000617,0.05828533299995797,2.6032287644385,2.8408449447303528,3.2242828660029197
77.80640224000012,2.83,3.0500000000000003,3.41,0.09475620500006698,0.12297299400006523,0.10840824000001703,2.6032287644385,2.8408449447303528,3.2242828660029197
77.8564865620001,2.84,3.0100000000000002,3.49,0.0007025560000784026,0.028710342000067612,0.014872777999926257,2.614096402200959,2.797856322258168,3.308776208811953
77.90683477100015,2.84,3.0100000000000002,3.49,0.051050765000127285,0.0790585510001165,0.06522098699997514,2.614096402200959,2.797856322258168,3.308776208811953
77.95692692900002,2.84,3.0100000000000002,3.49,0.10114292299999761,0.12915070899998682,0.11531314499984546,2.614096402200959,2.797856322258168,3.308776208811953
78.00704632500015,2.83,3.04,3.47,0.0072023520001494035,0.03521212100008597,0.021119992999956594,2.6032287644385,2.830106005081788,3.287673949770567
78.05715625100015,2.83,3.04,3.47,0.05731227800015404,0.0853220470000906,0.07122991899996123,2.6032287644385,2.830106005081788,3.287673949770567
78.10729490400013,2.83,3.04,3.47,0.10745093100013037,0.13546070000006694,0.12136857199993756,2.6032287644385,2.830106005081788,3.287673949770567
78.15762952400019,2.84,2.99,3.39,0.014098478000050818,0.04190604100017481,0.027994121000119776,2.614096402200959,2.776328510821441,3.2031234756093934
78.20797222600004,2.84,2.99,3.39,0.0644411799999034,0.09224874300002739,0.07833682299997236,2.614096402200959,2.776328510821441,3.2031234756093934
78.25829716400017,2.84,2.99,3.39,0.11476611800003411,0.1425736810001581,0.12866176100010307,2.614096402200959,2.776328510821441,3.2031234756093934
78.30844163300003,2.83,3.04,3.42,0.02074390999996467,0.048743383999863,0.0347603259999687,2.6032287644385,2.830106005081788,3.2348570292982033
78.3585908240002,2.83,3.04,3.42,0.0708931010001379,0.09889257500003623,0.08490951700014193,2.6032287644385,2.830106005081788,3.2348570292982033
78.40891669000007,2.83,3.04,3.42,0.12121896700000434,0.004978926999910982,0.13523538300000837,2.6032287644385,2.830106005081788,3.2348570292982033
78.45925643600003,2.84,3.04,3.46,0.027454325000007884,0.05531867299987425,0.04168130099992595,2.614096402200959,2.830106005081788,3.2771176359721967
78.50996267900018,2.84,3.04,3.46,0.07816056800015758,0.10602491600002395,0.09238754400007565,2.614096402200959,2.830106005081788,3.2771176359721967
78.56016355700012,2.84,2.98,3.46,0.12836144600009902,0.01225610599999527,0.1425884220000171,2.614096402200959,2.765556001964162,3.2771176359721967
78.61050943500004,2.86,2.98,3.42,0.034733121000044775,0.06260198399991168,0.048881986999958826,2.63581107061944,2.765556001964162,3.2348570292982033
78.66059538900004,2.86,2.98,3.42,0.08481907500004127,0.11268793799990817,0.09896794099995532,2.63581107061944,2.765556001964162,3.2348570292982033
78.71091548900017,2.86,2.98,3.42,0.1351391750001767,0.1630080380000436,0.14928804100009074,2.63581107061944,2.765556001964162,3.2348570292982033
78.76125584600004,2.86,2.98,3.42,0.18547953200004486,0.21334839499991176,0.1996283979999589,2.63581107061944,2.765556001964162,3.2348570292982033
78.81141151300017,2.86,2.98,3.42,0.23563519900017127,0.2635040620000382,0.24978406500008532,2.63581107061944,2.765556001964162,3.2348570292982033
78.86171789900004,2.86,3.04,3.41,0.28594158500004596,0.025862710999945193,0.011983697000005122,2.63581107061944,2.830106005081788,3.2242828660029197
78.91196815400008,2.83,3.04,3.41,0.04830702200001724,0.07611296599998241,0.062233952000042336,2.6032287644385,2.830106005081788,3.2242828660029197
78.96207934200015,2.83,3.04,3.41,0.09841821000009077,0.12622415400005593,0.11234514000011586,2.6032287644385,2.830106005081788,3.2242828660029197
79.01242236600001,2.86,3.02,3.42,0.004713217000016812,0.03258036900001571,0.01862436499982323,2.63581107061944,2.8086117567225273,3.2348570292982033
79.06277946700015,2.86,3.02,3.42,0.05507031800016193,0.08293747000016083,0.06898146599996835,2.63581107061944,2.8086117567225273,3.2348570292982033
79.11312604800014,2.86,3.02,3.42,0.10541689900014717,0.13328405100014606,0.11932804699995359,2.63581107061944,2.8086117567225273,3.2348570292982033
79.16331366900022,2.84,3.0100000000000002,3.3600000000000003,0.011620833000051789,0.03983837000009771,0.025565104000179417,2.614096402200959,2.797856322258168,3.1713561767798963
79.21363155300014,2.84,3.0100000000000002,3.3600000000000003,0.06193871699997544,0.09015625400002136,0.07588298800010307,2.614096402200959,2.797856322258168,3.1713561767798963
79.2638146920001,2.84,3.0100000000000002,3.3600000000000003,0.11212185599993063,0.14033939299997655,0.12606612700005826,2.614096402200959,2.797856322258168,3.1713561767798963
79.31393650900009,2.84,3.04,3.43,0.018288144000052853,0.04647909000004802,0.03220841699999255,2.614096402200959,2.830106005081788,3.245427552727067
79.36426715100015,2.84,3.04,3.43,0.0686187860001155,0.09680973200011067,0.0825390590000552,2.614096402200959,2.830106005081788,3.245427552727067
79.41451105100009,2.84,3.08,3.43,0.11886268600005678,0.0027087910000318516,0.13278295899999648,2.614096402200959,2.8730297596787957,3.245427552727067
79.46480503500015,2.83,3.08,3.45,0.025521174000004976,0.053002775000095426,0.0392265259999931,2.6032287644385,2.8730297596787957,3.266557821315888
79.51492314700022,2.83,3.08,3.45,0.07563928600006875,0.1031208870001592,0.08934463800005688,2.6032287644385,2.8730297596787957,3.266557821315888
79.56525922700007,2.83,2.99,3.45,0.12597536599992054,0.009849563999978272,0.13968071799990867,2.6032287644385,2.776328510821441,3.266557821315888
79.61553614100012,2.83,2.99,3.41,0.03192298299995855,0.06012647800002924,0.045861951999995654,2.6032287644385,2.776328510821441,3.2242828660029197
79.66569663700011,2.83,2.99,3.41,0.08208347899994806,0.11028697400001874,0.09602244799998516,2.6032287644385,2.776328510821441,3.2242828660029197
79.71601398300004,2.83,3.0,3.44,0.13240082499987693,0.01630557599992244,0.002346428000009837,2.6032287644385,2.787095262096364,3.255994471739778
79.76613674700002,2.82,3.0,3.44,0.03838529899985588,0.06642833999990216,0.05246919199998956,2.592354142473593,2.787095262096364,3.255994471739778
79.81625780800005,2.82,3.0,3.44,0.08850635999988299,0.11654940099992928,0.10259025300001667,2.592354142473593,2.787095262096364,3.255994471739778
79.86641010200015,2.82,2.98,3.44,0.13865865399998256,0.02271185500012507,0.00913112600005661,2.592354142473593,2.765556001964162,3.255994471739778
79.9167354860001,2.83,2.98,3.44,0.04489177200002814,0.07303723900008663,0.05945651000001817,2.6032287644385,2.765556001964162,3.255994471739778
79.96687536200011,2.83,2.98,3.44,0.09503164800003105,0.12317711500008954,0.10959638600002108,2.6032287644385,2.765556001964162,3.255994471739778
80.01697837000006,2.83,3.04,3.42,0.0014602920000470476,0.029230470999891622,0.015607571999908032,2.6032287644385,2.830106005081788,3.2348570292982033
80.06715228300004,2.83,3.04,3.42,0.05163420500002758,0.07940438399987215,0.06578148499988856,2.6032287644385,2.830106005081788,3.2348570292982033
80.11728627800017,2.83,3.04,3.42,0.10176820000015141,0.12953837899999598,0.1159154800000124,2.6032287644385,2.830106005081788,3.2348570292982033
80.16762668600018,2.81,3.0300000000000002,3.47,0.007803297999998904,0.03618433700012247,0.022388590999980806,2.5814724480420086,2.8193616298729753,3.287673949770567
80.21776801800002,2.81,3.0300000000000002,3.47,0.05794462999983807,0.08632566899996164,0.07252992299981997,2.5814724480420086,2.8193616298729753,3.287673949770567
80.26810254400016,2.81,3.0300000000000002,3.47,0.1082791559999805,0.13666019500010407,0.1228644489999624,2.5814724480420086,2.8193616298729753,3.287673949770567
80.318260474,2.84,3.0,3.41,0.014466064999851369,0.04299949699998251,0.02906942199979312,2.614096402200959,2.787095262096364,3.2242828660029197
80.36861158400006,2.84,3.0,3.41,0.06481717499991646,0.0933506070000476,0.07942053199985821,2.614096402200959,2.787095262096364,3.2242828660029197
80.41895395300003,2.84,3.0,3.41,0.11515954399988004,0.14369297600001119,0.1297629009998218,2.614096402200959,2.787095262096364,3.2242828660029197
80.4690563160002,2.83,3.0500000000000003,3.47,0.021655351000163137,0.049607620000188035,0.035532241000055365,2.6032287644385,2.8408449447303528,3.287673949770567
80.51939450500004,2.83,3.0500000000000003,3.47,0.07199353999999403,0.09994580900001893,0.08587042999988626,2.6032287644385,2.8408449447303528,3.287673949770567
80.56973103400014,2.83,3.0,3.47,0.12233006900009968,0.006144916000039302,0.1362069589999919,2.6032287644385,2.787095262096364,3.287673949770567
80.61986458800015,2.84,3.0,3.42,0.02843171400013489,0.05627847000005204,0.04233712099994591,2.614096402200959,2.787095262096364,3.2348570292982033
80.6699967840002,2.84,3.0,3.42,0.07856391000018448,0.10641066600010163,0.0924693169999955,2.614096402200959,2.787095262096364,3.2348570292982033
80.72010416100011,2.84,3.1,3.42,0.12867128700008834,0.012737406000042029,0.14257669399989936,2.614096402200959,2.8944602260179706,3.2348570292982033
80.7702345990001,2.85,3.1,3.45,0.03451225499998145,0.06286784400003853,0.048871142000052714,2.624957142507283,2.8944602260179706,3.266557821315888
80.82041827800003,2.85,3.1,3.45,0.08469593399991027,0.11305152299996735,0.09905482099998153,2.624957142507283,2.8944602260179706,3.266557821315888
80.87073807300021,2.85,3.0300000000000002,3.49,0.13501572900008796,0.01926286700017954,0.004986715000086406,2.624957142507283,2.8193616298729753,3.308776208811953
80.92089298100018,2.84,3.0300000000000002,3.49,0.04154585900005259,0.06941777500014723,0.055141623000054096,2.614096402200959,2.8193616298729753,3.308776208811953
80.97103023,2.84,3.0300000000000002,3.49,0.09168310799987012,0.11955502399996476,0.10527887199987163,2.614096402200959,2.8193616298729753,3.308776208811953
81.02115108700013,2.84,2.99,3.48,0.14180396500000825,0.02565945800006375,0.011398546000009446,2.614096402200959,2.776328510821441,3.2982267963255647
81.07131745400011,2.82,2.99,3.48,0.04804886100009753,0.0758258250000381,0.06156491299998379,2.592354142473593,2.776328510821441,3.2982267963255647
81.12166073800017,2.82,2.99,3.48,0.09839214500016169,0.12616910900010225,0.11190819700004795,2.592354142473593,2.776328510821441,3.2982267963255647
81.17199348200006,2.8,3.02,3.48,0.004544678999991447,0.0321946859999116,0.018585250999876735,2.5705835913270745,2.8086117567225273,3.2982267963255647
81.22210094600018,2.8,3.02,3.48,0.05465214300011212,0.08230215000003227,0.0686927149999974,2.5705835913270745,2.8086117567225273,3.2982267963255647
81.27223668900001,2.8,3.02,3.48,0.10478788599994004,0.1324378929998602,0.11882845799982533,2.5705835913270745,2.8086117567225273,3.2982267963255647
81.3225195240002,2.86,3.0500000000000003,3.52,0.010898676000124397,0.03875839600004838,0.025202838000041083,2.63581107061944,2.8408449447303528,3.3404041671630096
81.37267196700009,2.86,3.0500000000000003,3.52,0.06105111900001248,0.08891083899993646,0.07535528099992916,2.63581107061944,2.8408449447303528,3.3404041671630096
81.4228438680002,2.86,3.0500000000000003,3.52,0.11122302000012496,0.13908274000004894,0.12552718200004165,2.63581107061944,2.8408449447303528,3.3404041671630096
81.473140995,2.85,3.02,3.45,0.01756231499985006,0.04556042199988042,0.031810051999855204,2.624957142507283,2.8086117567225273,3.266557821315888
81.52348633500014,2.85,3.02,3.45,0.06790765499999907,0.09590576200002943,0.08215539200000421,2.624957142507283,2.8086117567225273,3.266557821315888
81.57377613000017,2.85,3.02,3.45,0.11819745000002513,0.002045543000122052,0.13244518700003027,2.624957142507283,2.8086117567225273,3.266557821315888
81.62389845500002,2.82,3.02,3.39,0.0245932069999526,0.05216786799996953,0.038242253999897,2.592354142473593,2.8086117567225273,3.2031234756093934
81.6742254300002,2.82,3.02,3.39,0.07492018200014172,0.10249484300015865,0.08856922900008612,2.592354142473593,2.8086117567225273,3.2031234756093934
81.72435986200003,2.82,3.02,3.39,0.1250546139999642,0.15262927499998113,0.1387036609999086,2.592354142473593,2.8086117567225273,3.2031234756093934
81.77451761500015,2.82,3.02,3.39,0.17521236700008558,0.2027870280001025,0.18886141400002998,2.592354142473593,2.8086117567225273,3.2031234756093934
81.8245715600001,2.82,3.02,3.39,0.22526631200003067,0.2528409730000476,0.23891535899997507,2.592354142473593,2.8086117567225273,3.2031234756093934
81.87488333400006,2.82,3.04,3.44,0.2755780859999959,0.015217736000067816,0.0013511749998542655,2.592354142473593,2.830106005081788,3.255994471739778
81.92518899100014,2.83,3.04,3.44,0.03769354700011718,0.06552339300014864,0.05165683199993509,2.6032287644385,2.830106005081788,3.255994471739778
81.97532576400022,2.83,3.04,3.44,0.08783032000019375,0.11566016600022522,0.10179360500001167,2.6032287644385,2.830106005081788,3.255994471739778
82.02546595500007,2.83,3.0100000000000002,3.44,0.13797051100004865,0.022096413999861397,0.00795582699993247,2.6032287644385,2.797856322258168,3.255994471739778
82.07560675000013,2.85,3.0100000000000002,3.44,0.044426138000062565,0.07223720899992259,0.05809662199999366,2.624957142507283,2.797856322258168,3.255994471739778
82.1257186140001,2.85,3.0100000000000002,3.44,0.0945380020000357,0.12234907299989572,0.1082084859999668,2.624957142507283,2.797856322258168,3.255994471739778
82.17584174300009,2.87,3.0300000000000002,3.45,0.0007514639999044448,0.028204173999938575,0.014317772999902445,2.646658270347723,2.8193616298729753,3.266557821315888
82.2259686110001,2.87,3.0300000000000002,3.45,0.0508783319999111,0.07833104199994523,0.0644446409999091,2.646658270347723,2.8193616298729753,3.266557821315888
82.27604798900006,2.87,3.0300000000000002,3.45,0.10095770999987508,0.1284104199999092,0.11452401899987308,2.646658270347723,2.8193616298729753,3.266557821315888
82.32617951400016,2.84,3.0500000000000003,3.44,0.007161009000128615,0.034608950000119876,0.020996413000148095,2.614096402200959,2.8408449447303528,3.255994471739778
82.37650282100003,2.84,3.0500000000000003,3.44,0.057484316000000035,0.0849322569999913,0.07131972000001952,2.614096402200959,2.8408449447303528,3.255994471739778
82.42684088500005,2.84,3.0500000000000003,3.44,0.10782238000001598,0.13527032100000724,0.12165778400003546,2.614096402200959,2.8408449447303528,3.255994471739778
82.47699001500018,2.86,2.99,3.43,0.013608266000119329,0.04176544799997828,0.027854024000134814,2.63581107061944,2.776328510821441,3.245427552727067
82.52710867100018,2.86,2.99,3.43,0.06372692200011443,0.09188410399997338,0.07797268000012991,2.63581107061944,2.776328510821441,3.245427552727067
82.5772220670001,2.86,2.99,3.43,0.11384031800002958,0.14199749999988853,0.12808607600004507,2.63581107061944,2.776328510821441,3.245427552727067
82.62759477400004,2.8,3.04,3.39,0.020507408999947074,0.04849788100000296,0.034477622999929736,2.5705835913270745,2.830106005081788,3.2031234756093934
82.67793330800009,2.8,3.04,3.39,0.0708459429999948,0.09883641500005069,0.08481615699997747,2.5705835913270745,2.830106005081788,3.2031234756093934
82.7280498030002,2.8,2.97,3.39,0.12096243800010598,0.00478962500005764,0.13493265200008864,2.5705835913270745,2.7547776679797593,3.2031234756093934
82.77819503400019,2.83,2.97,3.43,0.026899640999999974,0.05493485600004533,0.04099136400009229,2.6032287644385,2.7547776679797593,3.245427552727067
82.82835541900022,2.83,2.97,3.43,0.07706002600002648,0.10509524100007184,0.0911517490001188,2.6032287644385,2.7547776679797593,3.245427552727067
82.87846583100009,2.83,3.1500000000000004,3.43,0.1271704379998937,0.011303083000029801,0.141262160999986,2.6032287644385,2.9479484391691795,3.245427552727067
82.92878355300013,2.83,3.1500000000000004,3.4,0.03346442600013688,0.06162080500007505,0.04742964799993388,2.6032287644385,2.9479484391691795,3.2137050269120837
82.978929161,2.83,3.1500000000000004,3.4,0.083610034000003,0.11176641299994117,0.09757525599979999,2.6032287644385,2.9479484391691795,3.2137050269120837
83.02927531400019,2.83,3.0,3.44,0.1339561870001944,0.017874097999992955,0.004067553000140833,2.6032287644385,2.787095262096364,3.255994471739778
83.07966316300008,2.83,3.0,3.44,0.040385757999956695,0.06826194699988264,0.05445540200003052,2.6032287644385,2.787095262096364,3.255994471739778
83.12983367000015,2.83,3.0,3.44,0.090556265000032,0.11843245399995794,0.10462590900010582,2.6032287644385,2.787095262096364,3.255994471739778
83.17996297000013,2.83,3.04,3.45,0.1406855650000125,0.024832335999917632,0.010625973000060185,2.6032287644385,2.830106005081788,3.266557821315888
83.23011293200011,2.91,3.04,3.45,0.046767942000087714,0.07498229799989531,0.06077593500003786,2.6899814125751877,2.830106005081788,3.266557821315888
83.28021834800006,2.91,3.04,3.45,0.09687335800003893,0.12508771399984653,0.11088135099998908,2.6899814125751877,2.830106005081788,3.266557821315888
83.3305068210002,2.83,2.98,3.47,0.002982925000196701,0.03115463200015256,0.017179839000164066,2.6032287644385,2.765556001964162,3.287673949770567
83.38083366400019,2.83,2.98,3.47,0.05330976800019016,0.08148147500014602,0.06750668200015753,2.6032287644385,2.765556001964162,3.287673949770567
83.43112249900014,2.83,2.98,3.47,0.10359860300013679,0.13177031000009265,0.11779551700010416,2.6032287644385,2.765556001964162,3.287673949770567
83.48124267700018,2.84,2.97,3.44,0.01007548500001576,0.03774068500001704,0.02395875800016256,2.614096402200959,2.7547776679797593,3.255994471739778
83.53142504700008,2.84,2.97,3.44,0.06025785499991798,0.08792305499991926,0.07414112800006478,2.614096402200959,2.7547776679797593,3.255994471739778
83.581771355,2.84,2.97,3.44,0.11060416299983444,0.13826936299983572,0.12448743599998124,2.614096402200959,2.7547776679797593,3.255994471739778
83.63211754500003,2.83,3.06,3.3800000000000003,0.016592287999856126,0.045035003999828405,0.030908549999821844,2.6032287644385,2.8515785102290274,3.1925381751828747
83.68243396900016,2.83,3.06,3.3800000000000003,0.06690871199998583,0.0953514279999581,0.08122497399995154,2.6032287644385,2.8515785102290274,3.1925381751828747
83.732762504,2.83,3.0100000000000002,3.3800000000000003,0.11723724699982085,0.001443870999992214,0.13155350899978657,2.6032287644385,2.797856322258168,3.1925381751828747
83.78310196500001,2.77,3.0100000000000002,3.41,0.02367385100001229,0.051783332000013615,0.0378317329998481,2.53787312527636,2.797856322258168,3.2242828660029197
83.83345587400004,2.77,3.0100000000000002,3.41,0.07402776000003541,0.10213724100003674,0.08818564199987122,2.53787312527636,2.797856322258168,3.2242828660029197
83.88361052200003,2.77,3.0300000000000002,3.41,0.12418240800002422,0.008301471999857313,0.13834028999986003,2.53787312527636,2.8193616298729753,3.2242828660029197
83.93394026800001,2.83,3.0300000000000002,3.42,0.030506873999911477,0.05863121799984583,0.044830979999915144,2.6032287644385,2.8193616298729753,3.2348570292982033
83.98427017500012,2.83,3.0300000000000002,3.42,0.08083678100001634,0.1089611249999507,0.09516088700002001,2.6032287644385,2.8193616298729753,3.2348570292982033
84.03443878200005,2.83,3.0,3.45,0.13100538799994865,0.015508659000033731,0.0011455609999302396,2.6032287644385,2.787095262096364,3.266557821315888
84.084741549,2.85,3.0,3.45,0.037553087999867785,0.06581142599998202,0.05144832799987853,2.624957142507283,2.787095262096364,3.266557821315888
84.134854701,2.85,3.0,3.45,0.08766623999986223,0.11592457799997646,0.10156147999987297,2.624957142507283,2.787095262096364,3.266557821315888
84.18511587100011,2.85,2.97,3.45,0.13792740999997477,0.02232947500010596,0.15182264999998552,2.624957142507283,2.7547776679797593,3.266557821315888
84.23523118700018,2.82,2.97,3.45,0.04411700900004689,0.07244479100017998,0.20193796600005953,2.592354142473593,2.7547776679797593,3.266557821315888
84.28534623900009,2.82,2.97,3.45,0.09423206099995696,0.12255984300009004,0.2520530179999696,2.592354142473593,2.7547776679797593,3.266557821315888
84.33557199700022,2.84,3.04,3.45,0.00045520400021814567,0.028332304000059594,0.3022787760000938,2.614096402200959,2.830106005081788,3.266557821315888
84.38588578400004,2.84,3.04,3.45,0.05076899100004084,0.07864609099988229,0.3525925629999165,2.614096402200959,2.830106005081788,3.266557821315888
84.43617994500005,2.84,3.04,3.45,0.10106315200005156,0.128940251999893,0.4028867239999272,2.614096402200959,2.830106005081788,3.266557821315888
84.48647721600014,2.83,3.02,3.45,0.007160511999927621,0.0352025950001007,0.021263017000137552,2.6032287644385,2.8086117567225273,3.266557821315888
84.53681747700011,2.83,3.02,3.45,0.05750077299990153,0.08554285600007461,0.07160327800011146,2.6032287644385,2.8086117567225273,3.266557821315888
84.58711349400005,2.83,3.02,3.45,0.10779678999983844,0.13583887300001152,0.12189929500004837,2.6032287644385,2.8086117567225273,3.266557821315888
84.63725859300007,2.83,3.0700000000000003,3.49,0.013865126999917265,0.0420564099999865,0.02812946499989266,2.6032287644385,2.862306762036522,3.308776208811953
84.68746865000003,2.83,3.0700000000000003,3.49,0.06407518399987566,0.0922664669999449,0.07833952199985106,2.6032287644385,2.862306762036522,3.308776208811953
84.73781607900014,2.83,3.0700000000000003,3.49,0.1144226129999879,0.14261389600005714,0.1286869509999633,2.6032287644385,2.862306762036522,3.308776208811953
84.78814812200017,2.83,3.0700000000000003,3.49,0.1647546560000137,0.19294593900008294,0.1790189939999891,2.6032287644385,2.862306762036522,3.308776208811953
84.83847597800013,2.83,3.0700000000000003,3.49,0.21508251199998085,0.24327379500005009,0.22934684999995625,2.6032287644385,2.862306762036522,3.308776208811953
84.88861078100012,2.83,3.04,3.49,0.2652173149999726,0.005189517999951931,0.279481652999948,2.6032287644385,2.830106005081788,3.308776208811953
84.93893365300005,2.83,3.04,3.47,0.027898113999981433,0.05551238999987618,0.04189667299988287,2.6032287644385,2.830106005081788,3.287673949770567
84.98928154000009,2.83,3.04,3.47,0.07824600100002499,0.10586027699991973,0.09224455999992642,2.6032287644385,2.830106005081788,3.287673949770567
85.03945471800012,2.83,3.0700000000000003,3.47,0.12841917900004773,0.012055382999960784,0.14241773799994917,2.6032287644385,2.862306762036522,3.287673949770567
85.089793246,2.86,3.0700000000000003,3.44,0.034575729999914984,0.06239391099984459,0.04887829199992666,2.63581107061944,2.862306762036522,3.255994471739778
85.13991402900001,2.86,3.0700000000000003,3.44,0.0846965129999262,0.11251469399985581,0.09899907499993787,2.63581107061944,2.862306762036522,3.255994471739778
85.1902349940001,2.86,3.08,3.44,0.13501747800000885,0.01890248499989866,0.0052390749999631225,2.63581107061944,2.8730297596787957,3.255994471739778
85.2406059540001,2.84,3.08,3.44,0.04163142700008393,0.06927344499990795,0.05561003499997241,2.614096402200959,2.8730297596787957,3.255994471739778
85.2907717290002,2.84,3.08,3.44,0.09179720200017982,0.11943922000000384,0.1057758100000683,2.614096402200959,2.8730297596787957,3.255994471739778
85.34091594000006,2.84,3.1500000000000004,3.5,0.14194141300004048,0.02558725299991238,0.011915452000039295,2.614096402200959,2.9479484391691795,3.319322219972023
85.3910365170002,2.86,3.1500000000000004,3.5,0.04794354000000567,0.07570783000005576,0.06203602900018268,2.63581107061944,2.9479484391691795,3.319322219972023
85.44136981800011,2.86,3.1500000000000004,3.5,0.0982768409999153,0.1260411309999654,0.1123693300000923,2.63581107061944,2.9479484391691795,3.319322219972023
85.49166782200018,2.87,3.02,3.45,0.004527697000185071,0.0326270560001376,0.018411263000189138,2.646658270347723,2.8086117567225273,3.266557821315888
85.54200936800021,2.87,3.02,3.45,0.05486924300021201,0.08296860200016454,0.06875280900021608,2.646658270347723,2.8086117567225273,3.266557821315888
85.59234692400014,2.87,3.02,3.45,0.10520679900014329,0.13330615800009582,0.11909036500014736,2.646658270347723,2.8086117567225273,3.266557821315888
85.64246904800007,2.84,2.98,3.45,0.0113650079999843,0.03944510199994511,0.02541728400001375,2.614096402200959,2.765556001964162,3.266557821315888
85.69280362900008,2.84,2.98,3.45,0.06169958899999983,0.08977968299996064,0.07575186500002928,2.614096402200959,2.765556001964162,3.266557821315888
85.74310323100008,2.84,2.98,3.45,0.11199919099999534,0.14007928499995614,0.12605146700002479,2.614096402200959,2.765556001964162,3.266557821315888
85.79322707900019,2.88,3.1300000000000003,3.43,0.018245002000185195,0.04600606200006041,0.03214573400009613,2.6574988240825244,2.9265679558144555,3.245427552727067
85.843537212,2.88,3.1300000000000003,3.43,0.06855513499999688,0.0963161949998721,0.08245586699990781,2.6574988240825244,2.9265679558144555,3.245427552727067
85.89386677200014,2.88,3.0700000000000003,3.43,0.11888469500013343,0.002650139000024865,0.13278542700004436,2.6574988240825244,2.862306762036522,3.245427552727067
85.94420929600005,2.88,3.0700000000000003,3.45,0.025117541999861714,0.052992662999940876,0.03923510200002056,2.6574988240825244,2.862306762036522,3.266557821315888
85.994604923,2.88,3.0700000000000003,3.45,0.0755131689998052,0.10338828999988436,0.08963072899996405,2.6574988240825244,2.862306762036522,3.266557821315888
86.04473384400012,2.88,3.04,3.45,0.12564208999992843,0.009567467000124452,0.13975965000008728,2.6574988240825244,2.830106005081788,3.266557821315888
86.09496743700015,2.85,3.04,3.44,0.03159924700003103,0.059801060000154393,0.04588389300010931,2.624957142507283,2.830106005081788,3.255994471739778
86.14506026500021,2.85,3.04,3.44,0.08169207500009179,0.10989388800021516,0.09597672100017007,2.624957142507283,2.830106005081788,3.255994471739778
86.19523134700012,2.85,3.0700000000000003,3.43,0.13186315699999795,0.01616998200006492,0.0021755909999683354,2.624957142507283,2.862306762036522,3.245427552727067
86.24533173600003,2.83,3.0700000000000003,3.43,0.03829202999986592,0.06627037099997324,0.052275979999876654,2.6032287644385,2.862306762036522,3.245427552727067
86.29550052400009,2.83,3.0700000000000003,3.43,0.08846081799993044,0.11643915900003776,0.10244476799994118,2.6032287644385,2.862306762036522,3.245427552727067
86.345850079,2.83,3.0100000000000002,3.47,0.138810372999842,0.022986846999856425,0.008779241999945953,2.6032287644385,2.797856322258168,3.287673949770567
86.3960049750001,2.84,3.0100000000000002,3.47,0.04489232900004936,0.07314174299995102,0.05893413800004055,2.614096402200959,2.797856322258168,3.287673949770567
86.44633691500007,2.84,3.0100000000000002,3.47,0.09522426900002756,0.12347368299992922,0.10926607800001875,2.614096402200959,2.797856322258168,3.287673949770567
86.49642893400005,2.8,3.02,3.45,0.0011489449998407508,0.029610582000032082,0.015676389999953244,2.5705835913270745,2.8086117567225273,3.266557821315888
86.54676449900012,2.8,3.02,3.45,0.05148450999990928,0.07994614700010061,0.06601195500002177,2.5705835913270745,2.8086117567225273,3.266557821315888
86.59685477100015,2.8,3.02,3.45,0.1015747819999433,0.13003641900013463,0.11610222700005579,2.5705835913270745,2.8086117567225273,3.266557821315888
86.6470232600002,2.83,3.12,3.48,0.008245700000088618,0.035956287000090015,0.022282707000158553,2.6032287644385,2.915870367488925,3.2982267963255647
86.69735995100018,2.83,3.12,3.48,0.058582391000072676,0.08629297800007407,0.07261939800014261,2.6032287644385,2.915870367488925,3.2982267963255647
86.74750938300008,2.83,3.12,3.48,0.10873182299997097,0.13644240999997237,0.12276883000004091,2.6032287644385,2.915870367488925,3.2982267963255647
86.79760261000001,2.83,3.02,3.45,0.15882504999990488,0.04282313599992449,0.02828779899982692,2.6032287644385,2.8086117567225273,3.266557821315888
86.84781917100008,2.83,3.02,3.45,0.2090416109999751,0.0930396969999947,0.07850435999989713,2.6032287644385,2.8086117567225273,3.266557821315888
86.89817408600015,2.83,3.02,3.45,0.2593965260000459,0.14339461200006554,0.12885927499996797,2.6032287644385,2.8086117567225273,3.266557821315888
86.94830235900008,2.83,3.02,3.45,0.3095247989999734,0.19352288499999304,0.17898754799989547,2.6032287644385,2.8086117567225273,3.266557821315888
86.99844307400008,2.83,3.02,3.45,0.35966551399997115,0.24366359999999077,0.2291282629998932,2.6032287644385,2.8086117567225273,3.266557821315888
87.04857325900002,2.83,3.0100000000000002,3.45,0.40979569899991475,0.005883332999928825,0.2792584479998368,2.6032287644385,2.797856322258168,3.266557821315888
87.0988964820001,2.85,3.0100000000000002,3.47,0.02775434399995902,0.05620655600000646,0.04182123800001136,2.624957142507283,2.797856322258168,3.287673949770567
87.14924327100016,2.85,3.0100000000000002,3.47,0.07810113300001831,0.10655334500006575,0.09216802700007065,2.624957142507283,2.797856322258168,3.287673949770567
87.19961131000014,2.85,3.02,3.47,0.12846917199999552,0.012596160999919448,0.14253606600004787,2.624957142507283,2.8086117567225273,3.287673949770567
87.2497229820001,2.81,3.02,3.39,0.034868693999897005,0.0627078329998767,0.04868657799988796,2.5814724480420086,2.8086117567225273,3.2031234756093934
87.30005222700015,2.81,3.02,3.39,0.0851979389999542,0.1130370779999339,0.09901582299994516,2.5814724480420086,2.8086117567225273,3.2031234756093934
87.35019875700004,2.81,3.0100000000000002,3.48,0.13534446899984687,0.01928044399983264,0.004994089999854623,2.5814724480420086,2.797856322258168,3.2982267963255647
87.40030931700016,2.81,3.0100000000000002,3.48,0.041493094000088604,0.06939100399995368,0.05510464999997566,2.5814724480420086,2.797856322258168,3.2982267963255647
87.45064599300008,2.81,3.0100000000000002,3.48,0.09182977000000392,0.119727679999869,0.10544132599989098,2.5814724480420086,2.797856322258168,3.2982267963255647
87.500833306,2.81,3.12,3.41,0.14201708299992788,0.025840198999958375,0.011660262999839688,2.5814724480420086,2.915870367488925,3.2242828660029197
87.55117502300004,2.82,3.12,3.41,0.04808698099986941,0.07618191599999591,0.06200197999987722,2.592354142473593,2.915870367488925,3.2242828660029197
87.60150277800017,2.82,3.12,3.41,0.09841473599999517,0.12650967100012167,0.11232973500000298,2.592354142473593,2.915870367488925,3.2242828660029197
87.65161127600004,2.83,3.02,3.45,0.004519770999877437,0.03271178799991503,0.01866822600004525,2.6032287644385,2.8086117567225273,3.266557821315888
87.70175647000019,2.83,3.02,3.45,0.05466496500002904,0.08285698200006664,0.06881342000019686,2.6032287644385,2.8086117567225273,3.266557821315888
87.75207340200018,2.83,3.02,3.45,0.10498189700001603,0.13317391400005363,0.11913035200018385,2.6032287644385,2.8086117567225273,3.266557821315888
87.80220247200009,2.83,3.02,3.45,0.15511096699992777,0.18330298399996536,0.16925942200009558,2.6032287644385,2.8086117567225273,3.266557821315888
87.8523534100002,2.83,3.02,3.45,0.20526190500004304,0.23345392200008064,0.21941036000021086,2.6032287644385,2.8086117567225273,3.266557821315888
87.90267891900021,2.83,3.02,3.45,0.2555874140000469,0.2837794310000845,0.26973586900021473,2.6032287644385,2.8086117567225273,3.266557821315888
87.95282012400003,2.82,3.0700000000000003,3.45,0.017809067999905892,0.045639376999815795,0.03201021799986847,2.592354142473593,2.862306762036522,3.266557821315888
88.00295650200019,2.82,3.0700000000000003,3.45,0.06794544600006702,0.09577575499997693,0.0821465960000296,2.592354142473593,2.862306762036522,3.266557821315888
88.05330317300013,2.82,3.06,3.45,0.11829211700000997,0.0021541670000715385,0.13249326699997255,2.592354142473593,2.8515785102290274,3.266557821315888
88.103641445,2.83,3.06,3.45,0.02480487599996195,0.052492438999934166,0.18283153899983517,2.6032287644385,2.8515785102290274,3.266557821315888
88.15379424600019,2.83,3.06,3.45,0.07495767700015676,0.10264524000012898,0.23298434000003,2.6032287644385,2.8515785102290274,3.266557821315888
88.20411928400017,2.83,3.0500000000000003,3.45,0.12528271500013943,0.009142451000116125,0.28330937800001266,2.6032287644385,2.8408449447303528,3.266557821315888
88.25457487800008,2.83,3.0500000000000003,3.45,0.03157901800000218,0.05959804500002974,0.3337649719999263,2.6032287644385,2.8408449447303528,3.266557821315888
88.30490900100017,2.83,3.0500000000000003,3.45,0.0819131410000864,0.10993216800011396,0.3840990950000105,2.6032287644385,2.8408449447303528,3.266557821315888
88.35523329000011,2.83,3.06,3.45,0.13223743000003196,0.016151678999904107,0.0021815269999478915,2.6032287644385,2.8515785102290274,3.266557821315888
88.4055970070001,2.82,3.06,3.45,0.03863495099994907,0.0665153959998861,0.05254524399992988,2.592354142473593,2.8515785102290274,3.266557821315888
88.45589004000021,2.82,3.06,3.45,0.08892798400006541,0.11680842900000243,0.10283827700004622,2.592354142473593,2.8515785102290274,3.266557821315888
88.50603401600006,2.82,3.0100000000000002,3.39,0.13907195999991018,0.02294242699986171,0.00903300599998147,2.592354142473593,2.797856322258168,3.2031234756093934
88.55617042200015,2.86,3.0100000000000002,3.39,0.0455723540001145,0.0730788329999541,0.05916941200007386,2.63581107061944,2.797856322258168,3.2031234756093934
88.60651536600017,2.86,3.0100000000000002,3.39,0.09591729800013127,0.12342377699997087,0.10951435600009063,2.63581107061944,2.797856322258168,3.2031234756093934
88.65677182000013,2.78,3.08,3.39,0.001845664000029501,0.02982997300000534,0.01608146300009139,2.5487840238042923,2.8730297596787957,3.2031234756093934
88.70687990300007,2.78,3.08,3.39,0.05195374699997046,0.0799380559999463,0.06618954600003235,2.5487840238042923,2.8730297596787957,3.2031234756093934
88.75697488700007,2.78,3.08,3.39,0.10204873099996803,0.13003303999994387,0.11628453000002992,2.5487840238042923,2.8730297596787957,3.2031234756093934
88.80711512700009,2.86,3.0,3.41,0.008427544999904057,0.03608344000008401,0.02219697600003201,2.63581107061944,2.787095262096364,3.2242828660029197
88.85743737000007,2.86,3.0,3.41,0.058749787999886394,0.08640568300006635,0.07251921900001435,2.63581107061944,2.787095262096364,3.2242828660029197
88.90776520900022,2.86,3.0,3.41,0.10907762700003332,0.13673352200021327,0.12284705800016127,2.63581107061944,2.787095262096364,3.2242828660029197
88.95811227700005,2.85,3.0500000000000003,3.44,0.015577794999899197,0.04329733199983821,0.029211043000032078,2.624957142507283,2.8408449447303528,3.255994471739778
89.008228981,2.85,3.0500000000000003,3.44,0.06569449899984647,0.09341403599978548,0.07932774699997935,2.624957142507283,2.8408449447303528,3.255994471739778
89.05859051300013,2.85,3.0500000000000003,3.44,0.11605603099997097,0.14377556799990998,0.12968927900010385,2.624957142507283,2.8408449447303528,3.255994471739778
89.10878547800007,2.8,3.0300000000000002,3.45,0.022015386000020953,0.049690374999954656,0.03587353800003257,2.5705835913270745,2.8193616298729753,3.266557821315888
89.15907397700016,2.8,3.0300000000000002,3.45,0.07230388500011031,0.09997887400004402,0.08616203700012193,2.5705835913270745,2.8193616298729753,3.266557821315888
89.2093648980001,2.8,2.97,3.45,0.1225948060000519,0.006731596999998146,0.13645295800006352,2.5705835913270745,2.7547776679797593,3.266557821315888
89.25966026200012,2.86,2.97,3.43,0.02884713200000988,0.05702696100001958,0.04309038600013082,2.63581107061944,2.7547776679797593,3.245427552727067
89.30978014300013,2.86,2.97,3.43,0.07896701300001041,0.10714684200002011,0.09321026700013135,2.63581107061944,2.7547776679797593,3.245427552727067
89.36006629300005,2.86,3.02,3.43,0.12925316299993028,0.01313622999987274,0.14349641700005122,2.63581107061944,2.8086117567225273,3.245427552727067
89.41021156700003,2.85,3.02,3.44,0.03513038500000221,0.06328150399986043,0.049250626999992164,2.624957142507283,2.8086117567225273,3.255994471739778
89.46035086400002,2.85,3.02,3.44,0.08526968199998919,0.11342080099984742,0.09938992399997915,2.624957142507283,2.8086117567225273,3.255994471739778
89.51068417200008,2.85,2.97,3.45,0.13560299000005216,0.019822839999960706,0.005869037999900684,2.624957142507283,2.7547776679797593,3.266557821315888
89.56084572600003,2.8,2.97,3.45,0.042058660999828135,0.06998439399990275,0.05603059199984273,2.5705835913270745,2.7547776679797593,3.266557821315888
89.61097751500006,2.8,2.97,3.45,0.09219044999986181,0.12011618299993643,0.1061623809998764,2.5705835913270745,2.7547776679797593,3.266557821315888
89.66136711500008,2.8,3.0,3.48,0.1425800499998786,0.026533516999961648,0.012552560999893103,2.5705835913270745,2.787095262096364,3.2982267963255647
89.71150973500016,2.88,3.0,3.48,0.04867371000000276,0.0766761370000495,0.06269518099998095,2.6574988240825244,2.787095262096364,3.2982267963255647
89.7618449900001,2.88,3.0,3.48,0.09900896499993905,0.1270113919999858,0.11303043599991724,2.6574988240825244,2.787095262096364,3.2982267963255647
89.81198300599999,2.87,2.98,3.41,0.0053155109999352135,0.03017466999995122,0.0197732649999125,2.646658270347723,2.765556001964162,3.2242828660029197
89.86227535700004,2.87,2.98,3.41,0.05560786199998802,0.08046702100000402,0.0700656159999653,2.646658270347723,2.765556001964162,3.2242828660029197
89.91262758400012,2.87,2.98,3.41,0.10596008900006382,0.13081924800007982,0.1204178430000411,2.646658270347723,2.765556001964162,3.2242828660029197
89.9629527630002,2.83,2.99,3.48,0.011997460000202409,0.040491053000096144,0.025907735000146204,2.6032287644385,2.776328510821441,3.2982267963255647
90.01327994900021,2.83,2.99,3.48,0.062324646000206485,0.09081823900010022,0.07623492100015028,2.6032287644385,2.776328510821441,3.2982267963255647
90.06340900600003,2.83,2.99,3.48,0.11245370300002833,0.14094729599992206,0.12636397799997212,2.6032287644385,2.776328510821441,3.2982267963255647
90.11351282600003,2.84,3.04,3.48,0.018575632999954905,0.04698039799995968,0.03250325199996951,2.614096402200959,2.830106005081788,3.2982267963255647
90.16381490000003,2.84,3.04,3.48,0.06887770699995599,0.09728247199996076,0.08280532599997059,2.614096402200959,2.830106005081788,3.2982267963255647
90.21414633000018,2.84,3.0100000000000002,3.48,0.11920913700009805,0.003375153999968461,0.13313675600011265,2.614096402200959,2.797856322258168,3.2982267963255647
90.26426647200014,2.83,3.0100000000000002,3.39,0.025321259000065766,0.0534952959999373,0.03941396300001543,2.6032287644385,2.797856322258168,3.2031234756093934
90.31462303800004,2.83,3.0100000000000002,3.39,0.07567782499995701,0.10385186199982854,0.08977052899990667,2.6032287644385,2.797856322258168,3.2031234756093934
90.36480423300009,2.83,2.98,3.39,0.12585902000000715,0.010056050999992294,0.1399517239999568,2.6032287644385,2.765556001964162,3.2031234756093934
90.415040267,2.87,2.98,3.46,0.03210574899981111,0.06029208499990091,0.04607381399978294,2.646658270347723,2.765556001964162,3.2771176359721967
90.46516763600016,2.87,2.98,3.46,0.08223311799997646,0.11041945400006625,0.09620118299994829,2.646658270347723,2.765556001964162,3.2771176359721967
90.51550399800021,2.87,3.0,3.44,0.13256948000002922,0.016779899000084697,0.0028123840002081124,2.646658270347723,2.787095262096364,3.255994471739778
90.56592938300014,2.85,3.0,3.44,0.03907151199996406,0.06720528400001058,0.053237769000133994,2.624957142507283,2.787095262096364,3.255994471739778
90.61626406900018,2.85,3.0,3.44,0.08940619800000604,0.11753997000005256,0.10357245500017598,2.624957142507283,2.787095262096364,3.255994471739778
90.6664030410002,2.85,3.0500000000000003,3.41,0.13954517000001943,0.023601168000141115,0.009607408000192663,2.624957142507283,2.8408449447303528,3.2242828660029197
90.71659543200008,2.82,3.0500000000000003,3.41,0.04573995900000227,0.07379355900002338,0.05979979900007493,2.592354142473593,2.8408449447303528,3.2242828660029197
90.76678304500001,2.82,3.0500000000000003,3.41,0.09592757199993684,0.12398117199995795,0.1099874120000095,2.592354142473593,2.8408449447303528,3.2242828660029197
90.81712510500006,2.82,3.0500000000000003,3.41,0.146269631999985,0.1743232320000061,0.16032947200005765,2.592354142473593,2.8408449447303528,3.2242828660029197
90.86746031100006,2.82,3.0500000000000003,3.41,0.19660483799998474,0.22465843800000584,0.2106646780000574,2.592354142473593,2.8408449447303528,3.2242828660029197
90.917777935,2.82,3.0500000000000003,3.41,0.2469224619999295,0.2749760619999506,0.26098230200000216,2.592354142473593,2.8408449447303528,3.2242828660029197
90.96810393700002,2.81,3.06,3.41,0.009287782000001243,0.03742870799987941,0.02345990300000267,2.5814724480420086,2.8515785102290274,3.2242828660029197
91.01823673800004,2.81,3.06,3.41,0.05942058300001918,0.08756150899989734,0.0735927040000206,2.5814724480420086,2.8515785102290274,3.2242828660029197
91.06833648200018,2.81,3.06,3.41,0.1095203270001548,0.13766125300003296,0.12369244800015622,2.5814724480420086,2.8515785102290274,3.2242828660029197
91.11849074700012,2.84,2.97,3.49,0.015708379999978206,0.04389949799997339,0.02964465300010488,2.614096402200959,2.7547776679797593,3.308776208811953
91.16862069400008,2.84,2.97,3.49,0.06583832699993764,0.09402944499993282,0.07977460000006431,2.614096402200959,2.7547776679797593,3.308776208811953
91.21871095300003,2.84,3.02,3.49,0.11592858599988176,0.00011935599991375057,0.12986485900000844,2.614096402200959,2.8086117567225273,3.308776208811953
91.26904437100006,2.85,3.02,3.4,0.022527500000023792,0.050452773999950296,0.03641202899984819,2.624957142507283,2.8086117567225273,3.2137050269120837
91.31933428800016,2.85,3.02,3.4,0.0728174170001239,0.1007426910000504,0.0867019459999483,2.624957142507283,2.8086117567225273,3.2137050269120837
91.36946257700015,2.85,2.97,3.4,0.12294570600010957,0.006734757999993235,0.13683023499993396,2.624957142507283,2.7547776679797593,3.2137050269120837
91.41977392500007,2.85,2.97,3.49,0.029046755000081248,0.05704610599991611,0.0431966989999637,2.624957142507283,2.7547776679797593,3.308776208811953
91.47010311900021,2.85,2.97,3.49,0.07937594900022305,0.1073753000000579,0.0935258930001055,2.624957142507283,2.7547776679797593,3.308776208811953
91.52024833400014,2.85,3.04,3.49,0.12952116400015257,0.013731398000118133,0.14367110800003502,2.624957142507283,2.830106005081788,3.308776208811953
91.57039449400008,2.85,3.04,3.49,0.17966732400009278,0.06387755800005834,0.19381726799997523,2.624957142507283,2.830106005081788,3.308776208811953
91.62052538400008,2.85,3.04,3.49,0.22979821400008404,0.11400844800004961,0.2439481579999665,2.624957142507283,2.830106005081788,3.308776208811953
91.67080256100007,2.85,3.04,3.49,0.28007539100008216,0.16428562500004773,0.2942253349999646,2.624957142507283,2.830106005081788,3.308776208811953
91.72095791800007,2.85,3.04,3.49,0.33023074800007635,0.2144409820000419,0.3443806919999588,2.624957142507283,2.830106005081788,3.308776208811953
91.771092813,2.85,3.04,3.49,0.38036564300000464,0.2645758769999702,0.3945155869998871,2.624957142507283,2.830106005081788,3.308776208811953
91.821180916,2.85,3.04,3.4,0.43045374600001196,0.02666032100000848,0.013029066999934003,2.624957142507283,2.830106005081788,3.2137050269120837
91.87146640100013,2.83,3.04,3.4,0.04940680400000019,0.07694580600013978,0.0633145520000653,2.6032287644385,2.830106005081788,3.2137050269120837
91.92166053700021,2.83,3.04,3.4,0.09960094000007302,0.1271399420002126,0.11350868800013814,2.6032287644385,2.830106005081788,3.2137050269120837
91.971809785,2.84,3.08,3.46,0.005444550999982312,0.033326529999840204,0.019534435999958077,2.614096402200959,2.8730297596787957,3.2771176359721967
92.02194619900001,2.84,3.08,3.46,0.0555809649999901,0.083462943999848,0.06967084999996587,2.614096402200959,2.8730297596787957,3.2771176359721967
92.0722874500002,2.84,3.08,3.46,0.10592221600018092,0.13380419500003882,0.12001210100015669,2.614096402200959,2.8730297596787957,3.2771176359721967
92.12240177100011,2.88,3.0500000000000003,3.43,0.012139668999907371,0.03981104700005744,0.025864851000051203,2.6574988240825244,2.8408449447303528,3.245427552727067
92.17274462099999,2.88,3.0500000000000003,3.43,0.06248251899978641,0.09015389699993648,0.07620770099993024,2.6574988240825244,2.8408449447303528,3.245427552727067
92.22289072900003,2.88,3.0500000000000003,3.43,0.11262862699982179,0.14030000499997186,0.12635380899996562,2.6574988240825244,2.8408449447303528,3.245427552727067
92.27321741500009,2.86,2.99,3.49,0.01864698800000042,0.046489208999901166,0.03284809399997357,2.63581107061944,2.776328510821441,3.308776208811953
92.32334143900016,2.86,2.99,3.49,0.06877101200007019,0.09661323299997093,0.08297211800004334,2.63581107061944,2.776328510821441,3.308776208811953
92.3734783010002,2.86,3.0300000000000002,3.49,0.11890787400011504,0.0027849070002048393,0.1331089800000882,2.63581107061944,2.8193616298729753,3.308776208811953
92.42381076200013,2.82,3.0300000000000002,3.43,0.025310981000075117,0.05311736800013023,0.03919950699992114,2.592354142473593,2.8193616298729753,3.245427552727067
92.47393647400008,2.82,3.0300000000000002,3.43,0.07543669300002875,0.10324308000008386,0.08932521899987478,2.592354142473593,2.8193616298729753,3.245427552727067
92.52417663700021,2.82,2.99,3.43,0.12567685600015466,0.009822070000154781,0.13956538200000068,2.592354142473593,2.776328510821441,3.245427552727067
92.57451168300008,2.87,2.99,3.49,0.03166070399993259,0.0601571160000276,0.04605277299992849,2.646658270347723,2.776328510821441,3.308776208811953
92.62480579700014,2.87,2.99,3.49,0.08195481799998561,0.11045123000008061,0.09634688699998151,2.646658270347723,2.776328510821441,3.308776208811953
92.67494989400006,2.87,3.04,3.48,0.132098914999915,0.016296429000021817,0.0025922479999280768,2.646658270347723,2.830106005081788,3.2982267963255647
92.725137571,2.85,3.04,3.48,0.038659298999846214,0.06648410599996168,0.052779924999867944,2.624957142507283,2.830106005081788,3.2982267963255647
92.77527651000014,2.85,3.04,3.48,0.08879823799998121,0.11662304500009668,0.10291886400000294,2.624957142507283,2.830106005081788,3.2982267963255647
92.82544278700016,2.85,3.0300000000000002,3.4,0.13896451499999785,0.022823418000143647,0.009199415000011868,2.624957142507283,2.8193616298729753,3.2137050269120837
92.87575768200008,2.83,3.0300000000000002,3.4,0.045328711999900406,0.07313831300007223,0.05951430999994045,2.6032287644385,2.8193616298729753,3.2137050269120837
92.92590291500005,2.83,3.0300000000000002,3.4,0.09547394499986694,0.12328354600003877,0.10965954299990699,2.6032287644385,2.8193616298729753,3.2137050269120837
92.97600073600006,2.86,3.06,3.48,0.0015185329998530506,0.0293999509999594,0.015791314999887618,2.63581107061944,2.8515785102290274,3.2982267963255647
93.0261315690002,2.86,3.06,3.48,0.05164936599999237,0.07953078400009872,0.06592214800002694,2.63581107061944,2.8515785102290274,3.2982267963255647
93.07644061500014,2.86,3.06,3.48,0.10195841199993083,0.12983983000003718,0.1162311939999654,2.63581107061944,2.8515785102290274,3.2982267963255647
93.12659715300015,2.89,3.0500000000000003,3.41,0.007845892999966964,0.03624227900013466,0.022326062000047386,2.6683328128252666,2.8408449447303528,3.2242828660029197
93.17710279300013,2.89,3.0500000000000003,3.41,0.058351532999949995,0.08674791900011769,0.07283170200003042,2.6683328128252666,2.8408449447303528,3.2242828660029197
93.22745605800014,2.89,3.0500000000000003,3.41,0.10870479799996247,0.13710118400013016,0.12318496700004289,2.6683328128252666,2.8408449447303528,3.2242828660029197
93.27778937200014,2.83,2.98,3.44,0.015056928000149128,0.04358185199998843,0.029049516999975822,2.6032287644385,2.765556001964162,3.255994471739778
93.32793455500018,2.83,2.98,3.44,0.06520211100018969,0.09372703500002899,0.07919470000001638,2.6032287644385,2.765556001964162,3.255994471739778
93.37813148800001,2.83,2.98,3.44,0.11539904400001433,0.14392396799985363,0.12939163299984102,2.6032287644385,2.765556001964162,3.255994471739778
93.42842389300017,2.82,3.0100000000000002,3.44,0.02171958300004917,0.04964767000001302,0.03559409200011032,2.592354142473593,2.797856322258168,3.255994471739778
93.4785854700001,2.82,3.0100000000000002,3.44,0.07188115999997535,0.0998092469999392,0.0857556690000365,2.592354142473593,2.797856322258168,3.255994471739778
93.52867944800005,2.82,3.0100000000000002,3.44,0.12197513799992521,0.006514809999998761,0.13584964699998636,2.592354142473593,2.797856322258168,3.255994471739778
93.57900267600007,2.84,3.0100000000000002,3.44,0.02864145900002768,0.056838038000023516,0.18617287500001112,2.614096402200959,2.797856322258168,3.255994471739778
93.6293399120002,2.84,3.0100000000000002,3.44,0.07897869500015986,0.1071752740001557,0.2365101110001433,2.614096402200959,2.797856322258168,3.255994471739778
93.67948520000004,2.84,3.08,3.44,0.1291239829999995,0.013053957000010996,0.28665539899998294,2.614096402200959,2.8730297596787957,3.255994471739778
93.72962586400013,2.88,3.08,3.44,0.0352731699999822,0.06319462100009332,0.33679606300006526,2.6574988240825244,2.8730297596787957,3.255994471739778
93.77993429800017,2.88,3.08,3.44,0.08558160400002635,0.11350305500013746,0.3871044970001094,2.6574988240825244,2.8730297596787957,3.255994471739778
93.83007409700008,2.88,3.08,3.44,0.13572140299993407,0.1636428540000452,0.43724429600001713,2.6574988240825244,2.8730297596787957,3.255994471739778
93.880246747,2.88,3.08,3.44,0.18589405299985629,0.2138155039999674,0.48741694599993934,2.6574988240825244,2.8730297596787957,3.255994471739778
93.93038446900005,2.88,3.08,3.44,0.23603177499990124,0.26395322600001236,0.5375546679999843,2.6574988240825244,2.8730297596787957,3.255994471739778
93.98072710600013,2.88,3.08,3.44,0.2863744119999865,0.3142958630000976,0.5878973050000695,2.6574988240825244,2.8730297596787957,3.255994471739778
94.03084447800006,2.88,3.08,3.44,0.33649178399991797,0.3644132350000291,0.638014677000001,2.6574988240825244,2.8730297596787957,3.255994471739778
94.08095252500016,2.88,3.08,3.44,0.3865998310000123,0.4145212820001234,0.6881227240000953,2.6574988240825244,2.8730297596787957,3.255994471739778
94.13108841400003,2.83,3.02,3.39,0.00480595999988509,0.03269605499986028,0.01891223400002673,2.6032287644385,2.8086117567225273,3.2031234756093934
94.18122031200005,2.83,3.02,3.39,0.05493785799990292,0.08282795299987811,0.06904413200004456,2.6032287644385,2.8086117567225273,3.2031234756093934
94.23135333300002,2.83,3.02,3.39,0.105070878999868,0.1329609739998432,0.11917715300000964,2.6032287644385,2.8086117567225273,3.2031234756093934
94.28166868700009,2.88,3.0100000000000002,3.48,0.011171954000019468,0.03897982400008004,0.025294862999999168,2.6574988240825244,2.797856322258168,3.2982267963255647
94.33181901300009,2.88,3.0100000000000002,3.48,0.06132228000001305,0.08913015000007363,0.07544518899999275,2.6574988240825244,2.797856322258168,3.2982267963255647
94.38193999100008,2.88,3.0100000000000002,3.48,0.11144325800000843,0.139251128000069,0.12556616699998813,2.6574988240825244,2.797856322258168,3.2982267963255647
94.43207973900007,2.86,3.04,3.44,0.017753308999999717,0.04564301000004889,0.03150666199985608,2.63581107061944,2.830106005081788,3.255994471739778
94.48226115900002,2.86,3.04,3.44,0.06793472899994413,0.0958244299999933,0.08168808199980049,2.63581107061944,2.830106005081788,3.255994471739778
94.5324003520002,2.86,3.0,3.44,0.11807392200012146,0.0017461910001657088,0.13182727499997782,2.63581107061944,2.787095262096364,3.255994471739778
94.58272866100015,2.84,3.0,3.4,0.02427713399993081,0.05207450000011704,0.03819071500015525,2.614096402200959,2.787095262096364,3.2137050269120837
94.63304486100014,2.84,3.0,3.4,0.07459333399992829,0.10239070000011452,0.08850691500015273,2.614096402200959,2.787095262096364,3.2137050269120837
94.6831899560002,2.84,3.02,3.4,0.12473842899998999,0.0085609210000257,0.13865201000021443,2.614096402200959,2.8086117567225273,3.2137050269120837
94.73330354000018,2.88,3.02,3.49,0.03116208699998424,0.058674504999999044,0.044776941000009174,2.6574988240825244,2.8086117567225273,3.308776208811953
94.78344213000014,2.88,3.02,3.49,0.0813006769999447,0.1088130949999595,0.09491553099996963,2.6574988240825244,2.8086117567225273,3.308776208811953
94.83373683400009,2.88,3.0700000000000003,3.46,0.13159538099989732,0.015162596999971356,0.001382241000101203,2.6574988240825244,2.862306762036522,3.2771176359721967
94.88385357600009,2.86,3.0700000000000003,3.46,0.03760759400006464,0.06527933899997151,0.05149898300010136,2.63581107061944,2.862306762036522,3.2771176359721967
94.93398739400004,2.86,3.0700000000000003,3.46,0.08774141200001395,0.11541315699992083,0.10163280100005068,2.63581107061944,2.862306762036522,3.2771176359721967
94.98411388,2.86,3.0300000000000002,3.44,0.13786789799996768,0.02178430499998285,0.007908421999900384,2.63581107061944,2.8193616298729753,3.255994471739778
95.03422387400019,2.86,3.0300000000000002,3.44,0.04411918000005244,0.07189429900017785,0.058018416000095385,2.63581107061944,2.8193616298729753,3.255994471739778
95.084363059,2.86,3.0300000000000002,3.44,0.09425836499985962,0.12203348399998504,0.10815760099990257,2.63581107061944,2.8193616298729753,3.255994471739778
95.13445090000005,2.88,3.06,3.44,0.0003187629999956698,0.027827688999877864,0.15824544199995216,2.6574988240825244,2.8515785102290274,3.255994471739778
95.18465036500015,2.88,3.06,3.44,0.05051822800010086,0.07802715399998306,0.20844490700005736,2.6574988240825244,2.8515785102290274,3.255994471739778
95.2347306690001,2.88,3.06,3.44,0.10059853200004909,0.12810745799993128,0.2585252110000056,2.6574988240825244,2.8515785102290274,3.255994471739778
95.28485612200006,2.87,3.06,3.44,0.00652701299986802,0.034267987000021094,0.30865066399996977,2.646658270347723,2.8515785102290274,3.255994471739778
95.33511222100014,2.87,3.06,3.44,0.05678311199994823,0.0845240860001013,0.35890676300005,2.646658270347723,2.8515785102290274,3.255994471739778
95.38525119400015,2.87,3.06,3.44,0.10692208499995104,0.1346630590001041,0.4090457360000528,2.646658270347723,2.8515785102290274,3.255994471739778
95.43536718200016,2.82,3.0100000000000002,3.4,0.012671990000171718,0.04121217300007629,0.027452003000007608,2.592354142473593,2.797856322258168,3.2137050269120837
95.48549824600013,2.82,3.0100000000000002,3.4,0.06280305400014186,0.09134323700004643,0.07758306699997775,2.592354142473593,2.797856322258168,3.2137050269120837
95.53583809400016,2.82,3.0100000000000002,3.4,0.1131429020001633,0.14168308500006788,0.1279229149999992,2.592354142473593,2.797856322258168,3.2137050269120837
95.58615796000004,2.9,3.0100000000000002,3.48,0.020043333999865354,0.047753445999887845,0.034135068999830764,2.6791603162184976,2.797856322258168,3.2982267963255647
95.63630426700001,2.9,3.0100000000000002,3.48,0.0701896409998426,0.09789975299986509,0.084281375999808,2.6791603162184976,2.797856322258168,3.2982267963255647
95.68641624500015,2.9,3.0,3.48,0.12030161899997438,0.004218105000063588,0.1343933539999398,2.6791603162184976,2.787095262096364,3.2982267963255647
95.73674008400008,2.86,3.0,3.42,0.02613312599987694,0.054541943999993237,0.040443373000016436,2.63581107061944,2.787095262096364,3.2348570292982033
95.78689893700016,2.86,3.0,3.42,0.07629197899996143,0.10470079700007773,0.09060222600010093,2.63581107061944,2.787095262096364,3.2348570292982033
95.8370513220002,2.86,3.02,3.42,0.12644436400000814,0.010674749000145312,0.14075461100014763,2.63581107061944,2.8086117567225273,3.2348570292982033
95.88717929000018,2.84,3.02,3.48,0.03260829400005605,0.06080271700011508,0.04713019400014673,2.614096402200959,2.8086117567225273,3.2982267963255647
95.9375024100002,2.84,3.02,3.48,0.08293141400008608,0.11112583700014511,0.09745331400017676,2.614096402200959,2.8086117567225273,3.2982267963255647
95.9877016150001,2.84,3.0,3.41,0.13313061899998502,0.017450186999894868,0.003433175000054689,2.614096402200959,2.787095262096364,3.2242828660029197
96.037872461,2.84,3.0,3.41,0.03966802699983418,0.06762103299979572,0.05360402099995554,2.614096402200959,2.787095262096364,3.2242828660029197
96.08822283100017,2.84,3.0,3.41,0.09001839699999437,0.1179714029999559,0.10395439100011572,2.614096402200959,2.787095262096364,3.2242828660029197
96.13840459700009,2.84,3.0300000000000002,3.41,0.14020016299991767,0.02409148800006733,0.01021188999993683,2.614096402200959,2.8193616298729753,3.2242828660029197
96.18874384100013,2.86,3.0300000000000002,3.41,0.046250451000105386,0.07443073200010986,0.060551133999979356,2.63581107061944,2.8193616298729753,3.2242828660029197
96.23927847900018,2.86,3.0300000000000002,3.41,0.09678508900015004,0.12496537000015451,0.11108577200002401,2.63581107061944,2.8193616298729753,3.2242828660029197
96.28963271500015,2.86,3.06,3.39,0.1471393250001256,0.0313562119999915,0.017636447000086264,2.63581107061944,2.8515785102290274,3.2031234756093934
96.33975139200015,2.86,3.06,3.39,0.197258002000126,0.08147488899999189,0.06775512400008665,2.63581107061944,2.8515785102290274,3.2031234756093934
96.38988727000014,2.86,3.06,3.39,0.24739388000011786,0.13161076699998375,0.11789100200007852,2.63581107061944,2.8515785102290274,3.2031234756093934
96.44022157900008,2.86,3.06,3.39,0.29772818900005404,0.18194507599991994,0.1682253110000147,2.63581107061944,2.8515785102290274,3.2031234756093934
96.49057438500017,2.86,3.06,3.39,0.3480809950001458,0.23229788200001167,0.21857811700010643,2.63581107061944,2.8515785102290274,3.2031234756093934
96.5408807230001,2.86,3.06,3.39,0.39838733300007334,0.28260421999993923,0.268884455000034,2.63581107061944,2.8515785102290274,3.2031234756093934
96.59112417700021,2.83,3.0300000000000002,3.43,0.01672185699999318,0.0448641730001782,0.030645385000070746,2.6032287644385,2.8193616298729753,3.245427552727067
96.64145541100015,2.83,3.0300000000000002,3.43,0.06705309099993428,0.0951954070001193,0.08097661900001185,2.6032287644385,2.8193616298729753,3.245427552727067
96.69174524000005,2.83,3.0,3.43,0.11734291999982815,0.0015452689999619906,0.13126644799990572,2.6032287644385,2.787095262096364,3.245427552727067
96.74210239100012,2.82,3.0,3.47,0.023901276000060534,0.05190242000003309,0.03800675799993769,2.592354142473593,2.787095262096364,3.287673949770567
96.79223079900021,2.82,3.0,3.47,0.07402968400015197,0.10203082800012453,0.08813516600002913,2.592354142473593,2.787095262096364,3.287673949770567
96.84233888100016,2.82,3.0,3.47,0.12413776600010351,0.15213891000007607,0.13824324799998067,2.592354142473593,2.787095262096364,3.287673949770567
96.89247305700019,2.82,3.0,3.47,0.17427194200013219,0.20227308600010474,0.18837742400000934,2.592354142473593,2.787095262096364,3.287673949770567
96.9428111960001,2.82,3.0,3.47,0.2246100810000371,0.25261122500000965,0.23871556299991425,2.592354142473593,2.787095262096364,3.287673949770567
96.99291655000002,2.82,2.99,3.41,0.27471543499996187,0.014820168999904126,0.0007125390000055631,2.592354142473593,2.776328510821441,3.2242828660029197
97.04305433600007,2.86,2.99,3.41,0.03702810300001147,0.06495795499995438,0.05085032500005582,2.63581107061944,2.776328510821441,3.2242828660029197
97.09319471000003,2.86,2.99,3.41,0.08716847699997743,0.11509832899992034,0.10099069900002178,2.63581107061944,2.776328510821441,3.2242828660029197
97.14332940900022,2.86,2.99,3.39,0.1373031760001595,0.021159628000077646,0.007053538000036497,2.63581107061944,2.776328510821441,3.2031234756093934
97.19347140600007,2.85,2.99,3.39,0.043402282999977615,0.07130162499993276,0.057195534999891606,2.624957142507283,2.776328510821441,3.2031234756093934
97.24363249600015,2.85,2.99,3.39,0.0935633730000518,0.12146271500000694,0.10735662499996579,2.624957142507283,2.776328510821441,3.2031234756093934
97.293881048,2.85,3.0100000000000002,3.47,0.14381192499990902,0.027428334999967774,0.013770342999805507,2.624957142507283,2.797856322258168,3.287673949770567
97.34416898500012,2.82,3.0100000000000002,3.47,0.04981552300000658,0.07771627200008879,0.06405827999992653,2.592354142473593,2.797856322258168,3.287673949770567
97.39451634200009,2.82,3.0100000000000002,3.47,0.10016287999997076,0.12806362900005297,0.1144056369998907,2.592354142473593,2.797856322258168,3.287673949770567
97.444845536,2.8,3.0500000000000003,3.46,0.006845800999826679,0.03443827899991447,0.020711015999950178,2.5705835913270745,2.8408449447303528,3.2771176359721967
97.49519711700009,2.8,3.0500000000000003,3.46,0.05719738199991298,0.08478986000000077,0.07106259700003648,2.5705835913270745,2.8408449447303528,3.2771176359721967
97.5455763110001,2.8,3.0500000000000003,3.46,0.10757657599992854,0.13516905400001633,0.12144179100005204,2.5705835913270745,2.8408449447303528,3.2771176359721967
97.59577011300007,2.83,3.02,3.4,0.013719663000074434,0.04164550899986352,0.027472316000057617,2.6032287644385,2.8086117567225273,3.2137050269120837
97.64608790500006,2.83,3.02,3.4,0.06403745500006153,0.09196330099985062,0.07779010800004471,2.6032287644385,2.8086117567225273,3.2137050269120837
97.69638705500006,2.83,3.02,3.4,0.11433660500006226,0.14226245099985135,0.12808925800004545,2.6032287644385,2.8086117567225273,3.2137050269120837
97.74672749199999,2.87,3.02,3.45,0.020617132999859678,0.04838537599994197,0.03475432599998385,2.646658270347723,2.8086117567225273,3.266557821315888
97.796977771,2.87,3.02,3.45,0.07086741199987046,0.09863565499995275,0.08500460499999463,2.646658270347723,2.8086117567225273,3.266557821315888
97.84707570700016,2.87,3.04,3.45,0.120965348000027,0.005140938000067763,0.13510254100015118,2.646658270347723,2.830106005081788,3.266557821315888
97.89723358300012,2.83,3.04,3.47,0.02710466799999267,0.05529881400002523,0.04077790299993467,2.6032287644385,2.830106005081788,3.287673949770567
97.9474128400002,2.83,3.04,3.47,0.0772839250000743,0.10547807100010687,0.0909571600000163,2.6032287644385,2.830106005081788,3.287673949770567
97.9976195270001,2.83,3.02,3.47,0.12749061199997413,0.011310271999946053,0.14116384699991613,2.6032287644385,2.8086117567225273,3.287673949770567
98.04780212200012,2.9,3.02,3.47,0.033634313999982623,0.06149286699996992,0.04757494799991946,2.6791603162184976,2.8086117567225273,3.287673949770567
98.09813529400003,2.9,3.02,3.47,0.08396748599989223,0.11182603899987953,0.09790811999982907,2.6791603162184976,2.8086117567225273,3.287673949770567
98.14825369200003,2.9,2.98,3.49,0.1340858839998873,0.0182739329998185,0.004415621999896757,2.6791603162184976,2.765556001964162,3.308776208811953
98.19838878300015,2.83,2.98,3.49,0.04026729199995316,0.06840902399994775,0.05455071300002601,2.6032287644385,2.765556001964162,3.308776208811953
98.24855989000002,2.83,2.98,3.49,0.09043839899982231,0.1185801309998169,0.10472181999989516,2.6032287644385,2.765556001964162,3.308776208811953
98.29865148000022,2.83,3.04,3.46,0.14052998900001512,0.0243914240002141,0.010495289000118646,2.6032287644385,2.830106005081788,3.2771176359721967
98.34877153700018,2.8,3.04,3.46,0.04706402000010712,0.07451148100017235,0.0606153460000769,2.5705835913270745,2.830106005081788,3.2771176359721967
98.39888546500015,2.8,3.04,3.46,0.0971779480000805,0.12462540900014574,0.11072927400005028,2.5705835913270745,2.830106005081788,3.2771176359721967
98.44898985400005,2.83,2.99,3.4,0.0029239969999252935,0.031052950000002966,0.016936463999854823,2.6032287644385,2.776328510821441,3.2137050269120837
98.49911389700014,2.83,2.99,3.4,0.0530480400000215,0.08117699300009917,0.06706050699995103,2.6032287644385,2.776328510821441,3.2137050269120837
98.5492527240001,2.83,2.99,3.4,0.1031868669999767,0.13131582000005437,0.11719933399990623,2.6032287644385,2.776328510821441,3.2137050269120837
98.59961908600008,2.82,3.0100000000000002,3.44,0.009587899000052857,0.03732508600000983,0.023765937000007398,2.592354142473593,2.797856322258168,3.255994471739778
98.6499573330002,2.82,3.0100000000000002,3.44,0.05992614600017987,0.08766333300013684,0.07410418400013441,2.592354142473593,2.797856322258168,3.255994471739778
98.70029020000015,2.82,3.0100000000000002,3.44,0.11025901300013174,0.13799620000008872,0.12443705100008629,2.592354142473593,2.797856322258168,3.255994471739778
98.75063488900014,2.83,3.04,3.47,0.01657388500007073,0.044843763000017134,0.030684777000033137,2.6032287644385,2.830106005081788,3.287673949770567
98.8009742390002,2.83,3.04,3.47,0.06691323500012913,0.09518311300007554,0.08102412700009154,2.6032287644385,2.830106005081788,3.287673949770567
98.85131695200016,2.83,3.0300000000000002,3.47,0.11725594800009276,0.0011782819999552885,0.13136684000005516,2.6032287644385,2.8193616298729753,3.287673949770567
98.9014576410002,2.83,3.0300000000000002,3.42,0.023348433000137447,0.0513189710000006,0.03741179000007833,2.6032287644385,2.8193616298729753,3.2348570292982033
98.951620456,2.83,3.0300000000000002,3.42,0.07351124799993158,0.10148178599979474,0.08757460499987246,2.6032287644385,2.8193616298729753,3.2348570292982033
99.00197278600012,2.83,3.0100000000000002,3.42,0.12386357800005499,0.008021863000067242,0.13792693499999586,2.6032287644385,2.797856322258168,3.2348570292982033
99.05217103700011,2.83,3.0100000000000002,3.39,0.029861514000003808,0.05822011400005067,0.04422932000011315,2.6032287644385,2.797856322258168,3.2031234756093934
99.10228981900013,2.83,3.0100000000000002,3.39,0.07998029600003065,0.10833889600007751,0.09434810200013999,2.6032287644385,2.797856322258168,3.2031234756093934
99.15238223700021,2.83,3.02,3.42,0.13007271400010723,0.0143147860001136,0.0006295030000273982,2.6032287644385,2.8086117567225273,3.2348570292982033
99.20272179800008,2.82,3.02,3.42,0.0364452670000901,0.06465434699998696,0.050969063999900754,2.592354142473593,2.8086117567225273,3.2348570292982033
99.25283169900013,2.82,3.02,3.42,0.08655516800013174,0.1147642480000286,0.1010789649999424,2.592354142473593,2.8086117567225273,3.2348570292982033
99.30296578700018,2.82,3.02,3.43,0.13668925600018156,0.021060482000166303,0.00710619400001633,2.592354142473593,2.8086117567225273,3.245427552727067
99.35308971100017,2.85,3.02,3.43,0.04312379099997088,0.07118440600015674,0.05723011800000677,2.624957142507283,2.8086117567225273,3.245427552727067
99.403405711,2.85,3.02,3.43,0.0934397909998097,0.12150040599999556,0.10754611799984559,2.624957142507283,2.8086117567225273,3.245427552727067
99.45373164500006,2.85,2.98,3.48,0.1437657249998665,0.02770168699998976,0.013775252999948862,2.624957142507283,2.765556001964162,3.2982267963255647
99.50406718400018,2.81,2.98,3.48,0.0498366710000937,0.07803722600010587,0.06411079200006498,2.5814724480420086,2.765556001964162,3.2982267963255647
99.55420104600012,2.81,2.98,3.48,0.09997053300003245,0.12817108800004462,0.11424465400000372,2.5814724480420086,2.765556001964162,3.2982267963255647
99.60433714100009,2.84,3.0100000000000002,3.45,0.006129045000079714,0.03454495699998006,0.020356176999939635,2.614096402200959,2.797856322258168,3.266557821315888
99.6546322050001,2.84,3.0100000000000002,3.45,0.05642410900009054,0.08484002099999088,0.07065124099995046,2.614096402200959,2.797856322258168,3.266557821315888
99.70496712100021,2.84,3.0100000000000002,3.45,0.10675902500020129,0.13517493700010164,0.12098615700006121,2.614096402200959,2.797856322258168,3.266557821315888
99.75512799400008,2.86,3.08,3.4,0.013269826999930956,0.0413856959999066,0.026892419999967387,2.63581107061944,2.8730297596787957,3.2137050269120837
99.8054485040002,2.86,3.08,3.4,0.06359033700005057,0.09170620600002621,0.077212930000087,2.63581107061944,2.8730297596787957,3.2137050269120837
99.85560474300019,2.86,3.08,3.4,0.11374657600003957,0.1418624450000152,0.127369169000076,2.63581107061944,2.8730297596787957,3.2137050269120837
99.90584734100003,2.86,3.08,3.4,0.16398917399988022,0.19210504299985587,0.17761176699991665,2.63581107061944,2.8730297596787957,3.2137050269120837
99.95618078000007,2.86,3.08,3.4,0.21432261299992206,0.2424384819998977,0.2279452059999585,2.63581107061944,2.8730297596787957,3.2137050269120837
100.00651078300007,2.86,3.0,3.4,0.2646526159999212,0.004591400999970574,0.2782752089999576,2.63581107061944,2.787095262096364,3.2137050269120837
100.056845243,2.83,3.0,3.35,0.02674543599982826,0.05492586099990149,0.040820694999865736,2.6032287644385,2.787095262096364,3.1607594024221455
100.10696622600017,2.83,3.0,3.35,0.07686641899999813,0.10504684400007136,0.09094167800003561,2.6032287644385,2.787095262096364,3.1607594024221455
100.15708018100008,2.83,3.1,3.35,0.12698037399991335,0.011466319999954067,0.14105563299995083,2.6032287644385,2.8944602260179706,3.1607594024221455
100.20741153800009,2.83,3.1,3.42,0.03332391300000381,0.06179767699995864,0.04763780200005385,2.6032287644385,2.8944602260179706,3.2348570292982033
100.25758392800003,2.83,3.1,3.42,0.08349630299994715,0.11197006699990197,0.09781019199999719,2.6032287644385,2.8944602260179706,3.2348570292982033
100.30781065100018,2.83,3.04,3.52,0.1337230260000979,0.018108264000147756,0.003884090000155993,2.6032287644385,2.830106005081788,3.3404041671630096
100.35814562200017,2.87,3.04,3.52,0.04012991700005841,0.06844323500013161,0.054219061000139845,2.646658270347723,2.830106005081788,3.3404041671630096
100.40827968300005,2.87,3.04,3.52,0.09026397799993902,0.11857729600001221,0.10435312200002045,2.646658270347723,2.830106005081788,3.3404041671630096
100.45865157100002,2.87,3.0,3.46,0.1406358659999114,0.02479751599980773,0.010669232999816813,2.646658270347723,2.787095262096364,3.2771176359721967
100.50876736600003,2.8,3.0,3.46,0.04688433100000111,0.07491331099981835,0.060785027999827435,2.5705835913270745,2.787095262096364,3.2771176359721967
100.5589258460002,2.8,3.0,3.46,0.09704281100016487,0.1250717909999821,0.1109435079999912,2.5705835913270745,2.787095262096364,3.2771176359721967
100.60926528100003,2.85,3.0,3.46,0.0032747279999512102,0.0312243099999705,0.01716897300002529,2.624957142507283,2.787095262096364,3.2771176359721967
100.6593684410002,2.85,3.0,3.46,0.05337788800011367,0.08132747000013296,0.06727213300018775,2.624957142507283,2.787095262096364,3.2771176359721967
100.7094829340001,2.85,3.0,3.46,0.10349238100002367,0.13144196300004296,0.11738662600009775,2.624957142507283,2.787095262096364,3.2771176359721967
100.75959860900002,2.85,3.06,3.47,0.009848619999957009,0.037456835999819305,0.02332712299994455,2.624957142507283,2.8515785102290274,3.287673949770567
100.80992984,2.85,3.06,3.47,0.06017985099992984,0.08778806699979214,0.07365835399991738,2.624957142507283,2.8515785102290274,3.287673949770567
100.86023078200014,2.85,3.06,3.47,0.11048079300007885,0.13808900899994114,0.12395929600006639,2.624957142507283,2.8515785102290274,3.287673949770567
100.91059457900019,2.85,3.0,3.45,0.016650862999995297,0.0444489890001023,0.030557878000081473,2.624957142507283,2.787095262096364,3.266557821315888
100.9609010690001,2.85,3.0,3.45,0.06695735299990702,0.09475547900001402,0.08086436799999319,2.624957142507283,2.787095262096364,3.266557821315888
101.01123613100003,2.85,3.0300000000000002,3.45,0.117292414999838,0.001161727999942741,0.13119942999992418,2.624957142507283,2.8193616298729753,3.266557821315888
101.06158998900014,2.83,3.0300000000000002,3.39,0.023675826000044253,0.05151558600005046,0.037608065000085844,2.6032287644385,2.8193616298729753,3.2031234756093934
101.11171772300008,2.83,3.0300000000000002,3.39,0.07380355999998756,0.10164331999999376,0.08773579900002915,2.6032287644385,2.8193616298729753,3.2031234756093934
101.16186007400006,2.83,3.02,3.39,0.12394591099996433,0.008080975999973816,0.13787815000000592,2.6032287644385,2.8086117567225273,3.2031234756093934
101.21198132600011,2.84,3.02,3.47,0.030069088000118427,0.05820222800002739,0.0441615530000945,2.614096402200959,2.8086117567225273,3.287673949770567
101.26210990000004,2.84,3.02,3.47,0.08019766200004597,0.10833080199995493,0.09429012700002204,2.614096402200959,2.8086117567225273,3.287673949770567
101.31230781500017,2.84,3.0,3.45,0.13039557700017212,0.014269026999954804,0.00035862000004271977,2.614096402200959,2.787095262096364,3.266557821315888
101.36243673800004,2.87,3.0,3.45,0.0365322830000423,0.0643979499998295,0.05048754299991742,2.646658270347723,2.787095262096364,3.266557821315888
101.4125687520002,2.87,3.0,3.45,0.08666429700019762,0.11452996399998483,0.10061955700007275,2.646658270347723,2.787095262096364,3.266557821315888
101.46275753200007,2.87,3.0100000000000002,3.45,0.13685307700006888,0.020987552999940817,0.007245178999937707,2.646658270347723,2.797856322258168,3.266557821315888
101.51309923100007,2.81,3.0100000000000002,3.45,0.04365242399990166,0.07132925199994133,0.057586877999938224,2.5814724480420086,2.797856322258168,3.266557821315888
101.56343784400019,2.81,3.0100000000000002,3.45,0.09399103700002343,0.1216678650000631,0.10792549100005999,2.5814724480420086,2.797856322258168,3.266557821315888
101.613599389,2.81,3.02,3.48,0.14415258199983327,0.02380883699993319,0.014276323999865781,2.5814724480420086,2.8086117567225273,3.2982267963255647
101.66370964200019,2.82,3.02,3.48,0.04980668100006369,0.07391909000011765,0.06438657700005024,2.592354142473593,2.8086117567225273,3.2982267963255647
101.71382175000008,2.82,3.02,3.48,0.09991878899995754,0.1240311980000115,0.11449868499994409,2.592354142473593,2.8086117567225273,3.2982267963255647
101.76395788500008,2.83,3.02,3.3800000000000003,0.006137597999895661,0.034113411999896925,0.020122291000006953,2.6032287644385,2.8086117567225273,3.1925381751828747
101.81404720500018,2.83,3.02,3.3800000000000003,0.05622691799999302,0.08420273199999428,0.07021161100010431,2.6032287644385,2.8086117567225273,3.1925381751828747
101.86432724200017,2.83,3.02,3.3800000000000003,0.10650695499998619,0.13448276899998746,0.12049164800009748,2.6032287644385,2.8086117567225273,3.1925381751828747
101.91464810800016,2.85,3.0300000000000002,3.48,0.013237515000128042,0.04082695300007799,0.027051994999965245,2.624957142507283,2.8193616298729753,3.2982267963255647
101.96498787700011,2.85,3.0300000000000002,3.48,0.06357728400007545,0.0911667220000254,0.07739176399991265,2.624957142507283,2.8193616298729753,3.2982267963255647
102.01523148200022,2.85,3.0300000000000002,3.48,0.11382088900018061,0.14141032700013056,0.12763536900001782,2.624957142507283,2.8193616298729753,3.2982267963255647
102.065373894,2.8,3.0100000000000002,3.43,0.019613944999946398,0.04746720599996479,0.03364659799990477,2.5705835913270745,2.797856322258168,3.245427552727067
102.11759294900003,2.8,3.0100000000000002,3.43,0.07183299999996962,0.09968626099998801,0.08586565299992799,2.5705835913270745,2.797856322258168,3.245427552727067
102.16767547000018,2.8,3.0100000000000002,3.43,0.12191552100011904,0.006372750000082306,0.13594817400007742,2.5705835913270745,2.797856322258168,3.245427552727067
102.21857458700015,2.84,3.0100000000000002,3.43,0.029091997000023184,0.057271867000054044,0.18684729100004915,2.614096402200959,2.797856322258168,3.245427552727067
102.26861943100016,2.84,3.0100000000000002,3.43,0.07913684100003593,0.10731671100006679,0.2368921350000619,2.614096402200959,2.797856322258168,3.245427552727067
102.31895117400018,2.84,3.02,3.43,0.12946858400005112,0.013317708000158746,0.2872238780000771,2.614096402200959,2.8086117567225273,3.245427552727067
102.36914189100003,2.84,3.02,3.43,0.035398043999975926,0.06350842500000908,0.33741459499992743,2.614096402200959,2.8086117567225273,3.245427552727067
102.41925716700007,2.84,3.02,3.43,0.08551332000001821,0.11362370100005137,0.3875298709999697,2.614096402200959,2.8086117567225273,3.245427552727067
102.46960040000022,2.84,2.99,3.44,0.13585655300016697,0.01983206400018389,0.005852223000147205,2.614096402200959,2.776328510821441,3.255994471739778
102.51993004000019,2.84,2.99,3.44,0.04220096900007775,0.07016170400015653,0.05618186300011985,2.614096402200959,2.776328510821441,3.255994471739778
102.57024727200019,2.84,2.99,3.44,0.09251820100007535,0.12047893600015414,0.10649909500011745,2.614096402200959,2.776328510821441,3.255994471739778
102.62034796900002,2.84,3.04,3.46,0.14261889799990968,0.026869840000017575,0.012906024999892907,2.614096402200959,2.830106005081788,3.2771176359721967
102.6707343500002,2.83,3.04,3.46,0.04922442800011595,0.07725622100019791,0.06329240600007324,2.6032287644385,2.830106005081788,3.2771176359721967
102.72105969300014,2.83,3.04,3.46,0.09954977100005635,0.12758156400013831,0.11361774900001365,2.6032287644385,2.830106005081788,3.2771176359721967
102.77120103000016,2.83,3.02,3.43,0.005285098000058497,0.03355062100013129,0.019450519999963944,2.6032287644385,2.8086117567225273,3.245427552727067
102.82132431000014,2.83,3.02,3.43,0.05540837800003828,0.08367390100011107,0.06957379999994373,2.6032287644385,2.8086117567225273,3.245427552727067
102.87145891700015,2.83,3.02,3.43,0.10554298500005643,0.13380850800012922,0.11970840699996188,2.6032287644385,2.8086117567225273,3.245427552727067
102.92160690500009,2.83,3.02,3.43,0.15569097299999157,0.18395649600006436,0.16985639499989702,2.6032287644385,2.8086117567225273,3.245427552727067
102.97175984700016,2.83,3.02,3.43,0.2058439150000595,0.23410943800013229,0.22000933699996494,2.6032287644385,2.8086117567225273,3.245427552727067
103.02210178200016,2.83,3.02,3.43,0.25618585000006533,0.2844513730001381,0.2703512719999708,2.6032287644385,2.8086117567225273,3.245427552727067
103.07243134800001,2.87,3.0300000000000002,3.44,0.018551120999973136,0.046861813999839796,0.03258856799993737,2.646658270347723,2.8193616298729753,3.255994471739778
103.12259037400008,2.87,3.0300000000000002,3.44,0.06871014700004707,0.09702083999991373,0.0827475940000113,2.646658270347723,2.8193616298729753,3.255994471739778
103.17269847900002,2.87,3.04,3.44,0.11881825199998275,0.0032608389999495557,0.13285569899994698,2.646658270347723,2.830106005081788,3.255994471739778
103.22302679100017,2.83,3.04,3.43,0.02550826100014092,0.053589151000096535,0.03910805200007417,2.6032287644385,2.830106005081788,3.245427552727067
103.2732300130001,2.83,3.04,3.43,0.07571148300007735,0.10379237300003297,0.0893112740000106,2.6032287644385,2.830106005081788,3.245427552727067
103.32335155400006,2.83,3.0,3.43,0.1258330240000305,0.009333932999879835,0.13943281499996374,2.6032287644385,2.787095262096364,3.245427552727067
103.37347269400016,2.84,3.0,3.45,0.03162764900002912,0.059455072999980985,0.04589752600008978,2.614096402200959,2.787095262096364,3.266557821315888
103.42364042000008,2.84,3.0,3.45,0.08179537499995604,0.1096227989999079,0.0960652520000167,2.614096402200959,2.787095262096364,3.266557821315888
103.47372453000003,2.84,3.0,3.43,0.13187948499989943,0.015761529999963386,0.0018353680000018358,2.614096402200959,2.787095262096364,3.245427552727067
103.52383071900022,2.82,3.0,3.43,0.03798469400021531,0.06586771900015265,0.051941557000191096,2.592354142473593,2.787095262096364,3.245427552727067
103.57416910000006,2.82,3.0,3.43,0.08832307500006209,0.11620609999999942,0.10227993800003787,2.592354142473593,2.787095262096364,3.245427552727067
103.6244606480002,2.82,3.08,3.44,0.13861462300019411,0.022785376000001634,0.008606682000163346,2.592354142473593,2.8730297596787957,3.255994471739778
103.674612927,2.83,3.08,3.44,0.04496034699991469,0.07293765499980509,0.0587589609999668,2.6032287644385,2.8730297596787957,3.255994471739778
103.72472887800018,2.83,3.08,3.44,0.09507629800009454,0.12305360599998494,0.10887491200014665,2.6032287644385,2.8730297596787957,3.255994471739778
103.77483228400001,2.87,3.02,3.4,0.001214753999875029,0.028922881999960737,0.014985865999960879,2.646658270347723,2.8086117567225273,3.2137050269120837
103.82494545200007,2.87,3.02,3.4,0.05132792199992764,0.07903605000001335,0.06509903400001349,2.646658270347723,2.8086117567225273,3.2137050269120837
103.87503997000022,2.87,3.02,3.4,0.1014224400000785,0.1291305680001642,0.11519355200016435,2.646658270347723,2.8086117567225273,3.2137050269120837
103.92537337600015,2.84,3.0100000000000002,3.48,0.00776083000005201,0.035471970000116926,0.021768335000160732,2.614096402200959,2.797856322258168,3.2982267963255647
103.97571245200015,2.84,3.0100000000000002,3.48,0.058099906000052215,0.08581104600011713,0.07210741100016094,2.614096402200959,2.797856322258168,3.2982267963255647
104.0258471730001,2.84,3.0100000000000002,3.48,0.10823462700000164,0.13594576700006655,0.12224213200011036,2.614096402200959,2.797856322258168,3.2982267963255647
104.07597957600001,2.83,3.0100000000000002,3.44,0.014264150999906633,0.04236213899980612,0.028285723999943002,2.6032287644385,2.797856322258168,3.255994471739778
104.12613445200009,2.83,3.0100000000000002,3.44,0.06441902699998536,0.09251701499988485,0.07844060000002173,2.6032287644385,2.797856322258168,3.255994471739778
104.1762592550001,2.83,3.0100000000000002,3.44,0.11454383000000234,0.14264181799990183,0.1285654030000387,2.6032287644385,2.797856322258168,3.255994471739778
104.22662121200005,2.83,3.04,3.4,0.021110844999839173,0.04915030100005424,0.03513065199990706,2.6032287644385,2.830106005081788,3.2137050269120837
104.27694019700016,2.83,3.04,3.4,0.07142982999994274,0.09946928600015781,0.08544963700001063,2.6032287644385,2.830106005081788,3.2137050269120837
104.32703038800014,2.83,2.98,3.4,0.12152002099992387,0.005462457000021459,0.13553982799999176,2.6032287644385,2.765556001964162,3.2137050269120837
104.37716237500013,2.84,2.98,3.41,0.027699020999989443,0.05559444400000757,0.04179436999993413,2.614096402200959,2.765556001964162,3.2242828660029197
104.42749969700003,2.84,2.98,3.41,0.07803634299989426,0.10593176599991239,0.09213169199983895,2.614096402200959,2.765556001964162,3.2242828660029197
104.47779363200016,2.84,2.99,3.41,0.12833027800002128,0.012422615000104997,0.14242562699996597,2.614096402200959,2.776328510821441,3.2242828660029197
104.52787127300007,2.85,2.99,3.3800000000000003,0.03422634300000027,0.06250025600002118,0.04837782899994636,2.624957142507283,2.776328510821441,3.1925381751828747
104.5781889110001,2.85,2.99,3.3800000000000003,0.08454398100002436,0.11281789400004527,0.09869546699997045,2.624957142507283,2.776328510821441,3.1925381751828747
104.628327786,2.85,3.08,3.43,0.1346828559999267,0.018830566999895382,0.004808862999880148,2.624957142507283,2.8730297596787957,3.245427552727067
104.67844878600022,2.82,3.08,3.43,0.0410901930001728,0.06895156700011285,0.05492986300009761,2.592354142473593,2.8730297596787957,3.245427552727067
104.72857503800014,2.82,3.08,3.43,0.09121644500010007,0.11907781900004011,0.10505611500002487,2.592354142473593,2.8730297596787957,3.245427552727067
104.7788501670002,2.82,2.99,3.44,0.1414915740001561,0.025437124000063704,0.011386603000119067,2.592354142473593,2.776328510821441,3.255994471739778
104.82898565900018,2.81,2.99,3.44,0.04760394599998108,0.07557261600004495,0.06152209500010031,2.5814724480420086,2.776328510821441,3.255994471739778
104.87915386200007,2.81,2.99,3.44,0.09777214899986575,0.12574081899992962,0.11169029799998498,2.5814724480420086,2.776328510821441,3.255994471739778
104.92933825,2.83,3.0300000000000002,3.41,0.004080355999803942,0.03193342599979587,0.01810243599993555,2.6032287644385,2.8193616298729753,3.2242828660029197
104.97966965800015,2.83,3.0300000000000002,3.41,0.05441176399995129,0.08226483399994322,0.0684338440000829,2.6032287644385,2.8193616298729753,3.2242828660029197
105.02980730000013,2.83,3.0300000000000002,3.41,0.10454940599993279,0.13240247599992472,0.1185714860000644,2.6032287644385,2.8193616298729753,3.2242828660029197
105.07993280100004,2.83,3.02,3.5,0.010317209000049843,0.03856053200001952,0.024369455999931233,2.6032287644385,2.8086117567225273,3.319322219972023
105.13008309800011,2.83,3.02,3.5,0.06046750600012274,0.08871082900009242,0.07451975300000413,2.6032287644385,2.8086117567225273,3.319322219972023
105.18046557900016,2.83,3.02,3.5,0.11084998700016513,0.1390933100001348,0.12490223400004652,2.6032287644385,2.8086117567225273,3.319322219972023
105.23079007500019,2.84,2.99,3.43,0.017059448000054545,0.04527514300002622,0.03141930600008891,2.614096402200959,2.776328510821441,3.245427552727067
105.28089596100017,2.84,2.99,3.43,0.06716533400003755,0.09538102900000922,0.08152519200007191,2.614096402200959,2.776328510821441,3.245427552727067
105.330989692,2.84,2.99,3.43,0.11725906499987104,0.0014790069999435218,0.1316189229999054,2.614096402200959,2.776328510821441,3.245427552727067
105.38109274200019,2.85,2.99,3.45,0.023611356000174055,0.05158205700013241,0.03787634300010723,2.624957142507283,2.776328510821441,3.266557821315888
105.43142694000016,2.85,2.99,3.45,0.07394555400014724,0.1019162550001056,0.08821054100008041,2.624957142507283,2.776328510821441,3.266557821315888
105.48159568400001,2.85,3.0300000000000002,3.45,0.12411429799999496,0.008172532999878968,0.13837928499992813,2.624957142507283,2.8193616298729753,3.266557821315888
105.5318867200001,2.82,3.0300000000000002,3.41,0.03016949199991359,0.05846356899996863,0.04473153799995089,2.592354142473593,2.8193616298729753,3.2242828660029197
105.582047762,2.82,3.0300000000000002,3.41,0.08033053399981327,0.10862461099986831,0.09489257999985057,2.592354142473593,2.8193616298729753,3.2242828660029197
105.63235488100008,2.82,3.0,3.46,0.13063765299989427,0.014833554000006188,0.0008718229998976312,2.592354142473593,2.787095262096364,3.2771176359721967
105.68270421900002,2.8,3.0,3.46,0.0369324799999049,0.06518289199993887,0.05122116099983032,2.5705835913270745,2.787095262096364,3.2771176359721967
105.733000833,2.8,3.0,3.46,0.08722909399989476,0.11547950599992873,0.10151777499982018,2.5705835913270745,2.787095262096364,3.2771176359721967
105.78312265500017,2.8,3.0,3.47,0.13735091600005944,0.0215441909999754,0.007980818000078216,2.5705835913270745,2.787095262096364,3.287673949770567
105.83323629200004,2.84,3.0,3.47,0.043887568999934956,0.071657827999843,0.05809445499994581,2.614096402200959,2.787095262096364,3.287673949770567
105.88332960299999,2.84,3.0,3.47,0.09398087999989002,0.12175113899979806,0.10818776599990088,2.614096402200959,2.787095262096364,3.287673949770567
105.93349553100006,2.84,3.0,3.47,0.1441468079999595,0.17191706699986753,0.15835369399997035,2.614096402200959,2.787095262096364,3.287673949770567
105.98383210700013,2.84,3.0,3.47,0.19448338400002285,0.2222536429999309,0.2086902700000337,2.614096402200959,2.787095262096364,3.287673949770567
106.03411249800001,2.84,3.0,3.47,0.2447637749999103,0.27253403399981835,0.25897066099992117,2.614096402200959,2.787095262096364,3.287673949770567
106.08427385900018,2.83,3.0,3.47,0.006682205000061003,0.03481697699999131,0.02070544200000768,2.6032287644385,2.787095262096364,3.287673949770567
106.13441396200005,2.83,3.0,3.47,0.05682230799993704,0.08495707999986735,0.07084554499988371,2.6032287644385,2.787095262096364,3.287673949770567
106.18451852900012,2.83,3.0,3.47,0.1069268749999992,0.1350616469999295,0.12095011199994588,2.6032287644385,2.787095262096364,3.287673949770567
106.23479667600009,2.83,3.02,3.42,0.013388224999971499,0.041752089000056,0.027228099000012662,2.6032287644385,2.8086117567225273,3.2348570292982033
106.28491501600001,2.83,3.02,3.42,0.06350656499989782,0.09187042899998232,0.07734643899993898,2.6032287644385,2.8086117567225273,3.2348570292982033
106.33524627300017,2.83,3.02,3.42,0.11383782200005044,0.14220168600013494,0.1276776960000916,2.6032287644385,2.8086117567225273,3.2348570292982033
106.38561268900003,2.84,2.97,3.48,0.02007747599986942,0.04819967200000974,0.03390167899988228,2.614096402200959,2.7547776679797593,3.2982267963255647
106.43574907200014,2.84,2.97,3.48,0.07021385899997767,0.098336055000118,0.08403806199999053,2.614096402200959,2.7547776679797593,3.2982267963255647
106.48584759800019,2.84,3.04,3.48,0.12031238500003383,0.004756305999990218,0.13413658800004669,2.614096402200959,2.830106005081788,3.2982267963255647
106.53604786100004,2.86,3.04,3.41,0.026606866999827616,0.05495656899984169,0.040721890999975585,2.63581107061944,2.830106005081788,3.2242828660029197
106.58638339000004,2.86,3.04,3.41,0.07694239599982211,0.10529209799983619,0.09105741999997008,2.63581107061944,2.830106005081788,3.2242828660029197
106.63669663400015,2.86,3.0,3.41,0.12725563999993028,0.011415795999937473,0.14137066400007825,2.63581107061944,2.787095262096364,3.2242828660029197
106.6868282370001,2.82,3.0,3.39,0.03344899300009274,0.06154739899989181,0.04745991300001151,2.592354142473593,2.787095262096364,3.2031234756093934
106.73716674100001,2.82,3.0,3.39,0.08378749700000299,0.11188590299980206,0.09779841699992176,2.592354142473593,2.787095262096364,3.2031234756093934
106.78729243900011,2.82,3.02,3.45,0.13391319500010468,0.017560657000103674,0.003994562000116275,2.592354142473593,2.8086117567225273,3.266557821315888
106.8374090010002,2.85,3.02,3.45,0.040291535000051226,0.06767721900018842,0.054111124000201016,2.624957142507283,2.8086117567225273,3.266557821315888
106.88772404400015,2.85,3.02,3.45,0.09060657800000627,0.11799226200014346,0.10442616700015606,2.624957142507283,2.8086117567225273,3.266557821315888
106.93787766300011,2.85,3.0,3.42,0.14076019699996323,0.024496752000004562,0.010586872999965635,2.624957142507283,2.787095262096364,3.2348570292982033
106.988199012,2.84,3.0,3.42,0.04703240399999231,0.07481810099989161,0.060908221999852685,2.614096402200959,2.787095262096364,3.2348570292982033
107.0385887330001,2.84,3.0,3.42,0.09742212500009373,0.12520782199999303,0.1112979429999541,2.614096402200959,2.787095262096364,3.2348570292982033
107.08869041800017,2.82,2.98,3.48,0.003492149000067002,0.031038223999985348,0.017426139000008334,2.592354142473593,2.765556001964162,3.2982267963255647
107.13883019400009,2.82,2.98,3.48,0.05363192499999059,0.08117799999990893,0.06756591499993192,2.592354142473593,2.765556001964162,3.2982267963255647
107.1889731780002,2.82,2.98,3.48,0.10377490900009434,0.13132098400001269,0.11770889900003567,2.592354142473593,2.765556001964162,3.2982267963255647
107.2416017380001,2.82,3.06,3.46,0.012333993000083865,0.04014576300005501,0.02626088800002435,2.592354142473593,2.8515785102290274,3.2771176359721967
107.29169319000016,2.82,3.06,3.46,0.062425445000144464,0.09023721500011561,0.07635234000008495,2.592354142473593,2.8515785102290274,3.2771176359721967
107.34197214100004,2.82,3.06,3.46,0.11270439600002646,0.1405161659999976,0.12663129099996695,2.592354142473593,2.8515785102290274,3.2771176359721967
107.39230749800004,2.83,2.99,3.3800000000000003,0.0188906109999607,0.04684875199995986,0.03314113399983398,2.6032287644385,2.776328510821441,3.1925381751828747
107.44242477500006,2.83,2.99,3.3800000000000003,0.06900788799998736,0.09696602899998652,0.08325841099986064,2.6032287644385,2.776328510821441,3.1925381751828747
107.49274846700018,2.83,2.99,3.3800000000000003,0.11933158000010735,0.003453912000168202,0.13358210299998063,2.6032287644385,2.776328510821441,3.1925381751828747
107.54309434400011,2.87,2.99,3.49,0.02573123999991367,0.05379978900009519,0.03990563899992594,2.646658270347723,2.776328510821441,3.308776208811953
107.59337283600007,2.87,2.99,3.49,0.07600973199987493,0.10407828100005645,0.0901841309998872,2.646658270347723,2.776328510821441,3.308776208811953
107.64376128399999,2.87,3.0300000000000002,3.49,0.1263981799997964,0.010225778999938484,0.14057257899980868,2.646658270347723,2.8193616298729753,3.308776208811953
107.6938631810001,2.83,3.0300000000000002,3.44,0.03269457600003989,0.06032767600004263,0.04615585000010469,2.6032287644385,2.8193616298729753,3.255994471739778
107.74419433100002,2.83,3.0300000000000002,3.44,0.08302572599995983,0.11065882599996257,0.09648700000002464,2.6032287644385,2.8193616298729753,3.255994471739778
107.79429520200006,2.83,3.08,3.43,0.1331265970000004,0.017110742999875583,0.003168835999986186,2.6032287644385,2.8730297596787957,3.245427552727067
107.84440924700016,2.86,3.08,3.43,0.03955146199996307,0.06722478799997589,0.05328288100008649,2.63581107061944,2.8730297596787957,3.245427552727067
107.89473080000016,2.86,3.08,3.43,0.08987301499996647,0.11754634099997929,0.1036044340000899,2.63581107061944,2.8730297596787957,3.245427552727067
107.9448525790001,2.86,3.0,3.39,0.13999479399990378,0.023584983000091597,0.009678798000095412,2.63581107061944,2.787095262096364,3.2031234756093934
107.99500737900007,2.84,3.0,3.39,0.04606333399988216,0.07373978300006456,0.05983359800006838,2.614096402200959,2.787095262096364,3.2031234756093934
108.04515442900015,2.84,3.0,3.39,0.09621038399995996,0.12388683300014236,0.10998064800014618,2.614096402200959,2.787095262096364,3.2031234756093934
108.09528415400018,2.89,3.0100000000000002,3.42,0.001956817000063893,0.03010915400000158,0.015979644000026383,2.6683328128252666,2.797856322258168,3.2348570292982033
108.1456194020002,2.89,3.0100000000000002,3.42,0.05229206500007422,0.0804444020000119,0.06631489200003671,2.6683328128252666,2.797856322258168,3.2348570292982033
108.1957124810001,2.89,3.0100000000000002,3.42,0.10238514399998166,0.13053748099991935,0.11640797099994415,2.6683328128252666,2.797856322258168,3.2348570292982033
108.24604871800011,2.83,3.08,3.5,0.008781293000083679,0.03662819000010131,0.023043288000053508,2.6032287644385,2.8730297596787957,3.319322219972023
108.29615073600007,2.83,3.08,3.5,0.05888331100004507,0.0867302080000627,0.0731453060000149,2.6032287644385,2.8730297596787957,3.319322219972023
108.34628116900012,2.83,3.08,3.5,0.10901374400009445,0.13686064100011208,0.12327573900006428,2.6032287644385,2.8730297596787957,3.319322219972023
108.39639352000017,2.85,3.06,3.42,0.014735217000179546,0.04323782799997389,0.02922666900008153,2.624957142507283,2.8515785102290274,3.2348570292982033
108.44652170000018,2.85,3.06,3.42,0.06486339700018107,0.09336600799997541,0.07935484900008305,2.624957142507283,2.8515785102290274,3.2348570292982033
108.49695089500005,2.85,3.06,3.42,0.11529259200005981,0.14379520299985415,0.1297840439999618,2.624957142507283,2.8515785102290274,3.2348570292982033
108.54723807100004,2.83,2.99,3.5,0.02185512200003359,0.04981406799993238,0.03593378899995514,2.6032287644385,2.776328510821441,3.319322219972023
108.59736001500005,2.83,2.99,3.5,0.07197706600004494,0.09993601199994373,0.0860557329999665,2.6032287644385,2.776328510821441,3.319322219972023
108.6476954960001,2.83,3.02,3.5,0.12231254700009231,0.006586435999906826,0.13639121400001386,2.6032287644385,2.8086117567225273,3.319322219972023
108.69803056400019,2.84,3.02,3.47,0.0285113470001761,0.05692150400000173,0.043097172999978284,2.614096402200959,2.8086117567225273,3.287673949770567
108.74832834000017,2.84,3.02,3.47,0.07880912300015552,0.10721927999998115,0.0933949489999577,2.614096402200959,2.8086117567225273,3.287673949770567
108.79846917300006,2.84,3.04,3.47,0.12894995600004222,0.013465806999874985,0.1435357819998444,2.614096402200959,2.830106005081788,3.287673949770567
108.84957306500019,2.82,3.04,3.42,0.03608354400012104,0.06456969900000331,0.050528316000054474,2.592354142473593,2.830106005081788,3.2348570292982033
108.89969424100013,2.82,3.04,3.42,0.08620472000006885,0.11469087499995112,0.10064949200000228,2.592354142473593,2.830106005081788,3.2348570292982033
108.94982010100011,2.82,3.04,3.42,0.13633058000004894,0.1648167349999312,0.15077535199998238,2.592354142473593,2.830106005081788,3.2348570292982033
108.99993616500001,2.82,3.04,3.42,0.18644664399994326,0.21493279899982554,0.2008914159998767,2.592354142473593,2.830106005081788,3.2348570292982033
109.05007584300006,2.82,3.04,3.42,0.23658632199999374,0.265072476999876,0.2510310939999272,2.592354142473593,2.830106005081788,3.2348570292982033
109.10018500600017,2.82,3.1,3.47,0.28669548500010933,0.027107949000082954,0.013025423000044611,2.592354142473593,2.8944602260179706,3.287673949770567
109.15029598900014,2.83,3.1,3.47,0.049345057999971687,0.0772189320000507,0.06313640600001236,2.6032287644385,2.8944602260179706,3.287673949770567
109.20045963000007,2.83,3.1,3.47,0.09950869899989812,0.12738257299997713,0.11330004699993879,2.6032287644385,2.8944602260179706,3.287673949770567
109.2506013520001,2.83,3.04,3.42,0.005455518999951892,0.0336557810001068,0.01916808700002548,2.6032287644385,2.830106005081788,3.2348570292982033
109.3009335270001,2.83,3.04,3.42,0.055787693999945986,0.0839879560001009,0.06950026200001957,2.6032287644385,2.830106005081788,3.2348570292982033
109.35129281100012,2.83,3.04,3.42,0.10614697799996975,0.13434724000012466,0.11985954600004334,2.6032287644385,2.830106005081788,3.2348570292982033
109.401381506,2.83,3.0100000000000002,3.4,0.012269392999996853,0.0401370299998689,0.026138275999983307,2.6032287644385,2.797856322258168,3.2137050269120837
109.45151874900012,2.83,3.0100000000000002,3.4,0.06240663600010521,0.09027427299997726,0.07627551900009166,2.6032287644385,2.797856322258168,3.2137050269120837
109.501819092,2.83,3.0100000000000002,3.4,0.11270697899999504,0.1405746159998671,0.1265758619999815,2.6032287644385,2.797856322258168,3.2137050269120837
109.5519352230001,2.82,3.0100000000000002,3.3600000000000003,0.018782409000095868,0.046751736000032906,0.032762315999889324,2.592354142473593,2.797856322258168,3.1713561767798963
109.60206404000019,2.82,3.0100000000000002,3.3600000000000003,0.06891122600018207,0.09688055300011911,0.08289113299997553,2.592354142473593,2.797856322258168,3.1713561767798963
109.65240674400002,2.82,3.12,3.3600000000000003,0.1192539300000135,0.0032246189998659247,0.13323383699980695,2.592354142473593,2.915870367488925,3.1713561767798963
109.702592761,2.81,3.12,3.42,0.025548549999939496,0.053410635999853184,0.03929813699983242,2.5814724480420086,2.915870367488925,3.2348570292982033
109.75276079800005,2.81,3.12,3.42,0.07571658699998807,0.10357867299990176,0.089466173999881,2.5814724480420086,2.915870367488925,3.2348570292982033
109.80289043300013,2.81,3.0300000000000002,3.42,0.1258462220000638,0.009722523999926125,0.13959580899995672,2.5814724480420086,2.8193616298729753,3.2348570292982033
109.85322204600016,2.82,3.0300000000000002,3.44,0.031899021000072025,0.06005413699995188,0.04625973800011707,2.592354142473593,2.8193616298729753,3.255994471739778
109.90334168000004,2.82,3.0300000000000002,3.44,0.0820186549999562,0.11017377099983605,0.09637937200000124,2.592354142473593,2.8193616298729753,3.255994471739778
109.9536687010002,2.82,3.0100000000000002,3.41,0.1323456760001136,0.01621599400004925,0.002291495000008581,2.592354142473593,2.797856322258168,3.2242828660029197
110.00400774900004,2.83,3.0100000000000002,3.41,0.03879273200004718,0.06655504199989082,0.05263054299985015,2.6032287644385,2.797856322258168,3.2242828660029197
110.05416415600007,2.83,3.0100000000000002,3.41,0.0889491390000785,0.11671144899992214,0.10278694999988147,2.6032287644385,2.797856322258168,3.2242828660029197
110.10430280600008,2.83,3.02,3.5,0.13908778900008656,0.023043067999878986,0.009144425999920713,2.6032287644385,2.8086117567225273,3.319322219972023
110.154420329,2.83,3.02,3.5,0.045147436999968704,0.07316059099980521,0.059261948999846936,2.6032287644385,2.8086117567225273,3.319322219972023
110.20474703200011,2.83,3.02,3.5,0.09547414000007848,0.12348729399991498,0.10958865199995671,2.6032287644385,2.8086117567225273,3.319322219972023
110.25498629200001,2.82,3.0100000000000002,3.43,0.0019727049998436996,0.029602058999898873,0.01579528999991453,2.592354142473593,2.797856322258168,3.245427552727067
110.30532248000009,2.82,3.0100000000000002,3.43,0.05230889299991759,0.07993824699997276,0.06613147799998842,2.592354142473593,2.797856322258168,3.245427552727067
110.35546855500002,2.82,3.0100000000000002,3.43,0.10245496799984721,0.13008432199990239,0.11627755299991804,2.592354142473593,2.797856322258168,3.245427552727067
110.4056936620002,2.86,3.0,3.42,0.008482338000021628,0.03661884200005261,0.02240439700017305,2.63581107061944,2.787095262096364,3.2348570292982033
110.45599150300018,2.86,3.0,3.42,0.05878017899999577,0.08691668300002675,0.07270223800014719,2.63581107061944,2.787095262096364,3.2348570292982033
110.5063186440002,2.86,3.0,3.42,0.10910732000002099,0.13724382400005197,0.12302937900017241,2.63581107061944,2.787095262096364,3.2348570292982033
110.55643861800013,2.86,2.98,3.42,0.015561188999981823,0.04330941300008817,0.029179947000102402,2.63581107061944,2.765556001964162,3.2348570292982033
110.60659180800008,2.86,2.98,3.42,0.06571437899992816,0.0934626030000345,0.07933313700004874,2.63581107061944,2.765556001964162,3.2348570292982033
110.65671888500015,2.86,2.98,3.42,0.11584145599999829,0.14358968000010464,0.12946021400011887,2.63581107061944,2.765556001964162,3.2348570292982033
110.70683081600009,2.83,2.98,3.39,0.021694426000067324,0.19370161100005134,0.03589917299996159,2.6032287644385,2.765556001964162,3.2031234756093934
110.757156571,2.83,2.98,3.39,0.07202018099997076,0.24402736599995478,0.08622492799986503,2.6032287644385,2.765556001964162,3.2031234756093934
110.80726840600005,2.83,2.98,3.39,0.12213201600002321,0.29413920100000723,0.13633676299991748,2.6032287644385,2.765556001964162,3.2031234756093934
110.85758297300004,2.83,2.98,3.46,0.17244658300000992,0.34445376799999394,0.04262282799982131,2.6032287644385,2.765556001964162,3.2771176359721967
110.90770311200004,2.83,2.98,3.46,0.2225667220000105,0.3945739069999945,0.09274296699982187,2.6032287644385,2.765556001964162,3.2771176359721967
110.95802937600001,2.83,2.98,3.46,0.272892985999988,0.44490017099997203,0.1430692309997994,2.6032287644385,2.765556001964162,3.2771176359721967
111.00837682400015,2.83,2.98,3.46,0.3232404340001267,0.4952476190001107,0.19341667899993809,2.6032287644385,2.765556001964162,3.2771176359721967
111.05851930000017,2.83,2.98,3.46,0.3733829100001458,0.5453900950001298,0.24355915499995717,2.6032287644385,2.765556001964162,3.2771176359721967
111.10863810000001,2.83,3.04,3.5,0.42350170999998227,0.019386902999940503,0.0056710739997924975,2.6032287644385,2.830106005081788,3.319322219972023
111.15896800900009,2.83,3.04,3.5,0.04226380499994775,0.06971681200002422,0.056000982999876214,2.6032287644385,2.830106005081788,3.319322219972023
111.20914331000017,2.83,3.04,3.5,0.09243910600002891,0.11989211300010538,0.10617628399995738,2.6032287644385,2.830106005081788,3.319322219972023
111.25947849600016,2.83,3.04,3.45,0.1427742920000128,0.026262223999992784,0.012508560000014768,2.6032287644385,2.830106005081788,3.266557821315888
111.30959034400007,2.84,3.04,3.45,0.048766322999881595,0.07637407199990776,0.06262040799992974,2.614096402200959,2.830106005081788,3.266557821315888
111.3596931720001,2.84,3.04,3.45,0.09886915099991711,0.12647689999994327,0.11272323599996525,2.614096402200959,2.830106005081788,3.266557821315888
111.40979483800015,2.83,2.99,3.47,0.005000936999977057,0.032636141000011776,0.018692912999995315,2.6032287644385,2.776328510821441,3.287673949770567
111.46002853300001,2.83,2.99,3.47,0.0552346319998378,0.08286983599987252,0.06892660799985606,2.6032287644385,2.776328510821441,3.287673949770567
111.51017680600012,2.83,2.99,3.47,0.10538290499994218,0.1330181089999769,0.11907488099996044,2.6032287644385,2.776328510821441,3.287673949770567
111.5604541680002,2.83,3.08,3.44,0.15566026700003022,0.03930899300007695,0.025374427000087962,2.6032287644385,2.8730297596787957,3.255994471739778
111.610618165,2.83,3.08,3.44,0.20582426399982978,0.08947298999987652,0.07553842399988753,2.6032287644385,2.8730297596787957,3.255994471739778
111.66076259700003,2.83,3.08,3.44,0.2559686959998544,0.13961742199990113,0.12568285599991214,2.6032287644385,2.8730297596787957,3.255994471739778
111.71105984100018,2.83,3.08,3.44,0.30626594000000296,0.1899146660000497,0.1759801000000607,2.6032287644385,2.8730297596787957,3.255994471739778
111.7613991520002,2.83,3.08,3.44,0.35660525100001905,0.2402539770000658,0.2263194110000768,2.6032287644385,2.8730297596787957,3.255994471739778
111.81151682300015,2.83,3.0700000000000003,3.44,0.40672292199997173,0.0028563250000388507,0.2764370820000295,2.6032287644385,2.862306762036522,3.255994471739778
111.8619771860001,2.82,3.0700000000000003,3.46,0.02507458700006282,0.05331668799999534,0.039508133000026646,2.592354142473593,2.862306762036522,3.2771176359721967
111.91212420600004,2.82,3.0700000000000003,3.46,0.07522160700000313,0.10346370799993565,0.08965515299996696,2.592354142473593,2.862306762036522,3.2771176359721967
111.96223630200006,2.82,3.0700000000000003,3.46,0.1253337030000239,0.1535758039999564,0.13976724899998771,2.592354142473593,2.862306762036522,3.2771176359721967
112.01249512200002,2.82,3.0700000000000003,3.46,0.17559252299997752,0.20383462399991004,0.19002606899994134,2.592354142473593,2.862306762036522,3.2771176359721967
112.06281290100014,2.82,3.0700000000000003,3.46,0.2259103020001021,0.2541524030000346,0.24034384800006592,2.592354142473593,2.862306762036522,3.2771176359721967
112.11295607900001,2.82,3.04,3.49,0.2760534799999732,0.015863840999827516,0.002126142999941294,2.592354142473593,2.830106005081788,3.308776208811953
112.16329224000015,2.81,3.04,3.49,0.038049274000059086,0.06620000199995957,0.052462304000073345,2.5814724480420086,2.830106005081788,3.308776208811953
112.21363899900007,2.81,3.04,3.49,0.08839603299998089,0.11654676099988137,0.10280906299999515,2.5814724480420086,2.830106005081788,3.308776208811953
112.26375798100003,2.81,3.0,3.45,0.138515014999939,0.023013245999891296,0.00858349600002839,2.5814724480420086,2.787095262096364,3.266557821315888
112.31387007600006,2.82,3.0,3.45,0.0449704949999159,0.07312534099992263,0.05869559100005972,2.592354142473593,2.787095262096364,3.266557821315888
112.36420973700001,2.82,3.0,3.45,0.09531015599986858,0.12346500199987531,0.1090352520000124,2.592354142473593,2.787095262096364,3.266557821315888
112.41430957900002,2.87,3.04,3.47,0.0011556699998891418,0.02929640999991534,0.015046604999952251,2.646658270347723,2.830106005081788,3.287673949770567
112.46441622100019,2.87,3.04,3.47,0.05126231200006259,0.07940305200008879,0.0651532470001257,2.646658270347723,2.830106005081788,3.287673949770567
112.51451297100016,2.87,3.04,3.47,0.10135906200002864,0.12949980200005484,0.11524999700009175,2.646658270347723,2.830106005081788,3.287673949770567
112.56471574700004,2.84,3.0100000000000002,3.43,0.007814748999862786,0.03606254600003922,0.02154619799989632,2.614096402200959,2.797856322258168,3.245427552727067
112.61482960300009,2.84,3.0100000000000002,3.43,0.05792860499991548,0.08617640200009191,0.07166005399994901,2.614096402200959,2.797856322258168,3.245427552727067
112.665154712,2.84,3.0100000000000002,3.43,0.10825371399982942,0.13650151100000585,0.12198516299986295,2.614096402200959,2.797856322258168,3.245427552727067
112.71548587000007,2.84,3.0500000000000003,3.46,0.014339885000026698,0.04281074300001819,0.028273142999978518,2.614096402200959,2.8408449447303528,3.2771176359721967
112.7658330700001,2.84,3.0500000000000003,3.46,0.0646870850000596,0.09315794300005109,0.07862034300001142,2.614096402200959,2.8408449447303528,3.2771176359721967
112.81602413900009,2.84,3.0500000000000003,3.46,0.11487815400005275,0.14334901200004424,0.12881141200000457,2.614096402200959,2.8408449447303528,3.2771176359721967
112.86615345600012,2.85,2.99,3.43,0.02138304799996149,0.04952075899996089,0.03548916799991275,2.624957142507283,2.776328510821441,3.245427552727067
112.9162736610001,2.85,2.99,3.43,0.0715032529999462,0.0996409639999456,0.08560937299989746,2.624957142507283,2.776328510821441,3.245427552727067
112.96641072800003,2.85,3.0700000000000003,3.43,0.12164031999986946,0.005480572999886135,0.13574643999982072,2.624957142507283,2.862306762036522,3.245427552727067
113.01673037600017,2.87,3.0700000000000003,3.48,0.027870363000147336,0.055800221000026795,0.04184501100007765,2.646658270347723,2.862306762036522,3.2982267963255647
113.06706614100017,2.87,3.0700000000000003,3.48,0.07820612800014715,0.1061359860000266,0.09218077600007746,2.646658270347723,2.862306762036522,3.2982267963255647
113.11718321400008,2.87,3.0300000000000002,3.48,0.12832320100005745,0.012251576999915414,0.14229784899998776,2.646658270347723,2.8193616298729753,3.2982267963255647
113.16735000200015,2.83,3.0300000000000002,3.43,0.03468589199997041,0.06241836499998499,0.048577893000128824,2.6032287644385,2.8193616298729753,3.245427552727067
113.21747144900019,2.83,3.0300000000000002,3.43,0.08480733900000814,0.11253981200002272,0.09869934000016656,2.6032287644385,2.8193616298729753,3.245427552727067
113.26761337400012,2.83,2.99,3.48,0.13494926399994256,0.018380361000026824,0.004533944000058909,2.6032287644385,2.776328510821441,3.2982267963255647
113.31782211200016,2.83,2.99,3.48,0.0407756680001512,0.06858909900006438,0.054742682000096465,2.6032287644385,2.776328510821441,3.2982267963255647
113.3679399040002,2.83,2.99,3.48,0.0908934600001885,0.11870689100010168,0.10486047400013376,2.6032287644385,2.776328510821441,3.2982267963255647
113.41806743700022,2.83,2.99,3.42,0.1410209930002111,0.024924723000140148,0.010962186000142538,2.6032287644385,2.776328510821441,3.2348570292982033
113.4682063260002,2.81,2.99,3.42,0.0473998570000731,0.0750636120001218,0.06110107500012418,2.5814724480420086,2.776328510821441,3.2348570292982033
113.51859872800014,2.81,2.99,3.42,0.0977922590000162,0.1254560140000649,0.11149347700006729,2.5814724480420086,2.776328510821441,3.2348570292982033
113.56874374100016,2.86,3.06,3.47,0.0040982770001392055,0.03194801900008315,0.017985511000006227,2.63581107061944,2.8515785102290274,3.287673949770567
113.61887826400016,2.86,3.06,3.47,0.054232800000136194,0.08208254200008014,0.06812003400000322,2.63581107061944,2.8515785102290274,3.287673949770567
113.6690149760002,2.86,3.06,3.47,0.10436951200017575,0.1322192540001197,0.11825674600004277,2.63581107061944,2.8515785102290274,3.287673949770567
113.71912720800015,2.83,2.99,3.48,0.010186832000044888,0.03803516900006798,0.02419475700003204,2.6032287644385,2.776328510821441,3.2982267963255647
113.76942558000019,2.83,2.99,3.48,0.06048520400008783,0.08833354100011093,0.07449312900007499,2.6032287644385,2.776328510821441,3.2982267963255647
113.81978764700011,2.83,2.99,3.48,0.11084727100001146,0.13869560800003455,0.12485519599999861,2.6032287644385,2.776328510821441,3.2982267963255647
113.86993220900013,2.85,3.0,3.42,0.017013912000038545,0.044935556999917026,0.030928581000125632,2.624957142507283,2.787095262096364,3.2348570292982033
113.9202968730001,2.85,3.0,3.42,0.06737857600001007,0.09530022099988855,0.08129324500009716,2.624957142507283,2.787095262096364,3.2348570292982033
113.97038636800016,2.85,3.0100000000000002,3.42,0.11746807100007572,0.001335558000164383,0.1313827400001628,2.624957142507283,2.797856322258168,3.2348570292982033
114.02071779200014,2.85,3.0100000000000002,3.49,0.02394979299992883,0.051666982000142525,0.03771702199992433,2.624957142507283,2.797856322258168,3.308776208811953
114.07086303200003,2.85,3.0100000000000002,3.49,0.07409503299982134,0.10181222200003504,0.08786226199981684,2.624957142507283,2.797856322258168,3.308776208811953
114.12099657400017,2.85,3.0100000000000002,3.49,0.12422857499996098,0.008164949000047272,0.13799580399995648,2.624957142507283,2.797856322258168,3.308776208811953
114.17126715200015,2.86,3.0100000000000002,3.43,0.03041201199994248,0.05843552700002874,0.04441206699993927,2.63581107061944,2.797856322258168,3.245427552727067
114.22160196000004,2.86,3.0100000000000002,3.43,0.08074681999983113,0.1087703349999174,0.09474687499982792,2.63581107061944,2.797856322258168,3.245427552727067
114.2716963580001,2.86,3.1,3.44,0.1308412179998868,0.014973794000070484,0.0009731439999995928,2.63581107061944,2.8944602260179706,3.255994471739778
114.32182785400005,2.87,3.1,3.44,0.036988169999858656,0.06510529000001952,0.05110463999994863,2.646658270347723,2.8944602260179706,3.255994471739778
114.37215358000003,2.87,3.1,3.44,0.0873138959998414,0.11543101600000227,0.10143036599993138,2.646658270347723,2.8944602260179706,3.255994471739778
114.4223000840002,2.87,3.04,3.45,0.13746040000000903,0.02129558100000395,0.007362497000030999,2.646658270347723,2.830106005081788,3.266557821315888
114.47252166200019,2.86,3.04,3.45,0.04391749299998082,0.07151715899999544,0.057584075000022494,2.63581107061944,2.830106005081788,3.266557821315888
114.52279108500011,2.86,3.04,3.45,0.0941869159998987,0.12178658199991332,0.10785349799994037,2.63581107061944,2.830106005081788,3.266557821315888
114.5728866410002,2.87,3.0,3.44,0.00018498100007491303,0.02804832600008922,0.013919481000129963,2.646658270347723,2.787095262096364,3.255994471739778
114.62320919000013,2.87,3.0,3.44,0.05050753000000441,0.07837087500001871,0.06424203000005946,2.646658270347723,2.787095262096364,3.255994471739778
114.67335358000014,2.87,3.0,3.44,0.10065192000001844,0.12851526500003274,0.11438642000007349,2.646658270347723,2.787095262096364,3.255994471739778
114.72361198000021,2.77,3.0700000000000003,3.43,0.0068043610001495836,0.03495689300007143,0.021020091000082175,2.53787312527636,2.862306762036522,3.245427552727067
114.77373057600016,2.77,3.0700000000000003,3.43,0.056922957000097085,0.08507548900001893,0.07113868700002968,2.53787312527636,2.862306762036522,3.245427552727067
114.82403873300018,2.77,3.0700000000000003,3.43,0.10723111400011476,0.1353836460000366,0.12144684400004735,2.53787312527636,2.862306762036522,3.245427552727067
114.87416287500014,2.84,2.98,3.48,0.013330368999959319,0.0415890940000736,0.027450105000070835,2.614096402200959,2.765556001964162,3.2982267963255647
114.92425436799999,2.84,2.98,3.48,0.0634218619998137,0.09168058699992798,0.07754159799992522,2.614096402200959,2.765556001964162,3.2982267963255647
114.97446517700018,2.84,2.98,3.48,0.11363267100000485,0.14189139600011913,0.12775240700011636,2.614096402200959,2.765556001964162,3.2982267963255647
115.02479291500003,2.84,2.98,3.48,0.16396040899985564,0.19221913399996993,0.17808014499996716,2.614096402200959,2.765556001964162,3.2982267963255647
115.07491341600007,2.84,2.98,3.48,0.21408090999989327,0.24233963500000755,0.22820064600000478,2.614096402200959,2.765556001964162,3.2982267963255647
115.1252365360001,2.84,2.98,3.48,0.2644040299999233,0.2926627550000376,0.2785237660000348,2.614096402200959,2.765556001964162,3.2982267963255647
115.17559903700021,2.84,2.98,3.48,0.31476653100003205,0.34302525600014633,0.32888626700014356,2.614096402200959,2.765556001964162,3.2982267963255647
115.22612464400004,2.84,2.98,3.48,0.3652921379998588,0.3935508629999731,0.37941187399997034,2.614096402200959,2.765556001964162,3.2982267963255647
115.27639182600001,2.84,3.02,3.48,0.4155593199998293,0.011558944999933374,0.42967905599994083,2.614096402200959,2.8086117567225273,3.2982267963255647
115.326713186,2.85,3.02,3.4,0.03373562100000527,0.06188030499993147,0.04813301599983788,2.624957142507283,2.8086117567225273,3.2137050269120837
115.37685711900008,2.85,3.02,3.4,0.0838795540000774,0.1120242380000036,0.09827694899991002,2.624957142507283,2.8086117567225273,3.2137050269120837
115.427197063,2.85,3.0,3.46,0.1342194979999931,0.018160326999804965,0.004727052999896841,2.624957142507283,2.787095262096364,3.2771176359721967
115.47736876400018,2.84,3.0,3.46,0.04036399899996468,0.06833202799998617,0.05489875400007804,2.614096402200959,2.787095262096364,3.2771176359721967
115.52757473400015,2.84,3.0,3.46,0.09056996899994374,0.11853799799996523,0.1051047240000571,2.614096402200959,2.787095262096364,3.2771176359721967
115.57768856100006,2.84,3.02,3.42,0.14068379599984837,0.024876570000060383,0.010670745999959763,2.614096402200959,2.8086117567225273,3.2348570292982033
115.62800600900005,2.86,3.02,3.42,0.04715877900002852,0.07519401800004744,0.060988193999946816,2.63581107061944,2.8086117567225273,3.2348570292982033
115.6783339330002,2.86,3.02,3.42,0.09748670300018603,0.12552194200020494,0.11131611800010432,2.63581107061944,2.8086117567225273,3.2348570292982033
115.72847685300007,2.85,3.0,3.49,0.003506770000058168,0.03170332700005929,0.017492167000000336,2.624957142507283,2.787095262096364,3.308776208811953
115.778646149,2.85,3.0,3.49,0.05367606599997998,0.0818726229999811,0.06766146299992215,2.624957142507283,2.787095262096364,3.308776208811953
115.82879811700013,2.85,3.0,3.49,0.10382803400011653,0.13202459100011765,0.1178134310000587,2.624957142507283,2.787095262096364,3.308776208811953
115.87904859900004,2.85,2.98,3.45,0.010287364999840065,0.03863453300004949,0.0242945200000122,2.624957142507283,2.765556001964162,3.266557821315888
115.92916569100021,2.85,2.98,3.45,0.060404457000004186,0.08875162500021361,0.07441161200017632,2.624957142507283,2.765556001964162,3.266557821315888
115.97949818700022,2.85,2.98,3.45,0.11073695300001418,0.1390841210002236,0.12474410800018632,2.624957142507283,2.765556001964162,3.266557821315888
116.02959697200004,2.83,2.99,3.43,0.01669804799985286,0.04500609499996244,0.030830829000024096,2.6032287644385,2.776328510821441,3.245427552727067
116.07993126600013,2.83,2.99,3.43,0.06703234199994768,0.09534038900005726,0.08116512300011891,2.6032287644385,2.776328510821441,3.245427552727067
116.13002103900021,2.83,3.0,3.43,0.11712211500002923,0.001315282000177831,0.13125489600020046,2.6032287644385,2.787095262096364,3.245427552727067
116.1801606460001,2.82,3.0,3.43,0.023321739000039088,0.05145488900006967,0.03756081799997446,2.592354142473593,2.787095262096364,3.245427552727067
116.230273334,2.82,3.0,3.43,0.0734344269999383,0.10156757699996888,0.08767350599987367,2.592354142473593,2.787095262096364,3.245427552727067
116.28040171300017,2.82,3.0300000000000002,3.43,0.12356280600010905,0.007443627000156994,0.13780188500004442,2.592354142473593,2.8193616298729753,3.245427552727067
116.33073451400014,2.83,3.0300000000000002,3.44,0.03023985899994841,0.057776428000124724,0.04407384399996772,2.6032287644385,2.8193616298729753,3.255994471739778
116.38106362500002,2.83,3.0300000000000002,3.44,0.0805689699998311,0.10810553900000741,0.09440295499985041,2.6032287644385,2.8193616298729753,3.255994471739778
116.43115356800013,2.83,3.0,3.43,0.13065891299993382,0.014439968000033332,0.0005748920000314683,2.6032287644385,2.787095262096364,3.245427552727067
116.48149922700009,2.84,3.0,3.43,0.0366827299999386,0.06478562699999202,0.050920550999990155,2.614096402200959,2.787095262096364,3.245427552727067
116.53163054300012,2.84,3.0,3.43,0.08681404599997222,0.11491694300002564,0.10105186700002378,2.614096402200959,2.787095262096364,3.245427552727067
116.58194738500015,2.84,3.04,3.4,0.1371308880000015,0.021017423000103008,0.0071017729999312,2.614096402200959,2.830106005081788,3.2137050269120837
116.63228459200013,2.85,3.04,3.4,0.04358611900011056,0.07135463000008713,0.05743897999991532,2.624957142507283,2.830106005081788,3.2137050269120837
116.68240514700005,2.85,3.04,3.4,0.09370667400003185,0.12147518500000842,0.10755953499983661,2.624957142507283,2.830106005081788,3.2137050269120837
116.73262205700007,2.85,2.98,3.45,0.14392358400004923,0.02785172399990188,0.013786381000045367,2.624957142507283,2.765556001964162,3.266557821315888
116.78273803600018,2.83,2.98,3.45,0.04969738099998722,0.07796770300001299,0.06390236000015648,2.6032287644385,2.765556001964162,3.266557821315888
116.83291143800011,2.83,2.98,3.45,0.09987078299991481,0.12814110499994058,0.11407576200008407,2.6032287644385,2.765556001964162,3.266557821315888
116.88305698800013,2.86,3.08,3.44,0.0062826149999182235,0.034213860000136265,0.02023871100004726,2.63581107061944,2.8730297596787957,3.255994471739778
116.9331339370001,2.86,3.08,3.44,0.05635956399987663,0.08429080900009467,0.07031566000000566,2.63581107061944,2.8730297596787957,3.255994471739778
116.98347207200004,2.86,3.08,3.44,0.10669769899982384,0.13462894400004188,0.12065379499995288,2.63581107061944,2.8730297596787957,3.255994471739778
117.03380743800017,2.87,3.02,3.44,0.013108231000160231,0.041123388999949384,0.027040664999958608,2.646658270347723,2.8086117567225273,3.255994471739778
117.08396299800006,2.87,3.02,3.44,0.06326379100005397,0.09127894899984312,0.07719622499985235,2.646658270347723,2.8086117567225273,3.255994471739778
117.13407499000004,2.87,3.02,3.44,0.1133757830000377,0.14139094099982685,0.12730821699983608,2.646658270347723,2.8086117567225273,3.255994471739778
117.18441287600012,2.82,3.0300000000000002,3.46,0.019937143000106516,0.04784538200010502,0.03362729300010869,2.592354142473593,2.8193616298729753,3.2771176359721967
117.2347515670001,2.82,3.0300000000000002,3.46,0.07027583400008552,0.09818407300008403,0.0839659840000877,2.592354142473593,2.8193616298729753,3.2771176359721967
117.28508467300003,2.82,3.06,3.46,0.12060894000001099,0.004252446999998938,0.13429909000001317,2.592354142473593,2.8515785102290274,3.2771176359721967
117.3352443560002,2.83,3.06,3.49,0.026564204000123937,0.05441213000017342,0.04074965100016925,2.6032287644385,2.8515785102290274,3.308776208811953
117.38551344300004,2.83,3.06,3.49,0.07683329099995717,0.10468121700000665,0.09101873800000249,2.6032287644385,2.8515785102290274,3.308776208811953
117.4358354320002,2.83,3.04,3.49,0.12715528000012455,0.011049483000078908,0.14134072700016986,2.6032287644385,2.830106005081788,3.308776208811953
117.48619997600008,2.87,3.04,3.45,0.03355791500007399,0.06141402699995524,0.047632324999995035,2.646658270347723,2.830106005081788,3.266557821315888
117.53635663500017,2.87,3.04,3.45,0.0837145740001688,0.11157068600005005,0.09778898400008984,2.646658270347723,2.830106005081788,3.266557821315888
117.58649224200008,2.87,3.0,3.45,0.13385018100007073,0.017830351999919003,0.004007151999985581,2.646658270347723,2.787095262096364,3.266557821315888
117.6368104720002,2.81,3.0,3.45,0.04021570100007921,0.06814858200004892,0.054325382000115496,2.5814724480420086,2.787095262096364,3.266557821315888
117.6871521930002,2.81,3.0,3.45,0.09055742200007444,0.11849030300004415,0.10466710300011073,2.5814724480420086,2.787095262096364,3.266557821315888
117.73724247000018,2.81,2.99,3.4,0.14064769900005558,0.024839635000034832,0.010918155000126717,2.5814724480420086,2.776328510821441,3.2137050269120837
117.78747988600003,2.84,2.99,3.4,0.047205650000023525,0.07507705099988016,0.06115557099997204,2.614096402200959,2.776328510821441,3.2137050269120837
117.8376933410002,2.84,2.99,3.4,0.09741910500019912,0.12529050600005576,0.11136902600014764,2.614096402200959,2.776328510821441,3.2137050269120837
117.88777920000007,2.88,3.0,3.45,0.0036463510000430688,0.03113500699987526,0.017669194000063726,2.6574988240825244,2.787095262096364,3.266557821315888
117.9381009560002,2.88,3.0,3.45,0.053968107000173404,0.0814567630000056,0.06799095000019406,2.6574988240825244,2.787095262096364,3.266557821315888
117.9884307320001,2.88,3.0,3.45,0.10429788300007203,0.13178653899990422,0.11832072600009269,2.6574988240825244,2.787095262096364,3.266557821315888
118.03874428500012,2.88,3.0,3.45,0.15461143600009564,0.18210009199992783,0.1686342790001163,2.6574988240825244,2.787095262096364,3.266557821315888
118.08891296300021,2.88,3.0,3.45,0.20478011400018659,0.23226877000001878,0.21880295700020724,2.6574988240825244,2.787095262096364,3.266557821315888
118.1390431440002,2.88,3.0,3.45,0.2549102950001725,0.28239895100000467,0.26893313800019314,2.6574988240825244,2.787095262096364,3.266557821315888
118.18919508400018,2.84,3.0100000000000002,3.42,0.016159803000164175,0.04490349399998195,0.030672213000116244,2.614096402200959,2.797856322258168,3.2348570292982033
118.239291074,2.84,3.0100000000000002,3.42,0.06625579299998208,0.09499948399979985,0.08076820299993415,2.614096402200959,2.797856322258168,3.2348570292982033
118.28936893100013,2.84,3.06,3.42,0.11633365000011509,0.001010561999919446,0.13084606000006715,2.614096402200959,2.8515785102290274,3.2348570292982033
118.33971327600011,2.88,3.06,3.46,0.022886586999902647,0.051354906999904415,0.03730478300008144,2.6574988240825244,2.8515785102290274,3.2771176359721967
118.38983492600005,2.88,3.06,3.46,0.07300823699983994,0.1014765569998417,0.08742643300001873,2.6574988240825244,2.8515785102290274,3.2771176359721967
118.4401603020001,2.88,3.0100000000000002,3.46,0.1233336129998861,0.007518320999906791,0.1377518090000649,2.6574988240825244,2.797856322258168,3.2771176359721967
118.490334759,2.82,3.0100000000000002,3.45,0.02968618099998821,0.057692777999818645,0.0439636689998224,2.592354142473593,2.797856322258168,3.266557821315888
118.54066161200012,2.82,3.0100000000000002,3.45,0.08001303400010329,0.10801963099993372,0.09429052199993748,2.592354142473593,2.797856322258168,3.266557821315888
118.59077841400017,2.82,3.02,3.45,0.13012983600015104,0.01451724399998966,0.0006608180001421715,2.592354142473593,2.8086117567225273,3.266557821315888
118.6409197920002,2.85,3.02,3.45,0.03623024300009092,0.06465862200002448,0.05080219600017699,2.624957142507283,2.8086117567225273,3.266557821315888
118.6910648070002,2.85,3.02,3.45,0.08637525800008916,0.11480363700002272,0.10094721100017523,2.624957142507283,2.8086117567225273,3.266557821315888
118.74124075600002,2.85,2.99,3.45,0.1365512069999113,0.020880208999869865,0.15112315999999737,2.624957142507283,2.776328510821441,3.266557821315888
118.79157459900011,2.84,2.99,3.45,0.043203728999969826,0.07121405199995934,0.20145700300008684,2.614096402200959,2.776328510821441,3.266557821315888
118.84166215800019,2.84,2.99,3.45,0.09329128800004582,0.12130161100003534,0.25154456200016284,2.614096402200959,2.776328510821441,3.266557821315888
118.89178067500006,2.84,2.98,3.45,0.1434098049999193,0.02730114499991032,0.3016630790000363,2.614096402200959,2.765556001964162,3.266557821315888
118.94190126400008,2.81,2.98,3.45,0.0491798129999097,0.0774217339999268,0.3517836680000528,2.5814724480420086,2.765556001964162,3.266557821315888
118.99222603700014,2.81,2.98,3.45,0.09950458599996637,0.12774650699998347,0.40210844100010945,2.5814724480420086,2.765556001964162,3.266557821315888
119.04236983100009,2.83,3.04,3.42,0.005694412999901033,0.03390954199994667,0.019887720000042464,2.6032287644385,2.830106005081788,3.2348570292982033
119.09268908700005,2.83,3.04,3.42,0.05601366899986715,0.08422879799991279,0.07020697600000858,2.6032287644385,2.830106005081788,3.2348570292982033
119.14281868000012,2.83,3.04,3.42,0.10614326199993229,0.13435839099997793,0.12033656900007372,2.6032287644385,2.830106005081788,3.2348570292982033
119.19315022600017,2.85,3.0500000000000003,3.45,0.01281474999996135,0.04082721700001457,0.02641717799997423,2.624957142507283,2.8408449447303528,3.266557821315888
119.24327091800001,2.85,3.0500000000000003,3.45,0.06293544199979806,0.09094790899985128,0.07653786999981094,2.624957142507283,2.8408449447303528,3.266557821315888
119.2936079000001,2.85,3.0500000000000003,3.45,0.1132724239998879,0.14128489099994113,0.12687485199990078,2.624957142507283,2.8408449447303528,3.266557821315888
119.34372781600018,2.83,3.0,3.5,0.019357601000137947,0.047031002000039734,0.03326853500016114,2.6032287644385,2.787095262096364,3.319322219972023
119.39383889800001,2.83,3.0,3.5,0.06946868299996822,0.09714208399987001,0.08337961699999141,2.6032287644385,2.787095262096364,3.319322219972023
119.44396663500015,2.83,3.0100000000000002,3.5,0.11959642000010717,0.003194898999936413,0.13350735400013036,2.6032287644385,2.797856322258168,3.319322219972023
119.49413650300016,2.87,3.0100000000000002,3.43,0.02587348500014741,0.05336476699994819,0.039689627000143446,2.646658270347723,2.797856322258168,3.245427552727067
119.54428184800008,2.87,3.0100000000000002,3.43,0.07601883000006637,0.10351011199986715,0.08983497200006241,2.646658270347723,2.797856322258168,3.245427552727067
119.59437215900016,2.87,3.0,3.43,0.1261091410001427,0.00763872600009563,0.13992528300013873,2.646658270347723,2.787095262096364,3.245427552727067
119.6447052420001,2.81,3.0,3.39,0.032111194999970394,0.057971809000036956,0.04626889299993309,2.5814724480420086,2.787095262096364,3.2031234756093934
119.6948250060002,2.81,3.0,3.39,0.08223095900007138,0.10809157300013794,0.09638865700003407,2.5814724480420086,2.787095262096364,3.2031234756093934
119.74514621700018,2.81,3.0100000000000002,3.48,0.1325521700000536,0.01651590100004796,0.002499295000006896,2.5814724480420086,2.797856322258168,3.2982267963255647
119.79531299400014,2.81,3.0100000000000002,3.48,0.03900996400011536,0.06668267800000649,0.052666071999965425,2.5814724480420086,2.797856322258168,3.2982267963255647
119.84542133200011,2.81,3.0100000000000002,3.48,0.08911830200008808,0.11679101599997921,0.10277440999993814,2.5814724480420086,2.797856322258168,3.2982267963255647
119.89571412500004,2.81,3.02,3.41,0.13941109500001403,0.0233414519998405,0.008904754000013781,2.5814724480420086,2.8086117567225273,3.2242828660029197
119.94583232900004,2.85,3.02,3.41,0.045347563999939666,0.07345965599984083,0.059022958000014114,2.624957142507283,2.8086117567225273,3.2242828660029197
119.99596326900019,2.85,3.02,3.41,0.09547850400008429,0.12359059599998545,0.10915389800015873,2.624957142507283,2.8086117567225273,3.2242828660029197
120.04609944000003,2.87,3.0,3.46,0.001852646999850549,0.029649781999978586,0.01575419100004183,2.646658270347723,2.787095262096364,3.2771176359721967
120.09645127400017,2.87,3.0,3.46,0.052204480999989755,0.08000161600011779,0.06610602500018103,2.646658270347723,2.787095262096364,3.2771176359721967
120.14674525500004,2.87,3.0,3.46,0.10249846199985768,0.13029559699998572,0.11640000600004896,2.646658270347723,2.787095262096364,3.2771176359721967
120.19707797200022,2.8,3.0300000000000002,3.42,0.008864557000151763,0.03643721800017374,0.022835671000166258,2.5705835913270745,2.8193616298729753,3.2348570292982033
120.24720269100021,2.8,3.0300000000000002,3.42,0.058989276000147584,0.08656193700016956,0.07296039000016208,2.5705835913270745,2.8193616298729753,3.2348570292982033
120.29742414900011,2.8,3.0300000000000002,3.42,0.10921073400004389,0.13678339500006587,0.12318184800005838,2.5705835913270745,2.8193616298729753,3.2348570292982033
120.34776302400019,2.83,3.02,3.46,0.015345393000188778,0.043478408000055424,0.029522363000069163,2.6032287644385,2.8086117567225273,3.2771176359721967
120.398063181,2.83,3.02,3.46,0.06564554999999928,0.09377856499986592,0.07982251999987966,2.6032287644385,2.8086117567225273,3.2771176359721967
120.44832468300001,2.83,3.0100000000000002,3.46,0.11590705200001139,8.194999986699258e-05,0.13008402199989177,2.6032287644385,2.797856322258168,3.2771176359721967
120.49846646700007,2.81,3.0100000000000002,3.39,0.022404015999882176,0.0502237339999283,0.03599261799990927,2.5814724480420086,2.797856322258168,3.2031234756093934
120.54875577200005,2.81,3.0100000000000002,3.39,0.07269332099986059,0.10051303899990671,0.08628192299988768,2.5814724480420086,2.797856322258168,3.2031234756093934
120.59890944900008,2.81,3.0,3.39,0.1228469979998863,0.006696675000057439,0.1364355999999134,2.5814724480420086,2.787095262096364,3.2031234756093934
120.64921384100012,2.83,3.0,3.39,0.02889069999991989,0.0570010670001011,0.04319013500003166,2.6032287644385,2.787095262096364,3.2031234756093934
120.69950392300007,2.83,3.0,3.39,0.07918078199986667,0.10729114900004788,0.09348021699997844,2.6032287644385,2.787095262096364,3.2031234756093934
120.74962535000009,2.83,3.02,3.39,0.12930220899988853,0.013388347000045542,0.1436016440000003,2.6032287644385,2.8086117567225273,3.2031234756093934
120.79985441200006,2.83,3.02,3.46,0.035483611000017845,0.06361740900001678,0.049467111000012665,2.6032287644385,2.8086117567225273,3.2771176359721967
120.85000385500007,2.83,3.02,3.46,0.08563305400002719,0.11376685200002612,0.099616554000022,2.6032287644385,2.8086117567225273,3.2771176359721967
120.90009199400015,2.83,2.98,3.39,0.13572119300010854,0.019851390999974683,0.005981252000083259,2.6032287644385,2.765556001964162,3.2031234756093934
120.95043905000011,2.81,2.98,3.39,0.042235253999933775,0.07019844699993882,0.0563283080000474,2.5814724480420086,2.765556001964162,3.2031234756093934
121.0007247110002,2.81,2.98,3.39,0.0925209150000228,0.12048410800002785,0.10661396900013642,2.5814724480420086,2.765556001964162,3.2031234756093934
121.05106744900013,2.81,2.98,3.39,0.1428636529999494,0.17082684599995446,0.15695670700006303,2.5814724480420086,2.765556001964162,3.2031234756093934
121.10152850300005,2.81,2.98,3.39,0.19332470699987425,0.2212878999998793,0.20741776099998788,2.5814724480420086,2.765556001964162,3.2031234756093934
121.15163386900008,2.81,2.98,3.39,0.2434300729998995,0.27139326599990454,0.2575231270000131,2.5814724480420086,2.765556001964162,3.2031234756093934
121.20179745600012,2.86,3.06,3.37,0.005476606000001993,0.03366384400010247,0.019769935000113037,2.63581107061944,2.8515785102290274,3.1819490882162147
121.251908662,2.86,3.06,3.37,0.05558781199988516,0.08377504999998564,0.0698811409999962,2.63581107061944,2.8515785102290274,3.1819490882162147
121.30223457600005,2.86,3.06,3.37,0.1059137259999261,0.13410096400002658,0.12020705500003714,2.63581107061944,2.8515785102290274,3.1819490882162147
121.35248455500005,2.85,3.0,3.48,0.012243441000009625,0.040157989999897836,0.026405848999957016,2.624957142507283,2.787095262096364,3.2982267963255647
121.40282380500003,2.85,3.0,3.48,0.0625826909999887,0.09049723999987691,0.07674509899993609,2.624957142507283,2.787095262096364,3.2982267963255647
121.45294875500008,2.85,3.0,3.48,0.11270764100004271,0.14062218999993092,0.1268700489999901,2.624957142507283,2.787095262096364,3.2982267963255647
121.50328076200003,2.83,3.02,3.42,0.018872022999858018,0.04729811999982303,0.033217854999975316,2.6032287644385,2.8086117567225273,3.2348570292982033
121.55345353200005,2.83,3.02,3.42,0.06904479299987543,0.09747088999984044,0.08339062499999272,2.6032287644385,2.8086117567225273,3.2348570292982033
121.60373346700021,2.83,3.04,3.42,0.1193247280000378,0.003427482000006421,0.1336705600001551,2.6032287644385,2.830106005081788,3.2348570292982033
121.65389557400022,2.83,3.04,3.41,0.02559395800017228,0.05358958900001198,0.03965194900001734,2.6032287644385,2.830106005081788,3.2242828660029197
121.70413762200019,2.83,3.04,3.41,0.07583600600014506,0.10383163699998477,0.08989399699999012,2.6032287644385,2.830106005081788,3.2242828660029197
121.7543129170001,2.83,3.0300000000000002,3.41,0.1260113010000623,0.010012825000103476,0.14006929199990736,2.6032287644385,2.8193616298729753,3.2242828660029197
121.80439933100001,2.83,3.0300000000000002,3.43,0.03218423799989978,0.06009923900001013,0.046018752000009044,2.6032287644385,2.8193616298729753,3.245427552727067
121.85455198500017,2.83,3.0300000000000002,3.43,0.08233689200005756,0.11025189300016791,0.09617140600016683,2.6032287644385,2.8193616298729753,3.245427552727067
121.90486689500017,2.83,3.0,3.46,0.13265180200005489,0.016765214000088235,0.0024719030000142084,2.6032287644385,2.787095262096364,3.2771176359721967
121.95521600100005,2.82,3.0,3.46,0.03901735799991002,0.0671143199999733,0.05282100899989928,2.592354142473593,2.787095262096364,3.2771176359721967
122.0053305360002,2.82,3.0,3.46,0.08913189300005797,0.11722885500012126,0.10293554400004723,2.592354142473593,2.787095262096364,3.2771176359721967
122.05549408800016,2.82,3.0,3.39,0.13929544500001612,0.02324665600008302,0.009247934000086389,2.592354142473593,2.787095262096364,3.2031234756093934
122.10582361000002,2.84,3.0,3.39,0.045816866999984995,0.07357617799993932,0.059577455999942686,2.614096402200959,2.787095262096364,3.2031234756093934
122.155942718,2.84,3.0,3.39,0.09593597499997486,0.12369528599992918,0.10969656399993255,2.614096402200959,2.787095262096364,3.2031234756093934
122.2062182730001,2.85,3.02,3.4,0.0017946099999335274,0.030352079000067533,0.015726445999916905,2.624957142507283,2.8086117567225273,3.2137050269120837
122.25634652300005,2.85,3.02,3.4,0.05192285999987689,0.0804803290000109,0.06585469599986027,2.624957142507283,2.8086117567225273,3.2137050269120837
122.30643981200001,2.85,3.02,3.4,0.10201614899983724,0.13057361799997125,0.11594798499982062,2.624957142507283,2.8086117567225273,3.2137050269120837
122.35677092200012,2.78,3.0100000000000002,3.42,0.008438974999990023,0.03693186100008461,0.02200987600008375,2.5487840238042923,2.797856322258168,3.2348570292982033
122.40712829600011,2.78,3.0100000000000002,3.42,0.058796348999976544,0.08728923500007113,0.07236725000007027,2.5487840238042923,2.797856322258168,3.2348570292982033
122.45722326000009,2.78,3.0100000000000002,3.42,0.10889131299995825,0.13738419900005283,0.12246221400005197,2.5487840238042923,2.797856322258168,3.2348570292982033
122.50741382000001,2.8,2.99,3.48,0.015039585999829796,0.04360642199981157,0.029140934999986712,2.5705835913270745,2.776328510821441,3.2982267963255647
122.5575339720001,2.8,2.99,3.48,0.06515973799992025,0.09372657399990203,0.07926108700007717,2.5705835913270745,2.776328510821441,3.2982267963255647
122.6075986740002,2.8,2.99,3.48,0.11522444000001997,0.14379127600000174,0.12932578900017688,2.5705835913270745,2.776328510821441,3.2982267963255647
122.65783939100015,2.83,3.0300000000000002,3.44,0.021655332000136696,0.04949456700001065,0.03562410800009275,2.6032287644385,2.8193616298729753,3.255994471739778
122.70798459600019,2.83,3.0300000000000002,3.44,0.07180053700017197,0.09963977200004592,0.08576931300012802,2.6032287644385,2.8193616298729753,3.255994471739778
122.75831081300021,2.83,3.04,3.44,0.1221267540001918,0.006049388000064937,0.13609553000014785,2.6032287644385,2.830106005081788,3.255994471739778
122.8084283610001,2.85,3.04,3.46,0.02840918399988368,0.05616693599995415,0.04234017399994627,2.624957142507283,2.830106005081788,3.2771176359721967
122.8587611590001,2.85,3.04,3.46,0.07874198199988314,0.1064997339999536,0.09267297199994573,2.624957142507283,2.830106005081788,3.2771176359721967
122.90890484500005,2.85,2.98,3.46,0.12888566799983892,0.012711864000038986,0.1428166579999015,2.624957142507283,2.765556001964162,3.2771176359721967
122.95900574200004,2.84,2.98,3.49,0.03505349199986085,0.06281276100003197,0.04895725500000481,2.614096402200959,2.765556001964162,3.308776208811953
123.00914206300013,2.84,2.98,3.49,0.08518981299994266,0.11294908200011378,0.09909357600008661,2.614096402200959,2.765556001964162,3.308776208811953
123.05947378000019,2.84,3.0100000000000002,3.43,0.13552153000000544,0.0193415339999774,0.005158602000165047,2.614096402200959,2.797856322258168,3.245427552727067
123.10983423300013,2.83,3.0100000000000002,3.43,0.04183233699995981,0.0697019869999167,0.055519055000104345,2.6032287644385,2.797856322258168,3.245427552727067
123.15995167700021,2.83,3.0100000000000002,3.43,0.09194978100003937,0.11981943099999626,0.1056364990001839,2.6032287644385,2.797856322258168,3.245427552727067
123.21023387600007,2.83,3.04,3.45,0.1422319799999059,0.026052444000015385,0.011948334999942745,2.6032287644385,2.830106005081788,3.266557821315888
123.26035744200021,2.85,3.04,3.45,0.048385898000105954,0.07617601000015384,0.0620719010000812,2.624957142507283,2.830106005081788,3.266557821315888
123.310630103,2.85,3.04,3.45,0.09865855899988674,0.12644867099993462,0.11234456199986198,2.624957142507283,2.830106005081788,3.266557821315888
123.36073387200008,2.83,3.0300000000000002,3.41,0.00476208800000677,0.03237240999987989,0.01866483000003427,2.6032287644385,2.8193616298729753,3.2242828660029197
123.41086161300018,2.83,3.0300000000000002,3.41,0.05488982900010342,0.08250015099997654,0.06879257100013092,2.6032287644385,2.8193616298729753,3.2242828660029197
123.4611946460002,2.83,3.0300000000000002,3.41,0.10522286200011877,0.1328331839999919,0.11912560400014627,2.6032287644385,2.8193616298729753,3.2242828660029197
123.51148021100016,2.85,2.97,3.41,0.01125351500013494,0.03944773700004589,0.02534433000005265,2.624957142507283,2.7547776679797593,3.2242828660029197
123.56181673700007,2.85,2.97,3.41,0.06159004100004495,0.0897842629999559,0.07568085599996266,2.624957142507283,2.7547776679797593,3.2242828660029197
123.61195302200008,2.85,2.97,3.41,0.11172632600005272,0.13992054799996367,0.12581714099997043,2.624957142507283,2.7547776679797593,3.2242828660029197
123.6622753040001,2.84,3.0300000000000002,3.44,0.01813123700003416,0.04598033799993573,0.03205311200008509,2.614096402200959,2.8193616298729753,3.255994471739778
123.7123690620001,2.84,3.0300000000000002,3.44,0.06822499500003687,0.09607409599993844,0.0821468700000878,2.614096402200959,2.8193616298729753,3.255994471739778
123.76266061200022,2.84,3.0300000000000002,3.44,0.11851654500014774,0.0023452430000361346,0.13243842000019868,2.614096402200959,2.8193616298729753,3.255994471739778
123.81282261000001,2.85,3.0300000000000002,3.45,0.02488184599997112,0.052507240999830174,0.03877977699994517,2.624957142507283,2.8193616298729753,3.266557821315888
123.86316031700017,2.85,3.0300000000000002,3.45,0.0752195530001245,0.10284494799998356,0.08911748400009856,2.624957142507283,2.8193616298729753,3.266557821315888
123.91349379100006,2.85,2.99,3.45,0.12555302700002358,0.009481110000024273,0.13945095799999763,2.624957142507283,2.776328510821441,3.266557821315888
123.96381375400006,2.83,2.99,3.48,0.03203162499994505,0.05980107300001691,0.04589557200006311,2.6032287644385,2.776328510821441,3.2982267963255647
124.01415484500012,2.83,2.99,3.48,0.08237271600000895,0.11014216400008081,0.09623666300012701,2.6032287644385,2.776328510821441,3.2982267963255647
124.06450001300004,2.83,2.99,3.48,0.13271788399993056,0.16048733200000243,0.14658183100004862,2.6032287644385,2.776328510821441,3.2982267963255647
124.11477123899999,2.83,2.99,3.48,0.18298910999988038,0.21075855799995225,0.19685305699999844,2.6032287644385,2.776328510821441,3.2982267963255647
124.16511500500019,2.83,2.99,3.48,0.2333328760000768,0.26110232400014866,0.24719682300019485,2.6032287644385,2.776328510821441,3.2982267963255647
124.21535952800014,2.83,2.99,3.43,0.28357739900002343,0.02340616600008616,0.009240057999932105,2.6032287644385,2.776328510821441,3.245427552727067
124.26568391600017,2.84,2.99,3.43,0.04528338800014353,0.07373055400012163,0.059564445999967575,2.614096402200959,2.776328510821441,3.245427552727067
124.315862875,2.84,2.99,3.43,0.09546234699996603,0.12390951299994413,0.10974340499979007,2.614096402200959,2.776328510821441,3.245427552727067
124.36598015500022,2.83,3.0,3.39,0.0017972550001559284,0.03010121700003765,0.016134918000034304,2.6032287644385,2.787095262096364,3.2031234756093934
124.41608465700006,2.83,3.0,3.39,0.051901756999995996,0.08020571899987772,0.06623941999987437,2.6032287644385,2.787095262096364,3.2031234756093934
124.46623888800013,2.83,3.0,3.39,0.10205598800007465,0.13035994999995637,0.11639365099995302,2.6032287644385,2.787095262096364,3.2031234756093934
124.51653021200013,2.85,2.98,3.46,0.0081806289999804,0.03638998500014168,0.022740888000043924,2.624957142507283,2.765556001964162,3.2771176359721967
124.56663422600013,2.85,2.98,3.46,0.05828464299997904,0.08649399900014032,0.07284490200004257,2.624957142507283,2.765556001964162,3.2771176359721967
124.61679152400006,2.85,2.98,3.46,0.10844194099991,0.13665129700007128,0.12300219999997353,2.624957142507283,2.765556001964162,3.2771176359721967
124.66691166200008,2.83,3.0,3.44,0.01495778599996811,0.04304816299986669,0.029077419000032023,2.6032287644385,2.787095262096364,3.255994471739778
124.717193447,2.83,3.0,3.44,0.06523957099989275,0.09332994799979133,0.07935920399995666,2.6032287644385,2.787095262096364,3.255994471739778
124.76731854100012,2.83,3.0,3.44,0.11536466500001552,0.1434550419999141,0.12948429800007943,2.6032287644385,2.787095262096364,3.255994471739778
124.81746048900004,2.83,3.06,3.44,0.02141944799996054,0.04927698699998473,0.035865865000005215,2.6032287644385,2.8515785102290274,3.255994471739778
124.8677977440002,2.83,3.06,3.44,0.07175670300011916,0.09961424200014335,0.08620312000016384,2.6032287644385,2.8515785102290274,3.255994471739778
124.91795273800017,2.83,3.0500000000000003,3.44,0.12191169700008686,0.006140213999970001,0.13635811400013154,2.6032287644385,2.8408449447303528,3.255994471739778
124.96829155,2.84,3.0500000000000003,3.47,0.028526954999961163,0.056479025999806254,0.03846685999997135,2.614096402200959,2.8408449447303528,3.287673949770567
125.0186210610002,2.84,3.0500000000000003,3.47,0.07885646600016116,0.10680853700000625,0.08879637100017135,2.614096402200959,2.8408449447303528,3.287673949770567
125.06879124700004,2.84,3.0,3.47,0.1290266519999932,0.01276826200000869,0.13896655700000338,2.614096402200959,2.787095262096364,3.287673949770567
125.11888925800008,2.83,3.0,3.52,0.034686041999975714,0.0628662730000542,0.04879458799996428,2.6032287644385,2.787095262096364,3.3404041671630096
125.16909679300011,2.83,3.0,3.52,0.08489357700000255,0.11307380800008104,0.09900212299999112,2.6032287644385,2.787095262096364,3.3404041671630096
125.21965217800016,2.83,3.06,3.48,0.13544896200005496,0.020055014000035953,0.0054257110000435205,2.6032287644385,2.8515785102290274,3.2982267963255647
125.26995714400005,2.82,3.06,3.48,0.04195721099995353,0.07035997999992105,0.05573067699992862,2.592354142473593,2.8515785102290274,3.2982267963255647
125.32028952300016,2.82,3.06,3.48,0.09228959000006398,0.1206923590000315,0.10606305600003907,2.592354142473593,2.8515785102290274,3.2982267963255647
125.370374717,2.82,3.02,3.48,0.14237478399991232,0.02665819300000294,0.012457587999961106,2.592354142473593,2.8086117567225273,3.2982267963255647
125.42048486800013,2.83,3.02,3.48,0.048878628000011304,0.07676834400012922,0.06256773900008739,2.6032287644385,2.8086117567225273,3.2982267963255647
125.47081469700015,2.83,3.02,3.48,0.09920845700003156,0.12709817300014947,0.11289756800010764,2.6032287644385,2.8086117567225273,3.2982267963255647
125.52091600000017,2.85,3.04,3.45,0.005079633000150352,0.03308974300011869,0.01869291399998474,2.624957142507283,2.830106005081788,3.266557821315888
125.57102746200007,2.85,3.04,3.45,0.0551910950000547,0.08320120500002304,0.06880437599988909,2.624957142507283,2.830106005081788,3.266557821315888
125.62113583300015,2.85,3.04,3.45,0.10529946600013318,0.13330957600010152,0.11891274699996757,2.624957142507283,2.830106005081788,3.266557821315888
125.6712668130001,2.83,3.0,3.47,0.011429651000071317,0.03961986300009812,0.02535342600003787,2.6032287644385,2.787095262096364,3.287673949770567
125.72139013700007,2.83,3.0,3.47,0.06155297500004053,0.08974318700006734,0.07547675000000709,2.6032287644385,2.787095262096364,3.287673949770567
125.77172298100004,2.83,3.0,3.47,0.11188581900000827,0.14007603100003507,0.12580959399997482,2.6032287644385,2.787095262096364,3.287673949770567
125.82189203100006,2.82,3.0300000000000002,3.39,0.017927796999856582,0.04594321900003706,0.031839276000027894,2.592354142473593,2.8193616298729753,3.2031234756093934
125.87207979200002,2.82,3.0300000000000002,3.39,0.06811555799981761,0.09613097999999809,0.08202703699998892,2.592354142473593,2.8193616298729753,3.2031234756093934
125.92220418900001,2.82,3.0100000000000002,3.39,0.1182399549998081,0.0022429079999710666,0.13215143399997942,2.592354142473593,2.797856322258168,3.2031234756093934
125.97249539800009,2.83,3.0100000000000002,3.45,0.02453289200002473,0.05253411700005017,0.03835628999991059,2.6032287644385,2.797856322258168,3.266557821315888
126.02267381500019,2.83,3.0100000000000002,3.45,0.07471130900012213,0.10271253400014757,0.08853470700000798,2.6032287644385,2.797856322258168,3.266557821315888
126.07295589600017,2.83,3.02,3.45,0.12499339000009968,0.008756437000101869,0.13881678799998554,2.6032287644385,2.8086117567225273,3.266557821315888
126.1231167630001,2.85,3.02,3.47,0.03109726699995008,0.058917304000033255,0.04511634300001788,2.624957142507283,2.8086117567225273,3.287673949770567
126.17343809500017,2.85,3.02,3.47,0.08141859900001691,0.10923863600010009,0.09543767500008471,2.624957142507283,2.8086117567225273,3.287673949770567
126.22370316199999,2.85,3.02,3.44,0.13168366599984438,0.01561708699978226,0.0016091119998691283,2.624957142507283,2.8086117567225273,3.255994471739778
126.27405565800018,2.84,3.02,3.44,0.03522134500008178,0.06596958299996913,0.051961608000056,2.614096402200959,2.8086117567225273,3.255994471739778
126.32438155100022,2.84,3.02,3.44,0.08554723800011743,0.11629547600000478,0.10228750100009165,2.614096402200959,2.8086117567225273,3.255994471739778
126.37448041300013,2.84,3.02,3.5,0.13564610000003086,0.02261423200002355,0.008660366999947655,2.614096402200959,2.8086117567225273,3.319322219972023
126.4246892120002,2.82,3.02,3.5,0.04477790700002515,0.07282303100009813,0.05886916600002223,2.592354142473593,2.8086117567225273,3.319322219972023
126.47481341400021,2.82,3.02,3.5,0.09490210900003149,0.12294723300010446,0.10899336800002857,2.592354142473593,2.8086117567225273,3.319322219972023
126.52493549600013,2.83,3.0,3.42,0.0010112259999459638,0.029135766000081276,0.014935399000023608,2.6032287644385,2.787095262096364,3.2348570292982033
126.57527070800006,2.83,3.0,3.42,0.051346437999882255,0.07947097800001757,0.0652706109999599,2.6032287644385,2.787095262096364,3.2348570292982033
126.62537836300021,2.83,3.0,3.42,0.10145409300002939,0.1295786330001647,0.11537826600010703,2.6032287644385,2.787095262096364,3.2348570292982033
126.67551084600018,2.83,3.0,3.44,0.007593621000069106,0.03573679800001628,0.021608798999977807,2.6032287644385,2.787095262096364,3.255994471739778
126.72564756600013,2.83,3.0,3.44,0.057730341000024055,0.08587351799997123,0.07174551899993276,2.6032287644385,2.787095262096364,3.255994471739778
126.77578071900007,2.83,3.0,3.44,0.10786349399995743,0.1360066709999046,0.12187867199986613,2.6032287644385,2.787095262096364,3.255994471739778
126.82588217900002,2.83,3.0500000000000003,3.47,0.014449474000002738,0.04211770699998851,0.02818252199995186,2.6032287644385,2.8408449447303528,3.287673949770567
126.87606295,2.83,3.0500000000000003,3.47,0.06463024499998937,0.09229847799997515,0.0783632929999385,2.6032287644385,2.8408449447303528,3.287673949770567
126.92616988500004,2.83,3.0500000000000003,3.47,0.11473718000002009,0.14240541300000586,0.1284702279999692,2.6032287644385,2.8408449447303528,3.287673949770567
126.97629403000019,2.84,3.02,3.43,0.02038801800017609,0.04846758600001522,0.03433283399999709,2.614096402200959,2.8086117567225273,3.245427552727067
127.02661580100016,2.84,3.02,3.43,0.0707097890001478,0.09878935699998692,0.0846546049999688,2.614096402200959,2.8086117567225273,3.245427552727067
127.07673955300015,2.84,3.02,3.43,0.12083354100013821,0.14891310899997734,0.13477835699995921,2.614096402200959,2.8086117567225273,3.245427552727067
127.12706647100003,2.84,3.02,3.43,0.17116045900002064,0.19924002699985977,0.18510527499984164,2.614096402200959,2.8086117567225273,3.245427552727067
127.17735552900012,2.84,3.02,3.43,0.22144951700011006,0.2495290849999492,0.23539433299993107,2.614096402200959,2.8086117567225273,3.245427552727067
127.22769141200001,2.84,3.0700000000000003,3.43,0.27178539999999884,0.01171075899992502,0.28573021599981985,2.614096402200959,2.862306762036522,3.245427552727067
127.27780378600005,2.83,3.0700000000000003,3.42,0.03396993999990627,0.06182313299996167,0.04791711099983331,2.6032287644385,2.862306762036522,3.2348570292982033
127.32804434400009,2.83,3.0700000000000003,3.42,0.08421049799994762,0.11206369100000302,0.09815766899987466,2.6032287644385,2.862306762036522,3.2348570292982033
127.3781910470002,2.83,3.0300000000000002,3.47,0.1343572010000571,0.018214031000070463,0.004307782000068983,2.6032287644385,2.8193616298729753,3.287673949770567
127.4283369310001,2.8,3.0300000000000002,3.47,0.04048835300000064,0.06835991499997363,0.054453665999972145,2.5705835913270745,2.8193616298729753,3.287673949770567
127.47849624200012,2.8,3.0300000000000002,3.47,0.09064766400001645,0.11851922599998943,0.10461297699998795,2.5705835913270745,2.8193616298729753,3.287673949770567
127.52862459100015,2.8,2.98,3.42,0.14077601300004972,0.024728658999947584,0.010985931000050186,2.5705835913270745,2.765556001964162,3.2348570292982033
127.57874246900019,2.81,2.98,3.42,0.046660177000148906,0.07484653699998489,0.061103809000087494,2.5814724480420086,2.765556001964162,3.2348570292982033
127.62903447400004,2.81,2.98,3.42,0.09695218199999545,0.12513854199983143,0.11139581399993403,2.5814724480420086,2.765556001964162,3.2348570292982033
127.67918635600017,2.81,3.0500000000000003,3.39,0.003412617000094542,0.03121364399999038,0.017336369000076957,2.5814724480420086,2.8408449447303528,3.2031234756093934
127.7292854010002,2.81,3.0500000000000003,3.39,0.05351166200011903,0.08131268900001487,0.06743541400010145,2.5814724480420086,2.8408449447303528,3.2031234756093934
127.77961531000005,2.81,3.0500000000000003,3.39,0.10384157099997537,0.1316425979998712,0.11776532299995779,2.5814724480420086,2.8408449447303528,3.2031234756093934
127.82972411300011,2.83,3.08,3.44,0.009901390000095489,0.037873813000032897,0.02420773700009704,2.6032287644385,2.8730297596787957,3.255994471739778
127.88004672700004,2.83,3.08,3.44,0.060224004000019704,0.08819642699995711,0.07453035100002126,2.6032287644385,2.8730297596787957,3.255994471739778
127.93024245200013,2.83,3.08,3.44,0.11041972900011388,0.13839215200005128,0.12472607600011543,2.6032287644385,2.8730297596787957,3.255994471739778
127.98039714700008,2.86,3.02,3.45,0.016412273000014466,0.04454295400000774,0.03064784299999701,2.63581107061944,2.8086117567225273,3.266557821315888
128.0307180750001,2.86,3.02,3.45,0.06673320100003366,0.09486388200002693,0.0809687710000162,2.63581107061944,2.8086117567225273,3.266557821315888
128.0808057690001,2.86,3.04,3.45,0.11682089500004622,0.0010678910000478936,0.13105646500002877,2.63581107061944,2.830106005081788,3.266557821315888
128.13096115100007,2.81,3.04,3.47,0.02319193199991787,0.051223273000005065,0.037014238999972804,2.5814724480420086,2.830106005081788,3.287673949770567
128.18124408900007,2.81,3.04,3.47,0.07347486999992725,0.10150621100001445,0.08729717699998218,2.5814724480420086,2.830106005081788,3.287673949770567
128.23136071600015,2.81,3.02,3.47,0.12359149700000671,0.007735386000149447,0.13741380400006165,2.5814724480420086,2.8086117567225273,3.287673949770567
128.281695871,2.86,3.02,3.46,0.02986422699996183,0.058070541000006415,0.043995605999953113,2.63581107061944,2.8086117567225273,3.2771176359721967
128.3320078060001,2.86,3.02,3.46,0.0801761620000434,0.10838247600008799,0.09430754100003469,2.63581107061944,2.8086117567225273,3.2771176359721967
128.38215322200017,2.86,3.0700000000000003,3.5500000000000003,0.130321578000121,0.01437072600015199,8.547400011593709e-05,2.63581107061944,2.862306762036522,3.3720023724784065
128.43249194400005,2.89,3.0700000000000003,3.5500000000000003,0.03648082599988811,0.06470944800003053,0.05042419599999448,2.6683328128252666,2.862306762036522,3.3720023724784065
128.48282547500003,2.89,3.0700000000000003,3.5500000000000003,0.0868143569998665,0.11504297900000893,0.10075772699997287,2.6683328128252666,2.862306762036522,3.3720023724784065
128.53293810100013,2.89,3.0,3.48,0.13692698299996664,0.021170273000052475,0.007263254000008601,2.6683328128252666,2.787095262096364,3.2982267963255647
128.58321365300003,2.83,3.0,3.48,0.04361156699997082,0.07144582499995522,0.05753880599991135,2.6032287644385,2.787095262096364,3.2982267963255647
128.63358495600005,2.83,3.0,3.48,0.09398286999999073,0.12181712799997513,0.10791010899993125,2.6032287644385,2.787095262096364,3.2982267963255647
128.6837406630002,2.83,3.06,3.5,0.14413857700014887,0.027862042000151632,0.013763240000116639,2.6032287644385,2.8515785102290274,3.319322219972023
128.73397356200007,2.89,3.06,3.5,0.05001099800006159,0.07809494100001757,0.06399613899998258,2.6683328128252666,2.8515785102290274,3.319322219972023
128.78408502900015,2.89,3.06,3.5,0.10012246500014044,0.12820640800009642,0.11410760600006142,2.6683328128252666,2.8515785102290274,3.319322219972023
128.83423994700001,2.83,3.0300000000000002,3.43,0.006377573999998276,0.034466583999801514,0.020398790999934135,2.6032287644385,2.8193616298729753,3.245427552727067
128.88440262900008,2.83,3.0300000000000002,3.43,0.05654025600006207,0.08462926599986531,0.07056147299999793,2.6032287644385,2.8193616298729753,3.245427552727067
128.93451483500007,2.83,3.0300000000000002,3.43,0.1066524620000564,0.13474147199985964,0.12067367899999226,2.6032287644385,2.8193616298729753,3.245427552727067
128.98466721600016,2.88,3.0300000000000002,3.46,0.012930195000080857,0.04062236799995844,0.026696495000123832,2.6574988240825244,2.8193616298729753,3.2771176359721967
129.03483123600017,2.88,3.0300000000000002,3.46,0.06309421500009194,0.09078638799996952,0.07686051500013491,2.6574988240825244,2.8193616298729753,3.2771176359721967
129.0850074890002,2.88,3.0300000000000002,3.46,0.11327046800010976,0.14096264099998734,0.12703676800015273,2.6574988240825244,2.8193616298729753,3.2771176359721967
129.13510600200016,2.85,3.0,3.44,0.019547059000160516,0.04736664000006385,0.033340575000011086,2.624957142507283,2.787095262096364,3.255994471739778
129.18541021800002,2.85,3.0,3.44,0.06985127500001909,0.09767085599992242,0.08364479099986966,2.624957142507283,2.787095262096364,3.255994471739778
129.23558271900015,2.85,2.98,3.44,0.1200237760001528,0.003645901000027152,0.13381729200000336,2.624957142507283,2.765556001964162,3.255994471739778
129.28581397100015,2.83,2.98,3.43,0.02627877800000533,0.053877153000030376,0.04005153399998562,2.6032287644385,2.765556001964162,3.245427552727067
129.3359445000001,2.83,2.98,3.43,0.07640930699994897,0.10400768199997401,0.09018206299992926,2.6032287644385,2.765556001964162,3.245427552727067
129.38624616200013,2.83,3.0,3.43,0.12671096899998702,0.010304433000101199,0.1404837249999673,2.6032287644385,2.787095262096364,3.245427552727067
129.43638055200017,2.86,3.0,3.44,0.03257851600005779,0.060438823000140474,0.046536398000171175,2.63581107061944,2.787095262096364,3.255994471739778
129.4864802630002,2.86,3.0,3.44,0.08267822700008765,0.11053853400017033,0.09663610900020103,2.63581107061944,2.787095262096364,3.255994471739778
129.53660808500013,2.86,3.02,3.48,0.1328060490000098,0.01663656699997773,0.0027635220001229754,2.63581107061944,2.8086117567225273,3.2982267963255647
129.58694383400007,2.81,3.02,3.48,0.03918904199986173,0.06697231599991937,0.05309927100006462,2.5814724480420086,2.8086117567225273,3.2982267963255647
129.63706149500013,2.81,3.02,3.48,0.08930670299992016,0.11708997699997781,0.10321693200012305,2.5814724480420086,2.8086117567225273,3.2982267963255647
129.68718014500018,2.81,3.02,3.47,0.1394253529999787,0.02323153500014996,0.0093547750000198,2.5814724480420086,2.8086117567225273,3.287673949770567
129.7373366620002,2.83,3.02,3.47,0.04595404200017583,0.07338805200015486,0.059511292000024696,2.6032287644385,2.8086117567225273,3.287673949770567
129.78748283200002,2.83,3.02,3.47,0.09610021200001029,0.12353422199998931,0.10965746199985915,2.6032287644385,2.8086117567225273,3.287673949770567
129.8377512500001,2.8,3.0300000000000002,3.48,0.0020060580000063055,0.029924962999984928,0.015940512000042872,2.5705835913270745,2.8193616298729753,3.2982267963255647
129.8878617260002,2.8,3.0300000000000002,3.48,0.052116534000106185,0.08003543900008481,0.06605098800014275,2.5705835913270745,2.8193616298729753,3.2982267963255647
129.93795875600017,2.8,3.0300000000000002,3.48,0.10221356400006698,0.1301324690000456,0.11614801800010355,2.5705835913270745,2.8193616298729753,3.2982267963255647
129.98807863600018,2.83,3.0,3.42,0.008366481000166459,0.03647968500013121,0.022310899000103745,2.6032287644385,2.787095262096364,3.2348570292982033
130.038392874,2.83,3.0,3.42,0.0586807189999945,0.08679392299995925,0.07262513699993178,2.6032287644385,2.787095262096364,3.2348570292982033
130.088601058,2.83,3.0,3.42,0.10888890299997911,0.13700210699994386,0.1228333209999164,2.6032287644385,2.787095262096364,3.2348570292982033
130.13885243000004,2.83,3.0,3.42,0.15914027500002703,0.18725347899999178,0.17308469299996432,2.6032287644385,2.787095262096364,3.2348570292982033
130.18905576500015,2.83,3.0,3.42,0.20934361000013268,0.23745681400009744,0.22328802800006997,2.6032287644385,2.787095262096364,3.2348570292982033
130.23929865700006,2.83,3.0,3.42,0.2595865020000474,0.28769970600001216,0.2735309199999847,2.6032287644385,2.787095262096364,3.2348570292982033
130.28960861600012,2.86,3.0100000000000002,3.41,0.01893618899998728,0.04984116500008895,0.03616457199996148,2.63581107061944,2.797856322258168,3.2242828660029197
130.33972113200002,2.86,3.0100000000000002,3.41,0.06904870499988647,0.09995368099998814,0.08627708799986067,2.63581107061944,2.797856322258168,3.2242828660029197
130.3898200210001,2.86,3.0,3.41,0.1191475939999691,0.006395806000000448,0.1363759769999433,2.63581107061944,2.787095262096364,3.2242828660029197
130.43997883800012,2.84,3.0,3.39,0.028451542000084373,0.056554623000010906,0.042783395000014934,2.614096402200959,2.787095262096364,3.2031234756093934
130.4900976230001,2.84,3.0,3.39,0.07857032700007949,0.10667340800000602,0.09290218000001005,2.614096402200959,2.787095262096364,3.2031234756093934
130.54021462000014,2.84,3.02,3.39,0.1286873240001114,0.01284874399993896,0.14301917700004196,2.614096402200959,2.8086117567225273,3.2031234756093934
130.59057337800004,2.83,3.02,3.39,0.03460616899997149,0.06320750199984104,0.04926962299987281,2.6032287644385,2.8086117567225273,3.2031234756093934
130.64089290200013,2.83,3.02,3.39,0.08492569300005925,0.11352702599992881,0.09958914699996058,2.6032287644385,2.8086117567225273,3.2031234756093934
130.691007011,2.83,3.02,3.39,0.13503980199993748,0.019280083000012382,0.005356724999955986,2.6032287644385,2.8086117567225273,3.2031234756093934
130.7411447720001,2.83,3.02,3.39,0.04153919500004122,0.06941784400009965,0.05549448600004325,2.6032287644385,2.8086117567225273,3.2031234756093934
130.7912861660002,2.83,3.02,3.39,0.0916805890001342,0.11955923800019264,0.10563588000013624,2.6032287644385,2.8086117567225273,3.2031234756093934
130.84145627800012,2.83,2.99,3.4,0.1418507010000667,0.026055582000026334,0.012339905000089857,2.6032287644385,2.776328510821441,3.2137050269120837
130.89167710800007,2.85,2.99,3.4,0.04791948499996579,0.07627641199997015,0.06256073500003367,2.624957142507283,2.776328510821441,3.2137050269120837
130.94178838000016,2.85,2.99,3.4,0.09803075700006048,0.12638768400006484,0.11267200700012836,2.624957142507283,2.776328510821441,3.2137050269120837
130.99189427800002,2.86,3.0300000000000002,3.44,0.004266562999873713,0.03220060399985414,0.018585959999882107,2.63581107061944,2.8193616298729753,3.255994471739778
131.0420276000002,2.86,3.0300000000000002,3.44,0.054399885000066206,0.08233392600004663,0.0687192820000746,2.63581107061944,2.8193616298729753,3.255994471739778
131.0922927810002,2.86,3.0300000000000002,3.44,0.10466506600005232,0.13259910700003275,0.11898446300006071,2.63581107061944,2.8193616298729753,3.255994471739778
131.14242815800003,2.85,3.0300000000000002,3.47,0.010674180000023625,0.039134819999844694,0.025258706999920832,2.624957142507283,2.8193616298729753,3.287673949770567
131.19277173900014,2.85,3.0300000000000002,3.47,0.06101776100013012,0.08947840099995119,0.07560228800002733,2.624957142507283,2.8193616298729753,3.287673949770567
131.24291420300005,2.85,3.0300000000000002,3.47,0.11116022500004874,0.1396208649998698,0.12574475199994595,2.624957142507283,2.8193616298729753,3.287673949770567
131.29299756700016,2.88,3.0300000000000002,3.43,0.01751290400011385,0.04538243399997555,0.03111495999996805,2.6574988240825244,2.8193616298729753,3.245427552727067
131.343115076,2.88,3.0300000000000002,3.43,0.06763041299996075,0.09549994299982245,0.08123246899981496,2.6574988240825244,2.8193616298729753,3.245427552727067
131.39344184000015,2.88,3.0100000000000002,3.43,0.11795717700010755,0.00208429100007379,0.13155923299996175,2.6574988240825244,2.797856322258168,3.245427552727067
131.44365253700016,2.82,3.0100000000000002,3.48,0.02429572999994889,0.05229498800008514,0.03809417200000098,2.592354142473593,2.797856322258168,3.2982267963255647
131.49383786300018,2.82,3.0100000000000002,3.48,0.0744810559999678,0.10248031400010404,0.08827949800001988,2.592354142473593,2.797856322258168,3.2982267963255647
131.54416283500018,2.82,3.06,3.48,0.12480602799996632,0.008597650000183421,0.1386044700000184,2.592354142473593,2.8515785102290274,3.2982267963255647
131.59429439300015,2.82,3.06,3.5,0.030541549999952622,0.058729208000158906,0.04444026999999551,2.592354142473593,2.8515785102290274,3.319322219972023
131.64459698600012,2.82,3.06,3.5,0.08084414299992204,0.10903180100012833,0.09474286299996493,2.592354142473593,2.8515785102290274,3.319322219972023
131.6949320000001,2.82,3.04,3.48,0.1311791569999059,0.015094159000000218,0.0011343629998918914,2.592354142473593,2.830106005081788,3.2982267963255647
131.74504383300018,2.84,3.04,3.48,0.037341800000149306,0.06520599200007382,0.051246195999965494,2.614096402200959,2.830106005081788,3.2982267963255647
131.79515454300008,2.84,3.04,3.48,0.08745251000004828,0.11531670199997279,0.10135690599986447,2.614096402200959,2.830106005081788,3.2982267963255647
131.84548045200017,2.84,3.02,3.42,0.1377784190001421,0.022310840000045573,0.007722817000058058,2.614096402200959,2.8086117567225273,3.2348570292982033
131.89562515000011,2.83,3.02,3.42,0.04421890799994799,0.07245553799998561,0.05786751499999809,2.6032287644385,2.8086117567225273,3.2348570292982033
131.94595186900006,2.83,3.02,3.42,0.09454562699988855,0.12278225699992618,0.10819423399993866,2.6032287644385,2.8086117567225273,3.2348570292982033
131.99611051300008,2.85,3.0300000000000002,3.46,0.000760744999979579,0.028269889000057447,0.014696456999899965,2.624957142507283,2.8193616298729753,3.2771176359721967
132.0462388840001,2.85,3.0300000000000002,3.46,0.05088911600000756,0.07839826000008543,0.06482482799992795,2.624957142507283,2.8193616298729753,3.2771176359721967
132.0963378240001,2.85,3.0300000000000002,3.46,0.1009880560000056,0.12849720000008347,0.11492376799992599,2.624957142507283,2.8193616298729753,3.2771176359721967
132.14644652300012,2.87,3.0300000000000002,3.52,0.0070892920000460435,0.03462257799992585,0.02095770599999014,2.646658270347723,2.8193616298729753,3.3404041671630096
132.19658231900007,2.87,3.0300000000000002,3.52,0.057225087999995594,0.0847583739998754,0.07109350199993969,2.646658270347723,2.8193616298729753,3.3404041671630096
132.24678737500017,2.87,3.0300000000000002,3.52,0.10743014400009088,0.13496342999997069,0.12129855800003497,2.646658270347723,2.8193616298729753,3.3404041671630096
132.29695691000006,2.88,2.99,3.41,0.013661888999877192,0.041540795999935654,0.027467958999977782,2.6574988240825244,2.776328510821441,3.2242828660029197
132.34707461900007,2.88,2.99,3.41,0.06377959799988275,0.09165850499994121,0.07758566799998334,2.6574988240825244,2.776328510821441,3.2242828660029197
132.39739906500017,2.88,2.99,3.41,0.11410404399998697,0.14198295100004543,0.12791011400008756,2.6574988240825244,2.776328510821441,3.2242828660029197
132.44760434100021,2.85,2.99,3.47,0.020247738000080062,0.04789736400016409,0.03382309900007385,2.624957142507283,2.776328510821441,3.287673949770567
132.49794792700004,2.85,2.99,3.47,0.07059132399990631,0.09824094999999033,0.0841666849999001,2.624957142507283,2.776328510821441,3.287673949770567
132.54808864200004,2.85,3.0300000000000002,3.47,0.12073203899990403,0.004357185999879221,0.13430739999989783,2.624957142507283,2.8193616298729753,3.287673949770567
132.5984423980001,2.83,3.0300000000000002,3.45,0.026930579000008947,0.054710941999928764,0.04094360599992797,2.6032287644385,2.8193616298729753,3.266557821315888
132.6487650360002,2.83,3.0300000000000002,3.45,0.0772532170001341,0.10503358000005392,0.09126624400005312,2.6032287644385,2.8193616298729753,3.266557821315888
132.69908200100008,2.83,3.06,3.45,0.12757018199999948,0.01159145799988437,0.1415832089999185,2.6032287644385,2.8515785102290274,3.266557821315888
132.74936601500008,2.84,3.06,3.47,0.03386534600008417,0.0618754719998833,0.047757670000009966,2.614096402200959,2.8515785102290274,3.287673949770567
132.79952001700008,2.84,3.06,3.47,0.08401934800008348,0.11202947399988261,0.09791167200000928,2.614096402200959,2.8515785102290274,3.287673949770567
132.84976393700003,2.84,2.97,3.47,0.13426326800004063,0.018624749999844425,0.004418455999939397,2.614096402200959,2.7547776679797593,3.287673949770567
132.90004556200006,2.85,2.97,3.47,0.040731801999982054,0.06890637499986951,0.054700080999964484,2.624957142507283,2.7547776679797593,3.287673949770567
132.95019233100015,2.85,2.97,3.47,0.09087857100007568,0.11905314399996314,0.10484685000005811,2.624957142507283,2.7547776679797593,3.287673949770567
133.00035825100008,2.85,3.0300000000000002,3.44,0.14104449100000238,0.024979138999924544,0.011035799999945084,2.624957142507283,2.8193616298729753,3.255994471739778
133.0505270210001,2.87,3.0300000000000002,3.44,0.047488123999983145,0.07514790899995205,0.06120456999997259,2.646658270347723,2.8193616298729753,3.255994471739778
133.10081942700003,2.87,3.0300000000000002,3.44,0.09778052999990905,0.12544031499987796,0.1114969759998985,2.646658270347723,2.8193616298729753,3.255994471739778
133.1510474700001,2.87,3.0300000000000002,3.44,0.14800857299997006,0.17566835799993896,0.1617250189999595,2.646658270347723,2.8193616298729753,3.255994471739778
133.2011679310001,2.87,3.0300000000000002,3.44,0.19812903399997595,0.22578881899994485,0.2118454799999654,2.646658270347723,2.8193616298729753,3.255994471739778
133.25147666400017,2.87,3.0300000000000002,3.44,0.24843776700004128,0.2760975520000102,0.2621542130000307,2.646658270347723,2.8193616298729753,3.255994471739778
133.3016420360002,2.88,3.0100000000000002,3.48,0.010535404000165727,0.03835655000011684,0.024145884000063234,2.6574988240825244,2.797856322258168,3.2982267963255647
133.3518787920002,2.88,3.0100000000000002,3.48,0.060772160000169606,0.08859330600012072,0.07438264000006711,2.6574988240825244,2.797856322258168,3.2982267963255647
133.40221026300014,2.88,3.0100000000000002,3.48,0.11110363100010545,0.13892477700005657,0.12471411100000296,2.6574988240825244,2.797856322258168,3.2982267963255647
133.4523221830002,2.84,3.0100000000000002,3.47,0.01692518600020776,0.04479655500017543,0.030871292000028916,2.614096402200959,2.797856322258168,3.287673949770567
133.5026096160002,2.84,3.0100000000000002,3.47,0.06721261900020181,0.09508398800016948,0.08115872500002297,2.614096402200959,2.797856322258168,3.287673949770567
133.55269705,2.84,3.0,3.47,0.11730005300000812,0.001193608999983553,0.13124615899982928,2.614096402200959,2.787095262096364,3.287673949770567
133.6028755320001,2.87,3.0,3.46,0.023105420000092636,0.05137209100007567,0.037670376000050965,2.646658270347723,2.787095262096364,3.2771176359721967
133.6532152010002,2.87,3.0,3.46,0.07344508900018809,0.10171176000017113,0.08801004500014642,2.646658270347723,2.787095262096364,3.2771176359721967
133.70359050600018,2.87,3.0,3.46,0.12382039400017675,0.008395130000053541,0.13838535000013508,2.646658270347723,2.787095262096364,3.2771176359721967
133.753710189,2.88,3.0,3.42,0.03030903299986676,0.058514812999874266,0.0443160119998538,2.6574988240825244,2.787095262096364,3.2348570292982033
133.804044342,2.88,3.0,3.42,0.08064318599986109,0.1088489659998686,0.09465016499984813,2.6574988240825244,2.787095262096364,3.2348570292982033
133.85413345300003,2.88,3.0,3.47,0.13073229699989497,0.014678464999860807,0.0007321339999180054,2.6574988240825244,2.787095262096364,3.287673949770567
133.9042565100001,2.82,3.0,3.47,0.03690526700006558,0.06480152199992517,0.05085519099998237,2.592354142473593,2.787095262096364,3.287673949770567
133.95461967200004,2.82,3.0,3.47,0.0872684290000052,0.11516468399986479,0.10121835299992199,2.592354142473593,2.787095262096364,3.287673949770567
134.004806507,2.82,3.02,3.47,0.13745526399998198,0.021377733000008448,0.007459070999857431,2.592354142473593,2.8086117567225273,3.287673949770567
134.05493995700022,2.83,3.02,3.47,0.04351335400019707,0.07151118300021153,0.057592521000060515,2.6032287644385,2.8086117567225273,3.287673949770567
134.10524544200007,2.83,3.02,3.47,0.0938188390000505,0.12181666800006496,0.10789800599991395,2.6032287644385,2.8086117567225273,3.287673949770567
134.15543656600016,2.87,3.0500000000000003,3.44,7.801600008860987e-05,0.028243367999948532,0.014277237999976933,2.646658270347723,2.8408449447303528,3.255994471739778
134.20556225500013,2.87,3.0500000000000003,3.44,0.05020370500005811,0.07836905699991803,0.06440292699994643,2.646658270347723,2.8408449447303528,3.255994471739778
134.25579796600005,2.87,3.0500000000000003,3.44,0.10043941599997197,0.1286047679998319,0.1146386379998603,2.646658270347723,2.8408449447303528,3.255994471739778
134.30613251900013,2.87,3.02,3.44,0.006719132999933208,0.03476711000007526,0.0207323259999157,2.646658270347723,2.8086117567225273,3.255994471739778
134.3562361610002,2.87,3.02,3.44,0.05682277500000055,0.0848707520001426,0.07083596799998304,2.646658270347723,2.8086117567225273,3.255994471739778
134.40661601700003,2.87,3.02,3.44,0.1072026309998364,0.13525060799997846,0.1212158239998189,2.646658270347723,2.8086117567225273,3.255994471739778
134.45681294300016,2.85,3.06,3.41,0.013232260999984646,0.04175929400003042,0.027339371000152823,2.624957142507283,2.8515785102290274,3.2242828660029197
134.5070228190002,2.85,3.06,3.41,0.0634421370000382,0.09196917000008398,0.07754924700020638,2.624957142507283,2.8515785102290274,3.2242828660029197
134.5571794440002,2.85,3.06,3.41,0.11359876200003782,0.1421257950000836,0.127705872000206,2.624957142507283,2.8515785102290274,3.2242828660029197
134.60730098500017,2.87,3.0100000000000002,3.41,0.019815433000076155,0.04836582699999781,0.03399300299997776,2.646658270347723,2.797856322258168,3.2242828660029197
134.65763088900007,2.87,3.0100000000000002,3.41,0.07014533699998537,0.09869573099990703,0.08432290699988698,2.646658270347723,2.797856322258168,3.2242828660029197
134.70775546900018,2.87,2.98,3.41,0.12026991700008693,0.004439956000169332,0.13444748699998854,2.646658270347723,2.765556001964162,3.2242828660029197
134.75783150000007,2.85,2.98,3.45,0.026647593000006964,0.054515987000058885,0.040617654000016046,2.624957142507283,2.765556001964162,3.266557821315888
134.8081672320002,2.85,2.98,3.45,0.07698332500012839,0.10485171900018031,0.09095338600013747,2.624957142507283,2.765556001964162,3.266557821315888
134.85846016200003,2.85,2.97,3.45,0.12727625499996975,0.010830253999984052,0.14124631599997883,2.624957142507283,2.7547776679797593,3.266557821315888
134.90875858800018,2.82,2.97,3.39,0.03348227800006498,0.06112868000013805,0.047475965000103315,2.592354142473593,2.7547776679797593,3.2031234756093934
134.95891248800012,2.82,2.97,3.39,0.08363617800000611,0.11128258000007918,0.09762986500004445,2.592354142473593,2.7547776679797593,3.2031234756093934
135.0091946020002,2.82,3.0700000000000003,3.5,0.13391829200008942,0.017838495000205512,0.003946261000010054,2.592354142473593,2.862306762036522,3.319322219972023
135.05943980300003,2.81,3.0700000000000003,3.5,0.040027332999898135,0.06808369600003061,0.054191461999835155,2.5814724480420086,2.862306762036522,3.319322219972023
135.10960009200016,2.81,3.0700000000000003,3.5,0.09018762200003039,0.11824398500016287,0.10435175099996741,2.5814724480420086,2.862306762036522,3.319322219972023
135.15985610000007,2.81,2.98,3.44,0.1404436299999361,0.024819418999868503,0.010565488999873196,2.5814724480420086,2.765556001964162,3.255994471739778
135.21000248100017,2.83,2.98,3.44,0.04662110599997504,0.07496579999997266,0.06071186999997735,2.6032287644385,2.765556001964162,3.255994471739778
135.26012609400004,2.83,2.98,3.44,0.09674471899984383,0.12508941299984144,0.11083548299984614,2.6032287644385,2.765556001964162,3.255994471739778
135.3103009680001,2.8,3.0300000000000002,3.41,0.002945861999933186,0.030782260000023598,0.016865498000015577,2.5705835913270745,2.8193616298729753,3.2242828660029197
135.36064262000014,2.8,3.0300000000000002,3.41,0.053287513999976,0.08112391200006641,0.06720715000005839,2.5705835913270745,2.8193616298729753,3.2242828660029197
135.41097862100014,2.8,3.0300000000000002,3.41,0.10362351499998113,0.13145991300007154,0.11754315100006352,2.5705835913270745,2.8193616298729753,3.2242828660029197
135.46136745600006,2.83,3.0300000000000002,3.45,0.010048039999901448,0.03812890099993638,0.024137220000056914,2.6032287644385,2.8193616298729753,3.266557821315888
135.51168473100006,2.83,3.0300000000000002,3.45,0.060365314999899056,0.08844617599993398,0.07445449500005452,2.6032287644385,2.8193616298729753,3.266557821315888
135.56187607700008,2.83,3.0300000000000002,3.45,0.11055666099991868,0.1386375219999536,0.12464584100007414,2.6032287644385,2.8193616298729753,3.266557821315888
135.6122055400001,2.82,2.98,3.45,0.016881320000038613,0.044733250000035696,0.030817582000054244,2.592354142473593,2.765556001964162,3.266557821315888
135.6625841980001,2.82,2.98,3.45,0.06725997800003825,0.09511190800003533,0.08119624000005388,2.592354142473593,2.765556001964162,3.266557821315888
135.71263804,2.82,2.97,3.45,0.11731381999993573,0.0015081529998042242,0.13125008199995136,2.592354142473593,2.7547776679797593,3.266557821315888
135.76277878500014,2.8,2.97,3.48,0.023722887000076298,0.051648897999939436,0.03758222999999816,2.5705835913270745,2.7547776679797593,3.2982267963255647
135.8129139910002,2.8,2.97,3.48,0.07385809300012625,0.10178410399998938,0.08771743600004811,2.5705835913270745,2.7547776679797593,3.2982267963255647
135.863048939,2.8,3.0100000000000002,3.48,0.12399304099994879,0.007642942999837032,0.13785238399987065,2.5705835913270745,2.797856322258168,3.2982267963255647
135.91313552400015,2.83,3.0100000000000002,3.43,0.02989403000015045,0.057729527999981656,0.0441570729999512,2.6032287644385,2.797856322258168,3.245427552727067
135.963466036,2.83,3.0100000000000002,3.43,0.08022454199999629,0.1080600399998275,0.09448758499979704,2.6032287644385,2.797856322258168,3.245427552727067
136.0136038400001,2.83,3.1,3.46,0.13036234600008356,0.014198945000089225,0.0006106329999511217,2.6032287644385,2.8944602260179706,3.2771176359721967
136.06379899700005,2.82,3.1,3.46,0.03682046799985983,0.06439410200005113,0.05080578999991303,2.592354142473593,2.8944602260179706,3.2771176359721967
136.11397721700018,2.82,3.1,3.46,0.08699868799999422,0.11457232200018552,0.10098401000004742,2.592354142473593,2.8944602260179706,3.2771176359721967
136.16435618800006,2.82,3.1,3.46,0.13737765899986698,0.16495129300005829,0.15136298099992018,2.592354142473593,2.8944602260179706,3.2771176359721967
136.21445781500006,2.82,3.1,3.46,0.18747928599987063,0.21505292000006193,0.20146460799992383,2.592354142473593,2.8944602260179706,3.2771176359721967
136.26478934300007,2.82,3.1,3.46,0.2378108139998858,0.2653844480000771,0.251796135999939,2.592354142473593,2.8944602260179706,3.2771176359721967
136.314967238,2.82,3.0700000000000003,3.43,0.2879887089998192,0.027629616000012902,0.013713394999967932,2.592354142473593,2.862306762036522,3.245427552727067
136.36519141400004,2.84,3.0700000000000003,3.43,0.04975052899999355,0.07785379200004172,0.06393757099999675,2.614096402200959,2.862306762036522,3.245427552727067
136.41552470700003,2.84,3.0700000000000003,3.43,0.10008382199998778,0.12818708500003595,0.11427086399999098,2.614096402200959,2.862306762036522,3.245427552727067
136.46572864000018,2.85,3.0,3.3600000000000003,0.006570764000116469,0.03463303100011217,0.020505271000047287,2.624957142507283,2.787095262096364,3.1713561767798963
136.51581154400014,2.85,3.0,3.3600000000000003,0.05665366800008087,0.08471593500007657,0.07058817500001169,2.624957142507283,2.787095262096364,3.1713561767798963
136.56607513300014,2.85,3.0,3.3600000000000003,0.10691725700007737,0.13497952400007307,0.12085176400000819,2.624957142507283,2.787095262096364,3.1713561767798963
136.616228202,2.82,3.04,3.45,0.013106626999842774,0.0411685699998543,0.027038879999963683,2.592354142473593,2.830106005081788,3.266557821315888
136.6665903930002,2.82,3.04,3.45,0.06346881800004667,0.09153076100005819,0.07740107100016758,2.592354142473593,2.830106005081788,3.266557821315888
136.7167852330001,2.82,3.04,3.45,0.11366365799995037,0.1417256009999619,0.12759591100007128,2.592354142473593,2.830106005081788,3.266557821315888
136.76712369200004,2.86,3.08,3.42,0.01968752399989171,0.04810214899998755,0.033949894999977914,2.63581107061944,2.8730297596787957,3.2348570292982033
136.81721955900002,2.86,3.08,3.42,0.06978339099987352,0.09819801599996936,0.08404576199995972,2.63581107061944,2.8730297596787957,3.2348570292982033
136.86748347800017,2.86,3.04,3.42,0.12004731000001811,0.0042573400000947,0.13430968100010432,2.63581107061944,2.830106005081788,3.2348570292982033
136.91764664200014,2.89,3.04,3.48,0.026249183000118137,0.054420504000063374,0.040716515999974945,2.6683328128252666,2.830106005081788,3.2982267963255647
136.96792611900014,2.89,3.04,3.48,0.07652866000012182,0.10469998100006705,0.09099599299997863,2.6683328128252666,2.830106005081788,3.2982267963255647
137.01807224800018,2.89,3.02,3.48,0.1266747890001625,0.01086995100013155,0.1411421220000193,2.6683328128252666,2.8086117567225273,3.2982267963255647
137.06839998200007,2.83,3.02,3.47,0.03323992600007841,0.06119768500002465,0.04731395799990423,2.6032287644385,2.8086117567225273,3.287673949770567
137.11853582100002,2.83,3.02,3.47,0.08337576500002797,0.1113335239999742,0.09744979699985379,2.6032287644385,2.8086117567225273,3.287673949770567
137.16862520300015,2.83,3.04,3.41,0.13346514700015177,0.017441499000142358,0.0037919159999546537,2.6032287644385,2.830106005081788,3.2242828660029197
137.21896029100003,2.83,3.04,3.41,0.039596955999968486,0.06777658700002576,0.05412700399983805,2.6032287644385,2.830106005081788,3.2242828660029197
137.26908077000007,2.83,3.04,3.41,0.08971743500001139,0.11789706600006866,0.10424748299988096,2.6032287644385,2.830106005081788,3.2242828660029197
137.3192166220001,2.83,3.0100000000000002,3.48,0.13985328700005084,0.024472835000096893,0.010095661999912409,2.6032287644385,2.797856322258168,3.2982267963255647
137.3696061290002,2.87,3.0100000000000002,3.48,0.0464526300002035,0.07486234200018771,0.060485169000003225,2.646658270347723,2.797856322258168,3.2982267963255647
137.41993864200003,2.87,3.0100000000000002,3.48,0.09678514300003371,0.12519485500001792,0.11081768199983344,2.646658270347723,2.797856322258168,3.2982267963255647
137.4700828760001,2.86,3.0,3.4,0.0029752929999631306,0.030955660000017815,0.01722648100007973,2.63581107061944,2.787095262096364,3.2137050269120837
137.5202469840001,2.86,3.0,3.4,0.05313940099995307,0.08111976800000775,0.06739058900006967,2.63581107061944,2.787095262096364,3.2137050269120837
137.57038257800014,2.86,3.0,3.4,0.10327499499999249,0.13125536200004717,0.11752618300010909,2.63581107061944,2.787095262096364,3.2137050269120837
137.6205136320002,2.85,3.0,3.41,0.009536291000131314,0.03739838500018777,0.02316159100018922,2.624957142507283,2.787095262096364,3.2242828660029197
137.67085561000022,2.85,3.0,3.41,0.05987826900013715,0.08774036300019361,0.07350356900019506,2.624957142507283,2.787095262096364,3.2242828660029197
137.721371997,2.85,3.0,3.41,0.11039465599992582,0.13825674999998228,0.12401995599998372,2.624957142507283,2.787095262096364,3.2242828660029197
137.771690735,2.83,3.0500000000000003,3.44,0.01677938899979381,0.044905738999887035,0.030663195999977688,2.6032287644385,2.8408449447303528,3.255994471739778
137.82185883600005,2.83,3.0500000000000003,3.44,0.06694748999984768,0.0950738399999409,0.08083129700003155,2.6032287644385,2.8408449447303528,3.255994471739778
137.8721605940002,2.83,3.0,3.44,0.11724924800000736,0.0011939949999941746,0.13113305500019123,2.6032287644385,2.787095262096364,3.255994471739778
137.92229738600008,2.84,3.0,3.48,0.02305848499986496,0.051330786999869815,0.03728934700006903,2.614096402200959,2.787095262096364,3.2982267963255647
137.97245208000004,2.84,3.0,3.48,0.07321317899982205,0.1014854809998269,0.08744404100002612,2.614096402200959,2.787095262096364,3.2982267963255647
138.0226063340001,2.84,3.0,3.48,0.12336743299988484,0.0073834370000440686,0.1375982950000889,2.614096402200959,2.787095262096364,3.2982267963255647
138.0728877030001,2.85,3.0,3.42,0.02994998899998791,0.057664806000047975,0.04380442000001494,2.624957142507283,2.787095262096364,3.2348570292982033
138.12300089500013,2.85,3.0,3.42,0.08006318100001408,0.10777799800007415,0.09391761200004112,2.624957142507283,2.787095262096364,3.2348570292982033
138.17320040900017,2.85,3.0,3.48,0.13026269500005583,0.013878102000035142,7.951700013109075e-05,2.624957142507283,2.787095262096364,3.2982267963255647
138.2233669520001,2.83,3.0,3.48,0.036201153000092745,0.0640446449999672,0.05024606000006315,2.6032287644385,2.787095262096364,3.2982267963255647
138.27356922800004,2.83,3.0,3.48,0.08640342900002906,0.11424692099990352,0.10044833599999947,2.6032287644385,2.787095262096364,3.2982267963255647
138.3238143640001,2.83,3.0300000000000002,3.49,0.13664856500008682,0.020493230000056428,0.0065728489998946316,2.6032287644385,2.8193616298729753,3.308776208811953
138.3739930160002,2.83,3.0300000000000002,3.49,0.043127911000055974,0.07067188200016972,0.05675150100000792,2.6032287644385,2.8193616298729753,3.308776208811953
138.42429816800018,2.83,3.0300000000000002,3.49,0.09343306300002041,0.12097703400013415,0.10705665299997236,2.6032287644385,2.8193616298729753,3.308776208811953
138.47448795100013,2.83,3.04,3.4,0.1436228459999711,0.02721870499999568,0.013279503999910958,2.6032287644385,2.830106005081788,3.2137050269120837
138.52473376300009,2.83,3.04,3.4,0.04981840400000692,0.07746451699995305,0.06352531599986833,2.6032287644385,2.830106005081788,3.2137050269120837
138.57484491800005,2.83,3.04,3.4,0.09992955899997469,0.12757567199992081,0.11363647099983609,2.6032287644385,2.830106005081788,3.2137050269120837
138.6251752380001,2.87,3.0100000000000002,3.46,0.006081150999989404,0.03410953200000222,0.02022239799998715,2.646658270347723,2.797856322258168,3.2771176359721967
138.67529437200005,2.87,3.0100000000000002,3.46,0.05620028499993168,0.0842286659999445,0.07034153199992943,2.646658270347723,2.797856322258168,3.2771176359721967
138.72542673300018,2.87,3.0100000000000002,3.46,0.10633264600005532,0.13436102700006813,0.12047389300005307,2.646658270347723,2.797856322258168,3.2771176359721967
138.77574644600008,2.86,3.04,3.47,0.012687142999993739,0.040605097000025125,0.026591050999968502,2.63581107061944,2.830106005081788,3.287673949770567
138.82607725900016,2.86,3.04,3.47,0.06301795600006699,0.09093591000009837,0.07692186400004175,2.63581107061944,2.830106005081788,3.287673949770567
138.87618528200005,2.86,3.04,3.47,0.11312597899996035,0.14104393299999174,0.12702988699993512,2.63581107061944,2.830106005081788,3.287673949770567
138.92649086400002,2.82,3.0100000000000002,3.43,0.01969756799985589,0.047511044999964724,0.033311136999827795,2.592354142473593,2.797856322258168,3.245427552727067
138.97680396700002,2.82,3.0100000000000002,3.43,0.07001067099986358,0.09782414799997241,0.08362423999983548,2.592354142473593,2.797856322258168,3.245427552727067
139.0271257720001,2.82,3.08,3.43,0.12033247599993047,0.0039392989999669226,0.13394604499990237,2.592354142473593,2.8730297596787957,3.245427552727067
139.07745876600006,2.86,3.08,3.48,0.026459655000053317,0.054272292999939964,0.04067317599992748,2.63581107061944,2.8730297596787957,3.2982267963255647
139.12763036900014,2.86,3.08,3.48,0.07663125800013404,0.10444389600002069,0.0908447790000082,2.63581107061944,2.8730297596787957,3.2982267963255647
139.1779872290001,2.86,3.08,3.48,0.12698811800009935,0.154800755999986,0.1412016389999735,2.63581107061944,2.8730297596787957,3.2982267963255647
139.228354309,2.86,3.08,3.48,0.17735519799998656,0.2051678359998732,0.19156871899986072,2.63581107061944,2.8730297596787957,3.2982267963255647
139.27868638000018,2.86,3.08,3.48,0.227687269000171,0.25549990700005765,0.24190079000004516,2.63581107061944,2.8730297596787957,3.2982267963255647
139.32879850300014,2.86,3.0700000000000003,3.46,0.2777993920001336,0.017954508999991958,0.0037219719999939116,2.63581107061944,2.862306762036522,3.2771176359721967
139.37891601700017,2.84,3.0700000000000003,3.46,0.04005055000016,0.06807202300001336,0.05383948600001531,2.614096402200959,2.862306762036522,3.2771176359721967
139.42920558700007,2.84,3.0700000000000003,3.46,0.09034012000006442,0.11836159299991778,0.10412905599991973,2.614096402200959,2.862306762036522,3.2771176359721967
139.47942438600012,2.84,3.0500000000000003,3.43,0.14055891900011375,0.024620879999929457,0.010410976000002847,2.614096402200959,2.8408449447303528,3.245427552727067
139.52976098500017,2.85,3.0500000000000003,3.43,0.04682671900013702,0.07495747899997696,0.06074757500005035,2.624957142507283,2.8408449447303528,3.245427552727067
139.58011513500014,2.85,3.0500000000000003,3.43,0.09718086900011258,0.12531162899995252,0.11110172500002591,2.624957142507283,2.8408449447303528,3.245427552727067
139.63044708100006,2.86,3.0100000000000002,3.43,0.003200036999942313,0.03131731899998158,0.017465969999875597,2.63581107061944,2.797856322258168,3.245427552727067
139.68077468600018,2.86,3.0100000000000002,3.43,0.05352764200006277,0.08164492400010204,0.06779357499999605,2.63581107061944,2.797856322258168,3.245427552727067
139.73099958800003,2.86,3.0100000000000002,3.43,0.10375254399991718,0.13186982599995645,0.11801847699985046,2.63581107061944,2.797856322258168,3.245427552727067
139.7812740390002,2.82,3.04,3.45,0.010046666000107507,0.038214002000131586,0.024432963000208474,2.592354142473593,2.830106005081788,3.266557821315888
139.83139276400016,2.82,3.04,3.45,0.060165391000055024,0.0883327270000791,0.07455168800015599,2.592354142473593,2.830106005081788,3.266557821315888
139.8817453160002,2.82,3.04,3.45,0.11051794300010442,0.1386852790001285,0.12490424000020539,2.592354142473593,2.830106005081788,3.266557821315888
139.9318808720002,2.81,2.97,3.44,0.016840042000012545,0.044979696000154945,0.03093031000003066,2.5814724480420086,2.7547776679797593,3.255994471739778
139.9822094440001,2.81,2.97,3.44,0.06716861399991103,0.09530826800005343,0.08125888199992914,2.5814724480420086,2.7547776679797593,3.255994471739778
140.032531177,2.81,3.0300000000000002,3.44,0.11749034699982985,0.0015540439999313094,0.13158061499984797,2.5814724480420086,2.8193616298729753,3.255994471739778
140.08284012500008,2.86,3.0300000000000002,3.43,0.022684925000021394,0.051862991999996666,0.03568517000007887,2.63581107061944,2.8193616298729753,3.245427552727067
140.13295447600012,2.86,3.0300000000000002,3.43,0.07279927600006886,0.10197734300004413,0.08579952100012633,2.63581107061944,2.8193616298729753,3.245427552727067
140.1832974040001,2.86,3.04,3.43,0.1231422040000325,0.008303966000084984,0.13614244900008998,2.63581107061944,2.830106005081788,3.245427552727067
140.23362166000015,2.86,3.04,3.49,0.030484514000136187,0.058628222000152164,0.044849268000007214,2.63581107061944,2.830106005081788,3.308776208811953
140.2839632480002,2.86,3.04,3.49,0.0808261020001737,0.10896981000018968,0.09519085600004473,2.63581107061944,2.830106005081788,3.308776208811953
140.334234638,2.86,3.02,3.46,0.13109749199998078,0.015285995999875013,0.001374816999941686,2.63581107061944,2.8086117567225273,3.2771176359721967
140.38435649400003,2.86,3.02,3.46,0.03744530899984966,0.06540785199990751,0.05149667299997418,2.63581107061944,2.8086117567225273,3.2771176359721967
140.43467666700008,2.86,3.02,3.46,0.0877654819998952,0.11572802499995305,0.10181684600001972,2.63581107061944,2.8086117567225273,3.2771176359721967
140.48501797100016,2.86,3.08,3.44,0.13810678599998027,0.02231597300010435,0.007865307999963989,2.63581107061944,2.8730297596787957,3.255994471739778
140.53535854100005,2.89,3.08,3.44,0.04450506700004553,0.07265654299999369,0.05820587799985333,2.6683328128252666,2.8730297596787957,3.255994471739778
140.5855049190002,2.89,3.08,3.44,0.09465144500018141,0.12280292100012957,0.10835225599998921,2.6683328128252666,2.8730297596787957,3.255994471739778
140.63565076300006,2.86,2.99,3.39,0.0009058890000233077,0.028853887999957806,0.014696382000010999,2.63581107061944,2.776328510821441,3.2031234756093934
140.6858114380002,2.86,2.99,3.39,0.05106656400016618,0.07901456300010068,0.06485705700015387,2.63581107061944,2.776328510821441,3.2031234756093934
140.73610155300003,2.86,2.99,3.39,0.10135667899999135,0.12930467799992584,0.11514717199997904,2.63581107061944,2.776328510821441,3.2031234756093934
140.78639039400014,2.89,3.04,3.41,0.0075378120000095805,0.03554123799995068,0.021387979000110136,2.6683328128252666,2.830106005081788,3.2242828660029197
140.8366358180001,2.89,3.04,3.41,0.05778323599997748,0.08578666199991858,0.07163340300007803,2.6683328128252666,2.830106005081788,3.2242828660029197
140.88676795200013,2.89,3.04,3.41,0.10791537000000062,0.13591879599994172,0.12176553700010118,2.6683328128252666,2.830106005081788,3.2242828660029197
140.93709880100005,2.83,3.0300000000000002,3.47,0.014080893000027572,0.04218081399994844,0.02800346799995168,2.6032287644385,2.8193616298729753,3.287673949770567
140.987230297,2.83,3.0300000000000002,3.47,0.06421238899997661,0.09231230999989748,0.07813496399990072,2.6032287644385,2.8193616298729753,3.287673949770567
141.0375802220001,2.83,3.0300000000000002,3.47,0.114562314000068,0.14266223499998887,0.1284848889999921,2.6032287644385,2.8193616298729753,3.287673949770567
141.08780496300005,2.86,3.0,3.4,0.02083048500003315,0.04891531499993107,0.034799446999841166,2.63581107061944,2.787095262096364,3.2137050269120837
141.1381192440001,2.86,3.0,3.4,0.07114476600008857,0.09922959599998649,0.08511372799989658,2.63581107061944,2.787095262096364,3.2137050269120837
141.18825611400007,2.86,3.02,3.4,0.12128163600004882,0.00542438200000106,0.13525059799985684,2.63581107061944,2.8086117567225273,3.2137050269120837
141.238610892,2.86,3.02,3.46,0.02764975999980379,0.05577915999992911,0.04191620699998566,2.63581107061944,2.8086117567225273,3.2771176359721967
141.28892919700002,2.86,3.02,3.46,0.07796806499982267,0.10609746499994799,0.09223451200000454,2.63581107061944,2.8086117567225273,3.2771176359721967
141.3392148150001,2.86,3.0100000000000002,3.46,0.1282536829999117,0.012109100000088802,0.14252013000009356,2.63581107061944,2.797856322258168,3.2771176359721967
141.389340984,2.83,3.0100000000000002,3.46,0.034388789999866276,0.06223526899998433,0.048634493999998085,2.6032287644385,2.797856322258168,3.2771176359721967
141.4396376960001,2.83,3.0100000000000002,3.46,0.08468550199995661,0.11253198100007467,0.09893120600008842,2.6032287644385,2.797856322258168,3.2771176359721967
141.4897567800001,2.83,3.04,3.49,0.13480458599997291,0.01876953400005732,0.004771819000097821,2.6032287644385,2.830106005081788,3.308776208811953
141.54007995700022,2.8,3.04,3.49,0.04146935000017038,0.06909271100016667,0.055094996000207175,2.5705835913270745,2.830106005081788,3.308776208811953
141.59037681400014,2.8,3.04,3.49,0.09176620700009153,0.11938956800008782,0.10539185300012832,2.5705835913270745,2.830106005081788,3.308776208811953
141.6407038010002,2.8,3.0700000000000003,3.42,0.14209319400015374,0.025933128000133365,0.011750015000188796,2.5705835913270745,2.862306762036522,3.2348570292982033
141.69084573400005,2.85,3.0700000000000003,3.42,0.04809118399998624,0.07607506099998318,0.06189194800003861,2.624957142507283,2.862306762036522,3.2348570292982033
141.74117198000022,2.85,3.0700000000000003,3.42,0.09841743000015413,0.12640130700015106,0.1122181940002065,2.624957142507283,2.862306762036522,3.2348570292982033
141.791308157,2.83,3.0500000000000003,3.47,0.004711329999963709,0.03229984099993999,0.01830683200000749,2.6032287644385,2.8408449447303528,3.287673949770567
141.84144699000012,2.83,3.0500000000000003,3.47,0.05485016300008283,0.08243867400005911,0.06844566500012661,2.6032287644385,2.8408449447303528,3.287673949770567
141.89159881700016,2.83,3.0500000000000003,3.47,0.1050019900001189,0.13259050100009517,0.11859749200016267,2.6032287644385,2.8408449447303528,3.287673949770567
141.9418019960001,2.86,3.0500000000000003,3.47,0.010967149999942194,0.039097021000088716,0.025163611999914792,2.63581107061944,2.8408449447303528,3.287673949770567
141.99214272900008,2.86,3.0500000000000003,3.47,0.06130788299992673,0.08943775400007326,0.07550434499989933,2.63581107061944,2.8408449447303528,3.287673949770567
142.042282204,2.86,3.0500000000000003,3.47,0.11144735799985028,0.1395772289999968,0.12564381999982288,2.63581107061944,2.8408449447303528,3.287673949770567
142.09236582800008,2.85,3.04,3.4,0.013430786000071748,0.04536688400003186,0.03142867299993668,2.624957142507283,2.830106005081788,3.2137050269120837
142.14265898400004,2.85,3.04,3.4,0.06372394200002418,0.09566003999998429,0.08172182899988911,2.624957142507283,2.830106005081788,3.2137050269120837
142.19283431300005,2.85,3.04,3.4,0.1138992710000366,0.14583536899999672,0.13189715799990154,2.624957142507283,2.830106005081788,3.2137050269120837
142.24317260700013,2.85,3.04,3.4,0.16423756500012132,0.19617366300008143,0.18223545199998625,2.624957142507283,2.830106005081788,3.2137050269120837
142.2932899230002,2.85,3.04,3.4,0.2143548810001903,0.2462909790001504,0.23235276800005522,2.624957142507283,2.830106005081788,3.2137050269120837
142.34340623000003,2.85,3.0500000000000003,3.4,0.2644711880000159,0.008946794999928898,0.28246907499988083,2.624957142507283,2.8408449447303528,3.2137050269120837
142.39355707900017,2.82,3.0500000000000003,3.42,0.030769419000080234,0.05909764400007589,0.044959796000057395,2.592354142473593,2.8408449447303528,3.2348570292982033
142.44386469200003,2.82,3.0500000000000003,3.42,0.08107703199993921,0.10940525699993486,0.09526740899991637,2.592354142473593,2.8408449447303528,3.2348570292982033
142.49397490900014,2.82,3.0500000000000003,3.46,0.13118724900004963,0.015076743999998143,0.0014673499999844353,2.592354142473593,2.8408449447303528,3.2771176359721967
142.5441021050001,2.83,3.0500000000000003,3.46,0.037357164000013654,0.06520393999994667,0.05159454599993296,2.6032287644385,2.8408449447303528,3.2771176359721967
142.5944210560001,2.83,3.0500000000000003,3.46,0.08767611500002204,0.11552289099995505,0.10191349699994134,2.6032287644385,2.8408449447303528,3.2771176359721967
142.64476279100018,2.83,3.04,3.48,0.1380178500000966,0.02182909600014682,0.007952056000021912,2.6032287644385,2.830106005081788,3.2982267963255647
142.69490706800002,2.83,3.04,3.48,0.0439922769999157,0.07197337299999162,0.05809633299986672,2.6032287644385,2.830106005081788,3.2982267963255647
142.745217743,2.83,3.04,3.48,0.09430295199990724,0.12228404799998316,0.10840700799985825,2.6032287644385,2.830106005081788,3.2982267963255647
142.79529572900015,2.84,3.0300000000000002,3.46,0.0010522950001359277,0.02842313400014973,0.014797716999964905,2.614096402200959,2.8193616298729753,3.2771176359721967
142.8454197640001,2.84,3.0300000000000002,3.46,0.051176330000089365,0.07854716900010317,0.06492175199991834,2.614096402200959,2.8193616298729753,3.2771176359721967
142.89550523800017,2.84,3.0300000000000002,3.46,0.10126180400015983,0.12863264300017363,0.1150072259999888,2.614096402200959,2.8193616298729753,3.2771176359721967
142.94559355,2.86,3.0700000000000003,3.45,0.006601443999898038,0.034788159999834534,0.020807647999845358,2.63581107061944,2.862306762036522,3.266557821315888
142.99574989100006,2.86,3.0700000000000003,3.45,0.056757784999945216,0.08494450099988171,0.07096398899989254,2.63581107061944,2.862306762036522,3.266557821315888
143.04609519100018,2.86,3.0700000000000003,3.45,0.10710308500006249,0.135289800999999,0.12130928900000981,2.63581107061944,2.862306762036522,3.266557821315888
143.09645572500017,2.86,3.0300000000000002,3.44,0.013693501000034303,0.04193412300014643,0.02807111100014481,2.63581107061944,2.8193616298729753,3.255994471739778
143.14675248800017,2.86,3.0300000000000002,3.44,0.06399026400004004,0.09223088600015217,0.07836787400015055,2.63581107061944,2.8193616298729753,3.255994471739778
143.19694407400016,2.86,3.0300000000000002,3.44,0.11418185000002268,0.1424224720001348,0.12855946000013319,2.63581107061944,2.8193616298729753,3.255994471739778
143.24722604800013,2.82,3.0300000000000002,3.45,0.020524113999954352,0.048688337999919895,0.034522512999956234,2.592354142473593,2.8193616298729753,3.266557821315888
143.29739556100003,2.82,3.0300000000000002,3.45,0.07069362699985504,0.09885785099982058,0.08469202599985692,2.592354142473593,2.8193616298729753,3.266557821315888
143.3475345910001,2.82,3.06,3.45,0.12083265699993717,0.004774910999913118,0.13483105599993905,2.592354142473593,2.8515785102290274,3.266557821315888
143.3978347960001,2.85,3.06,3.41,0.02687947799995527,0.05507511599989812,0.0413428169999861,2.624957142507283,2.8515785102290274,3.2242828660029197
143.4479771870001,2.85,3.06,3.41,0.07702186899996377,0.10521750699990662,0.0914852079999946,2.624957142507283,2.8515785102290274,3.2242828660029197
143.498152956,2.85,3.0500000000000003,3.41,0.1271976379998705,0.011634985999990022,0.14166097699990132,2.624957142507283,2.8408449447303528,3.2242828660029197
143.54850052400002,2.85,3.0500000000000003,3.42,0.03396814699999595,0.061982553999996526,0.047670280999909664,2.624957142507283,2.8408449447303528,3.2348570292982033
143.59858526200014,2.85,3.0500000000000003,3.42,0.0840528850001192,0.11206729200011978,0.09775501900003292,2.624957142507283,2.8408449447303528,3.2348570292982033
143.6489349120002,2.85,3.02,3.43,0.13440253500016297,0.01822252700003446,0.003994295999973474,2.624957142507283,2.8086117567225273,3.245427552727067
143.69911920100003,2.86,3.02,3.43,0.040426891999914005,0.06840681599987875,0.05417858499981776,2.63581107061944,2.8086117567225273,3.245427552727067
143.74945919900006,2.86,3.02,3.43,0.09076688999994076,0.1187468139999055,0.10451858299984451,2.63581107061944,2.8086117567225273,3.245427552727067
143.79961667700013,2.86,3.0700000000000003,3.47,0.1409243680000145,0.025225847999990947,0.011093398999946658,2.63581107061944,2.862306762036522,3.287673949770567
143.84990581400007,2.83,3.0700000000000003,3.47,0.04723576900005355,0.07551498499992704,0.06138253599988275,2.6032287644385,2.862306762036522,3.287673949770567
143.9002355760001,2.83,3.0700000000000003,3.47,0.09756553100010024,0.12584474699997372,0.11171229799992943,2.6032287644385,2.862306762036522,3.287673949770567
143.9503825270001,2.86,2.97,3.41,0.0035564039999371744,0.029293472000063048,0.01757836199999474,2.63581107061944,2.7547776679797593,3.2242828660029197
144.00049345300022,2.86,2.97,3.41,0.05366733000005297,0.07940439800017884,0.06768928800011054,2.63581107061944,2.7547776679797593,3.2242828660029197
144.05058286400003,2.86,2.97,3.41,0.10375674099987009,0.12949380899999596,0.11777869899992766,2.63581107061944,2.7547776679797593,3.2242828660029197
144.10069834200021,2.83,3.0,3.43,0.009896802000184834,0.03848060100017392,0.024262672000077146,2.6032287644385,2.787095262096364,3.245427552727067
144.15103544600015,2.83,3.0,3.43,0.06023390600012135,0.08881770500011044,0.07459977600001366,2.6032287644385,2.787095262096364,3.245427552727067
144.201197524,2.83,3.0,3.43,0.11039598399997885,0.13897978299996794,0.12476185399987116,2.6032287644385,2.787095262096364,3.245427552727067
144.25134368900012,2.87,3.0500000000000003,3.47,0.016572120000091672,0.04491639100001521,0.03050714699998025,2.646658270347723,2.8408449447303528,3.287673949770567
144.30167701200003,2.87,3.0500000000000003,3.47,0.06690544299999601,0.09524971399991955,0.08084046999988459,2.646658270347723,2.8408449447303528,3.287673949770567
144.3519965500002,2.87,3.04,3.47,0.1172249810001631,0.001041120000081719,0.13116000800005168,2.646658270347723,2.830106005081788,3.287673949770567
144.40229628300017,2.84,3.04,3.39,0.023961252000162858,0.051340853000056086,0.037702051999986,2.614096402200959,2.830106005081788,3.2031234756093934
144.45261899900015,2.84,3.04,3.39,0.07428396800014525,0.10166356900003848,0.08802476799996839,2.614096402200959,2.830106005081788,3.2031234756093934
144.5029550820002,2.84,3.02,3.39,0.12462005100019269,0.008107208000183164,0.13836085100001583,2.614096402200959,2.8086117567225273,3.2031234756093934
144.5531046200001,2.87,3.02,3.46,0.030731791000107478,0.05825674600009734,0.044505433000040284,2.646658270347723,2.8086117567225273,3.2771176359721967
144.6034550700001,2.87,3.02,3.46,0.08108224100010375,0.10860719600009361,0.09485588300003656,2.646658270347723,2.8086117567225273,3.2771176359721967
144.65378707700006,2.87,3.0300000000000002,3.41,0.13141424800005552,0.014946862999977384,0.0010123089998614887,2.646658270347723,2.8193616298729753,3.2242828660029197
144.70390483000006,2.87,3.0300000000000002,3.41,0.03737742799989974,0.06506461599997237,0.05113006199985648,2.646658270347723,2.8193616298729753,3.2242828660029197
144.7542351640002,2.87,3.0300000000000002,3.41,0.08770776200003638,0.11539495000010902,0.10146039599999312,2.646658270347723,2.8193616298729753,3.2242828660029197
144.80459323700006,2.87,3.02,3.49,0.13806583499990666,0.021917068999982803,0.007851594999920053,2.646658270347723,2.8086117567225273,3.308776208811953
144.85493456900008,2.83,3.02,3.49,0.044191472999955295,0.07225840099999914,0.05819292699993639,2.6032287644385,2.8086117567225273,3.308776208811953
144.90527199000007,2.83,3.02,3.49,0.09452889399995001,0.12259582199999386,0.10853034799993111,2.6032287644385,2.8086117567225273,3.308776208811953
144.955440469,2.81,3.0300000000000002,3.41,0.0007549339998149662,0.0289531429998533,0.014696107999952801,2.5814724480420086,2.8193616298729753,3.2242828660029197
145.00559113000008,2.81,3.0300000000000002,3.41,0.05090559499990377,0.0791038039999421,0.0648467690000416,2.5814724480420086,2.8193616298729753,3.2242828660029197
145.0559076510001,2.81,3.0300000000000002,3.41,0.10122211599991715,0.12942032499995548,0.11516329000005499,2.5814724480420086,2.8193616298729753,3.2242828660029197
145.10602092500017,2.82,3.04,3.46,0.0023037870000734983,0.03522253699998146,0.021623612999974284,2.592354142473593,2.830106005081788,3.2771176359721967
145.15612504600017,2.82,3.04,3.46,0.05240790800007744,0.0853266579999854,0.07172773399997823,2.592354142473593,2.830106005081788,3.2771176359721967
145.2062150390002,2.82,3.04,3.46,0.10249790100010614,0.1354166510000141,0.12181772700000693,2.592354142473593,2.830106005081788,3.2771176359721967
145.25651140000014,2.82,3.04,3.46,0.1527942620000431,0.18571301199995105,0.17211408799994388,2.592354142473593,2.830106005081788,3.2771176359721967
145.30702047700015,2.82,3.04,3.46,0.20330333900005826,0.23622208899996622,0.22262316499995904,2.592354142473593,2.830106005081788,3.2771176359721967
145.3571262810001,2.82,3.04,3.46,0.25340914299999895,0.2863278929999069,0.27272896899989973,2.592354142473593,2.830106005081788,3.2771176359721967
145.4074523820002,2.83,3.04,3.45,0.021095164000143996,0.04914100800010601,0.03507849900006477,2.6032287644385,2.830106005081788,3.266557821315888
145.457745229,2.83,3.04,3.45,0.07138801099995362,0.09943385499991564,0.08537134599987439,2.6032287644385,2.830106005081788,3.266557821315888
145.50786456000014,2.83,3.02,3.45,0.12150734200008628,0.005227967000109857,0.13549067700000705,2.6032287644385,2.8086117567225273,3.266557821315888
145.55819825800017,2.81,3.02,3.42,0.028206340999986423,0.05556166500014115,0.041909080000095855,2.5814724480420086,2.8086117567225273,3.2348570292982033
145.60853257000008,2.81,3.02,3.42,0.07854065299989088,0.1058959770000456,0.09224339200000031,2.5814724480420086,2.8086117567225273,3.2348570292982033
145.658617672,2.81,3.0700000000000003,3.42,0.12862575499980267,0.012273694999976215,0.1423284939999121,2.5814724480420086,2.862306762036522,3.2348570292982033
145.7087365530001,2.83,3.0700000000000003,3.44,0.03426107499990394,0.06239257600009296,0.04864228900009948,2.6032287644385,2.862306762036522,3.255994471739778
145.75891858,2.83,3.0700000000000003,3.44,0.08444310199979554,0.11257460299998456,0.09882431599999109,2.6032287644385,2.862306762036522,3.255994471739778
145.80908052100017,2.83,3.1,3.43,0.134605042999965,0.018764615000009144,0.004911031000119692,2.6032287644385,2.8944602260179706,3.245427552727067
145.85940751300018,2.85,3.1,3.43,0.040899320000107764,0.06909160700001848,0.05523802300012903,2.624957142507283,2.8944602260179706,3.245427552727067
145.90961278300006,2.85,3.1,3.43,0.09110458999998627,0.119296876999897,0.10544329300000754,2.624957142507283,2.8944602260179706,3.245427552727067
145.95993203500007,2.85,3.0,3.41,0.1414238419999947,0.025266138000006322,0.011416025000016816,2.624957142507283,2.787095262096364,3.2242828660029197
146.0102325480002,2.86,3.0,3.41,0.047552239000197005,0.0755666510001447,0.0617165380001552,2.63581107061944,2.787095262096364,3.2242828660029197
146.0605926940002,2.86,3.0,3.41,0.09791238500019972,0.12592679700014742,0.11207668400015791,2.63581107061944,2.787095262096364,3.2242828660029197
146.11070833600002,2.87,3.08,3.4,0.00427473599984296,0.032115094999880966,0.018205558999852656,2.646658270347723,2.8730297596787957,3.2137050269120837
146.16081495000003,2.87,3.08,3.4,0.054381349999857775,0.08222170899989578,0.06831217299986747,2.646658270347723,2.8730297596787957,3.2137050269120837
146.21094045900008,2.87,3.08,3.4,0.10450685899991186,0.13234721799994986,0.11843768199992155,2.646658270347723,2.8730297596787957,3.2137050269120837
146.26108792200012,2.87,2.9600000000000004,3.4,0.01033900199990967,0.03884914300010678,0.024851777000094444,2.646658270347723,2.743993440225396,3.2137050269120837
146.311191281,2.87,2.9600000000000004,3.4,0.060442360999786615,0.08895250199998372,0.07495513599997139,2.646658270347723,2.743993440225396,3.2137050269120837
146.361517455,2.87,2.9600000000000004,3.4,0.11076853499980643,0.13927867600000354,0.1252813099999912,2.646658270347723,2.743993440225396,3.2137050269120837
146.41168883500018,2.85,3.08,3.4,0.017061561999980768,0.04517387000009876,0.031065594999972745,2.624957142507283,2.8730297596787957,3.2137050269120837
146.46201207700005,2.85,3.08,3.4,0.06738480399985747,0.09549711199997546,0.08138883699984945,2.624957142507283,2.8730297596787957,3.2137050269120837
146.512156537,2.85,3.0100000000000002,3.4,0.11752926399981334,0.001671236999982284,0.13153329699980532,2.624957142507283,2.797856322258168,3.2137050269120837
146.562315937,2.85,3.0100000000000002,3.41,0.02358402400000159,0.05183063699996637,0.03811607499983438,2.624957142507283,2.797856322258168,3.2242828660029197
146.612457532,2.85,3.0100000000000002,3.41,0.07372561900001529,0.10197223199998007,0.08825766999984808,2.624957142507283,2.797856322258168,3.2242828660029197
146.66263007800012,2.85,3.0500000000000003,3.41,0.12389816500012785,0.008202383000025293,0.13843021599996064,2.624957142507283,2.8408449447303528,3.2242828660029197
146.7127290200001,2.85,3.0500000000000003,3.5300000000000002,0.03002944300010313,0.05830132500000218,0.044228487000054884,2.624957142507283,2.8408449447303528,3.35094016658012
146.76285237800016,2.85,3.0500000000000003,3.5300000000000002,0.08015280100016753,0.10842468300006658,0.09435184500011928,2.624957142507283,2.8408449447303528,3.35094016658012
146.81292523700017,2.85,3.0500000000000003,3.39,0.13022566000017832,0.014840114999969956,0.0007650029999695107,2.624957142507283,2.8408449447303528,3.2031234756093934
146.86303496200003,2.84,3.0500000000000003,3.39,0.03689291599994249,0.06494983999982651,0.050874727999826064,2.614096402200959,2.8408449447303528,3.2031234756093934
146.91336497500015,2.84,3.0500000000000003,3.39,0.08722292900006323,0.11527985299994725,0.10120474099994681,2.614096402200959,2.8408449447303528,3.2031234756093934
146.9636879530001,2.84,3.08,3.45,0.13754590700000335,0.021232477000012295,0.006982438000022739,2.614096402200959,2.8730297596787957,3.266557821315888
147.0138172410002,2.85,3.08,3.45,0.04355186600014349,0.0713617650001197,0.05711172600013015,2.624957142507283,2.8730297596787957,3.266557821315888
147.06414592800002,2.85,3.08,3.45,0.09388055299996267,0.12169045199993889,0.10744041299994933,2.624957142507283,2.8730297596787957,3.266557821315888
147.11431506100007,2.85,3.0100000000000002,3.47,0.14404968600001666,0.027839169999879232,0.013623765999909665,2.624957142507283,2.797856322258168,3.287673949770567
147.16465426000013,2.87,3.0100000000000002,3.47,0.049831276000077196,0.0781783689999429,0.06396296499997334,2.646658270347723,2.797856322258168,3.287673949770567
147.21481143300002,2.87,3.0100000000000002,3.47,0.09998844899996584,0.12833554199983155,0.11412013799986198,2.646658270347723,2.797856322258168,3.287673949770567
147.26509341400015,2.85,3.02,3.42,0.0065012810000553145,0.034452034999958414,0.020431388000133666,2.624957142507283,2.8086117567225273,3.2348570292982033
147.3153964820001,2.85,3.02,3.42,0.05680434900000364,0.08475510299990674,0.07073445600008199,2.624957142507283,2.8086117567225273,3.2348570292982033
147.3655056670002,2.85,3.02,3.42,0.10691353400011394,0.13486428800001704,0.12084364100019229,2.624957142507283,2.8086117567225273,3.2348570292982033
147.41583545800017,2.84,3.0300000000000002,3.43,0.013316843999973571,0.04164759400009643,0.0273645680001664,2.614096402200959,2.8193616298729753,3.245427552727067
147.46613849900018,2.84,3.0300000000000002,3.43,0.06361988499998006,0.09195063500010292,0.07766760900017289,2.614096402200959,2.8193616298729753,3.245427552727067
147.51625942600003,2.84,3.0300000000000002,3.43,0.11374081199983266,0.14207156199995552,0.1277885360000255,2.614096402200959,2.8193616298729753,3.245427552727067
147.566587454,2.83,3.02,3.41,0.020418397999947047,0.048254178999968644,0.034414163999827,2.6032287644385,2.8086117567225273,3.2242828660029197
147.616919822,2.83,3.02,3.41,0.07075076599994645,0.09858654699996805,0.0847465319998264,2.6032287644385,2.8086117567225273,3.2242828660029197
147.6672146630001,2.83,2.99,3.41,0.12104560700004185,0.004555540999945151,0.1350413729999218,2.6032287644385,2.776328510821441,3.2242828660029197
147.71736491600018,2.85,2.99,3.42,0.027271137000070667,0.05470579400002862,0.04111878300000171,2.624957142507283,2.776328510821441,3.2348570292982033
147.76762568200002,2.85,2.99,3.42,0.0775319029999082,0.10496655999986615,0.09137954899983924,2.624957142507283,2.776328510821441,3.2348570292982033
147.8179700390001,2.85,3.0300000000000002,3.42,0.12787625999999364,0.011373776000027647,0.14172390599992468,2.624957142507283,2.8193616298729753,3.2348570292982033
147.8680933090002,2.84,3.0300000000000002,3.44,0.03400282200004767,0.06149704600011319,0.04785846200002197,2.614096402200959,2.8193616298729753,3.255994471739778
147.9182253360002,2.84,3.0300000000000002,3.44,0.08413484900006551,0.11162907300013103,0.09799048900003982,2.614096402200959,2.8193616298729753,3.255994471739778
147.9683823920002,2.84,2.98,3.39,0.1342919050000546,0.017764366000164955,0.003889428000093176,2.614096402200959,2.765556001964162,3.2031234756093934
148.0184963820002,2.86,2.98,3.39,0.040429994000078295,0.06787835600016479,0.054003418000093006,2.63581107061944,2.765556001964162,3.2031234756093934
148.06882188100008,2.86,2.98,3.39,0.09075549299996055,0.11820385500004704,0.10432891699997526,2.63581107061944,2.765556001964162,3.2031234756093934
148.1190628600002,2.86,3.06,3.5300000000000002,0.14099647200009713,0.024786649000134275,0.010616189000074883,2.63581107061944,2.8515785102290274,3.35094016658012
148.16921983700013,2.85,3.06,3.5300000000000002,0.047061512000027506,0.07494362600004933,0.06077316599998994,2.624957142507283,2.8515785102290274,3.35094016658012
148.21935797800006,2.85,3.06,3.5300000000000002,0.09719965299996147,0.1250817669999833,0.11091130699992391,2.624957142507283,2.8515785102290274,3.35094016658012
148.2696989200001,2.85,3.06,3.5300000000000002,0.1475405950000095,0.17542270900003132,0.16125224899997193,2.624957142507283,2.8515785102290274,3.35094016658012
148.31983470500018,2.85,3.06,3.5300000000000002,0.19767638000007537,0.2255584940000972,0.2113880340000378,2.624957142507283,2.8515785102290274,3.35094016658012
148.3699452750002,2.85,3.06,3.5300000000000002,0.24778695000009066,0.2756690640001125,0.2614986040000531,2.624957142507283,2.8515785102290274,3.35094016658012
148.42021138100017,2.86,3.0100000000000002,3.45,0.009880233000103544,0.03771910399996159,0.024014459999989413,2.63581107061944,2.797856322258168,3.266557821315888
148.47033593100014,2.86,3.0100000000000002,3.45,0.06000478300006762,0.08784365399992566,0.07413900999995349,2.63581107061944,2.797856322258168,3.266557821315888
148.520503233,2.86,3.0100000000000002,3.45,0.11017208499993103,0.13801095599978908,0.1243063119998169,2.63581107061944,2.797856322258168,3.266557821315888
148.5706246520001,2.84,3.0,3.44,0.016307220000044254,0.04444914600003358,0.0302369070000168,2.614096402200959,2.787095262096364,3.255994471739778
148.62073749600017,2.84,3.0,3.44,0.06642006400011269,0.09456199000010201,0.08034975100008523,2.614096402200959,2.787095262096364,3.255994471739778
148.67082721500014,2.84,3.0100000000000002,3.44,0.11650978300008319,0.0006455069999447005,0.13043947000005573,2.614096402200959,2.797856322258168,3.255994471739778
148.72110609200013,2.82,3.0100000000000002,3.45,0.023098210999933144,0.05092438399992716,0.03716344500003288,2.592354142473593,2.797856322258168,3.266557821315888
148.7714385600002,2.82,3.0100000000000002,3.45,0.07343067900001188,0.10125685200000589,0.08749591300011161,2.592354142473593,2.797856322258168,3.266557821315888
148.8216001940002,2.82,3.0,3.45,0.12359231300001738,0.007218481000109023,0.13765754700011712,2.592354142473593,2.787095262096364,3.266557821315888
148.871715795,2.81,3.0,3.42,0.029467444999909276,0.057334081999897535,0.04371991999983038,2.5814724480420086,2.787095262096364,3.2348570292982033
148.92187030600007,2.81,3.0,3.42,0.07962195599998267,0.10748859299997093,0.09387443099990378,2.5814724480420086,2.787095262096364,3.2348570292982033
148.97215738600016,2.81,3.0100000000000002,3.44,0.12990903600007186,0.013780157000155668,0.00010989099996550067,2.5814724480420086,2.797856322258168,3.255994471739778
149.02230530400016,2.87,3.0100000000000002,3.44,0.036039959000163435,0.06392807500014897,0.0502578089999588,2.646658270347723,2.797856322258168,3.255994471739778
149.0726365290002,2.87,3.0100000000000002,3.44,0.08637118400019972,0.11425930000018525,0.10058903399999508,2.646658270347723,2.797856322258168,3.255994471739778
149.1229764210002,2.87,3.08,3.42,0.1367110760002106,0.020840786000007938,0.00671454200005428,2.646658270347723,2.8730297596787957,3.2348570292982033
149.17315782900005,2.85,3.08,3.42,0.04287864399998398,0.07102219399985188,0.05689594999989822,2.624957142507283,2.8730297596787957,3.2348570292982033
149.22330859300018,2.85,3.08,3.42,0.09302940800012038,0.12117295799998828,0.10704671400003463,2.624957142507283,2.8730297596787957,3.2348570292982033
149.27359457900002,2.85,3.08,3.46,0.14331539399995563,0.02754785999991327,0.013364981999984593,2.624957142507283,2.8730297596787957,3.2771176359721967
149.32385321300012,2.86,3.08,3.46,0.0493258890001016,0.07780649400001494,0.06362361600008626,2.63581107061944,2.8730297596787957,3.2771176359721967
149.375586613,2.86,3.08,3.46,0.10105928899997707,0.1295398939998904,0.11535701599996173,2.63581107061944,2.8730297596787957,3.2771176359721967
149.42581040000005,2.83,2.97,3.48,0.007753538999850207,0.03592382900001212,0.021990066999933333,2.6032287644385,2.7547776679797593,3.2982267963255647
149.47614557700012,2.83,2.97,3.48,0.058088715999929263,0.08625900600009118,0.07232524400001239,2.6032287644385,2.7547776679797593,3.2982267963255647
149.526253495,2.83,2.97,3.48,0.10819663399979618,0.1363669239999581,0.1224331619998793,2.6032287644385,2.7547776679797593,3.2982267963255647
149.57658778300015,2.78,3.08,3.4,0.01414975400007279,0.04266720800001167,0.028149982000059026,2.5487840238042923,2.8730297596787957,3.2137050269120837
149.62680535800018,2.78,3.08,3.4,0.06436732900010611,0.09288478300004499,0.07836755700009235,2.5487840238042923,2.8730297596787957,3.2137050269120837
149.6769391050002,2.78,3.08,3.4,0.11450107600012416,0.14301853000006304,0.1285013040001104,2.5487840238042923,2.8730297596787957,3.2137050269120837
149.7270894080002,2.77,3.04,3.41,0.02089209500013567,0.04914047900001606,0.034890550000000076,2.53787312527636,2.830106005081788,3.2242828660029197
149.7774266250001,2.77,3.04,3.41,0.07122931200001403,0.09947769599989442,0.08522776699987844,2.53787312527636,2.830106005081788,3.2242828660029197
149.82758449100015,2.77,3.08,3.41,0.12138717800007726,0.005582960000083403,0.13538563299994166,2.53787312527636,2.8730297596787957,3.2242828660029197
149.8779181330001,2.85,3.08,3.39,0.02769241900000452,0.055916602000024795,0.04165327900000193,2.624957142507283,2.8730297596787957,3.2031234756093934
149.92825210200022,2.85,3.08,3.39,0.07802638800012573,0.10625057100014601,0.09198724800012315,2.624957142507283,2.8730297596787957,3.2031234756093934
149.97840795900015,2.85,3.0300000000000002,3.39,0.1281822450000618,0.012357113999996727,0.14214310500005922,2.624957142507283,2.8193616298729753,3.2031234756093934
150.02868257800014,2.84,3.0300000000000002,3.41,0.034308792000047106,0.06263173299998925,0.04859031099999811,2.614096402200959,2.8193616298729753,3.2242828660029197
150.07882092400018,2.84,3.0300000000000002,3.41,0.08444713800008685,0.112770079000029,0.09872865700003786,2.614096402200959,2.8193616298729753,3.2242828660029197
150.129147998,2.84,3.0100000000000002,3.43,0.13477421199991113,0.01897965199987084,0.004696237999951336,2.614096402200959,2.797856322258168,3.245427552727067
150.17942063200007,2.83,3.0100000000000002,3.43,0.04128768999999011,0.06925228599993716,0.054968872000017654,2.6032287644385,2.797856322258168,3.245427552727067
150.22955404000004,2.83,3.0100000000000002,3.43,0.09142109799995524,0.11938569399990229,0.10510227999998278,2.6032287644385,2.797856322258168,3.245427552727067
150.27986144600004,2.83,2.97,3.46,0.14172850399995696,0.0253866250000101,0.011448662000020704,2.6032287644385,2.7547776679797593,3.2771176359721967
150.3299806550001,2.83,2.97,3.46,0.04767449199994189,0.07550583400006872,0.06156787100007932,2.6032287644385,2.7547776679797593,3.2771176359721967
150.38013905700018,2.83,2.97,3.46,0.09783289400002104,0.12566423600014787,0.11172627300015847,2.6032287644385,2.7547776679797593,3.2771176359721967
150.4302792540002,2.85,2.98,3.48,0.003942793000078382,0.03202729500003443,0.018164625000054002,2.624957142507283,2.765556001964162,3.2982267963255647
150.48039470900017,2.85,2.98,3.48,0.05405824800004666,0.0821427500000027,0.06828008000002228,2.624957142507283,2.765556001964162,3.2982267963255647
150.53048971700014,2.85,2.98,3.48,0.10415325600001779,0.13223775799997384,0.11837508799999341,2.624957142507283,2.765556001964162,3.2982267963255647
150.580651537,2.82,3.0,3.48,0.010581434999949124,0.038310681999973895,0.024480694999965635,2.592354142473593,2.787095262096364,3.2982267963255647
150.63075893200016,2.82,3.0,3.48,0.06068883000011738,0.08841807700014215,0.07458809000013389,2.592354142473593,2.787095262096364,3.2982267963255647
150.6811173420001,2.82,3.0,3.48,0.11104724000006172,0.1387764870000865,0.12494650000007823,2.592354142473593,2.787095262096364,3.2982267963255647
150.73145263600009,2.81,3.0300000000000002,3.45,0.017193312000017613,0.04527549199997338,0.03127147300006072,2.5814724480420086,2.8193616298729753,3.266557821315888
150.7817722960001,2.81,3.0300000000000002,3.45,0.06751297200003137,0.09559515199998714,0.08159113300007448,2.5814724480420086,2.8193616298729753,3.266557821315888
150.83187100200007,2.81,3.02,3.45,0.11761167800000294,0.0017813909998949384,0.13168983900004605,2.5814724480420086,2.8086117567225273,3.266557821315888
150.88201260000005,2.83,3.02,3.45,0.02433111599998483,0.05192298899987691,0.034252097000035064,2.6032287644385,2.8086117567225273,3.266557821315888
150.9321585460002,2.83,3.02,3.45,0.07447706200014181,0.10206893500003389,0.08439804300019205,2.6032287644385,2.8086117567225273,3.266557821315888
150.98223904400015,2.83,3.0100000000000002,3.45,0.12455756000008478,0.008287095000014233,0.134478541000135,2.6032287644385,2.797856322258168,3.266557821315888
151.03237170500006,2.85,3.0100000000000002,3.41,0.030349868000030256,0.05841975599992111,0.044476496000015686,2.624957142507283,2.797856322258168,3.2242828660029197
151.0824816280001,2.85,3.0100000000000002,3.41,0.08045979100006662,0.10852967899995747,0.09458641900005205,2.624957142507283,2.797856322258168,3.2242828660029197
151.13256598600015,2.85,3.08,3.47,0.1305441490001158,0.014532244000065475,0.0007806250000612636,2.624957142507283,2.8730297596787957,3.287673949770567
151.1826614680001,2.86,3.08,3.47,0.036565638999945804,0.06462772600002609,0.050876107000021875,2.63581107061944,2.8730297596787957,3.287673949770567
151.23274223500016,2.86,3.08,3.47,0.08664640599999984,0.11470849300008013,0.10095687400007591,2.63581107061944,2.8730297596787957,3.287673949770567
151.28282530600018,2.86,3.08,3.47,0.13672947700001714,0.16479156400009742,0.1510399450000932,2.63581107061944,2.8730297596787957,3.287673949770567
151.3329184910001,2.86,3.08,3.47,0.18682266199994046,0.21488474900002075,0.20113313000001654,2.63581107061944,2.8730297596787957,3.287673949770567
151.3832531820001,2.86,3.08,3.47,0.23715735299992957,0.26521944000000985,0.25146782100000564,2.63581107061944,2.8730297596787957,3.287673949770567
151.433430993,2.86,3.0,3.48,0.2873351639998418,0.027487578999853213,0.01355720299989116,2.63581107061944,2.787095262096364,3.2982267963255647
151.48353765000002,2.85,3.0,3.48,0.049627026999814916,0.07759423599986803,0.06366385999990598,2.624957142507283,2.787095262096364,3.2982267963255647
151.53385765500002,2.85,3.0,3.48,0.09994703199981814,0.12791424099987125,0.1139838649999092,2.624957142507283,2.787095262096364,3.2982267963255647
151.58399848900012,2.83,2.9600000000000004,3.41,0.006184388000065155,0.03381108300004598,0.019839859000057913,2.6032287644385,2.743993440225396,3.2242828660029197
151.63413664100017,2.83,2.9600000000000004,3.41,0.056322540000110166,0.083949235000091,0.06997801100010292,2.6032287644385,2.743993440225396,3.2242828660029197
151.6844625450001,2.83,2.9600000000000004,3.41,0.10664844400002949,0.1342751390000103,0.12030391500002224,2.6032287644385,2.743993440225396,3.2242828660029197
151.73459344700018,2.83,3.0,3.47,0.01279386200008048,0.04064942000013616,0.026726246000180254,2.6032287644385,2.787095262096364,3.287673949770567
151.784717624,2.83,3.0,3.47,0.06291803899989645,0.09077359699995213,0.07685042299999623,2.6032287644385,2.787095262096364,3.287673949770567
151.8348029550002,2.83,3.0,3.47,0.11300337000011496,0.14085892800017064,0.12693575400021473,2.6032287644385,2.787095262096364,3.287673949770567
151.8849054740001,2.84,3.0500000000000003,3.45,0.018908671999952276,0.047251886999902126,0.033229734000087774,2.614096402200959,2.8408449447303528,3.266557821315888
151.9352544310002,2.84,3.0500000000000003,3.45,0.06925762900004884,0.09760084399999869,0.08357869100018434,2.614096402200959,2.8408449447303528,3.266557821315888
151.9853762780001,2.84,3.0,3.45,0.11937947599994914,0.003445292999913363,0.13370053800008463,2.614096402200959,2.787095262096364,3.266557821315888
152.03551626600006,2.83,3.0,3.44,0.0256708140000228,0.0535852809998687,0.039709140000013576,2.6032287644385,2.787095262096364,3.255994471739778
152.08584438900016,2.83,3.0,3.44,0.07599893700012217,0.10391340399996807,0.09003726300011294,2.6032287644385,2.787095262096364,3.255994471739778
152.13611981200006,2.83,3.02,3.44,0.1262743600000249,0.01048663899996427,0.14031268600001567,2.6032287644385,2.8086117567225273,3.255994471739778
152.18623205300014,2.82,3.02,3.43,0.0320996059999743,0.06059888000004321,0.0464916240000548,2.592354142473593,2.8086117567225273,3.245427552727067
152.2363301480002,2.82,3.02,3.43,0.08219770100004098,0.11069697500010989,0.09658971900012148,2.592354142473593,2.8086117567225273,3.245427552727067
152.28658529000018,2.82,3.0500000000000003,3.45,0.13245284300001003,0.016636116999961814,0.0025651749999724416,2.592354142473593,2.8408449447303528,3.266557821315888
152.33670494000012,2.84,3.0500000000000003,3.45,0.038410135000049195,0.06675576699990415,0.05268482499991478,2.614096402200959,2.8408449447303528,3.266557821315888
152.38694861700014,2.84,3.0500000000000003,3.45,0.08865381200007505,0.11699944399993001,0.10292850199994064,2.614096402200959,2.8408449447303528,3.266557821315888
152.43711354100014,2.84,3.0300000000000002,3.45,0.13881873600007566,0.02330815300001632,0.009098638000068604,2.614096402200959,2.8193616298729753,3.266557821315888
152.48722095900007,2.85,3.0300000000000002,3.45,0.04507791599985467,0.07341557099994134,0.05920605599999362,2.624957142507283,2.8193616298729753,3.266557821315888
152.5375865850001,2.85,3.0300000000000002,3.45,0.09544354199988447,0.12378119699997114,0.10957168200002343,2.624957142507283,2.8193616298729753,3.266557821315888
152.58776958500016,2.82,3.0300000000000002,3.43,0.0015526090001003467,0.029696607000005315,0.015461390000155006,2.592354142473593,2.8193616298729753,3.245427552727067
152.63806834000002,2.82,3.0300000000000002,3.43,0.051851363999958267,0.07999536199986323,0.06576014500001293,2.592354142473593,2.8193616298729753,3.245427552727067
152.6883868540001,2.82,3.0300000000000002,3.43,0.10216987800004063,0.1303138759999456,0.11607865900009529,2.592354142473593,2.8193616298729753,3.245427552727067
152.73872522200008,2.85,3.0500000000000003,3.46,0.008626276000086364,0.03669474999992417,0.022730752999905235,2.624957142507283,2.8408449447303528,3.2771176359721967
152.78884050600004,2.85,3.0500000000000003,3.46,0.058741560000044046,0.08681003399988185,0.07284603699986292,2.624957142507283,2.8408449447303528,3.2771176359721967
152.83894890700003,2.85,3.0500000000000003,3.46,0.10884996100003264,0.13691843499987044,0.1229544379998515,2.624957142507283,2.8408449447303528,3.2771176359721967
152.88928040600013,2.87,3.06,3.45,0.015082333000009385,0.04357166199997664,0.02906559300004119,2.646658270347723,2.8515785102290274,3.266557821315888
152.9396185080002,2.87,3.06,3.45,0.06542043500007821,0.09390976400004547,0.07940369500011002,2.646658270347723,2.8515785102290274,3.266557821315888
152.98987215500006,2.87,3.04,3.45,0.11567408199994134,2.529699986553169e-05,0.12965734199997314,2.646658270347723,2.830106005081788,3.266557821315888
153.04019848400003,2.83,3.04,3.41,0.022337719999995898,0.05035162599983778,0.03595587199993133,2.6032287644385,2.830106005081788,3.2242828660029197
153.09029353600022,2.83,3.04,3.41,0.07243277200018383,0.10044667800002571,0.08605092400011927,2.6032287644385,2.830106005081788,3.2242828660029197
153.1406200890001,2.83,3.1,3.41,0.12275932500006093,0.006875203999925361,0.13637747699999636,2.6032287644385,2.8944602260179706,3.2242828660029197
153.1907272630001,2.83,3.1,3.43,0.028567006999992373,0.05698237799992967,0.04279820600004314,2.6032287644385,2.8944602260179706,3.245427552727067
153.24083846000008,2.83,3.1,3.43,0.07867820399997072,0.10709357499990801,0.09290940300002148,2.6032287644385,2.8944602260179706,3.245427552727067
153.29094307200012,2.83,3.08,3.43,0.12878281600001174,0.012662690000070143,0.1430140150000625,2.6032287644385,2.8730297596787957,3.245427552727067
153.34113119100016,2.86,3.08,3.44,0.03537915900005828,0.06285080900011053,0.049294249000013224,2.63581107061944,2.8730297596787957,3.255994471739778
153.39131267300013,2.86,3.08,3.44,0.08556064100002914,0.11303229100008139,0.09947573099998408,2.63581107061944,2.8730297596787957,3.255994471739778
153.44162400100004,2.86,3.0700000000000003,3.44,0.13587196899993614,0.01942485399990801,0.0054569789999732166,2.63581107061944,2.862306762036522,3.255994471739778
153.49174558500022,2.83,3.0700000000000003,3.44,0.041906390000121974,0.06954643800008853,0.055578563000153736,2.6032287644385,2.862306762036522,3.255994471739778
153.5420190880002,2.83,3.0700000000000003,3.44,0.09217989300009322,0.11981994100005977,0.10585206600012498,2.6032287644385,2.862306762036522,3.255994471739778
153.59213052200016,2.83,3.02,3.4,0.1422913270000663,0.026070263000065097,0.012000655000065308,2.6032287644385,2.8086117567225273,3.2137050269120837
153.64246394700012,2.86,3.02,3.4,0.04877777100000458,0.07640368800002761,0.062334080000027825,2.63581107061944,2.8086117567225273,3.2137050269120837
153.69275268900014,2.86,3.02,3.4,0.09906651300002522,0.12669243000004826,0.11262282200004847,2.63581107061944,2.8086117567225273,3.2137050269120837
153.74287160100016,2.86,3.0100000000000002,3.46,0.005148377000068649,0.03268018900007519,0.01894236600014665,2.63581107061944,2.797856322258168,3.2771176359721967
153.79295704000015,2.86,3.0100000000000002,3.46,0.0552338160000545,0.08276562800006104,0.0690278050001325,2.63581107061944,2.797856322258168,3.2771176359721967
153.8430887290001,2.86,3.0100000000000002,3.46,0.10536550500000885,0.1328973170000154,0.11915949400008685,2.63581107061944,2.797856322258168,3.2771176359721967
153.8931921200001,2.83,3.02,3.46,0.011457700999926601,0.0391138709999268,0.025123935999999958,2.6032287644385,2.8086117567225273,3.2771176359721967
153.9435181880001,2.83,3.02,3.46,0.061783768999930544,0.08943993899993075,0.0754500040000039,2.6032287644385,2.8086117567225273,3.2771176359721967
153.9936646760002,2.83,3.02,3.46,0.11193025700004,0.1395864270000402,0.12559649200011336,2.6032287644385,2.8086117567225273,3.2771176359721967
154.0437908020001,2.77,3.06,3.41,0.017865560000018377,0.04601543099988703,0.032141658999989886,2.53787312527636,2.8515785102290274,3.2242828660029197
154.09398454000006,2.77,3.06,3.41,0.06805929799998012,0.09620916899984877,0.08233539699995163,2.53787312527636,2.8515785102290274,3.2242828660029197
154.1441157830002,2.77,3.0100000000000002,3.41,0.11819054100010362,0.0022830679999970016,0.13246664000007513,2.53787312527636,2.797856322258168,3.2242828660029197
154.1944147160002,2.87,3.0100000000000002,3.46,0.02495627900020736,0.05258200100001886,0.03864746500016736,2.646658270347723,2.797856322258168,3.2771176359721967
154.24475899100003,2.87,3.0100000000000002,3.46,0.07530055400002311,0.10292627599983462,0.08899173999998311,2.646658270347723,2.797856322258168,3.2771176359721967
154.29656786300006,2.87,3.0100000000000002,3.46,0.12710942600006092,0.15473514799987242,0.14080061200002092,2.646658270347723,2.797856322258168,3.2771176359721967
154.34678095200002,2.87,3.0100000000000002,3.46,0.1773225150000144,0.2049482369998259,0.1910137009999744,2.646658270347723,2.797856322258168,3.2771176359721967
154.39707112200017,2.87,3.0100000000000002,3.46,0.2276126850001674,0.2552384069999789,0.2413038710001274,2.646658270347723,2.797856322258168,3.2771176359721967
154.44718311200018,2.87,3.0100000000000002,3.46,0.2777246750001723,0.3053503969999838,0.2914158610001323,2.646658270347723,2.797856322258168,3.2771176359721967
154.49749351600008,2.87,3.0100000000000002,3.46,0.3280350790000739,0.3556608009998854,0.3417262650000339,2.646658270347723,2.797856322258168,3.2771176359721967
154.5478128090001,2.87,3.0100000000000002,3.46,0.37835437200010347,0.40598009399991497,0.39204555800006347,2.646658270347723,2.797856322258168,3.2771176359721967
154.59805358500012,2.87,3.1100000000000003,3.43,0.4285951480001131,0.02416561800009731,0.010052529999938997,2.646658270347723,2.90516780926679,3.245427552727067
154.6481955170002,2.83,3.1100000000000003,3.43,0.046436905000064144,0.07430755000018507,0.06019446200002676,2.6032287644385,2.90516780926679,3.245427552727067
154.69834886500007,2.83,3.1100000000000003,3.43,0.09659025299993118,0.12446089800005211,0.1103478099998938,2.6032287644385,2.90516780926679,3.245427552727067
154.74845948200004,2.85,3.0700000000000003,3.4,0.002613449999898876,0.03045054499989419,0.01664252699993085,2.624957142507283,2.862306762036522,3.2137050269120837
154.7986107610002,2.85,3.0700000000000003,3.4,0.05276472900004592,0.08060182400004123,0.0667938060000779,2.624957142507283,2.862306762036522,3.2137050269120837
154.84893498700012,2.85,3.0700000000000003,3.4,0.10308895499997561,0.13092604999997093,0.11711803200000759,2.624957142507283,2.862306762036522,3.2137050269120837
154.89908024500005,2.86,3.0,3.4,0.009185743999978513,0.03734893699993336,0.023220273999868368,2.63581107061944,2.787095262096364,3.2137050269120837
154.949237541,2.86,3.0,3.4,0.059343039999930625,0.08750623299988547,0.07337756999982048,2.63581107061944,2.787095262096364,3.2137050269120837
154.99958145600021,2.86,3.0,3.4,0.10968695500014292,0.13785014800009776,0.12372148500003277,2.63581107061944,2.787095262096364,3.2137050269120837
155.04970717600008,2.85,3.0700000000000003,3.48,0.015566660999866144,0.043874881999954596,0.02979786800005968,2.624957142507283,2.862306762036522,3.2982267963255647
155.09983229600016,2.85,3.0700000000000003,3.48,0.06569178099994133,0.09400000200002978,0.07992298800013486,2.624957142507283,2.862306762036522,3.2982267963255647
155.1499524180001,2.85,3.04,3.48,0.1158119029998943,2.8572000019266852e-05,0.13004311000008784,2.624957142507283,2.830106005081788,3.2982267963255647
155.2002862180002,2.82,3.04,3.41,0.022461408000026495,0.050362372000108735,0.0364443990001746,2.592354142473593,2.830106005081788,3.2242828660029197
155.2506187370002,2.82,3.04,3.41,0.07279392700002063,0.10069489100010287,0.08677691800016873,2.592354142473593,2.830106005081788,3.2242828660029197
155.30096523700013,2.82,2.99,3.41,0.12314042699995298,0.007042425999998159,0.13712341800010108,2.592354142473593,2.776328510821441,3.2242828660029197
155.35129364700015,2.86,2.99,3.43,0.029515703000015492,0.057370836000018244,0.04365571300013471,2.63581107061944,2.776328510821441,3.245427552727067
155.40143663900017,2.86,2.99,3.43,0.07965869500003464,0.10751382800003739,0.09379870500015386,2.63581107061944,2.776328510821441,3.245427552727067
155.45161024100003,2.86,3.02,3.43,0.12983229699989352,0.01365831199996137,0.14397230700001273,2.63581107061944,2.8086117567225273,3.245427552727067
155.50171575600007,2.83,3.02,3.48,0.035875522999958775,0.0637638270000025,0.04965809800000898,2.6032287644385,2.8086117567225273,3.2982267963255647
155.55183807900016,2.83,3.02,3.48,0.08599784600005478,0.1138861500000985,0.09978042100010498,2.6032287644385,2.8086117567225273,3.2982267963255647
155.60197641700006,2.83,3.0500000000000003,3.44,0.13613618399995175,0.020116719000043304,0.005907371999910538,2.6032287644385,2.8408449447303528,3.255994471739778
155.65230963500017,2.83,3.0500000000000003,3.44,0.042564487000163354,0.07044993700014857,0.0562405900000158,2.6032287644385,2.8408449447303528,3.255994471739778
155.70245814500004,2.83,3.0500000000000003,3.44,0.0927129970000351,0.12059844700002031,0.10638909999988755,2.6032287644385,2.8408449447303528,3.255994471739778
155.752762092,2.83,3.14,3.4,0.14301694400000997,0.023011324999970384,0.013201489999801197,2.6032287644385,2.937260628544903,3.2137050269120837
155.80298726800015,2.85,3.14,3.4,0.04945272999998451,0.07323650100011037,0.06342666599994118,2.624957142507283,2.937260628544903,3.2137050269120837
155.85332808500016,2.85,3.14,3.4,0.09979354699999021,0.12357731800011607,0.11376748299994688,2.624957142507283,2.937260628544903,3.2137050269120837
155.90342391800004,2.85,3.08,3.48,0.005739976999848295,0.03392061299996385,0.019352418999915244,2.624957142507283,2.8730297596787957,3.2982267963255647
155.953759815,2.85,3.08,3.48,0.056075873999816395,0.08425650999993195,0.06968831599988334,2.624957142507283,2.8730297596787957,3.2982267963255647
156.00399839200009,2.85,3.08,3.48,0.10631445099988923,0.1344950870000048,0.11992689299995618,2.624957142507283,2.8730297596787957,3.2982267963255647
156.05422012400004,2.88,3.04,3.41,0.012649668999983987,0.040635491999864826,0.026461321999931897,2.6574988240825244,2.830106005081788,3.2242828660029197
156.10437611200018,2.88,3.04,3.41,0.0628056570001263,0.09079148000000714,0.07661731000007421,2.6574988240825244,2.830106005081788,3.2242828660029197
156.15471956600004,2.88,3.04,3.41,0.11314911099998426,0.1411349339998651,0.12696076399993217,2.6574988240825244,2.830106005081788,3.2242828660029197
156.20486702300013,2.83,3.04,3.46,0.01942703400004575,0.04722309099997801,0.033159956999952556,2.6032287644385,2.830106005081788,3.2771176359721967
156.255201682,2.83,3.04,3.46,0.06976169299991852,0.09755774999985078,0.08349461599982533,2.6032287644385,2.830106005081788,3.2771176359721967
156.30534851900006,2.83,3.0500000000000003,3.46,0.11990852999997514,0.0032824459999574174,0.13364145299988195,2.6032287644385,2.8408449447303528,3.2771176359721967
156.3557017290002,2.87,3.0500000000000003,3.46,0.02577345100007733,0.05363565600009679,0.039709978000018964,2.646658270347723,2.8408449447303528,3.2771176359721967
156.40582218400004,2.87,3.0500000000000003,3.46,0.0758939059999193,0.10375611099993876,0.08983043299986093,2.646658270347723,2.8408449447303528,3.2771176359721967
156.4561472700002,2.87,3.04,3.46,0.12621899200007647,0.010117773000047237,0.1401555190000181,2.646658270347723,2.830106005081788,3.2771176359721967
156.50648347300012,2.84,3.04,3.41,0.032790247000093586,0.060453975999962495,0.046512876999941,2.614096402200959,2.830106005081788,3.2242828660029197
156.5566248340001,2.84,3.04,3.41,0.08293160800008081,0.11059533699994972,0.09665423799992823,2.614096402200959,2.830106005081788,3.2242828660029197
156.606837499,2.84,3.0,3.41,0.13314427299997078,0.01700639599994247,0.002922672999829956,2.614096402200959,2.787095262096364,3.2242828660029197
156.65716702400005,2.82,3.0,3.41,0.039446517999977004,0.06733592099999441,0.0532521979998819,2.592354142473593,2.787095262096364,3.2242828660029197
156.70733838,2.82,3.0,3.41,0.08961787399994137,0.11750727699995878,0.10342355399984626,2.592354142473593,2.787095262096364,3.2242828660029197
156.7576953370001,2.82,3.02,3.41,0.13997483100001773,0.024083542999960628,0.009812917000090238,2.592354142473593,2.8086117567225273,3.2242828660029197
156.80778606900003,2.83,3.02,3.41,0.04594589199996335,0.07417427499990481,0.05990364900003442,2.6032287644385,2.8086117567225273,3.2242828660029197
156.85787209600016,2.83,3.02,3.41,0.09603191900009733,0.12426030200003879,0.1099896760001684,2.6032287644385,2.8086117567225273,3.2242828660029197
156.90796713200007,2.84,3.0500000000000003,3.41,0.002384546000030241,0.030088419999856342,0.016235101999882318,2.614096402200959,2.8408449447303528,3.2242828660029197
156.95830228600016,2.84,3.0500000000000003,3.41,0.05271970000012516,0.08042357399995126,0.06657025599997723,2.614096402200959,2.8408449447303528,3.2242828660029197
157.00837618600008,2.84,3.0500000000000003,3.41,0.1027936000000409,0.130497473999867,0.11664415599989297,2.614096402200959,2.8408449447303528,3.2242828660029197
157.05870851400005,2.83,2.97,3.46,0.008927386999857845,0.036769379999896046,0.023126678999915384,2.6032287644385,2.7547776679797593,3.2771176359721967
157.108823733,2.83,2.97,3.46,0.05904260599982081,0.08688459899985901,0.07324189799987835,2.6032287644385,2.7547776679797593,3.2771176359721967
157.15889980800011,2.83,2.97,3.46,0.10911868099992716,0.13696067399996537,0.1233179729999847,2.6032287644385,2.7547776679797593,3.2771176359721967
157.2092160210002,2.81,3.02,3.45,0.01543803000004118,0.04382908000002317,0.029393337000101383,2.5814724480420086,2.8086117567225273,3.266557821315888
157.25951297000006,2.81,3.02,3.45,0.06573497899989889,0.09412602899988087,0.07969028599995909,2.5814724480420086,2.8086117567225273,3.266557821315888
157.3098518830002,2.81,3.02,3.45,0.11607389200003126,0.14446494200001325,0.13002919900009147,2.5814724480420086,2.8086117567225273,3.266557821315888
157.36018099500006,2.81,3.02,3.45,0.16640300399990338,0.19479405399988536,0.18035831099996358,2.5814724480420086,2.8086117567225273,3.266557821315888
157.41036270200016,2.81,3.02,3.45,0.21658471099999588,0.24497576099997787,0.23054001800005608,2.5814724480420086,2.8086117567225273,3.266557821315888
157.46047882800008,2.81,3.06,3.45,0.26670083699991665,0.006620759000043108,0.28065614399997685,2.5814724480420086,2.8515785102290274,3.266557821315888
157.51079786800005,2.83,3.06,3.46,0.029410546000008253,0.056939799000019775,0.043359366999993654,2.6032287644385,2.8515785102290274,3.2771176359721967
157.56113362600013,2.83,3.06,3.46,0.07974630400008209,0.10727555700009361,0.09369512500006749,2.6032287644385,2.8515785102290274,3.2771176359721967
157.61125894500015,2.83,3.0300000000000002,3.41,0.12987162300009913,0.013770531000091069,4.64080001165712e-05,2.6032287644385,2.8193616298729753,3.2242828660029197
157.66158339900016,2.84,3.0300000000000002,3.41,0.03613954800016472,0.06409498500011068,0.050370862000136185,2.614096402200959,2.8193616298729753,3.2242828660029197
157.71175293600004,2.84,3.0300000000000002,3.41,0.08630908500003898,0.11426452199998494,0.10054039900001044,2.614096402200959,2.8193616298729753,3.2242828660029197
157.76210990100003,2.84,3.0700000000000003,3.48,0.13666605000003074,0.020276975999877322,0.006190412000023571,2.614096402200959,2.862306762036522,3.2982267963255647
157.81226539700015,2.85,3.0700000000000003,3.48,0.042577183000048535,0.07043247199999314,0.05634590800013939,2.624957142507283,2.862306762036522,3.2982267963255647
157.862628072,2.85,3.0700000000000003,3.48,0.09293985799990878,0.12079514699985339,0.10670858299999963,2.624957142507283,2.862306762036522,3.2982267963255647
157.91278341300017,2.85,3.1,3.43,0.14309519900007217,0.02697808400012036,0.013305036000019754,2.624957142507283,2.8944602260179706,3.245427552727067
157.9631137150002,2.84,3.1,3.43,0.04959890300006009,0.07730838600014067,0.06363533800004006,2.614096402200959,2.8944602260179706,3.245427552727067
158.01325991000022,2.84,3.1,3.43,0.09974509800008491,0.1274545810001655,0.11378153300006488,2.614096402200959,2.8944602260179706,3.245427552727067
158.06336861800014,2.82,3.02,3.49,0.005755118000024595,0.03383364100000108,0.019862552999938998,2.592354142473593,2.8086117567225273,3.308776208811953
158.1134802900001,2.82,3.02,3.49,0.05586678999998185,0.08394531299995833,0.06997422499989625,2.592354142473593,2.8086117567225273,3.308776208811953
158.16380552500004,2.82,3.02,3.49,0.10619202499992753,0.134270547999904,0.12029945999984193,2.592354142473593,2.8086117567225273,3.308776208811953
158.2139222520002,2.86,3.0,3.46,0.012328948999993372,0.04029168000010941,0.026477006000050096,2.63581107061944,2.787095262096364,3.2771176359721967
158.2642531460001,2.86,3.0,3.46,0.06265984299989213,0.09062257400000817,0.07680789999994886,2.63581107061944,2.787095262096364,3.2771176359721967
158.31439615800014,2.86,3.0,3.46,0.11280285499992715,0.14076558600004319,0.12695091199998387,2.63581107061944,2.787095262096364,3.2771176359721967
158.36451375900015,2.85,3.1300000000000003,3.42,0.0190093149999484,0.046793869000111954,0.033179314000108207,2.624957142507283,2.9265679558144555,3.2348570292982033
158.41482491500005,2.85,3.1300000000000003,3.42,0.06932047099985539,0.09710502500001894,0.0834904700000152,2.624957142507283,2.9265679558144555,3.2348570292982033
158.46494405400017,2.85,3.1500000000000004,3.42,0.11943960999997216,0.0032251000000087515,0.13360960900013197,2.624957142507283,2.9479484391691795,3.2348570292982033
158.51505785100017,2.85,3.1500000000000004,3.48,0.0252561270001479,0.05333889700000327,0.039418293000153426,2.624957142507283,2.9479484391691795,3.2982267963255647
158.5653925040001,2.85,3.1500000000000004,3.48,0.07559078000008412,0.1036735499999395,0.08975294600008965,2.624957142507283,2.9479484391691795,3.2982267963255647
158.618585704,2.85,3.02,3.48,0.12878397999998015,0.009746605999907842,0.14294614599998567,2.624957142507283,2.8086117567225273,3.2982267963255647
158.668918158,2.84,3.02,3.4,0.03559178399996199,0.06007905999990726,0.049547368999810715,2.614096402200959,2.8086117567225273,3.2137050269120837
158.719058592,2.84,3.02,3.4,0.08573221799997555,0.11021949399992081,0.09968780299982427,2.614096402200959,2.8086117567225273,3.2137050269120837
158.76938845300015,2.84,2.97,3.4,0.13606207900011213,0.019750437000084275,0.005451645999983157,2.614096402200959,2.7547776679797593,3.2137050269120837
158.8195378590001,2.84,2.97,3.4,0.04190533099995264,0.06989984300003016,0.05560105199992904,2.614096402200959,2.7547776679797593,3.2137050269120837
158.869872021,2.84,2.97,3.4,0.09223949299985179,0.12023400499992931,0.10593521399982819,2.614096402200959,2.7547776679797593,3.2137050269120837
158.92001521600014,2.84,3.08,3.47,0.14238268799999787,0.026199277999921833,0.012167784999974174,2.614096402200959,2.8730297596787957,3.287673949770567
158.970129175,2.83,3.08,3.47,0.048467411999808974,0.07631323699979475,0.062281743999847095,2.6032287644385,2.8730297596787957,3.287673949770567
159.0204547090002,2.83,3.08,3.47,0.09879294600000321,0.126638770999989,0.11260727800004133,2.6032287644385,2.8730297596787957,3.287673949770567
159.0705920590001,2.81,3.08,3.48,0.005145728999877974,0.033224585999960254,0.018753887999992003,2.5814724480420086,2.8730297596787957,3.2982267963255647
159.120702768,2.81,3.08,3.48,0.05525643799978752,0.0833352949998698,0.06886459699990155,2.5814724480420086,2.8730297596787957,3.2982267963255647
159.1710292260002,2.81,3.08,3.48,0.10558289599998716,0.13366175300006944,0.11919105500010119,2.5814724480420086,2.8730297596787957,3.2982267963255647
159.22121604900008,2.83,3.02,3.5,0.011472126999933607,0.04001054600007592,0.025691785999924832,2.6032287644385,2.8086117567225273,3.319322219972023
159.2715924910001,2.83,3.02,3.5,0.06184856899994884,0.09038698800009115,0.07606822799994006,2.6032287644385,2.8086117567225273,3.319322219972023
159.32168779500012,2.83,3.02,3.5,0.11194387299997288,0.1404822920001152,0.1261635319999641,2.6032287644385,2.8086117567225273,3.319322219972023
159.3720157350001,2.83,3.02,3.5,0.16227181299996118,0.1908102320001035,0.1764914719999524,2.6032287644385,2.8086117567225273,3.319322219972023
159.42213480500004,2.83,3.02,3.5,0.21239088299989817,0.24092930200004048,0.2266105419998894,2.6032287644385,2.8086117567225273,3.319322219972023
159.47226834900016,2.83,3.02,3.5,0.26252442700001666,0.0024154640000233485,0.2767440860000079,2.6032287644385,2.8086117567225273,3.319322219972023
159.5224435,2.84,3.02,3.44,0.024753515999918818,0.05259061499987183,0.038951882999981535,2.614096402200959,2.8086117567225273,3.255994471739778
159.57261270900017,2.84,3.02,3.44,0.07492272500007857,0.10275982400003159,0.08912109200014129,2.614096402200959,2.8086117567225273,3.255994471739778
159.62274877000004,2.84,3.0,3.44,0.12505878599995413,0.008924720999857527,0.13925715300001684,2.614096402200959,2.787095262096364,3.255994471739778
159.673077809,2.83,3.0,3.41,0.03141327399998772,0.05925375999981952,0.045323531999883926,2.6032287644385,2.787095262096364,3.2242828660029197
159.7232436500001,2.83,3.0,3.41,0.08157911500006776,0.10941960099989956,0.09548937299996396,2.6032287644385,2.787095262096364,3.2242828660029197
159.77338745200018,2.83,3.0700000000000003,3.43,0.13172291700016103,0.016139283000029536,0.0016695980000349664,2.6032287644385,2.862306762036522,3.245427552727067
159.8238137190001,2.83,3.0700000000000003,3.43,0.038186173999974926,0.06656554999995024,0.052095864999955666,2.6032287644385,2.862306762036522,3.245427552727067
159.87397682100004,2.83,3.0700000000000003,3.43,0.08834927599991715,0.11672865199989246,0.1022589669998979,2.6032287644385,2.862306762036522,3.245427552727067
159.92430822200004,2.83,3.0,3.45,0.13868067699991116,0.022535470999855534,0.008608411999830423,2.6032287644385,2.787095262096364,3.266557821315888
159.97442367000008,2.84,3.0,3.45,0.04502405399989584,0.07265091899989784,0.05872385999987273,2.614096402200959,2.787095262096364,3.266557821315888
