time,d1,d2,d3,t_uwb_1,t_uwb_2,t_uwb_3,el1,el2,el3,x,y
0.101071592000153,3.97,1.7599999999999998,3.8,0.0258758710006077,0.0120071510000343,0.0398214930000904,3.811666302288279,1.3658330791132565,3.634267464015272,1.0285824175824179,0.9733812470138549
0.1514184799998474,3.97,1.7599999999999998,3.8,0.0762227590003021,0.0623540389997288,0.0901683809997848,3.811666302288279,1.3658330791132565,3.634267464015272,1.0285824175824179,0.9733812470138549
0.2017594910003026,3.97,1.7599999999999998,3.8,0.1265637700007573,0.1126950500001839,0.14050939200024,3.811666302288279,1.3658330791132565,3.634267464015272,1.0285824175824179,0.9733812470138549
0.2520939480000379,3.98,1.7599999999999998,3.76,0.0332941670003492,0.019052745999943,0.0471189950003463,3.8220805852310336,1.3658330791132565,3.592422580933373,1.061813186813187,0.9484135212613469
0.3023874339996837,3.98,1.7599999999999998,3.76,0.083587652999995,0.0693462319995887,0.0974124809999921,3.8220805852310336,1.3658330791132565,3.592422580933373,1.061813186813187,0.9484135212613469
0.3525270250001995,3.98,1.7599999999999998,3.79,0.1337272440005108,0.1194858230001045,0.0033394620004401,3.8220805852310336,1.3658330791132565,3.623810149552539,1.0369230769230773,0.9606421404682269
0.4028194679995067,3.97,1.7599999999999998,3.79,0.0397561869995115,0.0260124799997356,0.0536319049997473,3.811666302288279,1.3658330791132565,3.623810149552539,1.0369230769230773,0.9692834448160527
0.4531487459998971,3.97,1.7599999999999998,3.79,0.0900854649999018,0.0763417580001259,0.1039611830001376,3.811666302288279,1.3658330791132565,3.623810149552539,1.0369230769230773,0.9692834448160527
0.5034829870000976,3.97,1.7599999999999998,3.79,0.1404197060001024,0.1266759990003265,0.0103683910001564,3.811666302288279,1.3658330791132565,3.623810149552539,1.0369230769230773,0.9692834448160527
0.5537766830002511,3.95,1.7400000000000002,3.79,0.0467373620003854,0.0329010650002601,0.0606620870003098,3.7908310434520818,1.339962686047638,3.623810149552539,1.0292307692307696,0.9826714046822741
0.6041057390002607,3.95,1.7400000000000002,3.79,0.097066418000395,0.0832301210002697,0.1109911430003194,3.7908310434520818,1.339962686047638,3.623810149552539,1.0292307692307696,0.9826714046822741
0.6542453649999516,3.97,1.7400000000000002,3.78,0.0032596680002825,0.1333697469999606,0.0171635670003524,3.811666302288279,1.339962686047638,3.613350245962879,1.0375494505494507,0.9613670090778782
0.7045869409994339,3.97,1.77,3.78,0.0536012439997648,0.0398055319992636,0.0675051429998347,3.811666302288279,1.378695035169127,3.613350245962879,1.049120879120879,0.9671275680840896
0.7549174690002474,3.97,1.77,3.78,0.1039317720005783,0.0901360600000771,0.1178356710006482,3.811666302288279,1.378695035169127,3.613350245962879,1.049120879120879,0.9671275680840896
0.8051689539997824,3.98,1.77,3.79,0.010192896999797,0.1403875449996121,0.0241235570001663,3.8220805852310336,1.378695035169127,3.623810149552539,1.0408021978021984,0.962573268036311
0.8554445669997222,3.98,1.7599999999999998,3.79,0.0604685099997368,0.0468675609999991,0.0743991700001061,3.8220805852310336,1.3658330791132565,3.623810149552539,1.0369230769230773,0.9606421404682269
0.9055768890002582,3.98,1.7599999999999998,3.79,0.1106008320002729,0.0969998830005351,0.1245314920006421,3.8220805852310336,1.3658330791132565,3.623810149552539,1.0369230769230773,0.9606421404682269
0.955716503000076,3.98,1.73,3.8,0.0167424259998369,0.0025292880000051,0.0307004060005056,3.8220805852310336,1.3269513932318695,3.634267464015272,1.0170769230769232,0.959012207357859
1.005805011999655,3.98,1.73,3.8,0.066830934999416,0.0526177969995842,0.0807889150000846,3.8220805852310336,1.3269513932318695,3.634267464015272,1.0170769230769232,0.959012207357859
1.055938628000149,3.98,1.73,3.8,0.1169645509999099,0.1027514130000781,0.1309225310005786,3.8220805852310336,1.3269513932318695,3.634267464015272,1.0170769230769232,0.959012207357859
1.1062707749997571,3.97,1.7400000000000002,3.78,0.0233660180001606,0.0091201650002403,0.0373054179999599,3.811666302288279,1.339962686047638,3.613350245962879,1.0375494505494507,0.9613670090778782
1.1565838030001032,3.97,1.7400000000000002,3.78,0.0736790460005067,0.0594331930005864,0.087618446000306,3.811666302288279,1.339962686047638,3.613350245962879,1.0375494505494507,0.9613670090778782
1.2069130199997744,3.97,1.7400000000000002,3.78,0.1240082630001779,0.1097624100002576,0.1379476629999771,3.811666302288279,1.339962686047638,3.613350245962879,1.0375494505494507,0.9613670090778782
1.2572649889998502,3.97,1.7400000000000002,3.78,0.1743602320002537,0.1601143790003334,0.1882996320000529,3.811666302288279,1.339962686047638,3.613350245962879,1.0375494505494507,0.9613670090778782
1.3076066719995652,3.97,1.7400000000000002,3.78,0.2247019149999687,0.2104560620000484,0.2386413149997679,3.811666302288279,1.339962686047638,3.613350245962879,1.0375494505494507,0.9613670090778782
1.35769078300018,3.97,1.7400000000000002,3.8,0.2747860260005836,0.2605401730006633,0.0010350649999963,3.811666302288279,1.339962686047638,3.634267464015272,1.0208901098901102,0.969551815575728
1.407984165999551,3.95,1.7799999999999998,3.8,0.0371298469999601,0.0229092039999159,0.0513284479993672,3.7908310434520818,1.391509971218316,3.634267464015272,1.0363626373626376,0.9944718346870519
1.4583782529998643,3.95,1.7799999999999998,3.8,0.0875239340002735,0.0733032910002293,0.1017225349996806,3.7908310434520818,1.391509971218316,3.634267464015272,1.0363626373626376,0.9944718346870519
1.5087189480000234,3.95,1.7799999999999998,3.76,0.1378646290004326,0.1236439860003884,0.0078445500002999,3.7908310434520818,1.391509971218316,3.592422580933373,1.0695934065934067,0.9781454132823696
1.5590156070002197,3.97,1.7400000000000002,3.76,0.0441809720005039,0.029974468000546,0.058141209000496,3.811666302288279,1.339962686047638,3.592422580933373,1.0541208791208794,0.953225394171046
1.609154015999593,3.97,1.7400000000000002,3.76,0.0943193809998774,0.0801128769999195,0.1082796179998695,3.811666302288279,1.339962686047638,3.592422580933373,1.0541208791208794,0.953225394171046
1.659337885000241,3.98,1.7400000000000002,3.8,0.0004562260000966,0.1302967460005675,0.0147115890003988,3.8220805852310336,1.339962686047638,3.634267464015272,1.0208901098901102,0.960910511227902
1.7095370019997065,3.98,1.81,3.8,0.0506553429995619,0.0365221359998031,0.0649107059998641,3.8220805852310336,1.4296852800529212,3.634267464015272,1.0481978021978027,0.9745049928332533
1.759874684999886,3.98,1.81,3.8,0.1009930259997418,0.0868598189999829,0.1152483890000439,3.8220805852310336,1.4296852800529212,3.634267464015272,1.0481978021978027,0.9745049928332533
1.810463576000075,3.97,1.81,3.79,0.0073832620000757,0.1374487100001715,0.0216537410005912,3.811666302288279,1.4296852800529212,3.623810149552539,1.0565384615384619,0.9790484949832766
1.8607900819997667,3.97,1.7400000000000002,3.79,0.0577097679997677,0.0440465069996207,0.0719802470002832,3.811666302288279,1.339962686047638,3.623810149552539,1.0292307692307696,0.9654540133779259
1.9111192099999244,3.97,1.7400000000000002,3.79,0.1080388959999254,0.0943756349997784,0.1223093750004409,3.811666302288279,1.339962686047638,3.623810149552539,1.0292307692307696,0.9654540133779259
1.9612173979994625,3.96,1.7799999999999998,3.79,0.0142163789996629,0.0004778569991685,0.028425017999325,3.801249794475496,1.391509971218316,3.623810149552539,1.044703296703297,0.9817762064022927
2.0113050929994643,3.96,1.7799999999999998,3.79,0.0643040739996649,0.0505655519991705,0.078512712999327,3.801249794475496,1.391509971218316,3.623810149552539,1.044703296703297,0.9817762064022927
2.0614002820002497,3.96,1.7799999999999998,3.79,0.1143992630004504,0.100660740999956,0.1286079020001125,3.801249794475496,1.391509971218316,3.623810149552539,1.044703296703297,0.9817762064022927
2.11173343199971,3.97,1.7400000000000002,3.79,0.0210260060002838,0.0068318229996293,0.0346497239997916,3.811666302288279,1.339962686047638,3.623810149552539,1.0292307692307696,0.9654540133779259
2.1621162249994086,3.97,1.7400000000000002,3.79,0.0714087989999825,0.057214615999328,0.0850325169994903,3.811666302288279,1.339962686047638,3.623810149552539,1.0292307692307696,0.9654540133779259
2.212468073000309,3.97,1.7400000000000002,3.79,0.1217606470008831,0.1075664640002287,0.1353843650003909,3.811666302288279,1.339962686047638,3.623810149552539,1.0292307692307696,0.9654540133779259
2.262794262999705,3.96,1.7400000000000002,3.82,0.0278716739994706,0.0139614370000344,0.0420590300000185,3.801249794475496,1.339962686047638,3.6551744144431737,1.0041428571428572,0.9863993788819873
2.313140397000097,3.96,1.7400000000000002,3.82,0.078217807999863,0.0643075710004268,0.0924051640004108,3.801249794475496,1.339962686047638,3.6551744144431737,1.0041428571428572,0.9863993788819873
2.363260672000252,3.96,1.7400000000000002,3.82,0.1283380830000169,0.1144278460005807,0.1425254390005648,3.801249794475496,1.339962686047638,3.6551744144431737,1.0041428571428572,0.9863993788819873
2.4135868989997107,3.97,1.77,3.81,0.0347073689999888,0.0207708440002534,0.0487835140002061,3.811666302288279,1.378695035169127,3.6447222116369855,1.024098901098901,0.9794209746774961
2.4637273070002266,3.97,1.77,3.81,0.0848477770005047,0.0709112520007693,0.098923922000722,3.811666302288279,1.378695035169127,3.6447222116369855,1.024098901098901,0.9794209746774961
2.5138365069997235,3.97,1.77,3.79,0.1349569770000016,0.1210204520002662,0.0049249020003117,3.811666302288279,1.378695035169127,3.623810149552539,1.0408021978021984,0.971214572384137
2.563955284000258,3.99,1.81,3.79,0.0413061000008383,0.0271624280003379,0.0550436790008461,3.8324926614411146,1.4296852800529212,3.623810149552539,1.0565384615384619,0.9617441471571903
2.614258173999588,3.99,1.81,3.79,0.0916089900001679,0.0774653179996676,0.1053465690001758,3.8324926614411146,1.4296852800529212,3.623810149552539,1.0565384615384619,0.9617441471571903
2.664574884000104,3.99,1.81,3.81,0.1419257000006837,0.1277820280001833,0.0116783829998894,3.8324926614411146,1.4296852800529212,3.6447222116369855,1.0398351648351647,0.9699505494505494
2.7148896620001324,3.96,1.7599999999999998,3.81,0.0480744930000582,0.0341550190005364,0.0619931609999184,3.801249794475496,1.3658330791132565,3.6447222116369855,1.0202197802197799,0.9861094123268035
2.76515785599986,3.96,1.7599999999999998,3.81,0.0983426869997856,0.0844232130002637,0.1122613549996458,3.801249794475496,1.3658330791132565,3.6447222116369855,1.0202197802197799,0.9861094123268035
2.81531943400023,3.97,1.7599999999999998,3.78,0.0045048850006423,0.1345847910006341,0.0184698260000004,3.811666302288279,1.3658330791132565,3.613350245962879,1.0452417582417581,0.9651964405160051
2.865635119000217,3.97,1.75,3.78,0.0548205700006292,0.0409222630005388,0.0687855109999873,3.811666302288279,1.3529227620230209,3.613350245962879,1.0413846153846151,0.9632762541806014
2.915750960999503,3.97,1.75,3.78,0.1049364119999154,0.091038104999825,0.1189013529992735,3.811666302288279,1.3529227620230209,3.613350245962879,1.0413846153846151,0.9632762541806014
2.96588476099987,3.95,1.75,3.76,0.0110987959997146,0.141171905000192,0.0250551310000446,3.7908310434520818,1.3529227620230209,3.592422580933373,1.057956043956044,0.9723520305781174
3.0162187050000284,3.95,1.77,3.76,0.0614327399998728,0.0472312170004443,0.0753890750002028,3.7908310434520818,1.378695035169127,3.592422580933373,1.065692307692308,0.9762033444816052
3.0665382919996773,3.95,1.77,3.76,0.1117523269995217,0.0975508040000932,0.1257086619998517,3.7908310434520818,1.378695035169127,3.592422580933373,1.065692307692308,0.9762033444816052
3.116678464999495,3.97,1.77,3.76,0.0181160709998948,0.0036966919997212,0.1758488349996696,3.811666302288279,1.378695035169127,3.592422580933373,1.065692307692308,0.958985953177257
3.1670142439998017,3.97,1.77,3.76,0.0684518500002013,0.0540324710000277,0.2261846139999761,3.811666302288279,1.378695035169127,3.592422580933373,1.065692307692308,0.958985953177257
3.21715501899962,3.97,1.77,3.76,0.1185926250000193,0.1041732459998456,0.2763253889997941,3.811666302288279,1.378695035169127,3.592422580933373,1.065692307692308,0.958985953177257
3.2673541859994657,3.98,1.7799999999999998,3.76,0.0246592559997225,0.0104440789991713,0.3265245559996401,3.8220805852310336,1.391509971218316,3.592422580933373,1.0695934065934067,0.9522867176301955
3.3176697849994525,3.98,1.7799999999999998,3.76,0.0749748549997093,0.0607596779991581,0.376840154999627,3.8220805852310336,1.391509971218316,3.592422580933373,1.0695934065934067,0.9522867176301955
3.367996543000117,3.98,1.7799999999999998,3.76,0.1253016130003743,0.1110864359998231,0.4271669130002919,3.8220805852310336,1.391509971218316,3.592422580933373,1.0695934065934067,0.9522867176301955
3.4183587890001945,3.98,1.79,3.82,0.1756638590004513,0.0174511430004713,0.045656031999897,3.8220805852310336,1.4042791745233565,3.6551744144431737,1.0235384615384615,0.9787941471571906
3.4686507790002,3.98,1.79,3.82,0.2259558490004565,0.0677431330004765,0.0959480219999022,3.8220805852310336,1.4042791745233565,3.6551744144431737,1.0235384615384615,0.9787941471571906
3.518791818999489,3.98,1.79,3.83,0.2760968889997457,0.1178841729997657,0.0021107549991938,3.8220805852310336,1.4042791745233565,3.6656240942027862,1.0151318681318684,0.9829243430482559
3.569125993999478,3.98,1.7799999999999998,3.83,0.3264310639997347,0.0242837419991701,0.0524449299991829,3.8220805852310336,1.391509971218316,3.6656240942027862,1.0112087912087913,0.9809713330148109
3.619460064000122,3.98,1.7799999999999998,3.83,0.3767651340003795,0.0746178119998148,0.1027789999998276,3.8220805852310336,1.391509971218316,3.6656240942027862,1.0112087912087913,0.9809713330148109
3.6698089419996895,3.98,1.7799999999999998,3.74,0.4271140119999472,0.1249666899993826,0.0091387789998407,3.8220805852310336,1.391509971218316,3.5714842852797206,1.0860769230769232,0.9441882943143809
3.7201459890002297,3.95,1.7400000000000002,3.74,0.0451950020005824,0.0313363479999679,0.05947582600038,3.7908310434520818,1.339962686047638,3.5714842852797206,1.0706043956043958,0.9623443621595794
3.770468091000112,3.95,1.7400000000000002,3.74,0.0955171040004643,0.0816584499998498,0.1097979280002618,3.7908310434520818,1.339962686047638,3.5714842852797206,1.0706043956043958,0.9623443621595794
3.82060735199957,3.97,1.7400000000000002,3.83,0.0017591449995961,0.131797710999308,0.0159922980001283,3.811666302288279,1.339962686047638,3.6656240942027862,0.9957362637362639,0.9819100095556612
3.87093091099996,3.97,1.77,3.83,0.0520827039999858,0.0381647530002737,0.066315857000518,3.811666302288279,1.378695035169127,3.6656240942027862,1.0073076923076925,0.9876705685618724
3.921248558000116,3.97,1.77,3.83,0.1024003510001421,0.08848240000043,0.1166335040006742,3.811666302288279,1.378695035169127,3.6656240942027862,1.0073076923076925,0.9876705685618724
3.9715171640000335,3.96,1.77,3.83,0.008703430999958,0.1387510060003478,0.0227472220003619,3.801249794475496,1.378695035169127,3.6656240942027862,1.0073076923076925,0.9962901337792637
4.021854911999981,3.96,1.85,3.83,0.0590411789999052,0.0450787830004628,0.0730849700003091,3.801249794475496,1.4800000000000002,3.6656240942027862,1.0391318681318684,1.0121330387004297
4.072191731999737,3.96,1.85,3.83,0.1093779989996619,0.0954156030002195,0.1234217900000658,3.801249794475496,1.4800000000000002,3.6656240942027862,1.0391318681318684,1.0121330387004297
4.122536543999559,3.95,1.88,3.81,0.0159440729994457,0.0018658829994819,0.0296765709999817,3.7908310434520818,1.517333186877556,3.6447222116369855,1.0682197802197801,1.0186028905876732
4.172869428999547,3.95,1.88,3.81,0.0662769579994346,0.0521987679994708,0.0800094559999706,3.7908310434520818,1.517333186877556,3.6447222116369855,1.0682197802197801,1.0186028905876732
4.222968195000249,3.95,1.88,3.81,0.1163757240001359,0.1022975340001721,0.1301082220006719,3.7908310434520818,1.517333186877556,3.6447222116369855,1.0682197802197801,1.0186028905876732
4.273235437000039,3.95,1.88,3.81,0.1666429659999266,0.1525647759999628,0.1803754640004626,3.7908310434520818,1.517333186877556,3.6447222116369855,1.0682197802197801,1.0186028905876732
4.323564290999457,3.95,1.88,3.81,0.216971819999344,0.2028936299993802,0.23070431799988,3.7908310434520818,1.517333186877556,3.6447222116369855,1.0682197802197801,1.0186028905876732
4.37387377199957,3.95,1.88,3.81,0.267281300999457,0.2532031109994932,0.281013798999993,3.7908310434520818,1.517333186877556,3.6447222116369855,1.0682197802197801,1.0186028905876732
4.42419169599998,3.98,1.96,3.78,0.0296708750001926,0.0155817800005024,0.0435808419997556,3.8220805852310336,1.6153946886132813,3.613350245962879,1.127,0.99725652173913
4.47450488999948,3.98,1.96,3.78,0.0799840689996926,0.0658949740000025,0.0938940359992557,3.8220805852310336,1.6153946886132813,3.613350245962879,1.127,0.99725652173913
4.524588983000285,3.98,1.96,3.81,0.1300681620004979,0.1159790670008078,0.0001153460007117,3.8220805852310336,1.6153946886132813,3.6447222116369855,1.101978021978022,1.0095499283325367
4.57491515699985,3.98,1.83,3.81,0.0362464780000664,0.0222994360001393,0.0504415200002767,3.8220805852310336,1.454922678357857,3.6447222116369855,1.047835164835165,0.9825962016244623
4.625248158999966,3.98,1.83,3.81,0.0865794800001822,0.0726324380002552,0.1007745220003926,3.8220805852310336,1.454922678357857,3.6447222116369855,1.047835164835165,0.9825962016244623
4.675378152999656,3.98,1.83,3.81,0.136709473999872,0.1227624319999449,0.006713717999446,3.8220805852310336,1.454922678357857,3.6447222116369855,1.047835164835165,0.9825962016244623
4.725709053000173,3.98,1.77,3.81,0.0433109410005272,0.0290847770002073,0.0570446179999635,3.8220805852310336,1.378695035169127,3.6447222116369855,1.024098901098901,0.9707796703296699
4.775849181000012,3.98,1.77,3.81,0.0934510690003662,0.0792249050000464,0.1071847459998025,3.8220805852310336,1.378695035169127,3.6447222116369855,1.024098901098901,0.9707796703296699
4.826088820000223,3.98,1.77,3.8,0.1436907080005767,0.1294645440002568,0.0137462360007702,3.8220805852310336,1.378695035169127,3.634267464015272,1.0324615384615388,0.9666710702341131
4.876427158000297,3.96,1.82,3.8,0.0498423950002688,0.0358978680005748,0.0640845740008444,3.801249794475496,1.4423245127224316,3.634267464015272,1.0521868131868135,0.9937516961299566
4.9267827409994425,3.96,1.82,3.8,0.1001979779994144,0.0862534509997203,0.11444015699999,3.801249794475496,1.4423245127224316,3.634267464015272,1.0521868131868135,0.9937516961299566
4.977105023999684,3.97,1.82,3.78,0.0065142570001626,0.1365757339999618,0.0204459679998763,3.811666302288279,1.4423245127224316,3.613350245962879,1.0688461538461538,0.9769473244147151
5.027432154999588,3.97,1.7799999999999998,3.78,0.0568413880000662,0.0432413139997152,0.0707730989997799,3.811666302288279,1.391509971218316,3.613350245962879,1.053021978021978,0.9690696368848538
5.077752373999829,3.97,1.7799999999999998,3.78,0.1071616070003074,0.0935615329999564,0.1210933180000211,3.811666302288279,1.391509971218316,3.613350245962879,1.053021978021978,0.9690696368848538
5.128077733999817,3.97,1.7799999999999998,3.8,0.0134956530000636,0.1438868929999444,0.0274792079999315,3.811666302288279,1.391509971218316,3.634267464015272,1.0363626373626376,0.9772544433827036
5.178413908999573,3.97,1.7799999999999998,3.8,0.0638318279998202,0.0497670739996465,0.0778153829996881,3.811666302288279,1.391509971218316,3.634267464015272,1.0363626373626376,0.9772544433827036
5.228706230000171,3.97,1.7799999999999998,3.8,0.1141241490004176,0.1000593950002439,0.1281077040002856,3.811666302288279,1.391509971218316,3.634267464015272,1.0363626373626376,0.9772544433827036
5.279039390999969,3.95,1.7599999999999998,3.84,0.0205202260003716,0.0063123199997789,0.0344455120002749,3.7908310434520818,1.3658330791132565,3.676071272432024,0.9949999999999999,1.0070978260869563
5.329410925000047,3.95,1.7599999999999998,3.84,0.0708917600004497,0.056683853999857,0.084817046000353,3.7908310434520818,1.3658330791132565,3.676071272432024,0.9949999999999999,1.0070978260869563
5.379530508000244,3.95,1.7599999999999998,3.84,0.1210113430006458,0.1068034370000532,0.1349366290005491,3.7908310434520818,1.3658330791132565,3.676071272432024,0.9949999999999999,1.0070978260869563
5.429671736999808,3.97,1.75,3.81,0.0269102100000964,0.01295895200019,0.0413880289997905,3.811666302288279,1.3529227620230209,3.6447222116369855,1.016362637362637,0.975569660774008
5.479988303000027,3.97,1.75,3.81,0.077226776000316,0.0632755180004096,0.0917045950000101,3.811666302288279,1.3529227620230209,3.6447222116369855,1.016362637362637,0.975569660774008
5.530367266000212,3.97,1.75,3.81,0.1276057390005007,0.1136544810005943,0.1420835580001949,3.811666302288279,1.3529227620230209,3.6447222116369855,1.016362637362637,0.975569660774008
5.580683844000305,3.98,1.79,3.84,0.0339513460003217,0.0200395450001451,0.0484513530000185,3.8220805852310336,1.4042791745233565,3.676071272432024,1.0067032967032965,0.9870653368370759
5.631031744000211,3.98,1.79,3.84,0.0842992460002278,0.0703874450000512,0.0987992529999246,3.8220805852310336,1.4042791745233565,3.676071272432024,1.0067032967032965,0.9870653368370759
5.681368325000221,3.98,1.79,3.82,0.1346358270002383,0.1207240260000617,0.0049187900003744,3.8220805852310336,1.4042791745233565,3.6551744144431737,1.0235384615384615,0.9787941471571906
5.73166749200027,3.97,1.81,3.82,0.041066640000281,0.0271740640000643,0.0552179570004227,3.811666302288279,1.4296852800529212,3.6551744144431737,1.0314505494505495,0.9913742952699468
5.781811126999855,3.97,1.81,3.82,0.0912102749998666,0.07731769899965,0.1053615920000083,3.811666302288279,1.4296852800529212,3.6551744144431737,1.0314505494505495,0.9913742952699468
5.83214346099976,3.97,1.81,3.78,0.1415426089997709,0.1276500329995542,0.0119369849999202,3.811666302288279,1.4296852800529212,3.613350245962879,1.0648571428571427,0.9749614906832292
5.882276886999534,3.95,1.79,3.78,0.0479149909997431,0.0336746939992735,0.062070410999695,3.7908310434520818,1.4042791745233565,3.613350245962879,1.056945054945055,0.9882400382226467
5.932570846999624,3.95,1.79,3.78,0.0982089509998331,0.0839686539993636,0.112364370999785,3.7908310434520818,1.4042791745233565,3.613350245962879,1.056945054945055,0.9882400382226467
5.982724796999719,3.94,1.79,3.78,0.0044367669997882,0.134122603999458,0.0186171089999334,3.780410030671276,1.4042791745233565,3.613350245962879,1.056945054945055,0.9968161251791686
6.033040520999748,3.94,1.79,3.78,0.0547524909998173,0.0409389659998851,0.0689328329999625,3.780410030671276,1.4042791745233565,3.613350245962879,1.056945054945055,0.9968161251791686
6.083367559999715,3.94,1.79,3.78,0.1050795299997844,0.0912660049998521,0.1192598719999296,3.780410030671276,1.4042791745233565,3.613350245962879,1.056945054945055,0.9968161251791686
6.133473488000163,3.97,1.79,3.78,0.0108668240000042,0.1413719330003005,0.0248079279999728,3.811666302288279,1.4042791745233565,3.613350245962879,1.056945054945055,0.9710226469182985
6.183811849999984,3.97,1.79,3.78,0.0612051859998246,0.0472746120003648,0.0751462899997932,3.811666302288279,1.4042791745233565,3.613350245962879,1.056945054945055,0.9710226469182985
6.234109140999863,3.97,1.79,3.78,0.1115024769997035,0.0975719030002437,0.1254435809996721,3.811666302288279,1.4042791745233565,3.613350245962879,1.056945054945055,0.9710226469182985
6.284452805000001,3.99,1.81,3.78,0.0179025839997848,0.0039463600005547,0.03185072999986,3.8324926614411146,1.4296852800529212,3.613350245962879,1.0648571428571427,0.9576571428571429
6.3347791030000735,3.99,1.81,3.78,0.0682288819998575,0.0542726580006274,0.0821770279999327,3.8324926614411146,1.4296852800529212,3.613350245962879,1.0648571428571427,0.9576571428571429
6.3851129909999145,3.99,1.81,3.78,0.1185627699996985,0.1046065460004683,0.1325109159997737,3.8324926614411146,1.4296852800529212,3.613350245962879,1.0648571428571427,0.9576571428571429
6.435406929000237,3.98,1.85,3.82,0.0248917300004904,0.0108978750004098,0.0388721050003368,3.8220805852310336,1.4800000000000002,3.6551744144431737,1.0475384615384615,0.9907419732441468
6.485748340999635,3.98,1.85,3.82,0.0752331419998881,0.0612392869998075,0.0892135169997345,3.8220805852310336,1.4800000000000002,3.6551744144431737,1.0475384615384615,0.9907419732441468
6.536084698000195,3.98,1.85,3.82,0.1255694990004485,0.1115756440003679,0.1395498740002949,3.8220805852310336,1.4800000000000002,3.6551744144431737,1.0475384615384615,0.9907419732441468
6.586405494000246,3.98,1.87,3.81,0.0319130970001424,0.0179936350004936,0.0458216220004032,3.8220805852310336,1.5049252473129688,3.6447222116369855,1.064098901098901,0.990692713807931
6.636736694999854,3.98,1.87,3.81,0.0822442979997504,0.0683248360001016,0.0961528230000112,3.8220805852310336,1.5049252473129688,3.6447222116369855,1.064098901098901,0.990692713807931
6.687117235000187,3.98,1.87,3.78,0.1326248380000834,0.1187053760004346,0.0025924760002453,3.8220805852310336,1.5049252473129688,3.613350245962879,1.0891208791208793,0.9783993072145243
6.737450890999753,3.99,1.84,3.78,0.038986130000012,0.0250661099998978,0.0529261319998113,3.8324926614411146,1.4674808346278323,3.613350245962879,1.0768901098901098,0.9636474677496416
6.7877787890001855,3.99,1.84,3.78,0.0893140280004445,0.0753940080003303,0.1032540300002438,3.8324926614411146,1.4674808346278323,3.613350245962879,1.0768901098901098,0.9636474677496416
6.838110151999899,3.99,1.84,3.79,0.1396453910001582,0.1257253710000441,0.0095897110004443,3.8324926614411146,1.4674808346278323,3.623810149552539,1.068571428571429,0.9677344720496893
6.888438404000226,3.96,1.85,3.79,0.0459647610005049,0.0320823920001203,0.0599179630007711,3.801249794475496,1.4800000000000002,3.623810149552539,1.072626373626374,0.9956770425226942
6.938775782999983,3.96,1.85,3.79,0.0963021400002617,0.082419770999877,0.1102553420005278,3.801249794475496,1.4800000000000002,3.623810149552539,1.072626373626374,0.9956770425226942
6.98912531499991,3.98,1.85,3.82,0.0027267289997325,0.1327693029998045,0.0166401180003958,3.8220805852310336,1.4800000000000002,3.6551744144431737,1.0475384615384615,0.9907419732441468
7.039506637000159,3.98,1.86,3.82,0.053108050999981,0.0388900990001275,0.0670214400006443,3.8220805852310336,1.4924811556599296,3.6551744144431737,1.0516153846153846,0.992771571906354
7.089825903000019,3.98,1.86,3.82,0.1034273169998414,0.0892093649999878,0.1173407060005047,3.8220805852310336,1.4924811556599296,3.6551744144431737,1.0516153846153846,0.992771571906354
7.140184072999546,3.96,1.86,3.79,0.0098403249994589,0.1395675349995144,0.0237303240000983,3.801249794475496,1.4924811556599296,3.623810149552539,1.076703296703297,0.9977066411849015
7.190515753,3.96,1.91,3.79,0.060172004999913,0.045912741000393,0.0740620040005524,3.801249794475496,1.554348738218036,3.623810149552539,1.097417582417583,1.008018752986144
7.240856618999714,3.96,1.91,3.79,0.1105128709996279,0.0962536070001078,0.1244028700002672,3.801249794475496,1.554348738218036,3.623810149552539,1.097417582417583,1.008018752986144
7.291170831000272,3.96,1.91,3.79,0.1608270830001856,0.1465678190006656,0.174717082000825,3.801249794475496,1.554348738218036,3.623810149552539,1.097417582417583,1.008018752986144
7.341495652000049,3.96,1.91,3.79,0.2111519039999621,0.196892640000442,0.2250419030006014,3.801249794475496,1.554348738218036,3.623810149552539,1.097417582417583,1.008018752986144
7.39182647799953,3.96,1.91,3.79,0.2614827299994431,0.247223465999923,0.2753727290000825,3.801249794475496,1.554348738218036,3.623810149552539,1.097417582417583,1.008018752986144
7.442120791999514,3.99,2.03,3.75,0.0238657849995433,0.0095960409998951,0.0377594249994217,3.8324926614411146,1.6996470221784283,3.581954773583832,1.1825164835164828,0.9916766841853799
7.492447419999735,3.99,2.03,3.75,0.0741924129997642,0.059922669000116,0.0880860529996425,3.8324926614411146,1.6996470221784283,3.581954773583832,1.1825164835164828,0.9916766841853799
7.542799793000086,3.99,2.03,3.75,0.1245447860001149,0.1102750420004667,0.1384384259999933,3.8324926614411146,1.6996470221784283,3.581954773583832,1.1825164835164828,0.9916766841853799
7.593132037999567,3.96,2.09,3.83,0.0306426199995257,0.0168052539993368,0.0448562329993365,3.801249794475496,1.7708754896942922,3.6656240942027862,1.1430439560439563,1.0638631868131863
7.643459920999703,3.96,2.09,3.83,0.0809705029996621,0.0671331369994732,0.0951841159994728,3.801249794475496,1.7708754896942922,3.6656240942027862,1.1430439560439563,1.0638631868131863
7.693791021999459,3.96,2.09,3.81,0.1313016039994181,0.1174642379992292,0.0015578049997202,3.801249794475496,1.7708754896942922,3.6447222116369855,1.1598351648351646,1.0556135929288097
7.7440813080002044,3.97,1.96,3.81,0.0375490860005811,0.0238250570000673,0.0518480910004655,3.811666302288279,1.6153946886132813,3.6447222116369855,1.101978021978022,1.018191232680363
7.794409576999897,3.97,1.96,3.81,0.0878773550002733,0.0741533259997595,0.1021763600001577,3.811666302288279,1.6153946886132813,3.6447222116369855,1.101978021978022,1.018191232680363
7.844742759999463,3.97,1.96,3.82,0.1382105379998393,0.1244865089993254,0.0085372599996844,3.811666302288279,1.6153946886132813,3.6551744144431737,1.0935934065934068,1.0223106306736738
7.895017953999741,3.98,1.87,3.82,0.044780289999835,0.0306003420000706,0.0588124539999626,3.8220805852310336,1.5049252473129688,3.6551744144431737,1.0557142857142858,0.9948121118012418
7.945369062999816,3.98,1.87,3.82,0.0951313989999107,0.0809514510001463,0.1091635630000382,3.8220805852310336,1.5049252473129688,3.6551744144431737,1.0557142857142858,0.9948121118012418
7.995553173000189,3.96,1.87,3.79,0.0010984079999616,0.1311355610005193,0.014993873000094,3.801249794475496,1.5049252473129688,3.623810149552539,1.0808021978021982,0.9997471810797892
8.045894383999439,3.96,1.85,3.79,0.0514396189992112,0.0374993799996445,0.0653350839993436,3.801249794475496,1.4800000000000002,3.623810149552539,1.072626373626374,0.9956770425226942
8.09625018799943,3.96,1.85,3.79,0.1017954229992028,0.0878551839996362,0.1156908879993352,3.801249794475496,1.4800000000000002,3.623810149552539,1.072626373626374,0.9956770425226942
8.14657664799961,3.98,1.85,3.81,0.0081379209996157,0.1381816439998147,0.0220772359998591,3.8220805852310336,1.4800000000000002,3.6447222116369855,1.0559230769230767,0.986622575250836
8.196921890999874,3.98,1.79,3.81,0.058483163999881,0.0448385990002861,0.0724224790001244,3.8220805852310336,1.4042791745233565,3.6447222116369855,1.0319230769230767,0.9746747491638795
8.247086901999864,3.98,1.79,3.81,0.1086481749998711,0.0950036100002762,0.1225874900001144,3.8220805852310336,1.4042791745233565,3.6447222116369855,1.0319230769230767,0.9746747491638795
8.297374609000144,3.94,1.81,3.79,0.0149710089999643,0.001115013999879,0.0289088620002075,3.780410030671276,1.4296852800529212,3.623810149552539,1.0565384615384619,1.0048419732441467
8.347688801000004,3.94,1.81,3.79,0.0652852009998241,0.0514292059997387,0.0792230540000673,3.780410030671276,1.4296852800529212,3.623810149552539,1.0565384615384619,1.0048419732441467
8.39801049899961,3.94,1.81,3.79,0.115606898999431,0.1017509039993456,0.1295447519996742,3.780410030671276,1.4296852800529212,3.623810149552539,1.0565384615384619,1.0048419732441467
8.448372427999857,3.95,1.82,3.81,0.0222784280003907,0.0083392559999992,0.0359528879998833,3.7908310434520818,1.4423245127224316,3.6447222116369855,1.0438241758241757,1.00645812231247
8.49861227800011,3.95,1.82,3.81,0.0725182780006434,0.058579106000252,0.0861927380001361,3.7908310434520818,1.4423245127224316,3.6447222116369855,1.0438241758241757,1.00645812231247
8.548942911999802,3.95,1.82,3.81,0.1228489120003359,0.1089097399999445,0.1365233719998286,3.7908310434520818,1.4423245127224316,3.6447222116369855,1.0438241758241757,1.00645812231247
8.599233334000019,3.97,1.7599999999999998,3.8,0.0291042099997866,0.0150444970004173,0.0431454449999364,3.811666302288279,1.3658330791132565,3.634267464015272,1.0285824175824179,0.9733812470138549
8.649547121999603,3.97,1.7599999999999998,3.8,0.0794179979993714,0.065358285000002,0.0934592329995211,3.811666302288279,1.3658330791132565,3.634267464015272,1.0285824175824179,0.9733812470138549
8.69985802300016,3.97,1.7599999999999998,3.8,0.1297288989999288,0.1156691860005594,0.1437701340000785,3.811666302288279,1.3658330791132565,3.634267464015272,1.0285824175824179,0.9733812470138549
8.750176163000106,3.97,1.82,3.79,0.0359429420004744,0.0220068290000199,0.0497978490002424,3.811666302288279,1.4423245127224316,3.623810149552539,1.0605274725274727,0.9810343287147626
8.800507928000115,3.97,1.82,3.79,0.0862747070004843,0.0723385940000298,0.1001296140002523,3.811666302288279,1.4423245127224316,3.623810149552539,1.0605274725274727,0.9810343287147626
8.850848326000232,3.97,1.82,3.78,0.136615105000601,0.1226789920001465,0.0064996900000551,3.811666302288279,1.4423245127224316,3.613350245962879,1.0688461538461538,0.9769473244147151
8.901119250999727,3.97,1.82,3.78,0.0431461589996615,0.0290051479996691,0.0567706149995501,3.811666302288279,1.4423245127224316,3.613350245962879,1.0688461538461538,0.9769473244147151
8.951253045999692,3.97,1.82,3.78,0.0932799539996267,0.0791389429996343,0.1069044099995153,3.811666302288279,1.4423245127224316,3.613350245962879,1.0688461538461538,0.9769473244147151
9.001585725999576,3.97,1.82,3.78,0.1436126339995098,0.1294716229995174,0.0133801769998171,3.811666302288279,1.4423245127224316,3.613350245962879,1.0688461538461538,0.9769473244147151
9.051942795000286,3.98,1.7799999999999998,3.78,0.0498823060006543,0.0354959160004,0.0637372460005281,3.8220805852310336,1.391509971218316,3.613350245962879,1.053021978021978,0.9604283325370279
9.102066006999848,3.98,1.7799999999999998,3.78,0.1000055180002164,0.085619127999962,0.1138604580000901,3.8220805852310336,1.391509971218316,3.613350245962879,1.053021978021978,0.9604283325370279
9.152398428000197,3.96,1.7799999999999998,3.82,0.0065333520005879,0.1359515490003104,0.0204222890006349,3.801249794475496,1.391509971218316,3.6551744144431737,1.0196153846153846,0.9941020066889626
9.202729728999657,3.96,1.79,3.82,0.0568646530000478,0.0426328359999388,0.0707535900000948,3.801249794475496,1.4042791745233565,3.6551744144431737,1.0235384615384615,0.9960550167224078
9.253065705000154,3.96,1.79,3.82,0.1072006290005447,0.0929688120004357,0.1210895660005917,3.801249794475496,1.4042791745233565,3.6551744144431737,1.0235384615384615,0.9960550167224078
9.303392673999952,3.98,1.79,3.84,0.0132748329997411,0.1432957810002335,0.0275505110002995,3.8220805852310336,1.4042791745233565,3.676071272432024,1.0067032967032965,0.9870653368370759
9.353694483999789,3.98,1.79,3.84,0.0635766429995783,0.0493164740000793,0.0778523210001367,3.8220805852310336,1.4042791745233565,3.676071272432024,1.0067032967032965,0.9870653368370759
9.404029753000032,3.98,1.79,3.84,0.1139119119998213,0.0996517430003223,0.1281875900003797,3.8220805852310336,1.4042791745233565,3.676071272432024,1.0067032967032965,0.9870653368370759
9.454374637,3.98,1.7799999999999998,3.82,0.0203164800004742,0.0064119670005311,0.0342400110002927,3.8220805852310336,1.391509971218316,3.6551744144431737,1.0196153846153846,0.9768411371237454
9.504711480999504,3.98,1.7799999999999998,3.82,0.0706533239999771,0.056748811000034,0.0845768549997956,3.8220805852310336,1.391509971218316,3.6551744144431737,1.0196153846153846,0.9768411371237454
9.555030454999724,3.98,1.7799999999999998,3.82,0.120972298000197,0.1070677850002539,0.1348958290000155,3.8220805852310336,1.391509971218316,3.6551744144431737,1.0196153846153846,0.9768411371237454
9.605364680999628,3.98,1.7799999999999998,3.79,0.026981813999555,0.0131887409997943,0.0415856429999621,3.8220805852310336,1.391509971218316,3.623810149552539,1.044703296703297,0.9645153368370755
9.655689874999553,3.98,1.7799999999999998,3.79,0.0773070079994795,0.0635139349997189,0.0919108369998866,3.8220805852310336,1.391509971218316,3.623810149552539,1.044703296703297,0.9645153368370755
9.706026799999565,3.98,1.7799999999999998,3.79,0.12764393299949,0.1138508599997294,0.1422477619998972,3.8220805852310336,1.391509971218316,3.623810149552539,1.044703296703297,0.9645153368370755
9.75636687899987,3.98,1.79,3.79,0.0339887740001358,0.0204575879997719,0.0486426099996606,3.8220805852310336,1.4042791745233565,3.623810149552539,1.048626373626374,0.9664683468705204
9.80669220100026,3.98,1.79,3.79,0.0843140960005257,0.0707829100001617,0.0989679320000505,3.8220805852310336,1.4042791745233565,3.623810149552539,1.048626373626374,0.9664683468705204
9.856817758000034,3.98,1.79,3.8,0.1344396530002995,0.1209084669999356,0.0047976300002119,3.8220805852310336,1.4042791745233565,3.634267464015272,1.0402857142857145,0.9705661490683226
9.907183874000111,3.97,1.77,3.8,0.0409217350006656,0.026967522000632,0.0551637460002893,3.811666302288279,1.378695035169127,3.634267464015272,1.0324615384615388,0.9753123745819394
9.957480365000263,3.97,1.77,3.8,0.0912182260008194,0.0772640130007857,0.1054602370004431,3.811666302288279,1.378695035169127,3.634267464015272,1.0324615384615388,0.9753123745819394
10.007820306000212,3.97,1.77,3.76,0.1415581670007668,0.1276039540007332,0.0114629970003079,3.811666302288279,1.378695035169127,3.592422580933373,1.065692307692308,0.958985953177257
10.058154428000307,3.98,1.81,3.76,0.0479135850000602,0.0339360950001719,0.0617971190004027,3.8220805852310336,1.4296852800529212,3.592422580933373,1.0814285714285716,0.9581785714285711
10.108488842000042,3.98,1.81,3.76,0.0982479989997955,0.0842705089999071,0.112131533000138,3.8220805852310336,1.4296852800529212,3.592422580933373,1.0814285714285716,0.9581785714285711
10.158839767000243,3.97,1.81,3.78,0.0046015340003577,0.1346214340001097,0.0187105270006213,3.811666302288279,1.4296852800529212,3.613350245962879,1.0648571428571427,0.9749614906832292
10.209171845000128,3.97,1.7799999999999998,3.78,0.0549336120002408,0.0410724789999221,0.0690426050005044,3.811666302288279,1.391509971218316,3.613350245962879,1.053021978021978,0.9690696368848538
10.259515394000118,3.97,1.7799999999999998,3.78,0.1052771610002309,0.0914160279999123,0.1193861540004945,3.811666302288279,1.391509971218316,3.613350245962879,1.053021978021978,0.9690696368848538
10.309657277000042,3.97,1.7799999999999998,3.78,0.1554190440001548,0.1415579109998361,0.1695280370004184,3.811666302288279,1.391509971218316,3.613350245962879,1.053021978021978,0.9690696368848538
10.359827727000264,3.97,1.7799999999999998,3.78,0.2055894940003781,0.1917283610000595,0.2196984870006417,3.811666302288279,1.391509971218316,3.613350245962879,1.053021978021978,0.9690696368848538
10.410148572000251,3.97,1.7799999999999998,3.78,0.2559103390003656,0.2420492060000469,0.2700193320006292,3.811666302288279,1.391509971218316,3.613350245962879,1.053021978021978,0.9690696368848538
10.460446262000003,3.97,1.83,3.79,0.0185970669999733,0.004673967000599,0.0325076529998114,3.811666302288279,1.454922678357857,3.623810149552539,1.064538461538462,0.9830311036789288
10.510662337000213,3.97,1.83,3.79,0.0688131420001809,0.0548900420008067,0.082723728000019,3.811666302288279,1.454922678357857,3.623810149552539,1.064538461538462,0.9830311036789288
10.56088153699966,3.97,1.83,3.79,0.1190323419996275,0.1051092420002532,0.1329429279994656,3.811666302288279,1.454922678357857,3.623810149552539,1.064538461538462,0.9830311036789288
10.611162653000063,3.98,1.81,3.75,0.0250664590002998,0.0111681010002939,0.0391152870006408,3.8220805852310336,1.4296852800529212,3.581954773583832,1.0896813186813181,0.954123960821787
10.661277219999649,3.98,1.81,3.75,0.0751810259998819,0.0612826679998761,0.0892298540002229,3.8220805852310336,1.4296852800529212,3.581954773583832,1.0896813186813181,0.954123960821787
10.711604064999849,3.98,1.81,3.75,0.1255078710000816,0.1116095130000758,0.1395566990004226,3.8220805852310336,1.4296852800529212,3.581954773583832,1.0896813186813181,0.954123960821787
10.761764740000215,3.96,1.82,3.71,0.0317349189999731,0.0177993930001321,0.045823033000488,3.801249794475496,1.4423245127224316,3.5400564967243104,1.1264615384615384,0.9572602006688959
10.812098890000016,3.96,1.82,3.71,0.0820690689997718,0.0681335429999308,0.0961571830002867,3.801249794475496,1.4423245127224316,3.5400564967243104,1.1264615384615384,0.9572602006688959
10.862398680999831,3.96,1.82,3.67,0.1323688599995875,0.1184333339997465,0.0023270000001502,3.801249794475496,1.4423245127224316,3.498113777452071,1.1589010989010988,0.9413225035833728
10.912711879999732,3.94,1.87,3.67,0.0387194879995149,0.0247926499996538,0.0526401990000522,3.780410030671276,1.5049252473129688,3.498113777452071,1.1791758241758243,0.9685897037744865
10.962873435999429,3.94,1.87,3.67,0.0888810439992084,0.0749542059993473,0.1028017549997457,3.780410030671276,1.5049252473129688,3.498113777452071,1.1791758241758243,0.9685897037744865
11.01299131399992,3.94,1.87,3.71,0.1389989219997005,0.1250720839998393,0.0094778299999234,3.780410030671276,1.5049252473129688,3.5400564967243104,1.146736263736264,0.9845274008600097
11.06332902200029,3.94,1.87,3.71,0.0454454990003796,0.0314423500003613,0.0598155380002936,3.780410030671276,1.5049252473129688,3.5400564967243104,1.146736263736264,0.9845274008600097
11.113587314000142,3.94,1.87,3.71,0.0957037910002327,0.0817006420002144,0.1100738300001467,3.780410030671276,1.5049252473129688,3.5400564967243104,1.146736263736264,0.9845274008600097
11.163728528999854,3.89,1.87,3.65,0.0018032219995802,0.1318418569999266,0.015700562999882,3.7282703764614498,1.5049252473129688,3.477125249397841,1.1952637362637364,1.0032399904443383
11.2140976390001,3.89,2.02,3.65,0.0521723319998272,0.0379267500002242,0.0660696730001291,3.7282703764614498,1.6876907299620982,3.477125249397841,1.2593846153846153,1.0351610367892972
11.264432088999456,3.89,2.02,3.65,0.1025067819991818,0.0882611999995788,0.1164041229994836,3.7282703764614498,1.6876907299620982,3.477125249397841,1.2593846153846153,1.0351610367892972
11.314757674000248,3.91,2.02,3.65,0.0088640190006117,0.1385867850003705,0.0230052840006464,3.749133233162033,1.6876907299620982,3.477125249397841,1.2593846153846153,1.0182045150501673
11.365099325999836,3.91,2.11,3.65,0.0592056710001998,0.0450046149999252,0.0733469360002345,3.749133233162033,1.794435844492636,3.477125249397841,1.300230769230769,1.0385387959866221
11.41524156000014,3.91,2.11,3.65,0.1093479050005044,0.0951468490002298,0.1234891700005391,3.749133233162033,1.794435844492636,3.477125249397841,1.300230769230769,1.0385387959866221
11.46556244400017,3.93,2.09,3.61,0.0153771049999704,0.0014454780002779,0.0295961130004798,3.769986737377202,1.7708754896942922,3.435112807463533,1.3229120879120881,1.0012214524605827
11.515919417000076,3.93,2.09,3.61,0.0657340779998776,0.0518024510001851,0.0799530860003869,3.769986737377202,1.7708754896942922,3.435112807463533,1.3229120879120881,1.0012214524605827
11.566006340000058,3.93,2.09,3.61,0.1158210009998583,0.1018893740001658,0.1300400090003677,3.769986737377202,1.7708754896942922,3.435112807463533,1.3229120879120881,1.0012214524605827
11.61633159200028,3.91,2.19,3.59,0.0221843010003794,0.0082299970008534,0.03641567700015,3.749133233162033,1.887855926706273,3.4140884581393025,1.3857692307692304,1.0339046822742477
11.666508176000209,3.91,2.19,3.59,0.0723608850003074,0.0584065810007814,0.086592261000078,3.749133233162033,1.887855926706273,3.4140884581393025,1.3857692307692304,1.0339046822742477
11.71683944799952,3.91,2.19,3.59,0.1226921569996193,0.1087378530000933,0.1369235329993898,3.749133233162033,1.887855926706273,3.4140884581393025,1.3857692307692304,1.0339046822742477
11.767167472999972,3.93,2.19,3.51,0.0290510699996957,0.0150527180003336,0.0436125530004574,3.769986737377202,1.887855926706273,3.3298648621227853,1.4481868131868134,0.9861951743908263
11.817494945999895,3.93,2.19,3.51,0.0793785429996205,0.0653801910002584,0.0939400260003822,3.769986737377202,1.887855926706273,3.3298648621227853,1.4481868131868134,0.9861951743908263
11.867779100000009,3.93,2.19,3.51,0.1296626969997305,0.1156643450003684,0.1442241800004922,3.769986737377202,1.887855926706273,3.3298648621227853,1.4481868131868134,0.9861951743908263
11.918113478999658,3.9,2.19,3.5,0.036276689999795,0.0221095509996303,0.0500675180001053,3.73870298365623,1.887855926706273,3.319322219972023,1.4558901098901098,1.0079431199235545
11.968450458000008,3.9,2.19,3.5,0.086613669000144,0.0724465299999792,0.1004044970004542,3.73870298365623,1.887855926706273,3.319322219972023,1.4558901098901098,1.0079431199235545
12.01856193399999,3.9,2.19,3.53,0.1367251450001276,0.1225580059999629,0.0069659850005336,3.73870298365623,1.887855926706273,3.3509401665801195,1.4327142857142856,1.01932950310559
12.06888706599966,3.9,2.2,3.53,0.0431306310001673,0.0289521639997474,0.0572911170002043,3.73870298365623,1.89944728802881,3.3509401665801195,1.4375384615384614,1.0217311036789298
12.119210668999584,3.9,2.2,3.53,0.0934542340000916,0.0792757669996717,0.1076147200001287,3.73870298365623,1.89944728802881,3.3509401665801195,1.4375384615384614,1.0217311036789298
12.169538525999997,3.9,2.2,3.48,0.143782091000503,0.129603624000083,0.0136100660001829,3.73870298365623,1.89944728802881,3.2982267963255647,1.4760549450549452,1.0028077878643096
12.219827527999769,3.86,2.15,3.48,0.0497903059995223,0.035924361999605,0.0638990679999551,3.696958209122737,1.8413038858374249,3.2982267963255647,1.4521538461538464,1.0246483277591976
12.270139555999776,3.86,2.15,3.48,0.1001023339995299,0.0862363899996125,0.1142110959999627,3.696958209122737,1.8413038858374249,3.2982267963255647,1.4521538461538464,1.0246483277591976
12.320451288000186,3.84,2.15,3.43,0.0065023860006476,0.1365481220000219,0.0203865280000172,3.676071272432024,1.8413038858374249,3.245427552727066,1.4901208791208795,1.0227340898232202
12.370591232000152,3.84,2.3600000000000003,3.43,0.0566423300006135,0.0429947460006587,0.0705264719999831,3.676071272432024,2.0826665599658534,3.245427552727066,1.5941978021978027,1.0745462971810795
12.420932078000078,3.84,2.3600000000000003,3.43,0.1069831760005399,0.0933355920005851,0.1208673179999095,3.676071272432024,2.0826665599658534,3.245427552727066,1.5941978021978027,1.0745462971810795
12.471269331999792,3.83,2.3600000000000003,3.47,0.0134350480002467,0.1436728460002996,0.0272346700003254,3.6656240942027862,2.0826665599658534,3.2876739497705665,1.5638681318681322,1.097784352603918
12.52160449100029,3.83,2.16,3.47,0.0637702070007435,0.0498401140002897,0.0775698290008222,3.6656240942027862,1.8529705880018712,3.2876739497705665,1.4645274725274726,1.0483299808886766
12.571937214000172,3.83,2.16,3.47,0.1141029300006266,0.1001728370001728,0.1279025520007053,3.6656240942027862,1.8529705880018712,3.2876739497705665,1.4645274725274726,1.0483299808886766
12.62226200799978,3.87,2.18,3.4,0.0203904680001869,0.0064437889996042,0.0342999189997499,3.7073980093860976,1.876246252494592,3.213705026912084,1.5269120879120879,0.9936366698518869
12.672449982000217,3.87,2.18,3.4,0.0705784420006239,0.0566317630000412,0.0844878930001868,3.7073980093860976,1.876246252494592,3.213705026912084,1.5269120879120879,0.9936366698518869
12.722572054000011,3.87,2.18,3.4,0.1207005140004184,0.1067538349998358,0.1346099649999814,3.7073980093860976,1.876246252494592,3.213705026912084,1.5269120879120879,0.9936366698518869
12.772709871000188,3.88,2.16,3.36,0.0270169989998976,0.0129556930005492,0.0408060010004192,3.717835391729978,1.8529705880018712,3.171356176779896,1.5470879120879124,0.9658655040611563
12.823038239000198,3.88,2.16,3.36,0.0773453669999071,0.0632840610005587,0.0911343690004287,3.717835391729978,1.8529705880018712,3.171356176779896,1.5470879120879124,0.9658655040611563
12.873328368999864,3.88,2.16,3.36,0.1276354969995736,0.1135741910002252,0.1414244990000952,3.717835391729978,1.8529705880018712,3.171356176779896,1.5470879120879124,0.9658655040611563
12.923659207000128,3.88,2.19,3.31,0.0338560410000354,0.0201724400003513,0.0477908299999398,3.717835391729978,1.887855926706273,3.118332887938682,1.598076923076923,0.9549991638795992
12.973778181999478,3.88,2.19,3.31,0.0839750159993855,0.0702914149997013,0.0979098049992899,3.717835391729978,1.887855926706273,3.118332887938682,1.598076923076923,0.9549991638795992
13.02412805699987,3.88,2.19,3.31,0.1343248909997783,0.1206412900000941,0.0042714139999588,3.717835391729978,1.887855926706273,3.118332887938682,1.598076923076923,0.9549991638795992
13.074430693999602,3.82,2.27,3.31,0.0407530530001167,0.0268734259998382,0.0545740509996903,3.6551744144431737,1.980101007524616,3.118332887938682,1.637285714285714,1.0247357142857143
13.12459019400012,3.82,2.27,3.31,0.0909125530006349,0.0770329260003563,0.1047335510002085,3.6551744144431737,1.980101007524616,3.118332887938682,1.637285714285714,1.0247357142857143
13.174930323999432,3.82,2.27,3.25,0.1412526829999478,0.1273730559996693,0.011335981999764,3.6551744144431737,1.980101007524616,3.054570346218924,1.6805384615384613,1.0034854515050167
13.22506135399999,3.82,2.25,3.25,0.0473313090005831,0.0330722660000901,0.0614670120003211,3.6551744144431737,1.957140771636011,3.054570346218924,1.6706043956043957,0.998540014333493
13.275407166999685,3.82,2.25,3.25,0.0976771220002774,0.0834180789997844,0.1118128250000154,3.6551744144431737,1.957140771636011,3.054570346218924,1.6706043956043957,0.998540014333493
13.325738360000289,3.82,2.25,3.25,0.1480083150008795,0.1337492720003865,0.1621440180006175,3.6551744144431737,1.957140771636011,3.054570346218924,1.6706043956043957,0.998540014333493
13.376064745999429,3.82,2.25,3.25,0.1983347010000216,0.1840756579995286,0.2124704039997595,3.6551744144431737,1.957140771636011,3.054570346218924,1.6706043956043957,0.998540014333493
13.426392329999544,3.82,2.25,3.25,0.2486622850001367,0.2344032419996438,0.2627979879998747,3.6551744144431737,1.957140771636011,3.054570346218924,1.6706043956043957,0.998540014333493
13.476710144999744,3.81,2.25,3.22,0.0110919319995446,0.2847210569998424,0.0249273179997544,3.6447222116369855,1.957140771636011,3.0226313040131103,1.6919340659340665,0.9963541328236977
13.5270420679999,3.81,2.33,3.22,0.0614238549997026,0.0470913740000469,0.0752592409999124,3.6447222116369855,2.0486092843683004,3.0226313040131103,1.7321978021978024,1.016398471094123
13.577367799999593,3.81,2.33,3.22,0.1117495869993945,0.0974171059997388,0.1255849729996043,3.6447222116369855,2.0486092843683004,3.0226313040131103,1.7321978021978024,1.016398471094123
13.62754032399971,3.82,2.3200000000000003,3.19,0.0177085349996559,0.0038243879998844,0.031855600000199,3.6551744144431737,2.037228509519735,2.990652102802999,1.7482197802197803,0.9951789775441955
13.67786340299972,3.82,2.3200000000000003,3.19,0.0680316139996648,0.0541474669998933,0.0821786790002079,3.6551744144431737,2.037228509519735,2.990652102802999,1.7482197802197803,0.9951789775441955
13.72798585700002,3.82,2.3200000000000003,3.19,0.118154067999967,0.1042699210001956,0.1323011330005101,3.6551744144431737,2.037228509519735,2.990652102802999,1.7482197802197803,0.9951789775441955
13.778110784000091,3.82,2.37,3.17,0.0241718830002355,0.0102769880004416,0.0385656250000465,3.6551744144431737,2.093991403993818,2.9693096840848376,1.787967032967033,1.00114010989011
13.828392379999968,3.82,2.37,3.17,0.0744534790001125,0.0605585840003186,0.0888472209999235,3.6551744144431737,2.093991403993818,2.9693096840848376,1.787967032967033,1.00114010989011
13.878727847999471,3.82,2.37,3.17,0.1247889469996152,0.1108940519998213,0.1391826889994263,3.6551744144431737,2.093991403993818,2.9693096840848376,1.787967032967033,1.00114010989011
13.92906634300016,3.81,2.43,3.11,0.0312645250005516,0.0175016040002446,0.0455170330005785,3.6447222116369855,2.161666024158219,2.9051678092667896,1.8610219780219786,1.0048457238413757
13.979208017999554,3.81,2.43,3.11,0.0814061999999467,0.0676432789996397,0.0956587079999735,3.6447222116369855,2.161666024158219,2.9051678092667896,1.8610219780219786,1.0048457238413757
14.029568773999928,3.81,2.43,3.1,0.1317669560003196,0.1180040350000126,0.0016100809998533,3.6447222116369855,2.161666024158219,2.8944602260179706,1.8678461538461535,1.001492976588629
14.079883630999577,3.83,2.51,3.1,0.0380262740000034,0.0242485259996101,0.0519249379995017,3.6656240942027862,2.2512218904408337,2.8944602260179706,1.911274725274725,1.006504156712853
14.130221978000009,3.83,2.51,3.1,0.0883646210004371,0.0745868730000438,0.1022632849999354,3.6656240942027862,2.2512218904408337,2.8944602260179706,1.911274725274725,1.006504156712853
14.18052225199972,3.83,2.51,3.05,0.1386648950001472,0.1248871469997539,0.0086908610001046,3.6656240942027862,2.2512218904408337,2.8408449447303523,1.9450659340659342,0.9899023889154326
14.230860071999814,3.81,2.54,3.05,0.0451738940000723,0.0312498049997884,0.0590286810001998,3.6447222116369855,2.284622507111405,2.8408449447303523,1.9617142857142855,1.0147990683229815
14.281191428999591,3.81,2.54,3.05,0.0955052509998495,0.0815811619995656,0.109360037999977,3.6447222116369855,2.284622507111405,2.8408449447303523,1.9617142857142855,1.0147990683229815
14.331541157000174,3.8,2.54,3.0,0.0017931290003616,0.1319308900001488,0.0155428900006882,3.634267464015272,2.284622507111405,2.787095262096364,1.9949560439560443,1.0067389870998573
14.381841397000244,3.8,2.5900000000000003,3.0,0.0520933690004312,0.038130997000735,0.0658431300007578,3.634267464015272,2.340085468524601,2.787095262096364,2.023142857142857,1.0207711180124226
14.432166439999492,3.8,2.5900000000000003,3.0,0.1024184119996789,0.0884560399999827,0.1161681730000054,3.634267464015272,2.340085468524601,2.787095262096364,2.023142857142857,1.0207711180124226
14.482515532999969,3.86,2.5900000000000003,2.98,0.0088049100004354,0.13880513300046,0.0227377410001281,3.696958209122737,2.340085468524601,2.765556001964162,2.0362857142857145,0.9643574534161498
14.53285290399981,3.86,2.5700000000000003,2.98,0.0591422810002768,0.045169861999966,0.0730751119999695,3.696958209122737,2.317930111112068,2.765556001964162,2.0249450549450554,0.9587117773530826
14.583176043999629,3.86,2.5700000000000003,2.98,0.1094654210000953,0.0954930019997846,0.123398251999788,3.696958209122737,2.317930111112068,2.765556001964162,2.0249450549450554,0.9587117773530826
14.63347422300012,3.79,2.58,2.91,0.0157950660004644,0.0020039270002598,0.0298370950004027,3.623810149552539,2.3290126663459776,2.689981412575187,2.075912087912088,0.99747580028667
14.683812923000003,3.79,2.58,2.91,0.0661337660003482,0.0523426270001436,0.0801757950002866,3.623810149552539,2.3290126663459776,2.689981412575187,2.075912087912088,0.99747580028667
14.733955444999992,3.79,2.58,2.91,0.1162762880003356,0.102485149000131,0.1303183170002739,3.623810149552539,2.3290126663459776,2.689981412575187,2.075912087912088,0.99747580028667
14.784279654999407,3.83,2.71,2.89,0.0225887509996027,0.0086794489998283,0.0365469729995311,3.6656240942027862,2.472245942457991,2.6683328128252666,2.164230769230769,0.9957040133779266
14.834616786999504,3.83,2.71,2.89,0.0729258829996979,0.0590165809999234,0.0868841049996262,3.6656240942027862,2.472245942457991,2.6683328128252666,2.164230769230769,0.9957040133779266
14.884941373999936,3.83,2.71,2.89,0.12325047000013,0.1093411680003555,0.1372086920000583,3.6656240942027862,2.472245942457991,2.6683328128252666,2.164230769230769,0.9957040133779266
14.935211412999706,3.87,2.64,2.88,0.0297000119999211,0.0156356620000224,0.0436603309999554,3.7073980093860976,2.395307913400697,2.6574988240825244,2.1294175824175823,0.9386231008122313
14.98552607199963,3.87,2.64,2.88,0.0800146709998443,0.0659503209999456,0.0939749899998787,3.7073980093860976,2.395307913400697,2.6574988240825244,2.1294175824175823,0.9386231008122313
15.035666717999447,3.87,2.64,2.85,0.1301553169996623,0.1160909669997636,0.0001181479992737,3.7073980093860976,2.395307913400697,2.624957142507283,2.1483076923076925,0.9293423076923077
15.08598754400009,3.83,2.76,2.85,0.0363819190006324,0.0221380310003951,0.0504389739999169,3.6656240942027862,2.526954688948736,2.624957142507283,2.219516483516484,0.9982701624462502
15.136130648999824,3.83,2.76,2.85,0.0865250240003661,0.0722811360001287,0.1005820789996505,3.6656240942027862,2.526954688948736,2.624957142507283,2.219516483516484,0.9982701624462502
15.186421892999531,3.83,2.76,2.8,0.136816268000075,0.1225723799998377,0.0067740049998974,3.6656240942027862,2.526954688948736,2.5705835913270745,2.2505604395604397,0.9830181318681327
15.23678321999978,3.82,2.81,2.8,0.0434945400002106,0.0290920269999332,0.0571353320001435,3.6551744144431737,2.5814724480420086,2.5705835913270745,2.281164835164835,1.0065690157668423
15.287117183999726,3.82,2.81,2.8,0.0938285040001574,0.07942599099988,0.1074692960000902,3.6551744144431737,2.5814724480420086,2.5705835913270745,2.281164835164835,1.0065690157668423
15.33728842399978,3.82,2.81,2.81,0.1439997440002116,0.1295972309999342,0.0138839660003213,3.6551744144431737,2.5814724480420086,2.5814724480420086,2.275,1.0095978260869567
15.387620726999558,3.84,2.8600000000000003,2.81,0.0498241469995264,0.0358575699992798,0.0642162690000986,3.676071272432024,2.635811070619441,2.5814724480420086,2.3061538461538467,1.008454849498328
15.437781689000076,3.84,2.8600000000000003,2.81,0.0999851090000447,0.0860185319997981,0.114377231000617,3.676071272432024,2.635811070619441,2.5814724480420086,2.3061538461538467,1.008454849498328
15.487953165999896,3.81,2.8600000000000003,2.71,0.0066224350002812,0.1361900089996197,0.0203384819997154,3.6447222116369855,2.635811070619441,2.472245942457991,2.366813186813187,1.0035983038700431
15.53825150099965,3.81,2.87,2.71,0.0569207700000333,0.042800459999853,0.0706368169994675,3.6447222116369855,2.646658270347723,2.472245942457991,2.37310989010989,1.0067329670329668
15.588567781000163,3.81,2.87,2.71,0.107237050000549,0.0931167400003687,0.1209530969999832,3.6447222116369855,2.646658270347723,2.472245942457991,2.37310989010989,1.0067329670329668
15.638807844999974,3.84,2.87,2.67,0.0130004419997931,0.1433568040001773,0.027293916000417,3.676071272432024,2.646658270347723,2.428332761381768,2.3967582417582416,0.970168776875299
15.689147043000048,3.84,2.93,2.67,0.0633396399998673,0.0494107969998367,0.0776331140004913,3.676071272432024,2.711604690953311,2.428332761381768,2.435,0.9892065217391304
15.739470075999634,3.84,2.93,2.67,0.1136626729994532,0.0997338299994226,0.1279561470000771,3.676071272432024,2.711604690953311,2.428332761381768,2.435,0.9892065217391304
15.78970007999942,3.83,2.95,2.66,0.0199307719994976,0.0063251029996536,0.0345111799997539,3.6656240942027862,2.7332032489370417,2.417333241404668,2.45378021978022,1.001099283325371
15.84003844200015,3.83,2.95,2.66,0.0702691340002275,0.0566634650003834,0.0848495420004837,3.6656240942027862,2.7332032489370417,2.417333241404668,2.45378021978022,1.001099283325371
15.890364711000077,3.83,2.95,2.66,0.1205954030001521,0.106989734000308,0.1351758110004084,3.6656240942027862,2.7332032489370417,2.417333241404668,2.45378021978022,1.001099283325371
15.940680409999914,3.86,3.01,2.6,0.0269884070003172,0.0130582060000961,0.0415150660001018,3.696958209122737,2.797856322258168,2.3511486554448235,2.527758241758242,0.9785470377448646
15.990778422999938,3.86,3.01,2.6,0.0770864200003416,0.0631562190001204,0.0916130790001261,3.696958209122737,2.797856322258168,2.3511486554448235,2.527758241758242,0.9785470377448646
16.041105141000116,3.86,3.01,2.6,0.1274131380005201,0.1134829370002989,0.1419397970003046,3.696958209122737,2.797856322258168,2.3511486554448235,2.527758241758242,0.9785470377448646
16.09144872700017,3.91,3.12,2.64,0.0337329550002323,0.0198520670001016,0.0476753299999472,3.749133233162033,2.915870367488925,2.395307913400697,2.5788241758241757,0.9845233397037744
16.141777216000264,3.91,3.12,2.64,0.0840614440003264,0.0701805560001957,0.0980038190000414,3.749133233162033,2.915870367488925,2.395307913400697,2.5788241758241757,0.9845233397037744
16.192103366999618,3.91,3.12,2.53,0.13438759499968,0.1205067069995493,0.004360340999483,3.749133233162033,2.915870367488925,2.2734995051681888,2.641318681318681,0.9538195174390824
16.242443318999904,3.87,3.01,2.53,0.0409408539999276,0.0270441080001546,0.0547002929997688,3.7073980093860976,2.797856322258168,2.2734995051681888,2.5672197802197805,0.9507572384137604
16.292781606999597,3.87,3.01,2.53,0.091279141999621,0.077382395999848,0.1050385809994622,3.7073980093860976,2.797856322258168,2.2734995051681888,2.5672197802197805,0.9507572384137604
16.343095082000218,3.87,3.01,2.53,0.1415926170002421,0.1276958710004692,0.1553520560000834,3.7073980093860976,2.797856322258168,2.2734995051681888,2.5672197802197805,0.9507572384137604
16.39343672099949,3.87,3.01,2.53,0.1919342559995129,0.17803750999974,0.2056936949993542,3.7073980093860976,2.797856322258168,2.2734995051681888,2.5672197802197805,0.9507572384137604
16.443750593000004,3.87,3.01,2.53,0.2422481280000283,0.2283513820002554,0.2560075669998696,3.7073980093860976,2.797856322258168,2.2734995051681888,2.5672197802197805,0.9507572384137604
16.494130166000105,3.82,3.01,2.48,0.0046731900001759,0.2787309550003556,0.0184780420004244,3.6551744144431737,2.797856322258168,2.217724058578975,2.594747252747253,0.9790263497372199
16.54427176900026,3.82,3.0900000000000003,2.48,0.0548147930003324,0.041071765000197,0.0686196450005809,3.6551744144431737,2.8837475617675,2.217724058578975,2.648373626373626,1.005722957477306
16.594580676000078,3.82,3.0900000000000003,2.48,0.1051237000001492,0.0913806720000138,0.1189285520003977,3.6551744144431737,2.8837475617675,2.217724058578975,2.648373626373626,1.005722957477306
16.644909267999537,3.83,3.0900000000000003,2.46,0.0113902849998339,0.1417092639994734,0.0253074449992709,3.6656240942027862,2.8837475617675,2.195335965177084,2.6592307692307693,0.9920735785953184
16.695226496999567,3.83,3.15,2.46,0.0617075139998632,0.0477958949995809,0.0756246739993002,3.6656240942027862,2.947948439169179,2.195335965177084,2.700373626373626,1.0125555661729575
16.745543973000167,3.83,3.15,2.46,0.1120249900004637,0.0981133710001813,0.1259421499999007,3.6656240942027862,2.947948439169179,2.195335965177084,2.700373626373626,1.0125555661729575
16.795878607000304,3.82,3.12,2.41,0.0183637130003262,0.0044656620002569,0.0322809830004189,3.6551744144431737,2.915870367488925,2.13915871313935,2.706461538461538,0.9974341137123748
16.846171893000246,3.82,3.12,2.41,0.0686569990002681,0.0547589480001988,0.0825742690003608,3.6551744144431737,2.915870367488925,2.13915871313935,2.706461538461538,0.9974341137123748
16.896504370999537,3.82,3.12,2.41,0.1189894769995589,0.1050914259994897,0.1329067469996516,3.6551744144431737,2.915870367488925,2.13915871313935,2.706461538461538,0.9974341137123748
16.946791663000113,3.86,3.13,2.4,0.025618702000429,0.0116122300005372,0.0392638040002566,3.696958209122737,2.926567955814455,2.12788627515664,2.7186153846153847,0.9648650501672243
16.99712939999972,3.86,3.13,2.4,0.0759564390000377,0.0619499670001459,0.0896015409998653,3.696958209122737,2.926567955814455,2.12788627515664,2.7186153846153847,0.9648650501672243
17.04725269299979,3.86,3.13,2.4,0.1260797320001074,0.1120732600002156,0.139724833999935,3.696958209122737,2.926567955814455,2.12788627515664,2.7186153846153847,0.9648650501672243
17.09756309000022,3.82,3.23,2.36,0.0321445160006987,0.0182214480000766,0.0460602709999875,3.6551744144431737,3.0332820508485523,2.082666559965853,2.8094285714285716,1.0227698757763974
17.147774910999942,3.82,3.23,2.36,0.0823563370004194,0.0684332689997972,0.0962720919997082,3.6551744144431737,3.0332820508485523,2.082666559965853,2.8094285714285716,1.0227698757763974
17.198099012000057,3.82,3.23,2.36,0.1326804380005342,0.118757369999912,0.0028408340003807,3.6551744144431737,3.0332820508485523,2.082666559965853,2.8094285714285716,1.0227698757763974
17.248457861000134,3.82,3.4,2.36,0.039087107999876,0.0248513090000415,0.0531996830004573,3.6551744144431737,3.213705026912084,2.082666559965853,2.9332857142857143,1.084429192546584
17.298774314000184,3.82,3.4,2.36,0.0894035609999264,0.0751677620000919,0.1035161360005076,3.6551744144431737,3.213705026912084,2.082666559965853,2.9332857142857143,1.084429192546584
17.34910410500015,3.82,3.4,2.28,0.1397333519998937,0.1254975530000592,0.0096673180005382,3.6551744144431737,3.213705026912084,1.9915571796963296,2.974076923076923,1.0643882943143816
17.39940218099946,3.83,3.3000000000000003,2.28,0.046061957999882,0.0318135139996229,0.0599653939998461,3.6656240942027862,3.107716203259236,1.9915571796963296,2.9004505494505497,1.0194199474438608
17.449727764000272,3.83,3.3000000000000003,2.28,0.0963875410006949,0.0821390970004358,0.110290977000659,3.6656240942027862,3.107716203259236,1.9915571796963296,2.9004505494505497,1.0194199474438608
17.500082734999523,3.79,3.3000000000000003,2.29,0.0030545319996235,0.1324940679996871,0.0167068359996847,3.623810149552539,3.107716203259236,2.0029977533686854,2.8954285714285715,1.0550177018633546
17.550379285999952,3.79,3.28,2.29,0.0533510830000523,0.0388185250003516,0.0670033870001134,3.623810149552539,3.086470476126412,2.0029977533686854,2.8809670329670327,1.0478183707596755
17.60069391399975,3.79,3.28,2.29,0.1036657109998486,0.089133153000148,0.1173180149999097,3.623810149552539,3.086470476126412,2.0029977533686854,2.8809670329670327,1.0478183707596755
17.651009743999566,3.8,3.28,2.24,0.0094173349998527,0.1394489829999656,0.0236743509994994,3.634267464015272,3.086470476126412,1.945636142756399,2.905857142857143,1.027339751552795
17.70137508100015,3.8,3.3400000000000003,2.24,0.0597826720004377,0.0458560309998574,0.0740396880000844,3.634267464015272,3.150158726159684,1.945636142756399,2.949505494505495,1.0490690396559967
17.751710835999802,3.8,3.3400000000000003,2.24,0.1101184270000885,0.0961917859995082,0.1243754429997352,3.634267464015272,3.150158726159684,1.945636142756399,2.949505494505495,1.0490690396559967
17.8020357409996,3.83,3.37,2.21,0.016648251999868,0.0025200899999617,0.03097296299984,3.6656240942027862,3.1819490882162147,1.9110206696946008,2.9862967032967034,1.0279933588150985
17.85235866899984,3.83,3.37,2.21,0.0669711800001096,0.0528430180002033,0.0812958910000816,3.6656240942027862,3.1819490882162147,1.9110206696946008,2.9862967032967034,1.0279933588150985
17.90246997000031,3.83,3.37,2.21,0.1170824810005797,0.1029543190006734,0.1314071920005517,3.6656240942027862,3.1819490882162147,1.9110206696946008,2.9862967032967034,1.0279933588150985
17.95279484999992,3.84,3.35,2.16,0.023252887000126,0.009329264000371,0.0379816309996385,3.676071272432024,3.160759402422145,1.8529705880018708,2.995538461538461,1.0005071906354512
18.003120749999653,3.84,3.35,2.16,0.0735787869998603,0.0596551640001052,0.0883075309993728,3.676071272432024,3.160759402422145,1.8529705880018708,2.995538461538461,1.0005071906354512
18.053428069999427,3.84,3.35,2.16,0.1238861069996346,0.1099624839998796,0.1386148509991471,3.676071272432024,3.160759402422145,1.8529705880018708,2.995538461538461,1.0005071906354512
18.10375069699967,3.83,3.39,2.17,0.0302248629996029,0.016337977999683,0.0442938369997136,3.6656240942027862,3.2031234756093934,1.8646179233290665,3.020406593406593,1.0259306736741522
18.154120041999704,3.83,3.39,2.17,0.0805942079996384,0.0667073229997186,0.0946631819997492,3.6656240942027862,3.2031234756093934,1.8646179233290665,3.020406593406593,1.0259306736741522
18.204208559999643,3.83,3.39,2.15,0.1306827259995771,0.1167958409996572,0.0006563979995917,3.6656240942027862,3.2031234756093934,1.8413038858374249,3.0299010989010986,1.021265981844243
18.25455126699944,3.82,3.4,2.15,0.0374153079992538,0.0235450579993994,0.0509991049993914,3.6551744144431737,3.213705026912084,1.8413038858374249,3.0373626373626372,1.0332957477305307
18.30484739900021,3.82,3.4,2.15,0.0877114400000209,0.0738411900001665,0.1012952370001585,3.6551744144431737,3.213705026912084,1.8413038858374249,3.0373626373626372,1.0332957477305307
18.355134808999537,3.82,3.4,2.15,0.1379988499993487,0.1241285999994943,0.0076321010001265,3.6551744144431737,3.213705026912084,1.8413038858374249,3.0373626373626372,1.0332957477305307
18.40547057399999,3.83,3.41,2.15,0.0441354860004139,0.0301530920005461,0.0579678660005811,3.6656240942027862,3.22428286600292,1.8413038858374249,3.0448461538461546,1.02870602006689
18.45579912499943,3.83,3.41,2.15,0.0944640369998524,0.0804816429999846,0.1082964170000195,3.6656240942027862,3.22428286600292,1.8413038858374249,3.0448461538461546,1.02870602006689
18.505888365999454,3.86,3.41,2.09,0.0007046419996186,0.1305708840000079,0.0144333069993081,3.696958209122737,3.22428286600292,1.7708754896942922,3.0728021978021984,0.9898950071667468
18.556209432000287,3.86,3.41,2.09,0.0510257080004521,0.1808919500008414,0.0647543730001416,3.696958209122737,3.22428286600292,1.7708754896942922,3.0728021978021984,0.9898950071667468
18.60632168200027,3.86,3.41,2.09,0.1011379580004359,0.2310042000008252,0.1148666230001254,3.696958209122737,3.22428286600292,1.7708754896942922,3.0728021978021984,0.9898950071667468
18.65665791499941,3.86,3.41,2.09,0.1514741909995791,0.2813404329999684,0.1652028559992686,3.696958209122737,3.22428286600292,1.7708754896942922,3.0728021978021984,0.9898950071667468
18.70674538200001,3.86,3.41,2.09,0.2015616580001733,0.3314279000005626,0.2152903229998628,3.696958209122737,3.22428286600292,1.7708754896942922,3.0728021978021984,0.9898950071667468
18.757085842999917,3.86,3.41,2.09,0.2519021190000785,0.3817683610004678,0.265630783999768,3.696958209122737,3.22428286600292,1.7708754896942922,3.0728021978021984,0.9898950071667468
18.807331193999744,3.84,3.45,2.1,0.0140701219997936,0.0001185000000987,0.0279289709997101,3.676071272432024,3.266557821315888,1.7826665420094696,3.0983516483516484,1.0239076684185382
18.85764916900007,3.84,3.45,2.1,0.0643880970001191,0.0504364750004242,0.0782469460000356,3.676071272432024,3.266557821315888,1.7826665420094696,3.0983516483516484,1.0239076684185382
18.90783687000021,3.84,3.45,2.1,0.1145757980002599,0.100624176000565,0.1284346470001764,3.676071272432024,3.266557821315888,1.7826665420094696,3.0983516483516484,1.0239076684185382
18.95817065600022,3.81,3.46,2.1,0.020940026000062,0.0070068630002424,0.0348197440007425,3.6447222116369855,3.2771176359721967,1.7826665420094696,3.105945054945055,1.0526335164835163
19.008442301000287,3.81,3.46,2.1,0.0712116710001282,0.0572785080003086,0.0850913890008087,3.6447222116369855,3.2771176359721967,1.7826665420094696,3.105945054945055,1.0526335164835163
19.058762699,3.81,3.46,2.1,0.1215320689998407,0.107598906000021,0.1354117870005211,3.6447222116369855,3.2771176359721967,1.7826665420094696,3.105945054945055,1.0526335164835163
19.109095986000284,3.84,3.46,2.1,0.028212703000463,0.0139787960006287,0.042092811000657,3.676071272432024,3.2771176359721967,1.7826665420094696,3.105945054945055,1.0276878643096035
19.159432124999512,3.84,3.46,2.1,0.0785488419996909,0.0643149349998566,0.0924289499998849,3.676071272432024,3.2771176359721967,1.7826665420094696,3.105945054945055,1.0276878643096035
19.20976379500007,3.84,3.46,2.1,0.1288805120002507,0.1146466050004164,0.1427606200004447,3.676071272432024,3.2771176359721967,1.7826665420094696,3.105945054945055,1.0276878643096035
19.2601215779996,3.84,3.51,2.09,0.034962930999427,0.0206549629992878,0.0490878279997559,3.676071272432024,3.329864862122786,1.7708754896942922,3.1488461538461543,1.0444908026755853
19.310450203999608,3.84,3.51,2.09,0.0852915569994365,0.0709835889992973,0.0994164539997655,3.676071272432024,3.329864862122786,1.7708754896942922,3.1488461538461543,1.0444908026755853
19.36078402000021,3.84,3.51,2.09,0.1356253730000389,0.1213174049998997,0.1497502700003679,3.676071272432024,3.329864862122786,1.7708754896942922,3.1488461538461543,1.0444908026755853
19.41089463299977,3.84,3.51,2.09,0.1857359859995995,0.1714280179994602,0.1998608829999284,3.676071272432024,3.329864862122786,1.7708754896942922,3.1488461538461543,1.0444908026755853
19.46103294099976,3.84,3.51,2.09,0.2358742939995863,0.2215663259994471,0.2499991909999153,3.676071272432024,3.329864862122786,1.7708754896942922,3.1488461538461543,1.0444908026755853
19.511372193999705,3.84,3.51,2.08,0.2862135469995337,0.2719055789993945,0.0122249799997007,3.676071272432024,3.329864862122786,1.7590622501776338,3.1534285714285715,1.042239440993789
19.561690681999607,3.82,3.54,2.08,0.0487765049992958,0.0342793169993456,0.0625434679996033,3.6551744144431737,3.3614728914569576,1.7590622501776338,3.1766703296703294,1.0704619684663166
19.612010842999556,3.82,3.54,2.08,0.0990966659992409,0.0845994779992906,0.1128636289995483,3.6551744144431737,3.3614728914569576,1.7590622501776338,3.1766703296703294,1.0704619684663166
19.662363872999777,3.86,3.54,2.07,0.0049590809994697,0.1349525079995146,0.0192461939996064,3.696958209122737,3.3614728914569576,1.7472263734273243,3.1812307692307695,1.0348301003344487
19.71267761600029,3.86,3.54,2.07,0.0552728239999851,0.0416292440004326,0.0695599370001218,3.696958209122737,3.3614728914569576,1.7472263734273243,3.1812307692307695,1.0348301003344487
19.76300861300024,3.86,3.54,2.07,0.1056038209999314,0.091960241000379,0.1198909340000682,3.696958209122737,3.3614728914569576,1.7472263734273243,3.1812307692307695,1.0348301003344487
19.813367122999807,3.78,3.54,2.14,0.0119518020001123,0.1423187509999479,0.026584078000269,3.613350245962879,3.3614728914569576,1.829617446353199,3.148846153846154,1.1171755852842808
19.86366449300021,3.78,3.62,2.14,0.06224917200052,0.04840605300069,0.0768814480006767,3.613350245962879,3.4456204085766613,1.829617446353199,3.211791208791209,1.1485112756808413
19.91377429699969,3.78,3.62,2.14,0.1123589759999958,0.0985158570001658,0.1269912520001526,3.613350245962879,3.4456204085766613,1.829617446353199,3.211791208791209,1.1485112756808413
19.963920340000183,3.72,3.56,2.12,0.0185898010004166,0.0050039600000673,0.0328816070004904,3.5505351709284616,3.3825286399378798,1.8061838223170976,3.173813186813187,1.169256999522217
20.014040453000234,3.72,3.56,2.12,0.0687099140004647,0.0551240730001154,0.0830017200005386,3.5505351709284616,3.3825286399378798,1.8061838223170976,3.173813186813187,1.169256999522217
20.064367582999694,3.72,3.56,2.12,0.1190370439999242,0.1054512029995748,0.133328849999998,3.5505351709284616,3.3825286399378798,1.8061838223170976,3.173813186813187,1.169256999522217
20.11465363400021,3.69,3.69,2.13,0.0253840210007183,0.0114771270000346,0.0394801330003247,3.519090791667643,3.519090791667643,1.8179108889051736,3.2727142857142852,1.247275155279503
20.16496766,3.69,3.69,2.13,0.0756980470005146,0.0617911529998309,0.089794159000121,3.519090791667643,3.519090791667643,1.8179108889051736,3.2727142857142852,1.247275155279503
20.21532455200031,3.69,3.69,2.13,0.1260549390008236,0.1121480450001399,0.14015105100043,3.519090791667643,3.519090791667643,1.8179108889051736,3.2727142857142852,1.247275155279503
20.265658667000025,3.65,3.47,2.17,0.0324305399999502,0.018675037000321,0.0463120670001444,3.477125249397841,3.287673949770567,1.8646179233290665,3.0807142857142855,1.2023012422360253
20.315998744999888,3.65,3.47,2.17,0.0827706179998131,0.0690151150001838,0.0966521450000073,3.477125249397841,3.287673949770567,1.8646179233290665,3.0807142857142855,1.2023012422360253
20.366348896999625,3.65,3.47,2.14,0.1331207699995502,0.119365266999921,0.0030136109999148,3.477125249397841,3.287673949770567,1.829617446353199,3.094923076923077,1.195320401337793
20.416677913000058,3.61,3.5500000000000003,2.14,0.0396415940003862,0.0255765850006355,0.0533426270003474,3.435112807463533,3.3720023724784065,1.829617446353199,3.1566373626373627,1.2576086000955569
20.466999632999432,3.61,3.5500000000000003,2.14,0.0899633139997604,0.0758983050000097,0.1036643469997216,3.435112807463533,3.3720023724784065,1.829617446353199,3.1566373626373627,1.2576086000955569
20.517354491999868,3.61,3.5500000000000003,2.18,0.1403181730001961,0.1262531640004454,0.010119485999894,3.435112807463533,3.3720023724784065,1.8762462524945915,3.1376483516483518,1.2669379837553754
20.567661181999934,3.65,3.58,2.18,0.0465218660001482,0.0325912990001597,0.0604261759999644,3.477125249397841,3.403571653425266,1.8762462524945915,3.1611538461538458,1.2470744147157193
20.617980971999717,3.65,3.58,2.18,0.0968416559999241,0.0829110889999356,0.1107459659997402,3.477125249397841,3.403571653425266,1.8762462524945915,3.1611538461538458,1.2470744147157193
20.668094752999423,3.61,3.58,2.22,0.0032253359995593,0.1330248699996445,0.0170368249991952,3.435112807463533,3.403571653425266,1.9225763964014533,3.1418131868131867,1.2881417821309125
20.718206286000168,3.61,3.5900000000000003,2.22,0.0533368690003044,0.0391683400002875,0.0671483579999403,3.435112807463533,3.4140884581393025,1.9225763964014533,3.149692307692308,1.292064214046823
20.76853756499986,3.61,3.5900000000000003,2.22,0.103668147999997,0.0894996189999801,0.1174796369996329,3.435112807463533,3.4140884581393025,1.9225763964014533,3.149692307692308,1.292064214046823
20.818759633999434,3.53,3.5900000000000003,2.25,0.0096776539994607,0.1397216879995539,0.0236088550000204,3.3509401665801195,3.4140884581393025,1.957140771636011,3.1349560439560435,1.3613911610129001
20.86907253299978,3.53,3.65,2.25,0.0599905529998068,0.0460815950000323,0.0739217540003664,3.3509401665801195,3.477125249397841,1.957140771636011,3.1826923076923075,1.385155518394649
20.9194084210003,3.53,3.65,2.25,0.1103264410003248,0.0964174830005504,0.1242576420008845,3.3509401665801195,3.477125249397841,1.957140771636011,3.1826923076923075,1.385155518394649
20.969516154000303,3.49,3.7,2.25,0.0164639650001845,0.0028062350002073,0.0303997710007024,3.308776208811953,3.529575045242699,1.957140771636011,3.223076923076923,1.4357817725752506
21.019641556999886,3.49,3.7,2.25,0.066589367999768,0.0529316379997908,0.0805251740002859,3.308776208811953,3.529575045242699,1.957140771636011,3.223076923076923,1.4357817725752506
21.069776080999876,3.49,3.7,2.25,0.1167238919997544,0.1030661619997772,0.1306596980002723,3.308776208811953,3.529575045242699,1.957140771636011,3.223076923076923,1.4357817725752506
21.1200488960003,3.46,3.62,2.3,0.0231632970007922,0.0091892920008831,0.0369526710001082,3.2771176359721967,3.4456204085766613,2.014422994308792,3.1337252747252746,1.4386914954610606
21.170383546000267,3.46,3.62,2.3,0.0734979470007601,0.059523942000851,0.0872873210000761,3.2771176359721967,3.4456204085766613,2.014422994308792,3.1337252747252746,1.4386914954610606
21.22050295499957,3.46,3.62,2.3,0.1236173560000679,0.1096433510001588,0.1374067299993839,3.2771176359721967,3.4456204085766613,2.014422994308792,3.1337252747252746,1.4386914954610606
21.27082910199988,3.47,3.7,2.3,0.0298550999996223,0.0155952880004406,0.043978996000078,3.287673949770567,3.529575045242699,2.014422994308792,3.198076923076923,1.4631948160535118
21.321122716999525,3.47,3.7,2.3,0.0801487149992681,0.0658889030000864,0.0942726109997238,3.287673949770567,3.529575045242699,2.014422994308792,3.198076923076923,1.4631948160535118
21.37121562700031,3.47,3.7,2.28,0.1302416250000533,0.1159818130008716,0.0001906420002342,3.287673949770567,3.529575045242699,1.9915571796963296,3.2081428571428576,1.4582493788819872
21.4215438479996,3.43,3.68,2.28,0.0366321249994143,0.0223222479999094,0.0505188629995245,3.245427552727067,3.508603710879871,1.9915571796963296,3.191923076923077,1.4801747491638793
21.47185701199942,3.43,3.68,2.28,0.0869452889992317,0.0726354119997267,0.1008320269993419,3.245427552727067,3.508603710879871,1.9915571796963296,3.191923076923077,1.4801747491638793
21.522152931000164,3.43,3.68,2.33,0.1372412079999776,0.1229313310004727,0.0071922249999261,3.245427552727067,3.508603710879871,2.0486092843683004,3.1665934065934063,1.4926193263258478
21.57249627799956,3.43,3.72,2.33,0.0437800459994832,0.0293094299995573,0.057535571999324,3.245427552727067,3.5505351709284616,2.0486092843683004,3.199120879120879,1.508812350692785
21.62282410700027,3.43,3.72,2.33,0.0941078750001906,0.0796372590002647,0.1078634010000314,3.245427552727067,3.5505351709284616,2.0486092843683004,3.199120879120879,1.508812350692785
21.67296468299992,3.34,3.72,2.34,5.9609000345517416e-05,0.1297778349999134,0.0141186540004127,3.1501587261596837,3.5505351709284616,2.059975728012347,3.193989010989011,1.5775619206880076
21.723339405999468,3.34,3.73,2.34,0.0504343319998952,0.0362273989994719,0.0644933769999624,3.1501587261596837,3.561011092372502,2.059975728012347,3.202175824175824,1.5816375298614425
21.77363148899985,3.34,3.73,2.34,0.1007264150002811,0.0865194819998578,0.1147854600003484,3.1501587261596837,3.561011092372502,2.059975728012347,3.202175824175824,1.5816375298614425
21.823953887000243,3.32,3.73,2.35,0.0068040630003451,0.1368418800002473,0.0210586400007741,3.128945509273052,3.561011092372502,2.071328076379983,3.197021978021978,1.5986478977544196
21.874261283999655,3.32,3.75,2.35,0.0571114599997599,0.0434623869996357,0.0713660370001889,3.128945509273052,3.581954773583832,2.071328076379983,3.2134615384615386,1.6068319397993314
21.92458595700009,3.32,3.75,2.35,0.107436133000192,0.0937870600000678,0.121690710000621,3.128945509273052,3.581954773583832,2.071328076379983,3.2134615384615386,1.6068319397993314
21.974751591999848,3.34,3.75,2.39,0.0136357549999956,0.1439526949998253,0.0275619069998356,3.1501587261596837,3.581954773583832,2.1166010488516727,3.192626373626374,1.6025900860009554
22.024841362999723,3.34,3.86,2.39,0.063725525999871,0.0496070589997543,0.0776516779997109,3.1501587261596837,3.696958209122738,2.1166010488516727,3.2846153846153854,1.6483846153846153
22.0751707999998,3.34,3.86,2.39,0.1140549629999441,0.0999364959998274,0.127981114999784,3.1501587261596837,3.696958209122738,2.1166010488516727,3.2846153846153854,1.6483846153846153
22.125514264999765,3.27,4.08,2.39,0.0204307710000648,0.0065362380000806,0.0343535929996505,3.075841348314311,3.9261049400137034,2.1166010488516727,3.4765714285714293,1.7942388198757764
22.175841569999648,3.27,4.08,2.39,0.0707580759999473,0.0568635429999631,0.084680897999533,3.075841348314311,3.9261049400137034,2.1166010488516727,3.4765714285714293,1.7942388198757764
22.226175656999654,3.27,4.08,2.39,0.1210921629999575,0.1071976299999732,0.1350149849995432,3.075841348314311,3.9261049400137034,2.1166010488516727,3.4765714285714293,1.7942388198757764
22.27650318799988,3.24,3.96,2.4,0.0276272769997376,0.0138461380001899,0.0416185000003679,3.0439283828631707,3.801249794475496,2.12788627515664,3.3652857142857147,1.7652726708074533
22.32683527500012,3.24,3.96,2.4,0.0779593639999802,0.0641782250004325,0.0919505870006105,3.0439283828631707,3.801249794475496,2.12788627515664,3.3652857142857147,1.7652726708074533
22.3771700770003,3.24,3.96,2.4,0.1282941660001597,0.114513027000612,0.14228538900079,3.0439283828631707,3.801249794475496,2.12788627515664,3.3652857142857147,1.7652726708074533
22.42746212400016,3.24,3.96,2.4,0.1785862130000168,0.1648050740004691,0.1925774360006471,3.0439283828631707,3.801249794475496,2.12788627515664,3.3652857142857147,1.7652726708074533
22.47780787800002,3.24,3.96,2.4,0.2289319669998804,0.2151508280003327,0.2429231900005106,3.0439283828631707,3.801249794475496,2.12788627515664,3.3652857142857147,1.7652726708074533
22.528137473999777,3.24,3.96,2.44,0.2792615629996362,0.2654804240000885,0.0050992599999517,3.0439283828631707,3.801249794475496,2.1729012862990347,3.344010989010989,1.7757250358337315
22.578469334000147,3.23,3.84,2.44,0.0417963840000084,0.0275980730002629,0.0554311200003212,3.0332820508485523,3.676071272432024,2.1729012862990347,3.2411538461538463,1.7315526755852846
22.628751661000024,3.23,3.84,2.44,0.0920787109998855,0.07788040000014,0.1057134470001983,3.0332820508485523,3.676071272432024,2.1729012862990347,3.2411538461538463,1.7315526755852846
22.67912129999968,3.23,3.84,2.5,0.1424483499995403,0.1282500389997949,0.0121262399998158,3.0332820508485523,3.676071272432024,2.240066963284803,3.208582417582418,1.747555160057334
22.729425395999897,3.18,3.83,2.5,0.0485275789997103,0.0345959950000178,0.062430336000034,2.979983221429275,3.6656240942027862,2.240066963284803,3.200153846153846,1.7781961538461537
22.77975877100016,3.18,3.83,2.5,0.0988609539999743,0.0849293700002817,0.1127637110002979,2.979983221429275,3.6656240942027862,2.240066963284803,3.200153846153846,1.7781961538461537
22.830139515000155,3.11,3.83,2.5,0.0052625799999077,0.1353101140002763,0.1631444550002925,2.9051678092667896,3.6656240942027862,2.240066963284803,3.200153846153846,1.8260548494983275
22.88049731999945,3.11,4.13,2.5,0.0556203849992016,0.0419821539999247,0.2135022599995863,2.9051678092667896,3.9780397182532,2.240066963284803,3.4625714285714286,1.956693167701864
22.930830153999523,3.11,4.13,2.5,0.1059532189992751,0.0923149879999982,0.2638350939996599,2.9051678092667896,3.9780397182532,2.240066963284803,3.4625714285714286,1.956693167701864
22.98095209100029,3.13,4.13,2.5,0.0120717500003593,0.1424369250007657,0.3139570310004274,2.926567955814455,3.9780397182532,2.240066963284803,3.4625714285714286,1.9431279503105592
23.03127581700028,3.13,4.08,2.5,0.0623954760003471,0.0485860170001615,0.3642807570004152,2.926567955814455,3.9261049400137034,2.240066963284803,3.4174615384615397,1.9206710702341148
23.08160165299978,3.13,4.08,2.5,0.1127213119998487,0.0989118529996631,0.4146065929999167,2.926567955814455,3.9261049400137034,2.240066963284803,3.4174615384615397,1.9206710702341148
23.131858267000094,3.13,4.08,2.5,0.1629779260001669,0.1491684669999813,0.464863207000235,2.926567955814455,3.9261049400137034,2.240066963284803,3.4174615384615397,1.9206710702341148
23.18218771099964,3.13,4.08,2.5,0.2133073699997112,0.1994979109995256,0.5151926509997793,2.926567955814455,3.9261049400137034,2.240066963284803,3.4174615384615397,1.9206710702341148
23.232507927999904,3.13,4.08,2.5,0.2636275869999736,0.2498181279997879,0.5655128680000416,2.926567955814455,3.9261049400137034,2.240066963284803,3.4174615384615397,1.9206710702341148
23.282826374999782,3.01,3.97,2.56,0.0260474079996129,0.0118008099998405,0.0401259529999151,2.797856322258168,3.811666302288279,2.306837662255409,3.286791208791209,1.9687069278547542
23.33316556299997,3.01,3.97,2.56,0.0763865959997929,0.0621399980000205,0.0904651410000951,2.797856322258168,3.811666302288279,2.306837662255409,3.286791208791209,1.9687069278547542
23.383519182999407,3.01,3.97,2.56,0.1267402159992343,0.112493617999462,0.1408187609995366,2.797856322258168,3.811666302288279,2.306837662255409,3.286791208791209,1.9687069278547542
23.43386630199984,2.99,3.85,2.61,0.0333027200003925,0.019100962000266,0.0472107229998073,2.7763285108214406,3.6865159703980663,2.362202362203543,3.1552637362637364,1.9443704252269463
23.48418732499977,2.99,3.85,2.61,0.0836237430003166,0.06942198500019,0.0975317459997313,2.7763285108214406,3.6865159703980663,2.362202362203543,3.1552637362637364,1.9443704252269463
23.534512114999416,2.99,3.85,2.64,0.1339485329999661,0.1197467749998395,0.0037066549994051,2.7763285108214406,3.6865159703980663,2.395307913400697,3.137956043956043,1.9528737697085519
23.58483282599991,2.98,3.95,2.64,0.0403598270004295,0.0258698750003532,0.0540273659999002,2.765556001964162,3.7908310434520818,2.395307913400697,3.2236703296703295,2.0020337075967514
23.635113630999516,2.98,3.95,2.64,0.0906406320000314,0.0761506799999551,0.1043081709995021,2.765556001964162,3.7908310434520818,2.395307913400697,3.2236703296703295,2.0020337075967514
23.6852623169998,2.98,3.95,2.67,0.1407893180003157,0.1262993660002394,0.0105915160002041,2.765556001964162,3.7908310434520818,2.428332761381768,3.2061648351648344,2.010634233158147
23.73545494799964,2.96,4.04,2.67,0.0464734099996348,0.0325380249996669,0.0607841470000494,2.743993440225396,3.884520562437532,2.428332761381768,3.2851868131868134,2.062886478738652
23.78580125999997,2.96,4.04,2.67,0.0968197219999638,0.0828843369999958,0.1111304590003783,2.743993440225396,3.884520562437532,2.428332761381768,3.2851868131868134,2.062886478738652
23.83613506399979,2.97,4.04,2.68,0.0031731809995108,0.1332181409998156,0.0174432739995609,2.7547776679797598,3.884520562437532,2.439323676759605,3.279307692307692,2.0593292642140466
23.886470034999547,2.97,4.12,2.68,0.0535081519992672,0.0398634149996723,0.0677782449993174,2.7547776679797598,3.967656739184981,2.439323676759605,3.3510439560439558,2.0950414476827515
23.93663549200028,2.97,4.12,2.68,0.1036736089999976,0.0900288720004027,0.1179437020000477,2.7547776679797598,3.967656739184981,2.439323676759605,3.3510439560439558,2.0950414476827515
23.98686388399983,2.87,4.12,2.7,0.0102262500004144,0.1402572639999562,0.0238553139997748,2.646658270347723,3.967656739184981,2.46128015471624,3.3392197802197794,2.1643289775441947
24.03716518799956,2.87,4.08,2.7,0.0605275540001457,0.0463222769994899,0.0741566179995061,2.646658270347723,3.9261049400137034,2.46128015471624,3.3031758241758253,2.1463853559484
24.087457366000308,2.87,4.08,2.7,0.1108197320008912,0.0966144550002354,0.1244487960002516,2.646658270347723,3.9261049400137034,2.46128015471624,3.3031758241758253,2.1463853559484
24.13757379300023,2.81,4.05,2.73,0.0166862089999995,0.0027589650007939,0.0306068230001983,2.5814724480420086,3.894919768108196,2.4941531628991838,3.2584725274725277,2.1788808886765416
24.187900034999984,2.81,4.05,2.73,0.0670124509997549,0.0530852070005494,0.0809330649999537,2.5814724480420086,3.894919768108196,2.4941531628991838,3.2584725274725277,2.1788808886765416
24.238039377999485,2.81,4.05,2.73,0.1171517939992554,0.1032245500000499,0.1310724079994543,2.5814724480420086,3.894919768108196,2.4941531628991838,3.2584725274725277,2.1788808886765416
24.288366480999684,2.81,4.09,2.76,0.0235354959995675,0.0095918580000216,0.0374258530000588,2.5814724480420086,3.936495903719449,2.5269546889487358,3.2761538461538464,2.2055852842809367
24.338679988999505,2.81,4.09,2.76,0.0738490039993848,0.0599053659998389,0.0877393609998762,2.5814724480420086,3.936495903719449,2.5269546889487358,3.2761538461538464,2.2055852842809367
24.38900334899972,2.81,4.09,2.76,0.1241723639996053,0.1102287260000594,0.1380627210000966,2.5814724480420086,3.936495903719449,2.5269546889487358,3.2761538461538464,2.2055852842809367
24.439333161999457,2.76,4.02,2.79,0.0305299939991527,0.0166102189996308,0.0444425739997313,2.5269546889487358,3.863715828059822,2.559687480924185,3.195472527472527,2.213789584328714
24.489655376999508,2.76,4.02,2.79,0.0808522089992038,0.0669324339996819,0.0947647889997824,2.5269546889487358,3.863715828059822,2.559687480924185,3.195472527472527,2.213789584328714
24.53976396300004,2.76,4.02,2.84,0.1309607949997371,0.1170410200002152,0.0009274350004488,2.5269546889487358,3.863715828059822,2.614096402200959,3.1645384615384615,2.2289876254180596
24.5899038739999,2.73,4.07,2.84,0.037114740999641,0.0233110799999849,0.051067346000309,2.4941531628991838,3.915711940375594,2.614096402200959,3.208989010989011,2.2690184424271376
24.640162826999585,2.73,4.07,2.84,0.087373693999325,0.0735700329996689,0.101326298999993,2.4941531628991838,3.915711940375594,2.614096402200959,3.208989010989011,2.2690184424271376
24.69047681200027,2.73,4.07,2.87,0.1376876790000096,0.1238840180003535,0.0076772930005972,2.4941531628991838,3.915711940375594,2.646658270347723,3.1901648351648353,2.2782668418537977
24.74065465300009,2.7,4.03,2.87,0.0439917450003122,0.0299440959997809,0.0578551340004196,2.4612801547162406,3.874119254746813,2.646658270347723,3.1545604395604396,2.27824856665074
24.79099308500008,2.7,4.03,2.87,0.0943301770003017,0.0802825279997705,0.1081935660004091,2.4612801547162406,3.874119254746813,2.646658270347723,3.1545604395604396,2.27824856665074
24.841239425999447,2.69,4.03,2.9,0.0005361069997888,0.1305288689991357,0.014472392999778,2.4503061033266844,3.874119254746813,2.6791603162184976,3.135538461538461,2.293452842809364
24.89155641799971,2.69,4.11,2.9,0.0508530990000508,0.0369445830001495,0.06478938500004,2.4503061033266844,3.957271787481876,2.6791603162184976,3.2070989010989015,2.3290774964166268
24.94190047200027,2.69,4.11,2.9,0.1011971530006121,0.0872886370007108,0.1151334390006013,2.4503061033266844,3.957271787481876,2.6791603162184976,3.2070989010989015,2.3290774964166268
24.99225344699971,2.65,4.11,2.93,0.0075339109998822,0.1376416120001522,0.0215267610001319,2.406324998831205,3.957271787481876,2.7116046909533105,3.187879120879121,2.3617376493072153
25.042569485000055,2.65,4.1,2.93,0.0578499490002286,0.0441922620002515,0.0718427990004784,2.406324998831205,3.9468848475728295,2.7116046909533105,3.1788571428571433,2.357246273291925
25.09289850999994,2.65,4.1,2.93,0.1081789740001113,0.0945212870001341,0.122171824000361,2.406324998831205,3.9468848475728295,2.7116046909533105,3.1788571428571433,2.357246273291925
25.143036270000263,2.61,4.13,2.93,0.0145688180000433,0.0001479400007156,0.0283171610008139,2.362202362203543,3.9780397182532,2.7116046909533105,3.205989010989011,2.3936227902532248
25.19337418699979,2.61,4.13,2.93,0.0649067349995675,0.0504858570002397,0.0786550780003381,2.362202362203543,3.9780397182532,2.7116046909533105,3.205989010989011,2.3936227902532248
25.24351451799976,2.61,4.13,2.93,0.1150470659995335,0.1006261880002057,0.128795409000304,2.362202362203543,3.9780397182532,2.7116046909533105,3.205989010989011,2.3936227902532248
25.293803325000223,2.58,4.15,2.93,0.0212031400005798,0.0069399760004671,0.0351132730002063,2.3290126663459776,3.99879981994598,2.7116046909533105,3.224186813186813,2.419606043956044
25.34412984000028,2.58,4.15,2.93,0.0715296550006314,0.0572664910005187,0.0854397880002579,2.3290126663459776,3.99879981994598,2.7116046909533105,3.224186813186813,2.419606043956044
25.394459807000203,2.58,4.15,2.93,0.1218596220005565,0.1075964580004438,0.135769755000183,2.3290126663459776,3.99879981994598,2.7116046909533105,3.224186813186813,2.419606043956044
25.444804488000045,2.58,4.15,2.93,0.1722043030003988,0.157941139000286,0.1861144360000253,2.3290126663459776,3.99879981994598,2.7116046909533105,3.224186813186813,2.419606043956044
25.49510134999946,2.58,4.15,2.93,0.2225011649998123,0.2082380009996995,0.2364112979994388,2.3290126663459776,3.99879981994598,2.7116046909533105,3.224186813186813,2.419606043956044
25.54544699799953,2.58,4.15,2.93,0.2728468129998873,0.2585836489997746,0.2867569459995138,2.3290126663459776,3.99879981994598,2.7116046909533105,3.224186813186813,2.419606043956044
25.59574461000011,2.51,4.23,3.04,0.0354977320002944,0.02125575700029,0.0493897840005956,2.251221890440833,4.081764324406788,2.830106005081788,3.225692307692309,2.5304642140468228
25.64612628099985,2.51,4.23,3.04,0.0858794030000353,0.0716374280000309,0.0997714550003365,2.251221890440833,4.081764324406788,2.830106005081788,3.225692307692309,2.5304642140468228
25.69644851599969,2.51,4.23,3.06,0.1362016379998749,0.1219596629998704,0.0058787139996638,2.251221890440833,4.081764324406788,2.8515785102290274,3.212285714285715,2.537050931677019
25.74661748699964,2.48,4.19,3.06,0.042109345999961,0.0278929059995789,0.0560476849996121,2.217724058578975,4.040297018784634,2.8515785102290274,3.175274725274726,2.5348976349737224
25.79694279799969,2.48,4.19,3.06,0.0924346570000125,0.0782182169996303,0.1063729959996635,2.217724058578975,4.040297018784634,2.8515785102290274,3.175274725274726,2.5348976349737224
25.847267598000144,2.48,4.19,3.11,0.1427594570004657,0.1285430170000836,0.0127436230004605,2.217724058578975,4.040297018784634,2.9051678092667896,3.1413736263736265,2.5515533922599145
25.897437720999733,2.47,4.19,3.11,0.0488413369994304,0.0347443959999509,0.0629137460000492,2.2065357463680484,4.040297018784634,2.9051678092667896,3.1413736263736265,2.5569338270425224
25.947736614999485,2.47,4.19,3.11,0.0991402309991826,0.0850432899997031,0.1132126399998014,2.2065357463680484,4.040297018784634,2.9051678092667896,3.1413736263736265,2.5569338270425224
25.99781759399957,2.46,4.19,3.12,0.0056474699995305,0.1351242689997889,0.0197022060001472,2.195335965177084,4.040297018784634,2.915870367488925,3.134527472527473,2.565656067845198
26.047952058999726,2.46,4.25,3.12,0.0557819349996862,0.0418059029998403,0.0698366710003028,2.195335965177084,4.102487050558478,2.915870367488925,3.190175824175824,2.593359268991877
26.09824536699944,2.46,4.25,3.12,0.1060752429993954,0.0920992109995495,0.1201299790000121,2.195335965177084,4.102487050558478,2.915870367488925,3.190175824175824,2.593359268991877
26.14857922200008,2.43,4.25,3.15,0.0121658010002647,0.1424330660001942,0.0257739600001514,2.161666024158219,4.102487050558478,2.947948439169179,3.1695054945054952,2.6194603440038216
26.19891654299954,2.43,4.29,3.15,0.0625031219997254,0.0483228309994956,0.076111280999612,2.161666024158219,4.1439111959596815,2.947948439169179,3.207043956043956,2.638147969421882
26.2490419679998,2.43,4.29,3.15,0.1126285469999857,0.0984482559997559,0.1262367059998723,2.161666024158219,4.1439111959596815,2.947948439169179,3.207043956043956,2.638147969421882
26.299377358999664,2.43,4.29,3.15,0.1629639379998479,0.1487836469996182,0.1765720969997346,2.161666024158219,4.1439111959596815,2.947948439169179,3.207043956043956,2.638147969421882
26.34972243900029,2.43,4.29,3.15,0.2133090180004728,0.1991287270002431,0.2269171770003595,2.161666024158219,4.1439111959596815,2.947948439169179,3.207043956043956,2.638147969421882
26.40005212999949,2.43,4.29,3.15,0.2636387089996788,0.249458417999449,0.2772468679995654,2.161666024158219,4.1439111959596815,2.947948439169179,3.207043956043956,2.638147969421882
26.450373048000078,2.33,4.33,3.21,0.0259991390003051,0.0118055319999257,0.0398231119997944,2.0486092843683004,4.185307635049066,3.011976095522672,3.2030000000000003,2.7293521739130435
26.50067936999949,2.33,4.33,3.21,0.0763054609997198,0.0621118539993403,0.0901294339992091,2.0486092843683004,4.185307635049066,3.011976095522672,3.2030000000000003,2.7293521739130435
26.55103962500016,2.33,4.33,3.21,0.1266657160003887,0.1124721090000093,0.1404896889998781,2.0486092843683004,4.185307635049066,3.011976095522672,3.2030000000000003,2.7293521739130435
26.60137910699996,2.32,4.4,3.22,0.0327667510000537,0.0189258729997163,0.0467191690004256,2.0372285095197347,4.2576871655865,3.0226313040131103,3.2630879120879133,2.771308982322026
26.65172847299982,2.32,4.4,3.22,0.0831161169999177,0.0692752389995803,0.0970685350002895,2.0372285095197347,4.2576871655865,3.0226313040131103,3.2630879120879133,2.771308982322026
26.702054622000105,2.32,4.4,3.29,0.1334422660002019,0.1196013879998645,0.0034368650003671,2.0372285095197347,4.2576871655865,3.0970954134478967,3.21301098901099,2.795911992355471
26.7521979080002,2.28,4.4,3.29,0.0396364349999203,0.0257025970004178,0.0535801510004603,1.9915571796963296,4.2576871655865,3.0970954134478967,3.21301098901099,2.815911992355471
26.80246403699948,2.28,4.4,3.29,0.0899025639992032,0.0759687259997008,0.1038462799997432,1.9915571796963296,4.2576871655865,3.0970954134478967,3.21301098901099,2.815911992355471
26.85264049600028,2.28,4.4,3.3,0.1400790229999984,0.1261451850004959,0.0100387390002651,1.9915571796963296,4.2576871655865,3.107716203259236,3.2057692307692314,2.8194698996655525
26.902765703000117,2.26,4.46,3.3,0.0464854390002074,0.0322985950006113,0.0601639460001024,1.9686289645334387,4.319664338811524,3.107716203259236,3.264186813186813,2.858421261347348
26.953090365000207,2.26,4.46,3.3,0.096810101000301,0.082623257000705,0.1104886080001961,1.9686289645334387,4.319664338811524,3.107716203259236,3.264186813186813,2.858421261347348
27.003188237999893,2.22,4.46,3.36,0.0030192249996616,0.1327211300003909,0.0166160170001603,1.922576396401454,4.319664338811524,3.171356176779896,3.220274725274726,2.899473721930244
27.05352216099982,2.22,4.48,3.36,0.0533531479995872,0.0396949460000541,0.0669499400000859,1.922576396401454,4.340311048761368,3.171356176779896,3.239923076923078,2.9092551839464877
27.103855846999977,2.22,4.48,3.36,0.1036868339997454,0.0900286320002123,0.1172836260002441,1.922576396401454,4.340311048761368,3.171356176779896,3.239923076923078,2.9092551839464877
27.154191882000305,2.22,4.48,3.37,0.0096927350004989,0.14036466700054,0.0237739070007592,1.922576396401454,4.340311048761368,3.1819490882162147,3.2325274725274733,2.91288867654085
27.204526319999783,2.22,4.44,3.37,0.0600271729999803,0.0458525670001108,0.0741083450002406,1.922576396401454,4.299011514290234,3.1819490882162147,3.193318681318682,2.8933695174390834
27.254667379999773,2.22,4.44,3.37,0.1101682329999675,0.095993627000098,0.1242494050002278,1.922576396401454,4.299011514290234,3.1819490882162147,3.193318681318682,2.8933695174390834
27.30495182300001,2.15,4.44,3.41,0.0165139660002751,0.002238760000182,0.0304208540001127,1.8413038858374249,4.299011514290234,3.224282866002919,3.163516483516485,2.9412614667940757
27.355290337999577,2.15,4.44,3.41,0.0668524809998416,0.0525772749997486,0.0807593689996792,1.8413038858374249,4.299011514290234,3.224282866002919,3.163516483516485,2.9412614667940757
27.405618537999544,2.15,4.44,3.41,0.1171806809998088,0.1029054749997158,0.1310875689996464,1.8413038858374249,4.299011514290234,3.224282866002919,3.163516483516485,2.9412614667940757
27.45594901999993,2.19,4.46,3.43,0.0235259880000739,0.0093463869998231,0.0374589060002108,1.887855926706273,4.319664338811524,3.245427552727066,3.1680439560439573,2.93951536072623
27.50628899000003,2.19,4.46,3.43,0.0738659580001694,0.0596863569999186,0.0877988760003063,1.887855926706273,4.319664338811524,3.245427552727066,3.1680439560439573,2.93951536072623
27.55659882199961,2.19,4.46,3.43,0.1241757899997537,0.1099961889995029,0.1381087079998906,1.887855926706273,4.319664338811524,3.245427552727066,3.1680439560439573,2.93951536072623
27.60693091400026,2.15,4.46,3.47,0.0305966750001971,0.0165333290005946,0.0444485320003877,1.8413038858374249,4.319664338811524,3.2876739497705665,3.1377142857142863,2.9732860248447204
27.657399122000243,2.15,4.46,3.47,0.081064883000181,0.0670015370005785,0.0949167400003716,1.8413038858374249,4.319664338811524,3.2876739497705665,3.1377142857142863,2.9732860248447204
27.707571031999574,2.15,4.46,3.47,0.1312367929995161,0.1171734469999137,0.001183053999739,1.8413038858374249,4.319664338811524,3.2876739497705665,3.1377142857142863,2.9732860248447204
27.75789005899969,2.1,4.48,3.47,0.0372437289997833,0.0233076839995192,0.0515020809998532,1.7826665420094696,4.340311048761368,3.2876739497705665,3.1573626373626382,3.006165312947921
27.80820944599964,2.1,4.48,3.47,0.0875631159997283,0.0736270709994642,0.1018214679997981,1.7826665420094696,4.340311048761368,3.2876739497705665,3.1573626373626382,3.006165312947921
27.858530335999603,2.1,4.48,3.47,0.1378840059996946,0.1239479609994305,0.0081683669995982,1.7826665420094696,4.340311048761368,3.2876739497705665,3.1573626373626382,3.006165312947921
27.90881674100001,2.12,4.5200000000000005,3.47,0.0441836170002716,0.0302832280003713,0.0584547720000045,1.8061838223170976,4.381586470674749,3.2876739497705665,3.1969230769230776,3.016685618729097
27.95914697599983,2.12,4.5200000000000005,3.47,0.0945138520000909,0.0806134630001906,0.1087850069998239,1.8061838223170976,4.381586470674749,3.2876739497705665,3.1969230769230776,3.016685618729097
28.009413365,2.12,4.5200000000000005,3.5,0.0008520689998476,0.130879852000362,0.0152393979997214,1.8061838223170976,4.381586470674749,3.319322219972023,3.173945054945056,3.027974820831343
28.0597205160002,2.12,4.5200000000000005,3.5,0.051159220000045,0.0372104580001177,0.0655465489999187,1.8061838223170976,4.381586470674749,3.319322219972023,3.173945054945056,3.027974820831343
28.11005293299968,2.12,4.5200000000000005,3.5,0.1014916369995262,0.087542874999599,0.1158789659993999,1.8061838223170976,4.381586470674749,3.319322219972023,3.173945054945056,3.027974820831343
28.160181827999622,2.1,4.5200000000000005,3.54,0.0076318279998304,0.1376717699995424,0.0217214869999224,1.7826665420094696,4.381586470674749,3.3614728914569576,3.143000000000001,3.0523521739130435
28.210368359000316,2.1,4.46,3.54,0.057818359000521,0.0439339280001149,0.071908018000613,1.7826665420094696,4.319664338811524,3.3614728914569576,3.083791208791209,3.022876493072145
28.260697536999945,2.1,4.46,3.54,0.1081475370001499,0.0942631059997438,0.1222371960002419,1.7826665420094696,4.319664338811524,3.3614728914569576,3.083791208791209,3.022876493072145
28.310805004999565,2.06,4.48,3.56,0.014316967999548,0.0006431409992728,0.0282071980000182,1.7353673962593628,4.340311048761368,3.3825286399378798,3.087835164835165,3.0584114190157683
28.361099286999888,2.06,4.48,3.56,0.0646112499998707,0.0509374229995955,0.0785014800003409,1.7353673962593628,4.340311048761368,3.3825286399378798,3.087835164835165,3.0584114190157683
28.411389582999615,2.06,4.48,3.56,0.1149015459996007,0.1012277189993255,0.1287917760000709,1.7353673962593628,4.340311048761368,3.3825286399378798,3.087835164835165,3.0584114190157683
28.461723710000115,2.06,4.48,3.56,0.1652356730000974,0.1515618459998222,0.1791259030005676,1.7353673962593628,4.340311048761368,3.3825286399378798,3.087835164835165,3.0584114190157683
28.511827737999734,2.06,4.48,3.56,0.2153397009997206,0.2016658739994454,0.2292299310001908,1.7353673962593628,4.340311048761368,3.3825286399378798,3.087835164835165,3.0584114190157683
28.562165319000087,2.06,4.48,3.56,0.2656772820000697,0.2520034549997945,0.2795675120005398,1.7353673962593628,4.340311048761368,3.3825286399378798,3.087835164835165,3.0584114190157683
28.61248924499978,2.0500000000000003,4.5,3.58,0.0280645530001493,0.0141212429998631,0.0423075270000481,1.7234848418248423,4.36095173098717,3.403571653425266,3.091879120879121,3.080413736263736
28.66280501500023,2.0500000000000003,4.5,3.58,0.0783803230006014,0.0644370130003153,0.0926232970005003,1.7234848418248423,4.36095173098717,3.403571653425266,3.091879120879121,3.080413736263736
28.71308625100028,2.0500000000000003,4.5,3.58,0.1286615590006476,0.1147182490003615,0.1429045330005465,1.7234848418248423,4.36095173098717,3.403571653425266,3.091879120879121,3.080413736263736
28.7634194379998,2.01,4.5200000000000005,3.61,0.0350278469995828,0.0211478279998118,0.0492580419995647,1.675708805252273,4.381586470674749,3.435112807463533,3.088000000000001,3.1195804347826086
28.8135562159996,2.01,4.5200000000000005,3.61,0.0851646249993791,0.0712846059996081,0.099394819999361,1.675708805252273,4.381586470674749,3.435112807463533,3.088000000000001,3.1195804347826086
28.86388208199969,2.01,4.5200000000000005,3.63,0.1354904909994729,0.1216104719997019,0.0056079469995893,1.675708805252273,4.381586470674749,3.4561249977395203,3.0720879120879125,3.1273981127568082
28.9142165129997,2.03,4.5,3.63,0.042170151999926,0.0279950120002467,0.0559423779995995,1.6996470221784288,4.36095173098717,3.4561249977395203,3.0522637362637366,3.108746512183469
28.96436969699971,2.03,4.5,3.63,0.0923233359999358,0.0781481960002565,0.1060955619996093,1.6996470221784288,4.36095173098717,3.4561249977395203,3.0522637362637366,3.108746512183469
29.014680350999697,2.03,4.5,3.62,0.142633989999922,0.1284588500002428,0.0122755699994741,1.6996470221784288,4.36095173098717,3.4456204085766613,3.060230769230769,3.1048322742474923
29.065015383000173,2.0,4.5200000000000005,3.62,0.0488979960000506,0.0350416040000709,0.0626106019999497,1.6637006942355947,4.381586470674749,3.4456204085766613,3.080054945054946,3.127842570473006
29.11537681899972,2.0,4.5200000000000005,3.62,0.0992594319995987,0.085403039999619,0.1129720379994978,1.6637006942355947,4.381586470674749,3.4456204085766613,3.080054945054946,3.127842570473006
29.16573333999986,1.99,4.5200000000000005,3.61,0.005725605000407,0.1357595609997588,0.0195683559995814,1.651665825765006,4.381586470674749,3.435112807463533,3.088000000000001,3.128276086956522
29.21606693400008,1.99,4.5200000000000005,3.61,0.0560591990006287,0.0421561700004531,0.069901949999803,1.651665825765006,4.381586470674749,3.435112807463533,3.088000000000001,3.128276086956522
29.266393125999457,1.99,4.5200000000000005,3.61,0.1063853910000034,0.0924823619998278,0.1202281419991777,1.651665825765006,4.381586470674749,3.435112807463533,3.088000000000001,3.128276086956522
29.316718408999805,2.0,4.5200000000000005,3.65,0.0125169240000104,0.1428076450001754,0.0263536140000724,1.6637006942355947,4.381586470674749,3.477125249397841,3.056087912087913,3.1396176779742
29.367064674000176,2.0,4.46,3.65,0.0628631890003816,0.0486222620002081,0.0766998790004436,1.6637006942355947,4.319664338811524,3.477125249397841,2.9968791208791212,3.1101419971333018
29.417395901999956,2.0,4.46,3.65,0.1131944170001588,0.0989534899999853,0.1270311070002208,1.6637006942355947,4.319664338811524,3.477125249397841,2.9968791208791212,3.1101419971333018
29.46752271999958,2.03,4.48,3.65,0.0193432769992796,0.00507223600016,0.033320325999739,1.6996470221784288,4.340311048761368,3.477125249397841,3.0165274725274736,3.1067821548017207
29.51785528399978,2.03,4.48,3.65,0.0696758409994799,0.0554048000003604,0.0836528899999393,1.6996470221784288,4.340311048761368,3.477125249397841,3.0165274725274736,3.1067821548017207
29.56818482000017,2.03,4.48,3.65,0.1200053769998703,0.1057343360007507,0.1339824260003297,1.6996470221784288,4.340311048761368,3.477125249397841,3.0165274725274736,3.1067821548017207
29.61834456499946,2.02,4.44,3.68,0.0258072759997958,0.0119140999995579,0.0402739920000385,1.6876907299620982,4.299011514290234,3.5086037108798704,2.9531538461538474,3.1035374581939803
29.668665446999512,2.02,4.44,3.68,0.0761281579998467,0.0622349819996088,0.0905948740000894,1.6876907299620982,4.299011514290234,3.5086037108798704,2.9531538461538474,3.1035374581939803
29.719009003999417,2.02,4.44,3.68,0.1264717149997523,0.1125785389995144,0.140938430999995,1.6876907299620982,4.299011514290234,3.5086037108798704,2.9531538461538474,3.1035374581939803
29.769390036000004,2.0500000000000003,4.44,3.68,0.0329254389998823,0.0193265269999756,0.0472358619999795,1.7234848418248423,4.299011514290234,3.5086037108798704,2.9531538461538474,3.0902657190635456
29.819725481000205,2.0500000000000003,4.44,3.68,0.083260884000083,0.0696619720001763,0.0975713070001802,1.7234848418248423,4.299011514290234,3.5086037108798704,2.9531538461538474,3.0902657190635456
29.87006860299971,2.0500000000000003,4.44,3.68,0.1336040059995866,0.1200050939996799,0.0039499579997936,1.7234848418248423,4.299011514290234,3.5086037108798704,2.9531538461538474,3.0902657190635456
29.920190363000074,2.01,4.4,3.68,0.0399502260006556,0.025816393000241,0.0540717180001593,1.675708805252273,4.2576871655865,3.5086037108798704,2.914296703296704,3.0885737935977065
29.9705447260003,2.01,4.4,3.68,0.0903045890008797,0.0761707560004651,0.1044260810003834,1.675708805252273,4.2576871655865,3.5086037108798704,2.914296703296704,3.0885737935977065
30.02068647299984,2.01,4.4,3.67,0.1404463360004229,0.1263125030000083,0.0106020490002265,1.675708805252273,4.2576871655865,3.498113777452071,2.922373626373627,3.0846055661729572
30.07101186699947,1.98,4.37,3.67,0.0466156239999691,0.0327438309996068,0.0609274429998549,1.6396036106327652,4.226677181900695,3.498113777452071,2.8934615384615383,3.083223244147157
30.121374559000287,1.98,4.37,3.67,0.0969783160007864,0.0831065230004242,0.1112901350006723,1.6396036106327652,4.226677181900695,3.498113777452071,2.8934615384615383,3.083223244147157
30.171525613000085,1.98,4.37,3.73,0.0031488550002904,0.1332575770002222,0.0170985230006408,1.6396036106327652,4.226677181900695,3.561011092372502,2.84467032967033,3.1071945771619682
30.22164070100007,1.98,4.37,3.73,0.0532639430002745,0.0396089100004246,0.0672136110006249,1.6396036106327652,4.226677181900695,3.561011092372502,2.84467032967033,3.1071945771619682
30.2719814510001,1.98,4.37,3.73,0.1036046930003067,0.0899496600004567,0.117554361000657,1.6396036106327652,4.226677181900695,3.561011092372502,2.84467032967033,3.1071945771619682
30.32236367599944,1.99,4.37,3.73,0.0101080629992793,0.1403318849997958,0.023971132999577,1.651665825765006,4.226677181900695,3.561011092372502,2.84467032967033,3.1028793597706636
30.37247778500023,1.99,4.33,3.73,0.060222172000067,0.046258403000138,0.0740852420003648,1.651665825765006,4.185307635049066,3.561011092372502,2.806428571428572,3.0838416149068326
30.422587340000064,1.99,4.33,3.73,0.1103317269999024,0.0963679579999734,0.1241947970002002,1.651665825765006,4.185307635049066,3.561011092372502,2.806428571428572,3.0838416149068326
30.4727231199995,1.98,4.33,3.78,0.0164992849995542,0.14650373799941,0.0303429289997438,1.6396036106327652,4.185307635049066,3.613350245962879,2.765164835164836,3.1084298853320598
30.52298784300001,1.98,4.33,3.78,0.0667640080000637,0.1967684609999196,0.0806076520002534,1.6396036106327652,4.185307635049066,3.613350245962879,2.765164835164836,3.1084298853320598
30.573348386999896,1.98,4.33,3.78,0.1171245519999502,0.247129004999806,0.1309681960001398,1.6396036106327652,4.185307635049066,3.613350245962879,2.765164835164836,3.1084298853320598
30.623556296999595,1.98,4.33,3.78,0.1673324619996492,0.2973369149995051,0.1811761059998389,1.6396036106327652,4.185307635049066,3.613350245962879,2.765164835164836,3.1084298853320598
30.673877932999854,1.98,4.33,3.78,0.2176540979999117,0.3476585509997676,0.2314977420001014,1.6396036106327652,4.185307635049066,3.613350245962879,2.765164835164836,3.1084298853320598
30.724231055999557,1.98,4.33,3.78,0.2680072209996069,0.3980116739994628,0.2818508649997966,1.6396036106327652,4.185307635049066,3.613350245962879,2.765164835164836,3.1084298853320598
30.774552494999625,1.93,4.29,3.76,0.0305944309993719,0.0164720040002066,0.0442778090000501,1.578860348479244,4.1439111959596815,3.592422580933373,2.743846153846154,3.102675585284281
30.82487407499957,1.93,4.29,3.76,0.0809160109993172,0.0667935840001519,0.0945993889999954,1.578860348479244,4.1439111959596815,3.592422580933373,2.743846153846154,3.102675585284281
30.87520487999973,1.93,4.29,3.79,0.131246815999475,0.1171243890003097,0.0011910889998034,1.578860348479244,4.1439111959596815,3.623810149552539,2.718956043956044,3.114904204491161
30.925541466999675,1.98,4.2700000000000005,3.79,0.0376320289997238,0.023645987999771,0.0515276759997505,1.6396036106327652,4.123202638726358,3.623810149552539,2.700142857142858,3.084288509316771
30.97567867199996,1.98,4.2700000000000005,3.79,0.0877692340000066,0.0737831930000538,0.1016648810000333,1.6396036106327652,4.123202638726358,3.623810149552539,2.700142857142858,3.084288509316771
31.02594564900028,1.98,4.2700000000000005,3.76,0.1380362110003261,0.1240501700003733,0.0080123560001084,1.6396036106327652,4.123202638726358,3.592422580933373,2.7250329670329676,3.072059890109891
31.07628047799972,1.93,4.2700000000000005,3.76,0.0437590649999037,0.0302684839998619,0.0583471849995476,1.578860348479244,4.123202638726358,3.592422580933373,2.7250329670329676,3.0933098901098908
31.126615934000256,1.93,4.2700000000000005,3.76,0.0940945210004429,0.080603940000401,0.1086826410000867,1.578860348479244,4.123202638726358,3.592422580933373,2.7250329670329676,3.0933098901098908
31.176730701999983,1.93,4.2700000000000005,3.78,0.0009359619998576,0.1307187080001313,0.014591811000173,1.578860348479244,4.123202638726358,3.613350245962879,2.7084615384615387,3.101451505016723
31.226855099000204,1.93,4.21,3.78,0.0510603590000755,0.0365141930005847,0.0647162080003909,1.578860348479244,4.061034350999755,3.613350245962879,2.6525494505494507,3.0736170090778794
31.27698916099962,1.93,4.21,3.78,0.1011944209994908,0.086648255,0.1148502699998061,1.578860348479244,4.061034350999755,3.613350245962879,2.6525494505494507,3.0736170090778794
31.32734556899959,1.93,4.21,3.8,0.0073317279993716,0.1370046629999706,0.0212616199996773,1.578860348479244,4.061034350999755,3.634267464015272,2.6358901098901106,3.0818018155757283
31.37766104099956,1.93,4.15,3.8,0.0576471999993373,0.0436065269996106,0.071577091999643,1.578860348479244,3.99879981994598,3.634267464015272,2.580769230769232,3.0543612040133774
31.42798087600022,1.93,4.15,3.8,0.1079670350000014,0.0939263620002748,0.1218969270003071,1.578860348479244,3.99879981994598,3.634267464015272,2.580769230769232,3.0543612040133774
31.47832307399949,1.93,4.15,3.8,0.1583092329992723,0.1442685599995457,0.172239124999578,1.578860348479244,3.99879981994598,3.634267464015272,2.580769230769232,3.0543612040133774
31.528638846999456,1.93,4.15,3.8,0.208625005999238,0.1945843329995114,0.2225548979995437,1.578860348479244,3.99879981994598,3.634267464015272,2.580769230769232,3.0543612040133774
31.578931686999567,1.93,4.15,3.8,0.2589178459993491,0.2448771729996224,0.2728477379996548,1.578860348479244,3.99879981994598,3.634267464015272,2.580769230769232,3.0543612040133774
31.629222556999597,1.88,4.13,3.85,0.0213068369994289,0.0071679339998809,0.0351241999997,1.517333186877556,3.9780397182532,3.6865159703980663,2.5205384615384614,3.086659364548495
31.67956130899984,1.88,4.13,3.85,0.0716455889996723,0.0575066860001243,0.0854629519999434,1.517333186877556,3.9780397182532,3.6865159703980663,2.5205384615384614,3.086659364548495
31.72968147099982,1.88,4.13,3.85,0.121765750999657,0.107626848000109,0.1355831139999281,1.517333186877556,3.9780397182532,3.6865159703980663,2.5205384615384614,3.086659364548495
31.78000830699966,1.89,4.11,3.85,0.0277467420000903,0.0138496969993866,0.0423223520001556,1.5297058540778354,3.957271787481876,3.6865159703980663,2.502428571428572,3.0735459627329194
31.83013051199941,1.89,4.11,3.85,0.0778689469998425,0.0639719019991389,0.0924445569999079,1.5297058540778354,3.957271787481876,3.6865159703980663,2.502428571428572,3.0735459627329194
31.880457348000164,1.89,4.11,3.85,0.1281957830005922,0.1142987379998885,0.1427713930006575,1.5297058540778354,3.957271787481876,3.6865159703980663,2.502428571428572,3.0735459627329194
31.930778920000197,1.86,4.13,3.86,0.0345732810001209,0.0206532540005355,0.0490766900002199,1.4924811556599296,3.9780397182532,3.696958209122737,2.5120659340659346,3.0989523889154316
31.981116437999844,1.86,4.13,3.86,0.0849107989997719,0.0709907720001865,0.099414207999871,1.4924811556599296,3.9780397182532,3.696958209122737,2.5120659340659346,3.0989523889154316
32.031257020999874,1.86,4.13,3.87,0.1350513819998013,0.1211313550002159,0.0053467079997062,1.4924811556599296,3.9780397182532,3.7073980093860976,2.503571428571428,3.1031257763975155
32.081579925999904,1.88,4.12,3.87,0.0416684990004796,0.0274945930004832,0.0556696129997362,1.517333186877556,3.967656739184981,3.7073980093860976,2.4945054945054945,3.090482083134257
32.13184139399982,1.88,4.12,3.87,0.0919299670003965,0.0777560610004002,0.1059310809996532,1.517333186877556,3.967656739184981,3.7073980093860976,2.4945054945054945,3.090482083134257
32.18216053000015,1.88,4.12,3.87,0.1422491030007222,0.1280751970007259,0.0119388530001742,1.517333186877556,3.967656739184981,3.7073980093860976,2.4945054945054945,3.090482083134257
32.2324973220002,1.88,4.09,3.87,0.0483763239999461,0.0344655870003407,0.062275645000227,1.517333186877556,3.936495903719449,3.7073980093860976,2.4674395604395607,3.0770079550883898
32.282835854999576,1.88,4.09,3.87,0.0987148569993223,0.0848041199997169,0.1126141779996032,1.517333186877556,3.936495903719449,3.7073980093860976,2.4674395604395607,3.0770079550883898
32.333164530999966,1.9,4.09,3.89,0.0050649129998419,0.1351327960001072,0.0187365399997361,1.5420440979427272,3.936495903719449,3.7282703764614498,2.4503846153846154,3.077169732441473
32.38328826699944,1.9,4.03,3.89,0.0551886489993194,0.0415474309993442,0.0688602759992136,1.5420440979427272,3.874119254746813,3.7282703764614498,2.3968461538461536,3.0505168896321075
32.43362118799996,1.9,4.03,3.89,0.105521569999837,0.0918803519998618,0.1191931969997313,1.5420440979427272,3.874119254746813,3.7282703764614498,2.3968461538461536,3.0505168896321075
32.48393887600014,1.85,4.03,3.91,0.0119074320000436,0.1421980400000393,0.0257916139998997,1.4800000000000002,3.874119254746813,3.749133233162033,2.379703296703297,3.0793196846631634
32.53427787799956,1.85,3.97,3.91,0.0622464339994621,0.0483424650001325,0.0761306159993182,1.4800000000000002,3.811666302288279,3.749133233162033,2.326956043956044,3.0530607262302913
32.58462013699955,1.85,3.97,3.91,0.1125886929994521,0.0986847240001225,0.1264728749993082,1.4800000000000002,3.811666302288279,3.749133233162033,2.326956043956044,3.0530607262302913
32.634759863999534,1.89,3.96,3.91,0.019031449999602,0.0048224009997284,0.0326873919993886,1.5297058540778354,3.801249794475496,3.749133233162033,2.3182417582417583,3.0324616579073105
32.684902001999944,1.89,3.96,3.91,0.0691735880000123,0.0549645390001387,0.0828295299997989,1.5297058540778354,3.801249794475496,3.749133233162033,2.3182417582417583,3.0324616579073105
32.73521112900016,1.89,3.96,3.91,0.1194827150002311,0.1052736660003574,0.1331386570000177,1.5297058540778354,3.801249794475496,3.749133233162033,2.3182417582417583,3.0324616579073105
32.785356847,1.89,3.94,3.93,0.0253818529999989,0.0114609560005192,0.0393086740004946,1.5297058540778354,3.780410030671276,3.769986737377202,2.2836483516483517,3.0322836359292884
32.83553660799953,1.89,3.94,3.93,0.0755616139995254,0.0616407170000457,0.0894884350000211,1.5297058540778354,3.780410030671276,3.769986737377202,2.2836483516483517,3.0322836359292884
32.88589369900001,1.89,3.94,3.93,0.1259187050000036,0.1119978080005239,0.1398455260004993,1.5297058540778354,3.780410030671276,3.769986737377202,2.2836483516483517,3.0322836359292884
32.936214846999974,1.88,3.91,3.91,0.0323922939996919,0.0183605600004739,0.0461706610003602,1.517333186877556,3.749133233162033,3.749133233162033,2.275,3.0150326086956523
32.98648197999955,1.88,3.91,3.91,0.082659426999271,0.0686276930000531,0.0964377939999394,1.517333186877556,3.749133233162033,3.749133233162033,2.275,3.0150326086956523
33.0367211519997,1.88,3.91,3.97,0.132898598999418,0.1188668650002,0.0027295079999021,1.517333186877556,3.749133233162033,3.811666302288279,2.2230439560439557,3.0405588389871
33.08704853800009,1.89,3.87,3.97,0.039343911999822,0.0252080600002955,0.0530568940002922,1.5297058540778354,3.7073980093860976,3.811666302288279,2.1888461538461534,3.0194364548494987
33.137369449999824,1.89,3.87,3.97,0.0896648239995556,0.0755289720000291,0.1033778060000258,1.5297058540778354,3.7073980093860976,3.811666302288279,2.1888461538461534,3.0194364548494987
33.187688576000255,1.89,3.87,3.97,0.1399839499999871,0.1258480980004606,0.0097512610000194,1.5297058540778354,3.7073980093860976,3.811666302288279,2.1888461538461534,3.0194364548494987
33.23802173199965,1.92,3.85,3.97,0.0461195959996985,0.031844438999542,0.0600844169994161,1.566620566697629,3.6865159703980663,3.811666302288279,2.17187912087912,2.9985659101767803
33.28816465,1.92,3.85,3.97,0.0962625140000454,0.081987356999889,0.1102273349997631,1.566620566697629,3.6865159703980663,3.811666302288279,2.17187912087912,2.9985659101767803
33.33847865000007,1.89,3.85,3.97,0.0026523070000621,0.1323013569999602,0.0165188410001064,1.5297058540778354,3.6865159703980663,3.811666302288279,2.17187912087912,3.0109898232202585
33.38880051999968,1.89,3.84,3.97,0.052974176999669,0.0387365209999188,0.0668407109997133,1.5297058540778354,3.676071272432024,3.811666302288279,2.163428571428571,3.0067829192546585
33.4389637510003,1.89,3.84,3.97,0.1031374080002933,0.0888997520005432,0.1170039420003377,1.5297058540778354,3.676071272432024,3.811666302288279,2.163428571428571,3.0067829192546585
33.48923453799944,1.87,3.84,4.010000000000001,0.0094435129994963,0.1391705389996786,0.0233556769999268,1.5049252473129684,3.676071272432024,3.853310265213535,2.128351648351648,3.0321902771141906
33.53956578599991,1.87,3.84,4.010000000000001,0.0597747609999714,0.0457420169996112,0.0736869250004019,1.5049252473129684,3.676071272432024,3.853310265213535,2.128351648351648,3.0321902771141906
33.58988303699971,1.87,3.84,4.010000000000001,0.1100920119997681,0.0960592679994079,0.1240041760001986,1.5049252473129684,3.676071272432024,3.853310265213535,2.128351648351648,3.0321902771141906
33.640225301999635,1.86,3.76,4.010000000000001,0.016460224000184,0.0022321179994833,0.030389443999411,1.4924811556599296,3.592422580933374,3.853310265213535,2.0615384615384613,3.002983277591974
33.69055917900005,1.86,3.76,4.010000000000001,0.0667941010005961,0.0525659949998953,0.080723320999823,1.4924811556599296,3.592422580933374,3.853310265213535,2.0615384615384613,3.002983277591974
33.74070177900012,1.86,3.76,4.010000000000001,0.1169367010006681,0.1027085949999673,0.130865920999895,1.4924811556599296,3.592422580933374,3.853310265213535,2.0615384615384613,3.002983277591974
33.79103803999988,1.88,3.77,4.03,0.0230860259998735,0.0090688489999593,0.0372437269998044,1.517333186877556,3.602887730696031,3.874119254746813,2.0521428571428566,3.0076537267080736
33.84116542799984,1.88,3.77,4.03,0.0732134139998379,0.0591962369999237,0.0873711149997689,1.517333186877556,3.602887730696031,3.874119254746813,2.0521428571428566,3.0076537267080736
33.89132060300017,1.88,3.77,4.03,0.1233685890001652,0.109351412000251,0.1375262900000962,1.517333186877556,3.602887730696031,3.874119254746813,2.0521428571428566,3.0076537267080736
33.9416400909995,1.86,3.77,4.07,0.029628536999553,0.015698983999755,0.0440034449993618,1.4924811556599296,3.602887730696031,3.915711940375594,2.0165384615384614,3.0332767558528433
33.99197336299949,1.86,3.77,4.07,0.0799618089995419,0.0660322559997439,0.0943367169993507,1.4924811556599296,3.602887730696031,3.915711940375594,2.0165384615384614,3.0332767558528433
34.04208201500023,1.86,3.77,4.090000000000001,0.1300704610002867,0.1161409080004887,0.0003725610004039,1.4924811556599296,3.602887730696031,3.93649590371945,1.9986043956043944,3.04208784042045
34.09221765300026,1.88,3.73,4.090000000000001,0.0362457900000663,0.0223119750007754,0.0505081990004327,1.517333186877556,3.561011092372502,3.93649590371945,1.9656373626373618,3.0175455566172955
34.14254403199993,1.88,3.73,4.090000000000001,0.0865721689997371,0.0726383540004462,0.1008345780001036,1.517333186877556,3.561011092372502,3.93649590371945,1.9656373626373618,3.0175455566172955
34.19283476599958,1.88,3.73,4.130000000000001,0.1368629029993826,0.1229290880000917,0.0068117840000923,1.517333186877556,3.561011092372502,3.978039718253201,1.9295054945054935,3.0352973005255612
34.2431834150002,1.94,3.7,4.130000000000001,0.0434907090002525,0.0293183840003621,0.0571604330007176,1.5910688231500232,3.529575045242699,3.978039718253201,1.9050109890109883,2.998190253225036
34.29353105199971,1.94,3.7,4.130000000000001,0.0938383459997567,0.0796660209998663,0.1075080700002217,1.5910688231500232,3.529575045242699,3.978039718253201,1.9050109890109883,2.998190253225036
34.34366547799982,1.94,3.7,4.11,0.14397277199987,0.1298004469999796,0.0136544650003997,1.5910688231500232,3.529575045242699,3.957271787481876,1.9231208791208785,2.989292785475395
34.393979233999744,1.9,3.72,4.11,0.0498147279995464,0.0361745649997828,0.0639682210003229,1.5420440979427272,3.5505351709284616,3.957271787481876,1.939428571428571,3.0141068322981375
34.44414555399999,1.9,3.72,4.11,0.0999810479997904,0.0863408850000269,0.1141345410005669,1.5420440979427272,3.5505351709284616,3.957271787481876,1.939428571428571,3.0141068322981375
34.49446882000029,1.9,3.72,4.11,0.1503043140000954,0.1366641510003319,0.1644578070008719,1.5420440979427272,3.5505351709284616,3.957271787481876,1.939428571428571,3.0141068322981375
34.54480823199992,1.9,3.72,4.11,0.2006437259997255,0.187003562999962,0.214797219000502,1.5420440979427272,3.5505351709284616,3.957271787481876,1.939428571428571,3.0141068322981375
34.59514427199974,1.9,3.72,4.11,0.2509797659995456,0.237339602999782,0.2651332590003221,1.5420440979427272,3.5505351709284616,3.957271787481876,1.939428571428571,3.0141068322981375
34.64532176299963,1.92,3.72,4.15,0.0137016130001939,0.2875170939996678,0.0273859680000896,1.566620566697629,3.5505351709284616,3.99879981994598,1.9031208791208787,3.023640611562351
34.69563448000008,1.92,3.7,4.15,0.0640143300006457,0.0498124240002653,0.0776986850005414,1.566620566697629,3.529575045242699,3.99879981994598,1.8868131868131865,3.015522216913521
34.745963219999794,1.92,3.7,4.15,0.1143430700003591,0.1001411639999787,0.1280274250002548,1.566620566697629,3.529575045242699,3.99879981994598,1.8868131868131865,3.015522216913521
34.7962807089998,1.94,3.65,4.180000000000001,0.020466574999773,0.0065603550001469,0.0343965989995922,1.5910688231500232,3.477125249397841,4.029925557625104,1.8189670329670322,3.000518370759676
34.84641677699983,1.94,3.65,4.180000000000001,0.0706026429998019,0.0566964230001758,0.0845326669996211,1.5910688231500232,3.477125249397841,4.029925557625104,1.8189670329670322,3.000518370759676
34.89672788799999,1.94,3.65,4.180000000000001,0.1209137539999574,0.1070075340003313,0.1348437779997766,1.5910688231500232,3.477125249397841,4.029925557625104,1.8189670329670322,3.000518370759676
34.947098734000065,1.94,3.65,4.2,0.0273440890005076,0.0134120930006247,0.0414224719997946,1.5910688231500232,3.477125249397841,4.050666611806013,1.8005494505494501,3.0095670090778794
34.99743061499976,1.94,3.65,4.2,0.0776759700002003,0.0637439740003174,0.0917543529994873,1.5910688231500232,3.477125249397841,4.050666611806013,1.8005494505494501,3.0095670090778794
35.047748275999766,1.94,3.65,4.2,0.1279936310002085,0.1140616350003256,0.1420720139994955,1.5910688231500232,3.477125249397841,4.050666611806013,1.8005494505494501,3.0095670090778794
35.09811096700014,1.93,3.62,4.220000000000001,0.0343984589999308,0.0204030430004422,0.0483340410000892,1.578860348479244,3.4456204085766613,4.071400250528067,1.7580769230769218,3.0109339464882945
35.148451830999875,1.93,3.62,4.220000000000001,0.0847393229996669,0.0707439070001783,0.0986749049998252,1.578860348479244,3.4456204085766613,4.071400250528067,1.7580769230769218,3.0109339464882945
35.198781795000286,1.93,3.62,4.220000000000001,0.1350692870000784,0.1210738710005898,0.0050411560005159,1.578860348479244,3.4456204085766613,4.071400250528067,1.7580769230769218,3.0109339464882945
35.24908790399968,1.98,3.62,4.220000000000001,0.0417337110002336,0.0276082689997565,0.0553472649999093,1.6396036106327652,3.4456204085766613,4.071400250528067,1.7580769230769218,2.989683946488295
35.29942224600018,1.98,3.62,4.220000000000001,0.0920680530007302,0.0779426110002532,0.105681607000406,1.6396036106327652,3.4456204085766613,4.071400250528067,1.7580769230769218,2.989683946488295
35.34976218199972,1.98,3.62,4.24,0.1424079890002758,0.1282825469997988,0.0120483599994258,1.6396036106327652,3.4456204085766613,4.092126586507314,1.7394835164835158,2.9988189679885338
35.39990679099992,1.95,3.56,4.24,0.0482277920000342,0.0340156350002871,0.062192968999625,1.6032467059064863,3.3825286399378798,4.092126586507314,1.6921428571428567,2.988066770186336
35.450115751999874,1.95,3.56,4.24,0.0984367529999872,0.0842245960002401,0.1124019299995779,1.6032467059064863,3.3825286399378798,4.092126586507314,1.6921428571428567,2.988066770186336
35.50043777100018,1.95,3.56,4.28,0.0048434840000481,0.134546615000545,0.0187405380002019,1.6032467059064863,3.3825286399378798,4.133557789604495,1.654692307692308,3.0064663879598665
35.55076094600008,1.95,3.56,4.28,0.0551666589999513,0.0410765639999226,0.069063713000105,1.6032467059064863,3.3825286399378798,4.133557789604495,1.654692307692308,3.0064663879598665
35.60111040999982,1.95,3.56,4.28,0.1055161229996883,0.0914260279996597,0.1194131769998421,1.6032467059064863,3.3825286399378798,4.133557789604495,1.654692307692308,3.0064663879598665
35.65140158200029,1.98,3.56,4.28,0.0118094090003069,0.1417172000001301,0.0256737750005413,1.6396036106327652,3.3825286399378798,4.133557789604495,1.654692307692308,2.993651170568562
35.70171674499943,1.98,3.5700000000000003,4.28,0.0621245719994476,0.0478723819996957,0.0759889379996821,1.6396036106327652,3.393051723743686,4.133557789604495,1.6625274725274721,2.997551720019111
35.75206684600016,1.98,3.5700000000000003,4.28,0.1124746730001788,0.098222483000427,0.1263390390004133,1.6396036106327652,3.393051723743686,4.133557789604495,1.6625274725274721,2.997551720019111
35.80239759799952,1.97,3.54,4.28,0.018679654999687,0.0046095019997665,0.0327658969999902,1.627513440804714,3.3614728914569576,4.133557789604495,1.6390879120879116,2.990176373626374
35.85273117899942,1.97,3.54,4.28,0.0690132359995914,0.0549430829996708,0.0830994779998945,1.627513440804714,3.3614728914569576,4.133557789604495,1.6390879120879116,2.990176373626374
35.902872661999936,1.97,3.54,4.28,0.1191547190001074,0.1050845660001869,0.1332409610004106,1.627513440804714,3.3614728914569576,4.133557789604495,1.6390879120879116,2.990176373626374
35.953210200000285,1.99,3.52,4.32,0.0253691060006531,0.0114571440008148,0.039795568000045,1.651665825765006,3.3404041671630096,4.174961077662881,1.58576923076923,2.9924155518394655
36.00330608100012,1.99,3.52,4.32,0.0754649870004868,0.0615530250006486,0.0898914489998787,1.651665825765006,3.3404041671630096,4.174961077662881,1.58576923076923,2.9924155518394655
36.053644695,1.99,3.52,4.32,0.1258036010003707,0.1118916390005324,0.1402300629997626,1.651665825765006,3.3404041671630096,4.174961077662881,1.58576923076923,2.9924155518394655
36.10398203299974,1.98,3.46,4.340000000000001,0.0322784290001436,0.0183366479996038,0.0464151039996068,1.6396036106327652,3.2771176359721967,4.195652511826975,1.5207142857142846,2.9831708074534165
36.15435285100011,1.98,3.46,4.340000000000001,0.0826492470005177,0.068707465999978,0.0967859219999809,1.6396036106327652,3.2771176359721967,4.195652511826975,1.5207142857142846,2.9831708074534165
36.20450087900008,1.98,3.46,4.380000000000001,0.1327972750004846,0.1188554939999448,0.002893374999985,1.6396036106327652,3.2771176359721967,4.237015459023015,1.4823846153846143,3.0020023411371244
36.25483028999952,2.01,3.47,4.380000000000001,0.0392081359996154,0.0251616059995285,0.0532227859994236,1.675708805252273,3.287673949770567,4.237015459023015,1.4899999999999989,2.9927826086956535
36.30515380699944,2.01,3.47,4.380000000000001,0.0895316529995398,0.0754851229994528,0.1035463029993479,1.675708805252273,3.287673949770567,4.237015459023015,1.4899999999999989,2.9927826086956535
36.35547161700015,2.01,3.47,4.4,0.139849463000246,0.1258029330001591,0.0096471970000493,1.675708805252273,3.287673949770567,4.2576871655865,1.470703296703296,3.0022631629240335
36.4057580890003,2.02,3.46,4.4,0.046031598000809,0.0323124710002957,0.0599336690002019,1.6876907299620982,3.2771176359721967,4.2576871655865,1.4630879120879114,2.9940915910176793
36.4560890519997,2.02,3.46,4.4,0.0963625610002054,0.0826434339996922,0.1102646319995983,1.6876907299620982,3.2771176359721967,4.2576871655865,1.4630879120879114,2.9940915910176793
36.50623086699943,2.03,3.46,4.41,0.0025481859993305,0.1327852489994256,0.0164799809999749,1.6996470221784288,3.2771176359721967,4.268020618506898,1.4534065934065927,2.9944458910654563
36.55652286300028,2.03,3.45,4.41,0.0528401820001818,0.0390395000003991,0.0667719770008261,1.6996470221784288,3.266557821315888,4.268020618506898,1.4458131868131863,2.9906656951743913
36.606817353000224,2.03,3.45,4.41,0.1031346720001238,0.0893339900003411,0.1170664670007681,1.6996470221784288,3.266557821315888,4.268020618506898,1.4458131868131863,2.9906656951743913
36.65714210999977,2.03,3.45,4.430000000000001,0.0094749740001134,0.1396587469998849,0.0236082760002318,1.6996470221784288,3.266557821315888,4.288682781460993,1.4263846153846151,3.0002110367892985
36.70746889200018,2.03,3.43,4.430000000000001,0.0598017560005246,0.0458993810007086,0.073935058000643,1.6996470221784288,3.245427552727067,4.288682781460993,1.411263736263736,2.9926834687052075
36.75776489599957,2.03,3.43,4.430000000000001,0.1100977599999168,0.0961953850001009,0.1242310620000353,1.6996470221784288,3.245427552727067,4.288682781460993,1.411263736263736,2.9926834687052075
36.80790921700009,2.02,3.44,4.470000000000001,0.0163226760005272,0.0023543739998785,0.0301848500002961,1.6876907299620982,3.255994471739778,4.329988452640492,1.3796923076923067,3.020064214046823
36.85824319599942,2.02,3.44,4.470000000000001,0.0666566549998606,0.0526883529992119,0.0805188289996294,1.6876907299620982,3.255994471739778,4.329988452640492,1.3796923076923067,3.020064214046823
36.90847517200018,2.02,3.44,4.470000000000001,0.11688863100062,0.1029203289999713,0.1307508050003889,1.6876907299620982,3.255994471739778,4.329988452640492,1.3796923076923067,3.020064214046823
36.95859375700002,2.0700000000000003,3.39,4.470000000000001,0.0232261549999748,0.0090596170002754,0.0368873639999947,1.7472263734273248,3.2031234756093934,4.329988452640492,1.342164835164834,2.979153798375538
37.00867925500006,2.0700000000000003,3.39,4.470000000000001,0.0733116530000188,0.0591451150003194,0.0869728620000387,1.7472263734273248,3.2031234756093934,4.329988452640492,1.342164835164834,2.979153798375538
37.05878854699949,2.0700000000000003,3.39,4.470000000000001,0.1234209449994523,0.1092544069997529,0.1370821539994722,1.7472263734273248,3.2031234756093934,4.329988452640492,1.342164835164834,2.979153798375538
37.10892402799982,2.1,3.41,4.49,0.0293608279998807,0.015425839999807,0.0434692589997212,1.7826665420094696,3.22428286600292,4.350632137977193,1.3374175824175822,2.9826709268991887
37.159191329999885,2.1,3.41,4.49,0.0796281299999464,0.0656931419998727,0.0937365609997868,1.7826665420094696,3.22428286600292,4.350632137977193,1.3374175824175822,2.9826709268991887
37.20942254500005,2.1,3.41,4.49,0.1298593450001135,0.1159243570000398,0.143967775999954,1.7826665420094696,3.22428286600292,4.350632137977193,1.3374175824175822,2.9826709268991887
37.2597766910003,2.0900000000000003,3.38,4.53,0.0362249480003811,0.0220477800003209,0.0498235040004146,1.7708754896942926,3.1925381751828743,4.391901638242824,1.2753846153846151,2.9955610367892973
37.310106971000096,2.0900000000000003,3.38,4.53,0.0865552280001793,0.0723780600001191,0.1001537840002129,1.7708754896942926,3.1925381751828743,4.391901638242824,1.2753846153846151,2.9955610367892973
37.36044335499992,2.0900000000000003,3.38,4.53,0.1368916119999994,0.1227144439999392,0.0068669760003103,1.7708754896942926,3.1925381751828743,4.391901638242824,1.2753846153846151,2.9955610367892973
37.41077750000022,2.1,3.37,4.53,0.043578587000411,0.0292795550003575,0.0572011210006166,1.7826665420094696,3.1819490882162147,4.391901638242824,1.2679670329670332,2.9873140229335875
37.46089109100012,2.1,3.37,4.53,0.0936921780003103,0.0793931460002568,0.107314712000516,1.7826665420094696,3.1819490882162147,4.391901638242824,1.2679670329670332,2.9873140229335875
37.51102140100011,2.1,3.37,4.53,0.1438224880002963,0.1295234560002427,0.1574450220005019,1.7826665420094696,3.1819490882162147,4.391901638242824,1.2679670329670332,2.9873140229335875
37.56138013300006,2.1,3.37,4.53,0.1941812200002459,0.1798821880001924,0.2078037540004516,1.7826665420094696,3.1819490882162147,4.391901638242824,1.2679670329670332,2.9873140229335875
37.61171028999979,2.1,3.37,4.53,0.2445113769999807,0.2302123449999271,0.2581339110001863,1.7826665420094696,3.1819490882162147,4.391901638242824,1.2679670329670332,2.9873140229335875
37.66203541100003,2.13,3.37,4.61,0.0063247400003092,0.2805374660001689,0.0205218400005833,1.8179108889051736,3.1819490882162147,4.474371464239419,1.187615384615384,3.012997658862876
37.71239818599952,2.13,3.37,4.61,0.056687514999794,0.0428917029994408,0.0708846150000681,1.8179108889051736,3.1819490882162147,4.474371464239419,1.187615384615384,3.012997658862876
37.76269823700022,2.13,3.37,4.61,0.1069875660004981,0.093191754000145,0.1211846660007722,1.8179108889051736,3.1819490882162147,4.474371464239419,1.187615384615384,3.012997658862876
37.813035131000106,2.13,3.37,4.630000000000001,0.0133552490005968,0.1435286480000286,0.0278429930003767,1.8179108889051736,3.1819490882162147,4.494974972121648,1.167307692307691,3.0229749163879602
37.86336099999971,2.13,3.33,4.630000000000001,0.0636811180002041,0.0497428869994109,0.078168861999984,1.8179108889051736,3.1395541084682708,4.494974972121648,1.1378571428571416,3.0083136645962743
37.91370006899979,2.13,3.33,4.630000000000001,0.1140201870002783,0.1000819559994852,0.1285079310000583,1.8179108889051736,3.1395541084682708,4.494974972121648,1.1378571428571416,3.0083136645962743
37.96383022899954,2.15,3.33,4.66,0.0201206839992664,0.006254942999476,0.0341918969998005,1.8413038858374249,3.1395541084682708,4.525870082094713,1.1072307692307688,3.01405618729097
38.01415674599957,2.15,3.33,4.66,0.0704472009992969,0.0565814599995064,0.0845184139998309,1.8413038858374249,3.1395541084682708,4.525870082094713,1.1072307692307688,3.01405618729097
38.06447546500021,2.15,3.33,4.66,0.1207659199999398,0.1069001790001493,0.1348371330004738,1.8413038858374249,3.1395541084682708,4.525870082094713,1.1072307692307688,3.01405618729097
38.11479511200014,2.21,3.3400000000000003,4.66,0.0271932760006166,0.0132304670005396,0.0417772780001541,1.9110206696946008,3.150158726159684,4.525870082094713,1.1145604395604398,2.9892703057811754
38.1650888639997,2.21,3.3400000000000003,4.66,0.0774870280001778,0.0635242190001008,0.0920710299997153,1.9110206696946008,3.150158726159684,4.525870082094713,1.1145604395604398,2.9892703057811754
38.21542149600009,2.21,3.3400000000000003,4.66,0.1278196600005685,0.1138568510004915,0.1424036620001061,1.9110206696946008,3.150158726159684,4.525870082094713,1.1145604395604398,2.9892703057811754
38.26573708500018,2.19,3.37,4.680000000000001,0.0343697500002235,0.0202336500005912,0.048067522000565,1.887855926706273,3.1819490882162147,4.546460161488277,1.116153846153845,3.019933110367894
38.31607631999941,2.19,3.37,4.680000000000001,0.0847089849994517,0.0705728849998195,0.0984067569997932,1.887855926706273,3.1819490882162147,4.546460161488277,1.116153846153845,3.019933110367894
38.36640878300023,2.19,3.37,4.680000000000001,0.1350414480002655,0.1209053480006332,0.0047805430003791,1.887855926706273,3.1819490882162147,4.546460161488277,1.116153846153845,3.019933110367894
38.41673782899943,2.21,3.35,4.680000000000001,0.0413571179997234,0.027261601999271,0.0551095889995849,1.9110206696946008,3.160759402422145,4.546460161488277,1.1013846153846136,3.0030153846153858
38.46711729100025,2.21,3.35,4.680000000000001,0.0917365800005427,0.0776410640000904,0.1054890510004042,1.9110206696946008,3.160759402422145,4.546460161488277,1.1013846153846136,3.0030153846153858
38.51746039599948,2.21,3.35,4.680000000000001,0.1420796849997714,0.127984168999319,0.0118741429996589,1.9110206696946008,3.160759402422145,4.546460161488277,1.1013846153846136,3.0030153846153858
38.56778740299978,2.21,3.3200000000000003,4.680000000000001,0.0482620370003132,0.0346394150001287,0.0622011499999644,1.9110206696946008,3.128945509273052,4.546460161488277,1.0793956043956032,2.992068681318681
38.61811419999958,2.21,3.3200000000000003,4.680000000000001,0.098588834000111,0.0849662119999266,0.1125279469997622,1.9110206696946008,3.128945509273052,4.546460161488277,1.0793956043956032,2.992068681318681
38.668441631999485,2.23,3.3200000000000003,4.7,0.0049585609995119,0.1352936439998302,0.0188850309996269,1.9341147845978528,3.128945509273052,4.567044996493904,1.0587802197802185,2.9925449354992844
38.71877926399975,2.23,3.31,4.7,0.0552961929997763,0.0415694499997698,0.0692226629998913,1.9341147845978528,3.118332887938682,4.567044996493904,1.0514945054945044,2.9889179168657436
38.76889138699971,2.23,3.31,4.7,0.1054083159997389,0.0916815729997324,0.1193347859998539,1.9341147845978528,3.118332887938682,4.567044996493904,1.0514945054945044,2.9889179168657436
38.8189962030001,2.24,3.31,4.7,0.0115156950005257,0.1417863890001172,0.025457372999881,1.945636142756399,3.118332887938682,4.567044996493904,1.0514945054945044,2.984059221213569
38.86934565199954,2.24,3.3200000000000003,4.7,0.0618651439999666,0.0482192700001178,0.0758068219993219,1.945636142756399,3.128945509273052,4.567044996493904,1.0587802197802185,2.98768623984711
38.919686729000205,2.24,3.3200000000000003,4.7,0.1122062210006333,0.0985603470007845,0.1261478989999886,1.945636142756399,3.128945509273052,4.567044996493904,1.0587802197802185,2.98768623984711
38.97002983399943,2.25,3.3200000000000003,4.7,0.0186142359998484,0.0046755089997532,0.0325345589999415,1.957140771636011,3.128945509273052,4.567044996493904,1.0587802197802185,2.982805805064501
39.02035401800004,2.25,3.3200000000000003,4.7,0.0689384200004497,0.0549996930003544,0.0828587430005427,1.957140771636011,3.128945509273052,4.567044996493904,1.0587802197802185,2.982805805064501
39.07069030999992,2.25,3.3200000000000003,4.7,0.1192747120003332,0.105335985000238,0.1331950350004263,1.957140771636011,3.128945509273052,4.567044996493904,1.0587802197802185,2.982805805064501
39.12102576500001,2.25,3.3000000000000003,4.680000000000001,0.025639033000516,0.0119724400001359,0.0395675999998275,1.957140771636011,3.107716203259236,4.546460161488277,1.0648461538461529,2.965434280936455
39.17137700300009,2.25,3.3000000000000003,4.680000000000001,0.0759902710005917,0.0623236780002116,0.0899188379999031,1.957140771636011,3.107716203259236,4.546460161488277,1.0648461538461529,2.965434280936455
39.22171107899976,2.25,3.3000000000000003,4.680000000000001,0.1263243470002635,0.1126577539998834,0.1402529139995749,1.957140771636011,3.107716203259236,4.546460161488277,1.0648461538461529,2.965434280936455
39.27204792199973,2.23,3.31,4.680000000000001,0.0326852569996845,0.01896983000006,0.0468008950001603,1.9341147845978528,3.118332887938682,4.546460161488277,1.0721098901098889,2.978789488772098
39.32237227299993,2.23,3.31,4.680000000000001,0.0830096079998838,0.0692941810002594,0.0971252460003597,1.9341147845978528,3.118332887938682,4.546460161488277,1.0721098901098889,2.978789488772098
39.37270352699943,2.23,3.31,4.680000000000001,0.1333408619993861,0.1196254349997616,0.0033095099997808,1.9341147845978528,3.118332887938682,4.546460161488277,1.0721098901098889,2.978789488772098
39.42303009599982,2.27,3.27,4.680000000000001,0.0397701900001266,0.0254421749996254,0.0536360790001708,1.980101007524616,3.075841348314311,4.546460161488277,1.0431868131868123,2.9448256091734355
39.47338231599952,2.27,3.27,4.680000000000001,0.0901224099998216,0.0757943949993205,0.1039882989998659,1.980101007524616,3.075841348314311,4.546460161488277,1.0431868131868123,2.9448256091734355
39.5235666589997,2.27,3.27,4.65,0.1403067530000044,0.1259787379995032,0.0101950270000088,1.980101007524616,3.075841348314311,4.515573053334427,1.0739450549450544,2.9297139512661254
39.57386036600019,2.28,3.26,4.65,0.0466167060003499,0.032338573000743,0.0604887340005007,1.9915571796963296,3.0652079864178874,4.515573053334427,1.0667692307692302,2.921195986622074
39.624195897999925,2.28,3.26,4.65,0.0969522380000853,0.0826741050004784,0.1108242660002361,1.9915571796963296,3.0652079864178874,4.515573053334427,1.0667692307692302,2.921195986622074
39.67452246399989,2.28,3.26,4.630000000000001,0.0029672390000996,0.1330006710004454,0.0175118910001401,1.9915571796963296,3.0652079864178874,4.494974972121648,1.087164835164834,2.9111755375059727
39.72483861099954,2.28,3.17,4.630000000000001,0.0532833859997481,0.0393700739996347,0.0678280379997886,1.9915571796963296,2.9693096840848376,4.494974972121648,1.0235714285714272,2.8795170807453423
39.77518455799964,2.28,3.17,4.630000000000001,0.1036293329998443,0.0897160209997309,0.1181739849998848,1.9915571796963296,2.9693096840848376,4.494974972121648,1.0235714285714272,2.8795170807453423
39.825485679999474,2.36,3.17,4.61,0.0099399020000419,0.140017142999568,0.0242253329997765,2.082666559965853,2.9693096840848376,4.474371464239419,1.04387912087912,2.8291919971333015
39.87564882300012,2.36,3.14,4.61,0.0601030450006874,0.046195921000617,0.074388476000422,2.082666559965853,2.937260628544903,4.474371464239419,1.0230769230769223,2.818836120401338
39.92597590399964,2.36,3.14,4.61,0.1104301260002103,0.0965230020001399,0.1247155569999449,2.082666559965853,2.937260628544903,4.474371464239419,1.0230769230769223,2.818836120401338
39.976119637999545,2.41,3.0900000000000003,4.61,0.0166133530001388,0.0028396339994287,0.0309402809998573,2.1391587131393504,2.8837475617675,4.474371464239419,0.9888461538461536,2.775871237458194
40.02644474699992,2.41,3.0900000000000003,4.61,0.0669384620005075,0.0531647429997974,0.081265390000226,2.1391587131393504,2.8837475617675,4.474371464239419,0.9888461538461536,2.775871237458194
40.07679231800012,2.41,3.0900000000000003,4.61,0.1172860330007097,0.1035123139999996,0.1316129610004281,2.1391587131393504,2.8837475617675,4.474371464239419,0.9888461538461536,2.775871237458194
40.12713784599964,2.41,3.0900000000000003,4.61,0.0236771939999016,0.0097675489996618,0.0381894499996633,2.1391587131393504,2.8837475617675,4.474371464239419,0.9888461538461536,2.775871237458194
40.17745270799969,2.41,3.0900000000000003,4.61,0.0739920559999518,0.060082410999712,0.0885043119997135,2.1391587131393504,2.8837475617675,4.474371464239419,0.9888461538461536,2.775871237458194
40.22775683799955,2.41,3.0900000000000003,4.61,0.1242961859998104,0.1103865409995705,0.1388084419995721,2.1391587131393504,2.8837475617675,4.474371464239419,0.9888461538461536,2.775871237458194
40.27809933699973,2.45,3.04,4.61,0.0306722659997831,0.0167540960001133,0.0448276070001156,2.184124538573751,2.830106005081788,4.474371464239419,0.9551648351648342,2.737973363592929
40.328438742999424,2.45,3.04,4.61,0.0810116719994766,0.0670935019998069,0.0951670129998092,2.184124538573751,2.830106005081788,4.474371464239419,0.9551648351648342,2.737973363592929
40.37857543999962,2.45,3.04,4.550000000000001,0.1311483689996748,0.117230199000005,0.0011075080001319,2.184124538573751,2.830106005081788,4.412527620310156,1.015560439560438,2.7083007405637844
40.42887070500001,2.48,3.02,4.550000000000001,0.0374974149999616,0.0236334860001079,0.0514027730005182,2.217724058578975,2.8086117567225277,4.412527620310156,1.0022417582417575,2.6855942666029624
40.47920197100029,2.48,3.02,4.550000000000001,0.0878286810002464,0.0739647520003927,0.101734039000803,2.217724058578975,2.8086117567225277,4.412527620310156,1.0022417582417575,2.6855942666029624
40.529482113000086,2.48,3.02,4.550000000000001,0.1381088230000386,0.124244894000185,0.1520141810005952,2.217724058578975,2.8086117567225277,4.412527620310156,1.0022417582417575,2.6855942666029624
40.57977364899944,2.48,3.02,4.550000000000001,0.1884003589993881,0.1745364299995344,0.2023057169999447,2.217724058578975,2.8086117567225277,4.412527620310156,1.0022417582417575,2.6855942666029624
40.63011426699995,2.48,3.02,4.550000000000001,0.2387409769999067,0.224877048000053,0.2526463350004633,2.217724058578975,2.8086117567225277,4.412527620310156,1.0022417582417575,2.6855942666029624
40.680213929000274,2.49,3.02,4.510000000000001,0.0009367340007884,0.2749767100003737,0.0148515350001616,2.228901074520805,2.8086117567225277,4.371269838387926,1.042065934065934,2.6606263019589114
40.73051855199992,2.49,2.98,4.510000000000001,0.0512413570004355,0.0375497590002851,0.0651561579998087,2.228901074520805,2.765556001964162,4.371269838387926,1.0156923076923068,2.647496822742475
40.78085376800027,2.49,2.98,4.510000000000001,0.1015765730007842,0.0878849750006338,0.1154913740001575,2.228901074520805,2.765556001964162,4.371269838387926,1.0156923076923068,2.647496822742475
40.83120724699984,2.51,2.98,4.550000000000001,0.0079908649995559,0.1382384540002021,0.0218700699997498,2.251221890440833,2.765556001964162,4.412527620310156,0.9758681318681305,2.6561930482560925
40.881347652999466,2.51,2.94,4.550000000000001,0.0581312709991834,0.0441617909991691,0.0720104759993773,2.251221890440833,2.722407023205751,4.412527620310156,0.9498461538461526,2.6432386287625427
40.93147824300013,2.51,2.94,4.550000000000001,0.1082618609998462,0.0942923809998319,0.1221410660000401,2.251221890440833,2.722407023205751,4.412527620310156,0.9498461538461526,2.6432386287625427
40.98158375899948,2.57,2.9,4.470000000000001,0.0146721239998441,0.0008233509997808,0.0283186090000526,2.3179301111120667,2.6791603162184976,4.329988452640492,1.0034725274725267,2.5583700191113237
41.031724300999485,2.57,2.9,4.470000000000001,0.0648126659998524,0.050963892999789,0.0784591510000609,2.3179301111120667,2.6791603162184976,4.329988452640492,1.0034725274725267,2.5583700191113237
41.08200049700008,2.57,2.9,4.470000000000001,0.1150888620004479,0.1012400890003846,0.1287353470006564,2.3179301111120667,2.6791603162184976,4.329988452640492,1.0034725274725267,2.5583700191113237
41.13212679699973,2.62,2.89,4.470000000000001,0.0209759930003201,0.007053440999698,0.0348990470001808,2.3732467212660384,2.6683328128252666,4.329988452640492,0.997109890109889,2.526996010511228
41.182463940999696,2.62,2.89,4.470000000000001,0.0713131370002884,0.0573905849996663,0.0852361910001491,2.3732467212660384,2.6683328128252666,4.329988452640492,0.997109890109889,2.526996010511228
41.2328100929999,2.62,2.89,4.470000000000001,0.1216592890004903,0.1077367369998683,0.1355823430003511,2.3732467212660384,2.6683328128252666,4.329988452640492,0.997109890109889,2.526996010511228
41.28313991100004,2.63,2.8600000000000003,4.510000000000001,0.0280199010003343,0.0137361360002614,0.0421674130002429,2.3842818625321964,2.635811070619441,4.371269838387926,0.9386813186813183,2.531245699952222
41.33347979300015,2.63,2.8600000000000003,4.510000000000001,0.0783597830004509,0.0640760180003781,0.0925072950003595,2.3842818625321964,2.635811070619441,4.371269838387926,0.9386813186813183,2.531245699952222
41.38362316700022,2.63,2.8600000000000003,4.510000000000001,0.128503157000523,0.1142193920004501,0.1426506690004316,2.3842818625321964,2.635811070619441,4.371269838387926,0.9386813186813183,2.531245699952222
41.43373075799991,2.65,2.8200000000000003,4.45,0.0346485830004894,0.0203605980004795,0.0487580059998435,2.406324998831205,2.5923541424735936,4.3093386963663,0.9727912087912085,2.4783134495938848
41.48401269099941,2.65,2.8200000000000003,4.45,0.0849305159999858,0.0706425309999758,0.0990399389993399,2.406324998831205,2.5923541424735936,4.3093386963663,0.9727912087912085,2.4783134495938848
41.53437733999999,2.65,2.8200000000000003,4.41,0.1352951650005707,0.1210071800005607,0.0054786259997854,2.406324998831205,2.5923541424735936,4.268020618506898,1.0117362637362632,2.459179574773054
41.58469895999952,2.71,2.78,4.41,0.0419546539997099,0.0273699419994954,0.0558002459993076,2.472245942457991,2.5487840238042927,4.268020618506898,0.9871208791208785,2.411968872431916
41.63482624700009,2.71,2.78,4.41,0.0920819410002877,0.0774972290000732,0.1059275329998854,2.472245942457991,2.5487840238042927,4.268020618506898,0.9871208791208785,2.411968872431916
41.68513968499974,2.71,2.78,4.41,0.1423953789999359,0.1278106669997214,0.0120517939994897,2.472245942457991,2.5487840238042927,4.268020618506898,0.9871208791208785,2.411968872431916
41.73548438099988,2.71,2.78,4.41,0.0481059880003158,0.034218581999994,0.0623964899996281,2.472245942457991,2.5487840238042927,4.268020618506898,0.9871208791208785,2.411968872431916
41.785829251,2.71,2.78,4.41,0.098450858000433,0.0845634520001112,0.1127413599997453,2.472245942457991,2.5487840238042927,4.268020618506898,0.9871208791208785,2.411968872431916
41.8361569259996,2.73,2.78,4.41,0.0048151129994948,0.1348911269997188,0.0191031159993144,2.4941531628991838,2.5487840238042927,4.268020618506898,0.9871208791208785,2.4001427854753947
41.8864921710001,2.73,2.77,4.41,0.0551503579999916,0.041492883000501,0.0694383609998112,2.4941531628991838,2.53787312527636,4.268020618506898,0.9810219780219773,2.3971065934065936
41.9368334159999,2.73,2.77,4.41,0.1054916029997912,0.0918341280003005,0.1197796059996108,2.4941531628991838,2.53787312527636,4.268020618506898,0.9810219780219773,2.3971065934065936
41.98715552900012,2.73,2.77,4.4,0.0118878060002316,0.1421562410005208,0.0262801400003809,2.4941531628991838,2.53787312527636,4.2576871655865,0.9907032967032959,2.392350119445772
42.03728035499989,2.73,2.75,4.4,0.0620126320000054,0.0483535180001126,0.0764049660001546,2.4941531628991838,2.516028616689405,4.2576871655865,0.9785714285714281,2.3863105590062115
42.08757810799944,2.73,2.75,4.4,0.1123103849995459,0.0986512709996532,0.1267027189996952,2.4941531628991838,2.516028616689405,4.2576871655865,0.9785714285714281,2.3863105590062115
42.13770554500024,2.81,2.68,4.380000000000001,0.0184795600007419,0.0045539160000771,0.0327119890007452,2.5814724480420086,2.4393236767596056,4.237015459023015,0.9560989010989,2.307862279025323
42.18805680700007,2.81,2.68,4.380000000000001,0.0688308220005637,0.054905177999899,0.0830632510005671,2.5814724480420086,2.4393236767596056,4.237015459023015,0.9560989010989,2.307862279025323
42.23837636099961,2.81,2.68,4.380000000000001,0.1191503760001069,0.1052247319994421,0.1333828050001102,2.5814724480420086,2.4393236767596056,4.237015459023015,0.9560989010989,2.307862279025323
42.28870096599985,2.84,2.66,4.340000000000001,0.0254993939997802,0.0117997879997346,0.0394286740001916,2.614096402200959,2.4173332414046684,4.195652511826975,0.9826923076923066,2.2647642140468234
42.33903275299963,2.84,2.66,4.340000000000001,0.0758311809995575,0.0621315749995119,0.0897604609999689,2.614096402200959,2.4173332414046684,4.195652511826975,0.9826923076923066,2.2647642140468234
42.38937527899998,2.84,2.66,4.340000000000001,0.1261737069999071,0.1124741009998615,0.1401029870003185,2.614096402200959,2.4173332414046684,4.195652511826975,0.9826923076923066,2.2647642140468234
42.43972231599946,2.87,2.63,4.32,0.0325792059993546,0.0186660619992835,0.0466836699997657,2.646658270347723,2.3842818625321964,4.174961077662881,0.9842857142857132,2.2281118012422363
42.49006435799947,2.87,2.63,4.32,0.0829212479993657,0.0690081039992946,0.0970257119997768,2.646658270347723,2.3842818625321964,4.174961077662881,0.9842857142857132,2.2281118012422363
42.54039560199999,2.87,2.63,4.340000000000001,0.1332524919998832,0.1193393479998121,0.0032030980000854,2.646658270347723,2.3842818625321964,4.195652511826975,0.9652527472527461,2.2374627806975638
42.59072639199985,2.88,2.58,4.340000000000001,0.0396164699996006,0.0256955730001209,0.0535338879999471,2.6574988240825244,2.3290126663459776,4.195652511826975,0.9366263736263725,2.2169618251313907
42.64106146599988,2.88,2.58,4.340000000000001,0.0899515439996321,0.0760306470001523,0.1038689619999786,2.6574988240825244,2.3290126663459776,4.195652511826975,0.9366263736263725,2.2169618251313907
42.69124006099992,2.88,2.58,4.300000000000001,0.1401301389996661,0.1262092420001863,0.0101037539998287,2.6574988240825244,2.3290126663459776,4.15426287083521,0.9746043956043949,2.1983030578117537
42.7413626259995,2.92,2.58,4.300000000000001,0.0462771619995692,0.0323644989994136,0.0602263189994118,2.700796178907249,2.3290126663459776,4.15426287083521,0.9746043956043949,2.173085666507406
42.79166916200029,2.92,2.58,4.300000000000001,0.0965836980003587,0.0826710350002031,0.1105328550002013,2.700796178907249,2.3290126663459776,4.15426287083521,0.9746043956043949,2.173085666507406
42.8420007349996,2.95,2.58,4.260000000000001,0.0029812329994456,0.133002607999515,0.0169108509999205,2.7332032489370417,2.3290126663459776,4.112845730148409,1.0122307692307688,2.1354583612040137
42.89236587300002,2.95,2.54,4.260000000000001,0.0533463709998613,0.0395618130005459,0.0672759890003362,2.7332032489370417,2.284622507111405,4.112845730148409,0.9897252747252745,2.1242545389393217
42.94269090099988,2.95,2.54,4.260000000000001,0.1036713989997224,0.089886841000407,0.1176010170001973,2.7332032489370417,2.284622507111405,4.112845730148409,0.9897252747252745,2.1242545389393217
42.993015142999866,2.94,2.54,4.300000000000001,0.0099741229996652,0.1402110830003948,0.0239213000004383,2.722407023205751,2.284622507111405,4.15426287083521,0.9520989010989008,2.1491427138079318
43.043143572999725,2.94,2.52,4.300000000000001,0.060102552999524,0.0462259030000495,0.0740497300002971,2.722407023205751,2.2623660181323446,4.15426287083521,0.9409780219780216,2.1436064500716676
43.09347652699944,2.94,2.52,4.300000000000001,0.1104355069992379,0.0965588569997635,0.124382684000011,2.722407023205751,2.2623660181323446,4.15426287083521,0.9409780219780216,2.1436064500716676
43.14381338200019,2.98,2.47,4.24,0.0168196040003749,0.0028936750004504,0.0309057150006992,2.765556001964162,2.2065357463680484,4.092126586507314,0.9698681318681313,2.0765539178213093
43.19414830499954,2.98,2.47,4.24,0.0671545269997295,0.053228597999805,0.0812406380000538,2.765556001964162,2.2065357463680484,4.092126586507314,0.9698681318681313,2.0765539178213093
43.24448596699949,2.98,2.47,4.24,0.1174921889996767,0.1035662599997522,0.131578300000001,2.765556001964162,2.2065357463680484,4.092126586507314,0.9698681318681313,2.0765539178213093
43.29462632200011,3.03,2.43,4.24,0.0238121900001715,0.0094470100002581,0.0375828590003948,2.819361629872976,2.161666024158219,4.092126586507314,0.94832967032967,2.033168466316292
43.34495305899964,3.03,2.43,4.24,0.0741389269996943,0.059773746999781,0.0879095959999176,2.819361629872976,2.161666024158219,4.092126586507314,0.94832967032967,2.033168466316292
43.39509263199943,3.03,2.43,4.24,0.124278499999491,0.1099133199995776,0.1380491689997143,2.819361629872976,2.161666024158219,4.092126586507314,0.94832967032967,2.033168466316292
43.44541501200001,3.04,2.41,4.24,0.0304683479998857,0.0162694279997595,0.0446848769997814,2.830106005081788,2.1391587131393504,4.092126586507314,0.937692307692307,2.0212750836120406
43.49572772400006,3.04,2.41,4.24,0.0807810599999356,0.0665821399998094,0.0949975889998313,2.830106005081788,2.1391587131393504,4.092126586507314,0.937692307692307,2.0212750836120406
43.54606186099954,3.04,2.41,4.24,0.1311151969994171,0.1169162769992908,0.1453317259993127,2.830106005081788,2.1391587131393504,4.092126586507314,0.937692307692307,2.0212750836120406
43.596388049999405,3.04,2.41,4.24,0.1814413859992782,0.167242465999152,0.1956579149991739,2.830106005081788,2.1391587131393504,4.092126586507314,0.937692307692307,2.0212750836120406
43.64673171999948,3.04,2.41,4.24,0.231785055999353,0.2175861359992268,0.2460015849992487,2.830106005081788,2.1391587131393504,4.092126586507314,0.937692307692307,2.0212750836120406
43.6970604219996,3.04,2.41,4.24,0.2821137579994683,0.2679148379993421,0.296330286999364,2.830106005081788,2.1391587131393504,4.092126586507314,0.937692307692307,2.0212750836120406
43.74739218000013,3.12,2.38,4.24,0.0442015280004852,0.0304301340001984,0.3466620449999027,2.915870367488925,2.1053028285735995,4.092126586507314,0.9219010989010981,1.9598485905398948
43.79773101699993,3.12,2.38,4.24,0.0945403650002845,0.0807689709999976,0.3970008819997019,2.915870367488925,2.1053028285735995,4.092126586507314,0.9219010989010981,1.9598485905398948
43.84784040799968,3.18,2.38,4.24,0.0007539640000686,0.1308783619997484,0.4471102729994527,2.979983221429275,2.1053028285735995,4.092126586507314,0.9219010989010981,1.9187616340181557
43.898196717000246,3.18,2.3400000000000003,4.24,0.0511102730006314,0.0371150540004237,0.4974665820000155,2.979983221429275,2.059975728012348,4.092126586507314,0.9011538461538459,1.9084331103678933
43.94835060599962,3.18,2.3400000000000003,4.24,0.1012641620000067,0.087268942999799,0.5476204709993908,2.979983221429275,2.059975728012348,4.092126586507314,0.9011538461538459,1.9084331103678933
43.99866545999976,3.18,2.3400000000000003,4.16,0.0075923809999949,0.1375837969999338,0.0218088960000386,2.979983221429275,2.059975728012348,4.009176972896059,0.9749999999999994,1.8721521739130438
44.049000230000274,3.18,2.3400000000000003,4.16,0.0579271510005128,0.0440633590005745,0.0721436660005565,2.979983221429275,2.059975728012348,4.009176972896059,0.9749999999999994,1.8721521739130438
44.09936276600001,3.18,2.3400000000000003,4.16,0.1082896870002514,0.0944258950003131,0.1225062020002951,2.979983221429275,2.059975728012348,4.009176972896059,0.9749999999999994,1.8721521739130438
44.14956690599956,3.2,2.28,4.130000000000001,0.0145113429998673,0.0006746409999323,0.0284415229998558,3.0013163778582226,1.9915571796963305,3.978039718253201,0.9718681318681314,1.8296908743430484
44.19988785999976,3.2,2.28,4.130000000000001,0.0648322970000663,0.0509955950001312,0.0787624770000547,3.0013163778582226,1.9915571796963305,3.978039718253201,0.9718681318681314,1.8296908743430484
44.24999304699941,3.2,2.28,4.130000000000001,0.1149374839997108,0.1011007819997757,0.1288676639996993,3.0013163778582226,1.9915571796963305,3.978039718253201,0.9718681318681314,1.8296908743430484
44.30036106500029,3.24,2.28,4.15,0.0213463060008507,0.007443219000379,0.035248328000307,3.0439283828631707,1.9915571796963305,3.99879981994598,0.9536703296703293,1.810631533683708
44.35069520399975,3.24,2.28,4.15,0.071680445000311,0.0577773579998392,0.0855824669997673,3.0439283828631707,1.9915571796963305,3.99879981994598,0.9536703296703293,1.810631533683708
44.40102384500005,3.24,2.28,4.15,0.1220090860006166,0.1081059990001449,0.135911108000073,3.0439283828631707,1.9915571796963305,3.99879981994598,0.9536703296703293,1.810631533683708
44.45138058900011,3.25,2.27,4.090000000000001,0.0284248900006787,0.0144838670003082,0.0426466290000462,3.054570346218924,1.980101007524616,3.93649590371945,1.0029999999999988,1.7743956521739137
44.50169888900018,3.25,2.27,4.090000000000001,0.0787431900007504,0.06480216700038,0.0929649290001179,3.054570346218924,1.980101007524616,3.93649590371945,1.0029999999999988,1.7743956521739137
44.55202149399975,3.25,2.27,4.090000000000001,0.1290657950003151,0.1151247719999446,0.1432875339996826,3.054570346218924,1.980101007524616,3.93649590371945,1.0029999999999988,1.7743956521739137
44.60216621800009,3.27,2.21,4.090000000000001,0.0352241970003888,0.0213322890003837,0.0492591970005378,3.075841348314311,1.9110206696946008,3.93649590371945,0.9734615384615376,1.745516722408027
44.65252002099987,3.27,2.21,4.090000000000001,0.0855780000001686,0.0716860920001636,0.0996130000003177,3.075841348314311,1.9110206696946008,3.93649590371945,0.9734615384615376,1.745516722408027
44.70283885200024,3.27,2.21,4.050000000000001,0.1358968310005366,0.1220049230005315,0.0058812350007428,3.075841348314311,1.9110206696946008,3.894919768108197,1.009241758241757,1.7279377448638322
44.75316886000019,3.3,2.18,4.050000000000001,0.0425815270000384,0.0283390170006896,0.0562112430006891,3.107716203259236,1.876246252494592,3.894919768108197,0.9947692307692295,1.699309030100335
44.80346345999988,3.3,2.18,4.050000000000001,0.0928761269997267,0.0786336170003778,0.1065058430003773,3.107716203259236,1.876246252494592,3.894919768108197,0.9947692307692295,1.699309030100335
44.85379181200005,3.3,2.18,4.010000000000001,0.1432044789999054,0.1289619690005565,0.0128512020000925,3.107716203259236,1.876246252494592,3.853310265213535,1.0301978021978015,1.6819028189202103
44.9039185519996,3.33,2.2,4.010000000000001,0.0492410440001549,0.0353068679996795,0.0629779419996339,3.1395541084682708,1.89944728802881,3.853310265213535,1.039824175824175,1.6650755136168185
44.954242857999816,3.33,2.2,4.010000000000001,0.0995653500003754,0.0856311739999,0.1133022479998544,3.1395541084682708,1.89944728802881,3.853310265213535,1.039824175824175,1.6650755136168185
45.00458764399991,3.41,2.2,4.07,0.005776975000117,0.1359759599999961,0.0199883619998217,3.22428286600292,1.89944728802881,3.915711940375594,0.9865494505494506,1.6326409221213563
45.05492611699992,3.41,2.13,4.07,0.0561154480001278,0.042343592999714,0.0703268349998325,3.22428286600292,1.8179108889051736,3.915711940375594,0.9532417582417582,1.616059483994266
45.1052612200001,3.41,2.13,4.07,0.1064505510003073,0.0926786959998935,0.120661938000012,3.22428286600292,1.8179108889051736,3.915711940375594,0.9532417582417582,1.616059483994266
45.15555365299952,3.38,2.13,3.99,0.0127725389993429,0.1429711289993065,0.0267027679992679,3.1925381751828743,1.8179108889051736,3.8324926614411146,1.024098901098901,1.603388365981844
45.20589995499995,3.38,2.12,3.99,0.0631188409997776,0.0494178549997741,0.0770490699997026,3.1925381751828743,1.8061838223170976,3.8324926614411146,1.0194285714285718,1.601063354037267
45.25604368099994,3.38,2.12,3.99,0.1132625669997651,0.0995615809997616,0.1271927959996901,3.1925381751828743,1.8061838223170976,3.8324926614411146,1.0194285714285718,1.601063354037267
45.3064381209997,3.45,2.11,3.97,0.0196620589995291,0.0054409929998655,0.0335712599999169,3.266557821315888,1.794435844492636,3.811666302288279,1.0322747252747249,1.5381867654085042
45.35677308100003,3.45,2.11,3.97,0.0699970189998566,0.0557759530001931,0.0839062200002445,3.266557821315888,1.794435844492636,3.811666302288279,1.0322747252747249,1.5381867654085042
45.40691743000025,3.45,2.11,3.97,0.1201413680000769,0.1059203020004133,0.1340505690004647,3.266557821315888,1.794435844492636,3.811666302288279,1.0322747252747249,1.5381867654085042
45.457034596000085,3.45,2.09,4.010000000000001,0.0262676520005697,0.0120845470000858,0.0402147780005179,3.266557821315888,1.7708754896942922,3.853310265213535,0.9879670329670323,1.5508248924988055
45.50716022599954,3.45,2.09,4.010000000000001,0.0763932820000263,0.0622101769995424,0.0903404079999745,3.266557821315888,1.7708754896942922,3.853310265213535,0.9879670329670323,1.5508248924988055
45.5574790820001,3.45,2.09,4.010000000000001,0.1267121380005846,0.1125290330001007,0.1406592640005328,3.266557821315888,1.7708754896942922,3.853310265213535,0.9879670329670323,1.5508248924988055
45.607796491000045,3.49,2.04,3.97,0.0331181210003705,0.0188358800005516,0.0471330340005806,3.308776208811953,1.7115782190715094,3.811666302288279,1.0003516483516477,1.492120711896799
45.65812636699957,3.49,2.04,3.97,0.0834479969998938,0.0691657560000749,0.0974629100001038,3.308776208811953,1.7115782190715094,3.811666302288279,1.0003516483516477,1.492120711896799
45.708268933,3.49,2.04,3.95,0.1335905630003253,0.1193083220005064,0.003509828999995,3.308776208811953,1.7115782190715094,3.790831043452081,1.0177582417582423,1.483568776875298
45.75860333699984,3.53,2.03,3.95,0.0396876579998206,0.0256879489998027,0.053844232999836,3.3509401665801195,1.6996470221784283,3.790831043452081,1.0132857142857148,1.4508204968944096
45.808927349999976,3.53,2.03,3.95,0.0900116709999565,0.0760119619999386,0.1041682459999719,3.3509401665801195,1.6996470221784283,3.790831043452081,1.0132857142857148,1.4508204968944096
45.859065681000175,3.53,2.03,3.99,0.1401500020001549,0.126150293000137,0.0103366740004275,3.3509401665801195,1.6996470221784283,3.8324926614411146,0.9783846153846152,1.4679675585284282
45.90940005599987,3.56,2.01,3.99,0.0464273970001158,0.0325364669997725,0.0606710490001205,3.3825286399378798,1.6757088052522726,3.8324926614411146,0.9695054945054944,1.4404277353081694
45.95952673600004,3.56,2.01,3.99,0.0965540770002917,0.0826631469999483,0.1107977290002963,3.3825286399378798,1.6757088052522726,3.8324926614411146,0.9695054945054944,1.4404277353081694
46.00960394599952,3.58,2.01,3.93,0.0032198619992414,0.1327403569994203,0.0172889319992464,3.403571653425266,1.6757088052522726,3.769986737377202,1.0217252747252747,1.3992501911132342
46.059908176000135,3.58,2.03,3.93,0.0535240919998614,0.0396417770007246,0.0675931619998664,3.403571653425266,1.6996470221784283,3.769986737377202,1.0306043956043958,1.4036704491161012
46.11023563599974,3.58,2.03,3.93,0.1038515519994689,0.0899692370003322,0.1179206219994739,3.403571653425266,1.6996470221784283,3.769986737377202,1.0306043956043958,1.4036704491161012
46.16035459100021,3.62,2.03,3.89,0.0094929220003905,0.1400881920008032,0.0234101700007158,3.4456204085766613,1.6996470221784283,3.7282703764614498,1.0649780219780214,1.3554781892021022
46.21056951399987,3.62,1.99,3.89,0.0597078450000481,0.0457372959999702,0.0736250930003734,3.4456204085766613,1.6516658257650063,3.7282703764614498,1.047307692307692,1.3466814381270902
46.26088776300003,3.62,1.99,3.89,0.1100260940002044,0.0960555450001265,0.1239433420005298,3.4456204085766613,1.6516658257650063,3.7282703764614498,1.047307692307692,1.3466814381270902
46.31102870399991,3.65,1.99,3.91,0.0162055370001326,0.0023042239999995,0.0301244780002889,3.477125249397841,1.6516658257650063,3.749133233162033,1.0301648351648351,1.331397276636407
46.36136034900028,3.65,1.99,3.91,0.066537182000502,0.0526358690003689,0.0804561230006584,3.477125249397841,1.6516658257650063,3.749133233162033,1.0301648351648351,1.331397276636407
46.41150018799999,3.65,1.99,3.91,0.1166770210002141,0.102775708000081,0.1305959620003705,3.477125249397841,1.6516658257650063,3.749133233162033,1.0301648351648351,1.331397276636407
46.461633314999744,3.68,1.92,3.91,0.0228086079996501,0.0088991180000448,0.0367465640001682,3.508603710879871,1.566620566697629,3.749133233162033,1.0000879120879123,1.2925220258002863
46.51175334300024,3.68,1.92,3.91,0.0729286360001424,0.0590191460005371,0.0868665920006606,3.508603710879871,1.566620566697629,3.749133233162033,1.0000879120879123,1.2925220258002863
46.562072894000266,3.68,1.92,3.91,0.123248187000172,0.1093386970005667,0.1371861430006902,3.508603710879871,1.566620566697629,3.749133233162033,1.0000879120879123,1.2925220258002863
46.61242404599943,3.68,1.92,3.91,0.1735993389993382,0.1596898489997329,0.1875372949998563,3.508603710879871,1.566620566697629,3.749133233162033,1.0000879120879123,1.2925220258002863
46.66275873900031,3.68,1.92,3.91,0.2239340320002156,0.2100245420006103,0.2378719880007338,3.508603710879871,1.566620566697629,3.749133233162033,1.0000879120879123,1.2925220258002863
46.712905417999536,3.68,1.92,3.89,0.2740807109994421,0.2601712209998368,9.545800003252224e-05,3.508603710879871,1.566620566697629,3.7282703764614498,1.017230769230769,1.2840996655518393
46.76325123300012,3.74,1.87,3.89,0.0365470719998484,0.0225729610001508,0.0504412730006151,3.5714842852797206,1.5049252473129688,3.7282703764614498,0.9964065934065933,1.22534154323937
46.81358805199943,3.74,1.87,3.89,0.0868838909991609,0.0729097799994633,0.1007780919999277,3.5714842852797206,1.5049252473129688,3.7282703764614498,0.9964065934065933,1.22534154323937
46.86392692800018,3.74,1.87,3.88,0.1372227669999119,0.1232486560002144,0.0071860250000099,3.5714842852797206,1.5049252473129688,3.717835391729978,1.0049450549450551,1.221146559961778
46.91405219999979,3.78,1.87,3.88,0.0435267920001933,0.029556689999481,0.0573112969996145,3.613350245962879,1.5049252473129688,3.717835391729978,1.0049450549450551,1.1884509077878644
46.9641616050003,3.78,1.87,3.88,0.0936361970007055,0.0796660949999932,0.1074207020001267,3.613350245962879,1.5049252473129688,3.717835391729978,1.0049450549450551,1.1884509077878644
47.01426945000003,3.78,1.87,3.89,0.143744042000435,0.1297739399997226,0.0135235409998131,3.613350245962879,1.5049252473129688,3.7282703764614498,0.9964065934065933,1.1926458910654565
47.064628686000106,3.89,1.87,3.89,0.0500932029999603,0.0366156899999623,0.0638827769998897,3.7282703764614498,1.5049252473129688,3.7282703764614498,0.9964065934065933,1.100939369326326
47.11491761799971,3.89,1.87,3.89,0.1003821349995632,0.0869046219995652,0.1141717089994927,3.7282703764614498,1.5049252473129688,3.7282703764614498,0.9964065934065933,1.100939369326326
47.165237526000055,3.83,1.87,3.87,0.0065945599999395,0.1372245299999122,0.0205663750002713,3.6656240942027862,1.5049252473129688,3.7073980093860976,1.0134615384615384,1.142908026755853
47.21556560499994,3.83,1.88,3.87,0.056922638999822,0.0433993309998186,0.0708944540001539,3.6656240942027862,1.517333186877556,3.7073980093860976,1.0175824175824175,1.1449595078834212
47.26589796499957,3.83,1.88,3.87,0.1072549989994513,0.0937316909994478,0.1212268139997831,3.6656240942027862,1.517333186877556,3.7073980093860976,1.0175824175824175,1.1449595078834212
47.3162424330003,3.86,1.88,3.83,0.0136461410002084,0.1440761590001784,0.0275841070006208,3.696958209122737,1.517333186877556,3.6656240942027862,1.0514285714285718,1.1032546583850937
47.366534042999774,3.86,1.81,3.83,0.0639377509996848,0.0497798690003037,0.0778757170000972,3.696958209122737,1.4296852800529212,3.6656240942027862,1.0230439560439561,1.0891240563784046
47.41685633299949,3.86,1.81,3.83,0.1142600409993974,0.1001021590000164,0.1281980069998098,3.696958209122737,1.4296852800529212,3.6656240942027862,1.0230439560439561,1.0891240563784046
47.46718766899994,3.88,1.79,3.8,0.0207224409996342,0.006549329000336,0.0345484350000333,3.717835391729978,1.4042791745233565,3.634267464015272,1.0402857142857145,1.0560009316770185
47.51753609000025,3.88,1.79,3.8,0.0710708619999422,0.056897750000644,0.0848968560003413,3.717835391729978,1.4042791745233565,3.634267464015272,1.0402857142857145,1.0560009316770185
47.5678610570003,3.88,1.79,3.8,0.1213958289999936,0.1072227170006954,0.1352218230003927,3.717835391729978,1.4042791745233565,3.634267464015272,1.0402857142857145,1.0560009316770185
47.618177553999885,3.92,1.82,3.85,0.0276467639996553,0.0134418560000995,0.0417852299997321,3.759561144601853,1.4423245127224316,3.6865159703980663,1.0101538461538462,1.048663545150502
47.66849785100021,3.92,1.82,3.85,0.0779670609999811,0.0637621530004253,0.0921055270000579,3.759561144601853,1.4423245127224316,3.6865159703980663,1.0101538461538462,1.048663545150502
47.71883064099984,3.92,1.82,3.85,0.1282998509996105,0.1140949430000546,0.1424383169996872,3.759561144601853,1.4423245127224316,3.6865159703980663,1.0101538461538462,1.048663545150502
47.76912399599951,3.94,1.82,3.8,0.0343410979994587,0.020413956000084,0.048678111999834,3.780410030671276,1.4423245127224316,3.634267464015272,1.0521868131868135,1.0109256091734349
47.81945749799979,3.94,1.82,3.8,0.0846745999997438,0.070747458000369,0.0990116140001191,3.780410030671276,1.4423245127224316,3.634267464015272,1.0521868131868135,1.0109256091734349
47.86978612199982,3.94,1.82,3.81,0.1350032239997745,0.1210760820003997,0.0052444499997363,3.780410030671276,1.4423245127224316,3.6447222116369855,1.0438241758241757,1.015034209268992
47.91992946299979,3.97,1.77,3.81,0.0413691739995556,0.0271966159998555,0.0553877909997027,3.811666302288279,1.378695035169127,3.6447222116369855,1.024098901098901,0.9794209746774961
47.97007215099984,3.97,1.77,3.81,0.0915118619996064,0.0773393039999064,0.1055304789997535,3.811666302288279,1.378695035169127,3.6447222116369855,1.024098901098901,0.9794209746774961
48.02040689400019,3.97,1.77,3.78,0.1418466049999551,0.1276740470002551,0.0119222170005741,3.811666302288279,1.378695035169127,3.613350245962879,1.049120879120879,0.9671275680840896
48.0707219979995,3.96,1.7799999999999998,3.78,0.0479655899998761,0.034050173999276,0.0622373209998841,3.801249794475496,1.391509971218316,3.613350245962879,1.053021978021978,0.9776892021022452
48.1210606779996,3.96,1.7799999999999998,3.78,0.0983042699999714,0.0843888539993713,0.1125760009999794,3.801249794475496,1.391509971218316,3.613350245962879,1.053021978021978,0.9776892021022452
48.17120448500009,3.96,1.7799999999999998,3.81,0.0045055580003463,0.1345326609998665,0.0184355970004617,3.801249794475496,1.391509971218316,3.6447222116369855,1.0279999999999998,0.9899826086956518
48.22150871699978,3.96,1.77,3.81,0.0548097900000357,0.0409170940001786,0.068739829000151,3.801249794475496,1.378695035169127,3.6447222116369855,1.024098901098901,0.9880405398948873
48.271835628999725,3.96,1.77,3.81,0.1051367019999816,0.0912440060001245,0.1190667410000969,3.801249794475496,1.378695035169127,3.6447222116369855,1.024098901098901,0.9880405398948873
48.32215412699952,3.96,1.77,3.75,0.0114454549993752,0.1415625039999213,0.0256950829998459,3.801249794475496,1.378695035169127,3.581954773583832,1.0739450549450544,0.9635509077878641
48.37250327199945,3.96,1.79,3.75,0.0617945999993025,0.0482653339995522,0.0760442279997732,3.801249794475496,1.4042791745233565,3.581954773583832,1.0817692307692304,0.9674459866220736
48.42283219699948,3.96,1.79,3.75,0.1121235249993333,0.0985942589995829,0.126373152999804,3.801249794475496,1.4042791745233565,3.581954773583832,1.0817692307692304,0.9674459866220736
48.47297710800012,3.97,1.79,3.76,0.0183765900001162,0.0043889130001844,0.0322655079999094,3.811666302288279,1.4042791745233565,3.592422580933373,1.0735164835164837,0.962881032011466
48.52335026399942,3.97,1.79,3.76,0.0687497459994119,0.0547620689994801,0.0826386639992051,3.811666302288279,1.4042791745233565,3.592422580933373,1.0735164835164837,0.962881032011466
48.57346319399949,3.97,1.79,3.76,0.1188626759994804,0.1048749989995485,0.1327515939992736,3.811666302288279,1.4042791745233565,3.592422580933373,1.0735164835164837,0.962881032011466
48.623598313,3.96,1.79,3.76,0.0250161630001457,0.0112079400005313,0.0388900230000217,3.801249794475496,1.4042791745233565,3.592422580933373,1.0735164835164837,0.9715005972288577
48.67386350600009,3.96,1.79,3.76,0.0752813560002323,0.0614731330006179,0.0891552160001083,3.801249794475496,1.4042791745233565,3.592422580933373,1.0735164835164837,0.9715005972288577
48.7240080370002,3.96,1.79,3.76,0.1254258870003468,0.1116176640007324,0.1392997470002228,3.801249794475496,1.4042791745233565,3.592422580933373,1.0735164835164837,0.9715005972288577
48.77414089299964,3.93,1.84,3.73,0.0315711349994671,0.0176651980000315,0.0458759690000079,3.769986737377202,1.4674808346278323,3.561011092372502,1.118153846153846,0.9950265886287627
48.82446943600007,3.93,1.84,3.73,0.0818996779998997,0.067993741000464,0.0962045120004404,3.769986737377202,1.4674808346278323,3.561011092372502,1.118153846153846,0.9950265886287627
48.87480404899998,3.93,1.84,3.73,0.1322342909998042,0.1183283540003685,0.0022058579997974,3.769986737377202,1.4674808346278323,3.561011092372502,1.118153846153846,0.9950265886287627
48.925100986999496,3.94,1.85,3.73,0.0386621319994446,0.0249283260000083,0.0525027959993167,3.780410030671276,1.4800000000000002,3.561011092372502,1.1222087912087912,0.9884908982322025
48.9754420270001,3.94,1.85,3.73,0.0890031720000479,0.0752693660006116,0.1028438359999199,3.780410030671276,1.4800000000000002,3.561011092372502,1.1222087912087912,0.9884908982322025
49.02556416900006,3.94,1.85,3.7,0.1391253140000117,0.1253915080005754,0.0090522230002534,3.780410030671276,1.4800000000000002,3.5295750452426984,1.1467032967032968,0.9764566411849019
49.07570775699969,3.94,1.84,3.7,0.045386075999886,0.0312907030001952,0.0591958109998813,3.780410030671276,1.4674808346278323,3.5295750452426984,1.1426483516483517,0.9744379837553747
49.126004748000014,3.94,1.84,3.7,0.0956830670002091,0.0815876940005182,0.1094928020002043,3.780410030671276,1.4674808346278323,3.5295750452426984,1.1426483516483517,0.9744379837553747
49.17634588100009,3.91,1.84,3.7,0.0018869280002036,0.1319288270005927,0.0157983030003379,3.749133233162033,1.4674808346278323,3.5295750452426984,1.1426483516483517,1.0000358098423314
49.226690476999465,3.91,1.87,3.7,0.0522315239995805,0.0381866899997476,0.0661428989997148,3.749133233162033,1.5049252473129688,3.5295750452426984,1.1548791208791211,1.0061246058289535
49.27702828299971,3.91,1.87,3.7,0.1025693299998238,0.0885244959999909,0.1164807049999581,3.749133233162033,1.5049252473129688,3.5295750452426984,1.1548791208791211,1.0061246058289535
49.32737498899951,3.93,1.87,3.64,0.0089632999997775,0.138871201999791,0.0228355839999494,3.769986737377202,1.5049252473129688,3.4666266023325902,1.2032747252747253,0.9653041567128522
49.37770135299979,3.93,1.95,3.64,0.0592896640000617,0.0450742299999546,0.0731619480002336,3.769986737377202,1.6032467059064863,3.4666266023325902,1.2368571428571429,0.982022360248447
49.42804107499978,3.93,1.95,3.64,0.1096293860000514,0.0954139519999444,0.1235016700002233,3.769986737377202,1.6032467059064863,3.4666266023325902,1.2368571428571429,0.982022360248447
49.47825279100016,3.91,1.98,3.62,0.0158758640000087,0.0016616400007478,0.0297884130004604,3.749133233162033,1.6396036106327652,3.4456204085766613,1.2657692307692308,0.9976764214046823
49.528583444000105,3.91,1.98,3.62,0.066206516999955,0.0519922930006941,0.0801190660004067,3.749133233162033,1.6396036106327652,3.4456204085766613,1.2657692307692308,0.9976764214046823
49.578700612999455,3.91,1.98,3.62,0.1163236859993048,0.102109462000044,0.1302362349997565,3.749133233162033,1.6396036106327652,3.4456204085766613,1.2657692307692308,0.9976764214046823
49.62905164299991,3.91,1.98,3.62,0.1666747159997612,0.1524604920005003,0.1805872650002129,3.749133233162033,1.6396036106327652,3.4456204085766613,1.2657692307692308,0.9976764214046823
49.67935758400017,3.91,1.98,3.62,0.2169806570000219,0.202766433000761,0.2308932060004735,3.749133233162033,1.6396036106327652,3.4456204085766613,1.2657692307692308,0.9976764214046823
49.729855867999504,3.91,1.98,3.62,0.2674789409993536,0.2532647170000928,0.2813914899998053,3.749133233162033,1.6396036106327652,3.4456204085766613,1.2657692307692308,0.9976764214046823
49.78018946700013,3.88,2.01,3.58,0.0299305469998216,0.0156375850001495,0.0440254340001047,3.717835391729978,1.6757088052522726,3.403571653425266,1.3105714285714285,1.0140779503105588
49.830335919999925,3.88,2.01,3.58,0.0800769999996191,0.065784037999947,0.0941718869999022,3.717835391729978,1.6757088052522726,3.403571653425266,1.3105714285714285,1.0140779503105588
49.88042073499946,3.88,2.01,3.53,0.1301618149991554,0.1158688529994833,0.0003641869998318,3.717835391729978,1.6757088052522726,3.3509401665801195,1.3496373626373623,0.9948846870520782
49.93071934699947,3.89,2.12,3.53,0.0361216619994593,0.0221675439997852,0.0506627989998378,3.7282703764614498,1.8061838223170976,3.3509401665801195,1.3995604395604397,1.0112920449116098
49.98105157000009,3.89,2.12,3.53,0.0864538850000826,0.0724997670004086,0.1009950220004611,3.7282703764614498,1.8061838223170976,3.3509401665801195,1.3995604395604397,1.0112920449116098
50.03138799599947,3.89,2.12,3.53,0.1367903109994586,0.1228361929997845,0.0071025039997039,3.7282703764614498,1.8061838223170976,3.3509401665801195,1.3995604395604397,1.0112920449116098
50.08172697200007,3.87,2.2,3.53,0.0433786740004507,0.0293955860006462,0.0574414800003069,3.7073980093860976,1.89944728802881,3.3509401665801195,1.4375384615384614,1.0470680602006688
50.131907825999406,3.87,2.2,3.53,0.0935595279997869,0.0795764399999825,0.1076223339996431,3.7073980093860976,1.89944728802881,3.3509401665801195,1.4375384615384614,1.0470680602006688
50.182045372000175,3.87,2.2,3.44,0.1436970740005563,0.1297139860007519,0.0138213600002927,3.7073980093860976,1.89944728802881,3.255994471739778,1.5064725274725277,1.013200453893932
50.23218163399997,3.88,2.3000000000000003,3.44,0.0497530330003428,0.0357030940003824,0.063957622000089,3.717835391729978,2.0144229943087923,3.255994471739778,1.5559230769230772,1.0293943143812712
50.28232487300011,3.88,2.3000000000000003,3.44,0.0998962720004783,0.0858463330005179,0.1141008610002245,3.717835391729978,2.0144229943087923,3.255994471739778,1.5559230769230772,1.0293943143812712
50.33243921099984,3.87,2.3000000000000003,3.47,0.0059462709996296,0.1359606710002481,0.0198507109998899,3.7073980093860976,2.0144229943087923,3.2876739497705665,1.5331428571428574,1.0490102484472048
50.38259493500027,3.87,2.3000000000000003,3.47,0.0561019950000627,0.0425631490006708,0.0700064350003231,3.7073980093860976,2.0144229943087923,3.2876739497705665,1.5331428571428574,1.0490102484472048
50.43289057699985,3.87,2.3000000000000003,3.47,0.1063976369996453,0.0928587910002534,0.1203020769999057,3.7073980093860976,2.0144229943087923,3.2876739497705665,1.5331428571428574,1.0490102484472048
50.48321558599946,3.87,2.3000000000000003,3.42,0.0129494029997658,0.1431837999998606,0.0270095269997909,3.7073980093860976,2.0144229943087923,3.2348570292982037,1.5710000000000002,1.0304108695652172
50.533785298999646,3.87,2.29,3.42,0.0635191159999521,0.0496924379995107,0.0775792399999772,3.7073980093860976,2.0029977533686854,3.2348570292982037,1.565956043956044,1.027899856665074
50.58407814800012,3.87,2.29,3.42,0.1138119650004227,0.0999852869999813,0.1278720890004478,3.7073980093860976,2.0029977533686854,3.2348570292982037,1.565956043956044,1.027899856665074
50.63421940700027,3.89,2.1,3.41,0.0197795320000295,0.005929197000114,0.0337255780004852,3.7282703764614498,1.7826665420094696,3.224282866002919,1.481802197802198,0.9617123984710935
50.68457942399982,3.89,2.1,3.41,0.0701395489995775,0.056289213999662,0.0840855950000332,3.7282703764614498,1.7826665420094696,3.224282866002919,1.481802197802198,0.9617123984710935
50.73491786900013,3.89,2.1,3.41,0.1204779939998843,0.1066276589999688,0.13442404000034,3.7282703764614498,1.7826665420094696,3.224282866002919,1.481802197802198,0.9617123984710935
50.78515070199956,3.88,2.04,3.4,0.026773841999784,0.0128748009992705,0.0408960419999857,3.717835391729978,1.7115782190715094,3.213705026912084,1.461989010989011,0.9528923554706162
50.83527529299954,3.88,2.04,3.4,0.0768984329997692,0.0629993919992557,0.0910206329999709,3.717835391729978,1.7115782190715094,3.213705026912084,1.461989010989011,0.9528923554706162
50.88557477299946,3.88,2.04,3.4,0.1271979129996907,0.1132988719991772,0.1413201129998924,3.717835391729978,1.7115782190715094,3.213705026912084,1.461989010989011,0.9528923554706162
50.93589626699941,3.82,2.22,3.38,0.0338869959996372,0.0196679579994452,0.0476733709992913,3.6551744144431737,1.922576396401454,3.1925381751828743,1.5611538461538461,1.03773745819398
50.98601954999958,3.82,2.22,3.38,0.0840102789998127,0.0697912409996206,0.0977966539994668,3.6551744144431737,1.922576396401454,3.1925381751828743,1.5611538461538461,1.03773745819398
51.036379086000125,3.82,2.22,3.32,0.1343698150003547,0.1201507770001626,0.0040903919998527,3.6551744144431737,1.922576396401454,3.128945509273052,1.6053296703296702,1.016033683707597
51.08670678099952,3.86,2.22,3.32,0.0404237849998025,0.0265084279999427,0.0544180869992487,3.696958209122737,1.922576396401454,3.128945509273052,1.6053296703296702,0.9826423793597712
51.13683052499982,3.86,2.22,3.32,0.0905475290001049,0.0766321720002451,0.1045418309995511,3.696958209122737,1.922576396401454,3.128945509273052,1.6053296703296702,0.9826423793597712
51.18696466799975,3.86,2.22,3.26,0.1406816720000279,0.1267663150001681,0.0109339330001603,3.696958209122737,1.922576396401454,3.0652079864178874,1.6487142857142858,0.9613273291925472
51.23734734000027,3.86,2.23,3.26,0.0475695830000404,0.033258334000493,0.0613166050006839,3.696958209122737,1.9341147845978528,3.0652079864178874,1.6536043956043953,0.9637617534639279
51.28753827899982,3.86,2.23,3.26,0.0977605219995894,0.083449273000042,0.1115075440002328,3.696958209122737,1.9341147845978528,3.0652079864178874,1.6536043956043953,0.9637617534639279
51.337653835999845,3.87,2.23,3.24,0.0037009260004197,0.1335648300000684,0.0175621979997231,3.7073980093860976,1.9341147845978528,3.0439283828631707,1.66789010989011,0.9483409460105106
51.3877869529997,3.87,2.3000000000000003,3.24,0.053834043000279,0.0393051020000712,0.0676953149995824,3.7073980093860976,2.0144229943087923,3.0439283828631707,1.702736263736264,0.9656882704252268
51.4379388870002,3.87,2.3000000000000003,3.24,0.1039859770007751,0.0894570360005673,0.1178472490000785,3.7073980093860976,2.0144229943087923,3.0439283828631707,1.702736263736264,0.9656882704252268
51.48825757099985,3.83,2.3000000000000003,3.22,0.0100980150000395,0.1397757200002161,0.0242782140003328,3.6656240942027862,2.0144229943087923,3.0226313040131103,1.7169340659340664,0.9921910893454372
51.5385920509998,3.83,2.29,3.22,0.0604324949999863,0.046150428999681,0.0746126940002795,3.6656240942027862,2.0029977533686854,3.0226313040131103,1.7118901098901105,0.9896800764452938
51.58891985500031,3.83,2.29,3.22,0.1107602990005034,0.096478233000198,0.1249404980007966,3.6656240942027862,2.0029977533686854,3.0226313040131103,1.7118901098901105,0.9896800764452938
51.63906394199967,3.83,2.3200000000000003,3.19,0.0169324230000711,0.0029466509995472,0.0308603299999958,3.6656240942027862,2.037228509519735,2.990652102802999,1.7482197802197803,0.9868637601528909
51.68939526899976,3.83,2.3200000000000003,3.19,0.0672637500001656,0.0532779779996417,0.0811916570000903,3.6656240942027862,2.037228509519735,2.990652102802999,1.7482197802197803,0.9868637601528909
51.73972197100011,3.83,2.3200000000000003,3.19,0.1175904520005133,0.1036046799999894,0.131518359000438,3.6656240942027862,2.037228509519735,2.990652102802999,1.7482197802197803,0.9868637601528909
51.79004208999959,3.83,2.35,3.17,0.0239729939994504,0.0096502669994151,0.0378808219993516,3.6656240942027862,2.071328076379983,2.9693096840848376,1.7775934065934067,0.9876606306736742
51.84037617800004,3.83,2.35,3.17,0.0743070819999047,0.0599843549998695,0.0882149099998059,3.6656240942027862,2.071328076379983,2.9693096840848376,1.7775934065934067,0.9876606306736742
51.89070501900005,3.83,2.35,3.17,0.1246359229999143,0.1103131959998791,0.1385437509998155,3.6656240942027862,2.071328076379983,2.9693096840848376,1.7775934065934067,0.9876606306736742
51.94084677499996,3.8,2.42,3.15,0.0304044989998146,0.0167198760000246,0.0446959130003961,3.634267464015272,2.1504185639079663,2.947948439169179,1.8281758241758241,1.0239831820353562
51.99117727500016,3.8,2.42,3.15,0.0807349990000148,0.0670503760002247,0.0950264130005962,3.634267464015272,2.1504185639079663,2.947948439169179,1.8281758241758241,1.0239831820353562
52.04146150999986,3.8,2.42,3.12,0.1310192339997229,0.1173346109999329,0.0016346570000678,3.634267464015272,2.1504185639079663,2.915870367488925,1.848846153846154,1.0138277591973246
52.09180088499943,3.84,2.47,3.12,0.0375936769996769,0.0236323409999386,0.0519740319996344,3.676071272432024,2.2065357463680484,2.915870367488925,1.875714285714286,0.9939860248447205
52.1421365340002,3.84,2.47,3.12,0.0879293260004487,0.0739679900007104,0.1023096810004062,3.676071272432024,2.2065357463680484,2.915870367488925,1.875714285714286,0.9939860248447205
52.192469843000254,3.84,2.47,3.09,0.1382626350005011,0.1243012990007628,0.0080475940003452,3.676071272432024,2.2065357463680484,2.8837475617675,1.896186813186813,0.983927783086479
52.24279284099976,3.84,2.5500000000000003,3.09,0.0444278639997719,0.030557422000129,0.0583705919998465,3.676071272432024,2.295735176365079,2.8837475617675,1.940318681318681,1.005897778308648
52.29293874299947,3.84,2.5500000000000003,3.09,0.0945737659994847,0.0807033239998418,0.1085164939995593,3.676071272432024,2.295735176365079,2.8837475617675,1.940318681318681,1.005897778308648
52.34304290899945,3.79,2.5500000000000003,3.06,0.0006960939999771,0.1308074899998246,0.0146358019992476,3.623810149552539,2.295735176365079,2.8515785102290274,1.9605934065934068,1.0374041089345443
52.39339752399974,3.79,2.64,3.06,0.0510507090002647,0.0371877179995863,0.0649904169995352,3.623810149552539,2.395307913400697,2.8515785102290274,2.0119230769230767,1.0629573578595324
52.443722514999536,3.79,2.64,3.06,0.1013757000000623,0.0875127089993839,0.1153154079993328,3.623810149552539,2.395307913400697,2.8515785102290274,2.0119230769230767,1.0629573578595324
52.49404811699969,3.79,2.64,3.0,0.0078199310000854,0.1378383109995411,0.0216681470001276,3.623810149552539,2.395307913400697,2.787095262096364,2.0518791208791214,1.0433267797419976
52.54438934399968,3.79,2.66,3.0,0.0581611580000753,0.044219245000022,0.0720093740001175,3.623810149552539,2.4173332414046684,2.787095262096364,2.063527472527473,1.04912563306259
52.59470544800024,3.79,2.66,3.0,0.1084772620006333,0.09453534900058,0.1223254780006755,3.623810149552539,2.4173332414046684,2.787095262096364,2.063527472527473,1.04912563306259
52.645033224000144,3.79,2.66,3.0,0.158805038000537,0.1448631250004837,0.1726532540005791,3.623810149552539,2.4173332414046684,2.787095262096364,2.063527472527473,1.04912563306259
52.6953655770003,3.79,2.66,3.0,0.209137391000695,0.1951954780006417,0.2229856070007372,3.623810149552539,2.4173332414046684,2.787095262096364,2.063527472527473,1.04912563306259
52.74569303899989,3.79,2.66,3.0,0.2594648530002814,0.2455229400002281,0.2733130690003236,3.623810149552539,2.4173332414046684,2.787095262096364,2.063527472527473,1.04912563306259
52.79603577499984,3.8,2.65,2.93,0.0221302829995693,0.007961848999912,0.0356872029997248,3.634267464015272,2.406324998831205,2.7116046909533105,2.103307692307692,1.0155596989966555
52.84636604800016,3.8,2.65,2.93,0.0724605559998963,0.058292122000239,0.0860174760000518,3.634267464015272,2.406324998831205,2.7116046909533105,2.103307692307692,1.0155596989966555
52.896702516000005,3.8,2.65,2.93,0.1227970239997375,0.1086285900000803,0.1363539439998931,3.634267464015272,2.406324998831205,2.7116046909533105,2.103307692307692,1.0155596989966555
52.94704787699993,3.82,2.64,2.92,0.0289731809998556,0.015003718999651,0.0431220740001663,3.6551744144431737,2.395307913400697,2.700796178907249,2.1039230769230777,0.9929421404682276
52.9973771899995,3.82,2.64,2.92,0.0793024939994211,0.0653330319992164,0.0934513869997317,3.6551744144431737,2.395307913400697,2.700796178907249,2.1039230769230777,0.9929421404682276
53.04771093399995,3.82,2.64,2.92,0.1296362379998754,0.1156667759996707,0.143785131000186,3.6551744144431737,2.395307913400697,2.700796178907249,2.1039230769230777,0.9929421404682276
53.09804027999962,3.8,2.91,2.87,0.0359669429999485,0.0222407139999631,0.0498965249998946,3.634267464015272,2.689981412575188,2.646658270347723,2.300406593406594,1.0758545867176306
53.1481811069998,3.8,2.91,2.87,0.086107770000126,0.0723815410001407,0.1000373520000721,3.634267464015272,2.689981412575188,2.646658270347723,2.300406593406594,1.0758545867176306
53.19851050299985,3.8,2.91,2.86,0.1364371660001779,0.1227109370001926,0.0063679060003778,3.634267464015272,2.689981412575188,2.63581107061944,2.306703296703297,1.0727609890109893
53.24863408999954,3.8,2.71,2.86,0.1865607529998669,0.0285239669992733,0.0564914930000668,3.634267464015272,2.472245942457991,2.63581107061944,2.183186813186813,1.0112712613473487
53.29896403699968,3.8,2.71,2.86,0.2368907000000035,0.07885391399941,0.1068214400002034,3.634267464015272,2.472245942457991,2.63581107061944,2.183186813186813,1.0112712613473487
53.349335638999946,3.8,2.71,2.84,0.287262302000272,0.1292255159996784,0.0132388660003925,3.634267464015272,2.472245942457991,2.614096402200959,2.1957142857142857,1.0051164596273294
53.39962877200014,3.8,2.81,2.84,0.3375554350004677,0.035357863000172,0.0635319990005882,3.634267464015272,2.5814724480420086,2.614096402200959,2.2563736263736263,1.0353142618251319
53.44993766100015,3.8,2.81,2.84,0.3878643240004749,0.0856667520001792,0.1138408880005954,3.634267464015272,2.5814724480420086,2.614096402200959,2.2563736263736263,1.0353142618251319
53.500273931000265,3.82,2.81,2.81,0.006293688000369,0.1360030220002954,0.0203680670001631,3.6551744144431737,2.5814724480420086,2.5814724480420086,2.275,1.0095978260869567
53.55061005599964,3.82,2.8200000000000003,2.81,0.0566298129997449,0.0426893829999244,0.070704191999539,3.6551744144431737,2.5923541424735936,2.5814724480420086,2.281186813186813,1.0126777830864793
53.60093701799997,3.82,2.8200000000000003,2.81,0.1069567750000715,0.093016345000251,0.1210311539998656,3.6551744144431737,2.5923541424735936,2.5814724480420086,2.281186813186813,1.0126777830864793
53.65107962899947,3.84,2.8200000000000003,2.75,0.0131350839992592,0.1431589559997519,0.0270650079992265,3.676071272432024,2.5923541424735936,2.516028616689405,2.317846153846154,0.9780147157190632
53.70141172100011,3.84,2.8200000000000003,2.75,0.0634671759999037,0.049464134000118,0.0773970999998709,3.676071272432024,2.5923541424735936,2.516028616689405,2.317846153846154,0.9780147157190632
53.75157285200021,3.84,2.8200000000000003,2.75,0.113628306999999,0.0996252650002134,0.1275582309999663,3.676071272432024,2.5923541424735936,2.516028616689405,2.317846153846154,0.9780147157190632
53.80187657599981,3.84,2.8200000000000003,2.75,0.1639320309996037,0.1499289889998181,0.177861954999571,3.676071272432024,2.5923541424735936,2.516028616689405,2.317846153846154,0.9780147157190632
53.85219563499959,3.84,2.8200000000000003,2.75,0.2142510899993794,0.2002480479995938,0.2281810139993467,3.676071272432024,2.5923541424735936,2.516028616689405,2.317846153846154,0.9780147157190632
53.90237638899998,3.84,2.8200000000000003,2.75,0.2644318439997732,0.2504288019999876,0.2783617679997405,3.676071272432024,2.5923541424735936,2.516028616689405,2.317846153846154,0.9780147157190632
53.95269332599946,3.84,2.93,2.69,0.0265384009999252,0.0125720739997632,0.0412427729997944,3.676071272432024,2.711604690953311,2.4503061033266844,2.4232197802197804,0.994994194935499
54.0029871050001,3.84,2.93,2.69,0.0768321800005651,0.0628658530004031,0.0915365520004343,3.676071272432024,2.711604690953311,2.4503061033266844,2.4232197802197804,0.994994194935499
54.05320716999995,3.84,2.93,2.69,0.1270522450004136,0.1130859180002517,0.1417566170002828,3.676071272432024,2.711604690953311,2.4503061033266844,2.4232197802197804,0.994994194935499
54.10354429800009,3.82,2.95,2.63,0.0334919540000555,0.0195854769999641,0.0476659850000942,3.6551744144431737,2.7332032489370417,2.3842818625321964,2.4712197802197804,1.0008463688485427
54.153666279999925,3.82,2.95,2.63,0.0836139359998924,0.069707458999801,0.097787966999931,3.6551744144431737,2.7332032489370417,2.3842818625321964,2.4712197802197804,1.0008463688485427
54.2039774369996,3.82,2.95,2.62,0.1339250929995614,0.12001861599947,0.0041165639995597,3.6551744144431737,2.7332032489370417,2.3732467212660384,2.476989010989011,0.9980119206880078
54.25411942899973,3.86,3.08,2.62,0.0400023089996466,0.0260287519995472,0.054258555999695,3.696958209122737,2.873029759678796,2.3732467212660384,2.563131868131868,1.0075047778308655
54.30423405599959,3.86,3.08,2.62,0.0901169359995037,0.0761433789994043,0.1043731829995522,3.696958209122737,2.873029759678796,2.3732467212660384,2.563131868131868,1.0075047778308655
54.35457645699989,3.86,3.08,2.6,0.140459336999811,0.1264857799997116,0.0106261589999121,3.696958209122737,2.873029759678796,2.3511486554448235,2.5746043956043954,1.0018682752030585
54.404695275999984,3.89,3.18,2.6,0.04680457700033,0.0327005019998978,0.0607449780000024,3.7282703764614498,2.979983221429275,2.3511486554448235,2.643395604395604,1.0108425943621593
54.45502100399972,3.89,3.18,2.6,0.0971303050000642,0.083026229999632,0.1110707059997366,3.7282703764614498,2.979983221429275,2.3511486554448235,2.643395604395604,1.0108425943621593
54.5053763979995,3.87,3.18,2.53,0.0033424929997636,0.1333816239994121,0.0173414109995064,3.7073980093860976,2.979983221429275,2.2734995051681888,2.682857142857143,1.0083245341614906
54.55571153700021,3.87,3.1100000000000003,2.53,0.0536776320004719,0.0397554979999768,0.0676765500002147,3.7073980093860976,2.90516780926679,2.2734995051681888,2.634472527472527,0.9842374104156711
54.606047286999456,3.87,3.1100000000000003,2.53,0.1040133819997208,0.0900912479992257,0.1180122999994637,3.7073980093860976,2.90516780926679,2.2734995051681888,2.634472527472527,0.9842374104156711
54.65640967600029,3.88,3.1100000000000003,2.51,0.0104079180000553,0.1404536370000642,0.0246188690007329,3.717835391729978,2.90516780926679,2.251221890440833,2.64554945054945,0.9703713569039657
54.70672631999969,3.88,3.1,2.51,0.06072456199945,0.0468005180000545,0.0749355130001276,3.717835391729978,2.8944602260179706,2.251221890440833,2.638725274725275,0.966974104156713
54.7570500439997,3.88,3.1,2.51,0.111048285999459,0.0971242420000635,0.1252592370001366,3.717835391729978,2.8944602260179706,2.251221890440833,2.638725274725275,0.966974104156713
54.807375188999686,3.88,3.0900000000000003,2.45,0.0174095160000433,0.0034839820000343,0.0313274379996073,3.717835391729978,2.8837475617675,2.1841245385737507,2.664626373626374,0.9475205207835645
54.85770051199961,3.88,3.0900000000000003,2.45,0.0677348389999679,0.0538093049999588,0.0816527609995318,3.717835391729978,2.8837475617675,2.1841245385737507,2.664626373626374,0.9475205207835645
54.90784256200004,3.88,3.0900000000000003,2.45,0.1178768890003993,0.1039513550003903,0.1317948109999633,3.717835391729978,2.8837475617675,2.1841245385737507,2.664626373626374,0.9475205207835645
54.95818101500026,3.84,3.06,2.42,0.0242478370000753,0.0103369960006602,0.0382695300004343,3.676071272432024,2.8515785102290274,2.1504185639079663,2.6604065934065937,0.9631045867176301
55.00848360399959,3.84,3.06,2.42,0.0745504259994049,0.0606395849999898,0.0885721189997639,3.676071272432024,2.8515785102290274,2.1504185639079663,2.6604065934065937,0.9631045867176301
55.05860206899979,3.84,3.06,2.42,0.1246688909996009,0.1107580500001859,0.1386905839999599,3.676071272432024,2.8515785102290274,2.1504185639079663,2.6604065934065937,0.9631045867176301
55.10893134100024,3.84,3.15,2.4,0.0310304280001219,0.0171101340001769,0.0449591240003428,3.676071272432024,2.947948439169179,2.12788627515664,2.732417582417582,0.9884752747252745
55.1592722180003,3.84,3.15,2.4,0.0813713050001752,0.0674510110002302,0.0953000010003961,3.676071272432024,2.947948439169179,2.12788627515664,2.732417582417582,0.9884752747252745
55.20959170700007,3.84,3.15,2.41,0.1316907939999509,0.117770500000006,0.0016990960002658,3.676071272432024,2.947948439169179,2.13915871313935,2.727131868131868,0.9910721691352125
55.25990942399949,3.86,3.15,2.41,0.0380225209992204,0.0241205459997218,0.0520168129996818,3.696958209122737,2.947948439169179,2.13915871313935,2.727131868131868,0.9743330387004305
55.31023932399967,3.86,3.15,2.41,0.0883524209993993,0.0744504459999007,0.1023467129998607,3.696958209122737,2.947948439169179,2.13915871313935,2.727131868131868,0.9743330387004305
55.36062975099958,3.86,3.15,2.34,0.1387428479993104,0.1248408729998118,0.0087157739999383,3.696958209122737,2.947948439169179,2.059975728012347,2.7636703296703296,0.9563815336837082
55.41092740899967,3.84,3.2,2.34,0.0450970309993863,0.0308259630000975,0.0590134320000288,3.676071272432024,3.0013163778582226,2.059975728012347,2.7985604395604398,0.9904898709985667
55.46125994100021,3.84,3.2,2.34,0.0954295629999251,0.0811584950006363,0.1093459640005676,3.676071272432024,3.0013163778582226,2.059975728012347,2.7985604395604398,0.9904898709985667
55.51158250099979,3.84,3.2,2.33,0.0017682309999145,0.1314810550002221,0.0156879139994998,3.676071272432024,3.0013163778582226,2.0486092843683004,2.8036923076923075,0.9879685618729098
55.56172505499944,3.84,3.46,2.33,0.0519107849995634,0.0376354729996819,0.0658304679991488,3.676071272432024,3.2771176359721967,2.0486092843683004,2.993978021978022,1.0826977544194933
55.61186732199985,3.84,3.46,2.33,0.1020530519999738,0.0877777400000923,0.1159727349995591,3.676071272432024,3.2771176359721967,2.0486092843683004,2.993978021978022,1.0826977544194933
55.661981362000006,3.84,3.46,2.33,0.152167092000127,0.1378917800002455,0.1660867749997123,3.676071272432024,3.2771176359721967,2.0486092843683004,2.993978021978022,1.0826977544194933
55.71214494099968,3.84,3.46,2.33,0.2023306709997996,0.1880553589999181,0.2162503539993849,3.676071272432024,3.2771176359721967,2.0486092843683004,2.993978021978022,1.0826977544194933
55.76248256899999,3.84,3.46,2.33,0.2526682990001063,0.2383929870002248,0.2665879819996917,3.676071272432024,3.2771176359721967,2.0486092843683004,2.993978021978022,1.0826977544194933
55.812569018999966,3.88,3.27,2.28,0.0144990899998447,0.0005764019997513,0.0287677100004657,3.717835391729978,3.075841348314311,1.9915571796963296,2.8787912087912093,0.9667351887243194
55.86288988399974,3.88,3.27,2.28,0.0648199549996206,0.0508972669995273,0.0790885750002416,3.717835391729978,3.075841348314311,1.9915571796963296,2.8787912087912093,0.9667351887243194
55.91298134899989,3.88,3.27,2.28,0.1149114199997711,0.1009887319996778,0.1291800400003921,3.717835391729978,3.075841348314311,1.9915571796963296,2.8787912087912093,0.9667351887243194
55.96310107699992,3.84,3.3400000000000003,2.23,0.0210334889998193,0.0071465190003436,0.0354358940003294,3.676071272432024,3.150158726159684,1.9341147845978528,2.9544175824175833,1.0134383182035358
56.01321989299959,3.84,3.3400000000000003,2.23,0.0711523049994866,0.0572653350000109,0.0855547099999967,3.676071272432024,3.150158726159684,1.9341147845978528,2.9544175824175833,1.0134383182035358
56.063544994999575,3.84,3.3400000000000003,2.23,0.1214774069994746,0.1075904369999989,0.1358798119999846,3.676071272432024,3.150158726159684,1.9341147845978528,2.9544175824175833,1.0134383182035358
56.11388091800018,3.86,3.38,2.16,0.0278905220002343,0.0139794800006711,0.0423606540007313,3.696958209122737,3.1925381751828743,1.8529705880018708,3.0177252747252745,0.9948132345914962
56.16422248799972,3.86,3.38,2.16,0.0782320919997801,0.0643210500002169,0.092702224000277,3.696958209122737,3.1925381751828743,1.8529705880018708,3.0177252747252745,0.9948132345914962
56.21455908499957,3.86,3.38,2.16,0.1285686889996213,0.1146576470000582,0.1430388210001183,3.696958209122737,3.1925381751828743,1.8529705880018708,3.0177252747252745,0.9948132345914962
56.26489516699985,3.87,3.4,2.16,0.0349558970001453,0.0210262040000088,0.0490388400003212,3.7073980093860976,3.213705026912084,1.8529705880018708,3.032626373626374,0.9938292164357381
56.31523384100001,3.87,3.4,2.16,0.0852945710003041,0.0713648780001676,0.09937751400048,3.7073980093860976,3.213705026912084,1.8529705880018708,3.032626373626374,0.9938292164357381
56.36555713799953,3.87,3.4,2.11,0.1356178679998265,0.12168817499969,0.005509169999641,3.7073980093860976,3.213705026912084,1.794435844492636,3.056087912087912,0.9823024605828952
56.41589347700028,3.88,3.44,2.11,0.0421626680008557,0.0282962620003672,0.0558455090003917,3.717835391729978,3.255994471739778,1.794435844492636,3.086153846153846,0.9888461538461539
56.46619582299991,3.88,3.44,2.11,0.0924650140004814,0.0785986079999929,0.1061478550000174,3.717835391729978,3.255994471739778,1.794435844492636,3.086153846153846,0.9888461538461539
56.51652959199964,3.88,3.44,2.15,0.1427987830002166,0.1289323769997281,0.0125743979997423,3.717835391729978,3.255994471739778,1.8413038858374249,3.067428571428571,0.9980459627329193
56.56686743399951,3.86,3.44,2.15,0.0492196529994544,0.0350783039993984,0.0629122399996049,3.696958209122737,3.255994471739778,1.8413038858374249,3.067428571428571,1.0148720496894414
56.61722564499996,3.86,3.44,2.15,0.0995778639999116,0.0854365149998557,0.1132704510000621,3.696958209122737,3.255994471739778,1.8413038858374249,3.067428571428571,1.0148720496894414
56.66751289500007,3.88,3.44,2.1,0.0056868219999159,0.135723764999966,0.0196076270003686,3.717835391729978,3.255994471739778,1.7826665420094696,3.0907802197802194,0.9865731963688487
56.71774562300016,3.88,3.43,2.1,0.0559195499999987,0.0422418210000614,0.0698403550004513,3.717835391729978,3.245427552727067,1.7826665420094696,3.083230769230769,0.9828148829431438
56.76793797099981,3.88,3.43,2.1,0.1061118979996535,0.0924341689997163,0.1200327030001062,3.717835391729978,3.245427552727067,1.7826665420094696,3.083230769230769,0.9828148829431438
56.81805280499975,3.89,3.43,2.09,0.0122557240001697,0.1425490029996581,0.0261977990003288,3.7282703764614498,3.245427552727067,1.7708754896942922,3.087835164835165,0.9721070711896795
56.86839626100027,3.89,3.45,2.09,0.0625991800006886,0.0488359500004662,0.0765412550008477,3.7282703764614498,3.266557821315888,1.7708754896942922,3.1029560439560444,0.9796346392737695
56.9187112059999,3.89,3.45,2.09,0.1129141250003158,0.0991508950000934,0.1268562000004749,3.7282703764614498,3.266557821315888,1.7708754896942922,3.1029560439560444,0.9796346392737695
56.96904721699957,3.87,3.43,2.11,0.0192931599995063,0.0055528439997942,0.0332219559995792,3.7073980093860976,3.245427552727067,1.794435844492636,3.078604395604396,0.9935117534639273
57.01913647800029,3.87,3.43,2.11,0.0693824210002276,0.0556421050005155,0.0833112170003005,3.7073980093860976,3.245427552727067,1.794435844492636,3.078604395604396,0.9935117534639273
57.06946021499971,3.87,3.43,2.11,0.1197061579996443,0.1059658419999323,0.1336349539997172,3.7073980093860976,3.245427552727067,1.794435844492636,3.078604395604396,0.9935117534639273
57.11979268899995,3.88,3.48,2.08,0.0262576590002936,0.0121227429999635,0.0400070719997529,3.717835391729978,3.2982267963255647,1.7590622501776338,3.1303846153846147,0.997202341137124
57.16990992499996,3.88,3.48,2.08,0.0763748950002991,0.062239978999969,0.0901243079997584,3.717835391729978,3.2982267963255647,1.7590622501776338,3.1303846153846147,0.997202341137124
57.22020558500026,3.88,3.48,2.08,0.1266705550006008,0.1125356390002707,0.1404199680000601,3.717835391729978,3.2982267963255647,1.7590622501776338,3.1303846153846147,0.997202341137124
57.27054243400016,3.88,3.45,2.09,0.032867413000531,0.0189453700004378,0.0467803629999252,3.717835391729978,3.266557821315888,1.7708754896942922,3.1029560439560444,0.9880802914476831
57.320869645999664,3.88,3.45,2.09,0.0831946250000328,0.0692725819999395,0.097107574999427,3.717835391729978,3.266557821315888,1.7708754896942922,3.1029560439560444,0.9880802914476831
57.37120940200021,3.88,3.45,2.1,0.1335343810005724,0.1196123380004792,0.0034755070000755,3.717835391729978,3.266557821315888,1.7826665420094696,3.0983516483516484,0.9903424510272341
57.42135086300004,3.84,3.53,2.1,0.0399440589999358,0.025453027000367,0.0536169679999147,3.676071272432024,3.35094016658012,1.7826665420094696,3.159714285714286,1.0544555900621115
57.471586560000105,3.84,3.53,2.1,0.0901797559999977,0.0756887240004289,0.1038526649999767,3.676071272432024,3.35094016658012,1.7826665420094696,3.159714285714286,1.0544555900621115
57.52181345499957,3.84,3.53,2.05,0.1404066509994663,0.1259156189998975,0.0101195719998941,3.676071272432024,3.35094016658012,1.7234848418248416,3.182516483516484,1.0432527711419015
57.57214645800013,3.82,3.51,2.05,0.0465388769998753,0.0322937099999762,0.060452575000454,3.6551744144431737,3.329864862122786,1.7234848418248416,3.167043956043956,1.0522023172479695
57.622483983000166,3.82,3.51,2.05,0.0968764019999071,0.082631235000008,0.1107901000004858,3.6551744144431737,3.329864862122786,1.7234848418248416,3.167043956043956,1.0522023172479695
57.67281449300026,3.81,3.51,2.08,0.0032202050006162,0.1329617450001023,0.0171581080003306,3.6447222116369855,3.329864862122786,1.7590622501776338,3.1534285714285715,1.0671850931677023
57.72314410800027,3.81,3.52,2.08,0.0535498200006259,0.0393175060007706,0.0674877230003403,3.6447222116369855,3.3404041671630096,1.7590622501776338,3.1611538461538466,1.0710309364548494
57.77347755299979,3.81,3.52,2.08,0.1038832650001495,0.0896509510002943,0.1178211679998639,3.6447222116369855,3.3404041671630096,1.7590622501776338,3.1611538461538466,1.0710309364548494
57.82379183699959,3.75,3.52,2.09,0.0099201929997434,0.1399652350000906,0.0241174149996368,3.581954773583832,3.3404041671630096,1.7708754896942922,3.1565714285714286,1.122586645962733
57.87412953199964,3.75,3.52,2.09,0.0602578879997963,0.0463455270000849,0.0744551099996897,3.581954773583832,3.3404041671630096,1.7708754896942922,3.1565714285714286,1.122586645962733
57.92444718000024,3.75,3.52,2.09,0.1105755360003968,0.0966631750006854,0.1247727580002902,3.581954773583832,3.3404041671630096,1.7708754896942922,3.1565714285714286,1.122586645962733
57.97458911299964,3.76,3.6,2.13,0.0167552009997962,0.0031120769999688,0.0309988179997162,3.592422580933373,3.4246021666757147,1.8179108889051736,3.200615384615385,1.1546976588628766
58.02490661899992,3.76,3.6,2.13,0.0670727070000793,0.053429583000252,0.0813163239999994,3.592422580933373,3.4246021666757147,1.8179108889051736,3.200615384615385,1.1546976588628766
58.07522468699972,3.76,3.6,2.13,0.1173907749998761,0.1037476510000487,0.1316343919997962,3.592422580933373,3.4246021666757147,1.8179108889051736,3.200615384615385,1.1546976588628766
58.12553683399983,3.68,3.67,2.12,0.0237399569996341,0.0098111779998362,0.0379937309999149,3.508603710879871,3.498113777452071,1.8061838223170976,3.261208791208791,1.2449387243191594
58.17587201700008,3.68,3.67,2.12,0.0740751399998771,0.0601463610000791,0.0883289140001579,3.508603710879871,3.498113777452071,1.8061838223170976,3.261208791208791,1.2449387243191594
58.22602032099985,3.68,3.67,2.12,0.1242234439996536,0.1102946649998557,0.1384772179999345,3.508603710879871,3.498113777452071,1.8061838223170976,3.261208791208791,1.2449387243191594
58.27616254700024,3.7,3.5900000000000003,2.15,0.0303728400003819,0.0164696340007139,0.0445610180004223,3.529575045242699,3.4140884581393025,1.8413038858374249,3.1833076923076926,1.2040379598662212
58.32627839399993,3.7,3.5900000000000003,2.15,0.08048868700007,0.066585481000402,0.0946768650001104,3.529575045242699,3.4140884581393025,1.8413038858374249,3.1833076923076926,1.2040379598662212
58.37635629400029,3.7,3.5900000000000003,2.17,0.1305665870004304,0.1166633810007624,0.0005444320004244,3.529575045242699,3.4140884581393025,1.8646179233290665,3.1738131868131867,1.2087026516961306
58.42667009300021,3.65,3.64,2.17,0.0371694989999014,0.0229961929999262,0.0508582310003475,3.477125249397841,3.4666266023325902,1.8646179233290665,3.2135384615384615,1.2684245819397992
58.47699627200018,3.65,3.64,2.17,0.0874956779998683,0.0733223719998932,0.1011844100003145,3.477125249397841,3.4666266023325902,1.8646179233290665,3.2135384615384615,1.2684245819397992
58.52735195599962,3.65,3.64,2.18,0.13785136199931,0.1236780559993349,0.0075615139994624,3.477125249397841,3.4666266023325902,1.8762462524945915,3.208758241758242,1.2707731247013856
58.57766871599961,3.63,3.62,2.18,0.0440172640001037,0.0300521579993073,0.0578782739994494,3.4561249977395203,3.4456204085766613,1.8762462524945915,3.1928021978021977,1.2786558767319636
58.62799791799989,3.63,3.62,2.18,0.0943464660003883,0.0803813599995919,0.108207475999734,3.4561249977395203,3.4456204085766613,1.8762462524945915,3.1928021978021977,1.2786558767319636
58.6783644420002,3.63,3.62,2.18,0.1447129900006984,0.1307478839999021,0.1585740000000441,3.4561249977395203,3.4456204085766613,1.8762462524945915,3.1928021978021977,1.2786558767319636
58.72869920699941,3.63,3.62,2.18,0.195047754999905,0.1810826489991086,0.2089087649992507,3.4561249977395203,3.4456204085766613,1.8762462524945915,3.1928021978021977,1.2786558767319636
58.77903480199984,3.63,3.62,2.18,0.2453833500003384,0.231418243999542,0.2592443599996841,3.4561249977395203,3.4456204085766613,1.8762462524945915,3.1928021978021977,1.2786558767319636
58.82937821999985,3.57,3.62,2.2,0.0077866740002718,0.2817616619995533,0.0216938889998346,3.393051723743686,3.4456204085766613,1.8994472880288091,3.183175824175825,1.3303418776875295
58.87970341900018,3.57,3.69,2.2,0.0581118730005982,0.044105923000643,0.0720190880001609,3.393051723743686,3.519090791667643,1.8994472880288091,3.2394065934065934,1.3583350215002388
58.93003406400021,3.57,3.69,2.2,0.1084425180006292,0.094436568000674,0.1223497330001919,3.393051723743686,3.519090791667643,1.8994472880288091,3.2394065934065934,1.3583350215002388
58.98012073100017,3.54,3.71,2.25,0.0146921100003964,0.0006036069999026,0.0284524240005339,3.3614728914569576,3.5400564967243104,1.957140771636011,3.2312197802197793,1.4016289775441952
59.03045789999942,3.54,3.71,2.25,0.0650292789996456,0.0509407759991518,0.078789592999783,3.3614728914569576,3.5400564967243104,1.957140771636011,3.2312197802197793,1.4016289775441952
59.08054554199953,3.54,3.71,2.25,0.1151169209997533,0.1010284179992595,0.1288772349998908,3.3614728914569576,3.5400564967243104,1.957140771636011,3.2312197802197793,1.4016289775441952
59.13087740399988,3.53,3.85,2.26,0.0213131339996834,0.0073693080003067,0.0352690150002672,3.3509401665801195,3.6865159703980663,1.9686289645334387,3.3425714285714285,1.4696496894409938
59.18106460299987,3.53,3.85,2.26,0.0715003329996761,0.0575565070002994,0.0854562140002599,3.3509401665801195,3.6865159703980663,1.9686289645334387,3.3425714285714285,1.4696496894409938
59.23139350099973,3.53,3.85,2.26,0.1218292309995376,0.1078854050001609,0.1357851120001214,3.3509401665801195,3.6865159703980663,1.9686289645334387,3.3425714285714285,1.4696496894409938
59.281733607000206,3.49,3.77,2.28,0.0282220110002526,0.014271605000431,0.0424549620001926,3.308776208811953,3.602887730696031,1.9915571796963296,3.265604395604395,1.471724796942188
59.33207545499954,3.49,3.77,2.28,0.0785638589995869,0.0646134529997652,0.0927968099995268,3.308776208811953,3.602887730696031,1.9915571796963296,3.265604395604395,1.471724796942188
59.38236324900026,3.49,3.77,2.28,0.1288516530003107,0.114901247000489,0.1430846040002507,3.308776208811953,3.602887730696031,1.9915571796963296,3.265604395604395,1.471724796942188
59.43268392600021,3.45,3.76,2.28,0.0351992650003012,0.020933815000717,0.0493492280002101,3.266557821315888,3.592422580933374,1.9915571796963296,3.257329670329671,1.4977793358815097
59.48301011999956,3.45,3.76,2.28,0.0855254589996548,0.0712600090000705,0.0996754219995637,3.266557821315888,3.592422580933374,1.9915571796963296,3.257329670329671,1.4977793358815097
59.53337469999951,3.45,3.76,2.29,0.1358900389996051,0.1216245890000209,0.0058136089992331,3.266557821315888,3.592422580933374,2.0029977533686854,3.2523076923076926,1.5002466555183946
59.58367972799988,3.46,3.66,2.29,0.0425485300002037,0.0279851400000552,0.0561186369995994,3.2771176359721967,3.4876209656440595,2.0029977533686854,3.1707692307692312,1.4521438127090303
59.63400302500031,3.46,3.66,2.29,0.0928718270006356,0.0783084370004871,0.1064419340000313,3.2771176359721967,3.4876209656440595,2.0029977533686854,3.1707692307692312,1.4521438127090303
59.684343410999645,3.46,3.66,2.3,0.1432122129999697,0.1286488229998212,0.012801877000129,3.2771176359721967,3.4876209656440595,2.014422994308792,3.165725274725275,1.4546219302436696
59.73466816400014,3.44,3.68,2.3,0.0491219410005214,0.0350076499998976,0.0631266300006245,3.255994471739778,3.508603710879871,2.014422994308792,3.181857142857143,1.477652795031056
59.78498739199949,3.44,3.68,2.3,0.0994411689998742,0.0853268779992504,0.1134458579999773,3.255994471739778,3.508603710879871,2.014422994308792,3.181857142857143,1.477652795031056
59.83512765799969,3.41,3.68,2.32,0.005551137999646,0.135467143999449,0.0196102029995017,3.22428286600292,3.508603710879871,2.0372285095197347,3.171703296703297,1.5049783803153365
59.88526961200023,3.41,3.65,2.32,0.0556930920001832,0.0418971810004222,0.069752157000039,3.22428286600292,3.477125249397841,2.0372285095197347,3.147538461538461,1.492948494983277
59.9355887290003,3.41,3.65,2.32,0.1060122090002551,0.0922162980004941,0.1200712740001108,3.22428286600292,3.477125249397841,2.0372285095197347,3.147538461538461,1.492948494983277
59.985922975,3.33,3.65,2.36,0.0125378809998437,0.142550544000187,0.0264978940003857,3.1395541084682708,3.477125249397841,2.082666559965853,3.126967032967033,1.561664022933588
60.036255828999856,3.33,3.94,2.36,0.0628707349997057,0.0488064689998282,0.0768307480002477,3.1395541084682708,3.780410030671276,2.082666559965853,3.368846153846153,1.6820777591973242
60.08654805300012,3.33,3.94,2.36,0.1131629589999647,0.0990986930000872,0.1271229720005067,3.1395541084682708,3.780410030671276,2.082666559965853,3.368846153846153,1.6820777591973242
60.13687872900027,3.32,4.11,2.4,0.019430358000136,0.005412793000687,0.033442973000092,3.128945509273052,3.957271787481876,2.12788627515664,3.4983076923076926,1.7744510033444814
60.18721676399946,3.32,4.11,2.4,0.0697683929993218,0.0557508279998728,0.0837810079992777,3.128945509273052,3.957271787481876,2.12788627515664,3.4983076923076926,1.7744510033444814
60.23754475700025,3.32,4.11,2.4,0.1200963860001138,0.1060788210006649,0.1341090010000698,3.128945509273052,3.957271787481876,2.12788627515664,3.4983076923076926,1.7744510033444814
60.28787457699946,3.26,4.09,2.4,0.0264273949997004,0.012472417999561,0.0405015859996638,3.0652079864178874,3.936495903719449,2.12788627515664,3.4802857142857144,1.8083922360248446
60.33821369999987,3.26,4.09,2.4,0.0767665180001131,0.0628115409999736,0.0908407090000764,3.0652079864178874,3.936495903719449,2.12788627515664,3.4802857142857144,1.8083922360248446
60.38854821099994,3.26,4.09,2.4,0.1271010290001868,0.1131460520000473,0.1411752200001501,3.0652079864178874,3.936495903719449,2.12788627515664,3.4802857142857144,1.8083922360248446
60.43888123400029,3.24,3.92,2.43,0.0333026350008367,0.0195933300001343,0.0473582390004594,3.0439283828631707,3.759561144601853,2.1616660241582184,3.3147252747252742,1.7558523650262778
60.48899897499996,3.24,3.92,2.43,0.0834203760005038,0.0697110709998014,0.0974759800001265,3.0439283828631707,3.759561144601853,2.1616660241582184,3.3147252747252742,1.7558523650262778
60.53936340099972,3.24,3.92,2.42,0.1337848020002638,0.1200754969995614,0.0037741569994977,3.0439283828631707,3.759561144601853,2.1504185639079663,3.320054945054945,1.7532338748208312
60.589555937000114,3.25,3.82,2.42,0.0400461670005825,0.0261040559998946,0.0539666929998929,3.054570346218924,3.655174414443174,2.1504185639079663,3.235,1.7038369565217388
60.63989551600025,3.25,3.82,2.42,0.0903857460007202,0.0764436350000323,0.1043062720000307,3.054570346218924,3.655174414443174,2.1504185639079663,3.235,1.7038369565217388
60.69018816799962,3.25,3.82,2.46,0.1406783980000909,0.1267362869994031,0.0106181940000169,3.054570346218924,3.655174414443174,2.195335965177084,3.2135494505494506,1.7143757047300523
60.74034852299974,3.23,3.73,2.46,0.0468366929999319,0.0329155589997753,0.0607785490001333,3.0332820508485523,3.561011092372502,2.195335965177084,3.1388791208791202,1.6912898232202584
60.79067740099981,3.23,3.73,2.46,0.097165571000005,0.0832444369998484,0.1111074270002063,3.0332820508485523,3.561011092372502,2.195335965177084,3.1388791208791202,1.6912898232202584
60.84100486199986,3.23,3.73,2.46,0.0035502840000845,0.1335718979999001,0.0174680640002407,3.0332820508485523,3.561011092372502,2.195335965177084,3.1388791208791202,1.6912898232202584
60.89137638299962,3.23,3.71,2.46,0.0539218049998453,0.0402112369993119,0.0678395850000015,3.0332820508485523,3.5400564967243104,2.195335965177084,3.1225274725274725,1.683149546106068
60.941706570999486,3.23,3.71,2.46,0.104251992999707,0.0905414249991736,0.1181697729998632,3.0332820508485523,3.5400564967243104,2.195335965177084,3.1225274725274725,1.683149546106068
60.99179619899951,3.14,3.71,2.48,0.0107773549998455,0.1406310529991969,0.0246536529994045,2.937260628544903,3.5400564967243104,2.217724058578975,3.1116703296703294,1.7507989249880551
61.04209666799943,3.14,3.96,2.48,0.0610778239997671,0.0473039259995857,0.0749541219993261,2.937260628544903,3.801249794475496,2.217724058578975,3.3223846153846153,1.8556979933110376
61.09244088299965,3.14,3.96,2.48,0.11142203899999,0.0976481409998086,0.125298336999549,2.937260628544903,3.801249794475496,2.217724058578975,3.3223846153846153,1.8556979933110376
61.14258132299983,3.06,3.93,2.53,0.0171811430000161,0.0032462330000271,0.0310881559998961,2.8515785102290274,3.769986737377202,2.2734995051681888,3.268846153846154,1.9101864548494978
61.19291157399948,3.06,3.93,2.53,0.0675113939996663,0.0535764839996772,0.0814184069995462,2.8515785102290274,3.769986737377202,2.2734995051681888,3.268846153846154,1.9101864548494978
61.24302825099949,3.06,3.93,2.53,0.1176280709996717,0.1036931609996827,0.1315350839995517,2.8515785102290274,3.769986737377202,2.2734995051681888,3.268846153846154,1.9101864548494978
61.29332517199964,3.04,3.93,2.56,0.0239643730001262,0.010273202999997,0.0378799939999225,2.830106005081788,3.769986737377202,2.306837662255409,3.2520659340659335,1.9316915193502158
61.343612097000005,3.04,3.93,2.56,0.0742512980004903,0.0605601280003611,0.0881669190002867,2.830106005081788,3.769986737377202,2.306837662255409,3.2520659340659335,1.9316915193502158
61.39390945099967,3.04,3.93,2.56,0.1245486520001577,0.1108574820000285,0.1384642729999541,2.830106005081788,3.769986737377202,2.306837662255409,3.2520659340659335,1.9316915193502158
61.444253736000064,3.03,3.9,2.56,0.0309768400002212,0.0167044310001074,0.0448678789998666,2.819361629872976,3.73870298365623,2.306837662255409,3.226252747252747,1.9254388676540843
61.49459733000003,3.03,3.9,2.56,0.0813204340001902,0.0670480250000764,0.0952114729998356,2.819361629872976,3.73870298365623,2.306837662255409,3.226252747252747,1.9254388676540843
61.54473325500021,3.03,3.9,2.59,0.1314563590003672,0.1171839500002533,0.0013621080006487,2.819361629872976,3.73870298365623,2.3400854685246006,3.209274725274725,1.9337802436693736
61.5950927089998,3.04,3.9,2.59,0.0378399600003831,0.0235590969996337,0.0517215620002389,2.830106005081788,3.73870298365623,2.3400854685246006,3.209274725274725,1.9271824175824177
61.64523491299951,3.04,3.9,2.59,0.0879821640000955,0.0737013009993461,0.1018637659999512,2.830106005081788,3.73870298365623,2.3400854685246006,3.209274725274725,1.9271824175824177
61.69539096500012,3.04,3.9,2.59,0.1381382160006978,0.1238573529999484,0.1520198180005536,2.830106005081788,3.73870298365623,2.3400854685246006,3.209274725274725,1.9271824175824177
61.74561662299948,3.04,3.9,2.59,0.1883638740000606,0.1740830109993112,0.2022454759999163,2.830106005081788,3.73870298365623,2.3400854685246006,3.209274725274725,1.9271824175824177
61.79594212699976,3.04,3.9,2.59,0.2386893780003447,0.2244085149995953,0.2525709800002005,2.830106005081788,3.73870298365623,2.3400854685246006,3.209274725274725,1.9271824175824177
61.846028441999806,2.98,3.9,2.66,0.0006815599999754,0.2744948299996395,0.0147522939996633,2.765556001964162,3.73870298365623,2.417333241404668,3.16889010989011,1.9862844242713809
61.8963608160002,2.98,4.04,2.66,0.0510139340003661,0.036898604000271,0.065084668000054,2.765556001964162,3.884520562437532,2.417333241404668,3.291043956043956,2.0470957955088394
61.94669888999943,2.98,4.04,2.66,0.1013520079995942,0.087236677999499,0.1154227419992821,2.765556001964162,3.884520562437532,2.417333241404668,3.291043956043956,2.0470957955088394
61.997019644999455,2.94,4.04,2.67,0.0075100219992236,0.1375574329995288,0.0220512839996445,2.722407023205751,3.884520562437532,2.428332761381768,3.2851868131868134,2.0757125656951745
62.04739019899989,2.94,3.98,2.67,0.0578805759996612,0.0442074459997456,0.072421838000082,2.722407023205751,3.8220805852310336,2.428332761381768,3.232307692307692,2.049387959866221
62.097702803000175,2.94,3.98,2.67,0.1081931799999438,0.0945200500000282,0.1227344420003646,2.722407023205751,3.8220805852310336,2.428332761381768,3.232307692307692,2.049387959866221
62.1478020429995,2.89,3.93,2.71,0.0143306119998669,0.0006340469999486,0.0286477529998592,2.6683328128252666,3.769986737377202,2.472245942457991,3.165197802197802,2.0710549928332544
62.19812551799987,2.89,3.93,2.71,0.0646540870002354,0.0509575220003171,0.0789712280002277,2.6683328128252666,3.769986737377202,2.472245942457991,3.165197802197802,2.0710549928332544
62.24826141499943,2.89,3.93,2.71,0.114789983999799,0.1010934189998806,0.1291071249997912,2.6683328128252666,3.769986737377202,2.472245942457991,3.165197802197802,2.0710549928332544
62.29859226499957,2.83,3.97,2.72,0.0211133049997442,0.0072505859998273,0.0350605180001366,2.6032287644385,3.811666302288279,2.4832035760283526,3.193956043956044,2.1285781175346394
62.34893020599975,2.83,3.97,2.72,0.0714512459999241,0.0575885270000071,0.0853984590003165,2.6032287644385,3.811666302288279,2.4832035760283526,3.193956043956044,2.1285781175346394
62.399274880999656,2.83,3.97,2.72,0.1217959209998298,0.1079332019999128,0.1357431340002222,2.6032287644385,3.811666302288279,2.4832035760283526,3.193956043956044,2.1285781175346394
62.44960626200009,2.82,3.97,2.75,0.0282136060004631,0.0143237890006275,0.0424297910003588,2.592354142473593,3.811666302288279,2.516028616689405,3.175923076923077,2.1435790969899666
62.499936852000246,2.82,3.97,2.75,0.078544196000621,0.0646543790007854,0.0927603810005166,2.592354142473593,3.811666302288279,2.516028616689405,3.175923076923077,2.1435790969899666
62.55008053700021,2.82,3.97,2.75,0.1286878810005873,0.1147980640007517,0.142904066000483,2.592354142473593,3.811666302288279,2.516028616689405,3.175923076923077,2.1435790969899666
62.60041521099993,2.76,4.01,2.81,0.0352646620003724,0.021191214999817,0.0493040390001624,2.5269546889487358,3.8533102652135343,2.5814724480420086,3.174340659340659,2.215443502150024
62.65058685900021,2.76,4.01,2.81,0.0854363100006594,0.0713628630001039,0.0994756870004494,2.5269546889487358,3.8533102652135343,2.5814724480420086,3.174340659340659,2.215443502150024
62.70090700699984,2.76,4.01,2.83,0.1357564580002872,0.1216830109997317,0.0054882100002942,2.5269546889487358,3.8533102652135343,2.6032287644385,3.1619450549450545,2.2215335164835164
62.751251486,2.75,4.01,2.83,0.0422544519997245,0.0280597110004237,0.0558326890004536,2.516028616689405,3.8533102652135343,2.6032287644385,3.1619450549450545,2.2275226469182985
62.80156869999973,2.75,4.01,2.83,0.0925716659994577,0.0783769250001569,0.1061499030001869,2.516028616689405,3.8533102652135343,2.6032287644385,3.1619450549450545,2.2275226469182985
62.85189252799955,2.75,4.01,2.87,0.1428954939992763,0.1287007529999755,0.0126330949997282,2.516028616689405,3.8533102652135343,2.646658270347723,3.13689010989011,2.2398322503583366
62.902015189999474,2.73,4.05,2.87,0.049020570999346,0.034860144999584,0.0627557569996497,2.4941531628991838,3.894919768108196,2.646658270347723,3.172318681318681,2.269382560917343
62.95237991199974,2.73,4.05,2.87,0.0993852929996137,0.0852248669998516,0.1131204789999174,2.4941531628991838,3.894919768108196,2.646658270347723,3.172318681318681,2.269382560917343
63.00271374699969,2.69,4.05,2.9,0.0055370279997077,0.1355587019997983,0.0196234139993976,2.4503061033266844,3.894919768108196,2.6791603162184976,3.1532967032967036,2.3022933588150982
63.05304175399942,2.69,4.07,2.9,0.0558650349994422,0.0421369050000066,0.0699514209991321,2.4503061033266844,3.915711940375594,2.6791603162184976,3.171142857142857,2.3111776397515524
63.10338022699944,2.69,4.07,2.9,0.106203507999453,0.0924753780000173,0.1202898939991428,2.4503061033266844,3.915711940375594,2.6791603162184976,3.171142857142857,2.3111776397515524
63.15373503599949,2.65,4.07,2.92,0.0125802939992354,0.1428301870000723,0.0267743699996572,2.406324998831205,3.915711940375594,2.700796178907249,3.158351648351648,2.3406794075489716
63.20407513000009,2.65,4.07,2.92,0.0629203879998385,0.0492671270003484,0.0771144640002603,2.406324998831205,3.915711940375594,2.700796178907249,3.158351648351648,2.3406794075489716
63.254393469000206,2.65,4.07,2.92,0.1132387269999526,0.0995854660004624,0.1274328030003744,2.406324998831205,3.915711940375594,2.700796178907249,3.158351648351648,2.3406794075489716
63.30474189599954,2.61,4.23,2.96,0.0196114849995865,0.0055170519999592,0.0335188809995088,2.362202362203543,4.081764324406788,2.743993440225396,3.278439560439561,2.4488970855231726
63.35507358099949,2.61,4.23,2.96,0.0699431699995329,0.0558487369999056,0.0838505659994552,2.362202362203543,4.081764324406788,2.743993440225396,3.278439560439561,2.4488970855231726
63.405406632999984,2.61,4.23,2.96,0.1202762220000295,0.1061817890004022,0.1341836179999518,2.362202362203543,4.081764324406788,2.743993440225396,3.278439560439561,2.4488970855231726
63.45569463999982,2.57,4.2700000000000005,2.99,0.0266023699996367,0.0123093900001549,0.0407081289995403,2.3179301111120667,4.123202638726358,2.7763285108214406,3.2961868131868135,2.4996560439560445
63.50601230299981,2.57,4.2700000000000005,2.99,0.0769200329996238,0.062627053000142,0.0910257919995274,2.3179301111120667,4.123202638726358,2.7763285108214406,3.2961868131868135,2.4996560439560445
63.5563841080002,2.57,4.2700000000000005,2.99,0.1272918380000192,0.1129988580005374,0.1413975969999228,2.3179301111120667,4.123202638726358,2.7763285108214406,3.2961868131868135,2.4996560439560445
63.60671529399952,2.52,4.19,2.99,0.0338410859994837,0.0193664640000861,0.1917287829992346,2.2623660181323446,4.040297018784634,2.7763285108214406,3.221813186813187,2.490293956043956
63.65685652899992,2.52,4.19,2.99,0.083982320999894,0.0695076990004963,0.2418700179996449,2.2623660181323446,4.040297018784634,2.7763285108214406,3.221813186813187,2.490293956043956
63.70719779399951,2.52,4.19,2.99,0.134323585999482,0.1198489640000843,0.2922112829992329,2.2623660181323446,4.040297018784634,2.7763285108214406,3.221813186813187,2.490293956043956
63.75736758299991,2.51,4.3100000000000005,2.99,0.0406203310003547,0.0260885549996601,0.3423810719996254,2.251221890440833,4.164612827142519,2.7763285108214406,3.3339010989010993,2.551561634018156
63.80765885399978,2.51,4.3100000000000005,2.99,0.0909116020002329,0.0763798259995383,0.3926723429995036,2.251221890440833,4.164612827142519,2.7763285108214406,3.3339010989010993,2.551561634018156
63.857902238999486,2.51,4.3100000000000005,3.07,0.1411549869999362,0.1266232109992415,0.0108331829997041,2.251221890440833,4.164612827142519,2.8623067620365217,3.2806263736263745,2.577735738174869
63.908064878000005,2.47,4.2700000000000005,3.07,0.0467116859999805,0.0328279049999764,0.0609958220002226,2.2065357463680484,4.123202638726358,2.8623067620365217,3.2429120879120887,2.5806127568084087
63.95840364899959,2.47,4.2700000000000005,3.07,0.0970504569995682,0.0831666759995641,0.1113345929998104,2.2065357463680484,4.123202638726358,2.8623067620365217,3.2429120879120887,2.5806127568084087
64.00872463799988,2.49,4.2700000000000005,3.1,0.0034644569996089,0.1334876649998477,0.0177021609997609,2.228901074520805,4.123202638726358,2.8944602260179706,3.2225714285714284,2.5798236024844723
64.05905914199957,2.49,4.23,3.1,0.0537989609993019,0.0399872479993064,0.0680366649994539,2.228901074520805,4.081764324406788,2.8944602260179706,3.185208791208791,2.5612235069278553
64.10924454299948,2.49,4.23,3.1,0.1039843619992098,0.0901726489992142,0.1182220659993618,2.228901074520805,4.081764324406788,2.8944602260179706,3.185208791208791,2.5612235069278553
64.15954840799986,2.43,4.23,3.16,0.0102986530000634,0.1404765139996016,0.0245791779998398,2.161666024158219,4.081764324406788,2.9586314403791487,3.143934065934067,2.6135889154323944
64.20984695100015,2.43,4.2700000000000005,3.16,0.0605971960003444,0.0466670169998906,0.0748777210001208,2.161666024158219,4.123202638726358,2.9586314403791487,3.181296703296704,2.6321890109890105
64.26020234599946,2.43,4.2700000000000005,3.16,0.1109525909996591,0.0970224119992053,0.1252331159994355,2.161666024158219,4.123202638726358,2.9586314403791487,3.181296703296704,2.6321890109890105
64.31034096100029,2.41,4.33,3.18,0.017284206000113,0.0032004090007831,0.0312532380003176,2.1391587131393504,4.185307635049066,2.9799832214292743,3.2240659340659352,2.6777849976110843
64.36067331699996,2.41,4.33,3.18,0.0676165619997846,0.0535327650004546,0.0815855939999892,2.1391587131393504,4.185307635049066,2.9799832214292743,3.2240659340659352,2.6777849976110843
64.41079826799978,2.41,4.33,3.18,0.1177415129996006,0.1036577160002707,0.1317105449998052,2.1391587131393504,4.185307635049066,2.9799832214292743,3.2240659340659352,2.6777849976110843
64.46111423999992,2.36,4.3500000000000005,3.18,0.0241787739996652,0.0101802760000282,0.037826163000318,2.082666559965853,4.205995720397253,2.9799832214292743,3.243142857142858,2.713205900621118
64.51144957499946,2.36,4.3500000000000005,3.18,0.0745141089992103,0.0605156109995732,0.088161497999863,2.082666559965853,4.205995720397253,2.9799832214292743,3.243142857142858,2.713205900621118
64.56162596499962,2.36,4.3500000000000005,3.18,0.1246904989993709,0.1106920009997338,0.1383378880000236,2.082666559965853,4.205995720397253,2.9799832214292743,3.243142857142858,2.713205900621118
64.61197072300001,2.34,4.29,3.21,0.0308516149998467,0.0169267170003877,0.0449596489997929,2.059975728012347,4.1439111959596815,3.011976095522672,3.16510989010989,2.705413401815576
64.66233249800007,2.34,4.29,3.21,0.0812133899999025,0.0672884920004435,0.0953214239998487,2.059975728012347,4.1439111959596815,3.011976095522672,3.16510989010989,2.705413401815576
64.71255615700011,2.34,4.29,3.21,0.1314370489999419,0.1175121510004828,0.1455450829998881,2.059975728012347,4.1439111959596815,3.011976095522672,3.16510989010989,2.705413401815576
64.76266830999975,2.34,4.29,3.21,0.1815492019995872,0.1676243040001281,0.1956572359995334,2.059975728012347,4.1439111959596815,3.011976095522672,3.16510989010989,2.705413401815576
64.81298642000002,2.34,4.29,3.21,0.2318673119998493,0.2179424140003902,0.2459753459997955,2.059975728012347,4.1439111959596815,3.011976095522672,3.16510989010989,2.705413401815576
64.86335015799978,2.34,4.29,3.3,0.2822310499996092,0.2683061520001502,0.0082111550000263,2.059975728012347,4.1439111959596815,3.107716203259236,3.1007252747252743,2.737045843287148
64.91367130799972,2.29,4.3500000000000005,3.3,0.0445807790001708,0.0307492479996653,0.0585323049999715,2.0029977533686854,4.205995720397253,3.107716203259236,3.157692307692308,2.79056856187291
64.96378639999966,2.29,4.3500000000000005,3.3,0.0946958710001126,0.0808643399996071,0.1086473969999133,2.0029977533686854,4.205995720397253,3.107716203259236,3.157692307692308,2.79056856187291
65.01386862599975,2.27,4.3500000000000005,3.33,0.0008523959995727,0.1309465659996931,0.0147682079996229,1.980101007524616,4.205995720397253,3.1395541084682708,3.1358351648351657,2.811220114667941
65.06422050199944,2.27,4.38,3.33,0.0512042719992678,0.0372777109996604,0.065120083999318,1.980101007524616,4.237015459023014,3.1395541084682708,3.1646153846153853,2.825547658862876
65.11455516800015,2.27,4.38,3.33,0.101538937999976,0.0876123770003687,0.1154547500000262,1.980101007524616,4.237015459023014,3.1395541084682708,3.1646153846153853,2.825547658862876
65.16488860400023,2.26,4.38,3.33,0.0079067770002438,0.1379458130004422,0.0218060690003767,1.9686289645334387,4.237015459023014,3.1395541084682708,3.1646153846153853,2.830471571906354
65.2152241040003,2.26,4.48,3.33,0.0582422770003177,0.0442902720005804,0.0721415690004505,1.9686289645334387,4.340311048761368,3.1395541084682708,3.2619780219780226,2.8789412326803636
65.26555743500012,2.26,4.48,3.33,0.1085756080001374,0.0946236030004001,0.1224749000002702,1.9686289645334387,4.340311048761368,3.1395541084682708,3.2619780219780226,2.8789412326803636
65.31564465100018,2.22,4.46,3.39,0.0146949600002699,0.0004212890007693,0.0286275830003432,1.922576396401454,4.319664338811524,3.2031234756093934,3.1980219780219783,2.9104065934065937
65.36598065999988,2.22,4.46,3.39,0.065030968999963,0.0507572980004624,0.0789635920000364,1.922576396401454,4.319664338811524,3.2031234756093934,3.1980219780219783,2.9104065934065937
65.41607081999973,2.22,4.46,3.39,0.1151211289998173,0.1008474580003166,0.1290537519998906,1.922576396401454,4.319664338811524,3.2031234756093934,3.1980219780219783,2.9104065934065937
65.46640687199942,2.22,4.46,3.39,0.0214891469995563,0.007236962999741,0.0354150949997347,1.922576396401454,4.319664338811524,3.2031234756093934,3.1980219780219783,2.9104065934065937
65.51674447499954,2.22,4.46,3.39,0.0718267499996727,0.0575745659998574,0.085752697999851,1.922576396401454,4.319664338811524,3.2031234756093934,3.1980219780219783,2.9104065934065937
65.56707826399997,2.22,4.46,3.39,0.1221605390001059,0.1079083550002906,0.1360864870002842,1.922576396401454,4.319664338811524,3.2031234756093934,3.1980219780219783,2.9104065934065937
65.61740843299958,2.18,4.42,3.43,0.0285268019997602,0.0142820109995227,0.0427389219994438,1.876246252494592,4.278352486647168,3.245427552727066,3.1290109890109905,2.9248337314859056
65.66772170399963,2.18,4.42,3.43,0.0788400729998102,0.0645952819995727,0.0930521929994938,1.876246252494592,4.278352486647168,3.245427552727066,3.1290109890109905,2.9248337314859056
65.71804937700017,2.18,4.42,3.43,0.1291677460003484,0.1149229550001109,0.143379866000032,1.876246252494592,4.278352486647168,3.245427552727066,3.1290109890109905,2.9248337314859056
65.7683788129998,2.14,4.46,3.43,0.0355269530000441,0.021320136000213,0.0493606649997673,1.829617446353199,4.319664338811524,3.245427552727066,3.1680439560439573,2.9630479694218828
65.81871797199983,2.14,4.46,3.43,0.0858661120000761,0.071659295000245,0.0996998239997992,1.829617446353199,4.319664338811524,3.245427552727066,3.1680439560439573,2.9630479694218828
65.86903696599984,2.14,4.46,3.47,0.1361851060000845,0.1219782890002534,0.0061327260000325,1.829617446353199,4.319664338811524,3.2876739497705665,3.1377142857142863,2.9779490683229817
65.91934326999944,2.18,4.46,3.47,0.0425042580000081,0.0282763029999841,0.0564390299996375,1.876246252494592,4.319664338811524,3.2876739497705665,3.1377142857142863,2.9591664596273297
65.96945526199943,2.18,4.46,3.47,0.0926162499999918,0.0783882949999679,0.1065510219996213,1.876246252494592,4.319664338811524,3.2876739497705665,3.1377142857142863,2.9591664596273297
66.01955291099966,2.18,4.46,3.5,0.1427138990002276,0.1284859440002037,0.0132629359995917,1.876246252494592,4.319664338811524,3.319322219972023,3.1147362637362637,2.9704556617295754
66.06984770399959,2.12,4.5200000000000005,3.5,0.0491737490001469,0.0349107699994419,0.0635577289995126,1.8061838223170976,4.381586470674749,3.319322219972023,3.173945054945056,3.027974820831343
66.12017629000002,2.12,4.5200000000000005,3.5,0.0995023350005794,0.0852393559998745,0.1138863149999451,1.8061838223170976,4.381586470674749,3.319322219972023,3.173945054945056,3.027974820831343
66.17050574099994,2.0900000000000003,4.5200000000000005,3.53,0.0055927780003912,0.1355688069997995,0.0197039340000628,1.7708754896942926,4.381586470674749,3.3509401665801195,3.150769230769231,3.0530894648829436
66.2208372289997,2.0900000000000003,4.5200000000000005,3.53,0.0559242660001473,0.0420119929995053,0.0700354219998189,1.7708754896942926,4.381586470674749,3.3509401665801195,3.150769230769231,3.0530894648829436
66.2711335490003,2.0900000000000003,4.5200000000000005,3.53,0.1062205860007452,0.0923083130001032,0.1203317420004168,1.7708754896942926,4.381586470674749,3.3509401665801195,3.150769230769231,3.0530894648829436
66.32125514499967,2.1,4.5200000000000005,3.55,0.0122168170000804,0.1424299089994747,0.026130493999517,1.7826665420094696,4.381586470674749,3.372002372478406,3.1352087912087923,3.056180028666985
66.37152535199948,2.1,4.5600000000000005,3.55,0.0624870239998927,0.0487319779995232,0.0764007009993292,1.7826665420094696,4.422838455110022,3.372002372478406,3.1751208791208803,3.0760493072145247
66.42184534199987,2.1,4.5600000000000005,3.55,0.1128070140002819,0.0990519679999124,0.1267206909997185,1.7826665420094696,4.422838455110022,3.372002372478406,3.1751208791208803,3.0760493072145247
66.47217547199944,2.0900000000000003,4.6000000000000005,3.59,0.0191665509992162,0.0052104739997957,0.0330746359995828,1.7708754896942926,4.464067651817119,3.4140884581393025,3.1840000000000015,3.116067391304348
66.52250805599942,2.0900000000000003,4.6000000000000005,3.59,0.0694991349992051,0.0555430579997846,0.0834072199995716,1.7708754896942926,4.464067651817119,3.4140884581393025,3.1840000000000015,3.116067391304348
66.57283670600009,2.0900000000000003,4.6000000000000005,3.59,0.1198277849998703,0.1058717080004498,0.1337358700002369,1.7708754896942926,4.464067651817119,3.4140884581393025,3.1840000000000015,3.116067391304348
66.62318012499964,2.03,4.5600000000000005,3.58,0.0262083829993571,0.0123256019996915,0.040129985999556,1.6996470221784288,4.422838455110022,3.403571653425266,3.1516153846153854,3.1190215719063548
66.6735164189995,2.03,4.5600000000000005,3.58,0.0765446769992195,0.0626618959995539,0.0904662799994184,1.6996470221784288,4.422838455110022,3.403571653425266,3.1516153846153854,3.1190215719063548
66.72383776300012,2.03,4.5600000000000005,3.58,0.1268660209998415,0.112983240000176,0.1407876240000405,1.6996470221784288,4.422838455110022,3.403571653425266,3.1516153846153854,3.1190215719063548
66.77417629299998,2.01,4.5600000000000005,3.59,0.0332547079997311,0.0193516280005496,0.0471689799996966,1.675708805252273,4.422838455110022,3.4140884581393025,3.1437362637362645,3.1316752269469665
66.8244723050002,2.01,4.5600000000000005,3.59,0.0835507199999483,0.0696476400007668,0.0974649919999137,1.675708805252273,4.422838455110022,3.4140884581393025,3.1437362637362645,3.1316752269469665
66.87461338799949,2.01,4.5600000000000005,3.62,0.1336918029992375,0.119788723000056,0.0036351149992697,1.675708805252273,4.422838455110022,3.4456204085766613,3.1199670329670335,3.1433531533683716
66.92496241499975,2.02,4.5600000000000005,3.62,0.0401350390002335,0.0262924279995786,0.0539841419995354,1.6876907299620982,4.422838455110022,3.4456204085766613,3.1199670329670335,3.1389727185857628
66.97533867699985,2.02,4.5600000000000005,3.62,0.0905113010003333,0.0766686899996784,0.1043604039996353,1.6876907299620982,4.422838455110022,3.4456204085766613,3.1199670329670335,3.1389727185857628
67.02560718599943,2.02,4.5600000000000005,3.65,0.1407798099999127,0.1269371989992578,0.0112118869992627,1.6876907299620982,4.422838455110022,3.477125249397841,3.096000000000001,3.1507478260869575
67.07584781300011,2.0,4.58,3.65,0.0473356160000548,0.0330573669998557,0.0614525139999386,1.6637006942355947,4.4434558622765685,3.477125249397841,3.1160879120879126,3.1694872431915915
67.12617787099953,2.0,4.58,3.65,0.0976656739994723,0.0833874249992732,0.1117825719993561,1.6637006942355947,4.4434558622765685,3.477125249397841,3.1160879120879126,3.1694872431915915
67.17633837799985,2.0,4.58,3.63,0.0035386119998292,0.1335479319996011,0.0174304250003842,1.6637006942355947,4.4434558622765685,3.4561249977395203,3.132087912087912,3.1616263736263748
67.22666956400008,2.0,4.5600000000000005,3.63,0.0538697980000506,0.0400679989998025,0.0677616110006056,1.6637006942355947,4.422838455110022,3.4561249977395203,3.112,3.1516260869565227
67.27700003300015,2.0,4.5600000000000005,3.63,0.1042002670001238,0.0903984679998757,0.1180920800006788,1.6637006942355947,4.422838455110022,3.4561249977395203,3.112,3.1516260869565227
67.32728070800022,2.0500000000000003,4.5600000000000005,3.65,0.0106007829999725,0.140679142999943,0.0246280430001206,1.7234848418248423,4.422838455110022,3.477125249397841,3.096000000000001,3.137476086956522
67.37736147800024,2.0500000000000003,4.5600000000000005,3.65,0.0606815529999948,0.0467785979999462,0.0747088130001429,1.7234848418248423,4.422838455110022,3.477125249397841,3.096000000000001,3.137476086956522
67.42748092900001,2.0500000000000003,4.5600000000000005,3.65,0.110801003999768,0.0968980489997193,0.124828263999916,1.7234848418248423,4.422838455110022,3.477125249397841,3.096000000000001,3.137476086956522
67.47761967799943,2.0,4.58,3.61,0.0168809219994727,0.0026256929995724,0.0307993659998828,1.6637006942355947,4.4434558622765685,3.435112807463533,3.148000000000001,3.1538086956521743
67.5279390630003,2.0,4.58,3.61,0.0672003070003484,0.0529450780004481,0.0811187510007585,1.6637006942355947,4.4434558622765685,3.435112807463533,3.148000000000001,3.1538086956521743
67.57808023199959,2.0,4.58,3.61,0.1173414759996376,0.1030862469997373,0.1312599200000477,1.6637006942355947,4.4434558622765685,3.435112807463533,3.148000000000001,3.1538086956521743
67.62840967299962,1.98,4.58,3.6,0.0239620869997452,0.0094571999998152,0.0376308549994064,1.6396036106327652,4.4434558622765685,3.4246021666757147,3.155923076923077,3.15856822742475
67.67875413699949,1.98,4.58,3.6,0.0743065509996085,0.0598016639996785,0.0879753189992698,1.6396036106327652,4.4434558622765685,3.4246021666757147,3.155923076923077,3.15856822742475
67.72912670099959,1.98,4.58,3.6,0.1246791149997079,0.1101742279997779,0.1383478829993691,1.6396036106327652,4.4434558622765685,3.4246021666757147,3.155923076923077,3.15856822742475
67.77944479599955,1.98,4.58,3.6,0.1749972099996739,0.1604923229997439,0.1886659779993351,1.6396036106327652,4.4434558622765685,3.4246021666757147,3.155923076923077,3.15856822742475
67.82973408999987,1.98,4.58,3.6,0.225286503999996,0.210781617000066,0.2389552719996572,1.6396036106327652,4.4434558622765685,3.4246021666757147,3.155923076923077,3.15856822742475
67.8798202629996,1.98,4.58,3.63,0.2753726769997229,0.2608677899997929,0.0010920059994532,1.6396036106327652,4.4434558622765685,3.4561249977395203,3.132087912087912,3.170278547539417
67.92993632599973,1.98,4.5200000000000005,3.63,0.0372560249998059,0.0230612260002089,0.0512080689995855,1.6396036106327652,4.381586470674749,3.4561249977395203,3.0720879120879125,3.1404089823220263
67.98005958199974,1.98,4.5200000000000005,3.63,0.0873792809998121,0.0731844820002152,0.1013313249995917,1.6396036106327652,4.381586470674749,3.4561249977395203,3.0720879120879125,3.1404089823220263
68.0303861249995,1.98,4.5200000000000005,3.64,0.1377058239995676,0.1235110249999706,0.0077210679992276,1.6396036106327652,4.381586470674749,3.4666266023325902,3.0640989010989017,3.144334018155758
68.08071918099995,2.0,4.5200000000000005,3.64,0.0440282250001473,0.0298721620001742,0.0580541239996819,1.6637006942355947,4.381586470674749,3.4666266023325902,3.0640989010989017,3.135681844242714
68.13097787700008,2.0,4.5200000000000005,3.64,0.0942869210002754,0.0801308580003024,0.10831281999981,1.6637006942355947,4.381586470674749,3.4666266023325902,3.0640989010989017,3.135681844242714
68.18106789400008,2.0500000000000003,4.5200000000000005,3.63,0.000231853000514,0.1302208750003046,0.0144663440005388,1.7234848418248423,4.381586470674749,3.4561249977395203,3.0720879120879125,3.1097459388437656
68.23118194200015,2.0500000000000003,4.5200000000000005,3.63,0.0503459010005826,0.036366719000398,0.0645803920006073,1.7234848418248423,4.381586470674749,3.4561249977395203,3.0720879120879125,3.1097459388437656
68.28152176899948,2.0500000000000003,4.5200000000000005,3.63,0.1006857279999167,0.086706545999732,0.1149202189999414,1.7234848418248423,4.381586470674749,3.4561249977395203,3.0720879120879125,3.1097459388437656
68.3318639729996,1.98,4.5200000000000005,3.67,0.0070131349993971,0.1370487499998489,0.0212422589993366,1.6396036106327652,4.381586470674749,3.498113777452071,3.040000000000001,3.1561739130434785
68.38218692999999,1.98,4.48,3.67,0.0573360919997867,0.0436666160003369,0.0715652159997262,1.6396036106327652,4.340311048761368,3.498113777452071,3.0004395604395615,3.136479694218825
68.43252030399981,1.98,4.48,3.67,0.1076694659996064,0.0939999900001566,0.1218985899995459,1.6396036106327652,4.340311048761368,3.498113777452071,3.0004395604395615,3.136479694218825
68.48273609599983,1.98,4.48,3.7,0.0139165609998599,0.1442157820001739,0.0278032329997586,1.6396036106327652,4.340311048761368,3.5295750452426984,2.9761428571428588,3.1484167701863357
68.5330548410002,1.98,4.46,3.7,0.0642353060002278,0.0500817760002973,0.0781219780001265,1.6396036106327652,4.319664338811524,3.5295750452426984,2.9564945054945055,3.1386353081700906
68.58339796000018,1.98,4.46,3.7,0.1145784250002179,0.1004248950002875,0.1284650970001166,1.6396036106327652,4.319664338811524,3.5295750452426984,2.9564945054945055,3.1386353081700906
68.6337232779997,1.97,4.4,3.7,0.0209370499997021,0.0070284630000969,0.035022920999836,1.627513440804714,4.2576871655865,3.5295750452426984,2.898076923076924,3.113846989966556
68.6840333580003,1.97,4.4,3.7,0.0712471300003017,0.0573385430006965,0.0853330010004356,1.627513440804714,4.2576871655865,3.5295750452426984,2.898076923076924,3.113846989966556
68.734373882,1.97,4.4,3.7,0.1215876539999953,0.1076790670003902,0.1356735250001293,1.627513440804714,4.2576871655865,3.5295750452426984,2.898076923076924,3.113846989966556
68.78470134500003,1.98,4.42,3.71,0.0279564630000095,0.0142981870003495,0.0421192430003429,1.6396036106327652,4.278352486647168,3.5400564967243104,2.9093186813186818,3.123204300047779
68.83503327899962,1.98,4.42,3.71,0.0782883969995964,0.0646301209999364,0.0924511769999298,1.6396036106327652,4.278352486647168,3.5400564967243104,2.9093186813186818,3.123204300047779
68.8853592610003,1.98,4.42,3.71,0.1286143790002825,0.1149561030006225,0.1427771590006159,1.6396036106327652,4.278352486647168,3.5400564967243104,2.9093186813186818,3.123204300047779
68.93557430799956,1.98,4.33,3.74,0.0349842299992815,0.0212359399993147,0.0489948240001467,1.6396036106327652,4.185307635049066,3.5714842852797206,2.7982197802197812,3.0921898471094127
68.98589024600005,1.98,4.33,3.74,0.085300167999776,0.0715518779998092,0.0993107620006412,1.6396036106327652,4.185307635049066,3.5714842852797206,2.7982197802197812,3.0921898471094127
69.03622103199996,1.98,4.33,3.79,0.13563095399968,0.1218826639997132,0.0054720210000596,1.6396036106327652,4.185307635049066,3.623810149552539,2.756846153846155,3.1125168896321074
69.08656002999942,1.98,4.3500000000000005,3.79,0.0421207199997297,0.0279651899991222,0.0558110189995204,1.6396036106327652,4.205995720397253,3.623810149552539,2.775923076923078,3.122013879598662
69.13691213899983,1.98,4.3500000000000005,3.79,0.0924728290001439,0.0783172989995364,0.1061631279999346,1.6396036106327652,4.205995720397253,3.623810149552539,2.775923076923078,3.122013879598662
69.18724439400012,1.98,4.3500000000000005,3.76,0.1428050840004289,0.1286495539998213,0.0125314400002025,1.6396036106327652,4.205995720397253,3.592422580933373,2.800813186813188,3.109785260391782
69.2375654790003,1.97,4.3100000000000005,3.76,0.0491537580001022,0.0351982260008298,0.0628525250003804,1.627513440804714,4.164612827142519,3.592422580933373,2.762747252747254,3.095128523650263
69.28789431199948,1.97,4.3100000000000005,3.76,0.0994825909992869,0.0855270590000145,0.113181357999565,1.627513440804714,4.164612827142519,3.592422580933373,2.762747252747254,3.095128523650263
69.33822313099972,1.98,4.3100000000000005,3.79,0.0056029209999906,0.1358558780002567,0.0196673239997835,1.6396036106327652,4.164612827142519,3.623810149552539,2.7378571428571443,3.103063664596273
69.38856674399995,1.98,4.25,3.79,0.0559465340002134,0.0422955599997294,0.0700109370000063,1.6396036106327652,4.102487050558478,3.623810149552539,2.6814175824175828,3.0749665790731013
69.43887372100016,1.98,4.25,3.79,0.1062535110004319,0.0926025369999479,0.1203179140002248,1.6396036106327652,4.102487050558478,3.623810149552539,2.6814175824175828,3.0749665790731013
69.4891701659999,1.98,4.25,3.78,0.0125939099998504,0.1428989819996786,0.0265067359996464,1.6396036106327652,4.102487050558478,3.613350245962879,2.689736263736264,3.0708795747730537
69.53950167599942,1.98,4.25,3.78,0.0629254199993738,0.04885724199994,0.0768382459991698,1.6396036106327652,4.102487050558478,3.613350245962879,2.689736263736264,3.0708795747730537
69.5898593969996,1.98,4.25,3.78,0.113283140999556,0.0992149630001222,0.1271959669993521,1.6396036106327652,4.102487050558478,3.613350245962879,2.689736263736264,3.0708795747730537
69.64017659599995,1.95,4.2700000000000005,3.8,0.0196148519999042,0.0054064060004748,0.0335710440003822,1.6032467059064863,4.123202638726358,3.634267464015272,2.6918021978021986,3.1012015289058765
69.69051618699996,1.95,4.2700000000000005,3.8,0.069954442999915,0.0557459970004856,0.083910635000393,1.6032467059064863,4.123202638726358,3.634267464015272,2.6918021978021986,3.1012015289058765
69.74064094299956,1.95,4.2700000000000005,3.8,0.1200791989995195,0.1058707530000901,0.1340353909999976,1.6032467059064863,4.123202638726358,3.634267464015272,2.6918021978021986,3.1012015289058765
69.79096121800012,1.98,4.19,3.79,0.0264380930002516,0.0124047270001028,0.0403727970006002,1.6396036106327652,4.040297018784634,3.623810149552539,2.6257692307692313,3.0472633779264213
69.84132570099973,1.98,4.19,3.79,0.0768025759998636,0.0627692099997148,0.0907372800002122,1.6396036106327652,4.040297018784634,3.623810149552539,2.6257692307692313,3.0472633779264213
69.89149617099974,1.98,4.19,3.79,0.1269730459998754,0.1129396799997266,0.140907750000224,1.6396036106327652,4.040297018784634,3.623810149552539,2.6257692307692313,3.0472633779264213
69.94183296699975,1.96,4.13,3.76,0.033031420000043,0.0191112169995903,0.0472742829997514,1.6153946886132813,3.9780397182532,3.592422580933373,2.595802197802198,3.016290659340659
69.9921925259996,1.96,4.13,3.76,0.083390978999887,0.0694707759994344,0.0976338419995954,1.6153946886132813,3.9780397182532,3.592422580933373,2.595802197802198,3.016290659340659
70.04235015999984,1.96,4.13,3.83,0.13354861300013,0.1196284099996773,0.0037841679995835,1.6153946886132813,3.9780397182532,3.6656240942027862,2.5374175824175826,3.044975274725274
70.09266009600015,1.95,4.15,3.83,0.0400372650001372,0.0259772590006832,0.054094103999887,1.6032467059064863,3.99879981994598,3.6656240942027862,2.5556153846153853,3.0582846153846166
70.14300059000016,1.95,4.15,3.83,0.0903777590001482,0.0763177530006942,0.1044345979998979,1.6032467059064863,3.99879981994598,3.6656240942027862,2.5556153846153853,3.0582846153846166
70.19336841299992,1.95,4.15,3.79,0.1407455819999086,0.1266855760004546,0.0108817440004713,1.6032467059064863,3.99879981994598,3.623810149552539,2.589109890109891,3.041828619206881
70.2437266500001,1.94,4.11,3.79,0.0469948159998239,0.0330837910005357,0.0612399810006536,1.5910688231500232,3.957271787481876,3.623810149552539,2.552802197802199,3.0279819636884864
70.29386334799983,1.94,4.11,3.79,0.0971315139995567,0.0832204890002685,0.1113766790003865,1.5910688231500232,3.957271787481876,3.623810149552539,2.552802197802199,3.0279819636884864
70.34415795599944,1.89,4.11,3.84,0.003478207999251,0.1335150969998721,0.0173765379995529,1.5297058540778354,3.957271787481876,3.676071272432024,2.5108791208791215,3.0693941710463446
70.39432255599968,1.89,4.15,3.84,0.0536428079994948,0.039842764000241,0.0675411379997967,1.5297058540778354,3.99879981994598,3.676071272432024,2.5471868131868134,3.0874690874343047
70.44449610299944,1.89,4.15,3.84,0.1038163549992532,0.0900163109999994,0.1177146849995551,1.5297058540778354,3.99879981994598,3.676071272432024,2.5471868131868134,3.0874690874343047
70.49470775699956,1.89,4.15,3.84,0.0100075379996269,0.1402279650001219,0.0239772549994086,1.5297058540778354,3.99879981994598,3.676071272432024,2.5471868131868134,3.0874690874343047
70.5448490179997,1.89,4.13,3.84,0.0601487989997622,0.0462524039994605,0.0741185159995438,1.5297058540778354,3.9780397182532,3.676071272432024,2.528989010989011,3.0784097467749647
70.59516722199987,1.89,4.13,3.84,0.1104670029999397,0.096570607999638,0.1244367199997213,1.5297058540778354,3.9780397182532,3.676071272432024,2.528989010989011,3.0784097467749647
70.64549574499961,1.89,4.11,3.86,0.0168752129993663,0.0030737789993509,0.0308071529998414,1.5297058540778354,3.957271787481876,3.696958209122737,2.493956043956045,3.0777085523172474
70.69583669399981,1.89,4.11,3.86,0.0672161619995677,0.0534147279995522,0.0811481020000428,1.5297058540778354,3.957271787481876,3.696958209122737,2.493956043956045,3.0777085523172474
70.74617304099957,1.89,4.11,3.86,0.1175525089993243,0.1037510749993089,0.1314844489997995,1.5297058540778354,3.957271787481876,3.696958209122737,2.493956043956045,3.0777085523172474
70.79633226999977,1.89,4.11,3.86,0.1677117379995252,0.1539103039995097,0.1816436780000003,1.5297058540778354,3.957271787481876,3.696958209122737,2.493956043956045,3.0777085523172474
70.84666057999948,1.89,4.11,3.86,0.2180400479992386,0.2042386139992231,0.2319719879997137,1.5297058540778354,3.957271787481876,3.696958209122737,2.493956043956045,3.0777085523172474
70.89699834800012,1.89,4.11,3.86,0.2683778159998837,0.2545763819998683,0.2823097560003589,1.5297058540778354,3.957271787481876,3.696958209122737,2.493956043956045,3.0777085523172474
70.94737991599959,1.93,4.05,3.86,0.0308349070000986,0.0172073839994482,0.0447700739996435,1.578860348479244,3.894919768108196,3.696958209122737,2.440153846153847,3.0343157190635455
70.9974835439998,1.93,4.05,3.86,0.080938535000314,0.0673110119996636,0.0948737019998589,1.578860348479244,3.894919768108196,3.696958209122737,2.440153846153847,3.0343157190635455
71.04757547499958,1.93,4.05,3.88,0.1310304660000838,0.1174029429994334,0.0011277289995632,1.578860348479244,3.894919768108196,3.717835391729978,2.4231428571428575,3.042673291925466
71.09788799299986,1.88,4.01,3.88,0.037380841000413,0.0234439070000007,0.0514402469998458,1.517333186877556,3.8533102652135343,3.717835391729978,2.387714285714286,3.0457425465838504
71.14821479700004,1.88,4.01,3.88,0.0877076450005915,0.0737707110001792,0.1017670510000243,1.517333186877556,3.8533102652135343,3.717835391729978,2.387714285714286,3.0457425465838504
71.19853058599983,1.88,4.01,3.89,0.138023434000388,0.1240864999999757,0.0079774509995331,1.517333186877556,3.8533102652135343,3.7282703764614498,2.3791758241758236,3.049937529861442
71.24884932900022,1.88,3.97,3.89,0.0446160159999635,0.0304563690006034,0.0582961939999222,1.517333186877556,3.811666302288279,3.7282703764614498,2.344098901098901,3.0324753225035836
71.29918155099949,1.88,3.97,3.89,0.0949482379992332,0.0807885909998731,0.1086284159991919,1.517333186877556,3.811666302288279,3.7282703764614498,2.344098901098901,3.0324753225035836
71.34952293199967,1.85,3.97,3.91,0.0010757039999589,0.1311299720000533,0.0153147209994131,1.4800000000000002,3.811666302288279,3.749133233162033,2.326956043956044,3.0530607262302913
71.39982255199993,1.85,3.96,3.91,0.0513753240002188,0.0374464209999132,0.065614340999673,1.4800000000000002,3.801249794475496,3.749133233162033,2.3182417582417583,3.048722527472527
71.45018335999976,1.85,3.96,3.91,0.1017361320000418,0.0878072289997362,0.115975148999496,1.4800000000000002,3.801249794475496,3.749133233162033,2.3182417582417583,3.048722527472527
71.50051791900023,1.87,3.96,3.91,0.0080854280004132,0.1381417880002118,0.0220244540005296,1.5049252473129684,3.801249794475496,3.749133233162033,2.3182417582417583,3.0406355709507884
71.5508579239995,1.87,3.95,3.91,0.0584254329996838,0.044191975999638,0.0723644589998002,1.5049252473129684,3.7908310434520818,3.749133233162033,2.3095494505494507,3.036308313425705
71.60119309499987,1.87,3.95,3.91,0.1087606040000537,0.0945271470000079,0.1226996300001701,1.5049252473129684,3.7908310434520818,3.749133233162033,2.3095494505494507,3.036308313425705
71.65128289399945,1.89,3.93,3.93,0.0151185479999185,0.0007958919995871,0.0288327579992255,1.5297058540778354,3.769986737377202,3.769986737377202,2.275,3.027978260869565
71.7015973890002,1.89,3.93,3.93,0.0654330430006666,0.0511103870003353,0.0791472529999737,1.5297058540778354,3.769986737377202,3.769986737377202,2.275,3.027978260869565
71.75168345099974,1.89,3.93,3.93,0.1155191050002031,0.1011964489998717,0.1292333149995101,1.5297058540778354,3.769986737377202,3.769986737377202,2.275,3.027978260869565
71.80202449399985,1.88,3.9,3.97,0.0216834689999814,0.0074416039997231,0.0355829079999239,1.517333186877556,3.73870298365623,3.811666302288279,2.2144615384615385,3.0362862876254177
71.85237845899974,1.88,3.9,3.97,0.072037433999867,0.0577955689996088,0.0859368729998095,1.517333186877556,3.73870298365623,3.811666302288279,2.2144615384615385,3.0362862876254177
71.9026882369999,1.88,3.9,3.97,0.1223472120000224,0.1081053469997641,0.1362466509999649,1.517333186877556,3.73870298365623,3.811666302288279,2.2144615384615385,3.0362862876254177
71.95294229199953,1.92,3.86,3.95,0.0283474609996119,0.0143628910000188,0.0428506089992879,1.566620566697629,3.696958209122738,3.790831043452081,2.1977582417582426,2.99423182035356
72.00305459299943,1.92,3.86,3.95,0.0784597619995111,0.064475191999918,0.0929629099991871,1.566620566697629,3.696958209122738,3.790831043452081,2.1977582417582426,2.99423182035356
72.05316594899978,1.92,3.86,3.95,0.1285711179998543,0.1145865480002612,0.1430742659995303,1.566620566697629,3.696958209122738,3.790831043452081,2.1977582417582426,2.99423182035356
72.10335693900015,1.92,3.83,3.97,0.0347597150002911,0.020807980000427,0.0494526870006666,1.566620566697629,3.6656240942027862,3.811666302288279,2.1549999999999994,2.9901630434782605
72.153638967,1.92,3.83,3.97,0.0850417430001471,0.0710900080002829,0.0997347150005225,1.566620566697629,3.6656240942027862,3.811666302288279,2.1549999999999994,2.9901630434782605
72.20396715100014,1.92,3.83,3.99,0.1353699270002835,0.1214181920004193,0.0058425580000402,1.566620566697629,3.6656240942027862,3.8324926614411146,2.1375054945054943,2.998758170090778
72.25408438199975,1.88,3.82,3.99,0.0418614319996777,0.027583795999817,0.0559597889996439,1.517333186877556,3.655174414443174,3.8324926614411146,2.129098901098901,3.0110948877209744
72.30441291900024,1.88,3.82,3.99,0.0921899690001737,0.077912333000313,0.1062883260001399,1.517333186877556,3.655174414443174,3.8324926614411146,2.129098901098901,3.0110948877209744
72.35456969999996,1.88,3.82,3.99,0.1423467499998878,0.1280691140000271,0.0121553730004961,1.517333186877556,3.655174414443174,3.8324926614411146,2.129098901098901,3.0110948877209744
72.40491447299974,1.9,3.82,3.99,0.0486059180002484,0.0344422629996188,0.0625001460002749,1.5420440979427272,3.655174414443174,3.8324926614411146,2.129098901098901,3.002877496416627
72.45524973200008,1.9,3.82,3.99,0.0989411770005972,0.0847775219999675,0.1128354050006237,1.5420440979427272,3.655174414443174,3.8324926614411146,2.129098901098901,3.002877496416627
72.50555670599988,1.92,3.82,4.03,0.0052831700004389,0.135084495999763,0.0189922099998511,1.566620566697629,3.655174414443174,3.874119254746813,2.0938461538461532,3.011892976588629
72.55566965900016,1.92,3.82,4.03,0.0553961230007189,0.0415363440006331,0.0691051630001311,1.566620566697629,3.655174414443174,3.874119254746813,2.0938461538461532,3.011892976588629
72.60600575399985,1.92,3.82,4.03,0.1057322180004121,0.0918724390003262,0.1194412579998243,1.566620566697629,3.655174414443174,3.874119254746813,2.0938461538461532,3.011892976588629
72.65637466299995,1.87,3.82,4.03,0.01189988599981,0.1422413480004252,0.0258289710000099,1.5049252473129684,3.655174414443174,3.874119254746813,2.0938461538461532,3.0324908026755857
72.70656723699994,1.87,3.79,4.03,0.0620924599998033,0.048398198000541,0.0760215450000032,1.5049252473129684,3.623810149552539,3.874119254746813,2.068758241758241,3.020001385570951
72.7568816009998,1.87,3.79,4.03,0.1124068239996631,0.0987125620004008,0.126335908999863,1.5049252473129684,3.623810149552539,3.874119254746813,2.068758241758241,3.020001385570951
72.80720443700011,1.89,3.78,4.07,0.0187593130003733,0.0049226080000153,0.0326751689999582,1.5297058540778354,3.61335024596288,3.915711940375594,2.024835164835166,3.025178810320115
72.8575337100001,1.89,3.78,4.07,0.0690885860003618,0.0552518810000037,0.0830044419999467,1.5297058540778354,3.61335024596288,3.915711940375594,2.024835164835166,3.025178810320115
72.90786232499977,1.89,3.78,4.07,0.1194172010000329,0.1055804959996749,0.1333330569996178,1.5297058540778354,3.61335024596288,3.915711940375594,2.024835164835166,3.025178810320115
72.957974809,1.88,3.76,4.11,0.0258529540005838,0.0117148560002533,0.0395145649999904,1.517333186877556,3.592422580933374,3.957271787481876,1.9723076923076923,3.0386923076923087
73.00834418500017,1.88,3.76,4.11,0.0762223300007463,0.0620842320004157,0.0898839410001528,1.517333186877556,3.592422580933374,3.957271787481876,1.9723076923076923,3.0386923076923087
73.05867146499986,1.88,3.76,4.11,0.1265496100004384,0.1124115120001079,0.1402112209998449,1.517333186877556,3.592422580933374,3.957271787481876,1.9723076923076923,3.0386923076923087
73.10898961699968,1.88,3.73,4.11,0.0326388559997212,0.0187563499994212,0.0465704190000906,1.517333186877556,3.561011092372502,3.957271787481876,1.947615384615384,3.0263998327759194
73.1593639269995,1.88,3.73,4.11,0.0830131659995458,0.0691306599992458,0.0969447289999152,1.517333186877556,3.561011092372502,3.957271787481876,1.947615384615384,3.0263998327759194
73.20969876700019,1.88,3.73,4.11,0.133348006000233,0.1194654999999329,0.0033234600005016,1.517333186877556,3.561011092372502,3.957271787481876,1.947615384615384,3.0263998327759194
73.26002500199957,1.89,3.72,4.11,0.0399626819998957,0.0261032629996407,0.0536496949998763,1.5297058540778354,3.5505351709284616,3.957271787481876,1.939428571428571,3.0182263975155283
73.31035071699989,1.89,3.72,4.11,0.0902883970002221,0.0764289779999671,0.1039754100002028,1.5297058540778354,3.5505351709284616,3.957271787481876,1.939428571428571,3.0182263975155283
73.36056669400023,1.89,3.72,4.130000000000001,0.1405043740005567,0.1266449550003017,0.0102078810004968,1.5297058540778354,3.5505351709284616,3.978039718253201,1.9213186813186807,3.0271238652651697
73.41087317599977,1.89,3.68,4.130000000000001,0.046618118999504,0.0327168670000901,0.0605143630000384,1.5297058540778354,3.508603710879871,3.978039718253201,1.8887912087912082,3.010930840898233
73.46120760400026,1.89,3.68,4.130000000000001,0.0969525470000007,0.0830512950005868,0.1108487910005351,1.5297058540778354,3.508603710879871,3.978039718253201,1.8887912087912082,3.010930840898233
73.51153549999981,1.93,3.68,4.130000000000001,0.0033482429998912,0.1333791910001309,0.0174215529996217,1.578860348479244,3.508603710879871,3.978039718253201,1.8887912087912082,2.994322145246059
73.56177553199996,1.93,3.67,4.130000000000001,0.0535882750000382,0.0393008410001129,0.0676615849997688,1.578860348479244,3.498113777452071,3.978039718253201,1.8807142857142853,2.990301242236025
73.61209943799986,1.93,3.67,4.130000000000001,0.1039121809999414,0.0896247470000162,0.117985490999672,1.578860348479244,3.498113777452071,3.978039718253201,1.8807142857142853,2.990301242236025
73.66228256799968,1.89,3.67,4.16,0.0103677659999448,0.1398078769998392,0.0240409589996488,1.5297058540778354,3.498113777452071,4.009176972896059,1.8533846153846143,3.0203371237458194
73.71261957699971,1.89,3.66,4.16,0.0607047749999765,0.0463760699994963,0.0743779679996805,1.5297058540778354,3.4876209656440595,4.009176972896059,1.8453296703296698,3.0163271619684666
73.76295703799951,1.89,3.66,4.16,0.1110422359997755,0.0967135309992954,0.1247154289994796,1.5297058540778354,3.4876209656440595,4.009176972896059,1.8453296703296698,3.0163271619684666
73.8132292299997,1.89,3.66,4.16,0.1613144279999687,0.1469857229994886,0.1749876209996728,1.5297058540778354,3.4876209656440595,4.009176972896059,1.8453296703296698,3.0163271619684666
73.86356704700029,1.89,3.66,4.16,0.2116522450005504,0.1973235400000703,0.2253254380002545,1.5297058540778354,3.4876209656440595,4.009176972896059,1.8453296703296698,3.0163271619684666
73.91385949100004,1.89,3.66,4.16,0.2619446890003019,0.2476159839998217,0.2756178820000059,1.5297058540778354,3.4876209656440595,4.009176972896059,1.8453296703296698,3.0163271619684666
73.96397191399956,1.95,3.63,4.220000000000001,0.0236912869995649,0.0096865349996733,0.0377962319998914,1.6032467059064863,3.4561249977395203,4.071400250528067,1.7660439560439545,3.0064653607262306
74.0143473219996,1.95,3.63,4.220000000000001,0.0740666949996011,0.0600619429997095,0.0881716399999277,1.6032467059064863,3.4561249977395203,4.071400250528067,1.7660439560439545,3.0064653607262306
74.06468236899946,1.95,3.63,4.220000000000001,0.1244017419994634,0.1103969899995718,0.1385066869997899,1.6032467059064863,3.4561249977395203,4.071400250528067,1.7660439560439545,3.0064653607262306
74.11500049999995,1.94,3.5700000000000003,4.28,0.0308005050001156,0.0166415550002057,0.0448577050001404,1.5910688231500232,3.393051723743686,4.133557789604495,1.6625274725274721,3.0145951982799803
74.1653651810002,1.94,3.5700000000000003,4.28,0.0811651860003621,0.0670062360004521,0.0952223860003869,1.5910688231500232,3.393051723743686,4.133557789604495,1.6625274725274721,3.0145951982799803
74.2156775149997,1.94,3.5700000000000003,4.28,0.1314775199998621,0.1173185699999521,0.1455347199998868,1.5910688231500232,3.393051723743686,4.133557789604495,1.6625274725274721,3.0145951982799803
74.26600773199971,1.94,3.5700000000000003,4.28,0.1818077369998718,0.1676487869999618,0.1958649369998966,1.5910688231500232,3.393051723743686,4.133557789604495,1.6625274725274721,3.0145951982799803
74.31638090199976,1.94,3.5700000000000003,4.28,0.232180906999929,0.218021957000019,0.2462381069999537,1.5910688231500232,3.393051723743686,4.133557789604495,1.6625274725274721,3.0145951982799803
74.36670037800013,1.94,3.5700000000000003,4.28,0.282500383000297,0.268341433000387,0.0082720450000124,1.5910688231500232,3.393051723743686,4.133557789604495,1.6625274725274721,3.0145951982799803
74.41703293699993,1.99,3.53,4.28,0.0446719070005201,0.030790617999628,0.0586046039998109,1.651665825765006,3.35094016658012,4.133557789604495,1.631318681318681,2.9776999522216916
74.46737563700026,1.99,3.53,4.28,0.0950146070008486,0.0811333179999564,0.1089473040001394,1.651665825765006,3.35094016658012,4.133557789604495,1.631318681318681,2.9776999522216916
74.51753091799947,1.94,3.53,4.300000000000001,0.0011890059995494,0.1312885989991628,0.0153024369992635,1.5910688231500232,3.35094016658012,4.15426287083521,1.6124615384615382,3.008323244147158
74.56788223399963,1.94,3.56,4.300000000000001,0.0515403219997097,0.0376837799994973,0.0656537529994238,1.5910688231500232,3.3825286399378798,4.15426287083521,1.6358351648351646,3.019959245102724
74.61822008499985,1.94,3.56,4.300000000000001,0.1018781729999318,0.0880216309997194,0.115991603999646,1.5910688231500232,3.3825286399378798,4.15426287083521,1.6358351648351646,3.019959245102724
74.6685392999998,1.98,3.56,4.32,0.0082851090000986,0.1383408459996644,0.0221749189995534,1.6396036106327652,3.3825286399378798,4.174961077662881,1.6168901098901094,3.0122235547061638
74.71885582199957,1.98,3.54,4.32,0.058601630999874,0.044682138999633,0.0724914409993289,1.6396036106327652,3.3614728914569576,4.174961077662881,1.6012857142857133,3.0044552795031065
74.76917956800025,1.98,3.54,4.32,0.1089253770005598,0.0950058850003188,0.1228151870000147,1.6396036106327652,3.3614728914569576,4.174961077662881,1.6012857142857133,3.0044552795031065
74.81943001299987,1.98,3.51,4.36,0.015220211000269,0.0014985010002419,0.0291491810003208,1.6396036106327652,3.329864862122786,4.216337273036872,1.5398901098901094,3.0116300764452943
74.8697345849996,1.98,3.51,4.36,0.0655247830000007,0.0518030729999736,0.0794537530000525,1.6396036106327652,3.329864862122786,4.216337273036872,1.5398901098901094,3.0116300764452943
74.92005689399957,1.98,3.51,4.36,0.1158470919999672,0.1021253819999401,0.129776062000019,1.6396036106327652,3.329864862122786,4.216337273036872,1.5398901098901094,3.0116300764452943
74.97039093399962,1.98,3.51,4.380000000000001,0.0224454839999452,0.0083119900000383,0.0361285889994178,1.6396036106327652,3.329864862122786,4.237015459023015,1.520681318681318,3.021067439082657
75.0206854170001,1.98,3.51,4.380000000000001,0.072739967000416,0.0586064730005091,0.0864230719998886,1.6396036106327652,3.329864862122786,4.237015459023015,1.520681318681318,3.021067439082657
75.07101070399949,1.98,3.51,4.380000000000001,0.1230652539998118,0.1089317599999049,0.1367483589992844,1.6396036106327652,3.329864862122786,4.237015459023015,1.520681318681318,3.021067439082657
75.12136497499978,2.01,3.5,4.4,0.0292428719994859,0.0153257860001758,0.0433923190003042,1.675708805252273,3.319322219972023,4.2576871655865,1.493681318681318,3.0137022216913523
75.17169559299964,2.01,3.5,4.4,0.0795734899993476,0.0656564040000375,0.0937229370001659,1.675708805252273,3.319322219972023,4.2576871655865,1.493681318681318,3.0137022216913523
75.2218633550001,2.01,3.5,4.4,0.1297412519998033,0.1158241660004932,0.1438906990006216,1.675708805252273,3.319322219972023,4.2576871655865,1.493681318681318,3.0137022216913523
75.27220634700006,1.99,3.47,4.380000000000001,0.0361194140004954,0.0221960600001693,0.0498128959998211,1.651665825765006,3.287673949770567,4.237015459023015,1.4899999999999989,3.001478260869566
75.32253808599944,1.99,3.47,4.380000000000001,0.0864511529998708,0.0725277989995447,0.1001446349991965,1.651665825765006,3.287673949770567,4.237015459023015,1.4899999999999989,3.001478260869566
75.37286951500027,1.99,3.47,4.41,0.1367825820007056,0.1228592280003795,0.0067289950002304,1.651665825765006,3.287673949770567,4.268020618506898,1.4610219780219773,3.0157152890587677
75.42320654099967,2.0500000000000003,3.46,4.41,0.0433633880002162,0.0293720239997128,0.0570660209996276,1.7234848418248423,3.2771176359721967,4.268020618506898,1.4534065934065927,2.9855763258480654
75.47349511700031,2.0500000000000003,3.46,4.41,0.0936519640008555,0.0796606000003521,0.1073545970002669,1.7234848418248423,3.2771176359721967,4.268020618506898,1.4534065934065927,2.9855763258480654
75.5236818960002,2.0500000000000003,3.46,4.430000000000001,0.1438387430007424,0.129847379000239,0.0135656970005584,1.7234848418248423,3.2771176359721967,4.288682781460993,1.4339780219780216,2.995121667462972
75.57399378500031,2.03,3.45,4.430000000000001,0.0498366620004162,0.0358205360007559,0.0638775860006717,1.6996470221784288,3.266557821315888,4.288682781460993,1.4263846153846151,3.0002110367892985
75.62435906399969,2.03,3.45,4.430000000000001,0.1002019409997956,0.0861858150001353,0.1142428650000511,1.6996470221784288,3.266557821315888,4.288682781460993,1.4263846153846151,3.0002110367892985
75.67470445700019,2.06,3.45,4.45,0.0067253420002089,0.1365312080006333,0.0206390870007453,1.7353673962593628,3.266557821315888,4.3093386963663,1.4068681318681315,2.9964626134734833
75.7250226340002,2.06,3.41,4.45,0.0570435190002172,0.0430624830005399,0.0709572640007536,1.7353673962593628,3.22428286600292,4.3093386963663,1.3767142857142858,2.981451242236026
75.7751627079997,2.06,3.41,4.45,0.1071835929997178,0.0932025570000405,0.1210973380002542,1.7353673962593628,3.22428286600292,4.3093386963663,1.3767142857142858,2.981451242236026
75.825429687,2.06,3.41,4.470000000000001,0.01315589800015,0.1434695360003388,0.0273954129997946,1.7353673962593628,3.22428286600292,4.329988452640492,1.3571098901098897,2.9910829670329684
75.87578848999965,2.06,3.41,4.470000000000001,0.0635147009998036,0.049300982999739,0.0777542159994482,1.7353673962593628,3.22428286600292,4.329988452640492,1.3571098901098897,2.9910829670329684
75.92612710899994,2.06,3.41,4.470000000000001,0.1138533200000893,0.0996396020000247,0.1280928349997339,1.7353673962593628,3.22428286600292,4.329988452640492,1.3571098901098897,2.9910829670329684
75.97628342699954,2.0700000000000003,3.38,4.510000000000001,0.0200466529995537,0.0063846909997664,0.0343310600001132,1.7472263734273248,3.1925381751828743,4.371269838387926,1.2952527472527464,2.994843215480172
76.02662211899951,2.0700000000000003,3.38,4.510000000000001,0.0703853449995222,0.0567233829997348,0.0846697520000816,1.7472263734273248,3.1925381751828743,4.371269838387926,1.2952527472527464,2.994843215480172
76.07694974399965,2.0700000000000003,3.38,4.510000000000001,0.1207129699996585,0.1070510079998712,0.1349973770002179,1.7472263734273248,3.1925381751828743,4.371269838387926,1.2952527472527464,2.994843215480172
76.12728430399966,2.06,3.39,4.53,0.0270739369998409,0.013370677000239,0.0415946160001112,1.7353673962593628,3.2031234756093934,4.391901638242824,1.2828241758241758,3.012797252747253
76.17762244999994,2.06,3.39,4.53,0.0774120830001265,0.0637088230005247,0.0919327620003969,1.7353673962593628,3.2031234756093934,4.391901638242824,1.2828241758241758,3.012797252747253
76.22796330199981,2.06,3.39,4.53,0.1277529349999895,0.1140496750003876,0.1422736140002598,1.7353673962593628,3.2031234756093934,4.391901638242824,1.2828241758241758,3.012797252747253
76.27831521200005,2.1,3.4,4.550000000000001,0.0342059750000771,0.0202146689998699,0.0483995280001181,1.7826665420094696,3.213705026912084,4.412527620310156,1.2703296703296691,3.00822933588151
76.3285496769995,2.1,3.4,4.550000000000001,0.0844404399995255,0.0704491339993182,0.0986339929995665,1.7826665420094696,3.213705026912084,4.412527620310156,1.2703296703296691,3.00822933588151
76.3786904210001,2.1,3.4,4.57,0.1345811840001261,0.1205898779999188,0.0049942360001296,1.7826665420094696,3.213705026912084,4.433147865794688,1.2502857142857142,3.01807701863354
76.42902187999971,2.15,3.38,4.57,0.0411194239995893,0.0269550269995306,0.0553256949997376,1.8413038858374249,3.1925381751828743,4.433147865794688,1.2353846153846149,2.9875610367892973
76.47934036300012,2.15,3.38,4.57,0.0914379069999995,0.0772735099999408,0.1056441780001478,1.8413038858374249,3.1925381751828743,4.433147865794688,1.2353846153846149,2.9875610367892973
76.52965780399973,2.15,3.38,4.590000000000001,0.1417553479996058,0.1275909509995472,0.0114662420000968,1.8413038858374249,3.1925381751828743,4.453762454374953,1.2152527472527461,2.9974519111323463
76.57997859900024,2.14,3.37,4.590000000000001,0.048060787000395,0.0339481490000252,0.061787037000613,1.829617446353199,3.1819490882162147,4.453762454374953,1.2078351648351642,2.998422288580985
76.63034215799962,2.14,3.37,4.590000000000001,0.0984243459997742,0.0843117079994044,0.1121505959999922,1.829617446353199,3.1819490882162147,4.453762454374953,1.2078351648351642,2.998422288580985
76.68064031199992,2.15,3.37,4.61,0.0045754889997624,0.1346098619997064,0.0184801750001497,1.8413038858374249,3.1819490882162147,4.474371464239419,1.187615384615384,3.0036933110367894
76.73097471100027,2.15,3.3600000000000003,4.61,0.054909888000111,0.0412381870000899,0.0688145740004984,1.8413038858374249,3.1713561767798963,4.474371464239419,1.1802197802197798,3.000011586239847
76.78132451999954,2.15,3.3600000000000003,4.61,0.1052596969993828,0.0915879959993617,0.1191643829997701,1.8413038858374249,3.1713561767798963,4.474371464239419,1.1802197802197798,3.000011586239847
76.83160974299972,2.15,3.3600000000000003,4.61,0.1555449199995564,0.1418732189995353,0.1694496059999437,1.8413038858374249,3.1713561767798963,4.474371464239419,1.1802197802197798,3.000011586239847
76.88188055599949,2.15,3.3600000000000003,4.61,0.2058157329993264,0.1921440319993053,0.2197204189997137,1.8413038858374249,3.1713561767798963,4.474371464239419,1.1802197802197798,3.000011586239847
76.93205049700009,2.15,3.3600000000000003,4.61,0.2559856739999304,0.2423139729999093,0.2698903600003177,1.8413038858374249,3.1713561767798963,4.474371464239419,1.1802197802197798,3.000011586239847
76.98239603099955,2.21,3.35,4.630000000000001,0.0186301429994273,0.0044907100000273,0.0322834210001019,1.9110206696946008,3.160759402422145,4.494974972121648,1.1525384615384597,2.977883277591974
77.03259932899982,2.21,3.35,4.630000000000001,0.0688334409996969,0.0546940080002968,0.0824867190003715,1.9110206696946008,3.160759402422145,4.494974972121648,1.1525384615384597,2.977883277591974
77.08274153299953,2.21,3.35,4.630000000000001,0.1189756449994092,0.1048362120000092,0.1326289230000839,1.9110206696946008,3.160759402422145,4.494974972121648,1.1525384615384597,2.977883277591974
77.13300052399973,2.21,3.3200000000000003,4.65,0.0250588529997912,0.011152488999869,0.039155927000138,1.9110206696946008,3.128945509273052,4.515573053334427,1.1101538461538454,2.9769570234113707
77.18336361099955,2.21,3.3200000000000003,4.65,0.0754219399996145,0.0615155759996923,0.0895190139999613,1.9110206696946008,3.128945509273052,4.515573053334427,1.1101538461538454,2.9769570234113707
77.23369814099988,2.21,3.3200000000000003,4.65,0.125756469999942,0.1118501060000198,0.1398535440002888,1.9110206696946008,3.128945509273052,4.515573053334427,1.1101538461538454,2.9769570234113707
77.28403043900016,2.23,3.3200000000000003,4.66,0.0321241270003156,0.0183809830004975,0.0460455900001761,1.9341147845978528,3.128945509273052,4.525870082094713,1.0999230769230766,2.9723312709030103
77.33437423899977,2.23,3.3200000000000003,4.66,0.0824679269999251,0.0687247830001069,0.0963893899997856,1.9341147845978528,3.128945509273052,4.525870082094713,1.0999230769230766,2.9723312709030103
77.38452303400027,2.23,3.3200000000000003,4.7,0.1326167220004208,0.1188735780006027,0.0028783650004697,1.9341147845978528,3.128945509273052,4.567044996493904,1.0587802197802185,2.9925449354992844
77.43484230899958,2.23,3.3200000000000003,4.7,0.0391140369993081,0.0246716609999566,0.0531976399997802,1.9341147845978528,3.128945509273052,4.567044996493904,1.0587802197802185,2.9925449354992844
77.48516254999959,2.23,3.3200000000000003,4.7,0.0894342779993166,0.0749919019999652,0.1035178809997887,1.9341147845978528,3.128945509273052,4.567044996493904,1.0587802197802185,2.9925449354992844
77.53549130200008,2.23,3.3200000000000003,4.720000000000001,0.1397630299998127,0.1253206540004612,0.0095635859997855,1.9341147845978528,3.128945509273052,4.587624657706862,1.038076923076922,3.002716555183947
77.58580780699958,2.24,3.31,4.720000000000001,0.0459612069998911,0.0319276939999326,0.059880090999286,1.945636142756399,3.118332887938682,4.587624657706862,1.030791208791208,2.9942308408982323
77.63614024900016,2.24,3.31,4.720000000000001,0.0962936490004722,0.0822601360005137,0.1102125329998671,1.945636142756399,3.118332887938682,4.587624657706862,1.030791208791208,2.9942308408982323
77.6862823370002,2.24,3.31,4.7,0.0024737590001677,0.1324022240005433,0.0163775190003434,1.945636142756399,3.118332887938682,4.567044996493904,1.0514945054945044,2.984059221213569
77.73659350599974,2.24,3.33,4.7,0.0527849279997099,0.0385408009997263,0.0666886879998855,1.945636142756399,3.1395541084682708,4.567044996493904,1.0660879120879108,2.991324199713331
77.78690670000015,2.24,3.33,4.7,0.1030981220001194,0.0888539950001359,0.1170018820002951,1.945636142756399,3.1395541084682708,4.567044996493904,1.0660879120879108,2.991324199713331
77.8372490089996,2.23,3.33,4.7,0.0094678539999222,0.1391963039995971,0.0234002059996782,1.9341147845978528,3.1395541084682708,4.567044996493904,1.0660879120879108,2.996182895365505
77.88757462299964,2.23,3.31,4.7,0.0597934679999525,0.0456709000000046,0.0737258199997086,1.9341147845978528,3.118332887938682,4.567044996493904,1.0514945054945044,2.9889179168657436
77.93790596599956,2.23,3.31,4.7,0.1101248109998778,0.0960022429999298,0.1240571629996338,1.9341147845978528,3.118332887938682,4.567044996493904,1.0514945054945044,2.9889179168657436
77.98805086900029,2.22,3.3200000000000003,4.7,0.0159954660002767,0.002050720000625,0.0302376500003447,1.922576396401454,3.128945509273052,4.567044996493904,1.0587802197802185,2.997381892021023
78.03839833100028,2.22,3.3200000000000003,4.7,0.0663429280002674,0.0523981820006156,0.0805851120003353,1.922576396401454,3.128945509273052,4.567044996493904,1.0587802197802185,2.997381892021023
78.088551414,2.22,3.3200000000000003,4.7,0.116496010999981,0.1025512650003293,0.130738195000049,1.922576396401454,3.128945509273052,4.567044996493904,1.0587802197802185,2.997381892021023
78.13884392099953,2.25,3.31,4.720000000000001,0.0228110959997138,0.008889278999959,0.0370396329999493,1.957140771636011,3.118332887938682,4.587624657706862,1.030791208791208,2.989350406115624
78.18917294199946,2.25,3.31,4.720000000000001,0.0731401169996388,0.059218299999884,0.0873686539998743,1.957140771636011,3.118332887938682,4.587624657706862,1.030791208791208,2.989350406115624
78.23951617700004,2.25,3.31,4.720000000000001,0.1234833520002212,0.1095615350004663,0.1377118890004567,1.957140771636011,3.118332887938682,4.587624657706862,1.030791208791208,2.989350406115624
78.28985361600007,2.27,3.26,4.7,0.0298547540005529,0.0160443740005575,0.0441453160001401,1.980101007524616,3.0652079864178874,4.567044996493904,1.0153956043956032,2.951381724796943
78.33996848700008,2.27,3.26,4.7,0.0799696250005581,0.0661592450005628,0.0942601870001453,1.980101007524616,3.0652079864178874,4.567044996493904,1.0153956043956032,2.951381724796943
78.39012037300017,2.27,3.26,4.680000000000001,0.1301215110006524,0.116311131000657,5.87800004723249e-05,1.980101007524616,3.0652079864178874,4.546460161488277,1.0360109890109879,2.9412532967032976
78.44045861900031,2.29,3.22,4.680000000000001,0.0367543500005922,0.0225634710004669,0.0503970260006099,2.0029977533686854,3.022631304013111,4.546460161488277,1.0075274725274714,2.917160415671286
78.490785856,2.29,3.22,4.680000000000001,0.0870815870002843,0.072890708000159,0.100724263000302,2.0029977533686854,3.022631304013111,4.546460161488277,1.0075274725274714,2.917160415671286
78.54111458199986,2.29,3.22,4.65,0.1374103130001458,0.1232194340000205,0.0071074059997044,2.0029977533686854,3.022631304013111,4.515573053334427,1.0382857142857138,2.9020487577639758
78.59125731599943,2.34,3.23,4.65,0.0433086919993002,0.0294002040000123,0.0572501399992688,2.059975728012347,3.0332820508485523,4.515573053334427,1.0453736263736257,2.880414261825132
78.64156997400005,2.34,3.23,4.65,0.0936213499999212,0.0797128620006333,0.1075627979998898,2.059975728012347,3.0332820508485523,4.515573053334427,1.0453736263736257,2.880414261825132
78.69185147000007,2.34,3.23,4.66,0.1439028459999463,0.1299943580006584,0.0138641250005093,2.059975728012347,3.0332820508485523,4.525870082094713,1.035142857142857,2.8854406832298136
78.7421931809995,2.37,3.16,4.66,0.0500781450000431,0.0365634149993638,0.0642058359999282,2.093991403993818,2.9586314403791496,4.525870082094713,0.9859890109890109,2.845611920688007
78.79252733399971,2.37,3.16,4.66,0.1004122980002648,0.0868975679995855,0.1145399890001499,2.093991403993818,2.9586314403791496,4.525870082094713,0.9859890109890109,2.845611920688007
78.84285971600002,2.42,3.16,4.590000000000001,0.0070081599997138,0.1372299499998917,0.0210914059998685,2.1504185639079663,2.9586314403791496,4.453762454374953,1.0571428571428563,2.784621118012423
78.89299974699952,2.42,3.1100000000000003,4.590000000000001,0.0571481909992144,0.0434852660000615,0.0712314369993691,2.1504185639079663,2.90516780926679,4.453762454374953,1.022692307692307,2.767470735785954
78.94336629000009,2.42,3.1100000000000003,4.590000000000001,0.1075147339997784,0.0938518090006255,0.1215979799999331,2.1504185639079663,2.90516780926679,4.453762454374953,1.022692307692307,2.767470735785954
78.99352263800029,2.41,3.1100000000000003,4.57,0.0137248370001543,0.144008157000826,0.0276178780004556,2.1391587131393504,2.90516780926679,4.433147865794688,1.0428241758241756,2.7628298614429045
79.04384297700017,2.41,3.08,4.57,0.064045176000036,0.049884433000443,0.0779382170003373,2.1391587131393504,2.873029759678796,4.433147865794688,1.0224175824175823,2.752670926899188
79.09418295399973,2.41,3.08,4.57,0.1143851529996027,0.1002244100000098,0.128278193999904,2.1391587131393504,2.873029759678796,4.433147865794688,1.0224175824175823,2.752670926899188
79.1445162279997,2.45,3.08,4.57,0.0207521459997224,0.0068088279995208,0.034906664999653,2.184124538573751,2.873029759678796,4.433147865794688,1.0224175824175823,2.731540492116579
79.19486186999984,2.45,3.08,4.57,0.0710977879998608,0.0571544699996593,0.0852523069997914,2.184124538573751,2.873029759678796,4.433147865794688,1.0224175824175823,2.731540492116579
79.24519407600019,2.45,3.08,4.57,0.1214299940002092,0.1074866760000077,0.1355845130001398,2.184124538573751,2.873029759678796,4.433147865794688,1.0224175824175823,2.731540492116579
79.29535623799984,2.44,3.02,4.53,0.0276225819998217,0.013663880000422,0.041831634999653,2.1729012862990347,2.8086117567225277,4.391901638242824,1.0221978021978027,2.6971810797897757
79.34569052299958,2.44,3.02,4.53,0.0779568669995569,0.0639981650001573,0.0921659199993882,2.1729012862990347,2.8086117567225277,4.391901638242824,1.0221978021978027,2.6971810797897757
79.39602728099999,2.44,3.02,4.53,0.1282936249999693,0.1143349230005696,0.1425026779998006,2.1729012862990347,2.8086117567225277,4.391901638242824,1.0221978021978027,2.6971810797897757
79.44636660099968,2.47,3.02,4.53,0.0346834289994149,0.0204087439997238,0.0486539839994293,2.2065357463680484,2.8086117567225277,4.391901638242824,1.0221978021978027,2.6811702102245585
79.49669444200026,2.47,3.02,4.53,0.0850112699999954,0.0707365850003043,0.0989818250000098,2.2065357463680484,2.8086117567225277,4.391901638242824,1.0221978021978027,2.6811702102245585
79.54701159100023,2.47,3.02,4.510000000000001,0.1353284189999613,0.1210537340002702,0.0052556860000549,2.2065357463680484,2.8086117567225277,4.371269838387926,1.042065934065934,2.6714089106545633
79.59735338700011,2.51,2.96,4.510000000000001,0.0419203299998116,0.0277279000001726,0.0555974819999391,2.251221890440833,2.743993440225396,4.371269838387926,1.0026373626373624,2.6301281653129482
79.64767057500012,2.51,2.96,4.510000000000001,0.0922375179998198,0.0780450880001808,0.1059146699999473,2.251221890440833,2.743993440225396,4.371269838387926,1.0026373626373624,2.6301281653129482
79.69800615999975,2.51,2.96,4.470000000000001,0.1425731029994494,0.1283806729998104,0.0124623680003423,2.251221890440833,2.743993440225396,4.329988452640492,1.0421098901098895,2.6107351409460113
79.74836105800023,2.53,2.96,4.470000000000001,0.0490332260005743,0.0344683570001507,0.0628172660008203,2.2734995051681888,2.743993440225396,4.329988452640492,1.0421098901098895,2.5997786192068806
79.7986729739996,2.53,2.96,4.470000000000001,0.0993451419999473,0.0847802729995237,0.1131291820001934,2.2734995051681888,2.743993440225396,4.329988452640492,1.0421098901098895,2.5997786192068806
79.84883545999946,2.53,2.96,4.470000000000001,0.1495076279998102,0.1349427589993865,0.1632916680000562,2.2734995051681888,2.743993440225396,4.329988452640492,1.0421098901098895,2.5997786192068806
79.89918897000007,2.53,2.96,4.470000000000001,0.1998611380004149,0.1852962689999913,0.2136451780006609,2.2734995051681888,2.743993440225396,4.329988452640492,1.0421098901098895,2.5997786192068806
79.94935545999942,2.53,2.96,4.470000000000001,0.2500276279997706,0.235462758999347,0.2638116680000166,2.2734995051681888,2.743993440225396,4.329988452640492,1.0421098901098895,2.5997786192068806
79.99966666,2.61,2.96,4.430000000000001,0.011782301000494,0.2857739589999255,0.0260009599996919,2.362202362203543,2.743993440225396,4.288682781460993,1.081230769230769,2.5358627090301002
80.04978791800022,2.61,2.87,4.430000000000001,0.0619035590007115,0.0479890209999211,0.0761222179999094,2.362202362203543,2.646658270347723,4.288682781460993,1.0235714285714281,2.507158385093168
80.10013587499998,2.61,2.87,4.430000000000001,0.1122515160004695,0.0983369779996792,0.1264701749996675,2.362202362203543,2.646658270347723,4.288682781460993,1.0235714285714281,2.507158385093168
80.15047216499988,2.64,2.85,4.45,0.0188474489996224,0.0047005289998196,0.0330267899998943,2.395307913400697,2.624957142507283,4.3093386963663,0.9914835164835158,2.493368967988533
80.20083633499962,2.64,2.85,4.45,0.0692116189993612,0.0550646989995584,0.0833909599996332,2.395307913400697,2.624957142507283,4.3093386963663,0.9914835164835158,2.493368967988533
80.25118935599949,2.64,2.85,4.45,0.1195646399992256,0.1054177199994228,0.1337439809994975,2.395307913400697,2.624957142507283,4.3093386963663,0.9914835164835158,2.493368967988533
80.30152906700005,2.68,2.8400000000000003,4.45,0.0258655030002046,0.011917464000362,0.0400775340003747,2.4393236767596056,2.61409640220096,4.3093386963663,0.9852307692307692,2.467125752508361
80.35170292600014,2.68,2.8400000000000003,4.45,0.0760393620003014,0.0620913230004589,0.0902513930004715,2.4393236767596056,2.61409640220096,4.3093386963663,0.9852307692307692,2.467125752508361
80.40203185599967,2.68,2.8400000000000003,4.45,0.1263682919998245,0.112420252999982,0.1405803229999946,2.4393236767596056,2.61409640220096,4.3093386963663,0.9852307692307692,2.467125752508361
80.45235638200029,2.67,2.8400000000000003,4.41,0.0325713580004958,0.0186420310001267,0.0467270920007649,2.428332761381768,2.61409640220096,4.268020618506898,1.0241758241758239,2.4538070950788344
80.50267212800009,2.67,2.8400000000000003,4.41,0.0828871040002923,0.0689577769999232,0.0970428380005614,2.428332761381768,2.61409640220096,4.268020618506898,1.0241758241758239,2.4538070950788344
80.5528139299995,2.67,2.8400000000000003,4.380000000000001,0.1330289059997085,0.1190995789993394,0.0029618629996548,2.428332761381768,2.61409640220096,4.237015459023015,1.0531538461538454,2.4395700668896323
80.60315934200025,2.72,2.78,4.380000000000001,0.039421675000085,0.0254872630002864,0.0533072750004066,2.483203576028353,2.5487840238042927,4.237015459023015,1.0160989010989,2.391829670329671
80.6534773860003,2.72,2.78,4.380000000000001,0.0897397190001356,0.075805307000337,0.1036253190004572,2.483203576028353,2.5487840238042927,4.237015459023015,1.0160989010989,2.391829670329671
80.70379108599991,2.72,2.78,4.41,0.1400534189997415,0.1261190069999429,0.0099893870001324,2.483203576028353,2.5487840238042927,4.268020618506898,0.9871208791208785,2.406066698518873
80.75413787799971,2.73,2.77,4.41,0.0466683340000599,0.0324581189997843,0.0603361789999326,2.4941531628991838,2.53787312527636,4.268020618506898,0.9810219780219773,2.3971065934065936
80.80431850599962,2.73,2.77,4.41,0.0968489619999672,0.0826387469996916,0.1105168069998399,2.4941531628991838,2.53787312527636,4.268020618506898,0.9810219780219773,2.3971065934065936
80.85461415000009,2.73,2.77,4.36,0.0029468350003298,0.1329343910001625,0.0168368000004193,2.4941531628991838,2.53787312527636,4.216337273036872,1.0292087912087906,2.373432202580029
80.90473439499965,2.73,2.73,4.36,0.0530670799998915,0.0392545209997479,0.066957044999981,2.4941531628991838,2.4941531628991838,4.216337273036872,1.0050329670329665,2.361396846631629
80.9549173559999,2.73,2.73,4.36,0.1032500410001375,0.0894374819999939,0.117140006000227,2.4941531628991838,2.4941531628991838,4.216337273036872,1.0050329670329665,2.361396846631629
81.00499993999983,2.77,2.73,4.36,0.0098530510003911,0.1395200659999318,0.0236045550000199,2.53787312527636,2.4941531628991838,4.216337273036872,1.0050329670329665,2.3374838031533685
81.05536288300027,2.77,2.69,4.36,0.0602159940008277,0.0463830730004701,0.0739674980004565,2.53787312527636,2.4503061033266844,4.216337273036872,0.9812087912087907,2.325623506927855
81.10567692399945,2.77,2.69,4.36,0.1105300350000106,0.096697113999653,0.1242815389996394,2.53787312527636,2.4503061033266844,4.216337273036872,0.9812087912087907,2.325623506927855
81.15582003500003,2.82,2.68,4.300000000000001,0.0162286450004103,0.0025505479998173,0.0301488060003976,2.592354142473593,2.4393236767596056,4.15426287083521,1.032406593406593,2.2642524128045873
81.20617463599956,2.82,2.68,4.300000000000001,0.0665832459999364,0.0529051489993435,0.0805034069999237,2.592354142473593,2.4393236767596056,4.15426287083521,1.032406593406593,2.2642524128045873
81.25650737399974,2.82,2.68,4.300000000000001,0.1169159840001157,0.1032378869995227,0.130836145000103,2.592354142473593,2.4393236767596056,4.15426287083521,1.032406593406593,2.2642524128045873
81.30685479299973,2.86,2.68,4.32,0.0232747419995575,0.0093449750002037,0.0372125889998642,2.63581107061944,2.4393236767596056,4.174961077662881,1.0134615384615375,2.248864548494984
81.35720164000031,2.86,2.68,4.32,0.0736215890001403,0.0596918220007864,0.087559436000447,2.63581107061944,2.4393236767596056,4.174961077662881,1.0134615384615375,2.248864548494984
81.40752246000011,2.86,2.68,4.32,0.1239424089999374,0.1100126420005835,0.1378802560002441,2.63581107061944,2.4393236767596056,4.174961077662881,1.0134615384615375,2.248864548494984
81.45785681300003,2.87,2.62,4.300000000000001,0.0303476740000405,0.0164876290000393,0.0442036599997663,2.646658270347723,2.3732467212660384,4.15426287083521,0.997461538461538,2.2159319397993316
81.5081487489997,2.87,2.62,4.300000000000001,0.0806396099997073,0.066779564999706,0.0944955959994331,2.646658270347723,2.3732467212660384,4.15426287083521,0.997461538461538,2.2159319397993316
81.55825083399941,2.87,2.62,4.260000000000001,0.1307416949994149,0.1168816499994136,0.0008824129999993,2.646658270347723,2.3732467212660384,4.112845730148409,1.0350879120879117,2.197445938843765
81.60857786699944,2.93,2.58,4.260000000000001,0.0373837369998,0.0228153809994182,0.0512094460000298,2.711604690953311,2.3290126663459776,4.112845730148409,1.0122307692307688,2.148240969899666
81.65890306799974,2.93,2.58,4.260000000000001,0.0877089380001052,0.0731405819997235,0.1015346470003351,2.711604690953311,2.3290126663459776,4.112845730148409,1.0122307692307688,2.148240969899666
81.70922514299946,2.93,2.58,4.28,0.1380310129998179,0.1234626569994361,0.0076584199996432,2.711604690953311,2.3290126663459776,4.133557789604495,0.993461538461538,2.1574623745819403
81.75955238799997,2.92,2.58,4.28,0.0440751880005336,0.0298707609999837,0.0579856650001602,2.700796178907249,2.3290126663459776,4.133557789604495,0.993461538461538,2.163821070234114
81.80984766599977,2.92,2.58,4.28,0.0943704660003277,0.0801660389997778,0.1082809429999542,2.700796178907249,2.3290126663459776,4.133557789604495,0.993461538461538,2.163821070234114
81.86016848399959,2.95,2.58,4.24,0.0007116659999155,0.130486856999596,0.01465017099963,2.7332032489370417,2.3290126663459776,4.092126586507314,1.0309120879120872,2.126280148112757
81.91047944799993,2.95,2.53,4.24,0.0510226300002614,0.0368371129998195,0.0649611349999759,2.7332032489370417,2.273499505168189,4.092126586507314,1.0028351648351643,2.112302723363593
81.9606196069999,2.95,2.53,4.24,0.1011627890002273,0.0869772719997854,0.1151012939999418,2.7332032489370417,2.273499505168189,4.092126586507314,1.0028351648351643,2.112302723363593
82.0107965139996,2.97,2.53,4.220000000000001,0.0070849469993845,0.1371541789994808,0.0212974079995547,2.7547776679797598,2.273499505168189,4.071400250528067,1.0214285714285702,2.0902981366459628
82.06116183999984,2.97,2.5,4.220000000000001,0.0574502729996311,0.0441070130000298,0.0716627339998012,2.7547776679797598,2.240066963284803,4.071400250528067,1.0048461538461526,2.082042976588629
82.11145589300031,2.97,2.5,4.220000000000001,0.1077443260001018,0.0944010660005005,0.121956787000272,2.7547776679797598,2.240066963284803,4.071400250528067,1.0048461538461526,2.082042976588629
82.16166912399967,2.98,2.51,4.220000000000001,0.0139835559994025,7.601699962833663e-05,0.0282155329996385,2.765556001964162,2.2512218904408337,4.071400250528067,1.0103516483516473,2.0783163640707127
82.21202302100028,2.98,2.51,4.220000000000001,0.0643374530000073,0.0504299140002331,0.0785694300002433,2.765556001964162,2.2512218904408337,4.071400250528067,1.0103516483516473,2.0783163640707127
82.26212036699962,2.98,2.51,4.220000000000001,0.1144347989993548,0.1005272599995805,0.1286667759995907,2.765556001964162,2.2512218904408337,4.071400250528067,1.0103516483516473,2.0783163640707127
82.31245907099947,3.0,2.44,4.220000000000001,0.0209494769997036,0.0068812709996564,0.0352133379992665,2.787095262096364,2.1729012862990347,4.071400250528067,0.9722747252747238,2.0463606784519834
82.36280863999946,3.0,2.44,4.220000000000001,0.0712990459996945,0.0572308399996472,0.0855629069992574,2.787095262096364,2.1729012862990347,4.071400250528067,0.9722747252747238,2.0463606784519834
82.41313954399993,3.0,2.44,4.220000000000001,0.1216299500001696,0.1075617440001224,0.1358938109997325,2.787095262096364,2.1729012862990347,4.071400250528067,0.9722747252747238,2.0463606784519834
82.46346783900026,3.05,2.45,4.24,0.0278576600003361,0.0139233740001145,0.0420681560008233,2.8408449447303523,2.184124538573751,4.092126586507314,0.9590549450549447,2.025290396559962
82.51359570600016,3.05,2.45,4.24,0.0779855270002372,0.0640512410000155,0.0921960230007243,2.8408449447303523,2.184124538573751,4.092126586507314,0.9590549450549447,2.025290396559962
82.56373466599962,3.05,2.45,4.24,0.1281244869996953,0.1141902009994737,0.1423349830001825,2.8408449447303523,2.184124538573751,4.092126586507314,0.9590549450549447,2.025290396559962
82.61409305100005,3.09,2.39,4.180000000000001,0.0344832609998775,0.0205597180001859,0.0484490050002932,2.8837475617675,2.1166010488516727,4.029925557625104,0.9826593406593399,1.9554325848064977
82.66440870899987,3.09,2.39,4.180000000000001,0.0847989189996951,0.0708753760000036,0.0987646630001108,2.8837475617675,2.1166010488516727,4.029925557625104,0.9826593406593399,1.9554325848064977
82.71470047000003,3.09,2.39,4.16,0.1350906799998483,0.1211671370001568,0.0050449629998183,2.8837475617675,2.1166010488516727,4.009176972896059,1.00098901098901,1.9464271380793121
82.76502252199953,3.11,2.39,4.16,0.0417942919993947,0.0275280789992393,0.0553670149993195,2.9051678092667896,2.1166010488516727,4.009176972896059,1.00098901098901,1.9329488772097472
82.8153524520003,3.11,2.39,4.16,0.0921242220001659,0.0778580090000105,0.1056969450000906,2.9051678092667896,2.1166010488516727,4.009176972896059,1.00098901098901,1.9329488772097472
82.86566749200028,3.11,2.39,4.16,0.1424392620001526,0.1281730489999972,0.1560119850000774,2.9051678092667896,2.1166010488516727,4.009176972896059,1.00098901098901,1.9329488772097472
82.91601241999979,3.11,2.39,4.16,0.1927841899996565,0.1785179769995011,0.2063569129995812,2.9051678092667896,2.1166010488516727,4.009176972896059,1.00098901098901,1.9329488772097472
82.96637888300029,3.11,2.39,4.16,0.243150653000157,0.2288844400000016,0.2567233760000817,2.9051678092667896,2.1166010488516727,4.009176972896059,1.00098901098901,1.9329488772097472
83.01669689200025,3.22,2.39,4.11,0.0051810160002787,0.2792024489999676,0.019118623000395,3.022631304013111,2.1166010488516727,3.957271787481876,1.046428571428571,1.8349394409937891
83.06703537700014,3.22,2.31,4.11,0.0555195010001625,0.0419783900006223,0.0694571080002788,3.022631304013111,2.025833161936096,3.957271787481876,1.0051098901098896,1.8143699235547064
83.11734414799957,3.22,2.31,4.11,0.1058282719995986,0.0922871610000584,0.1197658789997149,3.022631304013111,2.025833161936096,3.957271787481876,1.0051098901098896,1.8143699235547064
83.1675483809995,3.23,2.31,4.090000000000001,0.0120969839999816,0.1424913939999896,0.0263431679995846,3.0332820508485523,2.025833161936096,3.93649590371945,1.0231318681318673,1.7985047778308654
83.21784203199968,3.23,2.29,4.090000000000001,0.0623906350001561,0.0484705159997247,0.0766368189997592,3.0332820508485523,2.0029977533686854,3.93649590371945,1.013021978021977,1.7934718107978984
83.26817226999992,3.23,2.29,4.090000000000001,0.1127208730003985,0.0988007539999671,0.1269670570000016,3.0332820508485523,2.0029977533686854,3.93649590371945,1.013021978021977,1.7934718107978984
83.31850987300004,3.24,2.3000000000000003,4.090000000000001,0.0190974610004559,0.0054267100003926,0.0330123860003368,3.0439283828631707,2.0144229943087923,3.93649590371945,1.0180659340659333,1.7889502150023897
83.36882668499948,3.24,2.3000000000000003,4.090000000000001,0.069414272999893,0.0557435219998296,0.0833291979997739,3.0439283828631707,2.0144229943087923,3.93649590371945,1.0180659340659333,1.7889502150023897
83.41896802999963,3.24,2.3000000000000003,4.090000000000001,0.1195556180000494,0.1058848669999861,0.1334705429999303,3.0439283828631707,2.0144229943087923,3.93649590371945,1.0180659340659333,1.7889502150023897
83.46910911899977,3.25,2.26,4.03,0.0256752079994839,0.0119866570003068,0.039657704000092,3.054570346218924,1.9686289645334396,3.874119254746813,1.0515604395604394,1.7456137840420451
83.51927567799976,3.25,2.26,4.03,0.0758417669994742,0.0621532160002971,0.0898242630000822,3.054570346218924,1.9686289645334396,3.874119254746813,1.0515604395604394,1.7456137840420451
83.56946671700007,3.25,2.26,4.03,0.1260328059997846,0.1123442550006075,0.1400153020003927,3.054570346218924,1.9686289645334396,3.874119254746813,1.0515604395604394,1.7456137840420451
83.61961049699948,3.3,2.18,4.050000000000001,0.0322813779994248,0.0179997179993733,0.0461603939993437,3.107716203259236,1.876246252494592,3.894919768108197,0.9947692307692295,1.699309030100335
83.6699044019997,3.3,2.18,4.050000000000001,0.0825752829996417,0.0682936229995903,0.0964542989995607,3.107716203259236,1.876246252494592,3.894919768108197,0.9947692307692295,1.699309030100335
83.7200450069995,3.3,2.18,4.010000000000001,0.1327158879994385,0.118434227999387,0.0028160349993413,3.107716203259236,1.876246252494592,3.853310265213535,1.0301978021978015,1.6819028189202103
83.7702882829999,3.31,2.25,4.010000000000001,0.0392031150004186,0.0250450260000434,0.0530593109997425,3.118332887938682,1.957140771636011,3.853310265213535,1.0642747252747247,1.6916824175824177
83.82062941899949,3.31,2.25,4.010000000000001,0.0895442510000066,0.0753861619996314,0.1034004469993306,3.118332887938682,1.957140771636011,3.853310265213535,1.0642747252747247,1.6916824175824177
83.87096587399992,3.31,2.25,4.010000000000001,0.1398807060004401,0.1257226170000649,0.0095944920003603,3.118332887938682,1.957140771636011,3.853310265213535,1.0642747252747247,1.6916824175824177
83.9212859399995,3.38,2.16,4.010000000000001,0.0460184329995172,0.0317727409992585,0.0599145579999458,3.1925381751828743,1.8529705880018712,3.853310265213535,1.02065934065934,1.6190673674151936
83.97145367200028,3.38,2.16,4.010000000000001,0.0961861650002902,0.0819404730000314,0.1100822900007187,3.1925381751828743,1.8529705880018712,3.853310265213535,1.02065934065934,1.6190673674151936
84.02158623299965,3.43,2.16,3.99,0.002031461000115,0.1320730339994043,0.0162317099993742,3.245427552727067,1.8529705880018712,3.8324926614411146,1.0382417582417585,1.5734181796464402
84.07188070200027,3.43,2.12,3.99,0.0523259300007339,0.0383824730006381,0.0665261789999931,3.245427552727067,1.8061838223170976,3.8324926614411146,1.0194285714285718,1.5640524844720494
84.1222035259998,3.43,2.12,3.99,0.1026487540002563,0.0887052970001605,0.1168490029995155,3.245427552727067,1.8061838223170976,3.8324926614411146,1.0194285714285718,1.5640524844720494
84.1723634760001,3.44,2.12,3.97,0.0088388800004395,0.1388652470004672,0.0231084759998339,3.255994471739778,1.8061838223170976,3.811666302288279,1.0369230769230766,1.5479899665551844
84.22267756400015,3.44,2.11,3.97,0.0591529680004896,0.0452240530003109,0.073422563999884,3.255994471739778,1.794435844492636,3.811666302288279,1.0322747252747249,1.545675895843288
84.27299401799974,3.44,2.11,3.97,0.1094694220000747,0.095540506999896,0.123739017999469,3.255994471739778,1.794435844492636,3.811666302288279,1.0322747252747249,1.545675895843288
84.32313279299979,3.45,2.12,3.97,0.0158038429999578,0.0016944870003499,0.0298759999996036,3.266557821315888,1.8061838223170976,3.811666302288279,1.0369230769230766,1.5405008361204013
84.37338706099945,3.45,2.12,3.97,0.0660581109996201,0.0519487550000121,0.0801302679992659,3.266557821315888,1.8061838223170976,3.811666302288279,1.0369230769230766,1.5405008361204013
84.42354827999952,3.45,2.12,3.97,0.1162193299996943,0.1021099740000863,0.1302914869993401,3.266557821315888,1.8061838223170976,3.811666302288279,1.0369230769230766,1.5405008361204013
84.47388656899966,3.47,2.07,3.93,0.0224256960000275,0.008495770999616,0.036352366999381,3.287673949770567,1.7472263734273243,3.769986737377202,1.0486263736263737,1.4969357381748682
84.52401605700015,3.47,2.07,3.93,0.0725551840005209,0.0586252590001095,0.0864818549998744,3.287673949770567,1.7472263734273243,3.769986737377202,1.0486263736263737,1.4969357381748682
84.57437448600012,3.47,2.07,3.93,0.1229136130004917,0.1089836880000802,0.1368402839998452,3.287673949770567,1.7472263734273243,3.769986737377202,1.0486263736263737,1.4969357381748682
84.62452922400007,3.49,2.07,3.91,0.0291037090000827,0.0151891740006249,0.0432512500001394,3.308776208811953,1.7472263734273243,3.749133233162033,1.0658571428571428,1.4733397515527946
84.67467105099968,3.49,2.07,3.91,0.0792455359996893,0.0653310010002314,0.0933930769997459,3.308776208811953,1.7472263734273243,3.749133233162033,1.0658571428571428,1.4733397515527946
84.72494044799987,3.49,2.07,3.91,0.1295149329998821,0.1156003980004243,0.1436624739999388,3.308776208811953,1.7472263734273243,3.749133233162033,1.0658571428571428,1.4733397515527946
84.77526902099999,3.52,2.07,3.95,0.0358753339996837,0.0219800300001224,0.0498606740002287,3.3404041671630096,1.7472263734273243,3.790831043452081,1.0313076923076927,1.4674553511705681
84.82559741099976,3.52,2.07,3.95,0.0862037239994606,0.0723084199998993,0.1001890640000056,3.3404041671630096,1.7472263734273243,3.790831043452081,1.0313076923076927,1.4674553511705681
84.87595320299988,3.52,2.07,3.93,0.1365595159995791,0.1226642120000178,0.0065009399995688,3.3404041671630096,1.7472263734273243,3.769986737377202,1.0486263736263737,1.4589466077400859
84.926288656,3.56,2.04,3.93,0.0432169109999449,0.0291835830003037,0.0568363929996849,3.3825286399378798,1.7115782190715094,3.769986737377202,1.0350769230769232,1.421418729096989
84.97661537600015,3.56,2.04,3.93,0.0935436310001023,0.0795103030004611,0.1071631129998422,3.3825286399378798,1.7115782190715094,3.769986737377202,1.0350769230769232,1.421418729096989
85.02673226800016,3.56,2.04,3.95,0.1436605230001078,0.1296271950004666,0.0133046300006753,3.3825286399378798,1.7115782190715094,3.790831043452081,1.0177582417582423,1.4299274725274713
85.07706274799966,3.59,2.03,3.95,0.0499459889997524,0.0358334590000595,0.0636351100001775,3.4140884581393025,1.6996470221784283,3.790831043452081,1.0132857142857148,1.4043857142857137
85.1273956039995,3.59,2.03,3.95,0.1002788449995932,0.0861663149999003,0.1139679660000183,3.4140884581393025,1.6996470221784283,3.790831043452081,1.0132857142857148,1.4043857142857137
85.17772212,3.63,2.03,3.91,0.0064598540002407,0.1364928310003961,0.020351238999865,3.4561249977395203,1.6996470221784283,3.749133233162033,1.047835164835165,1.3560201146679403
85.22799230700002,3.63,1.96,3.91,0.0567300410002644,0.0430646020004132,0.0706214259998887,3.4561249977395203,1.6153946886132813,3.749133233162033,1.0171428571428573,1.3407406832298137
85.27835439199953,3.63,1.96,3.91,0.1070921259997703,0.0934266869999191,0.1209835109993946,3.4561249977395203,1.6153946886132813,3.749133233162033,1.0171428571428573,1.3407406832298137
85.32868697699996,3.68,1.96,3.88,0.013482047999787,0.1437592720003522,0.0273539500003607,3.508603710879871,1.6153946886132813,3.717835391729978,1.042824175824176,1.2883950788342091
85.37896758900024,3.68,1.95,3.88,0.0637626600000658,0.0498394470005223,0.0776345620006395,3.508603710879871,1.6032467059064863,3.717835391729978,1.0385274725274725,1.286256067845198
85.42932665900025,3.68,1.95,3.88,0.1141217300000789,0.1001985170005355,0.1279936320006527,3.508603710879871,1.6032467059064863,3.717835391729978,1.0385274725274725,1.286256067845198
85.47961175799992,3.69,1.99,3.91,0.0204463420004685,0.0065247190004811,0.0343664889996944,3.519090791667643,1.6516658257650063,3.749133233162033,1.0301648351648351,1.2994842331581464
85.52994741600014,3.69,1.99,3.91,0.0707820000006904,0.056860377000703,0.0847021469999163,3.519090791667643,1.6516658257650063,3.749133233162033,1.0301648351648351,1.2994842331581464
85.58028873799958,3.69,1.99,3.91,0.1211233220001304,0.1072016990001429,0.1350434689993562,3.519090791667643,1.6516658257650063,3.749133233162033,1.0301648351648351,1.2994842331581464
85.63061793199995,3.73,1.92,3.91,0.0274377209998419,0.0131771249998564,0.0417074169999978,3.561011092372502,1.566620566697629,3.749133233162033,1.0000879120879123,1.2522502866698517
85.68096859599973,3.73,1.92,3.91,0.0777883849996214,0.0635277889996359,0.0920580809997773,3.561011092372502,1.566620566697629,3.749133233162033,1.0000879120879123,1.2522502866698517
85.73134209399996,3.73,1.92,3.91,0.1281618829998478,0.1139012869998623,0.1424315790000037,3.561011092372502,1.566620566697629,3.749133233162033,1.0000879120879123,1.2522502866698517
85.78168269199978,3.75,1.9,3.85,0.0345258950001152,0.0202729669999826,0.0485126180001316,3.581954773583832,1.5420440979427272,3.6865159703980663,1.0428571428571427,1.2066723602484464
85.8319839349997,3.75,1.9,3.85,0.0848271380000369,0.0705742099999042,0.0988138610000533,3.581954773583832,1.5420440979427272,3.6865159703980663,1.0428571428571427,1.2066723602484464
85.8822637129997,3.75,1.9,3.85,0.1351069160000406,0.1208539879999079,0.149093639000057,3.581954773583832,1.5420440979427272,3.6865159703980663,1.0428571428571427,1.2066723602484464
85.93260263899992,3.75,1.9,3.85,0.1854458420002629,0.1711929140001302,0.1994325650002792,3.581954773583832,1.5420440979427272,3.6865159703980663,1.0428571428571427,1.2066723602484464
85.98272932599957,3.75,1.9,3.85,0.23557252899991,0.2213196009997773,0.2495592519999263,3.581954773583832,1.5420440979427272,3.6865159703980663,1.0428571428571427,1.2066723602484464
86.03283426799953,3.75,1.9,3.86,0.2856774709998717,0.271424542999739,0.0119438639994768,3.581954773583832,1.5420440979427272,3.696958209122737,1.034384615384616,1.2108349498327748
86.08316026899956,3.8,1.87,3.86,0.0479839159997936,0.0338818849995732,0.0622698649995072,3.634267464015272,1.5049252473129688,3.696958209122737,1.0219560439560447,1.1636150740563784
86.13331738600027,3.8,1.87,3.86,0.0981410330005019,0.0840390020002814,0.1124269820002155,3.634267464015272,1.5049252473129688,3.696958209122737,1.0219560439560447,1.1636150740563784
86.18363938399943,3.84,1.87,3.84,0.0042914460000247,0.1343609999994441,0.0185097759995187,3.676071272432024,1.5049252473129688,3.676071272432024,1.0388791208791208,1.1220833014811278
86.23397747699983,3.84,1.85,3.84,0.0546295390004161,0.0407297149995429,0.0688478689999101,3.676071272432024,1.4800000000000002,3.676071272432024,1.0307032967032965,1.1180131629240329
86.2843376689998,3.84,1.85,3.84,0.1049897310003871,0.0910899069995139,0.1192080609998811,3.676071272432024,1.4800000000000002,3.676071272432024,1.0307032967032965,1.1180131629240329
86.33466311499978,3.9,1.85,3.85,0.0113354750001235,0.1414153529995019,0.0258470389999274,3.73870298365623,1.4800000000000002,3.6865159703980663,1.0222527472527474,1.0716866937410414
86.3848065000002,3.9,1.7799999999999998,3.85,0.061478860000534,0.0475988250000227,0.0759904240003379,3.73870298365623,1.391509971218316,3.6865159703980663,0.9943296703296702,1.05778585762064
86.43514516799951,3.9,1.7799999999999998,3.85,0.1118175279998467,0.0979374929993355,0.1263290919996507,3.73870298365623,1.391509971218316,3.6865159703980663,0.9943296703296702,1.05778585762064
86.48527471499983,3.89,1.77,3.83,0.0180223799998202,0.0040961630002129,0.0320267939996483,3.7282703764614498,1.378695035169127,3.6656240942027862,1.0073076923076925,1.056018394648829
86.53561183900001,3.89,1.77,3.83,0.068359504,0.0544332870003927,0.0823639179998281,3.7282703764614498,1.378695035169127,3.6656240942027862,1.0073076923076925,1.056018394648829
86.58595472999968,3.89,1.77,3.83,0.1187023949996728,0.1047761780000655,0.1327068089995009,3.7282703764614498,1.378695035169127,3.6656240942027862,1.0073076923076925,1.056018394648829
86.63628402799986,3.88,1.7799999999999998,3.82,0.0250580559995796,0.0111441580002065,0.0391757719999077,3.717835391729978,1.391509971218316,3.6551744144431737,1.0196153846153846,1.0622759197324416
86.68658183400021,3.88,1.7799999999999998,3.82,0.0753558619999239,0.0614419640005508,0.089473578000252,3.717835391729978,1.391509971218316,3.6551744144431737,1.0196153846153846,1.0622759197324416
86.73687635399983,3.88,1.7799999999999998,3.82,0.1256503819995487,0.1117364840001755,0.1397680979998767,3.717835391729978,1.391509971218316,3.6551744144431737,1.0196153846153846,1.0622759197324416
86.78700413499973,3.91,1.77,3.8,0.031822142999772,0.0178938529998049,0.0457394469995051,3.749133233162033,1.378695035169127,3.634267464015272,1.0324615384615388,1.0267036789297659
86.8371166449997,3.91,1.77,3.8,0.0819346529997346,0.0680063629997675,0.0958519569994678,3.749133233162033,1.378695035169127,3.634267464015272,1.0324615384615388,1.0267036789297659
86.88724851699953,3.91,1.77,3.78,0.1320665249995727,0.1181382349996056,0.0019833970000036,3.749133233162033,1.378695035169127,3.613350245962879,1.049120879120879,1.018518872431916
86.93757749199995,3.95,1.77,3.78,0.0386240640000323,0.0246966029999384,0.052312372000415,3.7908310434520818,1.378695035169127,3.613350245962879,1.049120879120879,0.9843449593884377
86.98784649000027,3.95,1.77,3.78,0.088893062000352,0.0749656010002581,0.1025813700007347,3.7908310434520818,1.378695035169127,3.613350245962879,1.049120879120879,0.9843449593884377
87.03797631199996,3.95,1.77,3.82,0.1390228840000418,0.1250954229999479,0.0090471250005066,3.7908310434520818,1.378695035169127,3.6551744144431737,1.015714285714286,1.0007577639751553
87.08827820700026,3.97,1.75,3.82,0.0453705480003918,0.0312234790008005,0.0593490200008091,3.811666302288279,1.3529227620230209,3.6551744144431737,1.0079780219780219,0.9796890587673189
87.13857135099988,3.97,1.75,3.82,0.0956636920000164,0.0815166230004251,0.1096421640004337,3.811666302288279,1.3529227620230209,3.6551744144431737,1.0079780219780219,0.9796890587673189
87.18871173299976,3.96,1.75,3.82,0.0017845539996415,0.1316570050003065,0.0156115879999561,3.801249794475496,1.3529227620230209,3.6551744144431737,1.0079780219780219,0.9883086239847105
87.23904899599984,3.96,1.7799999999999998,3.82,0.0521218169997155,0.0380570839997744,0.0659488510000301,3.801249794475496,1.391509971218316,3.6551744144431737,1.0196153846153846,0.9941020066889626
87.28937598099947,3.96,1.7799999999999998,3.82,0.1024488019993441,0.0883840689994031,0.1162758359996587,3.801249794475496,1.391509971218316,3.6551744144431737,1.0196153846153846,0.9941020066889626
87.33969286199954,3.96,1.7799999999999998,3.81,0.0086369559994636,0.1387009499994747,0.0225583109995568,3.801249794475496,1.391509971218316,3.6447222116369855,1.0279999999999998,0.9899826086956518
87.3900325249997,3.96,1.88,3.81,0.0589766189996225,0.045362673999989,0.0728979739997157,3.801249794475496,1.517333186877556,3.6447222116369855,1.0682197802197801,1.0100050645007164
87.44036396699994,3.96,1.88,3.81,0.1093080609998651,0.0956941160002315,0.1232294159999582,3.801249794475496,1.517333186877556,3.6447222116369855,1.0682197802197801,1.0100050645007164
87.490550816,3.96,1.91,3.78,0.0154897970005549,0.0015478420000363,0.0294492680004623,3.801249794475496,1.554348738218036,3.613350245962879,1.1057362637362638,1.0039317486860961
87.54088085700005,3.96,1.91,3.78,0.0658198380006069,0.0518778830000883,0.0797793090005143,3.801249794475496,1.554348738218036,3.613350245962879,1.1057362637362638,1.0039317486860961
87.59097026400013,3.96,1.91,3.78,0.1159092450006937,0.1019672900001751,0.1298687160006011,3.801249794475496,1.554348738218036,3.613350245962879,1.1057362637362638,1.0039317486860961
87.64134215400009,3.96,1.87,3.79,0.0223874530001921,0.008098957000584,0.0363090830005603,3.801249794475496,1.5049252473129688,3.623810149552539,1.0808021978021982,0.9997471810797892
87.6916895659997,3.96,1.87,3.79,0.072734864999802,0.0584463690001939,0.0866564950001702,3.801249794475496,1.5049252473129688,3.623810149552539,1.0808021978021982,0.9997471810797892
87.74201733500013,3.96,1.87,3.79,0.1230626340002345,0.1087741380006264,0.1369842640006027,3.801249794475496,1.5049252473129688,3.623810149552539,1.0808021978021982,0.9997471810797892
87.79237665399978,3.97,1.89,3.7,0.0294441670002925,0.015375128999949,0.0435575379997317,3.811666302288279,1.5297058540778354,3.5295750452426984,1.1631428571428573,0.9588472049689436
87.84268944199994,3.97,1.89,3.7,0.0797569550004482,0.0656879170001047,0.0938703259998874,3.811666302288279,1.5297058540778354,3.5295750452426984,1.1631428571428573,0.9588472049689436
87.89284792499984,3.97,1.89,3.7,0.1299154380003528,0.1158464000000094,0.1440288089997921,3.811666302288279,1.5297058540778354,3.5295750452426984,1.1631428571428573,0.9588472049689436
87.942985959,3.92,1.87,3.71,0.0359183480004503,0.0220672989999002,0.0497086479999779,3.759561144601853,1.5049252473129688,3.5400564967243104,1.146736263736264,1.001614357381749
87.99335798599986,3.92,1.87,3.71,0.086290375000317,0.0724393259997668,0.1000806749998446,3.759561144601853,1.5049252473129688,3.5400564967243104,1.146736263736264,1.001614357381749
88.04370523199941,3.92,1.87,3.71,0.1366376209998634,0.1227865719993133,0.0068685049991472,3.759561144601853,1.5049252473129688,3.5400564967243104,1.146736263736264,1.001614357381749
88.09404259799976,3.93,1.87,3.71,0.0431180839996159,0.0289371959997879,0.0572058709994962,3.769986737377202,1.5049252473129688,3.5400564967243104,1.146736263736264,0.9930817486860964
88.14437906799958,3.93,1.87,3.71,0.093454553999436,0.079273665999608,0.1075423409993163,3.769986737377202,1.5049252473129688,3.5400564967243104,1.146736263736264,0.9930817486860964
88.19481084499967,3.93,1.87,3.64,0.1438863309995213,0.1297054429996933,0.0141438740001831,3.769986737377202,1.5049252473129688,3.4666266023325902,1.2032747252747253,0.9653041567128522
88.24514252399968,3.93,1.89,3.64,0.0494026209998992,0.0360790630002156,0.064475553000193,3.769986737377202,1.5297058540778354,3.4666266023325902,1.2115384615384615,0.9694180602006685
88.29547243399975,3.93,1.89,3.64,0.0997325309999723,0.0864089730002888,0.1148054630002661,3.769986737377202,1.5297058540778354,3.4666266023325902,1.2115384615384615,0.9694180602006685
88.34580346300027,3.93,1.89,3.65,0.0068836540003758,0.1367400020008062,0.0209453800007395,3.769986737377202,1.5297058540778354,3.477125249397841,1.2035274725274725,0.9733538939321544
88.39614370799973,3.93,2.02,3.65,0.0572238989998368,0.0434009769996919,0.0712856250002005,3.769986737377202,1.6876907299620982,3.477125249397841,1.2593846153846153,1.0011610367892976
88.44627341900014,3.93,2.02,3.65,0.1073536100002456,0.0935306880001007,0.1214153360006093,3.769986737377202,1.6876907299620982,3.477125249397841,1.2593846153846153,1.0011610367892976
88.4964970279998,3.92,2.02,3.54,0.0135518389997741,0.1437542969997594,0.0273335219999353,3.759561144601853,1.6876907299620982,3.3614728914569576,1.3462967032967033,0.9669933588150983
88.54672596699947,3.92,2.09,3.54,0.0637807779994545,0.0494657929993991,0.0775624609996157,3.759561144601853,1.7708754896942922,3.3614728914569576,1.3779120879120879,0.9827323220258007
88.5970119880003,3.92,2.09,3.54,0.1140667990002839,0.0997518140002284,0.127848482000445,3.759561144601853,1.7708754896942922,3.3614728914569576,1.3779120879120879,0.9827323220258007
88.64736028100015,3.87,2.13,3.51,0.0203134230005161,0.0063907339999786,0.0341934260004563,3.7073980093860976,1.8179108889051736,3.3298648621227853,1.419703296703297,1.0228849020544668
88.69768826600011,3.87,2.13,3.51,0.0706414080004833,0.0567187189999458,0.0845214110004235,3.7073980093860976,1.8179108889051736,3.3298648621227853,1.419703296703297,1.0228849020544668
88.748024171,3.87,2.13,3.51,0.1209773130003668,0.1070546239998293,0.134857316000307,3.7073980093860976,1.8179108889051736,3.3298648621227853,1.419703296703297,1.0228849020544668
88.79836400299973,3.92,2.09,3.53,0.0276831259998289,0.0134065219999683,0.041538305999893,3.759561144601853,1.7708754896942922,3.3509401665801195,1.3856813186813184,0.9789152651696137
88.84866171700014,3.92,2.09,3.53,0.0779808400002366,0.0637042360003761,0.0918360200003007,3.759561144601853,1.7708754896942922,3.3509401665801195,1.3856813186813184,0.9789152651696137
88.89877653500025,3.92,2.09,3.53,0.1280956580003476,0.113819054000487,0.1419508380004117,3.759561144601853,1.7708754896942922,3.3509401665801195,1.3856813186813184,0.9789152651696137
88.94910250599969,3.92,2.09,3.53,0.1784216289997857,0.1641450249999252,0.1922768089998499,3.759561144601853,1.7708754896942922,3.3509401665801195,1.3856813186813184,0.9789152651696137
88.99943793500006,3.92,2.09,3.53,0.2287570580001556,0.2144804540002951,0.2426122380002198,3.759561144601853,1.7708754896942922,3.3509401665801195,1.3856813186813184,0.9789152651696137
89.04977185899952,3.92,2.09,3.46,0.2790909819996159,0.2648143779997554,0.0049440639995737,3.759561144601853,1.7708754896942922,3.2771176359721967,1.4394505494505492,0.9524982083134264
89.10006723700008,3.93,2.2,3.46,0.041250506000324,0.0272018370005753,0.0552394420001292,3.769986737377202,1.89944728802881,3.2771176359721967,1.4913076923076922,0.9697814381270904
89.15040612400026,3.93,2.2,3.46,0.091589393000504,0.0775407240007552,0.1055783290003091,3.769986737377202,1.89944728802881,3.2771176359721967,1.4913076923076922,0.9697814381270904
89.20072539800003,3.93,2.2,3.4,0.1419086670002798,0.127859998000531,0.0117363899998963,3.769986737377202,1.89944728802881,3.213705026912084,1.5365384615384616,0.9475593645484951
89.25105915399945,3.9,2.43,3.4,0.048098941999342,0.0341971099996953,0.0620701459993142,3.73870298365623,2.161666024158219,3.213705026912084,1.6535604395604395,1.0313485666507407
89.30138912599978,3.9,2.43,3.4,0.098428913999669,0.0845270820000223,0.1124001179996412,3.73870298365623,2.161666024158219,3.213705026912084,1.6535604395604395,1.0313485666507407
89.35171593199993,3.89,2.43,3.39,0.0047941620005076,0.1348538880001797,0.0189046060004329,3.7282703764614498,2.161666024158219,3.2031234756093934,1.661021978021978,1.0361500716674628
89.40201010300007,3.89,2.19,3.39,0.0550883330006399,0.0412378700002591,0.0691987770005653,3.7282703764614498,1.887855926706273,3.2031234756093934,1.5391758241758242,0.9754918776875298
89.45215093800016,3.89,2.19,3.39,0.1052291680007329,0.091378705000352,0.1193396120006582,3.7282703764614498,1.887855926706273,3.2031234756093934,1.5391758241758242,0.9754918776875298
89.50229004599987,3.86,2.19,3.33,0.0114757809997172,0.141517813000064,0.0253716679999342,3.696958209122737,1.887855926706273,3.1395541084682708,1.5834835164835166,0.9789950549450553
89.55258884900013,3.86,2.22,3.33,0.061774583999977,0.0476167350007017,0.075670471000194,3.696958209122737,1.922576396401454,3.1395541084682708,1.5980219780219782,0.9862326803631156
89.6029198719998,3.86,2.22,3.33,0.1121056069996484,0.0979477580003731,0.1260014939998655,3.696958209122737,1.922576396401454,3.1395541084682708,1.5980219780219782,0.9862326803631156
89.6530358379996,3.84,2.21,3.32,0.0182577850000598,0.0041663089996291,0.0321205119998921,3.676071272432024,1.9110206696946008,3.128945509273052,1.6004615384615386,0.9969580267558529
89.70336281599975,3.84,2.21,3.32,0.0685847630002172,0.0544932869997865,0.0824474900000495,3.676071272432024,1.9110206696946008,3.128945509273052,1.6004615384615386,0.9969580267558529
89.7537008700001,3.84,2.21,3.32,0.1189228170005662,0.1048313410001355,0.1327855440003986,3.676071272432024,1.9110206696946008,3.128945509273052,1.6004615384615386,0.9969580267558529
89.80384250899988,3.83,2.27,3.26,0.0250590859996009,0.0108287729999574,0.0390241209997839,3.6656240942027862,1.980101007524616,3.0652079864178874,1.6733846153846152,0.9986849498327761
89.85416616400016,3.83,2.27,3.26,0.0753827409998848,0.0611524280002413,0.0893477760000678,3.6656240942027862,1.980101007524616,3.0652079864178874,1.6733846153846152,0.9986849498327761
89.90432294899983,3.83,2.27,3.26,0.1255395259995566,0.1113092129999131,0.1395045609997396,3.6656240942027862,1.980101007524616,3.0652079864178874,1.6733846153846152,0.9986849498327761
89.95464605300003,3.87,2.3200000000000003,3.23,0.0319613689998732,0.0176620160000311,0.04633345000002,3.7073980093860976,2.037228509519735,3.0332820508485523,1.72,0.96725
90.00496587299949,3.87,2.3200000000000003,3.23,0.0822811889993317,0.0679818359994897,0.0966532699994786,3.7073980093860976,2.037228509519735,3.0332820508485523,1.72,0.96725
90.05509868299941,3.87,2.3200000000000003,3.19,0.1324139989992545,0.1181146459994124,0.0023419939998348,3.7073980093860976,2.037228509519735,2.990652102802999,1.7482197802197803,0.9533854992833255
90.1054353519994,3.77,2.42,3.19,0.0384246819994587,0.024655124999299,0.0526786629998241,3.602887730696031,2.1504185639079663,2.990652102802999,1.8003076923076922,1.0623596989966555
90.15577135199965,3.77,2.42,3.19,0.0887606819997017,0.074991124999542,0.1030146630000672,3.602887730696031,2.1504185639079663,2.990652102802999,1.8003076923076922,1.0623596989966555
90.20611232400006,3.77,2.42,3.16,0.1391016540001146,0.1253320969999549,0.0094043910003165,3.602887730696031,2.1504185639079663,2.9586314403791487,1.8212417582417588,1.0520747013855705
90.25644346599984,3.83,2.44,3.16,0.0456143800001882,0.03157956799987,0.0597355330000937,3.6656240942027862,2.1729012862990347,2.9586314403791487,1.831923076923077,1.007826923076923
90.30676952300018,3.83,2.44,3.16,0.0959404370005359,0.0819056250002177,0.1100615900004413,3.6656240942027862,2.1729012862990347,2.9586314403791487,1.831923076923077,1.007826923076923
90.35687590299948,3.82,2.44,3.15,0.0019461039992165,0.1320120049995239,0.0161884379995171,3.6551744144431737,2.1729012862990347,2.947948439169179,1.8388571428571432,1.012735403726708
90.40699065599983,3.82,2.43,3.15,0.0520608569995602,0.0381397829996785,0.0663031909998608,3.6551744144431737,2.161666024158219,2.947948439169179,1.8335054945054945,1.0100712135690397
90.45734707199972,3.82,2.43,3.15,0.1024172729994461,0.0884961989995645,0.1166596069997467,3.6551744144431737,2.161666024158219,2.947948439169179,1.8335054945054945,1.0100712135690397
90.5075669709995,3.83,2.43,3.09,0.0086662089997844,0.1387160979993495,0.0225584569998318,3.6656240942027862,2.161666024158219,2.8837475617675,1.8746483516483516,0.9815423315814623
90.5578813430002,3.83,2.44,3.09,0.0589805810004691,0.0450324530002035,0.0728728290005165,3.6656240942027862,2.1729012862990347,2.8837475617675,1.8799999999999997,0.9842065217391307
90.60817848399984,3.83,2.44,3.09,0.1092777220001153,0.0953295939998497,0.1231699700001627,3.6656240942027862,2.1729012862990347,2.8837475617675,1.8799999999999997,0.9842065217391307
90.6585169809996,3.84,2.54,3.06,0.0156418019996635,0.0016860619998624,0.0295732619997579,3.676071272432024,2.284622507111405,2.8515785102290274,1.9550000000000003,0.9931521739130434
90.7088093399998,3.84,2.54,3.06,0.0659341609998591,0.051978421000058,0.0798656209999535,3.676071272432024,2.284622507111405,2.8515785102290274,1.9550000000000003,0.9931521739130434
90.75916054400022,3.84,2.54,3.06,0.1162853650002944,0.1023296250004932,0.1302168250003887,3.676071272432024,2.284622507111405,2.8515785102290274,1.9550000000000003,0.9931521739130434
90.80946905200015,3.78,2.48,3.01,0.0228690630001437,0.0087073280001277,0.0367965790001107,3.613350245962879,2.217724058578975,2.797856322258168,1.955252747252747,1.009984519827998
90.85978435800008,3.78,2.48,3.01,0.0731843690000459,0.0590226340000299,0.0871118850000129,3.613350245962879,2.217724058578975,2.797856322258168,1.955252747252747,1.009984519827998
90.91011574899947,3.78,2.48,3.01,0.1235157599994636,0.1093540249994475,0.1374432759994306,3.613350245962879,2.217724058578975,2.797856322258168,1.955252747252747,1.009984519827998
90.96022666099998,3.83,2.52,2.98,0.0293993650002448,0.0155248970004322,0.0435313010002573,3.6656240942027862,2.2623660181323446,2.765556001964162,1.9969780219780222,0.9698651457238415
91.01037586700022,3.83,2.52,2.98,0.0795485710004868,0.0656741030006742,0.0936805070004993,3.6656240942027862,2.2623660181323446,2.765556001964162,1.9969780219780222,0.9698651457238415
91.06055739699968,3.83,2.52,2.98,0.12973010099995,0.1158556330001374,0.1438620369999625,3.6656240942027862,2.2623660181323446,2.765556001964162,1.9969780219780222,0.9698651457238415
91.1106823199998,3.81,2.62,2.98,0.0358664949999365,0.0219660009997824,0.0496432999998432,3.6447222116369855,2.3732467212660384,2.765556001964162,2.0534615384615384,1.0145928093645484
91.16100732900033,3.81,2.62,2.98,0.0861915040004532,0.0722910100002991,0.09996830900036,3.6447222116369855,2.3732467212660384,2.765556001964162,2.0534615384615384,1.0145928093645484
91.21135389600022,3.81,2.62,2.91,0.1365380710003592,0.122637577000205,0.0065526340003998,3.6447222116369855,2.3732467212660384,2.689981412575187,2.098769230769231,0.9923329431438126
91.26168671100004,3.86,2.66,2.91,0.0431764579998343,0.0289735369997288,0.0568854490002195,3.696958209122737,2.4173332414046684,2.689981412575187,2.121978021978022,0.9622021022455812
91.3119960289996,3.86,2.66,2.91,0.0934857759993974,0.0792828549992918,0.1071947669997825,3.696958209122737,2.4173332414046684,2.689981412575187,2.121978021978022,0.9622021022455812
91.36233039299988,3.86,2.66,2.9,0.1438201399996614,0.1296172189995559,0.0135055840000859,3.696958209122737,2.4173332414046684,2.6791603162184976,2.1283626373626374,0.9590653129479223
91.41264866599975,3.84,2.7,2.9,0.0498554579999108,0.0360451480000847,0.0638238569999884,3.676071272432024,2.4612801547162406,2.6791603162184976,2.151923076923077,0.9875334448160537
91.4629862769998,3.84,2.7,2.9,0.1001930689999426,0.0863827590001165,0.1141614680000202,3.676071272432024,2.4612801547162406,2.6791603162184976,2.151923076923077,0.9875334448160537
91.5133368709994,3.88,2.7,2.87,0.0067517249999582,0.1367333529997267,0.020539736999126,3.717835391729978,2.4612801547162406,2.646658270347723,2.170945054945055,0.9446226469182994
91.56366921599964,3.88,2.71,2.87,0.0570840700002008,0.0433019769998281,0.0708720819993686,3.717835391729978,2.472245942457991,2.646658270347723,2.1768901098901097,0.9475822503583375
91.61399692400028,3.88,2.71,2.87,0.1074117780008236,0.0936296850004509,0.1211997899999914,3.717835391729978,2.472245942457991,2.646658270347723,2.1768901098901097,0.9475822503583375
91.66444360100012,3.84,2.71,2.83,0.0138344850001885,0.1440763620003053,0.027739725000174,3.676071272432024,2.472245942457991,2.6032287644385,2.201945054945055,0.9688378643096032
91.7147694260002,3.84,2.68,2.83,0.0641603100002612,0.0498598290005247,0.0780655500002467,3.676071272432024,2.4393236767596056,2.6032287644385,2.1841758241758242,0.9599918776875298
91.7651148089999,3.84,2.68,2.83,0.1145056929999555,0.100205212000219,0.128410932999941,3.676071272432024,2.4393236767596056,2.6032287644385,2.1841758241758242,0.9599918776875298
91.81545988200014,3.83,2.88,2.76,0.0208359990001554,0.0066197450005347,0.0347136979999049,3.6656240942027862,2.6574988240825244,2.5269546889487358,2.349373626373626,1.0080360009555664
91.8657440449997,3.83,2.88,2.76,0.0711201619997154,0.0569039080000948,0.084997860999465,3.6656240942027862,2.6574988240825244,2.5269546889487358,2.349373626373626,1.0080360009555664
91.91608573600024,3.83,2.88,2.76,0.1214618530002553,0.1072455990006346,0.1353395520000049,3.6656240942027862,2.6574988240825244,2.5269546889487358,2.349373626373626,1.0080360009555664
91.9662292080002,3.83,2.88,2.76,0.1716053250002005,0.1573890710005798,0.1854830239999501,3.6656240942027862,2.6574988240825244,2.5269546889487358,2.349373626373626,1.0080360009555664
92.01634766699954,3.83,2.88,2.76,0.2217237839995505,0.2075075299999298,0.2356014829993,3.6656240942027862,2.6574988240825244,2.5269546889487358,2.349373626373626,1.0080360009555664
92.06667930599995,3.83,2.88,2.76,0.2720554229999834,0.2578391690003627,0.285933121999733,3.6656240942027862,2.6574988240825244,2.5269546889487358,2.349373626373626,1.0080360009555664
92.1169046369996,3.87,2.95,2.66,0.034042808999402,0.0201746719994844,0.0483006280001063,3.7073980093860976,2.7332032489370417,2.417333241404668,2.45378021978022,0.9676210224558047
92.16724192399944,3.87,2.95,2.66,0.0843800959992222,0.0705119589993046,0.0986379149999265,3.7073980093860976,2.7332032489370417,2.417333241404668,2.45378021978022,0.9676210224558047
92.21756177399948,3.87,2.95,2.67,0.134699945999273,0.1208318089993554,0.0049740790000214,3.7073980093860976,2.7332032489370417,2.428332761381768,2.4479230769230766,0.9704986622073577
92.26789214099972,3.87,2.93,2.67,0.0412086229998749,0.0274108659996272,0.0553044460002638,3.7073980093860976,2.711604690953311,2.428332761381768,2.435,0.9640652173913047
92.3182429440003,3.87,2.93,2.67,0.0915594260004581,0.0777616690002105,0.1056552490008471,3.7073980093860976,2.711604690953311,2.428332761381768,2.435,0.9640652173913047
92.3685856129996,3.87,2.93,2.64,0.1419020949997502,0.1281043379995026,0.0120404949993826,3.7073980093860976,2.711604690953311,2.395307913400697,2.4525054945054947,0.9554646918299095
92.41872888099988,3.83,2.94,2.64,0.0479829490004704,0.0339954540004328,0.0621837629996662,3.6656240942027862,2.722407023205751,2.395307913400697,2.4589560439560434,0.9921542044911617
92.46901710200018,3.83,2.94,2.64,0.0982711700007712,0.0842836750007336,0.112471983999967,3.6656240942027862,2.722407023205751,2.395307913400697,2.4589560439560434,0.9921542044911617
92.51914548500008,3.84,2.94,2.59,0.0044053870005882,0.1344120580006347,0.018330679000428,3.676071272432024,2.722407023205751,2.3400854685246006,2.4876923076923076,0.9696989966555184
92.56934984999953,3.84,2.97,2.59,0.054609752000033,0.0406344519997219,0.0685350439998728,3.676071272432024,2.7547776679797598,2.3400854685246006,2.5071758241758246,0.9793983994266604
92.61947825900006,3.84,2.97,2.59,0.1047381610005686,0.0907628610002575,0.1186634530004084,3.676071272432024,2.7547776679797598,2.3400854685246006,2.5071758241758246,0.9793983994266604
92.66982548800024,3.88,2.97,2.55,0.0111077530000329,0.1411100900004385,0.0250521320003827,3.717835391729978,2.7547776679797598,2.295735176365078,2.5297692307692317,0.9347329431438129
92.72009068099942,3.88,3.01,2.55,0.06137294599921,0.0475651829992784,0.0753173249995597,3.717835391729978,2.797856322258168,2.295735176365078,2.5560549450549455,0.947818657429527
92.77039776299988,3.88,3.01,2.55,0.1116800279996823,0.0978722649997507,0.125624407000032,3.717835391729978,2.797856322258168,2.295735176365078,2.5560549450549455,0.947818657429527
92.82054270400022,3.84,3.06,2.51,0.0180168000006233,0.0039942729999893,0.0319031880007969,3.676071272432024,2.8515785102290274,2.251221890440833,2.611648351648352,0.9870597228858097
92.870684085,3.84,3.06,2.51,0.068158181000399,0.054135653999765,0.0820445690005726,3.676071272432024,2.8515785102290274,2.251221890440833,2.611648351648352,0.9870597228858097
92.9210340949994,3.84,3.06,2.51,0.1185081909998189,0.1044856639991849,0.1323945789999925,3.676071272432024,2.8515785102290274,2.251221890440833,2.611648351648352,0.9870597228858097
92.97117271499974,3.87,3.0700000000000003,2.45,0.0244678819999535,0.0108858209996469,0.0384701379998659,3.7073980093860976,2.862306762036522,2.1841245385737507,2.651087912087912,0.9492046344959388
93.02148671099984,3.87,3.0700000000000003,2.45,0.074781878000067,0.0611998169997605,0.0887841339999795,3.7073980093860976,2.862306762036522,2.1841245385737507,2.651087912087912,0.9492046344959388
93.07179933899988,3.87,3.0700000000000003,2.45,0.1250945060000958,0.1115124449997893,0.1390967620000083,3.7073980093860976,2.862306762036522,2.1841245385737507,2.651087912087912,0.9492046344959388
93.12196903299991,3.83,3.15,2.45,0.0313604470002246,0.0173914939996393,0.0452371150004182,3.6656240942027862,2.947948439169179,2.1841245385737507,2.7057692307692305,1.0099046822742477
93.17228296800022,3.83,3.15,2.45,0.0816743820005285,0.0677054289999432,0.0955510500007221,3.6656240942027862,2.947948439169179,2.1841245385737507,2.7057692307692305,1.0099046822742477
93.22260714099956,3.83,3.15,2.41,0.1319985549998819,0.1180296019992965,0.0018888829999923,3.6656240942027862,2.947948439169179,2.13915871313935,2.727131868131868,0.9994091256569518
93.27294323000024,3.82,3.22,2.41,0.0383409720006966,0.024692779000361,0.0522249720006584,3.6551744144431737,3.022631304013111,2.13915871313935,2.776131868131868,1.0321178213091255
93.32327751399951,3.82,3.22,2.41,0.0886752559999877,0.0750270629996521,0.1025592559999495,3.6551744144431737,3.022631304013111,2.13915871313935,2.776131868131868,1.0321178213091255
93.37360958299996,3.82,3.22,2.4,0.1390073250004206,0.125359132000085,0.0089991969998663,3.6551744144431737,3.022631304013111,2.12788627515664,2.7814175824175824,1.0295209268991878
93.42393227199956,3.8,3.18,2.4,0.0453661419996933,0.0314690010000049,0.0593218859994522,3.634267464015272,2.979983221429275,2.12788627515664,2.753285714285714,1.0320813664596278
93.47427171900016,3.8,3.18,2.4,0.0957055890003175,0.0818084480006291,0.1096613330000764,3.634267464015272,2.979983221429275,2.12788627515664,2.753285714285714,1.0320813664596278
93.52450432299976,3.82,3.18,2.38,0.0022514180000143,0.1320410520002042,0.0157748609999544,3.6551744144431737,2.979983221429275,2.1053028285735995,2.7637912087912087,1.0103547539417104
93.57462626899996,3.82,3.17,2.38,0.0523733640002319,0.0381779259996619,0.0658968070001719,3.6551744144431737,2.9693096840848376,2.1053028285735995,2.7568131868131864,1.006880912565695
93.62494080600028,3.82,3.17,2.38,0.1026879010005359,0.0884924629999659,0.1162113440004759,3.6551744144431737,2.9693096840848376,2.1053028285735995,2.7568131868131864,1.006880912565695
93.67532361299982,3.8,3.17,2.32,0.0088650349998715,0.1388752699995166,0.0227558719998342,3.634267464015272,2.9693096840848376,2.0372285095197347,2.787802197802198,1.0082210941232683
93.72555616699992,3.8,3.23,2.32,0.0590975889999754,0.0448233340002843,0.072988425999938,3.634267464015272,3.0332820508485523,2.0372285095197347,2.83,1.0292282608695658
93.77568484199946,3.8,3.23,2.32,0.1092262639995169,0.0949520089998259,0.1231171009994795,3.634267464015272,3.0332820508485523,2.0372285095197347,2.83,1.0292282608695658
93.82600490599998,3.8,3.26,2.28,0.0155758830005652,0.001346709000245,0.0294751680003173,3.634267464015272,3.0652079864178874,1.9915571796963296,2.8716153846153847,1.029945484949833
93.87635462300022,3.8,3.26,2.28,0.0659256000008099,0.0516964260004897,0.079824885000562,3.634267464015272,3.0652079864178874,1.9915571796963296,2.8716153846153847,1.029945484949833
93.92666789400027,3.8,3.26,2.28,0.1162388710008599,0.1020096970005397,0.130138156000612,3.634267464015272,3.0652079864178874,1.9915571796963296,2.8716153846153847,1.029945484949833
93.97700037599952,3.8,3.3000000000000003,2.25,0.0226001779992657,0.008334444999491,0.0365166259998659,3.634267464015272,3.107716203259236,1.957140771636011,2.9153846153846157,1.0369632107023417
94.02736144899971,3.8,3.3000000000000003,2.25,0.0729612509994694,0.0586955179996948,0.0868776990000697,3.634267464015272,3.107716203259236,1.957140771636011,2.9153846153846157,1.0369632107023417
94.0775740099998,3.8,3.3000000000000003,2.25,0.1231738119995498,0.1089080789997751,0.13709026000015,3.634267464015272,3.107716203259236,1.957140771636011,2.9153846153846157,1.0369632107023417
94.1279104260002,3.82,3.31,2.2,0.0295272319999639,0.0152900920002139,0.0437326830005986,3.6551744144431737,3.118332887938682,1.8994472880288091,2.9470989010989013,1.0120014094601053
94.1780432839996,3.82,3.31,2.2,0.0796600899993791,0.065422949999629,0.0938655410000137,3.6551744144431737,3.118332887938682,1.8994472880288091,2.9470989010989013,1.0120014094601053
94.22817042299994,3.82,3.31,2.2,0.129787228999703,0.115550088999953,0.1439926800003377,3.6551744144431737,3.118332887938682,1.8994472880288091,2.9470989010989013,1.0120014094601053
94.27845961399998,3.84,3.35,2.18,0.0360571460005303,0.02188858000045,0.0497820000000501,3.676071272432024,3.160759402422145,1.8762462524945915,2.9859999999999998,1.0051934782608691
94.32874385600007,3.84,3.35,2.18,0.0863413880006191,0.0721728220005388,0.100066242000139,3.676071272432024,3.160759402422145,1.8762462524945915,2.9859999999999998,1.0051934782608691
94.37888633399962,3.84,3.35,2.19,0.1364838660001623,0.122315300000082,0.0064885410001807,3.676071272432024,3.160759402422145,1.887855926706273,2.981197802197802,1.0075528189202099
94.42921508099973,3.84,3.35,2.19,0.0428535419996478,0.1726440470001762,0.0568172880002748,3.676071272432024,3.160759402422145,1.887855926706273,2.981197802197802,1.0075528189202099
94.47955011199974,3.84,3.35,2.19,0.0931885729996793,0.2229790780002076,0.1071523190003063,3.676071272432024,3.160759402422145,1.887855926706273,2.981197802197802,1.0075528189202099
94.5297865980001,3.84,3.35,2.19,0.1434250590000374,0.2732155640005658,0.1573888050006644,3.676071272432024,3.160759402422145,1.887855926706273,2.981197802197802,1.0075528189202099
94.58010746499986,3.84,3.35,2.19,0.1937459259997922,0.3235364310003206,0.2077096720004192,3.676071272432024,3.160759402422145,1.887855926706273,2.981197802197802,1.0075528189202099
94.63022213400018,3.84,3.35,2.19,0.2438605950001147,0.373651100000643,0.2578243410007417,3.676071272432024,3.160759402422145,1.887855926706273,2.981197802197802,1.0075528189202099
94.68036811599995,3.86,3.35,2.15,0.0058326640000814,0.4237970820004193,0.0197544370003015,3.696958209122737,3.160759402422145,1.8413038858374249,3.000274725274725,0.981441113234592
94.73060675800023,3.86,3.45,2.15,0.0560713060003763,0.0424599330008277,0.0699930790005964,3.696958209122737,3.266557821315888,1.8413038858374249,3.075,1.0186413043478266
94.78089800299948,3.86,3.45,2.15,0.10636255099962,0.0927511780000713,0.1202843239998401,3.696958209122737,3.266557821315888,1.8413038858374249,3.075,1.0186413043478266
94.83118058800028,3.87,3.45,2.13,0.0126694640002824,0.143033763000858,0.0265707440003097,3.7073980093860976,3.266557821315888,1.8179108889051736,3.084406593406594,1.005617630195891
94.88132239300012,3.87,3.47,2.13,0.0628112690001216,0.0491979620001075,0.076712549000149,3.7073980093860976,3.287673949770567,1.8179108889051736,3.0996153846153844,1.013188963210702
94.93161491899993,3.87,3.47,2.13,0.1131037949999154,0.0994904879999012,0.1270050749999427,3.7073980093860976,3.287673949770567,1.8179108889051736,3.0996153846153844,1.013188963210702
94.98175547899972,3.87,3.47,2.13,0.1632443549997333,0.1496310479997191,0.1771456349997606,3.7073980093860976,3.287673949770567,1.8179108889051736,3.0996153846153844,1.013188963210702
95.0321240839994,3.87,3.47,2.13,0.2136129599994092,0.199999652999395,0.2275142399994365,3.7073980093860976,3.287673949770567,1.8179108889051736,3.0996153846153844,1.013188963210702
95.08241273400016,3.87,3.47,2.13,0.2639016100001754,0.2502883030001612,0.2778028900002027,3.7073980093860976,3.287673949770567,1.8179108889051736,3.0996153846153844,1.013188963210702
95.13253031099975,3.87,3.46,2.07,0.0260866019998502,0.0121430009994583,0.0401215109995973,3.7073980093860976,3.2771176359721967,1.7472263734273243,3.1196923076923073,0.9957924749163879
95.1828247200001,3.87,3.46,2.07,0.0763810110001941,0.0624374099998021,0.0904159199999412,3.7073980093860976,3.2771176359721967,1.7472263734273243,3.1196923076923073,0.9957924749163879
95.23311408799964,3.87,3.46,2.07,0.1266703789997336,0.1127267779993417,0.1407052879994808,3.7073980093860976,3.2771176359721967,1.7472263734273243,3.1196923076923073,0.9957924749163879
95.2834444909995,3.89,3.5,2.11,0.0330136499997024,0.019072215000051,0.0469567319996713,3.7282703764614498,3.319322219972023,1.794435844492636,3.131912087912088,1.0031801481127565
95.33375878700008,3.89,3.5,2.11,0.0833279460002813,0.0693865110006299,0.0972710280002502,3.7282703764614498,3.319322219972023,1.794435844492636,3.131912087912088,1.0031801481127565
95.38393773699954,3.89,3.5,2.07,0.1335068959997443,0.1195654610000929,0.0036754279999513,3.7282703764614498,3.319322219972023,1.7472263734273243,3.150285714285714,0.9941531055900618
95.43425694500002,3.9,3.5,2.07,0.0398772919998009,0.0259838840001975,0.053994636000425,3.73870298365623,3.319322219972023,1.7472263734273243,3.150285714285714,0.9856857142857143
95.48452425999947,3.9,3.5,2.07,0.0901446069992744,0.076251198999671,0.1042619509998985,3.73870298365623,3.319322219972023,1.7472263734273243,3.150285714285714,0.9856857142857143
95.53466937200028,3.9,3.5,2.1,0.1402897190000658,0.1263963110004624,0.0102370200002042,3.73870298365623,3.319322219972023,1.7826665420094696,3.1365384615384615,0.9924397993311036
95.58499850599948,3.87,3.53,2.1,0.0466034559995023,0.0327543819994389,0.0605661539993889,3.7073980093860976,3.35094016658012,1.7826665420094696,3.159714285714286,1.0293142857142856
95.63514408900028,3.87,3.53,2.1,0.0967490390003149,0.0828999650002515,0.1107117370002015,3.7073980093860976,3.35094016658012,1.7826665420094696,3.159714285714286,1.0293142857142856
95.68528283399974,3.88,3.53,2.09,0.0029338699996515,0.1330387099997096,0.0168901699998968,3.717835391729978,3.35094016658012,1.7708754896942922,3.164318681318681,1.018628213091257
95.73560963199998,3.88,3.54,2.09,0.0532606679998934,0.03904690499985,0.0672169680001388,3.717835391729978,3.3614728914569576,1.7708754896942922,3.172087912087912,1.0224959388437653
95.78594021200024,3.88,3.54,2.09,0.103591248000157,0.0893774850001136,0.1175475480004024,3.717835391729978,3.3614728914569576,1.7708754896942922,3.172087912087912,1.0224959388437653
95.8362748159998,3.82,3.54,2.1,0.0102830929999981,0.1397120889996586,0.0241377749998719,3.6551744144431737,3.3614728914569576,1.7826665420094696,3.1674835164835162,1.0749754897276638
95.88634929699948,3.82,3.46,2.1,0.0603575739996813,0.0458035419997031,0.074212255999555,3.6551744144431737,3.2771176359721967,1.7826665420094696,3.105945054945055,1.044340038222647
95.93657851199988,3.82,3.46,2.1,0.1105867890000809,0.0960327570001027,0.1244414709999546,3.6551744144431737,3.2771176359721967,1.7826665420094696,3.105945054945055,1.044340038222647
95.98667750000004,3.77,3.5,2.12,0.0167874200005826,0.0024925819998316,0.030407981999815,3.602887730696031,3.319322219972023,1.8061838223170976,3.127263736263736,1.1053769469660777
96.03699886899994,3.77,3.5,2.12,0.0671087890004855,0.0528139509997345,0.080729350999718,3.602887730696031,3.319322219972023,1.8061838223170976,3.127263736263736,1.1053769469660777
96.08737054999985,3.77,3.5,2.12,0.1174804700003733,0.1031856319996222,0.1311010319996057,3.602887730696031,3.319322219972023,1.8061838223170976,3.127263736263736,1.1053769469660777
96.13768942899968,3.76,3.52,2.12,0.023163550999925,0.009228033999534,0.037419127999783,3.592422580933373,3.3404041671630096,1.8061838223170976,3.1426923076923075,1.121242474916388
96.1880108690002,3.76,3.52,2.12,0.0734849910004413,0.0595494740000503,0.0877405680002993,3.592422580933373,3.3404041671630096,1.8061838223170976,3.1426923076923075,1.121242474916388
96.23835722500009,3.76,3.52,2.12,0.1238313470003049,0.1098958299999139,0.1380869240001629,3.592422580933373,3.3404041671630096,1.8061838223170976,3.1426923076923075,1.121242474916388
96.28869039799974,3.72,3.6,2.11,0.0303574070003378,0.0162627580002663,0.0444652320002205,3.5505351709284616,3.4246021666757147,1.794435844492636,3.209934065934066,1.182641089345437
96.3390287709999,3.72,3.6,2.11,0.0806957800004966,0.066601131000425,0.0948036050003793,3.5505351709284616,3.4246021666757147,1.794435844492636,3.209934065934066,1.182641089345437
96.3893688829994,3.72,3.6,2.16,0.1310358919999998,0.1169412429999283,0.0011928249996344,3.5505351709284616,3.4246021666757147,1.8529705880018708,3.186472527472527,1.1941678451982798
96.43952543900014,3.69,3.67,2.16,0.036974917000407,0.0231310980007037,0.0513493810003637,3.519090791667643,3.498113777452071,1.8529705880018708,3.242395604395605,1.246170855231725
96.48965161700016,3.69,3.67,2.16,0.0871010950004347,0.0732572760007315,0.1014755590003915,3.519090791667643,3.498113777452071,1.8529705880018708,3.242395604395605,1.246170855231725
96.53996852799992,3.69,3.67,2.18,0.137418006000189,0.1235741870004858,0.0074240080002709,3.519090791667643,3.498113777452071,1.8762462524945915,3.232857142857143,1.250857142857143
96.5902903139995,3.63,3.72,2.18,0.0439285209995432,0.0301831639999363,0.0577457939998566,3.4561249977395203,3.5505351709284616,1.8762462524945915,3.2734615384615386,1.3188102006688962
96.64062401999944,3.63,3.72,2.18,0.0942622269994899,0.080516869999883,0.1080794999998033,3.4561249977395203,3.5505351709284616,1.8762462524945915,3.2734615384615386,1.3188102006688962
96.6908941769998,3.63,3.72,2.18,0.000725918000171,0.130787027000224,0.0143731429998297,3.4561249977395203,3.5505351709284616,1.8762462524945915,3.2734615384615386,1.3188102006688962
96.74122855099996,3.63,3.62,2.18,0.0510602920003293,0.0369615310000881,0.064707516999988,3.4561249977395203,3.4456204085766613,1.8762462524945915,3.1928021978021977,1.2786558767319636
96.79156853399944,3.63,3.62,2.18,0.1014002749998326,0.0873015139995914,0.1150474999994912,3.4561249977395203,3.4456204085766613,1.8762462524945915,3.1928021978021977,1.2786558767319636
96.84189509599946,3.57,3.62,2.18,0.0075547489996097,0.1376280759996007,0.0214570969992564,3.393051723743686,3.4456204085766613,1.8762462524945915,3.1928021978021977,1.325612398471094
96.8920383349996,3.57,3.65,2.18,0.0576979879997452,0.0438144259996988,0.0716003359993919,3.393051723743686,3.477125249397841,1.8762462524945915,3.216769230769231,1.3375438127090302
96.9423703780003,3.57,3.65,2.18,0.1080300310004531,0.0941464690004068,0.1219323790000999,3.393051723743686,3.477125249397841,1.8762462524945915,3.216769230769231,1.3375438127090302
96.99246599700018,3.56,3.63,2.21,0.0141903860003367,0.0004819980003958,0.0282919070004936,3.3825286399378798,3.4561249977395203,1.9110206696946008,3.186296703296703,1.3444390109890105
97.04260695599989,3.56,3.63,2.21,0.0643313450000278,0.0506229570000869,0.0784328660001847,3.3825286399378798,3.4561249977395203,1.9110206696946008,3.186296703296703,1.3444390109890105
97.09270677099994,3.56,3.63,2.21,0.1144311600000946,0.1007227720001537,0.1285326810002516,3.3825286399378798,3.4561249977395203,1.9110206696946008,3.186296703296703,1.3444390109890105
97.1430616609996,3.56,3.66,2.22,0.0209715629998754,0.0068964169995524,0.0347079120001581,3.3825286399378798,3.4876209656440595,1.9225763964014533,3.205461538461539,1.3587949832775916
97.19320017500011,3.56,3.66,2.22,0.0711100770004122,0.0570349310000892,0.0848464260006949,3.3825286399378798,3.4876209656440595,1.9225763964014533,3.205461538461539,1.3587949832775916
97.24348996200024,3.56,3.66,2.22,0.1213998640005229,0.1073247180001999,0.1351362130008055,3.3825286399378798,3.4876209656440595,1.9225763964014533,3.205461538461539,1.3587949832775916
97.29378800099948,3.54,3.69,2.2,0.0277729459994588,0.0136555579993,0.0417496469999605,3.3614728914569576,3.519090791667643,1.8994472880288091,3.2394065934065934,1.3815198041089343
97.34412408800016,3.54,3.69,2.2,0.0781090330001461,0.0639916449999873,0.0920857340006477,3.3614728914569576,3.519090791667643,1.8994472880288091,3.2394065934065934,1.3815198041089343
97.3944475139997,3.54,3.69,2.2,0.1284324589996686,0.1143150709995097,0.1424091600001702,3.3614728914569576,3.519090791667643,1.8994472880288091,3.2394065934065934,1.3815198041089343
97.44478935200004,3.5,3.75,2.24,0.0346319990003394,0.0207082450006055,0.0485494000004109,3.319322219972023,3.581954773583832,1.945636142756399,3.268945054945055,1.4461378643096037
97.49513448400012,3.5,3.75,2.24,0.0849771310004143,0.0710533770006804,0.0988945320004859,3.319322219972023,3.581954773583832,1.945636142756399,3.268945054945055,1.4461378643096037
97.5454687729998,3.5,3.75,2.28,0.1353114200001073,0.1213876660003734,0.0052157259997329,3.319322219972023,3.581954773583832,1.9915571796963296,3.249076923076924,1.4558991638795986
97.59576038399972,3.5,3.77,2.28,0.0419228239998119,0.0278626449999137,0.0555073369996534,3.319322219972023,3.602887730696031,1.9915571796963296,3.265604395604395,1.4641269708552311
97.64615614099966,3.5,3.77,2.28,0.0923185809997448,0.0782584019998466,0.1059030939995864,3.319322219972023,3.602887730696031,1.9915571796963296,3.265604395604395,1.4641269708552311
97.69648682800016,3.5,3.77,2.28,0.1426492680002411,0.1285890890003429,0.0122996370000691,3.319322219972023,3.602887730696031,1.9915571796963296,3.265604395604395,1.4641269708552311
97.74671274899993,3.48,3.81,2.28,0.048771931000374,0.0344351330004428,0.0625255579998338,3.2982267963255647,3.6447222116369855,1.9915571796963296,3.2989230769230766,1.4958877926421403
97.7968712310003,3.48,3.81,2.28,0.098930413000744,0.0845936150008128,0.1126840400002038,3.2982267963255647,3.6447222116369855,1.9915571796963296,3.2989230769230766,1.4958877926421403
97.84720626199942,3.43,3.81,2.29,0.0051393509993431,0.1349286459999348,0.0190497449993927,3.245427552727067,3.6447222116369855,2.0029977533686854,3.293901098901099,1.5359094601051122
97.89743930700024,3.43,4.06,2.29,0.0553723960001661,0.0414583430001584,0.0692827900002157,3.245427552727067,3.9053168885507854,2.0029977533686854,3.510109890109889,1.6435438365981834
97.94777006999992,3.43,4.06,2.29,0.1057031589998587,0.091789105999851,0.1196135529999082,3.245427552727067,3.9053168885507854,2.0029977533686854,3.510109890109889,1.6435438365981834
97.9980706819997,3.43,4.06,2.29,0.1560037709996322,0.1420897179996245,0.1699141649996818,3.245427552727067,3.9053168885507854,2.0029977533686854,3.510109890109889,1.6435438365981834
98.04839743399953,3.43,4.06,2.29,0.2063305229994512,0.1924164699994435,0.2202409169995007,3.245427552727067,3.9053168885507854,2.0029977533686854,3.510109890109889,1.6435438365981834
98.09873625199998,3.43,4.06,2.29,0.2566693409999061,0.2427552879998984,0.2705797349999557,3.245427552727067,3.9053168885507854,2.0029977533686854,3.510109890109889,1.6435438365981834
98.14886049300004,3.41,3.71,2.31,0.018430004000038,0.0046594360001108,0.0327941180003108,3.22428286600292,3.5400564967243104,2.025833161936096,3.201153846153846,1.5146070234113704
98.1991444360001,3.41,3.71,2.31,0.0687139470001056,0.0549433790001785,0.0830780610003785,3.22428286600292,3.5400564967243104,2.025833161936096,3.201153846153846,1.5146070234113704
98.2494680560003,3.41,3.71,2.31,0.1190375670003049,0.1052669990003778,0.1334016810005778,3.22428286600292,3.5400564967243104,2.025833161936096,3.201153846153846,1.5146070234113704
98.299790174,3.4,3.76,2.35,0.0256152869997094,0.0115699959997073,0.0398939120004797,3.213705026912084,3.592422580933374,2.071328076379983,3.221714285714286,1.5525055900621119
98.3501027909997,3.4,3.76,2.35,0.0759279039993998,0.0618826129993976,0.0902065290001701,3.213705026912084,3.592422580933374,2.071328076379983,3.221714285714286,1.5525055900621119
98.4004384029995,3.4,3.76,2.35,0.1262635159991987,0.1122182249991965,0.1405421409999689,3.213705026912084,3.592422580933374,2.071328076379983,3.221714285714286,1.5525055900621119
98.45076930399956,3.34,3.72,2.37,0.0324867049994281,0.0185856799998873,0.0467777009998826,3.1501587261596837,3.5505351709284616,2.093991403993818,3.1784615384615384,1.585190635451505
98.50111676300004,3.34,3.72,2.37,0.0828341639999052,0.0689331390003644,0.0971251600003597,3.1501587261596837,3.5505351709284616,2.093991403993818,3.1784615384615384,1.585190635451505
98.5513818999998,3.34,3.72,2.38,0.1330993009996746,0.1191982760001337,0.003397030999622,3.1501587261596837,3.5505351709284616,2.1053028285735995,3.173241758241758,1.5877551361681796
98.60170857100002,3.3,3.72,2.38,0.0394787699997323,0.1695249470003546,0.0537237019998428,3.107716203259236,3.5505351709284616,2.1053028285735995,3.173241758241758,1.6166247013855706
98.65194552499996,3.3,3.72,2.38,0.0897157239996886,0.2197619010003109,0.1039606559997992,3.107716203259236,3.5505351709284616,2.1053028285735995,3.173241758241758,1.6166247013855706
98.70227758700004,3.3,3.72,2.38,0.1400477859997408,0.2700939630003631,0.1542927179998514,3.107716203259236,3.5505351709284616,2.1053028285735995,3.173241758241758,1.6166247013855706
98.7525442139995,3.3,3.72,2.38,0.1903144129992142,0.3203605899998365,0.2045593449993248,3.107716203259236,3.5505351709284616,2.1053028285735995,3.173241758241758,1.6166247013855706
98.80283850999967,3.3,3.72,2.38,0.2406087089993889,0.3706548860000112,0.2548536409994995,3.107716203259236,3.5505351709284616,2.1053028285735995,3.173241758241758,1.6166247013855706
98.85298309999962,3.26,3.72,2.41,0.0028065380001862,0.4207994759999565,0.0167447019994142,3.0652079864178874,3.5505351709284616,2.13915871313935,3.15745054945055,1.6529047300525563
98.90311094000026,3.26,4.1,2.41,0.0529343780008275,0.0393255630006024,0.0668725420000555,3.0652079864178874,3.9468848475728295,2.13915871313935,3.484,1.815469565217391
98.9534349229998,3.26,4.1,2.41,0.1032583610003712,0.089649546000146,0.1171965249995992,3.0652079864178874,3.9468848475728295,2.13915871313935,3.484,1.815469565217391
99.00377113000012,3.2,4.1,2.44,0.0096701350003058,0.1399857530004737,0.0235671290001846,3.0013163778582226,3.9468848475728295,2.1729012862990347,3.468010989010989,1.8654554706163404
99.05409285799942,3.2,4.15,2.44,0.0599918629995954,0.0462054009994972,0.0738888569994742,3.0013163778582226,3.99879981994598,2.1729012862990347,3.5133406593406598,1.8880217630195895
99.1044273589996,3.2,4.15,2.44,0.1103263639997749,0.0965399019996766,0.1242233579996536,3.0013163778582226,3.99879981994598,2.1729012862990347,3.5133406593406598,1.8880217630195895
99.15475610300018,3.19,4.15,2.48,0.0168084140004793,0.002765262000139,0.0308145760000115,2.990652102802999,3.99879981994598,2.217724058578975,3.491714285714286,1.9055925465838515
99.20505200200024,3.19,4.15,2.48,0.0671043130005273,0.0530611610001869,0.0811104750000595,2.990652102802999,3.99879981994598,2.217724058578975,3.491714285714286,1.9055925465838515
99.25538634399982,3.19,4.15,2.48,0.1174386550001145,0.1033955029997741,0.1314448169996467,2.990652102802999,3.99879981994598,2.217724058578975,3.491714285714286,1.9055925465838515
99.3057215029994,3.16,4.03,2.47,0.0236766509997323,0.0097848979994523,0.0377958219996799,2.9586314403791496,3.874119254746813,2.206535746368048,3.3892857142857147,1.8699270186335395
99.35604069799956,3.16,4.03,2.47,0.0739958459998888,0.0601040929996088,0.0881150169998363,2.9586314403791496,3.874119254746813,2.206535746368048,3.3892857142857147,1.8699270186335395
99.40636580799946,3.16,4.03,2.47,0.1243209559997922,0.1104292029995122,0.1384401269997397,2.9586314403791496,3.874119254746813,2.206535746368048,3.3892857142857147,1.8699270186335395
99.4565615370002,3.12,3.85,2.5,0.0306224750002002,0.0166220270002668,0.0445881830000871,2.915870367488925,3.6865159703980663,2.240066963284803,3.2170329670329667,1.8276859770664116
99.50689291100024,3.12,3.85,2.5,0.0809538490002523,0.0669534010003189,0.0949195570001393,2.915870367488925,3.6865159703980663,2.240066963284803,3.2170329670329667,1.8276859770664116
99.55720912600007,3.12,3.85,2.56,0.1312700640000912,0.1172696160001578,0.0012447620001694,2.915870367488925,3.6865159703980663,2.306837662255409,3.1836703296703295,1.8440771858576204
99.6075443869995,3.14,3.85,2.56,0.0375741829993785,0.1676048769995759,0.0515800229995875,2.937260628544903,3.6865159703980663,2.306837662255409,3.1836703296703295,1.8304684902054464
99.65786591100004,3.14,3.85,2.56,0.087895706999916,0.2179264010001134,0.1019015470001249,2.937260628544903,3.6865159703980663,2.306837662255409,3.1836703296703295,1.8304684902054464
99.70819775699964,3.14,3.85,2.57,0.138227552999524,0.2682582469997214,0.0081879999997909,2.937260628544903,3.6865159703980663,2.3179301111120667,3.1780329670329674,1.833238150979455
99.75849401599952,3.07,3.85,2.57,0.0445590019999144,0.0304641269995045,0.0584842589996696,2.8623067620365217,3.6865159703980663,2.3179301111120667,3.1780329670329674,1.8804881509794555
99.80883084000016,3.07,3.85,2.57,0.0948958260005383,0.0808009510001284,0.1088210830002935,2.8623067620365217,3.6865159703980663,2.3179301111120667,3.1780329670329674,1.8804881509794555
99.85914685700028,3.03,3.85,2.57,0.0012441590006346,0.1311169680002422,0.1591371000004073,2.819361629872976,3.6865159703980663,2.3179301111120667,3.1780329670329674,1.90700989010989
99.90948772399952,3.03,4.11,2.57,0.0515850259998842,0.0373157879994323,0.2094779669996569,2.819361629872976,3.957271787481876,2.3179301111120667,3.4054615384615388,2.020229765886287
99.95961501300008,3.03,4.11,2.57,0.1017123150004408,0.0874430769999889,0.2596052560002135,2.819361629872976,3.957271787481876,2.3179301111120667,3.4054615384615388,2.020229765886287
100.0099559600003,3.04,4.11,2.57,0.0081171540005016,0.1377840240002115,0.309946203000436,2.830106005081788,3.957271787481876,2.3179301111120667,3.4054615384615388,2.013631939799332
100.06028622699978,3.04,4.1,2.57,0.0584474209999825,0.0443559929999537,0.360276469999917,2.830106005081788,3.9468848475728295,2.3179301111120667,3.3964395604395605,2.009140563784043
100.11061012499977,3.04,4.1,2.57,0.1087713189999703,0.0946798909999415,0.4106003679999048,2.830106005081788,3.9468848475728295,2.3179301111120667,3.3964395604395605,2.009140563784043
100.16088561099969,2.98,4.06,2.64,0.0147232319995964,0.0009566509997966,0.0292748729998493,2.765556001964162,3.9053168885507854,2.395307913400697,3.320494505494504,2.050235308170091
100.21117946100004,2.98,4.06,2.64,0.0650170819999402,0.0512505010001405,0.0795687230001931,2.765556001964162,3.9053168885507854,2.395307913400697,3.320494505494504,2.050235308170091
100.26128214999972,2.98,4.06,2.64,0.1151197709996267,0.101353189999827,0.1296714119998796,2.765556001964162,3.9053168885507854,2.395307913400697,3.320494505494504,2.050235308170091
100.31161248099944,2.93,4.1,2.65,0.0217155099999217,0.0076118439992569,0.0357244419992639,2.711604690953311,3.9468848475728295,2.406324998831205,3.35054945054945,2.1030670090778782
100.36196447400016,2.93,4.1,2.65,0.0720675030006532,0.0579638369999884,0.0860764349999954,2.711604690953311,3.9468848475728295,2.406324998831205,3.35054945054945,2.1030670090778782
100.41208440900029,2.93,4.1,2.65,0.1221874380007648,0.1080837720001,0.1361963700001069,2.711604690953311,3.9468848475728295,2.406324998831205,3.35054945054945,2.1030670090778782
100.46219924199976,2.92,4.05,2.65,0.0281088639994777,0.0144625969996923,0.0426179010000851,2.700796178907249,3.894919768108196,2.406324998831205,3.305769230769231,2.0871329431438133
100.51234342299996,2.92,4.05,2.65,0.0782530449996556,0.0646067779998702,0.092762082000263,2.700796178907249,3.894919768108196,2.406324998831205,3.305769230769231,2.0871329431438133
100.5625867560002,2.92,4.05,2.65,0.1284963779999088,0.1148501110001234,0.1430054150005162,2.700796178907249,3.894919768108196,2.406324998831205,3.305769230769231,2.0871329431438133
100.61274803299966,2.89,4.13,2.71,0.0352016050001111,0.0207781629997043,0.0492554160000509,2.6683328128252666,3.9780397182532,2.472245942457991,3.3423406593406595,2.1592413282369805
100.66311086199948,2.89,4.13,2.71,0.0855644339999344,0.0711409919995276,0.0996182449998741,2.6683328128252666,3.9780397182532,2.472245942457991,3.3423406593406595,2.1592413282369805
100.71345196099992,2.89,4.13,2.67,0.1359055330003684,0.1214820909999616,0.0053555280001091,2.6683328128252666,3.9780397182532,2.428332761381768,3.3659890109890105,2.1476227902532252
100.76379622900004,2.88,4.07,2.67,0.0420335440003327,0.0279066410002997,0.0556997960002263,2.6574988240825244,3.915711940375594,2.428332761381768,3.311923076923076,2.1269790969899662
100.8139907349996,2.88,4.07,2.67,0.0922280499999033,0.0781011469998702,0.1058943019997968,2.6574988240825244,3.915711940375594,2.428332761381768,3.311923076923076,2.1269790969899662
100.8643372229999,2.88,4.07,2.75,0.1425745380001899,0.1284476350001568,0.0122611050001069,2.6574988240825244,3.915711940375594,2.516028616689405,3.264274725274725,2.1503889393215476
100.91467435199957,2.84,4.15,2.75,0.0488884569995207,0.0347911119997661,0.062598233999779,2.614096402200959,3.99879981994598,2.516028616689405,3.336538461538462,2.2112332775919734
100.96479585899942,2.84,4.15,2.75,0.0990099639993786,0.0849126189996241,0.112719740999637,2.614096402200959,3.99879981994598,2.516028616689405,3.336538461538462,2.2112332775919734
101.01487495399942,2.84,4.15,2.75,0.1490890589993796,0.134991713999625,0.1627988359996379,2.614096402200959,3.99879981994598,2.516028616689405,3.336538461538462,2.2112332775919734
101.0652075779999,2.84,4.15,2.75,0.1994216829998549,0.1853243380001004,0.2131314600001133,2.614096402200959,3.99879981994598,2.516028616689405,3.336538461538462,2.2112332775919734
101.11553722000008,2.84,4.15,2.75,0.2497513250000338,0.2356539800002792,0.2634611020002921,2.614096402200959,3.99879981994598,2.516028616689405,3.336538461538462,2.2112332775919734
101.16588208699976,2.77,4.15,2.82,0.0119879550002224,0.2859988469999734,0.0260452699994857,2.53787312527636,3.99879981994598,2.592354142473593,3.2936923076923077,2.27496856187291
101.21601528500014,2.77,4.12,2.82,0.0621211530005894,0.0482073379998837,0.0761784679998527,2.53787312527636,3.967656739184981,2.592354142473593,3.266428571428571,2.2613959627329185
101.26638529999946,2.77,4.12,2.82,0.1124911679999058,0.0985773529992002,0.1265484829991692,2.53787312527636,3.967656739184981,2.592354142473593,3.266428571428571,2.2613959627329185
101.31672028100002,2.75,4.06,2.85,0.0189215010004772,0.0049486879997857,0.0327758410003298,2.516028616689405,3.9053168885507854,2.624957142507283,3.193802197802196,2.2557297897754416
101.36701402499966,2.75,4.06,2.85,0.0692152450001231,0.0552424319994315,0.0830695849999756,2.516028616689405,3.9053168885507854,2.624957142507283,3.193802197802196,2.2557297897754416
101.41737876699972,2.75,4.06,2.85,0.1195799870001792,0.1056071739994877,0.1334343270000317,2.516028616689405,3.9053168885507854,2.624957142507283,3.193802197802196,2.2557297897754416
101.46771489000002,2.75,4.08,2.86,0.0261747140002626,0.0119428130001324,0.0399352330005058,2.516028616689405,3.9261049400137034,2.63581107061944,3.2054175824175832,2.267718752986144
101.51806563799984,2.75,4.08,2.86,0.0765254620000632,0.0622935609999331,0.0902859810003064,2.516028616689405,3.9261049400137034,2.63581107061944,3.2054175824175832,2.267718752986144
101.5681829340001,2.75,4.08,2.86,0.1266427580003437,0.1124108570002135,0.1404032770005869,2.516028616689405,3.9261049400137034,2.63581107061944,3.2054175824175832,2.267718752986144
101.6183951160001,2.68,4.12,2.89,0.0326025650001611,0.0186685650005529,0.046578242000578,2.4393236767596056,3.967656739184981,2.6683328128252666,3.2225054945054943,2.3362907787864304
101.66872130199954,2.68,4.12,2.89,0.0829287509995992,0.068994750999991,0.0969044280000162,2.4393236767596056,3.967656739184981,2.6683328128252666,3.2225054945054943,2.3362907787864304
101.719015699,2.68,4.12,2.91,0.13322314800007,0.1192891480004618,0.003178322000167,2.4393236767596056,3.967656739184981,2.689981412575187,3.2097582417582418,2.3425535594839935
101.76942428199982,2.65,4.13,2.91,0.0398280620001969,0.0257260959997438,0.0535869049999746,2.406324998831205,3.9780397182532,2.689981412575187,3.218824175824176,2.3644472527472526
101.81977817699952,2.65,4.13,2.91,0.0901819569999133,0.0760799909994602,0.103940799999691,2.406324998831205,3.9780397182532,2.689981412575187,3.218824175824176,2.3644472527472526
101.87011952099964,2.65,4.13,2.93,0.1405233010000302,0.126421334999577,0.0103002019995983,2.406324998831205,3.9780397182532,2.7116046909533105,3.205989010989011,2.370753225035833
101.92045581799994,2.67,4.1,2.93,0.0468238250005015,0.0324448020001,0.0606364989998837,2.428332761381768,3.9468848475728295,2.7116046909533105,3.1788571428571433,2.3456810559006205
101.97060033100024,2.67,4.1,2.93,0.0969683380008064,0.0825893150004049,0.1107810120001886,2.428332761381768,3.9468848475728295,2.7116046909533105,3.1788571428571433,2.3456810559006205
102.020709548,2.69,4.1,2.96,0.0032987619997584,0.1326985320001767,0.0169323059999442,2.4503061033266844,3.9468848475728295,2.743993440225396,3.15943956043956,2.3435688246536075
102.07103325800016,2.69,4.12,2.96,0.0536224719999154,0.0393883200003983,0.0672560160001012,2.4503061033266844,3.967656739184981,2.743993440225396,3.1775054945054935,2.352562517916865
102.12138409499948,2.69,4.12,2.96,0.1039733089992296,0.0897391569997125,0.1176068529994154,2.4503061033266844,3.967656739184981,2.743993440225396,3.1775054945054935,2.352562517916865
102.17167860100017,2.58,4.12,2.99,0.0097033910005848,0.1400336630003948,0.0239035110007534,2.3290126663459776,3.967656739184981,2.7763285108214406,3.1578901098901095,2.425210511227902
102.22197107000012,2.58,4.12,2.99,0.0599958600005265,0.0460634830005801,0.0741959800006952,2.3290126663459776,3.967656739184981,2.7763285108214406,3.1578901098901095,2.425210511227902
102.27232829199966,2.58,4.12,2.99,0.1103530820000742,0.0964207050001277,0.1245532020002428,2.3290126663459776,3.967656739184981,2.7763285108214406,3.1578901098901095,2.425210511227902
102.32263108400002,2.57,4.13,3.03,0.0166748900001039,0.0027595769997788,0.0308958289997463,2.3179301111120667,3.9780397182532,2.819361629872976,3.1404945054945053,2.4483222646918303
102.37277245299993,2.57,4.13,3.03,0.0668162590000065,0.0529009459996814,0.0810371979996489,2.3179301111120667,3.9780397182532,2.819361629872976,3.1404945054945053,2.4483222646918303
102.42288818999988,2.57,4.13,3.03,0.1169319959999484,0.1030166829996233,0.1311529349995908,2.3179301111120667,3.9780397182532,2.819361629872976,3.1404945054945053,2.4483222646918303
102.47302261499954,2.54,4.21,3.07,0.0231045789996642,0.0091587349998008,0.0372990799996841,2.284622507111405,4.061034350999755,2.8623067620365217,3.1870000000000003,2.514658695652174
102.52313017799952,2.54,4.21,3.07,0.0732121419996474,0.059266297999784,0.0874066429996673,2.284622507111405,4.061034350999755,2.8623067620365217,3.1870000000000003,2.514658695652174
102.57344867499978,2.54,4.21,3.07,0.1235306389999095,0.1095847950000461,0.1377251399999295,2.284622507111405,4.061034350999755,2.8623067620365217,3.1870000000000003,2.514658695652174
102.62358983899958,2.5,4.19,3.1,0.029720496999289,0.0157835449999765,0.0441859449992989,2.240066963284803,4.040297018784634,2.8944602260179706,3.148197802197802,2.537374558050645
102.67390764099946,2.5,4.19,3.1,0.0800382989991703,0.0661013469998579,0.0945037469991803,2.240066963284803,4.040297018784634,2.8944602260179706,3.148197802197802,2.537374558050645
102.72401754800012,2.5,4.19,3.1,0.1301482059998306,0.1162112540005182,9.36149999688496e-05,2.240066963284803,4.040297018784634,2.8944602260179706,3.148197802197802,2.537374558050645
102.77436391099944,2.49,4.21,3.1,0.0366100399996867,0.0226080379998165,0.0504399779993036,2.228901074520805,4.061034350999755,2.8944602260179706,3.16665934065934,2.551989106545629
102.8247128920002,2.49,4.21,3.1,0.0869590210004389,0.0729570190005688,0.1007889590000559,2.228901074520805,4.061034350999755,2.8944602260179706,3.16665934065934,2.551989106545629
102.87485609899976,2.49,4.21,3.15,0.1371022280000033,0.1231002260001332,0.0069705839996458,2.228901074520805,4.061034350999755,2.947948439169179,3.1323186813186816,2.568860821786909
102.92515195899978,2.46,4.23,3.15,0.043544742999984,0.0294318559999737,0.0572664439996515,2.195335965177084,4.081764324406788,2.947948439169179,3.1508681318681324,2.5942365265169616
102.97545718499988,2.46,4.23,3.15,0.0938499690000753,0.0797370820000651,0.1075716699997428,2.195335965177084,4.081764324406788,2.947948439169179,3.1508681318681324,2.5942365265169616
103.02558566199968,2.46,4.23,3.15,0.1439784459998918,0.1298655589998816,0.0137261179997949,2.195335965177084,4.081764324406788,2.947948439169179,3.1508681318681324,2.5942365265169616
103.07592155099974,2.43,4.25,3.15,0.0498957789995984,0.0363477399996554,0.0640620069998476,2.161666024158219,4.102487050558478,2.947948439169179,3.1695054945054952,2.6194603440038216
103.12627059500028,2.43,4.25,3.15,0.1002448230001391,0.0866967840001962,0.1144110510003884,2.161666024158219,4.102487050558478,2.947948439169179,3.1695054945054952,2.6194603440038216
103.17660109400003,2.42,4.25,3.17,0.0070001100002627,0.1370272829999521,0.0210014690001116,2.1504185639079663,4.102487050558478,2.9693096840848376,3.155615384615385,2.63155635451505
103.22693443000026,2.42,4.2700000000000005,3.17,0.0573334460004844,0.0434563150001849,0.0713348050003332,2.1504185639079663,4.123202638726358,2.9693096840848376,3.1743406593406593,2.64087828475872
103.27725666100014,2.42,4.2700000000000005,3.17,0.1076556770003662,0.0937785460000668,0.1216570360002151,2.1504185639079663,4.123202638726358,2.9693096840848376,3.1743406593406593,2.64087828475872
103.32738895500006,2.39,4.2700000000000005,3.21,0.0136902700005521,0.1439108399999895,0.0278816059999371,2.1166010488516727,4.123202638726358,3.011976095522672,3.146296703296703,2.6703411849020546
103.3776793400002,2.39,4.29,3.21,0.0639806550007051,0.049493440000333,0.0781719910000902,2.1166010488516727,4.1439111959596815,3.011976095522672,3.16510989010989,2.6797068800764454
103.42802255399964,2.39,4.29,3.21,0.1143238690001453,0.0998366539997732,0.1285152049995304,2.1166010488516727,4.1439111959596815,3.011976095522672,3.16510989010989,2.6797068800764454
103.4783782630002,2.38,4.3100000000000005,3.22,0.0206894120001379,0.0067850530003852,0.0346429060000446,2.1053028285735995,4.164612827142519,3.0226313040131103,3.176945054945056,2.6977726469182985
103.52868006599964,2.38,4.3100000000000005,3.22,0.0709912149995943,0.0570868559998416,0.084944708999501,2.1053028285735995,4.164612827142519,3.0226313040131103,3.176945054945056,2.6977726469182985
103.57879380699978,2.38,4.3100000000000005,3.22,0.1211049559997263,0.1072005969999736,0.135058449999633,2.1053028285735995,4.164612827142519,3.0226313040131103,3.176945054945056,2.6977726469182985
103.62911850099954,2.33,4.3500000000000005,3.23,0.0275003349997859,0.0135461239997312,0.0415668699997695,2.0486092843683004,4.205995720397253,3.0332820508485523,3.2079230769230773,2.7458030100334456
103.67944929199984,2.33,4.3500000000000005,3.23,0.0778311260000919,0.0638769150000371,0.0918976610000754,2.0486092843683004,4.205995720397253,3.0332820508485523,3.2079230769230773,2.7458030100334456
103.72968124099953,2.33,4.3500000000000005,3.23,0.1280630749997726,0.1141088639997178,0.1421296099997562,2.0486092843683004,4.205995720397253,3.0332820508485523,3.2079230769230773,2.7458030100334456
103.77982431199962,2.3,4.42,3.28,0.0342152399998667,0.0199934889997166,0.0481467729996438,2.014422994308792,4.278352486647168,3.0864704761264115,3.239615384615386,2.812058528428093
103.8301533040003,2.3,4.42,3.28,0.0845442320005531,0.070322481000403,0.0984757650003302,2.014422994308792,4.278352486647168,3.0864704761264115,3.239615384615386,2.812058528428093
103.88031060699996,2.3,4.42,3.31,0.1347015350002038,0.1204797840000537,0.0049410849997002,2.014422994308792,4.278352486647168,3.118332887938682,3.21789010989011,2.822732250358337
103.93064114699972,2.28,4.42,3.31,0.0413814949997686,0.0268190289998528,0.0552716249994773,1.9915571796963296,4.278352486647168,3.118332887938682,3.21789010989011,2.8326887720974687
103.9809677100002,2.28,4.42,3.31,0.091708058000222,0.0771455920003063,0.1055981879999308,1.9915571796963296,4.278352486647168,3.118332887938682,3.21789010989011,2.8326887720974687
104.031267888,2.28,4.42,3.31,0.1420082360000378,0.1274457700001221,0.1558983659997466,1.9915571796963296,4.278352486647168,3.118332887938682,3.21789010989011,2.8326887720974687
104.08159636799974,2.28,4.42,3.31,0.1923367159997724,0.1777742499998567,0.2062268459994811,1.9915571796963296,4.278352486647168,3.118332887938682,3.21789010989011,2.8326887720974687
104.13171751499976,2.28,4.42,3.31,0.2424578629997995,0.2278953969998838,0.2563479929995083,1.9915571796963296,4.278352486647168,3.118332887938682,3.21789010989011,2.8326887720974687
104.1818340509999,2.23,4.42,3.35,0.0040202500003942,0.2780119330000161,0.0182301679997181,1.9341147845978528,4.278352486647168,3.160759402422145,3.1886153846153857,2.8715824414715727
104.23196683199969,2.23,4.33,3.35,0.0541530310001689,0.0403717099998175,0.0683629489994928,1.9341147845978528,4.185307635049066,3.160759402422145,3.102076923076923,2.8285013377926425
104.28227327399964,2.23,4.33,3.35,0.1044594730001335,0.0906781519997821,0.1186693909994573,1.9341147845978528,4.185307635049066,3.160759402422145,3.102076923076923,2.8285013377926425
104.33258928899976,2.22,4.33,3.4,0.0108557559997279,0.140994166999917,0.0250356030001057,1.922576396401454,4.185307635049066,3.213705026912084,3.064989010989011,2.8515597467749645
104.38290744699952,2.22,4.44,3.4,0.0611739139994824,0.047205773999849,0.0753537609998602,1.922576396401454,4.299011514290234,3.213705026912084,3.171000000000001,2.9043347826086965
104.433191954,2.22,4.44,3.4,0.111458420999952,0.0974902810003186,0.1256382680003298,1.922576396401454,4.299011514290234,3.213705026912084,3.171000000000001,2.9043347826086965
104.4835228639995,2.2,4.46,3.43,0.0177883279993693,0.0038225029993554,0.0320229989993094,1.89944728802881,4.319664338811524,3.245427552727066,3.1680439560439573,2.9347436215957954
104.533835575,2.2,4.46,3.43,0.0681010389998846,0.0541352139998707,0.0823357099998247,1.89944728802881,4.319664338811524,3.245427552727066,3.1680439560439573,2.9347436215957954
104.5839755500001,2.2,4.46,3.43,0.1182410139999774,0.1042751889999635,0.1324756849999175,1.89944728802881,4.319664338811524,3.245427552727066,3.1680439560439573,2.9347436215957954
104.63411863500004,2.17,4.46,3.43,0.0245302190005531,0.0105076039999403,0.0386661190004815,1.8646179233290665,4.319664338811524,3.245427552727066,3.1680439560439573,2.948993621595796
104.68441306400018,2.17,4.46,3.43,0.0748246480006855,0.0608020330000727,0.0889605480006139,1.8646179233290665,4.319664338811524,3.245427552727066,3.1680439560439573,2.948993621595796
104.7347522709997,2.17,4.46,3.43,0.1251638550002098,0.111141239999597,0.1392997550001382,1.8646179233290665,4.319664338811524,3.245427552727066,3.1680439560439573,2.948993621595796
104.78513374700016,2.15,4.5,3.46,0.0314641810000466,0.017535298000439,0.0454887430005328,1.8413038858374249,4.36095173098717,3.2771176359721967,3.1847142857142856,2.989151242236025
104.83527619199958,2.15,4.5,3.46,0.0816066259994841,0.0676777429998765,0.0956311879999702,1.8413038858374249,4.36095173098717,3.2771176359721967,3.1847142857142856,2.989151242236025
104.88555109899973,2.15,4.5,3.48,0.1318815329996141,0.1179526500000065,0.0018155299994759,1.8413038858374249,4.36095173098717,3.2982267963255647,3.169461538461538,2.996644983277592
104.93588445499972,2.14,4.5200000000000005,3.48,0.0385673049995602,0.0243235130001266,0.052148885999486,1.829617446353199,4.381586470674749,3.2982267963255647,3.1892857142857154,3.0111770186335405
104.98617614900012,2.14,4.5200000000000005,3.48,0.0888589989999673,0.0746152070005337,0.102440579999893,1.829617446353199,4.381586470674749,3.2982267963255647,3.1892857142857154,3.0111770186335405
105.0364972159996,2.14,4.5200000000000005,3.51,0.139180065999426,0.1249362739999924,0.0088164999997388,1.829617446353199,4.381586470674749,3.3298648621227853,3.1662417582417595,3.0224986144290495
105.08683297700009,2.1,4.5200000000000005,3.51,0.0452320210006291,0.0312874330002159,0.0591522610002357,1.7826665420094696,4.381586470674749,3.3298648621227853,3.1662417582417595,3.040933397037745
105.1371827539997,2.1,4.5200000000000005,3.51,0.0955817980002393,0.0816372099998261,0.1095020379998459,1.7826665420094696,4.381586470674749,3.3298648621227853,3.1662417582417595,3.040933397037745
105.18748072200016,2.1,4.5200000000000005,3.5,0.0019170290006513,0.1319351780002762,0.0158498890004921,1.7826665420094696,4.381586470674749,3.319322219972023,3.173945054945056,3.0371487338748206
105.23779922999984,2.1,4.54,3.5,0.0522355370003424,0.0382939640003314,0.0661683970001831,1.7826665420094696,4.402215351388435,3.319322219972023,3.193857142857143,3.04706149068323
105.28809446499965,2.1,4.54,3.5,0.1025307720001365,0.0885891990001255,0.1164636319999772,1.7826665420094696,4.402215351388435,3.319322219972023,3.193857142857143,3.04706149068323
105.33842979499968,2.0700000000000003,4.54,3.55,0.0089048259997071,0.1389245290001781,0.0228230779994191,1.7472263734273248,4.402215351388435,3.372002372478406,3.1551208791208794,3.079690611562351
105.38856020099956,2.0700000000000003,4.5600000000000005,3.55,0.0590352319995872,0.0450918030001048,0.0729534839992993,1.7472263734273248,4.422838455110022,3.372002372478406,3.1751208791208803,3.0896471333014817
105.43887078900023,2.0700000000000003,4.5600000000000005,3.55,0.1093458200002714,0.095402391000789,0.1232640719999835,1.7472263734273248,4.422838455110022,3.372002372478406,3.1751208791208803,3.0896471333014817
105.4890131309994,2.0500000000000003,4.6000000000000005,3.59,0.0156767909993504,0.0015805549992364,0.0294372259995725,1.7234848418248423,4.464067651817119,3.4140884581393025,3.1840000000000015,3.1340673913043475
105.53936458599946,2.0500000000000003,4.6000000000000005,3.59,0.066028245999405,0.051932009999291,0.0797886809996271,1.7234848418248423,4.464067651817119,3.4140884581393025,3.1840000000000015,3.1340673913043475
105.58957561599982,2.0500000000000003,4.6000000000000005,3.59,0.1162392759997601,0.1021430399996461,0.1299997109999822,1.7234848418248423,4.464067651817119,3.4140884581393025,3.1840000000000015,3.1340673913043475
105.63990622500025,2.06,4.63,3.64,0.0224339060005149,0.0086164320000534,0.0363547599999947,1.7353673962593628,4.494974972121646,3.4666266023325902,3.1747032967032967,3.1642653368370754
105.69024016599997,2.06,4.63,3.64,0.0727678470002501,0.0589503729997886,0.0866887009997299,1.7353673962593628,4.494974972121646,3.4666266023325902,3.1747032967032967,3.1642653368370754
105.7405854640001,2.06,4.63,3.64,0.1231131450003886,0.1092956709999271,0.1370339989998683,1.7353673962593628,4.494974972121646,3.4666266023325902,3.1747032967032967,3.1642653368370754
105.79091885599972,2.03,4.62,3.57,0.0294574629997441,0.0154616979998536,0.0435630359997958,1.6996470221784288,4.484673901188358,3.393051723743686,3.2200000000000006,3.1452934782608692
105.8412512979994,2.03,4.62,3.57,0.0797899049994157,0.0657941399995252,0.0938954779994674,1.6996470221784288,4.484673901188358,3.393051723743686,3.2200000000000006,3.1452934782608692
105.89147181699992,2.03,4.62,3.57,0.13001042399992,0.1160146590000295,0.1441159969999716,1.6996470221784288,4.484673901188358,3.393051723743686,3.2200000000000006,3.1452934782608692
105.9415915970003,2.02,4.6000000000000005,3.59,0.0361656480008605,0.021932748000836,0.0498529050000797,1.6876907299620982,4.464067651817119,3.4140884581393025,3.1840000000000015,3.147339130434783
105.991695961,2.02,4.6000000000000005,3.59,0.0862700120005683,0.0720371120005438,0.0999572689997876,1.6876907299620982,4.464067651817119,3.4140884581393025,3.1840000000000015,3.147339130434783
106.04183318600008,2.02,4.6000000000000005,3.61,0.1364072370006397,0.1221743370006152,0.0065580450000197,1.6876907299620982,4.464067651817119,3.435112807463533,3.1681758241758256,3.155113616817965
106.09199945299952,2.01,4.58,3.61,0.0428264849997503,0.0284038780000628,0.05672431199946,1.675708805252273,4.4434558622765685,3.435112807463533,3.148000000000001,3.1494500000000003
106.14235923100024,2.01,4.58,3.61,0.0931862630004616,0.078763656000774,0.1070840900001712,1.675708805252273,4.4434558622765685,3.435112807463533,3.148000000000001,3.1494500000000003
106.192655113,2.01,4.58,3.59,0.1434821450002346,0.129059538000547,0.0132224700000733,1.675708805252273,4.4434558622765685,3.4140884581393025,3.1638241758241756,3.1416755136168186
106.2427936590002,2.0,4.58,3.59,0.0496784950000801,0.035165930000403,0.0633610160002717,1.6637006942355947,4.4434558622765685,3.4140884581393025,3.1638241758241756,3.1460342092689926
106.2931335860003,2.0,4.58,3.59,0.1000184220001756,0.0855058570004985,0.1137009430003672,1.6637006942355947,4.4434558622765685,3.4140884581393025,3.1638241758241756,3.1460342092689926
106.34346323599948,2.01,4.58,3.58,0.0058442879999347,0.1358355069996832,0.0200892459997703,1.675708805252273,4.4434558622765685,3.403571653425266,3.1717032967032974,3.137804467271859
106.39378836800006,2.01,4.6000000000000005,3.58,0.0561694200005149,0.0425188010003694,0.0704143780003505,1.675708805252273,4.464067651817119,3.403571653425266,3.1918791208791224,3.1478485188724323
106.4441313389998,2.01,4.6000000000000005,3.58,0.1065123910002512,0.0928617720001057,0.1207573490000868,1.675708805252273,4.464067651817119,3.403571653425266,3.1918791208791224,3.1478485188724323
106.4944805639998,2.0500000000000003,4.6000000000000005,3.61,0.0128809269999692,0.1432109970000965,0.0271176010000999,1.7234848418248423,4.464067651817119,3.435112807463533,3.1681758241758256,3.14184187768753
106.54479945000004,2.0500000000000003,4.54,3.61,0.0631998130002102,0.049465568999949,0.077436487000341,1.7234848418248423,4.402215351388435,3.435112807463533,3.107912087912089,3.1118410176779747
106.5951389490001,2.0500000000000003,4.54,3.61,0.1135393120002845,0.0998050680000233,0.1277759860004153,1.7234848418248423,4.402215351388435,3.435112807463533,3.107912087912089,3.1118410176779747
106.64533794399996,1.98,4.5200000000000005,3.63,0.0197944040000948,0.0058409519997439,0.0342812890003187,1.6396036106327652,4.381586470674749,3.4561249977395203,3.0720879120879125,3.1404089823220263
106.69567068099968,1.98,4.5200000000000005,3.63,0.0701271409998298,0.056173688999479,0.0846140260000538,1.6396036106327652,4.381586470674749,3.4561249977395203,3.0720879120879125,3.1404089823220263
106.74581177999973,1.98,4.5200000000000005,3.63,0.1202682399998593,0.1063147879995085,0.1347551250000833,1.6396036106327652,4.381586470674749,3.4561249977395203,3.0720879120879125,3.1404089823220263
106.79615336899953,1.98,4.5200000000000005,3.63,0.1706098289996589,0.1566563769993081,0.1850967139998829,1.6396036106327652,4.381586470674749,3.4561249977395203,3.0720879120879125,3.1404089823220263
106.84647491400028,1.98,4.5200000000000005,3.63,0.220931374000429,0.2069779220000782,0.235418259000653,1.6396036106327652,4.381586470674749,3.4561249977395203,3.0720879120879125,3.1404089823220263
106.8968306279994,1.98,4.5200000000000005,3.63,0.2712870879995535,0.2573336359992026,0.2857739729997774,1.6396036106327652,4.381586470674749,3.4561249977395203,3.0720879120879125,3.1404089823220263
106.946994551,1.99,4.5,3.64,0.0336560579999059,0.0198430860000371,0.0476339200004076,1.651665825765006,4.36095173098717,3.4666266023325902,3.0442747252747253,3.130149808886765
106.99736607700017,1.99,4.5,3.64,0.0840275840000686,0.0702146120001998,0.0980054460005703,1.651665825765006,4.36095173098717,3.4666266023325902,3.0442747252747253,3.130149808886765
107.0475816039998,1.99,4.5,3.64,0.1342431109997051,0.1204301389998363,0.1482209730002068,1.651665825765006,4.36095173098717,3.4666266023325902,3.0442747252747253,3.130149808886765
107.09792150500016,1.99,4.5,3.64,0.1845830120000755,0.1707700400002068,0.1985608740005773,1.651665825765006,4.36095173098717,3.4666266023325902,3.0442747252747253,3.130149808886765
107.14814939499956,1.99,4.5,3.64,0.2348109019994808,0.2209979299996121,0.2487887639999826,1.651665825765006,4.36095173098717,3.4666266023325902,3.0442747252747253,3.130149808886765
107.19831424099992,1.99,4.5,3.65,0.2849757479998516,0.2711627759999828,0.0107907740002701,1.651665825765006,4.36095173098717,3.477125249397841,3.036263736263736,3.1340856426182513
107.24862153999948,1.97,4.44,3.65,0.0472268629991958,0.0333379999992757,0.0610980729998118,1.627513440804714,4.299011514290234,3.477125249397841,2.9773186813186823,3.1133499522216916
107.29876216499996,1.97,4.44,3.65,0.0973674879996906,0.0834786249997705,0.1112386980003066,1.627513440804714,4.299011514290234,3.477125249397841,2.9773186813186823,3.1133499522216916
107.34890412000004,1.97,4.44,3.7,0.0035623410003609,0.1336205799998424,0.0174368280004273,1.627513440804714,4.299011514290234,3.5295750452426984,2.936934065934067,3.1331910893454373
107.39920244899986,1.97,4.44,3.7,0.0538606700001764,0.0400916950002283,0.0677351570002429,1.627513440804714,4.299011514290234,3.5295750452426984,2.936934065934067,3.1331910893454373
107.44954733099983,1.97,4.44,3.7,0.1042055520001667,0.0904365770002186,0.1180800390002332,1.627513440804714,4.299011514290234,3.5295750452426984,2.936934065934067,3.1331910893454373
107.49969242899988,1.95,4.44,3.71,0.0105515590003051,0.1405816750002486,0.024248384999737,1.6032467059064863,4.299011514290234,3.5400564967243104,2.92879120879121,3.1457134495938854
107.55003274999945,1.95,4.4,3.71,0.0608918799998718,0.0468012579995047,0.0745887059993037,1.6032467059064863,4.2576871655865,3.5400564967243104,2.8899340659340664,3.126369350215003
107.60036576499988,1.95,4.4,3.71,0.1112248950003049,0.0971342729999378,0.1249217209997368,1.6032467059064863,4.2576871655865,3.5400564967243104,2.8899340659340664,3.126369350215003
107.65066644800028,1.94,4.4,3.74,0.0175375090002489,0.1474349560003247,0.0312687940004252,1.5910688231500232,4.2576871655865,3.5714842852797206,2.865373626373627,3.1426642618251317
107.70099657599984,1.94,4.4,3.74,0.0678676369998356,0.1977650839999114,0.0815989220000119,1.5910688231500232,4.2576871655865,3.5714842852797206,2.865373626373627,3.1426642618251317
107.75134454899944,1.94,4.4,3.74,0.1182156099994244,0.2481130569995002,0.1319468949996007,1.5910688231500232,4.2576871655865,3.5714842852797206,2.865373626373627,3.1426642618251317
107.80142367400003,1.94,4.4,3.74,0.1682947350000176,0.2981921820000934,0.1820260200001939,1.5910688231500232,4.2576871655865,3.5714842852797206,2.865373626373627,3.1426642618251317
107.851629408,1.94,4.4,3.74,0.2185004689999914,0.3483979160000672,0.2322317540001677,1.5910688231500232,4.2576871655865,3.5714842852797206,2.865373626373627,3.1426642618251317
107.90175717999956,1.94,4.4,3.74,0.2686282409995328,0.3985256879996086,0.2823595259997091,1.5910688231500232,4.2576871655865,3.5714842852797206,2.865373626373627,3.1426642618251317
107.9520245879994,1.98,4.38,3.73,0.0309526329992877,0.0165379199997914,0.0452507449999757,1.6396036106327652,4.237015459023014,3.561011092372502,2.8542857142857145,3.1119813664596276
108.00235055800022,1.98,4.38,3.73,0.0812786030001007,0.0668638900006044,0.0955767150007886,1.6396036106327652,4.237015459023014,3.561011092372502,2.8542857142857145,3.1119813664596276
108.05243863600026,1.98,4.38,3.76,0.131366681000145,0.1169519680006487,0.0011908810001841,1.6396036106327652,4.237015459023014,3.592422580933373,2.8295934065934074,3.1241128045867175
108.10275400299996,1.98,4.33,3.76,0.0375456450001365,0.0233040660004917,0.051506247999896,1.6396036106327652,4.185307635049066,3.592422580933373,2.7817362637362644,3.1002882704252275
108.15308381900012,1.98,4.33,3.76,0.0878754610002943,0.0736338820006494,0.1018360640000537,1.6396036106327652,4.185307635049066,3.592422580933373,2.7817362637362644,3.1002882704252275
108.20342917699963,1.98,4.33,3.79,0.1382208189997982,0.1239792400001533,0.0082164909999846,1.6396036106327652,4.185307635049066,3.623810149552539,2.756846153846155,3.1125168896321074
108.25377980899977,1.96,4.33,3.79,0.0442405399999188,0.0305599779994736,0.0585671230001025,1.6153946886132813,4.185307635049066,3.623810149552539,2.756846153846155,3.1210821070234105
108.304076935,1.96,4.33,3.79,0.0945376660001784,0.0808571039997332,0.1088642490003621,1.6153946886132813,4.185307635049066,3.623810149552539,2.756846153846155,3.1210821070234105
108.35416741599964,1.93,4.33,3.8,0.0007228979993669,0.1309475849993759,0.0149705429994355,1.578860348479244,4.185307635049066,3.634267464015272,2.7485054945054954,3.1378646918299093
108.40446791399972,1.93,4.2700000000000005,3.8,0.0510233959994366,0.0370889480000187,0.0652710409995052,1.578860348479244,4.123202638726358,3.634267464015272,2.6918021978021986,3.109636311514573
108.45479766799964,1.93,4.2700000000000005,3.8,0.1013531499993405,0.0874187019999226,0.1156007949994091,1.578860348479244,4.123202638726358,3.634267464015272,2.6918021978021986,3.109636311514573
108.50510380099968,1.98,4.2700000000000005,3.84,0.0076862979994984,0.1377248349999718,0.0219656449999092,1.6396036106327652,4.123202638726358,3.676071272432024,2.6582197802197802,3.1048854992833257
108.55543949599996,1.98,4.29,3.84,0.0580219929997838,0.0441604389998246,0.0723013400001946,1.6396036106327652,4.1439111959596815,3.676071272432024,2.677032967032967,3.1142511944577156
108.60556812100003,1.98,4.29,3.84,0.1081506179998541,0.094289063999895,0.1224299650002649,1.6396036106327652,4.1439111959596815,3.676071272432024,2.677032967032967,3.1142511944577156
108.6556507209998,1.95,4.25,3.81,0.0144343820002177,0.00056812099956,0.028559671000039,1.6032467059064863,4.102487050558478,3.6447222116369855,2.6647142857142856,3.0959881987577638
108.70594201299993,1.95,4.25,3.81,0.0647256740003285,0.0508594129996708,0.0788509630001499,1.6032467059064863,4.102487050558478,3.6447222116369855,2.6647142857142856,3.0959881987577638
108.75603186700027,1.95,4.25,3.81,0.1148155280006903,0.1009492670000327,0.1289408170005117,1.6032467059064863,4.102487050558478,3.6447222116369855,2.6647142857142856,3.0959881987577638
108.80617218799944,1.98,4.17,3.86,0.0208322939997742,0.0071899109998412,0.0347501879996343,1.6396036106327652,4.019552213866614,3.696958209122737,2.548549450549451,3.0670278786430956
108.8565084390002,1.98,4.17,3.86,0.0711685450005461,0.0575261620006131,0.0850864390004062,1.6396036106327652,4.019552213866614,3.696958209122737,2.548549450549451,3.0670278786430956
108.90683781499956,1.98,4.17,3.86,0.1214979209999,0.107855537999967,0.1354158149997602,1.6396036106327652,4.019552213866614,3.696958209122737,2.548549450549451,3.0670278786430956
108.9570823009999,1.94,4.21,3.85,0.0279221569999208,0.0138613320004878,0.0418696739998267,1.5910688231500232,4.061034350999755,3.6865159703980663,2.5938571428571433,3.098246273291925
109.00733964000028,1.94,4.21,3.85,0.0781794960003026,0.0641186710008696,0.0921270130002085,1.5910688231500232,4.061034350999755,3.6865159703980663,2.5938571428571433,3.098246273291925
109.05766970399964,1.94,4.21,3.85,0.1285095599996566,0.1144487350002236,0.1424570769995625,1.5910688231500232,4.061034350999755,3.6865159703980663,2.5938571428571433,3.098246273291925
109.10800667199965,1.92,4.17,3.86,0.0347463389998665,0.0208254039998792,0.0487924299995938,1.566620566697629,4.019552213866614,3.696958209122737,2.548549450549451,3.092462661251792
109.15812817200003,1.92,4.17,3.86,0.0848678390002533,0.0709469040002659,0.0989139299999806,1.566620566697629,4.019552213866614,3.696958209122737,2.548549450549451,3.092462661251792
109.2084210819994,1.92,4.17,3.86,0.135160748999624,0.1212398139996366,0.0050931549994857,1.566620566697629,4.019552213866614,3.696958209122737,2.548549450549451,3.092462661251792
109.25875442199958,1.9,4.13,3.86,0.0418608469999526,0.0276269609994415,0.055426494999665,1.5420440979427272,3.9780397182532,3.696958209122737,2.5120659340659346,3.082604562828476
109.30913611599954,1.9,4.13,3.86,0.092242540999905,0.0780086549993939,0.1058081889996174,1.5420440979427272,3.9780397182532,3.696958209122737,2.5120659340659346,3.082604562828476
109.35946032799984,1.9,4.13,3.87,0.1425667530002101,0.128332866999699,0.0123739250002472,1.5420440979427272,3.9780397182532,3.7073980093860976,2.503571428571428,3.086777950310559
109.40980597399994,1.94,4.1,3.87,0.0486583110005085,0.0347270550000757,0.0627195710003434,1.5910688231500232,3.9468848475728295,3.7073980093860976,2.47643956043956,3.056575346392737
109.4601018479998,1.94,4.1,3.87,0.0989541850003661,0.0850229289999333,0.113015445000201,1.5910688231500232,3.9468848475728295,3.7073980093860976,2.47643956043956,3.056575346392737
109.510391799,1.89,4.1,3.88,0.0054663330001858,0.1353128800001286,0.0191699819997666,1.5297058540778354,3.9468848475728295,3.717835391729978,2.467923076923077,3.08157474916388
109.56071890800013,1.89,4.07,3.88,0.0557934420003221,0.0419473890005974,0.0694970909999028,1.5297058540778354,3.915711940375594,3.717835391729978,2.440989010989011,3.0681662685140942
109.61084866700004,1.89,4.07,3.88,0.1059232010002233,0.0920771480004987,0.1196268499998041,1.5297058540778354,3.915711940375594,3.717835391729978,2.440989010989011,3.0681662685140942
109.66111665599963,1.93,4.07,3.88,0.012166542000159,0.1423451370001203,0.0259408619995156,1.578860348479244,3.915711940375594,3.717835391729978,2.440989010989011,3.0515575728619204
109.71141201899992,1.93,4.02,3.88,0.0624619050004184,0.0485027750000881,0.076236224999775,1.578860348479244,3.863715828059822,3.717835391729978,2.3965384615384613,3.029428929765886
109.7617391419999,1.93,4.02,3.88,0.1127890280004066,0.0988298980000763,0.1265633479997632,1.578860348479244,3.863715828059822,3.717835391729978,2.3965384615384613,3.029428929765886
109.81187636999948,1.87,3.97,3.88,0.0189302749995476,0.0044645899997703,0.176700575999348,1.5049252473129684,3.811666302288279,3.717835391729978,2.3526373626373633,3.032356426182513
109.86217393599964,1.87,3.97,3.88,0.0692278409997015,0.0547621559999242,0.2269981419995019,1.5049252473129684,3.811666302288279,3.717835391729978,2.3526373626373633,3.032356426182513
109.91246387899992,1.87,3.97,3.88,0.1195177839999814,0.1050520990002041,0.2772880849997818,1.5049252473129684,3.811666302288279,3.717835391729978,2.3526373626373633,3.032356426182513
109.96258586800012,1.87,4.01,3.88,0.0255471190002936,0.0113047290005852,0.3274100739999994,1.5049252473129684,3.8533102652135343,3.717835391729978,2.387714285714286,3.0498186335403723
110.01289989299949,1.87,4.01,3.88,0.0758611439996457,0.0616187539999373,0.3777240989993515,1.5049252473129684,3.8533102652135343,3.717835391729978,2.387714285714286,3.0498186335403723
110.06323669299944,1.87,4.01,3.88,0.1261979439996139,0.1119555539999055,0.4280608989993197,1.5049252473129684,3.8533102652135343,3.717835391729978,2.387714285714286,3.0498186335403723
110.11356550599976,1.87,4.01,3.88,0.1765267569999196,0.1622843670002112,0.4783897119996254,1.5049252473129684,3.8533102652135343,3.717835391729978,2.387714285714286,3.0498186335403723
110.1636939250002,1.87,4.01,3.88,0.2266551760003494,0.212412786000641,0.5285181310000553,1.5049252473129684,3.8533102652135343,3.717835391729978,2.387714285714286,3.0498186335403723
110.2138064259998,1.87,4.01,3.93,0.2767676769999525,0.2625252870002441,0.0029642170002261,1.5049252473129684,3.8533102652135343,3.769986737377202,2.344802197802198,3.0709015289058765
110.26415525599988,1.87,3.96,3.93,0.0391824289999931,0.024945686999672,0.0533130470003015,1.5049252473129684,3.801249794475496,3.769986737377202,2.3010109890109893,3.0491011227902534
110.31447949999983,1.87,3.96,3.93,0.0895066729999598,0.0752699309996387,0.1036372910002683,1.5049252473129684,3.801249794475496,3.769986737377202,2.3010109890109893,3.0491011227902534
110.36479942299955,1.87,3.96,3.93,0.1398265959996933,0.1255898539993722,0.1539572140000018,1.5049252473129684,3.801249794475496,3.769986737377202,2.3010109890109893,3.0491011227902534
110.41512808799962,1.87,3.96,3.93,0.1901552609997452,0.1759185189994241,0.2042858790000536,1.5049252473129684,3.801249794475496,3.769986737377202,2.3010109890109893,3.0491011227902534
110.4654649969998,1.87,3.96,3.93,0.2404921699999249,0.2262554279996038,0.2546227880002334,1.5049252473129684,3.801249794475496,3.769986737377202,2.3010109890109893,3.0491011227902534
110.51579601699996,1.89,3.96,3.93,0.0025583870001355,0.2765864479997617,0.3049538080003913,1.5297058540778354,3.801249794475496,3.769986737377202,2.3010109890109893,3.040927209746776
110.56613801799996,1.89,3.92,3.93,0.0529003880001255,0.0389932380003301,0.3552958090003812,1.5297058540778354,3.759561144601853,3.769986737377202,2.266373626373626,3.023683827042523
110.61648289999994,1.89,3.92,3.93,0.1032452700001158,0.0893381200003204,0.4056406910003716,1.5297058540778354,3.759561144601853,3.769986737377202,2.266373626373626,3.023683827042523
110.66681922299996,1.89,3.92,3.97,0.0096417029999429,0.1396744430003309,0.0238713400003689,1.5297058540778354,3.759561144601853,3.811666302288279,2.2316483516483507,3.0407445054945064
110.7171520310003,1.89,3.82,3.97,0.0599745110002913,0.0460466210006416,0.0742041480007174,1.5297058540778354,3.655174414443174,3.811666302288279,2.1465934065934063,2.9984019350215005
110.76749498400022,1.89,3.82,3.97,0.110317464000218,0.0963895740005682,0.124547101000644,1.5297058540778354,3.655174414443174,3.811666302288279,2.1465934065934063,2.9984019350215005
110.8178369569996,1.93,3.83,3.99,0.0166574360000595,0.0027684729993779,0.0306056219997117,1.578860348479244,3.6656240942027862,3.8324926614411146,2.1375054945054943,2.9945733874820823
110.86813134099977,1.93,3.83,3.99,0.066951820000213,0.0530628569995315,0.0809000059998652,1.578860348479244,3.6656240942027862,3.8324926614411146,2.1375054945054943,2.9945733874820823
110.91827510599978,1.93,3.83,3.99,0.1170955850002428,0.1032066219995613,0.131043770999895,1.578860348479244,3.6656240942027862,3.8324926614411146,2.1375054945054943,2.9945733874820823
110.96840906499985,1.88,3.81,4.010000000000001,0.023284472999876,0.0093604909998248,0.0372110159996736,1.517333186877556,3.6447222116369855,3.853310265213535,2.1031318681318676,3.0155591256569516
111.01857764400027,1.88,3.81,4.010000000000001,0.0734530520003318,0.0595290700002806,0.0873795950001294,1.517333186877556,3.6447222116369855,3.853310265213535,2.1031318681318676,3.0155591256569516
111.06891008000002,1.88,3.81,4.010000000000001,0.1237854880000668,0.1098615060000156,0.1377120309998645,1.517333186877556,3.6447222116369855,3.853310265213535,2.1031318681318676,3.0155591256569516
111.11921293100022,1.89,3.77,4.010000000000001,0.0302665540002635,0.0162841090004803,0.044063783000638,1.5297058540778354,3.602887730696031,3.853310265213535,2.0698131868131857,2.9948743908265647
111.16952869099988,1.89,3.77,4.010000000000001,0.080582313999912,0.0665998690001288,0.0943795430002865,1.5297058540778354,3.602887730696031,3.853310265213535,2.0698131868131857,2.9948743908265647
111.2198611470003,1.89,3.77,4.050000000000001,0.130914770000345,0.1169323250005618,0.0007187540004451,1.5297058540778354,3.602887730696031,3.894919768108197,2.0343846153846137,3.0122806020066895
111.27020534500024,1.89,3.8,4.050000000000001,0.0371510390004914,0.023233063000589,0.0510629520003931,1.5297058540778354,3.634267464015272,3.894919768108197,2.0593406593406574,3.024704371715242
111.3205303349996,1.89,3.8,4.050000000000001,0.0874760289998448,0.0735580529999424,0.1013879419997465,1.5297058540778354,3.634267464015272,3.894919768108197,2.0593406593406574,3.024704371715242
111.37084761699953,1.89,3.8,4.07,0.1377933109997684,0.123875334999866,0.0077384509995681,1.5297058540778354,3.634267464015272,3.915711940375594,2.0414945054945055,3.03347226469183
111.4211804939996,1.89,3.76,4.07,0.044123448999926,0.0303528579997873,0.0580713279996416,1.5297058540778354,3.592422580933374,3.915711940375594,2.008263736263737,3.0169291208791216
111.47132717299974,1.89,3.76,4.07,0.0942701280000619,0.0804995369999233,0.1082180069997775,1.5297058540778354,3.592422580933374,3.915711940375594,2.008263736263737,3.0169291208791216
111.52139708100005,1.85,3.76,4.07,0.0004692900001828,0.1305694450002192,0.0143250820001412,1.4800000000000002,3.592422580933374,3.915711940375594,2.008263736263737,3.0331899904443382
111.57171090599968,1.85,3.75,4.07,0.050783114999831,0.0368034630000693,0.0646389069997894,1.4800000000000002,3.581954773583832,3.915711940375594,2.0000109890109896,3.0290815575728627
111.622044318,1.85,3.75,4.07,0.1011165270001583,0.0871368750003966,0.1149723190001168,1.4800000000000002,3.581954773583832,3.915711940375594,2.0000109890109896,3.0290815575728627
111.672388469,1.87,3.75,4.090000000000001,0.0074544620001688,0.1374810260003869,0.0213824680004108,1.5049252473129684,3.581954773583832,3.93649590371945,1.9820769230769224,3.0298056856187294
111.72269241899994,1.87,3.77,4.090000000000001,0.057758412000112,0.0439681440002459,0.071686418000354,1.5049252473129684,3.602887730696031,3.93649590371945,1.9986043956043944,3.038033492594363
111.77303468199987,1.87,3.77,4.090000000000001,0.1081006750000597,0.0943104070001936,0.1220286810003017,1.5049252473129684,3.602887730696031,3.93649590371945,1.9986043956043944,3.038033492594363
111.82314334399962,1.89,3.71,4.11,0.0144139619997076,0.0002860280001186,0.0281777809996128,1.5297058540778354,3.5400564967243104,3.957271787481876,1.9312637362637357,3.014161729574773
111.87344428199958,1.89,3.71,4.11,0.0647148999996716,0.0505869660000826,0.0784787189995768,1.5297058540778354,3.5400564967243104,3.957271787481876,1.9312637362637357,3.014161729574773
111.9235480669995,1.89,3.71,4.11,0.1148186849995909,0.1006907510000019,0.1285825039994961,1.5297058540778354,3.5400564967243104,3.957271787481876,1.9312637362637357,3.014161729574773
111.9738929670002,1.93,3.71,4.130000000000001,0.0210042990001966,0.0067630060002557,0.0349528510005257,1.578860348479244,3.5400564967243104,3.978039718253201,1.913153846153845,3.0064505016722416
112.02402135200008,1.93,3.71,4.130000000000001,0.0711326840000765,0.0568913910001356,0.0850812360004056,1.578860348479244,3.5400564967243104,3.978039718253201,1.913153846153845,3.0064505016722416
112.07437879699955,1.93,3.71,4.130000000000001,0.1214901289995395,0.1072488359995986,0.1354386809998686,1.578860348479244,3.5400564967243104,3.978039718253201,1.913153846153845,3.0064505016722416
112.12472353500016,1.93,3.66,4.130000000000001,0.0278993190004257,0.0139235630003895,0.0421166820005964,1.578860348479244,3.4876209656440595,3.978039718253201,1.8726593406593404,2.9862912804586728
112.17506336399948,1.93,3.66,4.130000000000001,0.0782391479997386,0.0642633919997024,0.0924565109999093,1.578860348479244,3.4876209656440595,3.978039718253201,1.8726593406593404,2.9862912804586728
112.22539907099964,1.93,3.66,4.130000000000001,0.128574854999897,0.1145990989998608,0.1427922180000678,1.578860348479244,3.4876209656440595,3.978039718253201,1.8726593406593404,2.9862912804586728
112.27571446799992,1.9,3.68,4.15,0.0349239489996762,0.0206734539997341,0.0490500429996245,1.5420440979427272,3.508603710879871,3.99879981994598,1.8705934065934062,3.0157519350215005
112.3260533419998,1.9,3.68,4.15,0.0852628229995389,0.0710123279995968,0.0993889169994872,1.5420440979427272,3.508603710879871,3.99879981994598,1.8705934065934062,3.0157519350215005
112.37640170400029,1.9,3.68,4.180000000000001,0.1356111850000161,0.1213606900000741,0.0055342990008284,1.5420440979427272,3.508603710879871,4.029925557625104,1.8431318681318676,3.0292439082656477
112.426739345,1.92,3.63,4.180000000000001,0.0418790579997221,0.0277267560004474,0.0558719400005429,1.566620566697629,3.4561249977395203,4.029925557625104,1.802967032967032,3.000944457716198
112.47712052499992,1.92,3.63,4.180000000000001,0.0922602379996533,0.0781079360003786,0.1062531200004741,1.566620566697629,3.4561249977395203,4.029925557625104,1.802967032967032,3.000944457716198
112.52744550099942,1.92,3.63,4.2,0.1425852139991548,0.1284329119998801,0.0126391659996443,1.566620566697629,3.4561249977395203,4.050666611806013,1.7845494505494501,3.009993096034401
112.57776093400024,1.88,3.62,4.2,0.048889539000811,0.0347875639999983,0.0629545990004771,1.517333186877556,3.4456204085766613,4.050666611806013,1.7765824175824172,3.0225486383182036
112.62810496600014,1.88,3.62,4.2,0.0992335710006955,0.0851315959998828,0.1132986310003616,1.517333186877556,3.4456204085766613,4.050666611806013,1.7765824175824172,3.0225486383182036
112.67843209700004,1.92,3.62,4.24,0.0054125550004755,0.1354587269997864,0.0196630159998676,1.566620566697629,3.4456204085766613,4.092126586507314,1.7394835164835158,3.0242537505972287
112.72876275999988,1.92,3.65,4.24,0.0557432180003161,0.0421051149996856,0.0699936789997082,1.566620566697629,3.477125249397841,4.092126586507314,1.7634505494505486,3.0361851648351648
112.77908532899984,1.92,3.65,4.24,0.1060657870002614,0.0924276839996309,0.1203162479996535,1.566620566697629,3.477125249397841,4.092126586507314,1.7634505494505486,3.0361851648351648
112.82937513999968,1.93,3.65,4.260000000000001,0.0123910729998897,0.1427174949994878,0.0263180739993913,1.578860348479244,3.477125249397841,4.112845730148409,1.7447692307692304,3.041178595317726
112.87970793099976,1.93,3.6,4.260000000000001,0.0627238639999632,0.0491553089996159,0.0766508649994648,1.578860348479244,3.4246021666757147,4.112845730148409,1.7049340659340655,3.021347611084567
112.9300320860002,1.93,3.6,4.260000000000001,0.1130480190004163,0.0994794640000691,0.126975019999918,1.578860348479244,3.4246021666757147,4.112845730148409,1.7049340659340655,3.021347611084567
112.9801450039995,1.94,3.5900000000000003,4.28,0.0194290099998397,0.0052639469995483,0.0331205479997152,1.5910688231500232,3.4140884581393025,4.133557789604495,1.678263736263736,3.0224291208791216
113.03046979099965,1.94,3.5900000000000003,4.28,0.0697537969999757,0.0555887339996843,0.0834453349998511,1.5910688231500232,3.4140884581393025,4.133557789604495,1.678263736263736,3.0224291208791216
113.08082399100022,1.94,3.5900000000000003,4.28,0.1201079970005594,0.105942934000268,0.1337995350004348,1.5910688231500232,3.4140884581393025,4.133557789604495,1.678263736263736,3.0224291208791216
113.13101993199962,1.94,3.5900000000000003,4.28,0.1703039379999609,0.1561388749996695,0.1839954759998363,1.5910688231500232,3.4140884581393025,4.133557789604495,1.678263736263736,3.0224291208791216
113.18135860199982,1.94,3.5900000000000003,4.28,0.220642608000162,0.2064775449998706,0.2343341460000374,1.5910688231500232,3.4140884581393025,4.133557789604495,1.678263736263736,3.0224291208791216
113.23167213800023,1.94,3.5900000000000003,4.28,0.2709561440005927,0.2567910810003013,0.2846476820004682,1.5910688231500232,3.4140884581393025,4.133557789604495,1.678263736263736,3.0224291208791216
113.28200417199967,1.98,3.54,4.28,0.0330960820001564,0.0191961119999177,0.0470383140000194,1.6396036106327652,3.3614728914569576,4.133557789604495,1.6390879120879116,2.9858828953655046
113.33237576400006,1.98,3.54,4.28,0.0834676740005306,0.069567704000292,0.0974099060003936,1.6396036106327652,3.3614728914569576,4.133557789604495,1.6390879120879116,2.9858828953655046
113.38269175299956,1.98,3.54,4.340000000000001,0.133783663000031,0.1198836929997924,0.0037652319997505,1.6396036106327652,3.3614728914569576,4.195652511826975,1.5822527472527461,3.0138062589584336
113.43298794200018,1.96,3.51,4.340000000000001,0.0401406959999803,0.0262939470003402,0.0540614210003695,1.6153946886132813,3.329864862122786,4.195652511826975,1.5590109890109882,3.0108011227902542
113.4833528399995,1.96,3.51,4.340000000000001,0.0905055939992962,0.0766588449996561,0.1044263189996854,1.6153946886132813,3.329864862122786,4.195652511826975,1.5590109890109882,3.0108011227902542
113.53369674300028,1.96,3.51,4.340000000000001,0.1408494970000902,0.12700274800045,0.1547702220004794,1.6153946886132813,3.329864862122786,4.195652511826975,1.5590109890109882,3.0108011227902542
113.58401998099998,1.97,3.53,4.340000000000001,0.0471740900002259,0.0333095430005414,0.205093460000171,1.627513440804714,3.35094016658012,4.195652511826975,1.5744835164835156,3.014232011466795
113.63416245200006,1.97,3.53,4.340000000000001,0.0973165610002979,0.0834520140006134,0.255235931000243,1.627513440804714,3.35094016658012,4.195652511826975,1.5744835164835156,3.014232011466795
113.68448889399951,1.98,3.53,4.340000000000001,0.0037261229999785,0.1337784560000727,0.3055623729997023,1.6396036106327652,3.35094016658012,4.195652511826975,1.5744835164835156,3.009938533205925
113.7347892380003,1.98,3.52,4.340000000000001,0.0540264670007673,0.0402130420006869,0.3558627170004911,1.6396036106327652,3.3404041671630096,4.195652511826975,1.566736263736263,3.006081748686098
113.78513766800006,1.98,3.52,4.340000000000001,0.1043748970005253,0.090561472000445,0.4062111470002492,1.6396036106327652,3.3404041671630096,4.195652511826975,1.566736263736263,3.006081748686098
113.83528281500004,1.98,3.52,4.380000000000001,0.0108233130004009,0.1407066190004116,0.0245410289999199,1.6396036106327652,3.3404041671630096,4.237015459023015,1.5284065934065925,3.0249132823698055
113.88562084899968,1.98,3.51,4.380000000000001,0.061161347000052,0.046724746000109,0.074879062999571,1.6396036106327652,3.329864862122786,4.237015459023015,1.520681318681318,3.021067439082657
113.93576183299956,1.98,3.51,4.380000000000001,0.1113023309999334,0.0968657299999904,0.1250200469994524,1.6396036106327652,3.329864862122786,4.237015459023015,1.520681318681318,3.021067439082657
113.98588362099964,2.0,3.5,4.430000000000001,0.0171990150001875,0.0029168519995437,0.0311223499993502,1.6637006942355947,3.319322219972023,4.288682781460993,1.4645714285714282,3.0323627329192546
114.03620206100004,2.0,3.5,4.430000000000001,0.0675174550005976,0.0532352919999539,0.0814407899997604,1.6637006942355947,3.319322219972023,4.288682781460993,1.4645714285714282,3.0323627329192546
114.08635752699956,2.0,3.5,4.430000000000001,0.1176729210001212,0.1033907579994775,0.131596255999284,1.6637006942355947,3.319322219972023,4.288682781460993,1.4645714285714282,3.0323627329192546
114.13658164299976,2.02,3.48,4.45,0.0238617109998813,0.0096498240000073,0.0378485459996227,1.6876907299620982,3.2982267963255647,4.3093386963663,1.4297142857142848,3.0255751552795025
114.18691648299956,2.02,3.48,4.45,0.0741965509996589,0.0599846639997849,0.0881833859994003,1.6876907299620982,3.2982267963255647,4.3093386963663,1.4297142857142848,3.0255751552795025
114.23725507800008,2.02,3.48,4.45,0.1245351460001984,0.1103232590003244,0.1385219809999398,1.6876907299620982,3.2982267963255647,4.3093386963663,1.4297142857142848,3.0255751552795025
114.28753294699982,2.02,3.44,4.45,0.0305873150000479,0.0168071159996543,0.0449342100000649,1.6876907299620982,3.255994471739778,4.3093386963663,1.3992967032967025,3.0104324892498804
114.33775858700028,2.02,3.44,4.45,0.0808129550005105,0.0670327560001169,0.0951598500005275,1.6876907299620982,3.255994471739778,4.3093386963663,1.3992967032967025,3.0104324892498804
114.38789958899996,2.02,3.44,4.470000000000001,0.1309539570002016,0.117173757999808,0.0011528619997989,1.6876907299620982,3.255994471739778,4.329988452640492,1.3796923076923067,3.020064214046823
114.43800858899976,2.06,3.43,4.470000000000001,0.0370914360000824,0.0231703649997143,0.0512618619995919,1.7353673962593628,3.245427552727067,4.329988452640492,1.3721428571428562,2.998566770186336
114.48837775599986,2.06,3.43,4.470000000000001,0.0874606030001814,0.0735395319998133,0.1016310289996909,1.7353673962593628,3.245427552727067,4.329988452640492,1.3721428571428562,2.998566770186336
114.53858794299958,2.06,3.43,4.510000000000001,0.1376707899999019,0.1237497189995338,0.0078685839998797,1.7353673962593628,3.245427552727067,4.371269838387926,1.332670329670329,3.0179597945532732
114.58870106799986,2.06,3.42,4.510000000000001,0.0439956150003126,0.0298879649999435,0.0579817090001597,1.7353673962593628,3.2348570292982037,4.371269838387926,1.3251428571428565,3.014212422360249
114.6390426099997,2.06,3.42,4.510000000000001,0.0943371570001545,0.0802295069997853,0.1083232510000016,1.7353673962593628,3.2348570292982037,4.371269838387926,1.3251428571428565,3.014212422360249
114.68914119999954,2.03,3.42,4.510000000000001,0.0003191380001226,0.1303280969996194,0.0145234769997841,1.6996470221784288,3.2348570292982037,4.371269838387926,1.3251428571428565,3.027549378881987
114.73947379800028,2.03,3.41,4.510000000000001,0.0506517360008729,0.0367035710005438,0.0648560750005344,1.6996470221784288,3.22428286600292,4.371269838387926,1.3176373626373623,3.023812947921644
114.78977531999952,2.03,3.41,4.510000000000001,0.1009532580001177,0.0870050929997887,0.1151575969997793,1.6996470221784288,3.22428286600292,4.371269838387926,1.3176373626373623,3.023812947921644
114.84009870999944,2.12,3.41,4.53,0.0072890939991339,0.1373284829996919,0.0212006799993105,1.8061838223170976,3.22428286600292,4.391901638242824,1.2977692307692312,2.992976421404683
114.89024108299964,2.12,3.43,4.53,0.0574314669993327,0.0436552029996164,0.0713430529995093,1.8061838223170976,3.245427552727067,4.391901638242824,1.3128021978021978,3.0004602245580507
114.94059281999944,2.12,3.43,4.53,0.1077832039991335,0.0940069399994172,0.1216947899993101,1.8061838223170976,3.245427552727067,4.391901638242824,1.3128021978021978,3.0004602245580507
114.99081979699986,2.1,3.39,4.57,0.014020982999682,0.0001031219999276,0.0280715520002559,1.7826665420094696,3.2031234756093934,4.433147865794688,1.2428241758241756,3.014362470138557
115.04116315899957,2.1,3.39,4.57,0.064364344999376,0.0504464839996217,0.0784149139999499,1.7826665420094696,3.2031234756093934,4.433147865794688,1.2428241758241756,3.014362470138557
115.09134265000012,2.1,3.39,4.57,0.1145438359999388,0.1006259750001845,0.1285944050005127,1.7826665420094696,3.2031234756093934,4.433147865794688,1.2428241758241756,3.014362470138557
115.1415239910002,2.1,3.41,4.61,0.0207826200003182,0.0070690860002287,0.0346657560003222,1.7826665420094696,3.22428286600292,4.474371464239419,1.2174175824175824,3.041627448638319
115.19185926999944,2.1,3.41,4.61,0.071117898999546,0.0574043649994564,0.08500103499955,1.7826665420094696,3.22428286600292,4.474371464239419,1.2174175824175824,3.041627448638319
115.24218079499953,2.1,3.41,4.61,0.1214394239996181,0.1077258899995285,0.1353225599996221,1.7826665420094696,3.22428286600292,4.474371464239419,1.2174175824175824,3.041627448638319
115.29250187100024,2.12,3.38,4.57,0.0280054750000999,0.0137777899999491,0.041966431000219,1.8061838223170976,3.1925381751828743,4.433147865794688,1.2353846153846149,3.001484949832776
115.34281884099984,2.12,3.38,4.57,0.0783224449996851,0.0640947599995342,0.0922834009998041,1.8061838223170976,3.1925381751828743,4.433147865794688,1.2353846153846149,3.001484949832776
115.3931626880003,2.12,3.38,4.57,0.1286662920001617,0.1144386070000109,0.1426272480002808,1.8061838223170976,3.1925381751828743,4.433147865794688,1.2353846153846149,3.001484949832776
115.44350012399993,2.19,3.37,4.66,0.0350159090003217,0.0210973209996154,0.0488851050004086,1.887855926706273,3.1819490882162147,4.525870082094713,1.1366813186813185,3.009847873865265
115.49383145899992,2.19,3.37,4.66,0.0853472440003315,0.0714286559996253,0.0992164400004185,1.887855926706273,3.1819490882162147,4.525870082094713,1.1366813186813185,3.009847873865265
115.54415804099972,2.19,3.37,4.630000000000001,0.1356738260001293,0.1217552379994231,0.0054264299997157,1.887855926706273,3.1819490882162147,4.494974972121648,1.167307692307691,2.9948010033444823
115.59451007999996,2.15,3.35,4.630000000000001,0.0421219750005548,0.0279401160005363,0.0557784689999607,1.8413038858374249,3.160759402422145,4.494974972121648,1.1525384615384597,3.006318060200669
115.64463089299988,2.15,3.35,4.630000000000001,0.0922427880004761,0.0780609290004576,0.105899281999882,1.8413038858374249,3.160759402422145,4.494974972121648,1.1525384615384597,3.006318060200669
115.69476281199968,2.15,3.35,4.630000000000001,0.1423747070002718,0.1281928480002534,0.0120501499995953,1.8413038858374249,3.160759402422145,4.494974972121648,1.1525384615384597,3.006318060200669
115.74490668599992,2.2,3.3400000000000003,4.630000000000001,0.0483040460003394,0.034356475000095,0.0621940239998366,1.89944728802881,3.150158726159684,4.494974972121648,1.1451868131868124,2.979016913521262
115.7952006329997,2.2,3.3400000000000003,4.630000000000001,0.0985979930001121,0.0846504219998678,0.1124879709996093,1.89944728802881,3.150158726159684,4.494974972121648,1.1451868131868124,2.979016913521262
115.84552993499985,2.18,3.3400000000000003,4.65,0.0049437790003139,0.1349797240000043,0.0188236089998099,1.876246252494592,3.150158726159684,4.515573053334427,1.1247912087912086,2.9985591017677984
115.89586479399986,2.18,3.3200000000000003,4.65,0.0552786380003453,0.0416675249998661,0.0691584679998413,1.876246252494592,3.128945509273052,4.515573053334427,1.1101538461538454,2.9912722408026764
115.9462002829996,2.18,3.3200000000000003,4.65,0.1056141270000807,0.0920030139996015,0.1194939569995767,1.876246252494592,3.128945509273052,4.515573053334427,1.1101538461538454,2.9912722408026764
115.99628812399988,2.22,3.3200000000000003,4.66,0.0122888739997506,0.1420908549998785,0.0258669730001201,1.922576396401454,3.128945509273052,4.525870082094713,1.0999230769230766,2.9771682274247495
116.0466134569997,2.22,3.3200000000000003,4.66,0.0626142069995694,0.0483908320002228,0.0761923059999389,1.922576396401454,3.128945509273052,4.525870082094713,1.0999230769230766,2.9771682274247495
116.09693306899952,2.22,3.3200000000000003,4.66,0.1129338189994086,0.0987104440000621,0.1265119179997782,1.922576396401454,3.128945509273052,4.525870082094713,1.0999230769230766,2.9771682274247495
116.14707351600008,2.22,3.3200000000000003,4.66,0.1630742659999668,0.1488508910006203,0.1766523650003364,1.922576396401454,3.128945509273052,4.525870082094713,1.0999230769230766,2.9771682274247495
116.19721451500028,2.22,3.3200000000000003,4.66,0.2132152650001444,0.1989918900007978,0.2267933640005139,1.922576396401454,3.128945509273052,4.525870082094713,1.0999230769230766,2.9771682274247495
116.24735542999952,2.22,3.3200000000000003,4.66,0.2633561799993913,0.2491328050000447,0.2769342789997608,1.922576396401454,3.128945509273052,4.525870082094713,1.0999230769230766,2.9771682274247495
116.29762576600024,2.26,3.3200000000000003,4.680000000000001,0.0251218769999468,0.0111290280001412,0.0390666310004235,1.9686289645334387,3.128945509273052,4.546460161488277,1.0793956043956032,2.967775203057813
116.3479713759998,2.26,3.3200000000000003,4.680000000000001,0.0754674869995142,0.0614746379997086,0.0894122409999909,1.9686289645334387,3.128945509273052,4.546460161488277,1.0793956043956032,2.967775203057813
116.39808084499964,2.26,3.3200000000000003,4.680000000000001,0.1255769559993496,0.111584106999544,0.1395217099998262,1.9686289645334387,3.128945509273052,4.546460161488277,1.0793956043956032,2.967775203057813
116.44840555799964,2.25,3.3200000000000003,4.720000000000001,0.0318927560001611,0.0176985600000989,0.045891746000052,1.957140771636011,3.128945509273052,4.587624657706862,1.038076923076922,2.992977424749164
116.49870027299949,2.25,3.3200000000000003,4.720000000000001,0.0821874709999974,0.0679932749999352,0.0961864609998883,1.957140771636011,3.128945509273052,4.587624657706862,1.038076923076922,2.992977424749164
116.5488415079999,2.25,3.3200000000000003,4.720000000000001,0.1323287060004077,0.1181345100003454,0.0023193369997898,1.957140771636011,3.128945509273052,4.587624657706862,1.038076923076922,2.992977424749164
116.59917955499986,2.23,3.31,4.720000000000001,0.03851719999966,0.024678818999746,0.0526573839997581,1.9341147845978528,3.118332887938682,4.587624657706862,1.030791208791208,2.999089536550407
116.64931354100008,2.23,3.31,4.720000000000001,0.088651185999879,0.074812804999965,0.1027913699999771,1.9341147845978528,3.118332887938682,4.587624657706862,1.030791208791208,2.999089536550407
116.69962427399967,2.23,3.31,4.720000000000001,0.1389619189994846,0.1251235379995705,0.0088617359997442,1.9341147845978528,3.118332887938682,4.587624657706862,1.030791208791208,2.999089536550407
116.74997795299988,2.24,3.3000000000000003,4.720000000000001,0.0452986899999814,0.0313762389996554,0.059215414999926,1.945636142756399,3.107716203259236,4.587624657706862,1.023527472527472,2.990614763497373
116.8003646139996,2.24,3.3000000000000003,4.720000000000001,0.0956853509997017,0.0817628999993758,0.1096020759996463,1.945636142756399,3.107716203259236,4.587624657706862,1.023527472527472,2.990614763497373
116.85046252099984,2.23,3.3000000000000003,4.720000000000001,0.0017540790004204,0.1318608069996116,0.0157406460002675,1.9341147845978528,3.107716203259236,4.587624657706862,1.023527472527472,2.995473459149547
116.90060298699971,2.23,3.31,4.720000000000001,0.0518945450003229,0.0380174840001927,0.0658811120001701,1.9341147845978528,3.118332887938682,4.587624657706862,1.030791208791208,2.999089536550407
116.95073148099982,2.23,3.31,4.720000000000001,0.1020230390004144,0.0881459780002842,0.1160096060002615,1.9341147845978528,3.118332887938682,4.587624657706862,1.030791208791208,2.999089536550407
117.00085531900004,2.25,3.31,4.680000000000001,0.0082387419997758,0.138269816000502,0.0221585130002495,1.957140771636011,3.118332887938682,4.546460161488277,1.0721098901098889,2.9690503583373156
117.05121144300028,2.25,3.3000000000000003,4.680000000000001,0.0585948660000212,0.0449989600001572,0.0725146370004949,1.957140771636011,3.107716203259236,4.546460161488277,1.0648461538461529,2.965434280936455
117.10155931999998,2.25,3.3000000000000003,4.680000000000001,0.1089427429997158,0.0953468369998518,0.1228625140001895,1.957140771636011,3.107716203259236,4.546460161488277,1.0648461538461529,2.965434280936455
117.15170160599972,2.24,3.25,4.680000000000001,0.0153800589996535,0.0011539189999894,0.0290430449995255,1.945636142756399,3.054570346218924,4.546460161488277,1.0288571428571416,2.95239844720497
117.2020364279997,2.24,3.25,4.680000000000001,0.0657148809996215,0.0514887409999573,0.0793778669994935,1.945636142756399,3.054570346218924,4.546460161488277,1.0288571428571416,2.95239844720497
117.25237486100012,2.24,3.25,4.680000000000001,0.1160533140000552,0.1018271740003911,0.1297162999999273,1.945636142756399,3.054570346218924,4.546460161488277,1.0288571428571416,2.95239844720497
117.30271333200017,2.29,3.2,4.680000000000001,0.0221351449999929,0.0083778160005749,0.0360445180003807,2.0029977533686854,3.0013163778582226,4.546460161488277,0.9934175824175814,2.910136144290493
117.35304439599986,2.29,3.2,4.680000000000001,0.0724662089996854,0.0587088800002675,0.0863755820000733,2.0029977533686854,3.0013163778582226,4.546460161488277,0.9934175824175814,2.910136144290493
117.40315350199944,2.29,3.2,4.680000000000001,0.122575314999267,0.108817985999849,0.1364846879996548,2.0029977533686854,3.0013163778582226,4.546460161488277,0.9934175824175814,2.910136144290493
117.45343388800028,2.31,3.19,4.61,0.0288960040006713,0.0149629050001749,0.0431005610007559,2.025833161936096,2.990652102802999,4.474371464239419,1.0578571428571422,2.8615310559006213
117.5037665359996,2.31,3.19,4.61,0.0792286519999834,0.0652955529994869,0.093433209000068,2.025833161936096,2.990652102802999,4.474371464239419,1.0578571428571422,2.8615310559006213
117.55415510399962,2.31,3.19,4.61,0.1296172200000001,0.1156841209995036,0.1438217770000847,2.025833161936096,2.990652102802999,4.474371464239419,1.0578571428571422,2.8615310559006213
117.6044521019994,2.37,3.16,4.61,0.035935413999141,0.0220214449991544,0.0497550839991163,2.093991403993818,2.9586314403791496,4.474371464239419,1.0369230769230764,2.8205877926421405
117.65459866199944,2.37,3.16,4.61,0.0860819739991711,0.0721680049991846,0.0999016439991464,2.093991403993818,2.9586314403791496,4.474371464239419,1.0369230769230764,2.8205877926421405
117.70485477799956,2.37,3.16,4.590000000000001,0.1363380899992989,0.1224241209993124,0.006298119999883,2.093991403993818,2.9586314403791496,4.453762454374953,1.0571428571428563,2.810653726708075
117.75518182199994,2.39,3.1100000000000003,4.590000000000001,0.0430084870004066,0.0288046000005124,0.0566251640002519,2.1166010488516727,2.90516780926679,4.453762454374953,1.022692307692307,2.7831555183946497
117.80539385599968,2.39,3.1100000000000003,4.590000000000001,0.0932205210001484,0.0790166340002542,0.1068371979999938,2.1166010488516727,2.90516780926679,4.453762454374953,1.022692307692307,2.7831555183946497
117.85580030100029,2.39,3.1100000000000003,4.57,0.1436269660007383,0.1294230790008441,0.0132754850001219,2.1166010488516727,2.90516780926679,4.433147865794688,1.0428241758241756,2.7732646440516007
117.90612228499958,2.42,3.0700000000000003,4.57,0.0497833709996484,0.0357890169998427,0.0635974689994327,2.1504185639079663,2.862306762036522,4.433147865794688,1.0156593406593406,2.744056497849976
117.95626460199946,2.42,3.0700000000000003,4.57,0.09992568799953,0.0859313339997243,0.1137397859993143,2.1504185639079663,2.862306762036522,4.433147865794688,1.0156593406593406,2.744056497849976
118.00657069599949,2.44,3.0700000000000003,4.590000000000001,0.006182479999552,0.1362374279997311,0.0200978729999405,2.1729012862990347,2.862306762036522,4.453762454374953,0.9955274725274718,2.7433821548017203
118.05671304299996,2.44,3.0500000000000003,4.590000000000001,0.0563248270000258,0.0423340280003685,0.0702402200004144,2.1729012862990347,2.8408449447303528,4.453762454374953,0.9820769230769223,2.7366861204013384
118.10703708500024,2.44,3.0500000000000003,4.590000000000001,0.1066488690003097,0.0926580700006525,0.1205642620006983,2.1729012862990347,2.8408449447303528,4.453762454374953,0.9820769230769223,2.7366861204013384
118.15736832099992,2.43,3.0500000000000003,4.53,0.0133640800004286,0.1429893060003451,0.0269267089997811,2.161666024158219,2.8408449447303528,4.391901638242824,1.0422087912087912,2.7124365504061156
118.20770314899984,2.43,3.01,4.53,0.0636989080003331,0.0493733980001707,0.0772615369996856,2.161666024158219,2.797856322258168,4.391901638242824,1.015571428571429,2.699175776397515
118.25802780699996,2.43,3.01,4.53,0.1140235660004691,0.0996980560003066,0.1275861949998216,2.161666024158219,2.797856322258168,4.391901638242824,1.015571428571429,2.699175776397515
118.30838352799948,2.46,3.04,4.53,0.0197248839995154,0.0057955679994847,0.0339796949992887,2.195335965177084,2.830106005081788,4.391901638242824,1.0355164835164832,2.693159292881032
118.35869866400026,2.46,3.04,4.53,0.0700400200003059,0.0561107040002752,0.0842948310000792,2.195335965177084,2.830106005081788,4.391901638242824,1.0355164835164832,2.693159292881032
118.40902679400006,2.46,3.04,4.53,0.1203681500001039,0.1064388340000732,0.1346229609998772,2.195335965177084,2.830106005081788,4.391901638242824,1.0355164835164832,2.693159292881032
118.45936829099992,2.52,2.98,4.49,0.0270091570000658,0.0128320020003229,0.041283358000328,2.2623660181323446,2.765556001964162,4.350632137977193,1.0354725274725267,2.6214417582417586
118.50969868999982,2.52,2.98,4.49,0.0773395559999698,0.0631624010002269,0.091613757000232,2.2623660181323446,2.765556001964162,4.350632137977193,1.0354725274725267,2.6214417582417586
118.56003225099994,2.52,2.98,4.49,0.1276731170000857,0.1134959620003428,0.1419473180003478,2.2623660181323446,2.765556001964162,4.350632137977193,1.0354725274725267,2.6214417582417586
118.610360828,2.57,2.92,4.470000000000001,0.0337641450005321,0.0198561930001233,0.048039565000181,2.3179301111120667,2.700796178907249,4.329988452640492,1.0162637362637348,2.5647378165312955
118.66067640999972,2.57,2.92,4.470000000000001,0.084079727000244,0.0701717749998351,0.0983551469998929,2.3179301111120667,2.700796178907249,4.329988452640492,1.0162637362637348,2.5647378165312955
118.71099367599982,2.57,2.92,4.45,0.1343969930003368,0.1204890409999279,0.0047249649996956,2.3179301111120667,2.700796178907249,4.3093386963663,1.0358681318681309,2.5551060917343538
118.76135096100006,2.59,2.9,4.45,0.041173702999913,0.0268775330005155,0.0550822499999412,2.3400854685246006,2.6791603162184976,4.3093386963663,1.0230769230769226,2.537520903010034
118.8116882839995,2.59,2.9,4.45,0.0915110259993525,0.077214855999955,0.1054195729993807,2.3400854685246006,2.6791603162184976,4.3093386963663,1.0230769230769226,2.537520903010034
118.8620191559994,2.59,2.9,4.430000000000001,0.1418418979992566,0.127545727999859,0.0114397609995648,2.3400854685246006,2.6791603162184976,4.288682781460993,1.0425934065934064,2.527932369804109
118.91241586599972,2.64,2.85,4.430000000000001,0.0479074189997845,0.0340020289995663,0.0618364709998786,2.395307913400697,2.624957142507283,4.288682781460993,1.0109999999999997,2.4837804347826085
118.96276453500012,2.64,2.85,4.430000000000001,0.0982560880001983,0.0843506979999801,0.1121851400002924,2.395307913400697,2.624957142507283,4.288682781460993,1.0109999999999997,2.4837804347826085
119.0129051140002,2.63,2.85,4.41,0.0044088300001021,0.1344912770000519,0.0183697390002635,2.3842818625321964,2.624957142507283,4.268020618506898,1.0304285714285706,2.479963354037268
119.06323653599976,2.63,2.83,4.41,0.0547402519996467,0.0408299310001893,0.068701160999808,2.3842818625321964,2.6032287644385,4.268020618506898,1.0179450549450542,2.473748733874821
119.11357351199968,2.63,2.83,4.41,0.1050772279995726,0.0911669070001153,0.1190381369997339,2.3842818625321964,2.6032287644385,4.268020618506898,1.0179450549450542,2.473748733874821
119.16390016399964,2.63,2.83,4.41,0.1554038799995396,0.1414935590000823,0.1693647889997009,2.3842818625321964,2.6032287644385,4.268020618506898,1.0179450549450542,2.473748733874821
119.21424166399991,2.63,2.83,4.41,0.2057453799998256,0.1918350590003683,0.219706288999987,2.3842818625321964,2.6032287644385,4.268020618506898,1.0179450549450542,2.473748733874821
119.26457130000016,2.63,2.83,4.41,0.256075016000068,0.2421646950006106,0.2700359250002293,2.3842818625321964,2.6032287644385,4.268020618506898,1.0179450549450542,2.473748733874821
119.31471070899988,2.72,2.8200000000000003,4.36,0.0185025110004062,0.0043720570001823,0.0323761970003033,2.483203576028353,2.5923541424735936,4.216337273036872,1.0599230769230765,2.394646488294315
119.3650279249996,2.72,2.8200000000000003,4.36,0.0688197270001182,0.0546892729998944,0.0826934130000154,2.483203576028353,2.5923541424735936,4.216337273036872,1.0599230769230765,2.394646488294315
119.41536380999968,2.72,2.8200000000000003,4.36,0.1191556120002133,0.1050251579999894,0.1330292980001104,2.483203576028353,2.5923541424735936,4.216337273036872,1.0599230769230765,2.394646488294315
119.46569224399992,2.71,2.76,4.4,0.0255028020001191,0.011336644000039,0.0394332650002979,2.472245942457991,2.526954688948736,4.2576871655865,0.9846263736263734,2.4011509555661736
119.51599608000016,2.71,2.76,4.4,0.0758066380003583,0.0616404800002783,0.0897371010005372,2.472245942457991,2.526954688948736,4.2576871655865,0.9846263736263734,2.4011509555661736
119.56636059199992,2.71,2.76,4.4,0.1261711500001183,0.1120049920000383,0.1401016130002972,2.472245942457991,2.526954688948736,4.2576871655865,0.9846263736263734,2.4011509555661736
119.61670548799977,2.73,2.76,4.340000000000001,0.0323546049994547,0.0184777909998956,0.04627781399995,2.4941531628991838,2.526954688948736,4.195652511826975,1.0422527472527467,2.361012780697564
119.66702767900006,2.73,2.76,4.340000000000001,0.0826767959997596,0.0687999820002005,0.0966000050002549,2.4941531628991838,2.526954688948736,4.195652511826975,1.0422527472527467,2.361012780697564
119.7171703719996,2.73,2.76,4.32,0.1328194889993028,0.1189426749997437,0.0027765009999711,2.4941531628991838,2.526954688948736,4.174961077662881,1.061285714285714,2.3516618012422366
119.7674966329996,2.74,2.76,4.32,0.0392227060001459,0.0252575009999418,0.0531027619999804,2.505094808585096,2.526954688948736,4.174961077662881,1.061285714285714,2.345716149068324
119.81783372999962,2.74,2.76,4.32,0.0895598030001565,0.0755945979999523,0.1034398589999909,2.505094808585096,2.526954688948736,4.174961077662881,1.061285714285714,2.345716149068324
119.86817418400004,2.74,2.76,4.340000000000001,0.1399002570005905,0.1259350520003863,0.0100148960000296,2.505094808585096,2.526954688948736,4.195652511826975,1.0422527472527467,2.3550671285236513
119.9182595559996,2.8,2.72,4.340000000000001,0.046134148999954,0.0321244319993638,0.0601002679995872,2.5705835913270745,2.483203576028353,4.195652511826975,1.018164835164834,2.3069451027233643
119.968581094,2.8,2.72,4.340000000000001,0.0964556870003434,0.0824459699997532,0.1104218059999766,2.5705835913270745,2.483203576028353,4.195652511826975,1.018164835164834,2.3069451027233643
120.01891994000016,2.79,2.72,4.28,0.002743023000221,0.1327848159999121,0.0165545360005126,2.559687480924185,2.483203576028353,4.133557789604495,1.0749999999999997,2.2850978260869566
120.0692570000001,2.79,2.68,4.28,0.053080083000168,0.0387665039997955,0.0668915960004596,2.559687480924185,2.4393236767596056,4.133557789604495,1.0512637362637358,2.2732812947921643
120.11958284899993,2.79,2.68,4.28,0.1034059319999869,0.0890923529996143,0.1172174450002785,2.559687480924185,2.4393236767596056,4.133557789604495,1.0512637362637358,2.2732812947921643
120.16989641799957,2.86,2.68,4.300000000000001,0.009739608000018,0.1394059219992414,0.0236705679999431,2.63581107061944,2.4393236767596056,4.15426287083521,1.032406593406593,2.2395567606306743
120.220254629,2.86,2.62,4.300000000000001,0.0600978190004752,0.0457670420000795,0.0740287790004003,2.63581107061944,2.3732467212660384,4.15426287083521,0.997461538461538,2.2221602006688963
120.27052939700025,2.86,2.62,4.300000000000001,0.110372587000711,0.0960418100003153,0.1243035470006361,2.63581107061944,2.3732467212660384,4.15426287083521,0.997461538461538,2.2221602006688963
120.32065689999943,2.89,2.62,4.28,0.0161331359995529,0.0022331229993142,0.0304683199992723,2.6683328128252666,2.3732467212660384,4.133557789604495,1.016318681318681,2.1941456043956045
120.370984358,2.89,2.62,4.28,0.066460594000091,0.0525605809998523,0.0807957779998105,2.6683328128252666,2.3732467212660384,4.133557789604495,1.016318681318681,2.1941456043956045
120.4213551060002,2.89,2.62,4.28,0.1168313420002959,0.1029313290000573,0.1311665260000154,2.6683328128252666,2.3732467212660384,4.133557789604495,1.016318681318681,2.1941456043956045
120.47169738699996,2.91,2.6,4.300000000000001,0.0231847049999487,0.0093128830003479,0.0375475270002425,2.689981412575188,2.3511486554448235,4.15426287083521,0.9859890109890108,2.1850901815575727
120.5220194550002,2.91,2.6,4.300000000000001,0.0735067730001901,0.0596349510005893,0.0878695950004839,2.689981412575188,2.3511486554448235,4.15426287083521,0.9859890109890108,2.1850901815575727
120.572379018,2.91,2.6,4.300000000000001,0.1238663359999918,0.109994514000391,0.1382291580002856,2.689981412575188,2.3511486554448235,4.15426287083521,0.9859890109890108,2.1850901815575727
120.62271906299976,2.9,2.6,4.2,0.0302904299996953,0.0164313559998845,0.0447799559997292,2.6791603162184976,2.3511486554448235,4.050666611806013,1.0793956043956043,2.1455143334925943
120.67306072599968,2.9,2.6,4.2,0.0806320929996218,0.066773018999811,0.0951216189996557,2.6791603162184976,2.3511486554448235,4.050666611806013,1.0793956043956043,2.1455143334925943
120.7231657780003,2.9,2.6,4.220000000000001,0.1307371450002392,0.1168780710004284,0.0006861520005259,2.6791603162184976,2.3511486554448235,4.071400250528067,1.060890109890109,2.154606163401816
120.77350031399963,2.96,2.5500000000000003,4.220000000000001,0.0370991159998084,0.0232389849998071,0.0510206879998804,2.743993440225396,2.295735176365079,4.071400250528067,1.0325934065934053,2.1023019350215004
120.82382782999956,2.96,2.5500000000000003,4.220000000000001,0.0874266319997332,0.0735665009997319,0.1013482039998052,2.743993440225396,2.295735176365079,4.071400250528067,1.0325934065934053,2.1023019350215004
120.87396434899983,2.96,2.5500000000000003,4.2,0.1375631509999948,0.1237030199999935,0.0074975249999624,2.743993440225396,2.295735176365079,4.050666611806013,1.051098901098901,2.093210105112279
120.92410686499989,2.96,2.54,4.2,0.044042272000297,0.0300771900001564,0.0576400410000133,2.743993440225396,2.284622507111405,4.050666611806013,1.0455054945054942,2.090425561395126
120.97423562599944,2.96,2.54,4.2,0.0941710329998386,0.0802059509996979,0.1077688019995548,2.743993440225396,2.284622507111405,4.050666611806013,1.0455054945054942,2.090425561395126
121.02439663599944,2.98,2.54,4.2,0.0003282189991296,0.1303669609997086,0.0144885919999069,2.765556001964162,2.284622507111405,4.050666611806013,1.0455054945054942,2.0775125179168663
121.07474460999948,2.98,2.52,4.2,0.0506761929991625,0.0365420859998266,0.0648365659999399,2.765556001964162,2.2623660181323446,4.050666611806013,1.034384615384615,2.071976254180602
121.12510675300018,2.98,2.52,4.2,0.1010383359998741,0.0869042290005381,0.1151987090006514,2.765556001964162,2.2623660181323446,4.050666611806013,1.034384615384615,2.071976254180602
121.17543442500028,2.99,2.52,4.16,0.0071884220005813,0.1372319010006322,0.0210903460001645,2.7763285108214406,2.2623660181323446,4.009176972896059,1.0711318681318673,2.0474330387004303
121.22576444100014,2.99,2.5500000000000003,4.16,0.0575184380004429,0.0437771350007096,0.0714203620000262,2.7763285108214406,2.295735176365079,4.009176972896059,1.087846153846153,2.0557538461538467
121.27606793599988,2.99,2.5500000000000003,4.16,0.1078219330001957,0.0940806300004624,0.1217238569997789,2.7763285108214406,2.295735176365079,4.009176972896059,1.087846153846153,2.0557538461538467
121.32621492899943,3.01,2.47,4.2,0.0140199839997876,0.0001162439994004,0.0281299889993533,2.797856322258168,2.2065357463680484,4.050666611806013,1.0069670329670326,2.0387944577161963
121.37653856599992,3.01,2.47,4.2,0.0643436210002619,0.0504398809998747,0.0784536259998276,2.797856322258168,2.2065357463680484,4.050666611806013,1.0069670329670326,2.0387944577161963
121.42667870100011,3.01,2.47,4.2,0.1144837560004816,0.1005800160000944,0.1285937610000473,2.797856322258168,2.2065357463680484,4.050666611806013,1.0069670329670326,2.0387944577161963
121.47701733600024,3.06,2.42,4.130000000000001,0.0208762160000333,0.0069287240003177,0.0347554170002695,2.8515785102290274,2.1504185639079663,3.978039718253201,1.0441758241758234,1.9609483994266608
121.52737754600004,3.06,2.42,4.130000000000001,0.0712364259998139,0.0572889340000983,0.0851156270000501,2.8515785102290274,2.1504185639079663,3.978039718253201,1.0441758241758234,1.9609483994266608
121.57770964599968,3.06,2.42,4.130000000000001,0.1215685259994643,0.1076210339997487,0.1354477269997005,2.8515785102290274,2.1504185639079663,3.978039718253201,1.0441758241758234,1.9609483994266608
121.62784724299944,3.09,2.37,4.130000000000001,0.0277876509999259,0.0138069790000372,0.0418050639991633,2.8837475617675,2.093991403993818,3.978039718253201,1.0178571428571421,1.9277919254658384
121.67796073999943,3.09,2.37,4.130000000000001,0.0779011479999098,0.0639204760000211,0.0919185609991473,2.8837475617675,2.093991403993818,3.978039718253201,1.0178571428571421,1.9277919254658384
121.72828493699944,3.09,2.37,4.130000000000001,0.1282253449999189,0.1142446730000301,0.1422427579991563,2.8837475617675,2.093991403993818,3.978039718253201,1.0178571428571421,1.9277919254658384
121.7785833050002,3.16,2.3600000000000003,4.130000000000001,0.0344820860000254,0.0205504770001425,0.0486284610005895,2.9586314403791496,2.0826665599658534,3.978039718253201,1.0126593406593398,1.877649976110846
121.8288794,3.16,2.3600000000000003,4.130000000000001,0.0847781809998196,0.0708465719999367,0.0989245560003837,2.9586314403791496,2.0826665599658534,3.978039718253201,1.0126593406593398,1.877649976110846
121.87922940999944,3.16,2.3600000000000003,4.090000000000001,0.1351281909992394,0.1211965819993565,0.0050805289993149,2.9586314403791496,2.0826665599658534,3.93649590371945,1.048791208791208,1.8598982322025808
121.92954168599954,3.2,2.35,4.090000000000001,0.041738050999811,0.0276911279997875,0.0553928049994283,3.0013163778582226,2.071328076379983,3.93649590371945,1.0436153846153835,1.8296693979933112
121.97968426399984,3.2,2.35,4.090000000000001,0.0918806290001157,0.0778337060000922,0.1055353829997329,3.0013163778582226,2.071328076379983,3.93649590371945,1.0436153846153835,1.8296693979933112
122.02980409500016,3.2,2.35,4.11,0.1420004600004176,0.1279535370003941,0.0119545470006414,3.0013163778582226,2.071328076379983,3.957271787481876,1.0255934065934063,1.8385236741519349
122.07991359199968,3.24,2.29,4.11,0.0482447429994863,0.0336349799999879,0.0620640440001807,3.0439283828631707,2.0029977533686854,3.957271787481876,0.9949999999999993,1.7952934782608703
122.13005184200028,3.24,2.29,4.11,0.0983829930000865,0.0837732300005882,0.1122022940007809,3.0439283828631707,2.0029977533686854,3.957271787481876,0.9949999999999993,1.7952934782608703
122.18019403400012,3.24,2.29,4.11,0.1485251849999258,0.1339154220004275,0.1623444860006202,3.0439283828631707,2.0029977533686854,3.957271787481876,0.9949999999999993,1.7952934782608703
122.23035178899954,3.24,2.29,4.11,0.1986829399993439,0.1840731769998456,0.2125022410000383,3.0439283828631707,2.0029977533686854,3.957271787481876,0.9949999999999993,1.7952934782608703
122.2805455079997,3.24,2.29,4.11,0.2488766589995066,0.2342668960000082,0.262695960000201,3.0439283828631707,2.0029977533686854,3.957271787481876,0.9949999999999993,1.7952934782608703
122.3307751860002,3.26,2.29,4.090000000000001,0.010836093000762,0.2844965740005136,0.0247089270005744,3.0652079864178874,2.0029977533686854,3.93649590371945,1.013021978021977,1.7723087673196376
122.3810190109998,3.26,2.29,4.090000000000001,0.0610799180003596,0.046944102999987,0.074952752000172,3.0652079864178874,2.0029977533686854,3.93649590371945,1.013021978021977,1.7723087673196376
122.43137705800018,3.26,2.29,4.090000000000001,0.1114379650007322,0.0973021500003596,0.1253107990005446,3.0652079864178874,2.0029977533686854,3.93649590371945,1.013021978021977,1.7723087673196376
122.48152188599944,3.26,2.22,4.03,0.0174652949999654,0.0033339179999529,0.0315195939992918,3.0652079864178874,1.922576396401454,3.874119254746813,1.0318681318681315,1.728734352603918
122.5318676930001,3.26,2.22,4.03,0.0678111020006326,0.0536797250006202,0.081865400999959,3.0652079864178874,1.922576396401454,3.874119254746813,1.0318681318681315,1.728734352603918
122.5819867700002,3.26,2.22,4.03,0.117930179000723,0.1037988020007105,0.1319844780000494,3.0652079864178874,1.922576396401454,3.874119254746813,1.0318681318681315,1.728734352603918
122.63214877399967,3.29,2.22,4.010000000000001,0.0239144329998453,0.010166291999667,0.0381636849997448,3.0970954134478967,1.922576396401454,3.853310265213535,1.0495384615384609,1.698694147157191
122.68249131599988,3.29,2.22,4.010000000000001,0.0742569750000257,0.0605088339998474,0.0885062269999252,3.0970954134478967,1.922576396401454,3.853310265213535,1.0495384615384609,1.698694147157191
122.73263257100008,3.29,2.22,4.010000000000001,0.1243982300002244,0.1106500890000461,0.138647482000124,3.0970954134478967,1.922576396401454,3.853310265213535,1.0495384615384609,1.698694147157191
122.78287059800004,3.32,2.23,4.010000000000001,0.0306834540006093,0.016767570000411,0.0449907910006004,3.128945509273052,1.9341147845978528,3.853310265213535,1.0544285714285706,1.6795742236024844
122.83316571399972,3.32,2.23,4.010000000000001,0.0809785700002976,0.0670626860000993,0.0952859070002887,3.128945509273052,1.9341147845978528,3.853310265213535,1.0544285714285706,1.6795742236024844
122.88349720099995,3.32,2.23,4.010000000000001,0.131310057000519,0.1173941730003207,0.0018718809997153,3.128945509273052,1.9341147845978528,3.853310265213535,1.0544285714285706,1.6795742236024844
122.93383458100016,3.37,2.19,4.010000000000001,0.0378737520004506,0.0237770080002519,0.0522092609999162,3.1819490882162147,1.887855926706273,3.853310265213535,1.0349999999999993,1.6335434782608693
122.98416358800024,3.37,2.19,4.010000000000001,0.0882027590005236,0.0741060150003249,0.1025382679999893,3.1819490882162147,1.887855926706273,3.853310265213535,1.0349999999999993,1.6335434782608693
123.03432339200026,3.37,2.19,4.010000000000001,0.1383625630005553,0.1242658190003567,0.0081310750001648,3.1819490882162147,1.887855926706273,3.853310265213535,1.0349999999999993,1.6335434782608693
123.08451801599948,3.42,2.17,4.010000000000001,0.0444074399993041,0.0304865819998667,0.0583256989993969,3.2348570292982037,1.8646179233290665,3.853310265213535,1.0254175824175817,1.591870926899188
123.13469642499967,3.42,2.17,4.010000000000001,0.0945858489994861,0.0806649910000487,0.1085041079995789,3.2348570292982037,1.8646179233290665,3.853310265213535,1.0254175824175817,1.591870926899188
123.1850197449994,3.44,2.17,3.95,0.00094952299969,0.1309883109997827,0.0148665489996346,3.255994471739778,1.8646179233290665,3.790831043452081,1.0779010989010995,1.551172503583373
123.23513371099943,3.44,2.17,3.95,0.0510634889997163,0.0371419539997077,0.0649805149996609,3.255994471739778,1.8646179233290665,3.790831043452081,1.0779010989010995,1.551172503583373
123.28548482899988,3.44,2.17,3.95,0.1014146070001515,0.087493072000143,0.1153316330000961,3.255994471739778,1.8646179233290665,3.790831043452081,1.0779010989010995,1.551172503583373
123.3357994070002,3.44,2.17,3.97,0.1517291850004767,0.1378076500004681,0.0216869460000452,3.255994471739778,1.8646179233290665,3.811666302288279,1.0604945054945052,1.5597244386048736
123.3861298619995,3.44,2.13,3.97,0.2020596399997885,0.0443557769995095,0.072017400999357,3.255994471739778,1.8179108889051736,3.811666302288279,1.041593406593406,1.5503149784997614
123.43643860599968,3.44,2.13,3.97,0.2523683839999648,0.0946645209996859,0.1223261449995334,3.255994471739778,1.8179108889051736,3.811666302288279,1.041593406593406,1.5503149784997614
123.48652514700008,3.44,2.12,3.97,0.3024549250003474,0.0006006450003042,0.0284575949999634,3.255994471739778,1.8061838223170976,3.811666302288279,1.0369230769230766,1.5479899665551844
123.53686017000018,3.44,2.12,3.97,0.3527899480004635,0.0509356680004202,0.0787926180000795,3.255994471739778,1.8061838223170976,3.811666302288279,1.0369230769230766,1.5479899665551844
123.58695181700024,3.44,2.12,3.97,0.4028815950005082,0.101027315000465,0.1288842650001243,3.255994471739778,1.8061838223170976,3.811666302288279,1.0369230769230766,1.5479899665551844
123.63728562100005,3.48,2.08,3.97,0.0214074499999696,0.0073863770003299,0.0352362620005806,3.2982267963255647,1.7590622501776338,3.811666302288279,1.018461538461538,1.50871237458194
123.68741377199969,3.48,2.08,3.97,0.0715356009995957,0.057514527999956,0.0853644130002067,3.2982267963255647,1.7590622501776338,3.811666302288279,1.018461538461538,1.50871237458194
123.73759761099971,3.48,2.08,3.97,0.1217194399996515,0.1076983670000117,0.1355482520002624,3.2982267963255647,1.7590622501776338,3.811666302288279,1.018461538461538,1.50871237458194
123.787939025,3.55,2.03,3.95,0.0280103490003966,0.0140669740003431,0.0421904330005418,3.372002372478406,1.6996470221784283,3.790831043452081,1.0132857142857148,1.4354291925465832
123.83827013700012,3.55,2.03,3.95,0.0783414610004911,0.0643980860004376,0.0925215450006362,3.372002372478406,1.6996470221784283,3.790831043452081,1.0132857142857148,1.4354291925465832
123.88860811699942,3.55,2.03,3.95,0.1286794409998037,0.1147360659997502,0.1428595249999489,3.372002372478406,1.6996470221784283,3.790831043452081,1.0132857142857148,1.4354291925465832
123.93894612799976,3.58,2.04,3.93,0.0350189979999413,0.0211265380003169,0.0491613789999973,3.403571653425266,1.7115782190715094,3.769986737377202,1.0350769230769232,1.405896989966555
123.9892830079998,3.58,2.04,3.93,0.085355877999973,0.0714634180003486,0.099498259000029,3.403571653425266,1.7115782190715094,3.769986737377202,1.0350769230769232,1.405896989966555
124.03961847200026,3.58,2.04,3.95,0.1356913420004275,0.1217988820008031,0.006002897000144,3.403571653425266,1.7115782190715094,3.790831043452081,1.0177582417582423,1.4144057333970375
124.08995176200006,3.62,1.99,3.95,0.0423007330000473,0.0278286869997828,0.0563361869999425,3.4456204085766613,1.6516658257650063,3.790831043452081,0.9956153846153851,1.3720780936454846
124.14028821400008,3.62,1.99,3.95,0.0926371850000578,0.0781651389997932,0.106672638999953,3.4456204085766613,1.6516658257650063,3.790831043452081,0.9956153846153851,1.3720780936454846
124.19057566999982,3.62,1.99,3.9,0.1429246409998086,0.1284525949995441,0.0126595450001332,3.4456204085766613,1.6516658257650063,3.73870298365623,1.0387472527472525,1.3508872193024364
124.2410084510002,3.72,1.98,3.9,0.0494565990002229,0.0349227920005432,0.0630923260005147,3.5505351709284616,1.6396036106327652,3.73870298365623,1.0343846153846155,1.2689327759197322
124.29135549900002,3.72,1.98,3.9,0.0998036470000443,0.0852698400003646,0.1134393740003361,3.5505351709284616,1.6396036106327652,3.73870298365623,1.0343846153846155,1.2689327759197322
124.34154192699953,3.7,1.98,3.91,0.0057412649994148,0.1354562679998707,0.0196384689998012,3.529575045242699,1.6396036106327652,3.749133233162033,1.0258021978021978,1.2892797897754418
124.39188850699976,3.7,1.97,3.91,0.056087844999638,0.0421575259997553,0.0699850490000244,3.529575045242699,1.6275134408047145,3.749133233162033,1.0214615384615386,1.28711889632107
124.44203185700007,3.7,1.97,3.91,0.1062311949999639,0.0923008760000811,0.1201283990003503,3.529575045242699,1.6275134408047145,3.749133233162033,1.0214615384615386,1.28711889632107
124.49237850099962,3.7,1.97,3.91,0.1565778389995102,0.1426475199996275,0.1704750429998967,3.529575045242699,1.6275134408047145,3.749133233162033,1.0214615384615386,1.28711889632107
124.54269723299969,3.7,1.97,3.91,0.2068965709995609,0.1929662519996782,0.2207937749999473,3.529575045242699,1.6275134408047145,3.749133233162033,1.0214615384615386,1.28711889632107
124.5930206410003,3.7,1.97,3.91,0.2572199790001832,0.2432896600003005,0.2711171830005696,3.529575045242699,1.6275134408047145,3.749133233162033,1.0214615384615386,1.28711889632107
124.64337543300007,3.74,1.95,3.91,0.0193050140005652,0.0053998020002836,0.3214719750003496,3.5714842852797206,1.6032467059064863,3.749133233162033,1.0128461538461537,1.2504821070234116
124.69372888699944,3.74,1.95,3.91,0.0696584679999432,0.0557532559996616,0.3718254289997276,3.5714842852797206,1.6032467059064863,3.749133233162033,1.0128461538461537,1.2504821070234116
124.74406630900012,3.74,1.95,3.91,0.1199958900006095,0.1060906780003279,0.4221628510003938,3.5714842852797206,1.6032467059064863,3.749133233162033,1.0128461538461537,1.2504821070234116
124.79438748899976,3.8,1.91,3.91,0.0263713249996726,0.0124379170001702,0.4724840310000218,3.634267464015272,1.554348738218036,3.749133233162033,0.9958791208791211,1.1928615623506929
124.84472478599946,3.8,1.91,3.91,0.0767086219993871,0.0627752139998847,0.5228213279997362,3.634267464015272,1.554348738218036,3.749133233162033,0.9958791208791211,1.1928615623506929
124.89505911800006,3.8,1.91,3.91,0.1270429539999895,0.1131095460004871,0.5731556600003387,3.634267464015272,1.554348738218036,3.749133233162033,0.9958791208791211,1.1928615623506929
124.94539614099996,3.79,1.88,3.85,0.0334252200000264,0.0195117610001034,0.0477345600002081,3.623810149552539,1.517333186877556,3.6865159703980663,1.0345494505494508,1.169753965599618
124.99571511700016,3.79,1.88,3.85,0.0837441960002252,0.0698307370003021,0.0980535360004069,3.623810149552539,1.517333186877556,3.6865159703980663,1.0345494505494508,1.169753965599618
125.04604122299952,3.79,1.88,3.84,0.1340703019995999,0.1201568429996768,0.0039972009999473,3.623810149552539,1.517333186877556,3.676071272432024,1.043,1.165602173913044
125.0963684239996,3.81,1.86,3.84,0.0405272299994976,0.026479510000172,0.0543244020000202,3.6447222116369855,1.4924811556599296,3.676071272432024,1.0347802197802196,1.1449884137601525
125.14669017300002,3.81,1.86,3.84,0.0908489789999293,0.0768012590006037,0.1046461510004519,3.6447222116369855,1.4924811556599296,3.676071272432024,1.0347802197802196,1.1449884137601525
125.19683224300024,3.81,1.86,3.84,0.1409910490001493,0.1269433290008237,0.1547882210006719,3.6447222116369855,1.4924811556599296,3.676071272432024,1.0347802197802196,1.1449884137601525
125.24712789800014,3.81,1.86,3.84,0.1912867040000492,0.1772389840007235,0.2050838760005717,3.6447222116369855,1.4924811556599296,3.676071272432024,1.0347802197802196,1.1449884137601525
125.29746375400008,3.81,1.86,3.84,0.2416225599999961,0.2275748400006705,0.2554197320005187,3.6447222116369855,1.4924811556599296,3.676071272432024,1.0347802197802196,1.1449884137601525
125.34779223300028,3.89,1.86,3.84,0.0039127340005506,0.2779033190008704,0.018149698000343,3.7282703764614498,1.4924811556599296,3.676071272432024,1.0347802197802196,1.0780318920210223
125.39814277200004,3.89,1.84,3.84,0.0542632730002878,0.0403437780005333,0.0685002370000802,3.7282703764614498,1.4674808346278323,3.676071272432024,1.0266483516483513,1.0739836359292878
125.44847638899957,3.89,1.84,3.84,0.1045968899998115,0.090677395000057,0.1188338539996038,3.7282703764614498,1.4674808346278323,3.676071272432024,1.0266483516483513,1.0739836359292878
125.4986212470003,3.89,1.84,3.82,0.0107966180003131,0.140822253000806,0.0247160320004695,3.7282703764614498,1.4674808346278323,3.6551744144431737,1.0434835164835166,1.0657124462494025
125.54893611900025,3.89,1.83,3.82,0.0611114900002576,0.0471824000005653,0.075030904000414,3.7282703764614498,1.454922678357857,3.6551744144431737,1.0394505494505495,1.0637047300525557
125.59926076200009,3.89,1.83,3.82,0.1114361330000974,0.0975070430004052,0.1253555470002538,3.7282703764614498,1.454922678357857,3.6551744144431737,1.0394505494505495,1.0637047300525557
125.6495890919996,3.91,1.7599999999999998,3.83,0.0180207359999258,0.0038252739996096,0.0316955479993339,3.749133233162033,1.3658330791132565,3.6656240942027862,1.0034285714285716,1.0371307453416148
125.69988277999984,3.91,1.7599999999999998,3.83,0.0683144240001638,0.0541189619998476,0.0819892359995719,3.749133233162033,1.3658330791132565,3.6656240942027862,1.0034285714285716,1.0371307453416148
125.75000223999996,3.91,1.7599999999999998,3.83,0.1184338840002965,0.1042384219999803,0.1321086959997046,3.749133233162033,1.3658330791132565,3.6656240942027862,1.0034285714285716,1.0371307453416148
125.80013447500004,3.93,1.7799999999999998,3.83,0.0245092270006352,0.0104344480005238,0.0382942440000988,3.769986737377202,1.391509971218316,3.6656240942027862,1.0112087912087913,1.0239604634495936
125.85045960200024,3.93,1.7799999999999998,3.83,0.0748343540008136,0.0607595750007021,0.0886193710002771,3.769986737377202,1.391509971218316,3.6656240942027862,1.0112087912087913,1.0239604634495936
125.90060134400028,3.93,1.7799999999999998,3.83,0.1249760960008643,0.1109013170007529,0.1387611130003279,3.769986737377202,1.391509971218316,3.6656240942027862,1.0112087912087913,1.0239604634495936
125.95094270800018,3.94,1.81,3.81,0.0311806509998859,0.0172420460003195,0.0451357870006177,3.780410030671276,1.4296852800529212,3.6447222116369855,1.0398351648351647,1.0130483755375057
126.00102923299984,3.94,1.81,3.81,0.0812671759995282,0.0673285709999618,0.0952223120002599,3.780410030671276,1.4296852800529212,3.6447222116369855,1.0398351648351647,1.0130483755375057
126.05138052599978,3.94,1.81,3.81,0.131618468999477,0.1176798639999106,0.0016022609997889,3.780410030671276,1.4296852800529212,3.6447222116369855,1.0398351648351647,1.0130483755375057
126.10171931700006,3.98,1.79,3.81,0.0380268150001938,0.0237756220003575,0.0519410520000747,3.8220805852310336,1.4042791745233565,3.6447222116369855,1.0319230769230767,0.9746747491638795
126.1520545759995,3.98,1.79,3.81,0.0883620739996331,0.0741108809997967,0.1022763109995139,3.8220805852310336,1.4042791745233565,3.6447222116369855,1.0319230769230767,0.9746747491638795
126.20237177800028,3.98,1.79,3.8,0.1386792760004027,0.1244280830005664,0.0086283160007951,3.8220805852310336,1.4042791745233565,3.634267464015272,1.0402857142857145,0.9705661490683226
126.25268660799976,3.98,1.81,3.8,0.0449483689999397,0.0307601169997724,0.0589431460002742,3.8220805852310336,1.4296852800529212,3.634267464015272,1.0481978021978027,0.9745049928332533
126.30303676699988,3.98,1.81,3.8,0.0952985280000575,0.0811102759998902,0.1092933050003921,3.8220805852310336,1.4296852800529212,3.634267464015272,1.0481978021978027,0.9745049928332533
126.35318004100009,3.99,1.81,3.8,0.0015472230006707,0.1312535500001104,0.0154640589998962,3.8324926614411146,1.4296852800529212,3.634267464015272,1.0481978021978027,0.9658419493549925
126.40350688099988,3.99,1.85,3.8,0.0518740630004685,0.0376274219997867,0.065790898999694,3.8324926614411146,1.4800000000000002,3.634267464015272,1.0642857142857147,0.9738509316770186
126.4538379179994,3.99,1.85,3.8,0.1022050999999919,0.0879584589993101,0.1161219359992173,3.8324926614411146,1.4800000000000002,3.634267464015272,1.0642857142857147,0.9738509316770186
126.5041765119995,3.96,1.85,3.78,0.0082522049997351,0.1382970529994054,0.0224826879993997,3.801249794475496,1.4800000000000002,3.613350245962879,1.080945054945055,0.9915900382226466
126.55447609600014,3.96,1.89,3.78,0.0585517890003757,0.0445616610004435,0.0727822720000404,3.801249794475496,1.5297058540778354,3.613350245962879,1.0973846153846152,0.9997740802675581
126.60477576799984,3.96,1.89,3.78,0.1088514610000856,0.0948613330001535,0.1230819439997503,3.801249794475496,1.5297058540778354,3.613350245962879,1.0973846153846152,0.9997740802675581
126.654917244,3.98,1.91,3.8,0.015175129000454,0.0012075330005245,0.0291994670005806,3.8220805852310336,1.554348738218036,3.634267464015272,1.0890769230769235,0.9948556856187284
126.70520914499956,3.98,1.91,3.8,0.0654670300000361,0.0514994340001067,0.0794913680001627,3.8220805852310336,1.554348738218036,3.634267464015272,1.0890769230769235,0.9948556856187284
126.75552819899984,3.98,1.91,3.8,0.1157860840003195,0.10181848800039,0.1298104220004461,3.8220805852310336,1.554348738218036,3.634267464015272,1.0890769230769235,0.9948556856187284
126.8056644569997,3.96,1.87,3.74,0.0218083270001443,0.0079819009997663,0.036067340000045,3.801249794475496,1.5049252473129688,3.5714842852797206,1.1221758241758246,0.9794201385570944
126.85578570599957,3.96,1.87,3.74,0.0719295760000022,0.0581031499996242,0.086188588999903,3.801249794475496,1.5049252473129688,3.5714842852797206,1.1221758241758246,0.9794201385570944
126.90590025999973,3.96,1.87,3.74,0.1220441300001766,0.1082177039997986,0.1363031430000774,3.801249794475496,1.5049252473129688,3.5714842852797206,1.1221758241758246,0.9794201385570944
126.95623364399944,3.95,1.95,3.73,0.0284039529997244,0.0144896749998224,0.0430228139994142,3.7908310434520818,1.6032467059064863,3.561011092372502,1.1639670329670329,1.0007031533683706
127.0064132919997,3.95,1.95,3.73,0.0785836009999911,0.0646693230000892,0.0932024619996809,3.7908310434520818,1.6032467059064863,3.561011092372502,1.1639670329670329,1.0007031533683706
127.0567456230001,3.95,1.95,3.73,0.1289159320003818,0.1150016540004799,0.1435347930000716,3.7908310434520818,1.6032467059064863,3.561011092372502,1.1639670329670329,1.0007031533683706
127.10712911100018,3.94,1.94,3.69,0.0353240670001469,0.0215606540004955,0.0494874559999516,3.780410030671276,1.5910688231500232,3.519090791667643,1.1923076923076925,0.9911270903010032
127.15746024599956,3.94,1.94,3.69,0.0856552019995433,0.071891788999892,0.099818590999348,3.780410030671276,1.5910688231500232,3.519090791667643,1.1923076923076925,0.9911270903010032
127.20756981999966,3.94,1.94,3.65,0.1357647759996325,0.1220013629999812,0.0057305299997096,3.780410030671276,1.5910688231500232,3.477125249397841,1.2245714285714284,0.9752757763975155
127.25769620899972,3.93,1.96,3.65,0.0421834849994411,0.0280389609997655,0.0558569189997797,3.769986737377202,1.6153946886132813,3.477125249397841,1.2331428571428573,0.988097204968944
127.30783479799992,3.93,1.96,3.65,0.0923220739996395,0.0781775499999639,0.1059955079999781,3.769986737377202,1.6153946886132813,3.477125249397841,1.2331428571428573,0.988097204968944
127.35816372199952,3.93,1.96,3.64,0.1426509979992261,0.1285064739995505,0.0123911000000589,3.769986737377202,1.6153946886132813,3.4666266023325902,1.2411538461538463,0.9841613712374583
127.40827678200004,3.94,2.07,3.64,0.0487570080003934,0.0346424280005521,0.0625041600005715,3.780410030671276,1.7472263734273243,3.4666266023325902,1.2898681318681318,0.9998582656473961
127.45860920699944,3.94,2.07,3.64,0.09908943299979,0.0849748529999487,0.1128365849999681,3.780410030671276,1.7472263734273243,3.4666266023325902,1.2898681318681318,0.9998582656473961
127.50894533599968,3.92,2.07,3.64,0.0052528589994835,0.1353109820001918,0.0193142329999318,3.759561144601853,1.7472263734273243,3.4666266023325902,1.2898681318681318,1.0169452221691355
127.55932399499945,3.92,2.07,3.64,0.0556315179992452,0.0420096589996319,0.0696928919996935,3.759561144601853,1.7472263734273243,3.4666266023325902,1.2898681318681318,1.0169452221691355
127.60963005299982,3.92,2.07,3.64,0.1059375759996328,0.0923157170000195,0.1199989500000811,3.759561144601853,1.7472263734273243,3.4666266023325902,1.2898681318681318,1.0169452221691355
127.65977160500006,3.91,2.07,3.61,0.0121341989997745,0.1424572690002605,0.0261089920004451,3.749133233162033,1.7472263734273243,3.435112807463533,1.313769230769231,1.0137133779264214
127.70990595799958,3.91,2.03,3.61,0.0622685519992955,0.0483092139993459,0.0762433449999662,3.749133233162033,1.6996470221784283,3.435112807463533,1.2957472527472529,1.0047415671285234
127.76025014399966,3.91,2.03,3.61,0.1126127379993704,0.0986533999994208,0.126587531000041,3.749133233162033,1.6996470221784283,3.435112807463533,1.2957472527472529,1.0047415671285234
127.81036044099984,3.89,2.12,3.56,0.0187689860003956,0.0048096270002133,0.0326434460002929,3.7282703764614498,1.8061838223170976,3.3825286399378798,1.3761868131868127,1.022775609173435
127.860697137,3.89,2.12,3.56,0.0691056820005542,0.0551463230003719,0.0829801420004514,3.7282703764614498,1.8061838223170976,3.3825286399378798,1.3761868131868127,1.022775609173435
127.9110139559998,3.89,2.12,3.56,0.119422501000372,0.1054631420001896,0.1332969610002692,3.7282703764614498,1.8061838223170976,3.3825286399378798,1.3761868131868127,1.022775609173435
127.96113672899992,3.91,2.06,3.5,0.0255269890003546,0.011800528999629,0.0396266340003421,3.749133233162033,1.7353673962593628,3.319322219972023,1.395175824175824,0.969228834209269
128.01148882100006,3.91,2.06,3.5,0.0758790810004939,0.0621526209997682,0.0899787260004814,3.749133233162033,1.7353673962593628,3.319322219972023,1.395175824175824,0.969228834209269
128.06178631900002,3.91,2.06,3.5,0.1261765790004574,0.1124501189997317,0.1402762240004449,3.749133233162033,1.7353673962593628,3.319322219972023,1.395175824175824,0.969228834209269
128.112111896,3.9,2.1,3.48,0.0325255420002577,0.0183270730003641,0.0465015139998286,3.73870298365623,1.7826665420094696,3.2982267963255647,1.4288021978021976,0.9792841376015288
128.16225589999976,3.9,2.1,3.48,0.0826695460000337,0.0684710770001402,0.0966455179996046,3.73870298365623,1.7826665420094696,3.2982267963255647,1.4288021978021976,0.9792841376015288
128.2125815569998,3.9,2.1,3.48,0.132995203000064,0.1187967340001705,0.1469711749996349,3.73870298365623,1.7826665420094696,3.2982267963255647,1.4288021978021976,0.9792841376015288
128.26291998499983,3.9,2.1,3.48,0.1833336310000959,0.1691351620002024,0.1973096029996668,3.73870298365623,1.7826665420094696,3.2982267963255647,1.4288021978021976,0.9792841376015288
128.31324525800028,3.9,2.1,3.48,0.2336589040005492,0.2194604350006557,0.2476348760001201,3.73870298365623,1.7826665420094696,3.2982267963255647,1.4288021978021976,0.9792841376015288
128.36354387699976,3.9,2.1,3.37,0.2839575230000264,0.2697590540001329,0.0099465590001273,3.73870298365623,1.7826665420094696,3.1819490882162147,1.5116043956043954,0.9386030578117532
128.41383286899963,3.88,2.17,3.37,0.0460539679997964,0.0322942880002301,0.0602355510000052,3.717835391729978,1.8646179233290665,3.1819490882162147,1.5444505494505494,0.9718677735308174
128.46395987399956,3.88,2.17,3.37,0.0961809729997185,0.0824212930001522,0.1103625559999272,3.717835391729978,1.8646179233290665,3.1819490882162147,1.5444505494505494,0.9718677735308174
128.51423879399954,3.88,2.17,3.37,0.0024967379995359,0.1327002130001346,0.0166420169998673,3.717835391729978,1.8646179233290665,3.1819490882162147,1.5444505494505494,0.9718677735308174
128.56458280900006,3.88,2.2,3.37,0.0528407530000549,0.0389799210006458,0.0669860320003863,3.717835391729978,1.89944728802881,3.1819490882162147,1.5588571428571427,0.9790397515527952
128.61492075800015,3.88,2.2,3.37,0.1031787020001502,0.0893178700007411,0.1173239810004815,3.717835391729978,1.89944728802881,3.1819490882162147,1.5588571428571427,0.9790397515527952
128.66526818700004,3.9,2.2,3.32,0.0095743420006328,0.1396652990006259,0.0237725349998072,3.73870298365623,1.89944728802881,3.128945509273052,1.5956153846153847,0.9440672240802676
128.71560632,3.9,2.21,3.32,0.0599124750006012,0.0459607470002083,0.0741106679997756,3.73870298365623,1.9110206696946008,3.128945509273052,1.6004615384615386,0.9464797658862876
128.76571598600003,3.9,2.21,3.32,0.110022141000627,0.0960704130002341,0.1242203339998013,3.73870298365623,1.9110206696946008,3.128945509273052,1.6004615384615386,0.9464797658862876
128.8158859340001,3.82,2.2,3.28,0.0161892840005748,0.0022445880003942,0.0304176839999854,3.6551744144431737,1.89944728802881,3.0864704761264115,1.624626373626374,0.9969444338270428
128.86623485400014,3.82,2.2,3.28,0.0665382040006079,0.0525935080004273,0.0807666040000185,3.6551744144431737,1.89944728802881,3.0864704761264115,1.624626373626374,0.9969444338270428
128.9163684109999,3.82,2.2,3.28,0.1166717610003615,0.102727065000181,0.1309001609997722,3.6551744144431737,1.89944728802881,3.0864704761264115,1.624626373626374,0.9969444338270428
128.96654954199948,3.82,2.37,3.23,0.1668528919999516,0.0091693889999078,0.0371457029996236,3.6551744144431737,2.093991403993818,3.0332820508485523,1.7457692307692307,1.0218720735785956
129.0168989140002,3.82,2.37,3.23,0.2172022640006616,0.0595187610006178,0.0874950750003336,3.6551744144431737,2.093991403993818,3.0332820508485523,1.7457692307692307,1.0218720735785956
129.06723302799946,3.82,2.37,3.23,0.2675363779999316,0.1098528749998877,0.1378291889996035,3.6551744144431737,2.093991403993818,3.0332820508485523,1.7457692307692307,1.0218720735785956
129.11738304699975,3.82,2.44,3.23,0.3176863970002159,0.0162179879998802,0.0437734340002862,3.6551744144431737,2.1729012862990347,3.0332820508485523,1.7827692307692309,1.0402916387959866
129.16774067000006,3.82,2.44,3.23,0.368044020000525,0.0665756110001893,0.0941310570005953,3.6551744144431737,2.1729012862990347,3.0332820508485523,1.7827692307692309,1.0402916387959866
129.21798560000025,3.82,2.44,3.16,0.418288950000715,0.1168205410003793,0.0002557040006649,3.6551744144431737,2.1729012862990347,2.9586314403791487,1.831923076923077,1.0161421404682274
129.26818007200018,3.83,2.44,3.16,0.0365620709999348,0.02278963200024,0.050450176000595,3.6656240942027862,2.1729012862990347,2.9586314403791487,1.831923076923077,1.007826923076923
129.31833175199972,3.83,2.44,3.16,0.086713750999479,0.0729413119997843,0.1006018560001393,3.6656240942027862,2.1729012862990347,2.9586314403791487,1.831923076923077,1.007826923076923
129.3686572050001,3.83,2.44,3.12,0.1370392039998478,0.1232667650001531,0.0070141900005182,3.6656240942027862,2.1729012862990347,2.915870367488925,1.8595274725274726,0.9942647634973724
129.41898190600023,3.81,2.51,3.12,0.0435718680000718,0.0294627470002524,0.0573388910006542,3.6447222116369855,2.2512218904408337,2.915870367488925,1.8976043956043958,1.029829144768275
129.46935102399948,3.81,2.51,3.12,0.0939409859993247,0.0798318649995053,0.1077080089999071,3.6447222116369855,2.2512218904408337,2.915870367488925,1.8976043956043958,1.029829144768275
129.51960956499988,3.82,2.51,3.1,9.241099996870616e-05,0.1300904059999084,0.0140092880001247,3.6551744144431737,2.2512218904408337,2.8944602260179706,1.911274725274725,1.0148193741041571
129.56994907900025,3.82,2.5,3.1,0.0504319250003391,0.0368077530001755,0.0643488020004952,3.6551744144431737,2.240066963284803,2.8944602260179706,1.9057692307692302,1.0120785953177258
129.62034138800027,3.82,2.5,3.1,0.1008242340003562,0.0872000620001927,0.1147411110005123,3.6551744144431737,2.240066963284803,2.8944602260179706,1.9057692307692302,1.0120785953177258
129.67067039499943,3.84,2.5,3.08,0.00730244999977,0.1375290689993562,0.021109014999638,3.676071272432024,2.240066963284803,2.873029759678796,1.9193516483516484,0.9887533205924508
129.72081198700016,3.84,2.54,3.08,0.0574440420004975,0.0436004570001387,0.0712506070003655,3.676071272432024,2.284622507111405,2.873029759678796,1.9415054945054944,0.9997820831342573
129.7711538909998,3.84,2.54,3.08,0.1077859460001491,0.0939423609997902,0.1215925110000171,3.676071272432024,2.284622507111405,2.873029759678796,1.9415054945054944,0.9997820831342573
129.82139129499956,3.8,2.54,3.01,0.013876400999834,0.1441797649995351,0.0278579779997016,3.634267464015272,2.284622507111405,2.797856322258168,1.9883516483516483,1.0099837553750604
129.87168841199946,3.8,2.6100000000000003,3.01,0.064173517999734,0.0500604599992584,0.0781550949996017,3.634267464015272,2.3622023622035435,2.797856322258168,2.027967032967033,1.029705327281415
129.9220293489998,3.8,2.6100000000000003,3.01,0.1145144550000623,0.1004013969995867,0.1284960319999299,3.634267464015272,2.3622023622035435,2.797856322258168,2.027967032967033,1.029705327281415
129.97237858599965,3.84,2.62,2.99,0.0209625359993879,0.0070379469998442,0.0348673369999232,3.676071272432024,2.3732467212660384,2.7763285108214406,2.0469010989010994,0.9928703296703295
130.0225260999996,3.84,2.62,2.99,0.0711100499993335,0.0571854609997899,0.0850148509998689,3.676071272432024,2.3732467212660384,2.7763285108214406,2.0469010989010994,0.9928703296703295
130.072870858,3.84,2.62,2.99,0.1214548079997257,0.1075302190001821,0.1353596090002611,3.676071272432024,2.3732467212660384,2.7763285108214406,2.0469010989010994,0.9928703296703295
130.1232012499995,3.82,2.64,2.94,0.02780295499997,0.0135877939992496,0.0420687400001043,3.6551744144431737,2.395307913400697,2.722407023205751,2.0910439560439564,0.9992697085523173
130.17352928199944,3.82,2.64,2.94,0.0781309869998949,0.0639158259991745,0.0923967720000291,3.6551744144431737,2.395307913400697,2.722407023205751,2.0910439560439564,0.9992697085523173
130.22386076600014,3.82,2.64,2.94,0.1284624710006028,0.1142473099998824,0.142728256000737,3.6551744144431737,2.395307913400697,2.722407023205751,2.0910439560439564,0.9992697085523173
130.27421516199956,3.83,2.66,2.92,0.0348615550001341,0.0205744280001454,0.0488866699997743,3.6656240942027862,2.4173332414046684,2.700796178907249,2.1155714285714287,0.9904257763975157
130.3245469759995,3.83,2.66,2.92,0.0851933690000805,0.0709062420000918,0.0992184839997207,3.6656240942027862,2.4173332414046684,2.700796178907249,2.1155714285714287,0.9904257763975157
130.3748917490002,3.83,2.66,2.89,0.1355381420007688,0.1212510150007801,0.0054475110000566,3.6656240942027862,2.4173332414046684,2.6683328128252666,2.134725274725275,0.9810154085045392
130.42521055399993,3.82,2.62,2.89,0.0422160719999737,0.0276454129998455,0.05576631599979,3.6551744144431737,2.3732467212660384,2.6683328128252666,2.1115164835164837,0.9777766841853799
130.47553947899996,3.82,2.62,2.89,0.0925449970000045,0.0779743379998763,0.1060952409998208,3.6551744144431737,2.3732467212660384,2.6683328128252666,2.1115164835164837,0.9777766841853799
130.52586462099953,3.82,2.62,2.88,0.1428701389995694,0.1282994799994412,0.012467421999645,3.6551744144431737,2.3732467212660384,2.6574988240825244,2.117857142857143,0.9746614906832297
130.57615768599953,3.81,2.75,2.88,0.0490916339995237,0.0346136709995335,0.0627604869996503,3.6447222116369855,2.516028616689405,2.6574988240825244,2.1945714285714284,1.0211453416149068
130.62649437900018,3.81,2.75,2.88,0.0994283270001687,0.0849503640001785,0.1130971800002953,3.6447222116369855,2.516028616689405,2.6574988240825244,2.1945714285714284,1.0211453416149068
130.67682420100027,3.81,2.75,2.83,0.0052492480008368,0.1352801860002728,0.0194727010002679,3.6447222116369855,2.516028616689405,2.6032287644385,2.2259450549450546,1.005731342570473
130.72716353800024,3.81,2.75,2.83,0.0555885850008053,0.0420029300003079,0.0698120380002365,3.6447222116369855,2.516028616689405,2.6032287644385,2.2259450549450546,1.005731342570473
130.77751070799968,3.81,2.75,2.83,0.1059357550002459,0.0923500999997486,0.1201592079996771,3.6447222116369855,2.516028616689405,2.6032287644385,2.2259450549450546,1.005731342570473
130.82764167999994,3.8,2.75,2.79,0.0121025199996438,0.1424810720000096,0.026381771999695,3.634267464015272,2.516028616689405,2.559687480924185,2.2506483516483518,1.0018662446249404
130.87775183099984,3.8,2.8600000000000003,2.79,0.0622126709995427,0.0483327649999409,0.0764919229995939,3.634267464015272,2.635811070619441,2.559687480924185,2.3184615384615386,1.0356254180602014
130.92785973399987,3.8,2.8600000000000003,2.79,0.1123205739995683,0.0984406679999665,0.1265998259996195,3.634267464015272,2.635811070619441,2.559687480924185,2.3184615384615386,1.0356254180602014
130.97800736199952,3.8,3.02,2.78,0.0185077850001107,0.0048739549993115,0.0330306619998737,3.634267464015272,2.8086117567225277,2.5487840238042923,2.4279670329670338,1.0840857620640234
131.02814877299988,3.8,3.02,2.78,0.0686491960004787,0.0550153659996794,0.0831720730002416,3.634267464015272,2.8086117567225277,2.5487840238042923,2.4279670329670338,1.0840857620640234
131.07828718400015,3.8,3.02,2.78,0.1187876070007405,0.1051537769999413,0.1333104840005035,3.634267464015272,2.8086117567225277,2.5487840238042923,2.4279670329670338,1.0840857620640234
131.12861093900028,3.82,3.01,2.72,0.0251264430007722,0.0112679490002847,0.0391910690004806,3.6551744144431737,2.797856322258168,2.4832035760283526,2.457604395604396,1.0464052317247976
131.17893641999945,3.82,3.01,2.72,0.0754519239999353,0.0615934299994478,0.0895165499996437,3.6551744144431737,2.797856322258168,2.4832035760283526,2.457604395604396,1.0464052317247976
131.22928424400016,3.82,3.01,2.72,0.1257997480006452,0.1119412540001576,0.1398643740003535,3.6551744144431737,2.797856322258168,2.4832035760283526,2.457604395604396,1.0464052317247976
131.27961490300004,3.82,3.01,2.72,0.176130407000528,0.1622719130000405,0.1901950330002364,3.6551744144431737,2.797856322258168,2.4832035760283526,2.457604395604396,1.0464052317247976
131.32994951299952,3.82,3.01,2.72,0.2264650170000095,0.2126065229995219,0.2405296429997179,3.6551744144431737,2.797856322258168,2.4832035760283526,2.457604395604396,1.0464052317247976
131.38027464100014,3.82,3.01,2.65,0.276790145000632,0.2629316510001445,0.0029554050006481,3.6551744144431737,2.797856322258168,2.406324998831205,2.498912087912088,1.026110582895366
131.43051842899968,3.79,2.94,2.65,0.0391072189995611,0.0251975009996385,0.0531991930001822,3.623810149552539,2.722407023205751,2.406324998831205,2.4531428571428573,1.0281406832298141
131.48065898499954,3.79,2.94,2.65,0.0892477749994213,0.0753380569994988,0.1033397490000425,3.623810149552539,2.722407023205751,2.406324998831205,2.4531428571428573,1.0281406832298141
131.53099760199984,3.79,2.94,2.63,0.1395863919997282,0.1256766739998056,0.0097333980002076,3.623810149552539,2.722407023205751,2.3842818625321964,2.464747252747253,1.0224393932154807
131.5813704559996,3.81,2.94,2.63,0.0459531719998267,0.0321314379998511,0.0601062519999686,3.6447222116369855,2.722407023205751,2.3842818625321964,2.464747252747253,1.0059176540850454
131.6315922650001,3.81,2.94,2.63,0.0961749810003311,0.0823532470003556,0.1103280610004731,3.6447222116369855,2.722407023205751,2.3842818625321964,2.464747252747253,1.0059176540850454
131.6819506339998,3.82,2.94,2.63,0.0026215269999738,0.1327116160000514,0.0167323859996031,3.6551744144431737,2.722407023205751,2.3842818625321964,2.464747252747253,0.9976241758241756
131.73207438400004,3.82,2.96,2.63,0.0527452770002128,0.0390472680001039,0.066856135999842,3.6551744144431737,2.743993440225396,2.3842818625321964,2.477714285714286,1.0040795031055905
131.78220617399984,3.82,2.96,2.63,0.1028770670000085,0.0891790579998996,0.1169879259996378,3.6551744144431737,2.743993440225396,2.3842818625321964,2.477714285714286,1.0040795031055905
131.83253365099972,3.82,2.96,2.55,0.009267460999581,0.1395065349997821,0.0231400390002818,3.6551744144431737,2.743993440225396,2.295735176365078,2.523252747252748,0.9817062589584331
131.88267256699964,3.82,3.02,2.55,0.0594063769995045,0.0454941809994124,0.0732789550002053,3.6551744144431737,2.8086117567225277,2.295735176365078,2.562681318681319,1.0013348303870044
131.93299562299944,3.82,3.02,2.55,0.1097294329993019,0.0958172369992098,0.1236020110000026,3.6551744144431737,2.8086117567225277,2.295735176365078,2.562681318681319,1.0013348303870044
131.9833525920003,3.82,3.0700000000000003,2.57,0.0161211950007782,0.0024237330007963,0.0299560030007342,3.6551744144431737,2.862306762036522,2.3179301111120667,2.58489010989011,1.0235213807931198
132.0334797630003,3.82,3.0700000000000003,2.57,0.0662483660007637,0.0525509040007818,0.0800831740007197,3.6551744144431737,2.862306762036522,2.3179301111120667,2.58489010989011,1.0235213807931198
132.08380636699985,3.82,3.0700000000000003,2.57,0.1165749700003289,0.102877508000347,0.1304097780002848,3.6551744144431737,2.862306762036522,2.3179301111120667,2.58489010989011,1.0235213807931198
132.133947239,3.81,3.13,2.49,0.0227513870004258,0.0084590819997174,0.0366734770004768,3.6447222116369855,2.926567955814455,2.228901074520805,2.6702527472527473,1.0303106067845196
132.18423512200025,3.81,3.13,2.49,0.0730392700006632,0.0587469649999548,0.0869613600007142,3.6447222116369855,2.926567955814455,2.228901074520805,2.6702527472527473,1.0303106067845196
132.23455577999994,3.81,3.13,2.49,0.1233599280003545,0.1090676229996461,0.1372820180004055,3.6447222116369855,2.926567955814455,2.228901074520805,2.6702527472527473,1.0303106067845196
132.28488471299988,3.79,3.16,2.43,0.0299521990000357,0.0154466470003171,0.043836103999638,3.623810149552539,2.9586314403791496,2.1616660241582184,2.7234285714285713,1.0412177018633548
132.33500385699972,3.79,3.16,2.43,0.0800713429998722,0.0655657910001537,0.0939552479994745,3.623810149552539,2.9586314403791496,2.1616660241582184,2.7234285714285713,1.0412177018633548
132.38512934899973,3.79,3.16,2.43,0.1301968349998787,0.1156912830001601,0.144080739999481,3.623810149552539,2.9586314403791496,2.1616660241582184,2.7234285714285713,1.0412177018633548
132.43541869599994,3.79,3.16,2.43,0.1804861820000951,0.1659806300003765,0.1943700869996973,3.623810149552539,2.9586314403791496,2.1616660241582184,2.7234285714285713,1.0412177018633548
132.4857156119997,3.79,3.16,2.43,0.2307830979998471,0.2162775460001285,0.2446670029994493,3.623810149552539,2.9586314403791496,2.1616660241582184,2.7234285714285713,1.0412177018633548
132.53603250499964,3.79,3.16,2.42,0.2810999909997917,0.2665944390000732,0.0068527869998433,3.623810149552539,2.9586314403791496,2.1504185639079663,2.728758241758242,1.038599211657908
132.58637083099984,3.79,3.1100000000000003,2.42,0.0432036669999433,0.0289906879997943,0.0571911130000444,3.623810149552539,2.90516780926679,2.1504185639079663,2.6943076923076923,1.0214488294314388
132.63669795500027,3.79,3.1100000000000003,2.42,0.0935307910003757,0.0793178120002267,0.1075182370004768,3.623810149552539,2.90516780926679,2.1504185639079663,2.6943076923076923,1.0214488294314388
132.68692087399995,3.79,3.1100000000000003,2.39,0.1437537100000554,0.1295407309999063,0.0138717560002987,3.623810149552539,2.90516780926679,2.1166010488516727,2.710164835164835,1.0136581462016252
132.7371931560001,3.82,3.18,2.39,0.0497049590003371,0.0358647640005074,0.0641440380004496,3.6551744144431737,2.979983221429275,2.1166010488516727,2.75854945054945,1.0129300525561398
132.78735341999982,3.82,3.18,2.39,0.0998652230000516,0.0860250280002219,0.1143043020001641,3.6551744144431737,2.979983221429275,2.1166010488516727,2.75854945054945,1.0129300525561398
132.83770148300027,3.79,3.18,2.32,0.006318027000816,0.1363730910006779,0.0205872260003161,3.623810149552539,2.979983221429275,2.0372285095197347,2.7947802197802196,1.019944935499284
132.8880524289998,3.79,3.21,2.32,0.0566689730003417,0.0430840819999502,0.0709381719998418,3.623810149552539,3.011976095522672,2.0372285095197347,2.815846153846154,1.0304321070234121
132.93837897100002,3.79,3.21,2.32,0.1069955150005625,0.093410624000171,0.1212647140000626,3.623810149552539,3.011976095522672,2.0372285095197347,2.815846153846154,1.0304321070234121
132.9887027779996,3.86,3.21,2.3,0.0135717630000726,0.143734430999757,0.0278980319999391,3.696958209122737,3.011976095522672,2.014422994308792,2.8260000000000005,0.9672369565217396
133.0390268760002,3.86,3.25,2.3,0.0638958610006739,0.049867777000145,0.0782221300005403,3.696958209122737,3.054570346218924,2.014422994308792,2.8543956043956045,0.9813730291447688
133.0893211829998,3.86,3.25,2.3,0.1141901680002774,0.1001620839997485,0.1285164370001439,3.696958209122737,3.054570346218924,2.014422994308792,2.8543956043956045,0.9813730291447688
133.139618102,3.79,3.29,2.3,0.0203356689999054,0.006419041999834,0.0343828880004366,3.623810149552539,3.0970954134478967,2.014422994308792,2.883142857142857,1.053890683229814
133.189968658,3.79,3.29,2.3,0.0706862249999176,0.0567695979998461,0.0847334440004488,3.623810149552539,3.0970954134478967,2.014422994308792,2.883142857142857,1.053890683229814
133.24013146400011,3.79,3.29,2.3,0.1208490310000343,0.1069324039999628,0.1348962500005655,3.623810149552539,3.0970954134478967,2.014422994308792,2.883142857142857,1.053890683229814
133.2904551040001,3.82,3.3200000000000003,2.28,0.0271919130000242,0.0132529880002039,0.0412494590000278,3.6551744144431737,3.128945509273052,1.9915571796963296,2.915,1.0349782608695652
133.34076644499964,3.82,3.3200000000000003,2.28,0.0775032539995663,0.063564328999746,0.09156079999957,3.6551744144431737,3.128945509273052,1.9915571796963296,2.915,1.0349782608695652
133.39108846899944,3.82,3.3200000000000003,2.28,0.1278252779993636,0.1138863529995433,0.1418828239993672,3.6551744144431737,3.128945509273052,1.9915571796963296,2.915,1.0349782608695652
133.44138475699947,3.8,3.4,2.25,0.034118846999263,0.0202491499994721,0.0480989409998073,3.634267464015272,3.213705026912084,1.957140771636011,2.989010989010989,1.073616340181558
133.49170702099946,3.8,3.4,2.25,0.0844411109992506,0.0705714139994597,0.098421204999795,3.634267464015272,3.213705026912084,1.957140771636011,2.989010989010989,1.073616340181558
133.54184712799997,3.8,3.4,2.23,0.1345812179997665,0.1207115209999756,0.0045760290004182,3.634267464015272,3.213705026912084,1.9341147845978528,2.998857142857143,1.0687788819875779
133.59218840099948,3.83,3.38,2.23,0.0412161249996643,0.0273492249998525,0.0549173019999216,3.6656240942027862,3.1925381751828743,1.9341147845978528,2.9839560439560437,1.0364802914476825
133.64252258800025,3.83,3.38,2.23,0.0915503120004359,0.0776834120006242,0.1052514890006932,3.6656240942027862,3.1925381751828743,1.9341147845978528,2.9839560439560437,1.0364802914476825
133.69285863099958,3.83,3.38,2.18,0.1418863549997695,0.1280194549999578,0.0116126309994797,3.6656240942027862,3.1925381751828743,1.8762462524945915,3.0081868131868132,1.024575609173435
133.7431866500001,3.8,3.33,2.18,0.0482894430006126,0.0341380390000267,0.0619406499999968,3.634267464015272,3.1395541084682708,1.8762462524945915,2.971318681318681,1.0311021261347353
133.79352078800002,3.8,3.33,2.18,0.0986235810005382,0.0844721769999523,0.1122747879999224,3.634267464015272,3.1395541084682708,1.8762462524945915,2.971318681318681,1.0311021261347353
133.84365735600022,3.83,3.33,2.17,0.0045633070003532,0.1346087450001505,0.018494675000511,3.6656240942027862,3.1395541084682708,1.8646179233290665,2.9760989010989007,1.00387314859054
133.89377698599947,3.83,3.43,2.17,0.0546829369995975,0.0410002399994482,0.0686143049997554,3.6656240942027862,3.245427552727067,1.8646179233290665,3.0503846153846155,1.0408545150501671
133.94409457300026,3.83,3.43,2.17,0.1050005240003884,0.091317827000239,0.1189318920005462,3.6656240942027862,3.245427552727067,1.8646179233290665,3.0503846153846155,1.0408545150501671
133.99423870200008,3.86,3.43,2.15,0.0113471940003364,0.1414619560000574,0.0252919770000517,3.696958209122737,3.245427552727067,1.8413038858374249,3.0598791208791205,1.011113736263737
134.0445516259997,3.86,3.45,2.15,0.0616601179999634,0.0475704579994271,0.0756049009996786,3.696958209122737,3.266557821315888,1.8413038858374249,3.075,1.0186413043478266
134.09490306099997,3.86,3.45,2.15,0.1120115530002294,0.0979218929996932,0.1259563359999447,3.696958209122737,3.266557821315888,1.8413038858374249,3.075,1.0186413043478266
134.14503052799955,3.86,3.45,2.15,0.1621390199998131,0.0036775589996977,0.0319189319998258,3.696958209122737,3.266557821315888,1.8413038858374249,3.075,1.0186413043478266
134.19537089799996,3.86,3.45,2.15,0.2124793900002259,0.0540179290001106,0.0822593020002386,3.696958209122737,3.266557821315888,1.8413038858374249,3.075,1.0186413043478266
134.24552511000002,3.86,3.45,2.15,0.2626336020002782,0.1041721410001628,0.1324135140002909,3.696958209122737,3.266557821315888,1.8413038858374249,3.075,1.0186413043478266
134.29581790599968,3.86,3.45,2.15,0.312926397999945,0.1544649369998296,0.1827063099999577,3.696958209122737,3.266557821315888,1.8413038858374249,3.075,1.0186413043478266
134.34614611899997,3.86,3.45,2.15,0.3632546110002295,0.2047931500001141,0.2330345230002422,3.696958209122737,3.266557821315888,1.8413038858374249,3.075,1.0186413043478266
134.3964752060001,3.86,3.45,2.15,0.413583698000366,0.2551222370002506,0.2833636100003787,3.696958209122737,3.266557821315888,1.8413038858374249,3.075,1.0186413043478266
134.44678153699988,3.88,3.41,2.11,0.0318220299996028,0.0175429219998477,0.0459415060004175,3.717835391729978,3.22428286600292,1.794435844492636,3.063571428571429,0.9776040372670813
134.49691243799953,3.88,3.41,2.11,0.0819529309992503,0.0676738229994953,0.0960724070000651,3.717835391729978,3.22428286600292,1.794435844492636,3.063571428571429,0.9776040372670813
134.54704457699972,3.88,3.41,2.11,0.132085069999448,0.1178059619996929,0.0020602019994839,3.717835391729978,3.22428286600292,1.794435844492636,3.063571428571429,0.9776040372670813
134.59737514100016,3.83,3.45,2.11,0.0383155230001648,0.024153400000614,0.0523907659999167,3.6656240942027862,3.266557821315888,1.794435844492636,3.093725274725275,1.0345175824175827
134.64765804800027,3.83,3.45,2.11,0.0885984300002746,0.0744363070007239,0.1026736730000266,3.6656240942027862,3.266557821315888,1.794435844492636,3.093725274725275,1.0345175824175827
134.6979791069998,3.83,3.45,2.13,0.1389194889998179,0.1247573660002672,0.0089989939997394,3.6656240942027862,3.266557821315888,1.8179108889051736,3.084406593406594,1.0390958910654566
134.74835603100018,3.83,3.42,2.13,0.1892964130001928,0.0311922270002469,0.0593759180001143,3.6656240942027862,3.2348570292982037,1.8179108889051736,3.0617582417582416,1.0278209507883422
134.7985304849999,3.83,3.42,2.13,0.239470866999909,0.0813666809999631,0.1095503719998305,3.6656240942027862,3.2348570292982037,1.8179108889051736,3.0617582417582416,1.0278209507883422
134.84888190899983,3.83,3.42,2.11,0.2898222909998367,0.1317181049998907,0.0161997320001319,3.6656240942027862,3.2348570292982037,1.794435844492636,3.071076923076923,1.0232426421404683
134.89899346199945,3.83,3.5,2.11,0.3399338439994608,0.0378868429997965,0.066311284999756,3.6656240942027862,3.319322219972023,1.794435844492636,3.131912087912088,1.0535279741997134
134.94934735399966,3.83,3.5,2.11,0.3902877359996637,0.0882407349999994,0.1166651769999589,3.6656240942027862,3.319322219972023,1.794435844492636,3.131912087912088,1.0535279741997134
134.99968200399962,3.83,3.5,2.12,0.0087916559996301,0.1385753849999673,0.0228560059995288,3.6656240942027862,3.319322219972023,1.8061838223170976,3.127263736263736,1.0558117295747733
135.04981988599957,3.83,3.51,2.12,0.0589295379995746,0.0448956749996796,0.0729938879994733,3.6656240942027862,3.329864862122786,1.8061838223170976,3.134967032967033,1.0596466316292408
135.0999601530002,3.83,3.51,2.12,0.1090698050002174,0.0950359420003224,0.1231341550001161,3.6656240942027862,3.329864862122786,1.8061838223170976,3.134967032967033,1.0596466316292408
135.15004564299943,3.84,3.53,2.11,0.0151191209997705,0.0011160919993926,0.0292032299994389,3.676071272432024,3.35094016658012,1.794435844492636,3.155087912087912,1.056728547539417
135.20018749999963,3.84,3.53,2.11,0.0652609779999693,0.0512579489995914,0.0793450869996377,3.676071272432024,3.35094016658012,1.794435844492636,3.155087912087912,1.056728547539417
135.25027426299948,3.84,3.53,2.11,0.1153477409998231,0.1013447119994452,0.1294318499994915,3.676071272432024,3.35094016658012,1.794435844492636,3.155087912087912,1.056728547539417
135.3006062280001,3.81,3.48,2.09,0.0215112840005531,0.0075861499999518,0.0354409100000339,3.6447222116369855,3.2982267963255647,1.7708754896942922,3.125802197802198,1.0579645723841375
135.35094020899942,3.81,3.48,2.09,0.0718452649998653,0.057920130999264,0.0857748909993461,3.6447222116369855,3.2982267963255647,1.7708754896942922,3.125802197802198,1.0579645723841375
135.4012720339997,3.81,3.48,2.09,0.1221770900001502,0.1082519559995489,0.1361067159996309,3.6447222116369855,3.2982267963255647,1.7708754896942922,3.125802197802198,1.0579645723841375
135.45160868399944,3.78,3.54,2.13,0.0287298819994248,0.0147477799991975,0.0427239269993151,3.613350245962879,3.3614728914569576,1.8179108889051736,3.153538461538461,1.1148702341137124
135.50173032800012,3.78,3.54,2.13,0.0788515260001077,0.0648694239998803,0.092845570999998,3.613350245962879,3.3614728914569576,1.8179108889051736,3.153538461538461,1.1148702341137124
135.55186438599958,3.78,3.54,2.13,0.1289855839995652,0.1150034819993379,0.1429796289994556,3.613350245962879,3.3614728914569576,1.8179108889051736,3.153538461538461,1.1148702341137124
135.60199361299965,3.73,3.54,2.11,0.0349713879995761,0.0210820329994021,0.0491774089996397,3.561011092372502,3.3614728914569576,1.794435844492636,3.162857142857143,1.1511071428571427
135.6523550969996,3.73,3.54,2.11,0.0853328719995261,0.0714435169993521,0.0995388929995897,3.561011092372502,3.3614728914569576,1.794435844492636,3.162857142857143,1.1511071428571427
135.70265688899963,3.73,3.54,2.15,0.1356346639995536,0.1217453089993796,0.0058377750001454,3.561011092372502,3.3614728914569576,1.8413038858374249,3.144131868131868,1.160306951743908
135.75279985399993,3.66,3.6,2.15,0.0421031770001718,0.0279228930003228,0.0559807400004501,3.4876209656440595,3.4246021666757147,1.8413038858374249,3.191208791208791,1.239971333014811
135.802943701,3.66,3.6,2.15,0.0922470240002439,0.0780667400003949,0.1061245870005223,3.4876209656440595,3.4246021666757147,1.8413038858374249,3.191208791208791,1.239971333014811
135.85306802499963,3.66,3.6,2.17,0.1423713479998696,0.1281910640000205,0.0120523169998705,3.4876209656440595,3.4246021666757147,1.8646179233290665,3.1817142857142855,1.2446360248447201
135.90337895599987,3.65,3.71,2.17,0.0484594079998714,0.0344961920000059,0.0623632480001106,3.477125249397841,3.5400564967243104,1.8646179233290665,3.2700769230769224,1.2965709030100336
135.9537176369995,3.65,3.71,2.17,0.0987980889995014,0.0848348729996359,0.1127019289997406,3.477125249397841,3.5400564967243104,1.8646179233290665,3.2700769230769224,1.2965709030100336
136.00379787099973,3.65,3.71,2.18,0.005468393999763,0.1349151069998697,0.0192466769995007,3.477125249397841,3.5400564967243104,1.8762462524945915,3.2652967032967037,1.2989194457716193
136.05410602699976,3.65,3.7,2.18,0.0557765499997913,0.0413308679999318,0.069554832999529,3.477125249397841,3.529575045242699,1.8762462524945915,3.257153846153846,1.294865719063545
136.10424283999964,3.65,3.7,2.18,0.1059133629996722,0.0914676809998127,0.1196916459994099,3.477125249397841,3.529575045242699,1.8762462524945915,3.257153846153846,1.294865719063545
136.1545656139997,3.58,3.7,2.18,0.0119823919994814,0.1417904549998638,0.025628043999859,3.403571653425266,3.529575045242699,1.8762462524945915,3.257153846153846,1.3498765886287627
136.20468032000008,3.58,3.52,2.18,0.0620970979998674,0.0475111860005199,0.075742750000245,3.403571653425266,3.3404041671630096,1.8762462524945915,3.1143406593406597,1.2787804586717635
136.25499445399964,3.58,3.52,2.18,0.112411231999431,0.0978253200000836,0.1260568839998086,3.403571653425266,3.3404041671630096,1.8762462524945915,3.1143406593406597,1.2787804586717635
136.30511824699988,3.59,3.62,2.22,0.018289413000275,0.0040145279999705,0.0322136240001782,3.4140884581393025,3.4456204085766613,1.9225763964014533,3.1734615384615386,1.3195493311036788
136.35545168799945,3.59,3.62,2.22,0.068622853999841,0.0543479689995365,0.0825470649997441,3.4140884581393025,3.4456204085766613,1.9225763964014533,3.1734615384615386,1.3195493311036788
136.40563403800024,3.59,3.62,2.22,0.1188052040006368,0.1045303190003323,0.13272941500054,3.4140884581393025,3.4456204085766613,1.9225763964014533,3.1734615384615386,1.3195493311036788
136.45577903899994,3.54,3.63,2.24,0.0249806660003741,0.0106846799999402,0.0388671259997863,3.3614728914569576,3.4561249977395203,1.945636142756399,3.1716263736263732,1.367081390348782
136.50592030999996,3.54,3.63,2.24,0.0751219370004037,0.0608259509999697,0.0890083969998158,3.3614728914569576,3.4561249977395203,1.945636142756399,3.1716263736263732,1.367081390348782
136.5562636679997,3.54,3.63,2.24,0.12546529500014,0.1111693089997061,0.1393517549995522,3.3614728914569576,3.4561249977395203,1.945636142756399,3.1716263736263732,1.367081390348782
136.6065060330002,3.5,3.69,2.24,0.0314005509999333,0.0175615759999345,0.0456681499999831,3.319322219972023,3.519090791667643,1.945636142756399,3.2198901098901094,1.421717032967033
136.65668512699995,3.5,3.69,2.24,0.0815796449996923,0.0677406699996936,0.0958472439997422,3.319322219972023,3.519090791667643,1.945636142756399,3.2198901098901094,1.421717032967033
136.70681301999957,3.5,3.69,2.29,0.1317075379993184,0.1178685629993196,0.0019779009999183,3.319322219972023,3.519090791667643,2.0029977533686854,3.1949999999999994,1.4339456521739131
136.75715964899973,3.49,3.71,2.29,0.0380845119998412,0.0241795189995173,0.052324530000078,3.308776208811953,3.5400564967243104,2.0029977533686854,3.211263736263736,1.449639990444338
136.80745250699965,3.49,3.71,2.29,0.0883773699997618,0.0744723769994379,0.1026173879999987,3.308776208811953,3.5400564967243104,2.0029977533686854,3.211263736263736,1.449639990444338
136.85780309100028,3.49,3.71,2.25,0.1387279540003874,0.1248229610000635,0.0090329280001242,3.308776208811953,3.5400564967243104,1.957140771636011,3.2312197802197793,1.4398354992833255
136.90791306499978,3.44,3.81,2.25,0.044980255000155,0.031075840000085,0.0591429019996212,3.255994471739778,3.6447222116369855,1.957140771636011,3.313857142857143,1.518637577639752
136.95806998900025,3.44,3.81,2.25,0.0951371790006305,0.0812327640005605,0.1092998260000968,3.255994471739778,3.6447222116369855,1.957140771636011,3.313857142857143,1.518637577639752
137.00814634200017,3.42,3.81,2.31,0.0014211940006134,0.1313091170004554,0.0153934220006703,3.2348570292982037,3.6447222116369855,2.025833161936096,3.2837912087912087,1.5483221452460585
137.05848136500026,3.42,3.77,2.31,0.0517562170007295,0.0381485460002295,0.0657284450007864,3.2348570292982037,3.602887730696031,2.025833161936096,3.2504725274725272,1.5317352365026273
137.10880359800012,3.42,3.77,2.31,0.1020784500005902,0.0884707790000902,0.1160506780006471,3.2348570292982037,3.602887730696031,2.025833161936096,3.2504725274725272,1.5317352365026273
137.15913618099967,3.39,3.77,2.33,0.0081864180001502,0.1388033619996349,0.0220431230000031,3.2031234756093934,3.602887730696031,2.0486092843683004,3.2402747252747246,1.5589519827998084
137.20947232799972,3.39,3.77,2.33,0.058522565000203,0.0445715070000005,0.0723792700000558,3.2031234756093934,3.602887730696031,2.0486092843683004,3.2402747252747246,1.5589519827998084
137.25981105000028,3.39,3.77,2.33,0.1088612870007637,0.0949102290005612,0.1227179920006165,3.2031234756093934,3.602887730696031,2.0486092843683004,3.2402747252747246,1.5589519827998084
137.31014585699995,3.39,3.77,2.33,0.1591960940004355,0.145245036000233,0.1730527990002883,3.2031234756093934,3.602887730696031,2.0486092843683004,3.2402747252747246,1.5589519827998084
137.36047753000005,3.39,3.77,2.33,0.2095277670005089,0.1955767090003064,0.2233844720003617,3.2031234756093934,3.602887730696031,2.0486092843683004,3.2402747252747246,1.5589519827998084
137.41068357899985,3.39,3.77,2.33,0.2597338160003346,0.2457827580001321,0.2735905210001874,3.2031234756093934,3.602887730696031,2.0486092843683004,3.2402747252747246,1.5589519827998084
137.4610176440001,3.36,3.69,2.35,0.022272165000686,0.0082751099998858,0.0360590010004671,3.171356176779896,3.519090791667643,2.071328076379983,3.164406593406593,1.553367630195891
137.51116484399972,3.36,3.69,2.35,0.0724193650003144,0.0584223099995142,0.0862062010000954,3.171356176779896,3.519090791667643,2.071328076379983,3.164406593406593,1.553367630195891
137.56128957999954,3.36,3.69,2.35,0.1225441010001304,0.1085470459993303,0.1363309369999115,3.171356176779896,3.519090791667643,2.071328076379983,3.164406593406593,1.553367630195891
137.61162558399974,3.32,3.81,2.36,0.0287754969995148,0.014859627000078,0.0429775329994299,3.128945509273052,3.6447222116369855,2.082666559965853,3.2581318681318683,1.6341895604395602
137.6617381799997,3.32,3.81,2.36,0.0788880929994775,0.0649722230000406,0.0930901289993926,3.128945509273052,3.6447222116369855,2.082666559965853,3.2581318681318683,1.6341895604395602
137.7120844129995,3.32,3.81,2.36,0.1292343259992776,0.1153184559998408,0.1434363619991927,3.128945509273052,3.6447222116369855,2.082666559965853,3.2581318681318683,1.6341895604395602
137.76225450699985,3.32,3.81,2.36,0.1794044199996278,0.165488550000191,0.1936064559995429,3.128945509273052,3.6447222116369855,2.082666559965853,3.2581318681318683,1.6341895604395602
137.81242159799967,3.32,3.81,2.36,0.2295715109994489,0.2156556410000121,0.243773546999364,3.128945509273052,3.6447222116369855,2.082666559965853,3.2581318681318683,1.6341895604395602
137.8627715800003,3.32,3.81,2.4,0.2799214930000744,0.2660056230006375,0.0058915130002787,3.128945509273052,3.6447222116369855,2.12788627515664,3.237208791208791,1.6444691591017677
137.91310148399953,3.25,3.77,2.4,0.0423446889999468,0.028427329999431,0.0562214169995058,3.054570346218924,3.602887730696031,2.12788627515664,3.2038901098901094,1.6778713807931196
137.96344082199994,3.25,3.77,2.4,0.0926840270003594,0.0787666679998437,0.1065607549999185,3.054570346218924,3.602887730696031,2.12788627515664,3.2038901098901094,1.6778713807931196
138.01358611900014,3.25,3.77,2.46,0.1428293240005587,0.1289119650000429,0.0127756100000624,3.054570346218924,3.602887730696031,2.195335965177084,3.171846153846153,1.693614715719063
138.06391500399968,3.23,3.77,2.46,0.049427248000029,0.0352220959994156,0.0631044949996066,3.0332820508485523,3.602887730696031,2.195335965177084,3.171846153846153,1.7077016722408027
138.11424786399948,3.23,3.77,2.46,0.0997601079998276,0.0855549559992141,0.1134373549994052,3.0332820508485523,3.602887730696031,2.195335965177084,3.171846153846153,1.7077016722408027
138.16457501700006,3.18,3.77,2.47,0.0058847540003625,0.1358821089997945,0.0198025890003918,2.979983221429275,3.602887730696031,2.206535746368048,3.166428571428571,1.745200310559006
138.21491415699984,3.18,3.9,2.47,0.0562238940001407,0.0420584359999338,0.07014172900017,2.979983221429275,3.73870298365623,2.206535746368048,3.2760000000000002,1.7997478260869564
138.265248402,3.18,3.9,2.47,0.1065581390002989,0.0923926810000921,0.1204759740003282,2.979983221429275,3.73870298365623,2.206535746368048,3.2760000000000002,1.7997478260869564
138.31557604199952,3.19,3.9,2.48,0.0130175889999009,0.142720320999615,0.026851231999899,2.990652102802999,3.73870298365623,2.217724058578975,3.2705604395604393,1.7954963927376968
138.3657202429995,3.19,3.98,2.48,0.0631617899998673,0.0490133779994721,0.0769954329998654,2.990652102802999,3.8220805852310336,2.217724058578975,3.3398351648351645,1.8299831581462016
138.41585731800023,3.19,3.98,2.48,0.1132988650006154,0.0991504530002203,0.1271325080006136,2.990652102802999,3.8220805852310336,2.217724058578975,3.3398351648351645,1.8299831581462016
138.4662091629998,3.13,3.98,2.5,0.0195140870000614,0.0053311969995775,0.0334190590001526,2.926567955814455,3.8220805852310336,2.240066963284803,3.32889010989011,1.876577902532251
138.51637277999998,3.13,3.98,2.5,0.0696777040002416,0.0554948139997577,0.0835826760003328,2.926567955814455,3.8220805852310336,2.240066963284803,3.32889010989011,1.876577902532251
138.56671696000012,3.13,3.98,2.5,0.1200218840003799,0.105838993999896,0.1339268560004711,2.926567955814455,3.8220805852310336,2.240066963284803,3.32889010989011,1.876577902532251
138.6170390669995,3.14,3.85,2.5,0.0267568059998666,0.0121981649999725,0.0406409259994688,2.937260628544903,3.6865159703980663,2.240066963284803,3.2170329670329667,1.8140772814142376
138.66736803599997,3.14,3.85,2.5,0.0770857750003415,0.0625271340004474,0.0909698949999437,2.937260628544903,3.6865159703980663,2.240066963284803,3.2170329670329667,1.8140772814142376
138.71770566400028,3.14,3.85,2.5,0.1274234030006482,0.1128647620007541,0.1413075230002505,2.937260628544903,3.6865159703980663,2.240066963284803,3.2170329670329667,1.8140772814142376
138.76802881899948,3.14,3.87,2.54,0.1777465579998534,0.0192120949996024,0.0477509879992794,2.937260628544903,3.7073980093860976,2.284622507111405,3.2118461538461536,1.8334081939799334
138.8181554949997,3.14,3.87,2.54,0.2278732340000715,0.0693387709998205,0.0978776639994976,2.937260628544903,3.7073980093860976,2.284622507111405,3.2118461538461536,1.8334081939799334
138.8684754220003,3.14,3.87,2.55,0.2781931610006722,0.1196586980004212,0.0038506070004586,2.937260628544903,3.7073980093860976,2.295735176365078,3.206252747252748,1.836156258958433
138.91880806100016,3.14,3.96,2.55,0.3285258000005342,0.026031157000034,0.0541832460003206,2.937260628544903,3.801249794475496,2.295735176365078,3.283692307692308,1.8747076923076926
138.9691499800001,3.14,3.96,2.55,0.3788677190004819,0.0763730759999816,0.1045251650002683,2.937260628544903,3.801249794475496,2.295735176365078,3.283692307692308,1.8747076923076926
139.01954228900013,3.14,3.96,2.58,0.429260028000499,0.1267653849999988,0.0106877110001732,2.937260628544903,3.801249794475496,2.3290126663459776,3.26678021978022,1.8830166746297188
139.06989804800014,3.04,4.13,2.58,0.0470801669998763,0.0331505330004802,0.061043470000186,2.830106005081788,3.9780397182532,2.3290126663459776,3.417912087912088,2.0254279741997134
139.12025895199986,3.04,4.13,2.58,0.0974410709995936,0.0835114370001974,0.1114043739999033,2.830106005081788,3.9780397182532,2.3290126663459776,3.417912087912088,2.0254279741997134
139.17059164999955,3.05,4.13,2.59,0.0038102879998405,0.1338441349998902,0.0177294659997642,2.8408449447303523,3.9780397182532,2.3400854685246006,3.4122307692307685,2.0215996655518396
139.22089146100006,3.05,4.1,2.59,0.0541100990003542,0.0402267360004771,0.0680292770002779,2.8408449447303523,3.9468848475728295,2.3400854685246006,3.3850989010989005,2.0080927138079314
139.27103398100007,3.05,4.1,2.59,0.1042526190003627,0.0903692560004856,0.1181717970002864,2.8408449447303523,3.9468848475728295,2.3400854685246006,3.3850989010989005,2.0080927138079314
139.32114071900014,2.97,4.1,2.64,0.0105082569998558,0.1404759940005533,0.0243059399999765,2.7547776679797598,3.9468848475728295,2.395307913400697,3.3563626373626367,2.074558791208791
139.37147210399962,2.97,4.15,2.64,0.0608396419993368,0.0467972129999907,0.0746373249994576,2.7547776679797598,3.99879981994598,2.395307913400697,3.4016923076923082,2.097125083612039
139.42180302999986,2.97,4.15,2.64,0.1111705679995793,0.0971281390002332,0.1249682509997001,2.7547776679797598,3.99879981994598,2.395307913400697,3.4016923076923082,2.097125083612039
139.4719474120002,2.91,4.0,2.67,0.0172319359999164,0.0032413660001111,0.0311647400003494,2.689981412575188,3.842902548855487,2.428332761381768,3.2498461538461534,2.0771951505016717
139.52207299400015,2.91,4.0,2.67,0.0673575179998806,0.0533669480000753,0.0812903220003136,2.689981412575188,3.842902548855487,2.428332761381768,3.2498461538461534,2.0771951505016717
139.5723931599996,2.91,4.0,2.67,0.1176776839993181,0.1036871139995128,0.131610487999751,2.689981412575188,3.842902548855487,2.428332761381768,3.2498461538461534,2.0771951505016717
139.6225787530002,2.95,4.03,2.7,0.0238940409999486,0.0099671960006162,0.0380349710003429,2.7332032489370417,3.874119254746813,2.46128015471624,3.2586153846153847,2.07359331103679
139.6729157159998,2.95,4.03,2.7,0.0742310039995572,0.0603041590002249,0.0883719339999515,2.7332032489370417,3.874119254746813,2.46128015471624,3.2586153846153847,2.07359331103679
139.72324251099965,2.95,4.03,2.7,0.1245577989993762,0.1106309540000438,0.1386987289997705,2.7332032489370417,3.874119254746813,2.46128015471624,3.2586153846153847,2.07359331103679
139.7735906500002,2.92,4.01,2.74,0.0309235049999188,0.017032862000633,0.0448531500005628,2.700796178907249,3.8533102652135343,2.505094808585096,3.2170329670329667,2.0956859770664114
139.82392772499952,2.92,4.01,2.74,0.0812605799992525,0.0673699369999667,0.0951902249998966,2.700796178907249,3.8533102652135343,2.505094808585096,3.2170329670329667,2.0956859770664114
139.87402374300018,2.92,4.01,2.74,0.1313565979999111,0.1174659550006254,0.0014888570003677,2.700796178907249,3.8533102652135343,2.505094808585096,3.2170329670329667,2.0956859770664114
139.92436136699962,2.86,3.97,2.74,0.0377604429995699,0.0238080270000864,0.0518264809998072,2.63581107061944,3.811666302288279,2.505094808585096,3.181956043956044,2.1159194218824657
139.97470323800007,2.86,3.97,2.74,0.0881023140000252,0.0741498980005417,0.1021683520002625,2.63581107061944,3.811666302288279,2.505094808585096,3.181956043956044,2.1159194218824657
140.0250276779998,2.86,3.97,2.76,0.1384267539997381,0.1244743380002546,0.0083051720002913,2.63581107061944,3.811666302288279,2.5269546889487358,3.169868131868132,2.121858265647397
140.07535272899986,2.81,4.01,2.76,0.0447730949999822,0.0308277300000554,0.0586302230003639,2.5814724480420086,3.8533102652135343,2.5269546889487358,3.2049450549450547,2.1701356903965596
140.1256574399995,2.81,4.01,2.76,0.0950778059996082,0.0811324409996814,0.1089349339999898,2.5814724480420086,3.8533102652135343,2.5269546889487358,3.2049450549450547,2.1701356903965596
140.17599173300005,2.79,4.01,2.8,0.0014099400004852,0.1314667340002415,0.0153832679998231,2.559687480924185,3.8533102652135343,2.5705835913270745,3.180505494505494,2.1943168657429526
140.22613716399974,2.79,4.11,2.8,0.0515553710001768,0.0379059070000948,0.0655286989995147,2.559687480924185,3.957271787481876,2.5705835913270745,3.2697362637362644,2.238738270425227
140.27645976999975,2.79,4.11,2.8,0.1018779770001856,0.0882285130001037,0.1158513049995235,2.559687480924185,3.957271787481876,2.5705835913270745,3.2697362637362644,2.238738270425227
140.3265695299997,2.79,4.11,2.8,0.1519877370001268,0.1383382730000448,0.1659610649994647,2.559687480924185,3.957271787481876,2.5705835913270745,3.2697362637362644,2.238738270425227
140.37692724299995,2.79,4.11,2.8,0.2023454500003936,0.1886959860003116,0.2163187779997315,2.559687480924185,3.957271787481876,2.5705835913270745,3.2697362637362644,2.238738270425227
140.42726829099956,2.79,4.11,2.8,0.2526864980000027,0.2390370339999208,0.2666598259993407,2.559687480924185,3.957271787481876,2.5705835913270745,3.2697362637362644,2.238738270425227
140.47744613099985,2.73,4.19,2.89,0.0149632800003018,0.0007414089996018,0.0288551769999685,2.4941531628991838,4.040297018784634,2.6683328128252666,3.286428571428572,2.3387111801242235
140.5277800619997,2.73,4.19,2.89,0.0652972110001428,0.0510753399994428,0.0791891079998095,2.4941531628991838,4.040297018784634,2.6683328128252666,3.286428571428572,2.3387111801242235
140.5780657209998,2.73,4.19,2.89,0.115582870000253,0.1013609989995529,0.1294747669999196,2.4941531628991838,4.040297018784634,2.6683328128252666,3.286428571428572,2.3387111801242235
140.62819508200027,2.7,4.15,2.92,0.0217375420006646,0.0075246790001983,0.0356360400000994,2.4612801547162406,3.99879981994598,2.700796178907249,3.2306153846153856,2.3475780936454846
140.67852498499997,2.7,4.15,2.92,0.0720674450003571,0.0578545819998908,0.0859659429997918,2.4612801547162406,3.99879981994598,2.700796178907249,3.2306153846153856,2.3475780936454846
140.72885819299972,2.7,4.15,2.92,0.1224006530001133,0.108187789999647,0.1362991509995481,2.4612801547162406,3.99879981994598,2.700796178907249,3.2306153846153856,2.3475780936454846
140.7791874100003,2.63,4.13,2.93,0.0286696790008136,0.0145468310001888,0.0430045750008503,2.3842818625321964,3.9780397182532,2.7116046909533105,3.205989010989011,2.3822314859053995
140.8295251419995,2.63,4.13,2.93,0.0790074110000205,0.0648845629993957,0.0933423070000571,2.3842818625321964,3.9780397182532,2.7116046909533105,3.205989010989011,2.3822314859053995
140.87986942799944,2.63,4.13,2.93,0.1293516969999473,0.1152288489993225,0.143686592999984,2.3842818625321964,3.9780397182532,2.7116046909533105,3.205989010989011,2.3822314859053995
140.93018297399976,2.69,4.09,2.97,0.0354894479996801,0.0215443199995206,0.0497937919999458,2.4503061033266844,3.936495903719449,2.754777667979759,3.1439230769230773,2.3422899665551835
140.98040409900022,2.69,4.09,2.97,0.0857105730001421,0.0717654449999827,0.1000149170004078,2.4503061033266844,3.936495903719449,2.754777667979759,3.1439230769230773,2.3422899665551835
141.0307581699999,2.69,4.09,2.95,0.1360646439998163,0.1221195159996568,0.006478799999968,2.4503061033266844,3.936495903719449,2.7332032489370413,3.156934065934066,2.3358976110845675
141.08093892600027,2.67,4.11,2.95,0.0425617850005437,0.0283032940005796,0.0566595560003406,2.428332761381768,3.957271787481876,2.7332032489370413,3.1749560439560445,2.3565215957955092
141.13109921399973,2.67,4.11,2.95,0.0927220730000044,0.0784635820000403,0.1068198439998013,2.428332761381768,3.957271787481876,2.7332032489370413,3.1749560439560445,2.3565215957955092
141.18143987300027,2.67,4.11,2.96,0.1430627320005442,0.12880424100058,0.0127346990002479,2.428332761381768,3.957271787481876,2.743993440225396,3.168461538461538,2.35971237458194
141.23177846899944,2.62,4.19,2.96,0.0495090799995523,0.0352162669996687,0.0630732949994126,2.3732467212660384,4.040297018784634,2.743993440225396,3.2414285714285715,2.4247872670807458
141.2821157190001,2.62,4.19,2.96,0.0998463300002185,0.0855535170003349,0.1134105450000788,2.3732467212660384,4.040297018784634,2.743993440225396,3.2414285714285715,2.4247872670807458
141.3324273420003,2.61,4.19,3.01,0.0058164090005448,0.1358651400005328,0.0199778050000531,2.362202362203543,4.040297018784634,2.797856322258168,3.208626373626373,2.4465879120879133
141.38271206399986,2.61,4.12,3.01,0.0561011310001049,0.0424892330001966,0.0702625269996133,2.362202362203543,3.967656739184981,2.797856322258168,3.144703296703296,2.4147653368370756
141.43303286099945,2.61,4.12,3.01,0.1064219279996905,0.0928100299997822,0.1205833239991989,2.362202362203543,3.967656739184981,2.797856322258168,3.144703296703296,2.4147653368370756
141.48338079199948,2.56,4.12,3.01,0.0127895369996622,0.1431579609998152,0.0267227029999048,2.306837662255409,3.967656739184981,2.797856322258168,3.144703296703296,2.442863162924032
141.5337002360002,2.56,4.15,3.01,0.0631089810003686,0.0494507510002222,0.0770421470006113,2.306837662255409,3.99879981994598,2.797856322258168,3.1719670329670335,2.456435762064023
141.58403315800024,2.56,4.15,3.01,0.113441903000421,0.0997836730002745,0.1273750690006636,2.306837662255409,3.99879981994598,2.797856322258168,3.1719670329670335,2.456435762064023
141.63437737599995,2.53,4.17,3.09,0.019839344000502,0.0059132340002179,0.0339297239997904,2.2734995051681888,4.019552213866614,2.8837475617675,3.1366263736263735,2.5084835642618257
141.684708709,2.53,4.17,3.09,0.070170677000533,0.0562445670002489,0.0842610569998214,2.2734995051681888,4.019552213866614,2.8837475617675,3.1366263736263735,2.5084835642618257
141.735037896,2.53,4.17,3.09,0.1204998640005214,0.1065737540002373,0.1345902439998099,2.2734995051681888,4.019552213866614,2.8837475617675,3.1366263736263735,2.5084835642618257
141.78537360799965,2.51,4.25,3.13,0.0268635029997312,0.0129294669995942,0.0407856289994015,2.251221890440833,4.102487050558478,2.926567955814455,3.1833076923076926,2.5697227424749167
141.835492747,2.51,4.25,3.13,0.0769826420000754,0.0630486059999384,0.0909047679997456,2.251221890440833,4.102487050558478,2.926567955814455,3.1833076923076926,2.5697227424749167
141.88580941999953,2.51,4.25,3.13,0.1272993149996182,0.1133652789994812,0.1412214409992884,2.251221890440833,4.102487050558478,2.926567955814455,3.1833076923076926,2.5697227424749167
141.93613742300022,2.48,4.29,3.11,0.0336565640000117,0.0197686150004301,0.0476181010008076,2.217724058578975,4.1439111959596815,2.9051678092667896,3.2345604395604393,2.5979442188246535
141.98644159099968,2.48,4.29,3.11,0.0839607319994684,0.0700727829998868,0.0979222690002643,2.217724058578975,4.1439111959596815,2.9051678092667896,3.2345604395604393,2.5979442188246535
142.03656653799953,2.48,4.29,3.15,0.1340856789993267,0.1201977299997452,0.0043666309993568,2.217724058578975,4.1439111959596815,2.947948439169179,3.207043956043956,2.611463186813187
142.0868997609996,2.46,4.2700000000000005,3.15,0.040652783999576,0.0265506669993556,0.0546998539994092,2.195335965177084,4.123202638726358,2.947948439169179,3.1882307692307696,2.6128366220735786
142.13723173499966,2.46,4.2700000000000005,3.15,0.0909847579996494,0.0768826409994289,0.1050318279994826,2.195335965177084,4.123202638726358,2.947948439169179,3.1882307692307696,2.6128366220735786
142.18757541299965,2.46,4.2700000000000005,3.16,0.1413284359996396,0.1272263189994191,0.0113565149995338,2.195335965177084,4.123202638726358,2.9586314403791487,3.181296703296704,2.616243358815098
142.23790255899985,2.4,4.3100000000000005,3.16,0.0477203649998045,0.0336133979999431,0.0616836609997335,2.12788627515664,4.164612827142519,2.9586314403791487,3.21901098901099,2.6667141662685143
142.28823552599988,2.4,4.3100000000000005,3.16,0.0980533319998357,0.0839463649999743,0.1120166279997647,2.12788627515664,4.164612827142519,2.9586314403791487,3.21901098901099,2.6667141662685143
142.33836848099963,2.43,4.3100000000000005,3.2,0.0042155579994869,0.1340793199997279,0.0179201410001041,2.161666024158219,4.164612827142519,3.001316377858222,3.1910549450549457,2.6646990922121363
142.38852462900013,2.43,4.38,3.2,0.0543717059999835,0.0399274219998915,0.0680762890006008,2.161666024158219,4.237015459023014,3.001316377858222,3.2579010989010997,2.69797685140946
142.43887029599955,2.43,4.38,3.2,0.1047173729994028,0.0902730889993108,0.1184219560000201,2.161666024158219,4.237015459023014,3.001316377858222,3.2579010989010997,2.69797685140946
142.4891600709998,2.39,4.38,3.18,0.0108719669997299,0.1405628639995484,0.0247612729999673,2.1166010488516727,4.237015459023014,2.9799832214292743,3.271923076923078,2.7120443143812705
142.5394956709997,2.39,4.38,3.18,0.0612075669996556,0.0468597070002942,0.0750968729998931,2.1166010488516727,4.237015459023014,2.9799832214292743,3.271923076923078,2.7120443143812705
142.58983529499983,2.39,4.38,3.18,0.1115471909997722,0.0971993310004109,0.1254364970000097,2.1166010488516727,4.237015459023014,2.9799832214292743,3.271923076923078,2.7120443143812705
142.6399758460002,2.36,4.33,3.26,0.0177128740006082,0.0034338690002186,0.0316115510004237,2.082666559965853,4.185307635049066,3.0652079864178874,3.1674505494505496,2.7315242952699483
142.69033937899985,2.36,4.33,3.26,0.0680764070002624,0.0537974019998728,0.0819750840000779,2.082666559965853,4.185307635049066,3.0652079864178874,3.1674505494505496,2.7315242952699483
142.74052734299948,2.36,4.33,3.26,0.1182643709998956,0.103985365999506,0.1321630479997111,2.082666559965853,4.185307635049066,3.0652079864178874,3.1674505494505496,2.7315242952699483
142.7906955769995,2.31,4.37,3.3,0.0241072489998259,0.0101909919994795,0.0384056399998371,2.025833161936096,4.226677181900695,3.107716203259236,3.1768571428571426,2.7901093167701863
142.841027208,2.31,4.37,3.3,0.0744388800003434,0.0605226229999971,0.0887372710003546,2.025833161936096,4.226677181900695,3.107716203259236,3.1768571428571426,2.7901093167701863
142.89116868899964,2.31,4.37,3.3,0.1245803609999711,0.1106641039996247,0.1388787519999823,2.025833161936096,4.226677181900695,3.107716203259236,3.1768571428571426,2.7901093167701863
142.94149659399957,2.32,4.42,3.31,0.0309630719993947,0.0173054009992483,0.0452175289992737,2.0372285095197347,4.278352486647168,3.118332887938682,3.21789010989011,2.812688772097468
142.99185185700026,2.32,4.42,3.31,0.0813183350001054,0.067660663999959,0.0955727919999844,2.0372285095197347,4.278352486647168,3.118332887938682,3.21789010989011,2.812688772097468
143.041991866,2.32,4.42,3.33,0.1314583439998387,0.1178006729996923,0.0017470020002292,2.0372285095197347,4.278352486647168,3.1395541084682708,3.203296703296704,2.819858576206402
143.09235892000015,2.28,4.4,3.33,0.0379788159998497,0.0241918510000687,0.0521140560003914,1.9915571796963296,4.2576871655865,3.1395541084682708,3.1839120879120886,2.830208408982322
143.14272040299966,2.28,4.4,3.33,0.0883402989993555,0.0745533339995745,0.1024755389998972,1.9915571796963296,4.2576871655865,3.1395541084682708,3.1839120879120886,2.830208408982322
143.1930538229999,2.28,4.4,3.33,0.1386737189995983,0.1248867539998173,0.0085036179998496,1.9915571796963296,4.2576871655865,3.1395541084682708,3.1839120879120886,2.830208408982322
143.2431963019999,2.25,4.48,3.33,0.0449182550000841,0.0307922330002838,0.058646096999837,1.957140771636011,4.340311048761368,3.1395541084682708,3.2619780219780226,2.883843406593407
143.2934870299996,2.25,4.48,3.33,0.095208982999793,0.0810829609999927,0.1089368249995459,1.957140771636011,4.340311048761368,3.1395541084682708,3.2619780219780226,2.883843406593407
143.34361463599998,2.25,4.48,3.33,0.1453365890001805,0.1312105670003802,0.1590644309999334,1.957140771636011,4.340311048761368,3.1395541084682708,3.2619780219780226,2.883843406593407
143.39392722899993,2.25,4.48,3.33,0.1956491820001247,0.1815231600003244,0.2093770239998775,1.957140771636011,4.340311048761368,3.1395541084682708,3.2619780219780226,2.883843406593407
143.44421123099983,2.25,4.48,3.33,0.2459331840000231,0.2318071620002229,0.259661025999776,1.957140771636011,4.340311048761368,3.1395541084682708,3.2619780219780226,2.883843406593407
143.49449909600023,2.24,4.48,3.4,0.0080815260007511,0.2820950270006506,0.0219860150000386,1.945636142756399,4.340311048761368,3.213705026912084,3.210208791208792,2.9141582895365508
143.5447936720002,2.24,4.44,3.4,0.0583761020006932,0.0444352860004073,0.0722805909999806,1.945636142756399,4.299011514290234,3.213705026912084,3.171000000000001,2.8946391304347827
143.59513549199983,2.24,4.44,3.4,0.1087179220003236,0.0947771060000377,0.122622410999611,1.945636142756399,4.299011514290234,3.213705026912084,3.171000000000001,2.8946391304347827
143.64522497399958,2.22,4.44,3.44,0.0148548019997178,0.0009466269993936,0.0287722690000009,1.922576396401454,4.299011514290234,3.255994471739778,3.140934065934067,2.9191063067367424
143.69554793099996,2.22,4.44,3.44,0.0651777590001074,0.0512695839997832,0.0790952260003905,1.922576396401454,4.299011514290234,3.255994471739778,3.140934065934067,2.9191063067367424
143.74563838999984,2.22,4.44,3.44,0.1152682179999828,0.1013600429996586,0.1291856850002659,1.922576396401454,4.299011514290234,3.255994471739778,3.140934065934067,2.9191063067367424
143.79577382099978,2.21,4.44,3.47,0.0216430239997862,0.0075421530000312,0.0353331139995134,1.9110206696946008,4.299011514290234,3.2876739497705665,3.118153846153847,2.9351135451505015
143.84610409299967,2.21,4.44,3.47,0.071973295999669,0.057872424999914,0.0856633859993962,1.9110206696946008,4.299011514290234,3.2876739497705665,3.118153846153847,2.9351135451505015
143.8964564500002,2.21,4.44,3.47,0.122325653000189,0.108224782000434,0.1360157429999162,1.9110206696946008,4.299011514290234,3.2876739497705665,3.118153846153847,2.9351135451505015
143.94660192999982,2.17,4.5200000000000005,3.48,0.0288109860002805,0.0143908159998318,0.0427329909998661,1.8646179233290665,4.381586470674749,3.2982267963255647,3.1892857142857154,2.997122670807453
143.99693982699955,2.17,4.5200000000000005,3.48,0.0791488830000162,0.0647287129995675,0.0930708879996018,1.8646179233290665,4.381586470674749,3.2982267963255647,3.1892857142857154,2.997122670807453
144.0472851909999,2.17,4.5200000000000005,3.48,0.1294942470003661,0.1150740769999174,0.1434162519999517,1.8646179233290665,4.381586470674749,3.2982267963255647,3.1892857142857154,2.997122670807453
144.0976241039998,2.14,4.5200000000000005,3.47,0.0353727169995181,0.0214893729998948,0.0492665159999887,1.829617446353199,4.381586470674749,3.2876739497705665,3.1969230769230776,3.00742474916388
144.14795243000026,2.14,4.5200000000000005,3.47,0.0857010429999718,0.0718176990003485,0.0995948420004424,1.829617446353199,4.381586470674749,3.2876739497705665,3.1969230769230776,3.00742474916388
144.19828279800004,2.14,4.5200000000000005,3.55,0.1360314109997489,0.1221480670001255,0.0059512480002013,1.829617446353199,4.381586470674749,3.372002372478406,3.1352087912087923,3.03774524605829
144.24860951899973,2.13,4.5,3.55,0.0426695910000489,0.0281006099994556,0.0562779689998933,1.8179108889051736,4.36095173098717,3.372002372478406,3.115384615384615,3.0325175585284287
144.2989539979999,2.13,4.5,3.55,0.0930140700002084,0.0784450889996151,0.1066224480000528,1.8179108889051736,4.36095173098717,3.372002372478406,3.115384615384615,3.0325175585284287
144.34927210600017,2.13,4.5,3.58,0.1433321780004917,0.1287631969998983,0.0129866930001298,1.8179108889051736,4.36095173098717,3.403571653425266,3.091879120879121,3.0440659101767804
144.3995832849996,2.06,4.58,3.58,0.0493211329994665,0.0351047189997189,0.0632978719995662,1.7353673962593628,4.4434558622765685,3.403571653425266,3.1717032967032974,3.1156849020544675
144.44989810799962,2.06,4.58,3.58,0.0996359559994743,0.0854195419997267,0.1136126949995741,1.7353673962593628,4.4434558622765685,3.403571653425266,3.1717032967032974,3.1156849020544675
144.50023921699994,2.06,4.58,3.56,0.0063049509999473,0.135760651000055,0.0202423939999789,1.7353673962593628,4.4434558622765685,3.3825286399378798,3.1873956043956047,3.107975203057812
144.55056877100014,2.06,4.63,3.56,0.0566345050001473,0.0424796600000263,0.0705719480001789,1.7353673962593628,4.494974972121646,3.3825286399378798,3.237999999999999,3.133167391304348
144.60068042900002,2.06,4.63,3.56,0.1067461630000252,0.0925913179999042,0.1206836060000569,1.7353673962593628,4.494974972121646,3.3825286399378798,3.237999999999999,3.133167391304348
144.65079586899992,2.0500000000000003,4.63,3.57,0.0128692360003697,0.1427067579998038,0.0266186210001251,1.7234848418248423,4.494974972121646,3.393051723743686,3.230164835164835,3.1414842331581463
144.70111695600008,2.0500000000000003,4.65,3.57,0.0631903230005264,0.0491063449999273,0.0769397080002818,1.7234848418248423,4.515573053334427,3.393051723743686,3.2505604395604397,3.1516376970855235
144.75144875600017,2.0500000000000003,4.65,3.57,0.1135221230006209,0.0994381450000219,0.1272715080003763,1.7234848418248423,4.515573053334427,3.393051723743686,3.2505604395604397,3.1516376970855235
144.80177757599995,2.03,4.63,3.61,0.0193350159997862,0.005641010000545,0.0336416400004964,1.6996470221784288,4.494974972121646,3.435112807463533,3.198604395604395,3.165859579550884
144.85210716300026,2.03,4.63,3.61,0.069664603000092,0.0559705970008508,0.0839712270008021,1.6996470221784288,4.494974972121646,3.435112807463533,3.198604395604395,3.165859579550884
144.9023162809999,2.03,4.63,3.61,0.1198737209997489,0.1061797150005077,0.134180345000459,1.6996470221784288,4.494974972121646,3.435112807463533,3.198604395604395,3.165859579550884
144.9526226099997,2.03,4.6000000000000005,3.6,0.0261612949998379,0.0122716730002139,0.0407641060000969,1.6996470221784288,4.464067651817119,3.4246021666757147,3.1760989010989027,3.146818800764453
145.00294024999948,2.03,4.6000000000000005,3.6,0.0764789349996135,0.0625893129999894,0.0910817459998725,1.6996470221784288,4.464067651817119,3.4246021666757147,3.1760989010989027,3.146818800764453
145.05328388399994,2.03,4.6000000000000005,3.6,0.126822569000069,0.1129329470004449,0.141425380000328,1.6996470221784288,4.464067651817119,3.4246021666757147,3.1760989010989027,3.146818800764453
145.10361174299942,2.0500000000000003,4.5600000000000005,3.61,0.0332476619996668,0.0193386709997867,0.0475555439998061,1.7234848418248423,4.422838455110022,3.435112807463533,3.1279120879120885,3.1217975394171047
145.1539442530002,2.0500000000000003,4.5600000000000005,3.61,0.0835801720004383,0.0696711810005581,0.0978880540005775,1.7234848418248423,4.422838455110022,3.435112807463533,3.1279120879120885,3.1217975394171047
145.204087565,2.0500000000000003,4.5600000000000005,3.6,0.1337234840002565,0.1198144930003763,0.0036800750003749,1.7234848418248423,4.422838455110022,3.4246021666757147,3.1358351648351657,3.1179048972766363
145.25419849099944,2.06,4.58,3.6,0.0401006389993199,0.0262808389998099,0.0537910009998086,1.7353673962593628,4.4434558622765685,3.4246021666757147,3.155923076923077,3.1234377926421413
145.3044783079995,2.06,4.58,3.6,0.0903804559993659,0.0765606559998559,0.1040708179998546,1.7353673962593628,4.4434558622765685,3.4246021666757147,3.155923076923077,3.1234377926421413
145.35463686799994,2.06,4.58,3.63,0.1405390159998205,0.1267192160003105,0.0104445420001866,1.7353673962593628,4.4434558622765685,3.4561249977395203,3.132087912087912,3.1351481127568093
145.4049315129996,2.02,4.5,3.63,0.046679457999744,0.0327470379997976,0.0607391869998537,1.6876907299620982,4.36095173098717,3.4561249977395203,3.0522637362637366,3.1131486860965114
145.455071589,2.02,4.5,3.63,0.0968195340001329,0.0828871140001865,0.1108792630002426,1.6876907299620982,4.36095173098717,3.4561249977395203,3.0522637362637366,3.1131486860965114
145.50540517599984,1.99,4.5,3.64,0.0031758180002725,0.1332207010000274,0.0170673889997488,1.651665825765006,4.36095173098717,3.4666266023325902,3.0442747252747253,3.130149808886765
145.55570075299966,1.99,4.5600000000000005,3.64,0.0534713950000877,0.0398296650000702,0.067362965999564,1.651665825765006,4.422838455110022,3.4666266023325902,3.10401098901099,3.159888079311993
145.6060329439997,1.99,4.5600000000000005,3.64,0.10380358600014,0.0901618560001225,0.1176951569996163,1.651665825765006,4.422838455110022,3.4666266023325902,3.10401098901099,3.159888079311993
145.6563825379999,1.99,4.5600000000000005,3.65,0.0101643230000263,0.1405114500003037,0.0243511930002569,1.651665825765006,4.422838455110022,3.477125249397841,3.096000000000001,3.163823913043479
145.706681226,1.99,4.5,3.65,0.060463011000138,0.0465705710003021,0.0746498810003686,1.651665825765006,4.36095173098717,3.477125249397841,3.036263736263736,3.1340856426182513
145.75702688699948,1.99,4.5,3.65,0.1108086719996208,0.0969162319997849,0.1249955419998514,1.651665825765006,4.36095173098717,3.477125249397841,3.036263736263736,3.1340856426182513
145.80736447799973,1.97,4.5,3.63,0.017211682999914,0.0032916029995249,0.0311304229999223,1.627513440804714,4.36095173098717,3.4561249977395203,3.0522637362637366,3.134833468705207
145.8577016549998,1.97,4.5,3.63,0.067548859999988,0.0536287799995989,0.0814675999999963,1.627513440804714,4.36095173098717,3.4561249977395203,3.0522637362637366,3.134833468705207
145.9080360500002,1.97,4.5,3.63,0.117883255000379,0.1039631749999898,0.1318019950003872,1.627513440804714,4.36095173098717,3.4561249977395203,3.0522637362637366,3.134833468705207
145.95842421899945,1.93,4.48,3.67,0.0243060809998496,0.0103876889997991,0.0385155359999771,1.578860348479244,4.340311048761368,3.498113777452071,3.0004395604395615,3.1577296942188253
146.00859244799994,1.93,4.48,3.67,0.0744743100003688,0.0605559180003183,0.0886837650004963,1.578860348479244,4.340311048761368,3.498113777452071,3.0004395604395615,3.1577296942188253
146.0587304159999,1.93,4.48,3.67,0.1246122780003133,0.1106938860002628,0.1388217330004408,1.578860348479244,4.340311048761368,3.498113777452071,3.0004395604395615,3.1577296942188253
146.10905764499967,1.95,4.46,3.72,0.0311319430002185,0.0170509539993872,0.0449924459999238,1.6032467059064863,4.319664338811524,3.550535170928461,2.9401868131868136,3.1594625656951743
146.1594191839995,1.95,4.46,3.72,0.0814934820000417,0.0674124929992103,0.0953539849997469,1.6032467059064863,4.319664338811524,3.550535170928461,2.9401868131868136,3.1594625656951743
146.20956527499948,1.95,4.46,3.73,0.1316395730000295,0.1175585839991981,0.0014382729996214,1.6032467059064863,4.319664338811524,3.561011092372502,2.9320000000000004,3.1634847826086956
146.25990338199972,1.93,4.46,3.73,0.0379561479994663,0.0235704560000158,0.0517763799998647,1.578860348479244,4.319664338811524,3.561011092372502,2.9320000000000004,3.1719195652173915
146.31023003300015,1.93,4.46,3.73,0.0882827989998986,0.0738971070004481,0.102103031000297,1.578860348479244,4.319664338811524,3.561011092372502,2.9320000000000004,3.1719195652173915
146.36054856099963,1.93,4.46,3.73,0.1386013269993782,0.1242156349999277,0.1524215589997766,1.578860348479244,4.319664338811524,3.561011092372502,2.9320000000000004,3.1719195652173915
146.41089237599954,1.93,4.46,3.73,0.1889451419992838,0.1745594499998333,0.2027653739996822,1.578860348479244,4.319664338811524,3.561011092372502,2.9320000000000004,3.1719195652173915
146.461196923,1.93,4.46,3.73,0.2392496889997346,0.2248639970002841,0.253069921000133,1.578860348479244,4.319664338811524,3.561011092372502,2.9320000000000004,3.1719195652173915
146.51152298600027,1.92,4.46,3.73,0.0015697380003985,0.2751900600005683,0.015479370000321,1.566620566697629,4.319664338811524,3.561011092372502,2.9320000000000004,3.176104347826087
146.56174480000027,1.92,4.3500000000000005,3.73,0.0517915520003953,0.0375090040006398,0.0657011840003178,1.566620566697629,4.205995720397253,3.561011092372502,2.825505494505495,3.123088604873388
146.6121077959997,1.92,4.3500000000000005,3.73,0.1021545479998167,0.0878720000000612,0.1160641799997392,1.566620566697629,4.205995720397253,3.561011092372502,2.825505494505495,3.123088604873388
146.6624470229999,1.92,4.3500000000000005,3.75,0.0086372519999713,0.1382112270002835,0.0225933880001321,1.566620566697629,4.205995720397253,3.581954773583832,2.8090659340659343,3.1311654323936935
146.71278201099994,1.92,4.3500000000000005,3.75,0.0589722400000027,0.0445433960003356,0.0729283760001635,1.566620566697629,4.205995720397253,3.581954773583832,2.8090659340659343,3.1311654323936935
146.7631277370001,1.92,4.3500000000000005,3.75,0.1093179660001624,0.0948891220004952,0.1232741020003231,1.566620566697629,4.205995720397253,3.581954773583832,2.8090659340659343,3.1311654323936935
146.81344951400024,1.9,4.3500000000000005,3.76,0.0151786540000102,0.0012427950005076,0.0295990090007762,1.5420440979427272,4.205995720397253,3.592422580933373,2.800813186813188,3.143524390826565
146.8636988549997,1.9,4.3500000000000005,3.76,0.0654279949994816,0.0514921359999789,0.0798483500002475,1.5420440979427272,4.205995720397253,3.592422580933373,2.800813186813188,3.143524390826565
146.91401604299972,1.9,4.3500000000000005,3.76,0.1157451829994897,0.1018093239999871,0.1301655380002557,1.5420440979427272,4.205995720397253,3.592422580933373,2.800813186813188,3.143524390826565
146.96413940099956,1.9,4.38,3.74,0.0219248799994602,0.0082709079997584,0.0362274159997468,1.5420440979427272,4.237015459023014,3.5714842852797206,2.846076923076924,3.1497535117056854
147.01426324000022,1.9,4.38,3.74,0.0720487190001222,0.0583947470004204,0.0863512550004088,1.5420440979427272,4.237015459023014,3.5714842852797206,2.846076923076924,3.1497535117056854
147.0645915719997,1.9,4.38,3.74,0.1223770509996029,0.1087230789999011,0.1366795869998895,1.5420440979427272,4.237015459023014,3.5714842852797206,2.846076923076924,3.1497535117056854
147.11470091699994,1.93,4.38,3.78,0.0285283940002045,0.0146210670000073,0.0430753010004991,1.578860348479244,4.237015459023014,3.613350245962879,2.8130219780219785,3.15350441949355
147.16483858299944,1.93,4.38,3.78,0.0786660599997048,0.0647587329995076,0.0932129669999994,1.578860348479244,4.237015459023014,3.613350245962879,2.8130219780219785,3.15350441949355
147.21518841299985,1.93,4.38,3.78,0.1290158900001188,0.1151085629999215,0.1435627970004134,1.578860348479244,4.237015459023014,3.613350245962879,2.8130219780219785,3.15350441949355
147.26553207399957,1.95,4.2700000000000005,3.79,0.0353828620000058,0.0214936279999164,0.0494058750000476,1.6032467059064863,4.123202638726358,3.623810149552539,2.700142857142858,3.097103726708074
147.3158298339995,1.95,4.2700000000000005,3.79,0.0856806219999271,0.0717913879998377,0.0997036349999689,1.6032467059064863,4.123202638726358,3.623810149552539,2.700142857142858,3.097103726708074
147.36612525799956,1.95,4.2700000000000005,3.82,0.1359760459999961,0.1220868119999067,0.0059604199996101,1.6032467059064863,4.123202638726358,3.6551744144431737,2.6750549450549457,3.1094295269947443
147.41642047799996,1.9,4.25,3.82,0.0426232199997684,0.0285307080002894,0.0562556400000175,1.5420440979427272,4.102487050558478,3.6551744144431737,2.656329670329671,3.121031509794553
147.46676500499962,1.9,4.25,3.82,0.0929677469994203,0.0788752349999413,0.1066001669996694,1.5420440979427272,4.102487050558478,3.6551744144431737,2.656329670329671,3.121031509794553
147.517158998,1.9,4.25,3.84,0.1433617399998183,0.1292692280003393,0.0132384469998214,1.5420440979427272,4.102487050558478,3.676071272432024,2.6394945054945054,3.129302699474439
147.56749603200024,1.93,4.23,3.84,0.049330853000356,0.0357861960001173,0.0635754810000435,1.578860348479244,4.081764324406788,3.676071272432024,2.6208571428571434,3.107535403726709
147.61762538199946,1.93,4.23,3.84,0.0994602029995803,0.0859155459993417,0.1137048309992678,1.578860348479244,4.081764324406788,3.676071272432024,2.6208571428571434,3.107535403726709
147.66794965099962,1.92,4.23,3.86,0.0057632669995655,0.1362398149994987,0.0198450589996355,1.566620566697629,4.081764324406788,3.696958209122737,2.6039340659340673,3.120034567606307
147.71833856000012,1.92,4.17,3.86,0.0561521760000687,0.0426886240002204,0.0702339680001387,1.566620566697629,4.019552213866614,3.696958209122737,2.548549450549451,3.092462661251792
147.7684556109998,1.92,4.17,3.86,0.1062692269997569,0.0928056749999086,0.1203510189998269,1.566620566697629,4.019552213866614,3.696958209122737,2.548549450549451,3.092462661251792
147.81878985899948,1.88,4.17,3.83,0.0128022539993253,0.1431399229995804,0.0267345089996524,1.517333186877556,4.019552213866614,3.6656240942027862,2.573901098901099,3.096529025322504
147.8691246769995,1.88,4.15,3.83,0.0631370719993356,0.0493562940000629,0.0770693269996627,1.517333186877556,3.99879981994598,3.6656240942027862,2.5556153846153853,3.087425919732441
147.91946234199986,1.88,4.15,3.83,0.1134747369997057,0.0996939590004331,0.1274069920000329,1.517333186877556,3.99879981994598,3.6656240942027862,2.5556153846153853,3.087425919732441
147.9696048629994,1.88,4.13,3.85,0.0198022179993131,0.0059329689993319,0.0335673589997895,1.517333186877556,3.9780397182532,3.6865159703980663,2.5205384615384614,3.086659364548495
148.01993900300022,1.88,4.13,3.85,0.070136358000127,0.0562671090001458,0.0839014990006035,1.517333186877556,3.9780397182532,3.6865159703980663,2.5205384615384614,3.086659364548495
148.0702689310001,1.88,4.13,3.85,0.1204662860000098,0.1065970370000286,0.1342314270004863,1.517333186877556,3.9780397182532,3.6865159703980663,2.5205384615384614,3.086659364548495
148.12056270299945,1.92,4.13,3.84,0.02664651699979,0.0127032659993346,0.0407599129994196,1.566620566697629,3.9780397182532,3.676071272432024,2.528989010989011,3.0659858337314856
148.17085945500003,1.92,4.13,3.84,0.0769432690003668,0.0630000179999115,0.0910566649999964,1.566620566697629,3.9780397182532,3.676071272432024,2.528989010989011,3.0659858337314856
148.22120253499995,1.92,4.13,3.84,0.1272863490003146,0.1133430979998593,0.1413997449999442,1.566620566697629,3.9780397182532,3.676071272432024,2.528989010989011,3.0659858337314856
148.27151132899962,1.89,4.09,3.89,0.0336586289995466,0.019385030000194,0.047555027999806,1.5297058540778354,3.936495903719449,3.7282703764614498,2.4503846153846154,3.0812892976588624
148.32184376799978,1.89,4.09,3.89,0.0839910679997046,0.0697174690003521,0.097887466999964,1.5297058540778354,3.936495903719449,3.7282703764614498,2.4503846153846154,3.0812892976588624
148.37219831099992,1.89,4.09,3.9,0.1343456109998442,0.1200720120004916,0.0042650440000215,1.5297058540778354,3.936495903719449,3.73870298365623,2.441824175824176,3.0854950788342093
148.4225263239996,1.89,4.09,3.9,0.0409677729994655,0.0263808049994622,0.0545930569996926,1.5297058540778354,3.936495903719449,3.73870298365623,2.441824175824176,3.0854950788342093
148.47287227699962,1.89,4.09,3.9,0.0913137259994982,0.076726757999495,0.1049390099997253,1.5297058540778354,3.936495903719449,3.73870298365623,2.441824175824176,3.0854950788342093
148.52301525799976,1.89,4.09,3.93,0.1414567069996337,0.1268697389996305,0.0111244909994638,1.5297058540778354,3.936495903719449,3.769986737377202,2.4160109890109895,3.098177209746775
148.57334855199952,1.93,4.05,3.93,0.0474938439992911,0.0333922599993457,0.0614577849992201,1.578860348479244,3.894919768108196,3.769986737377202,2.3802307692307694,3.06375618729097
148.6237140329995,1.93,4.05,3.93,0.0978593249992627,0.0837577409993173,0.1118232659991917,1.578860348479244,3.894919768108196,3.769986737377202,2.3802307692307694,3.06375618729097
148.6738323769996,1.94,4.05,3.93,0.0043579619996307,0.1338760849994287,0.0179633709994959,1.5910688231500232,3.894919768108196,3.769986737377202,2.3802307692307694,3.05954966555184
148.72417628099993,1.94,3.98,3.93,0.0547018659999594,0.040143745000023,0.0683072749998245,1.5910688231500232,3.8220805852310336,3.769986737377202,2.3184615384615386,3.028799331103679
148.7745114929994,1.94,3.98,3.93,0.1050370779994409,0.0904789569995045,0.1186424869993061,1.5910688231500232,3.8220805852310336,3.769986737377202,2.3184615384615386,3.028799331103679
148.82465660900016,1.9,3.98,3.95,0.0105811690000336,0.1406240730002537,0.0248226730000169,1.5420440979427272,3.8220805852310336,3.790831043452081,2.301142857142858,3.0540037267080735
148.8749630679995,1.9,3.95,3.95,0.0608876279993637,0.0469572599995444,0.075129131999347,1.5420440979427272,3.7908310434520818,3.790831043452081,2.2750000000000004,3.0409891304347823
148.92525777900028,1.9,3.95,3.95,0.1111823390001518,0.0972519710003325,0.1254238430001351,1.5420440979427272,3.7908310434520818,3.790831043452081,2.2750000000000004,3.0409891304347823
148.97559488000024,1.98,3.92,3.91,0.0177893670006596,0.0036311740004748,0.0319994010005757,1.6396036106327652,3.759561144601853,3.749133233162033,2.283604395604395,2.977359579550883
149.0259262720001,1.98,3.92,3.91,0.0681207590005215,0.0539625660003366,0.0823307930004375,1.6396036106327652,3.759561144601853,3.749133233162033,2.283604395604395,2.977359579550883
149.0762279089995,1.98,3.92,3.91,0.1184223959999144,0.1042642029997296,0.1326324299998305,1.6396036106327652,3.759561144601853,3.749133233162033,2.283604395604395,2.977359579550883
149.12654840899995,1.92,3.91,3.95,0.0245255310001084,0.0108097880001878,0.0387981889998627,1.566620566697629,3.749133233162033,3.790831043452081,2.2404505494505496,3.015485164835165
149.1768847889998,1.92,3.91,3.95,0.0748619109999708,0.0611461680000502,0.0891345689997251,1.566620566697629,3.749133233162033,3.790831043452081,2.2404505494505496,3.015485164835165
149.22721997699955,1.92,3.91,3.95,0.1251970989997062,0.1114813559997855,0.1394697569994605,1.566620566697629,3.749133233162033,3.790831043452081,2.2404505494505496,3.015485164835165
149.2775575329997,1.88,3.92,3.97,0.031580985999426,0.0177625770002123,0.0454855400002998,1.517333186877556,3.759561144601853,3.811666302288279,2.2316483516483507,3.0448423315814623
149.32780486799948,1.88,3.92,3.97,0.0818283209991932,0.0680099119999795,0.095732875000067,1.517333186877556,3.759561144601853,3.811666302288279,2.2316483516483507,3.0448423315814623
149.37813878199995,1.88,3.92,3.97,0.1321622349996687,0.118343826000455,0.1460667890005424,1.517333186877556,3.759561144601853,3.811666302288279,2.2316483516483507,3.0448423315814623
149.42848419999973,1.88,3.92,3.97,0.1825076529994476,0.1686892440002338,0.1964122070003213,1.517333186877556,3.759561144601853,3.811666302288279,2.2316483516483507,3.0448423315814623
149.47881045899976,1.88,3.92,3.97,0.232833911999478,0.2190155030002643,0.2467384660003517,1.517333186877556,3.759561144601853,3.811666302288279,2.2316483516483507,3.0448423315814623
149.52914988199973,1.88,3.92,3.99,0.2831733349994465,0.2693549260002328,0.0091731649999928,1.517333186877556,3.759561144601853,3.8324926614411146,2.2141538461538457,3.05343745819398
149.5794881290003,1.88,3.87,3.99,0.0456605380004475,0.0316743950006639,0.0595114120005746,1.517333186877556,3.7073980093860976,3.8324926614411146,2.1713516483516484,3.0321294075489735
149.62962885599973,1.88,3.87,3.99,0.0958012649998636,0.08181512200008,0.1096521389999907,1.517333186877556,3.7073980093860976,3.8324926614411146,2.1713516483516484,3.0321294075489735
149.67997772499984,1.86,3.87,4.03,0.0021757699996669,0.1321639910001977,0.0160197089999201,1.4924811556599296,3.7073980093860976,3.874119254746813,2.136098901098901,3.05757967032967
149.73034780800026,1.86,3.88,4.03,0.0525458530000833,0.0385410650005724,0.0663897920003364,1.4924811556599296,3.717835391729978,3.874119254746813,2.144615384615384,3.0618193979933115
149.7805303039995,1.86,3.88,4.03,0.1027283489993351,0.0887235609998242,0.1165722879995883,1.4924811556599296,3.717835391729978,3.874119254746813,2.144615384615384,3.0618193979933115
149.83064564599954,1.85,3.88,4.03,0.0088413200001014,0.1388389029998507,0.0227452179997271,1.4800000000000002,3.717835391729978,3.874119254746813,2.144615384615384,3.0658520066889627
149.88083571399966,1.85,3.82,4.03,0.0590313880002213,0.0450994969996827,0.0729352859998471,1.4800000000000002,3.655174414443174,3.874119254746813,2.0938461538461532,3.0405777591973253
149.93097084199962,1.85,3.82,4.03,0.1091665160001866,0.095234624999648,0.1230704139998124,1.4800000000000002,3.655174414443174,3.874119254746813,2.0938461538461532,3.0405777591973253
149.98132122799962,1.88,3.8,4.050000000000001,0.0155123949998596,0.0016059889994721,0.0297664159998021,1.517333186877556,3.634267464015272,3.894919768108197,2.0593406593406574,3.0288021978021984
150.03158791399983,1.88,3.8,4.050000000000001,0.0657790810000733,0.0518726749996858,0.0800331020000157,1.517333186877556,3.634267464015272,3.894919768108197,2.0593406593406574,3.0288021978021984
150.0817140119998,1.88,3.8,4.050000000000001,0.1159051790000376,0.1019987729996501,0.13015919999998,1.517333186877556,3.634267464015272,3.894919768108197,2.0593406593406574,3.0288021978021984
150.13183697899967,1.89,3.79,4.07,0.0220622999995612,0.0081583579994912,0.0360027999995509,1.5297058540778354,3.623810149552539,3.915711940375594,2.0331538461538456,3.029320066889632
150.18216111699985,1.89,3.79,4.07,0.0723864379997394,0.0584824959996694,0.0863269379997291,1.5297058540778354,3.623810149552539,3.915711940375594,2.0331538461538456,3.029320066889632
150.23242678499992,1.89,3.79,4.07,0.1226521059998049,0.1087481639997349,0.1365926059997946,1.5297058540778354,3.623810149552539,3.915711940375594,2.0331538461538456,3.029320066889632
150.28255534399975,1.87,3.77,4.11,0.0288140639995617,0.0148476570002458,0.0429941000002145,1.5049252473129684,3.602887730696031,3.957271787481876,1.980582417582417,3.0468877687529865
150.3328503949997,1.87,3.77,4.11,0.0791091149994827,0.0651427080001667,0.0932891510001354,1.5049252473129684,3.602887730696031,3.957271787481876,1.980582417582417,3.0468877687529865
150.3829708129997,1.87,3.77,4.11,0.1292295329994885,0.1152631260001726,0.1434095690001413,1.5049252473129684,3.602887730696031,3.957271787481876,1.980582417582417,3.0468877687529865
150.4332591399998,1.86,3.77,4.11,0.0356800150002527,0.0213258369994946,0.0498084479995668,1.4924811556599296,3.602887730696031,3.957271787481876,1.980582417582417,3.0509421165790735
150.48359331499978,1.86,3.77,4.11,0.0860141900002418,0.0716600119994836,0.1001426229995559,1.4924811556599296,3.602887730696031,3.957271787481876,1.980582417582417,3.0509421165790735
150.53393611299998,1.86,3.77,4.130000000000001,0.1363569880004433,0.1220028099996852,0.0061895030003142,1.4924811556599296,3.602887730696031,3.978039718253201,1.9624725274725265,3.059839584328716
150.58405451699946,1.89,3.72,4.130000000000001,0.0426689979994989,0.0281416479992913,0.0563079069997911,1.5297058540778354,3.5505351709284616,3.978039718253201,1.9213186813186807,3.0271238652651697
150.63419087500006,1.89,3.72,4.130000000000001,0.0928053560000989,0.0782780059998913,0.1064442650003911,1.5297058540778354,3.5505351709284616,3.978039718253201,1.9213186813186807,3.0271238652651697
150.6845170460001,1.89,3.72,4.180000000000001,0.1431315270001505,0.1286041769999428,0.013058395000371,1.5297058540778354,3.5505351709284616,4.029925557625104,1.87565934065934,3.0495564978499763
150.73483031100022,1.92,3.73,4.180000000000001,0.0494051089999629,0.0349546380002721,0.0633716600004845,1.566620566697629,3.561011092372502,4.029925557625104,1.883846153846153,3.041208193979933
150.78495780999947,1.92,3.73,4.180000000000001,0.0995326079992082,0.0850821369995173,0.1134991589997298,1.566620566697629,3.561011092372502,4.029925557625104,1.883846153846153,3.041208193979933
150.8352680600001,1.89,3.73,4.16,0.0053506829999605,0.1353923870001381,0.0195786459998998,1.5297058540778354,3.561011092372502,4.009176972896059,1.902175824175823,3.0446266602962253
150.88552459099992,1.89,3.68,4.16,0.0556072139997922,0.0419490750000477,0.0698351769997316,1.5297058540778354,3.508603710879871,4.009176972896059,1.8614615384615374,3.024358026755854
150.93586404300004,1.89,3.68,4.16,0.1059466659999088,0.0922885270001643,0.1201746289998482,1.5297058540778354,3.508603710879871,4.009176972896059,1.8614615384615374,3.024358026755854
150.9859842199994,1.93,3.68,4.2,0.0123464409998632,0.1424087039995356,0.0262999499991565,1.578860348479244,3.508603710879871,4.050666611806013,1.824714285714285,3.025803416149069
151.03633240699946,1.93,3.65,4.2,0.0626946279999174,0.0489546759999939,0.0766481369992106,1.578860348479244,3.477125249397841,4.050666611806013,1.8005494505494501,3.013773530817009
151.086601557,1.93,3.65,4.2,0.1129637780004486,0.0992238260005251,0.1269172869997419,1.578860348479244,3.477125249397841,4.050666611806013,1.8005494505494501,3.013773530817009
151.13690108099945,1.92,3.67,4.220000000000001,0.0189945339998303,0.0053669769995394,0.0332893899994815,1.566620566697629,3.498113777452071,4.071400250528067,1.7981318681318668,3.0350591256569524
151.18723671499993,1.92,3.67,4.220000000000001,0.069330168000306,0.0557026110000151,0.0836250239999572,1.566620566697629,3.498113777452071,4.071400250528067,1.7981318681318668,3.0350591256569524
151.23759065600007,1.92,3.67,4.220000000000001,0.1196841090004454,0.1060565520001546,0.1339789650000966,1.566620566697629,3.498113777452071,4.071400250528067,1.7981318681318668,3.0350591256569524
151.28791679699953,1.95,3.63,4.220000000000001,0.0261071259992604,0.0121591199995236,0.0401864929999646,1.6032467059064863,3.4561249977395203,4.071400250528067,1.7660439560439545,3.0064653607262306
151.33824123199977,1.95,3.63,4.220000000000001,0.076431560999481,0.0624835549997442,0.0905109280001852,1.6032467059064863,3.4561249977395203,4.071400250528067,1.7660439560439545,3.0064653607262306
151.38858680799967,1.95,3.63,4.220000000000001,0.1267771369994079,0.1128291309996711,0.1408565040001121,1.6032467059064863,3.4561249977395203,4.071400250528067,1.7660439560439545,3.0064653607262306
151.43892195700028,1.92,3.64,4.24,0.0331450050007333,0.0192196100006185,0.0470595940005296,1.566620566697629,3.4666266023325902,4.092126586507314,1.7554395604395596,3.0321970855231735
151.4892029900002,1.92,3.64,4.24,0.0834260380006526,0.0695006430005378,0.0973406270004488,1.566620566697629,3.4666266023325902,4.092126586507314,1.7554395604395596,3.0321970855231735
151.53953644000012,1.92,3.64,4.260000000000001,0.1337594880005781,0.1198340930004633,0.0037245620005705,1.566620566697629,3.4666266023325902,4.112845730148409,1.7367582417582415,3.0413752986144296
151.58976429299946,1.93,3.62,4.260000000000001,0.0399984749992654,0.0260781549995954,0.0539524149999124,1.578860348479244,3.4456204085766613,4.112845730148409,1.7208021978021975,3.0292471810797896
151.6399423949997,1.93,3.62,4.260000000000001,0.0901765769995108,0.0762562569998408,0.1041305170001578,1.578860348479244,3.4456204085766613,4.112845730148409,1.7208021978021975,3.0292471810797896
151.69008229999963,1.93,3.62,4.28,0.1403164819994344,0.1263961619997644,0.0103751649994592,1.578860348479244,3.4456204085766613,4.133557789604495,1.7020329670329668,3.0384685857620637
151.7404207669997,1.96,3.62,4.28,0.0467075529995781,0.0328032209999946,0.0607136319995333,1.6153946886132813,3.4456204085766613,4.133557789604495,1.7020329670329668,3.0257838031533684
151.790714277,1.96,3.62,4.28,0.0970010629998796,0.0830967310002961,0.1110071419998348,1.6153946886132813,3.4456204085766613,4.133557789604495,1.7020329670329668,3.0257838031533684
151.84081948499988,1.93,3.62,4.300000000000001,0.0031013560001156,0.1332019390001733,0.0170510629995988,1.578860348479244,3.4456204085766613,4.15426287083521,1.6831758241758235,3.047733182035356
151.89116858099987,1.93,3.56,4.300000000000001,0.0534504520001064,0.0395596429998477,0.0674001589995896,1.578860348479244,3.3825286399378798,4.15426287083521,1.6358351648351646,3.0241657668418545
151.94138115399983,1.93,3.56,4.300000000000001,0.1036630250000598,0.0897722159998011,0.117612731999543,1.578860348479244,3.3825286399378798,4.15426287083521,1.6358351648351646,3.0241657668418545
151.99160719799966,1.96,3.56,4.36,0.0099448549999578,0.1399982599996292,0.0238893159994404,1.6153946886132813,3.3825286399378798,4.216337273036872,1.5787362637362636,3.0395339225991402
152.04174764599975,1.96,3.6,4.36,0.0600853030000507,0.0461438009997436,0.0740297639995333,1.6153946886132813,3.4246021666757147,4.216337273036872,1.6102087912087908,3.0552017677974206
152.09189230099946,1.96,3.6,4.36,0.1102299579997634,0.0962884559994563,0.1241744189992459,1.6153946886132813,3.4246021666757147,4.216337273036872,1.6102087912087908,3.0552017677974206
152.14201439599947,1.99,3.52,4.340000000000001,0.0164205169994602,0.0024420199997621,0.030342754999765,1.651665825765006,3.3404041671630096,4.195652511826975,1.566736263736263,3.001766531294793
152.1923794229997,1.99,3.52,4.340000000000001,0.0667855439996856,0.0528070469999875,0.0807077819999904,1.651665825765006,3.3404041671630096,4.195652511826975,1.566736263736263,3.001766531294793
152.24270362599964,1.99,3.52,4.340000000000001,0.1171097469996311,0.103131249999933,0.1310319849999359,1.651665825765006,3.3404041671630096,4.195652511826975,1.566736263736263,3.001766531294793
152.29305441699944,2.0,3.52,4.36,0.0234744889994544,0.0095127879994834,0.0375660769996102,1.6637006942355947,3.3404041671630096,4.216337273036872,1.5476153846153842,3.006823745819398
152.34339098500004,2.0,3.52,4.36,0.0738110570000571,0.0598493560000861,0.0879026450002129,1.6637006942355947,3.3404041671630096,4.216337273036872,1.5476153846153842,3.006823745819398
152.3937340929997,2.0,3.52,4.36,0.1241541649997088,0.1101924639997378,0.1382457529998646,1.6637006942355947,3.3404041671630096,4.216337273036872,1.5476153846153842,3.006823745819398
152.44384697500027,2.0,3.52,4.36,0.1742670470002849,0.1603053460003138,0.1883586350004407,1.6637006942355947,3.3404041671630096,4.216337273036872,1.5476153846153842,3.006823745819398
152.4941819759997,2.0,3.52,4.36,0.2246020479997241,0.2106403469997531,0.2386936359998799,1.6637006942355947,3.3404041671630096,4.216337273036872,1.5476153846153842,3.006823745819398
152.54428691799967,2.0,3.52,4.41,0.2747069899996859,0.2607452889997148,0.0006996579995757,1.6637006942355947,3.3404041671630096,4.268020618506898,1.4994285714285707,3.0304981366459627
152.5945922989995,2.01,3.5,4.41,0.0370637169999099,0.0228423559992734,0.0510050389993921,1.675708805252273,3.319322219972023,4.268020618506898,1.483999999999999,3.0184586956521744
152.6447349729997,2.01,3.5,4.41,0.0872063910001088,0.0729850299994723,0.101147712999591,1.675708805252273,3.319322219972023,4.268020618506898,1.483999999999999,3.0184586956521744
152.69487429399942,2.01,3.5,4.41,0.137345711999842,0.1231243509992054,0.0073142259998348,1.675708805252273,3.319322219972023,4.268020618506898,1.483999999999999,3.0184586956521744
152.74520059399947,2.02,3.5,4.41,0.0440446139991763,0.0294872349995785,0.0576405259998864,1.6876907299620982,3.319322219972023,4.268020618506898,1.483999999999999,3.014078260869565
152.7955496980003,2.02,3.5,4.41,0.094393717999992,0.0798363390003942,0.1079896300007021,1.6876907299620982,3.319322219972023,4.268020618506898,1.483999999999999,3.014078260869565
152.84575060499992,2.02,3.5,4.45,0.1445946249996268,0.1300372460000289,0.0142115130001911,1.6876907299620982,3.319322219972023,4.3093386963663,1.4450549450549446,3.0332121356903965
152.89609263900002,2.02,3.48,4.45,0.0501747090002027,0.0365089570004784,0.0645535470002869,1.6876907299620982,3.2982267963255647,4.3093386963663,1.4297142857142848,3.0255751552795025
152.9462073599998,2.02,3.48,4.45,0.1002894299999752,0.0866236780002509,0.1146682680000594,1.6876907299620982,3.2982267963255647,4.3093386963663,1.4297142857142848,3.0255751552795025
152.99650949700026,2.0500000000000003,3.48,4.45,0.006799155000408,0.1369258150007226,0.0211628189999828,1.7234848418248423,3.2982267963255647,4.3093386963663,1.4297142857142848,3.0123034161490687
153.04686132999996,2.0500000000000003,3.5,4.45,0.0571509880001031,0.0433839400002398,0.0715146519996778,1.7234848418248423,3.319322219972023,4.3093386963663,1.4450549450549446,3.019940396559962
153.0971684369997,2.0500000000000003,3.5,4.45,0.1074580949998562,0.0936910469999929,0.121821758999431,1.7234848418248423,3.319322219972023,4.3093386963663,1.4450549450549446,3.019940396559962
153.14735313599977,2.06,3.5,4.470000000000001,0.0136642819998087,0.1438757460000488,0.0276054300002215,1.7353673962593628,3.319322219972023,4.329988452640492,1.4254505494505485,3.0251047300525564
153.19767970700013,2.06,3.46,4.470000000000001,0.0639908530001776,0.0498626819999117,0.0779320010005903,1.7353673962593628,3.2771176359721967,4.329988452640492,1.394857142857142,3.009874534161491
153.24802015000023,2.06,3.46,4.470000000000001,0.1143312960002731,0.1002031250000072,0.1282724440006859,1.7353673962593628,3.2771176359721967,4.329988452640492,1.394857142857142,3.009874534161491
153.2983583160003,2.0900000000000003,3.41,4.510000000000001,0.0209059070002695,0.0070765180007583,0.0346139910006968,1.7708754896942926,3.22428286600292,4.371269838387926,1.3176373626373623,2.996943382704253
153.3484792950003,2.0900000000000003,3.41,4.510000000000001,0.0710268860002543,0.0571974970007431,0.0847349700006816,1.7708754896942926,3.22428286600292,4.371269838387926,1.3176373626373623,2.996943382704253
153.39882273799958,2.0900000000000003,3.41,4.510000000000001,0.1213703289995464,0.1075409400000353,0.1350784129999738,1.7708754896942926,3.22428286600292,4.371269838387926,1.3176373626373623,2.996943382704253
153.44911291100016,2.12,3.42,4.49,0.0275370740000653,0.0135355000002164,0.0415120470006513,1.8061838223170976,3.2348570292982037,4.350632137977193,1.3449230769230762,2.9772334448160533
153.49923749800018,2.12,3.42,4.49,0.0776616610000928,0.0636600870002439,0.0916366340006789,1.8061838223170976,3.2348570292982037,4.350632137977193,1.3449230769230762,2.9772334448160533
153.54955893399983,2.12,3.42,4.49,0.1279830969997419,0.113981522999893,0.141958070000328,1.8061838223170976,3.2348570292982037,4.350632137977193,1.3449230769230762,2.9772334448160533
153.59987507499957,2.11,3.37,4.57,0.0342618039994704,0.0203335879996302,0.0482000140000309,1.794435844492636,3.1819490882162147,4.433147865794688,1.227967032967033,3.0023901098901105
153.65021345700006,2.11,3.37,4.57,0.0846001859999887,0.0706719700001485,0.0985383960005492,1.794435844492636,3.1819490882162147,4.433147865794688,1.227967032967033,3.0023901098901105
153.70055116899948,2.11,3.37,4.550000000000001,0.1349378979994071,0.1210096819995669,0.0048279849997925,1.794435844492636,3.1819490882162147,4.412527620310156,1.2480109890109878,2.9925424271380803
153.75088600100025,2.12,3.37,4.550000000000001,0.0415228609999758,0.0273819850008294,0.0551628170005642,1.8061838223170976,3.1819490882162147,4.412527620310156,1.2480109890109878,2.9879446010511237
153.8012203950002,2.12,3.37,4.550000000000001,0.0918572549999225,0.0777163790007762,0.105497211000511,1.8061838223170976,3.1819490882162147,4.412527620310156,1.2480109890109878,2.9879446010511237
153.8515682669995,2.12,3.37,4.590000000000001,0.1422051269992152,0.1280642510000689,0.0119751729998824,1.8061838223170976,3.1819490882162147,4.453762454374953,1.2078351648351642,3.0076831581462025
153.90171028399982,2.12,3.4,4.590000000000001,0.0481864960001985,0.0342464659997858,0.0621171900002082,1.8061838223170976,3.213705026912084,4.453762454374953,1.2301538461538453,3.0187939799331107
153.9520393390003,2.12,3.4,4.590000000000001,0.0985155510006734,0.0845755210002607,0.1124462450006831,1.8061838223170976,3.213705026912084,4.453762454374953,1.2301538461538453,3.0187939799331107
154.00237612899946,2.14,3.4,4.61,0.0050963549992957,0.1349123109994252,0.0190895219993763,1.829617446353199,3.213705026912084,4.474371464239419,1.2099340659340654,3.0194671763019585
154.05267768700014,2.14,3.3600000000000003,4.61,0.0553979129999788,0.0414154580003014,0.0693910800000594,1.829617446353199,3.1713561767798963,4.474371464239419,1.1802197802197798,3.004674629718108
154.102992051,2.14,3.3600000000000003,4.61,0.1057122769998386,0.0917298220001612,0.1197054439999192,1.829617446353199,3.1713561767798963,4.474371464239419,1.1802197802197798,3.004674629718108
154.15333963899957,2.19,3.3600000000000003,4.66,0.0118753819997436,0.1420774099997288,0.0258034680000491,1.887855926706273,3.1713561767798963,4.525870082094713,1.1292857142857142,3.0061661490683234
154.2035506100001,2.19,3.37,4.66,0.0620863530002679,0.0481720679999853,0.0760144390005734,1.887855926706273,3.1819490882162147,4.525870082094713,1.1366813186813185,3.009847873865265
154.25388845499947,2.19,3.37,4.66,0.1124241979996441,0.0985099129993614,0.1263522839999495,1.887855926706273,3.1819490882162147,4.525870082094713,1.1366813186813185,3.009847873865265
154.30407100199955,2.19,3.37,4.66,0.0188585870000679,0.0047235439997166,0.0328616829992824,1.887855926706273,3.1819490882162147,4.525870082094713,1.1366813186813185,3.009847873865265
154.35417962599968,2.19,3.37,4.66,0.0689672110001993,0.054832167999848,0.0829703069994138,1.887855926706273,3.1819490882162147,4.525870082094713,1.1366813186813185,3.009847873865265
154.4045119759994,2.19,3.37,4.66,0.1192995609999343,0.105164517999583,0.1333026569991489,1.887855926706273,3.1819490882162147,4.525870082094713,1.1366813186813185,3.009847873865265
154.45465424699978,2.18,3.3600000000000003,4.66,0.0252520479998565,0.0109404889999495,0.0391808439999294,1.876246252494592,3.1713561767798963,4.525870082094713,1.1292857142857142,3.010916149068324
154.50494867999987,2.18,3.3600000000000003,4.66,0.0755464809999466,0.0612349220000396,0.0894752770000195,1.876246252494592,3.1713561767798963,4.525870082094713,1.1292857142857142,3.010916149068324
154.55525069299983,2.18,3.3600000000000003,4.66,0.1258484939999107,0.1115369350000037,0.1397772899999836,1.876246252494592,3.1713561767798963,4.525870082094713,1.1292857142857142,3.010916149068324
154.6056211819996,2.23,3.3400000000000003,4.66,0.0322368799998002,0.0180189180000525,0.0461742999996204,1.9341147845978528,3.150158726159684,4.525870082094713,1.1145604395604398,2.9796181318681323
154.65575184699992,2.23,3.3400000000000003,4.66,0.0823675450001246,0.0681495830003768,0.0963049649999447,1.9341147845978528,3.150158726159684,4.525870082094713,1.1145604395604398,2.9796181318681323
154.70590887799972,2.23,3.3400000000000003,4.680000000000001,0.1325245759999234,0.1183066140001756,0.0025054709994947,1.9341147845978528,3.150158726159684,4.546460161488277,1.0940329670329663,2.9897033683707606
154.75619295599972,2.23,3.3400000000000003,4.680000000000001,0.0388617589997011,0.0246245199996337,0.0527895489994989,1.9341147845978528,3.150158726159684,4.546460161488277,1.0940329670329663,2.9897033683707606
154.8063514790001,2.23,3.3400000000000003,4.680000000000001,0.0890202820000922,0.0747830430000249,0.10294807199989,1.9341147845978528,3.150158726159684,4.546460161488277,1.0940329670329663,2.9897033683707606
154.8566860609999,2.23,3.3400000000000003,4.680000000000001,0.1393548639998698,0.1251176249998025,0.0093019030000505,1.9341147845978528,3.150158726159684,4.546460161488277,1.0940329670329663,2.9897033683707606
154.90700434599967,2.23,3.31,4.680000000000001,0.0453941099995063,0.0314372329994512,0.0596201879998261,1.9341147845978528,3.118332887938682,4.546460161488277,1.0721098901098889,2.978789488772098
154.95736134599974,2.23,3.31,4.680000000000001,0.0957511099995827,0.0817942329995276,0.1099771879999025,1.9341147845978528,3.118332887938682,4.546460161488277,1.0721098901098889,2.978789488772098
155.00755734599989,2.25,3.31,4.7,0.0019666409998535,0.1319902329996694,0.0161984619999202,1.957140771636011,3.118332887938682,4.567044996493904,1.0514945054945044,2.979178786430961
155.0578921719998,2.25,3.31,4.7,0.0523014669997792,0.0383907180003006,0.0665332879998459,1.957140771636011,3.118332887938682,4.567044996493904,1.0514945054945044,2.979178786430961
155.1081857199997,2.25,3.31,4.7,0.1025950149996788,0.0886842660002003,0.1168268359997455,1.957140771636011,3.118332887938682,4.567044996493904,1.0514945054945044,2.979178786430961
155.1583429350003,2.24,3.31,4.720000000000001,0.008789077000074,0.1388414810007816,0.0232594950002749,1.945636142756399,3.118332887938682,4.587624657706862,1.030791208791208,2.9942308408982323
155.20868247099952,2.24,3.3200000000000003,4.720000000000001,0.0591286129993022,0.0451922459997149,0.0735990309995031,1.945636142756399,3.128945509273052,4.587624657706862,1.038076923076922,2.9978578595317726
155.2590005359998,2.24,3.3200000000000003,4.720000000000001,0.1094466779995855,0.0955103109999981,0.1239170959997864,1.945636142756399,3.128945509273052,4.587624657706862,1.038076923076922,2.9978578595317726
155.30934708399946,2.23,3.3200000000000003,4.7,0.0158307719993899,0.0018795409996528,0.0297702389998448,1.9341147845978528,3.128945509273052,4.567044996493904,1.0587802197802185,2.9925449354992844
155.35967952800002,2.23,3.3200000000000003,4.7,0.0661632159999499,0.0522119850002127,0.0801026830004048,1.9341147845978528,3.128945509273052,4.567044996493904,1.0587802197802185,2.9925449354992844
155.4099593589999,2.23,3.3200000000000003,4.7,0.1164430469998478,0.1024918160001107,0.1303825140003027,1.9341147845978528,3.128945509273052,4.567044996493904,1.0587802197802185,2.9925449354992844
155.46028629400007,2.23,3.3200000000000003,4.7,0.1667699820000052,0.1528187510002681,0.1807094490004601,1.9341147845978528,3.128945509273052,4.567044996493904,1.0587802197802185,2.9925449354992844
155.51057559899982,2.23,3.3200000000000003,4.7,0.2170592869997563,0.2031080560000191,0.2309987540002112,1.9341147845978528,3.128945509273052,4.567044996493904,1.0587802197802185,2.9925449354992844
155.56091196099987,2.23,3.3200000000000003,4.7,0.267395648999809,0.2534444180000719,0.2813351160002639,1.9341147845978528,3.128945509273052,4.567044996493904,1.0587802197802185,2.9925449354992844
155.61124647199995,2.23,3.27,4.66,0.0297896000001856,0.0160808919999908,0.0439030420002382,1.9341147845978528,3.075841348314311,4.525870082094713,1.0637142857142856,2.9543055900621122
155.66154454699972,2.23,3.27,4.66,0.0800876749999588,0.066378966999764,0.0942011170000114,1.9341147845978528,3.075841348314311,4.525870082094713,1.0637142857142856,2.9543055900621122
155.7116325249999,2.23,3.27,4.66,0.1301756530001512,0.1164669449999564,0.000282375000097,1.9341147845978528,3.075841348314311,4.525870082094713,1.0637142857142856,2.9543055900621122
155.76195770899994,2.29,3.25,4.66,0.0365226530002473,0.022609874000409,0.0506075590001273,2.0029977533686854,3.054570346218924,4.525870082094713,1.0493846153846151,2.91769364548495
155.81232839899985,2.29,3.25,4.66,0.0868933430001561,0.0729805640003178,0.1009782490000361,2.0029977533686854,3.054570346218924,4.525870082094713,1.0493846153846151,2.91769364548495
155.86264054299954,2.29,3.25,4.630000000000001,0.1372054869998464,0.1232927080000081,0.0071598399999857,2.0029977533686854,3.054570346218924,4.494974972121648,1.0800109890109877,2.9026467749641665
155.91296877999957,2.3,3.19,4.630000000000001,0.0438038629999937,0.0298652379997292,0.0574880770000163,2.014422994308792,2.990652102802999,4.494974972121648,1.0375494505494494,2.876519182990923
155.96332785399954,2.3,3.19,4.630000000000001,0.0941629369999645,0.0802243119997001,0.1078471509999872,2.014422994308792,2.990652102802999,4.494974972121648,1.0375494505494494,2.876519182990923
156.01337871400028,2.38,3.19,4.61,0.0002375460007897,0.130275172000438,0.0145430910006325,2.1053028285735995,2.990652102802999,4.474371464239419,1.0578571428571422,2.825846273291926
156.06367623200003,2.38,3.14,4.61,0.0505350640005417,0.0366149379997295,0.0648406090003845,2.1053028285735995,2.937260628544903,4.474371464239419,1.0230769230769223,2.808531772575251
156.11400010499983,2.38,3.14,4.61,0.1008589370003392,0.086938810999527,0.115164482000182,2.1053028285735995,2.937260628544903,4.474371464239419,1.0230769230769223,2.808531772575251
156.16436689300008,2.4,3.14,4.57,0.0071041430001059,0.1373055989997738,0.0209650340002554,2.12788627515664,2.937260628544903,4.433147865794688,1.0634285714285712,2.7783155279503107
156.2146605709995,2.4,3.12,4.57,0.0573978209995402,0.0436911489996418,0.0712587119996897,2.12788627515664,2.915870367488925,4.433147865794688,1.0496703296703294,2.7714663162924036
156.26485479300027,2.4,3.12,4.57,0.1075920430002952,0.0938853710003968,0.1214529340004446,2.12788627515664,2.915870367488925,4.433147865794688,1.0496703296703294,2.7714663162924036
156.31500094900002,2.42,3.12,4.550000000000001,0.013769052000498,0.1440315270001519,0.0276428859997395,2.1504185639079663,2.915870367488925,4.412527620310156,1.0697142857142843,2.751140372670808
156.36513648399978,2.42,3.06,4.550000000000001,0.0639045870002519,0.0495761659994968,0.0777784209994933,2.1504185639079663,2.8515785102290274,4.412527620310156,1.0289670329670317,2.730855327281415
156.415254087,2.42,3.06,4.550000000000001,0.1140221900004689,0.0996937689997139,0.1278960239997104,2.1504185639079663,2.8515785102290274,4.412527620310156,1.0289670329670317,2.730855327281415
156.46551684599945,2.46,3.0500000000000003,4.53,0.0203242499992484,0.0061208139995869,0.0342412569998487,2.195335965177084,2.8408449447303528,4.391901638242824,1.0422087912087912,2.6964908982322027
156.51565954600028,2.46,3.0500000000000003,4.53,0.0704669500000818,0.0562635140004204,0.0843839570006821,2.195335965177084,2.8408449447303528,4.391901638242824,1.0422087912087912,2.6964908982322027
156.56599624299997,2.46,3.0500000000000003,4.53,0.120803646999775,0.1066002110001136,0.1347206540003753,2.195335965177084,2.8408449447303528,4.391901638242824,1.0422087912087912,2.6964908982322027
156.61634775499988,2.44,3.01,4.53,0.0274817930003337,0.0128705999995872,0.0413146529999721,2.1729012862990347,2.797856322258168,4.391901638242824,1.015571428571429,2.693882298136646
156.6666742739999,2.44,3.01,4.53,0.077808312000343,0.0631971189995965,0.0916411719999814,2.1729012862990347,2.797856322258168,4.391901638242824,1.015571428571429,2.693882298136646
156.71700932000022,2.44,3.01,4.53,0.1281433580006705,0.1135321649999241,0.141976218000309,2.1729012862990347,2.797856322258168,4.391901638242824,1.015571428571429,2.693882298136646
156.76737088699974,2.49,3.01,4.510000000000001,0.0342054379998444,0.0200912929994956,0.0481693499996254,2.228901074520805,2.797856322258168,4.371269838387926,1.03543956043956,2.6573275203057816
156.81769654599975,2.49,3.01,4.510000000000001,0.0845310969998536,0.0704169519995048,0.0984950089996345,2.228901074520805,2.797856322258168,4.371269838387926,1.03543956043956,2.6573275203057816
156.86782239100012,2.49,3.01,4.470000000000001,0.1346569420002197,0.1205427969998709,0.00461964599981,2.228901074520805,2.797856322258168,4.329988452640492,1.0749120879120873,2.637934495938844
156.91813443799947,2.51,2.97,4.470000000000001,0.0408915439993506,0.026751241999591,0.0549316929991618,2.251221890440833,2.7547776679797598,4.329988452640492,1.048626373626373,2.6139792164357383
156.9682774570001,2.51,2.97,4.470000000000001,0.0910345629999938,0.0768942610002341,0.105074711999805,2.251221890440833,2.7547776679797598,4.329988452640492,1.048626373626373,2.6139792164357383
157.01840647599963,2.51,2.97,4.49,0.1411635819995353,0.1270232799997757,0.0115864780000265,2.251221890440833,2.7547776679797598,4.350632137977193,1.0289340659340656,2.6236541328236984
157.06873016099962,2.56,2.88,4.49,0.0477915980000034,0.0336971429996992,0.0619101629999931,2.306837662255409,2.6574988240825244,4.350632137977193,0.9710769230769224,2.5672969899665556
157.11904832100026,2.56,2.88,4.49,0.0981097580006462,0.0840153030003421,0.112228323000636,2.306837662255409,2.6574988240825244,4.350632137977193,0.9710769230769224,2.5672969899665556
157.16918954099947,2.62,2.88,4.49,0.0037883400000282,0.1341565229995467,0.0180797829998482,2.3732467212660384,2.6574988240825244,4.350632137977193,0.9710769230769224,2.533514381270903
157.2194828239999,2.62,2.89,4.49,0.0540816230004566,0.0401531030001933,0.0683730660002766,2.3732467212660384,2.6683328128252666,4.350632137977193,0.9774175824175817,2.5366709268991876
157.2698189140001,2.62,2.89,4.49,0.1044177130006573,0.0904891930003941,0.1187091560004773,2.3732467212660384,2.6683328128252666,4.350632137977193,0.9774175824175817,2.5366709268991876
157.3201038899997,2.66,2.89,4.45,0.0109362229995895,0.1407741689999966,0.0249784709994855,2.4173332414046684,2.6683328128252666,4.3093386963663,1.016714285714285,2.4944077639751554
157.37024535199998,2.66,2.87,4.45,0.0610776849998728,0.0471482120001383,0.0751199329997689,2.4173332414046684,2.646658270347723,4.3093386963663,1.0040549450549445,2.4881056139512663
157.4205233599996,2.66,2.87,4.45,0.1113556929994956,0.097426219999761,0.1253979409993917,2.4173332414046684,2.646658270347723,4.3093386963663,1.0040549450549445,2.4881056139512663
157.47058278500026,2.67,2.83,4.430000000000001,0.0173107640002854,0.0033626550002736,0.0311735690002024,2.428332761381768,2.6032287644385,4.288682781460993,0.9985164835164831,2.460250597228858
157.52069215499978,2.67,2.83,4.430000000000001,0.0674201339998035,0.0534720249997917,0.0812829389997205,2.428332761381768,2.6032287644385,4.288682781460993,0.9985164835164831,2.460250597228858
157.57083176000015,2.67,2.83,4.430000000000001,0.1175597390001712,0.1036116300001595,0.1314225440000882,2.428332761381768,2.6032287644385,4.288682781460993,0.9985164835164831,2.460250597228858
157.621161391,2.69,2.8200000000000003,4.380000000000001,0.0239037020000978,0.0099734030000036,0.0377950580004835,2.4503061033266844,2.5923541424735936,4.237015459023015,1.0407142857142848,2.4217251552795034
157.6714629349999,2.69,2.8200000000000003,4.380000000000001,0.0742052460000195,0.0602749469999253,0.0880966020004052,2.4503061033266844,2.5923541424735936,4.237015459023015,1.0407142857142848,2.4217251552795034
157.7218107409999,2.69,2.8200000000000003,4.380000000000001,0.1245530520000102,0.1106227529999159,0.1384444080003959,2.4503061033266844,2.5923541424735936,4.237015459023015,1.0407142857142848,2.4217251552795034
157.77209774499988,2.7,2.77,4.430000000000001,0.0311060479998559,0.0169467149999036,0.0449630160001106,2.4612801547162406,2.53787312527636,4.288682781460993,0.9615934065934062,2.4243584567606304
157.82242687500002,2.7,2.77,4.430000000000001,0.0814351779999924,0.0672758450000401,0.0952921460002471,2.4612801547162406,2.53787312527636,4.288682781460993,0.9615934065934062,2.4243584567606304
157.87253588899966,2.7,2.77,4.36,0.1315441919996374,0.1173848589996851,0.0012032939994242,2.4612801547162406,2.53787312527636,4.216337273036872,1.0292087912087906,2.391138724319159
157.9228556019998,2.73,2.75,4.36,0.0376618339996639,0.0237521970002489,0.0515230069995595,2.4941531628991838,2.516028616689405,4.216337273036872,1.0170769230769225,2.3673926421404685
157.97319040099956,2.73,2.75,4.36,0.0879966329994204,0.0740869960000054,0.101857805999316,2.4941531628991838,2.516028616689405,4.216337273036872,1.0170769230769225,2.3673926421404685
158.0234886829994,2.73,2.75,4.340000000000001,0.1382949149992782,0.1243852779998633,0.0082460189996709,2.4941531628991838,2.516028616689405,4.195652511826975,1.0361978021978013,2.3579984710941235
158.07380543,2.79,2.7,4.340000000000001,0.0446368869997968,0.0309008439999161,0.0585627660002501,2.559687480924185,2.4612801547162406,4.195652511826975,1.006252747252746,2.3070910415671286
158.12414454499958,2.79,2.7,4.340000000000001,0.0949760019993846,0.0812399589995038,0.1089018809998378,2.559687480924185,2.4612801547162406,4.195652511826975,1.006252747252746,2.3070910415671286
158.17446032099997,2.79,2.7,4.32,0.0013026229999013,0.1315557349998926,0.0155024120003872,2.559687480924185,2.4612801547162406,4.174961077662881,1.0252857142857135,2.2977400621118016
158.22480796699983,2.79,2.7,4.32,0.0516502689997651,0.037779643000249,0.065850058000251,2.559687480924185,2.4612801547162406,4.174961077662881,1.0252857142857135,2.2977400621118016
158.2749237150001,2.79,2.7,4.32,0.1017660170000454,0.0878953910005293,0.1159658060005313,2.559687480924185,2.4612801547162406,4.174961077662881,1.0252857142857135,2.2977400621118016
158.3252489409997,2.83,2.7,4.32,0.008156658000189,0.1382206170001154,0.0220713210001122,2.6032287644385,2.4612801547162406,4.174961077662881,1.0252857142857135,2.273305279503106
158.37558390399954,2.83,2.62,4.32,0.0584916210000301,0.0441500669994638,0.0724062839999533,2.6032287644385,2.3732467212660384,4.174961077662881,0.9785164835164828,2.2500223363592933
158.4259140719996,2.83,2.62,4.32,0.1088217890001033,0.094480234999537,0.1227364520000264,2.6032287644385,2.3732467212660384,4.174961077662881,0.9785164835164828,2.2500223363592933
158.47625974099992,2.83,2.62,4.32,0.159167458000411,0.1448259039998447,0.1730821210003341,2.6032287644385,2.3732467212660384,4.174961077662881,0.9785164835164828,2.2500223363592933
158.5265773479996,2.83,2.62,4.32,0.2094850650000808,0.1951435109995145,0.2233997280000039,2.6032287644385,2.3732467212660384,4.174961077662881,0.9785164835164828,2.2500223363592933
158.57690701999945,2.83,2.62,4.32,0.2598147369999424,0.2454731829993761,0.2737293999998655,2.6032287644385,2.3732467212660384,4.174961077662881,0.9785164835164828,2.2500223363592933
158.6272316120003,2.83,2.62,4.32,0.3101393290007763,0.2957977750002101,0.3240539920006995,2.6032287644385,2.3732467212660384,4.174961077662881,0.9785164835164828,2.2500223363592933
158.67755889,2.83,2.62,4.32,0.3604666070004896,0.3461250529999233,0.3743812700004127,2.6032287644385,2.3732467212660384,4.174961077662881,0.9785164835164828,2.2500223363592933
158.7278930169996,2.83,2.62,4.32,0.4108007340000768,0.3964591799995105,0.4247153969999999,2.6032287644385,2.3732467212660384,4.174961077662881,0.9785164835164828,2.2500223363592933
158.77823105399966,2.96,2.56,4.300000000000001,0.0292626700002074,0.0149771639999016,0.0434198479997576,2.743993440225396,2.306837662255409,4.15426287083521,0.9633076923076919,2.1418966555183947
158.82856944299965,2.96,2.56,4.300000000000001,0.0796010590001969,0.0653155529998912,0.0937582369997471,2.743993440225396,2.306837662255409,4.15426287083521,0.9633076923076919,2.1418966555183947
158.8787494070002,2.96,2.56,4.300000000000001,0.1297810230007599,0.1154955170004541,0.14393820100031,2.743993440225396,2.306837662255409,4.15426287083521,0.9633076923076919,2.1418966555183947
158.92895864000002,2.97,2.54,4.24,0.0360148449999542,0.0218956500002605,0.0492944489997171,2.7547776679797598,2.284622507111405,4.092126586507314,1.008406593406593,2.102206760630674
158.97907755100005,2.97,2.54,4.24,0.086133755999981,0.0720145610002873,0.0994133599997439,2.7547776679797598,2.284622507111405,4.092126586507314,1.008406593406593,2.102206760630674
159.02937675700014,2.97,2.54,4.220000000000001,0.1364329620000717,0.122313767000378,0.0063711560005685,2.7547776679797598,2.284622507111405,4.071400250528067,1.0269999999999988,2.093071739130435
159.07967119800014,2.99,2.51,4.220000000000001,0.0426952550005808,0.0284926310005175,0.056665597000574,2.7763285108214406,2.2512218904408337,4.071400250528067,1.0103516483516473,2.07182723363593
159.1300015500001,2.99,2.51,4.220000000000001,0.093025607000527,0.0788229830004638,0.1069959490005203,2.7763285108214406,2.2512218904408337,4.071400250528067,1.0103516483516473,2.07182723363593
159.18011383300018,2.99,2.51,4.2,0.1431378900006166,0.1289352660005533,0.0133309030006785,2.7763285108214406,2.2512218904408337,4.050666611806013,1.0288571428571427,2.0627354037267085
159.2304421560002,2.99,2.5,4.2,0.0495386330003384,0.0353297159999783,0.0636592260007091,2.7763285108214406,2.240066963284803,4.050666611806013,1.023351648351648,2.0599946249402774
159.28077285000018,2.99,2.5,4.2,0.0998693270003059,0.0856604099999458,0.1139899200006766,2.7763285108214406,2.240066963284803,4.050666611806013,1.023351648351648,2.0599946249402774
159.33089872999972,3.01,2.5,4.24,0.0057046450001507,0.135786289999487,0.0198754980001467,2.797856322258168,2.240066963284803,4.092126586507314,0.9862527472527467,2.0651779980888674
159.3810335319995,3.01,2.42,4.24,0.0558394469999257,0.0422421899993423,0.0700102999999217,2.797856322258168,2.1504185639079663,4.092126586507314,0.9429999999999994,2.043645652173913
159.43137366700012,3.01,2.42,4.24,0.10617958200055,0.0925823249999666,0.1203504350005459,2.797856322258168,2.1504185639079663,4.092126586507314,0.9429999999999994,2.043645652173913
159.48153605900006,3.04,2.42,4.2,0.0124043690002508,0.1427447169999141,0.026316315999793,2.830106005081788,2.1504185639079663,4.050666611806013,0.9800989010989006,2.005690539894888
159.53177796399996,3.04,2.4,4.2,0.0626462740001443,0.0489121979999254,0.0765582209996864,2.830106005081788,2.12788627515664,4.050666611806013,0.9695054945054941,2.000416865742953
159.58205563899992,3.04,2.4,4.2,0.1129239490001055,0.0991898729998865,0.1268358959996476,2.830106005081788,2.12788627515664,4.050666611806013,0.9695054945054941,2.000416865742953
159.63241687000027,3.09,2.39,4.2,0.019314578000376,0.0053906840003037,0.0332472560003225,2.8837475617675,2.1166010488516727,4.050666611806013,0.964241758241758,1.9644812231247013
159.68257126800015,3.09,2.39,4.2,0.0694689760002802,0.0555450820002079,0.0834016540002267,2.8837475617675,2.1166010488516727,4.050666611806013,0.964241758241758,1.9644812231247013
159.73286159799954,3.09,2.39,4.2,0.1197593059996506,0.1058354119995783,0.1336919839995971,2.8837475617675,2.1166010488516727,4.050666611806013,0.964241758241758,1.9644812231247013
159.78319939599987,3.17,2.41,4.180000000000001,0.0263523800003895,0.012191134999739,0.0402786980002929,2.9693096840848376,2.1391587131393504,4.029925557625104,0.9932087912087905,1.9062495938843773
159.83335928899942,3.17,2.41,4.180000000000001,0.0765122729999348,0.0623510279992842,0.0904385909998382,2.9693096840848376,2.1391587131393504,4.029925557625104,0.9932087912087905,1.9062495938843773
159.88365336599963,3.17,2.41,4.180000000000001,0.1268063500001517,0.1126451049995012,0.1407326680000551,2.9693096840848376,2.1391587131393504,4.029925557625104,0.9932087912087905,1.9062495938843773
159.93378188599945,3.17,2.37,4.130000000000001,0.0327516509996712,0.0187702149996766,0.0466726599997855,2.9693096840848376,2.093991403993818,3.978039718253201,1.0178571428571421,1.8733571428571434
159.98411457099974,3.17,2.37,4.130000000000001,0.0830843359999562,0.0691028999999616,0.0970053450000705,2.9693096840848376,2.093991403993818,3.978039718253201,1.0178571428571421,1.8733571428571434
160.0344077689997,3.17,2.37,4.130000000000001,0.1333775339999192,0.1193960979999246,0.0033267769995291,2.9693096840848376,2.093991403993818,3.978039718253201,1.0178571428571421,1.8733571428571434
160.08474308699988,3.23,2.35,4.130000000000001,0.0399254410003777,0.0258236509998823,0.0536620949997086,3.0332820508485523,2.071328076379983,3.978039718253201,1.0074835164835156,1.8264537505972296
160.13492935799968,3.23,2.35,4.130000000000001,0.0901117120001799,0.0760099219996846,0.1038483659995108,3.0332820508485523,2.071328076379983,3.978039718253201,1.0074835164835156,1.8264537505972296
160.18525604299975,3.23,2.35,4.11,0.1404383970002527,0.1263366069997573,0.0102055569996082,3.0332820508485523,2.071328076379983,3.957271787481876,1.0255934065934063,1.8175562828475877
160.23558031499942,3.24,2.3000000000000003,4.11,0.046619728999758,0.0329464979995464,0.0605298289992788,3.0439283828631707,2.0144229943087923,3.957271787481876,1.0000439560439554,1.7978044911610136
160.28590196999994,3.24,2.3000000000000003,4.11,0.0969413840002744,0.0832681530000627,0.1108514839997951,3.0439283828631707,2.0144229943087923,3.957271787481876,1.0000439560439554,1.7978044911610136
160.3362356079997,3.28,2.3000000000000003,4.11,0.0033075249993999,0.133601790999819,0.0173051379997559,3.0864704761264115,2.0144229943087923,3.957271787481876,1.0000439560439554,1.769456665074057
160.3865632520001,3.28,2.27,4.11,0.05363516899979,0.0398252479999428,0.0676327820001461,3.0864704761264115,1.980101007524616,3.957271787481876,0.9849780219780213,1.7619564500716676
160.43690685799993,3.28,2.27,4.11,0.1039787749996321,0.0901688539997849,0.1179763879999882,3.0864704761264115,1.980101007524616,3.957271787481876,0.9849780219780213,1.7619564500716676
160.4870502670001,3.33,2.27,4.07,0.0104849139997895,0.1403122629999416,0.024284211000122,3.1395541084682708,1.980101007524616,3.915711940375594,1.0209340659340658,1.7083671763019588
160.53719336599988,3.33,2.21,4.07,0.0606280129995866,0.0463327699999354,0.074427309999919,3.1395541084682708,1.9110206696946008,3.915711940375594,0.9913956043956046,1.693662159579551
160.58732221900027,3.33,2.21,4.07,0.1107568659999742,0.096461623000323,0.1245561630003067,3.1395541084682708,1.9110206696946008,3.915711940375594,0.9913956043956046,1.693662159579551
160.6376370979997,3.39,2.19,4.050000000000001,0.0167886419994829,0.0025215839996235,0.0306850520000807,3.2031234756093934,1.887855926706273,3.894919768108197,0.9995714285714273,1.636254037267081
160.6879555509995,3.39,2.19,4.050000000000001,0.0671070949993009,0.0528400369994415,0.0810035049998987,3.2031234756093934,1.887855926706273,3.894919768108197,0.9995714285714273,1.636254037267081
160.7382835569997,3.39,2.19,4.050000000000001,0.1174351009995007,0.1031680429996413,0.1313315110000985,3.2031234756093934,1.887855926706273,3.894919768108197,0.9995714285714273,1.636254037267081
160.78861004600003,3.41,2.12,4.03,0.0238030760001493,0.0095297699999719,0.0377730500003963,3.22428286600292,1.8061838223170976,3.874119254746813,0.984175824175824,1.5962418776875296
160.8389397760002,3.41,2.12,4.03,0.074132806000307,0.0598595000001296,0.088102780000554,3.22428286600292,1.8061838223170976,3.874119254746813,0.984175824175824,1.5962418776875296
160.88927603999946,3.41,2.12,4.03,0.1244690699995771,0.1101957639993997,0.1384390439998242,3.22428286600292,1.8061838223170976,3.874119254746813,0.984175824175824,1.5962418776875296
160.93960877399968,3.44,2.12,4.03,0.0308061409996298,0.0165602569995826,0.0447561179998956,3.255994471739778,1.8061838223170976,3.874119254746813,0.984175824175824,1.5739049211657912
160.98974499499946,3.44,2.12,4.03,0.0809423619994049,0.0666964779993577,0.0948923389996707,3.255994471739778,1.8061838223170976,3.874119254746813,0.984175824175824,1.5739049211657912
161.03982734700003,3.44,2.12,4.03,0.1310247139999774,0.1167788299999301,0.0010233749999315,3.255994471739778,1.8061838223170976,3.874119254746813,0.984175824175824,1.5739049211657912
161.09016293500008,3.47,2.11,4.03,0.0370742390005034,0.0231560339998395,0.0513589629999842,3.287673949770567,1.794435844492636,3.874119254746813,0.979527472527472,1.5490582417582415
161.14032303400018,3.47,2.11,4.03,0.0872343380005986,0.0733161329999347,0.1015190620000794,3.287673949770567,1.794435844492636,3.874119254746813,0.979527472527472,1.5490582417582415
161.19065041900012,3.47,2.11,4.010000000000001,0.1375617230005446,0.1236435179998807,0.007865405999837,3.287673949770567,1.794435844492636,3.853310265213535,0.9971978021978015,1.5403767319636885
161.2409841919998,3.54,2.08,4.010000000000001,0.044051197999579,0.0301476829999955,0.0581991789995299,3.3614728914569576,1.7590622501776338,3.853310265213535,0.9833846153846149,1.4801632107023415
161.29135956899972,3.54,2.08,4.010000000000001,0.0944265749994883,0.0805230599999049,0.1085745559994393,3.3614728914569576,1.7590622501776338,3.853310265213535,0.9833846153846149,1.4801632107023415
161.34146344700002,3.58,2.08,3.99,0.0004357190000519,0.1306269380002049,0.014703632000419,3.403571653425266,1.7590622501776338,3.8324926614411146,1.0009670329670333,1.4405683707596755
161.3917948039998,3.58,2.03,3.99,0.0507670759998291,0.0368737489998238,0.0650349890001962,3.403571653425266,1.6996470221784283,3.8324926614411146,0.9783846153846152,1.429326254180602
161.44213779300026,3.58,2.03,3.99,0.1011100650002845,0.0872167380002792,0.1153779780006516,3.403571653425266,1.6996470221784283,3.8324926614411146,0.9783846153846152,1.429326254180602
161.4924603319996,3.58,2.03,3.99,0.1514326039996376,0.1375392769996324,0.1657005170000047,3.403571653425266,1.6996470221784283,3.8324926614411146,0.9783846153846152,1.429326254180602
161.54279110300013,3.58,2.03,3.99,0.201763375000155,0.1878700480001498,0.2160312880005221,3.403571653425266,1.6996470221784283,3.8324926614411146,0.9783846153846152,1.429326254180602
161.5929362119996,3.58,2.03,3.99,0.2519084839996139,0.2380151569996087,0.2661763969999811,3.403571653425266,1.6996470221784283,3.8324926614411146,0.9783846153846152,1.429326254180602
161.6430279289998,3.63,2.01,3.97,0.0142106800003602,0.0002059210000879,0.028014780000376,3.4561249977395203,1.6757088052522726,3.811666302288279,0.9869999999999994,1.3771260869565216
161.69336525400013,3.63,2.01,3.97,0.0645480050006881,0.0505432460004158,0.0783521050007038,3.4561249977395203,1.6757088052522726,3.811666302288279,0.9869999999999994,1.3771260869565216
161.74345257799996,3.63,2.01,3.97,0.1146353290005208,0.1006305700002485,0.1284394290005366,3.4561249977395203,1.6757088052522726,3.811666302288279,0.9869999999999994,1.3771260869565216
161.79365993899955,3.67,1.97,3.91,0.0207657829996605,0.0069978569999875,0.0346636869999201,3.498113777452071,1.6275134408047145,3.749133233162033,1.0214615384615386,1.3111515050167222
161.84383882099974,3.67,1.97,3.91,0.0709446649998426,0.0571767390001696,0.0848425690001022,3.498113777452071,1.6275134408047145,3.749133233162033,1.0214615384615386,1.3111515050167222
161.8939695449999,3.67,1.97,3.91,0.1210753889999978,0.1073074630003247,0.1349732930002574,3.498113777452071,1.6275134408047145,3.749133233162033,1.0214615384615386,1.3111515050167222
161.94428405100007,3.72,1.95,3.89,0.0274247070001365,0.0134990570004447,0.0415996440005983,3.5505351709284616,1.6032467059064863,3.7282703764614498,1.0299890109890106,1.2582771380793119
161.99457660699954,3.72,1.95,3.89,0.077717262999613,0.0637916129999212,0.0918922000000748,3.5505351709284616,1.6032467059064863,3.7282703764614498,1.0299890109890106,1.2582771380793119
162.04479379900022,3.72,1.95,3.89,0.1279344550002861,0.1140088050005943,0.1421093920007479,3.5505351709284616,1.6032467059064863,3.7282703764614498,1.0299890109890106,1.2582771380793119
162.095116212,3.73,1.92,3.91,0.0342558490001465,0.0203218630003902,0.0483728609997342,3.561011092372502,1.566620566697629,3.749133233162033,1.0000879120879123,1.2522502866698517
162.1454493199999,3.73,1.92,3.91,0.0845889570000508,0.0706549710002946,0.0987059689996385,3.561011092372502,1.566620566697629,3.749133233162033,1.0000879120879123,1.2522502866698517
162.19578309699955,3.73,1.92,3.88,0.1349227339997014,0.1209887479999451,0.0049078579995693,3.561011092372502,1.566620566697629,3.717835391729978,1.025769230769231,1.2396329431438127
162.24611613399975,3.8,1.86,3.88,0.0414391570002408,0.0273842079996029,0.0552408949997698,3.634267464015272,1.4924811556599296,3.717835391729978,1.000846153846154,1.1699321070234117
162.2964505359996,3.8,1.86,3.88,0.0917735590001029,0.0777186099994651,0.1055752969996319,3.634267464015272,1.4924811556599296,3.717835391729978,1.000846153846154,1.1699321070234117
162.3465917349995,3.8,1.86,3.86,0.1419147579999844,0.1278598089993465,0.0117200579998097,3.634267464015272,1.4924811556599296,3.696958209122737,1.0178571428571432,1.1615745341614907
162.3969282930002,3.83,1.87,3.86,0.0481809520006208,0.0342157790000783,0.0620566160005182,3.6656240942027862,1.5049252473129688,3.696958209122737,1.0219560439560447,1.1387346392737696
162.4472689819995,3.83,1.87,3.86,0.0985216409999338,0.0845564679993913,0.1123973049998312,3.6656240942027862,1.5049252473129688,3.696958209122737,1.0219560439560447,1.1387346392737696
162.4975678869996,3.9,1.87,3.85,0.0048315419999198,0.1348553729994819,0.0187545749995479,3.73870298365623,1.5049252473129688,3.6865159703980663,1.0304285714285717,1.0757568322981366
162.54786993699963,3.9,1.83,3.85,0.0551335919999473,0.0411121379993346,0.0690566249995754,3.73870298365623,1.454922678357857,3.6865159703980663,1.0141648351648351,1.067660320114668
162.59820672099977,3.9,1.83,3.85,0.1054703760000848,0.091448921999472,0.1193934089997128,3.73870298365623,1.454922678357857,3.6865159703980663,1.0141648351648351,1.067660320114668
162.64849509499982,3.91,1.83,3.84,0.0119799849999253,0.1417372959995191,0.0259945779998815,3.749133233162033,1.454922678357857,3.676071272432024,1.0226153846153845,1.0550193979933111
162.698828177,3.91,1.79,3.84,0.0623130670001046,0.047864471000139,0.0763276600000608,3.749133233162033,1.4042791745233565,3.676071272432024,1.0067032967032965,1.0470979455327283
162.74897449699984,3.91,1.79,3.84,0.1124593869999444,0.0980107909999787,0.1264739799999006,3.749133233162033,1.4042791745233565,3.676071272432024,1.0067032967032965,1.0470979455327283
162.79910212399955,3.92,1.77,3.83,0.0183874519998425,0.0042853589993683,0.032354531999772,3.759561144601853,1.378695035169127,3.6656240942027862,1.0073076923076925,1.030551003344482
162.8493383340001,3.92,1.77,3.83,0.068623662000391,0.0545215689999167,0.0825907420003204,3.759561144601853,1.378695035169127,3.6656240942027862,1.0073076923076925,1.030551003344482
162.89955127899975,3.92,1.77,3.83,0.1188366070000483,0.1047345139995741,0.1328036869999778,3.759561144601853,1.378695035169127,3.6656240942027862,1.0073076923076925,1.030551003344482
162.94969259899972,3.93,1.77,3.81,0.0247228289999839,0.0107721399999718,0.0390957359995809,3.769986737377202,1.378695035169127,3.6447222116369855,1.024098901098901,1.0137688007644527
163.00004789000013,3.93,1.77,3.81,0.0750781200003984,0.0611274310003864,0.0894510269999955,3.769986737377202,1.378695035169127,3.6447222116369855,1.024098901098901,1.0137688007644527
163.05037473499942,3.93,1.77,3.81,0.1254049649996886,0.1114542759996766,0.1397778719992857,3.769986737377202,1.378695035169127,3.6447222116369855,1.024098901098901,1.0137688007644527
163.10048637399996,3.94,1.75,3.81,0.0316669260000708,0.0176393570000072,0.0457621030000154,3.780410030671276,1.3529227620230209,3.6447222116369855,1.016362637362637,1.001363139034878
163.15080124199994,3.94,1.75,3.81,0.0819817940000575,0.067954224999994,0.0960769710000022,3.780410030671276,1.3529227620230209,3.6447222116369855,1.016362637362637,1.001363139034878
163.2009443750003,3.94,1.75,3.8,0.1321249270004045,0.118097358000341,0.0022470960002465,3.780410030671276,1.3529227620230209,3.634267464015272,1.024725274725275,0.9972545389393213
163.2513377409996,3.97,1.79,3.8,0.0384121619999859,0.0245253919993047,0.0526404619995446,3.811666302288279,1.4042791745233565,3.634267464015272,1.0402857142857145,0.9792074534161482
163.3016316889998,3.97,1.79,3.8,0.0887061100002029,0.0748193399995216,0.1029344099997615,3.811666302288279,1.4042791745233565,3.634267464015272,1.0402857142857145,0.9792074534161482
163.3519700300003,3.97,1.79,3.8,0.1390444510007,0.1251576810000187,0.0093595670005015,3.811666302288279,1.4042791745233565,3.634267464015272,1.0402857142857145,0.9792074534161482
163.402336913,3.97,1.7400000000000002,3.8,0.045460649999768,0.0315566999997827,0.0597264500001983,3.811666302288279,1.339962686047638,3.634267464015272,1.0208901098901102,0.969551815575728
163.45266217799963,3.97,1.7400000000000002,3.8,0.0957859149993964,0.0818819649994111,0.1100517149998268,3.811666302288279,1.339962686047638,3.634267464015272,1.0208901098901102,0.969551815575728
163.50296119199993,3.96,1.7400000000000002,3.79,0.0021319710003808,0.1321809789997132,0.0160578040004111,3.801249794475496,1.339962686047638,3.623810149552539,1.0292307692307696,0.9740735785953173
163.5532526199995,3.96,1.73,3.79,0.0524233989999629,0.0385303759994712,0.0663492319999932,3.801249794475496,1.3269513932318695,3.623810149552539,1.0254175824175829,0.9721752747252742
163.60358998999982,3.96,1.73,3.79,0.1027607690002696,0.0888677459997779,0.1166866020002999,3.801249794475496,1.3269513932318695,3.623810149552539,1.0254175824175829,0.9721752747252742
163.65390582100008,3.98,1.73,3.83,0.009134394999819,0.1391835770000398,0.0230199240004367,3.8220805852310336,1.3269513932318695,3.6656240942027862,0.991923076923077,0.9713704013377922
163.70423255199967,3.98,1.77,3.83,0.0594611259994053,0.0455427930000951,0.073346655000023,3.8220805852310336,1.378695035169127,3.6656240942027862,1.0073076923076925,0.9790292642140463
163.75455835499997,3.98,1.77,3.83,0.1097869289997106,0.0958685960004004,0.1236724580003283,3.8220805852310336,1.378695035169127,3.6656240942027862,1.0073076923076925,0.9790292642140463
163.8048932699994,3.95,1.7799999999999998,3.78,0.0161521959998935,0.0022285939994617,0.0300936889998411,3.7908310434520818,1.391509971218316,3.613350245962879,1.053021978021978,0.9862870281892021
163.8552172970003,3.95,1.7799999999999998,3.78,0.0664762230007909,0.052552621000359,0.0804177160007384,3.7908310434520818,1.391509971218316,3.613350245962879,1.053021978021978,0.9862870281892021
163.90538322999964,3.95,1.7799999999999998,3.78,0.1166421560001254,0.1027185539996935,0.1305836490000729,3.7908310434520818,1.391509971218316,3.613350245962879,1.053021978021978,0.9862870281892021
163.95550481899954,3.94,1.84,3.81,0.0229311839993897,0.0088036050001392,0.0367942719994971,3.780410030671276,1.4674808346278323,3.6447222116369855,1.0518681318681318,1.0190387004300046
164.00579514399942,3.94,1.84,3.81,0.0732215089992678,0.0590939300000172,0.0870845969993752,3.780410030671276,1.4674808346278323,3.6447222116369855,1.0518681318681318,1.0190387004300046
164.05613568900026,3.94,1.84,3.81,0.1235620540001036,0.1094344750008531,0.137425142000211,3.780410030671276,1.4674808346278323,3.6447222116369855,1.0518681318681318,1.0190387004300046
164.1062785819995,3.98,1.81,3.78,0.0295599459996083,0.0159891839994088,0.0437035389995799,3.8220805852310336,1.4296852800529212,3.613350245962879,1.0648571428571427,0.9663201863354036
164.15636730000006,3.98,1.81,3.78,0.0796486640001603,0.0660779019999608,0.0937922570001319,3.8220805852310336,1.4296852800529212,3.613350245962879,1.0648571428571427,0.9663201863354036
164.2066708350003,3.98,1.81,3.79,0.1299521990003995,0.1163814370002001,4.97090004500933e-05,3.8220805852310336,1.4296852800529212,3.623810149552539,1.0565384615384619,0.970407190635451
164.25701242000014,3.95,1.85,3.79,0.0363662079998903,0.0224334800004726,0.0503912940002919,3.7908310434520818,1.4800000000000002,3.623810149552539,1.072626373626374,1.004274868609651
164.3073826279997,3.95,1.85,3.79,0.0867364159994394,0.0728036880000218,0.1007615019998411,3.7908310434520818,1.4800000000000002,3.623810149552539,1.072626373626374,1.004274868609651
164.3577226110001,3.95,1.85,3.78,0.1370763989998522,0.1231436710004345,0.007047230000353,3.7908310434520818,1.4800000000000002,3.613350245962879,1.080945054945055,1.0001878643096034
164.4080612179996,3.93,1.83,3.78,0.0436109239999495,0.0295304309993298,0.0573858369998561,3.769986737377202,1.454922678357857,3.613350245962879,1.0728571428571427,1.0132919254658384
164.4583999509996,3.93,1.83,3.78,0.0939496569999391,0.0798691639993194,0.1077245699998457,3.769986737377202,1.454922678357857,3.613350245962879,1.0728571428571427,1.0132919254658384
164.50871579500017,3.93,1.83,3.78,0.1442655010005182,0.1301850079998985,0.1580404140004248,3.769986737377202,1.454922678357857,3.613350245962879,1.0728571428571427,1.0132919254658384
164.559042117,3.93,1.83,3.78,0.1945918230003371,0.1805113299997174,0.2083667360002437,3.769986737377202,1.454922678357857,3.613350245962879,1.0728571428571427,1.0132919254658384
164.60915776299953,3.93,1.83,3.78,0.2447074689998771,0.2306269759992574,0.2584823819997837,3.769986737377202,1.454922678357857,3.613350245962879,1.0728571428571427,1.0132919254658384
164.65948788900005,3.95,1.83,3.75,0.0069299910001063,0.2809571019997747,0.0208446840006217,3.7908310434520818,1.454922678357857,3.581954773583832,1.0976813186813181,0.983965265169613
164.70982509500027,3.95,1.9,3.75,0.0572671970003284,0.0432926330004193,0.0711818900008438,3.7908310434520818,1.5420440979427272,3.581954773583832,1.1263736263736257,0.9982490444338272
164.7601195719999,3.95,1.9,3.75,0.1075616739999532,0.093587110000044,0.1214763670004686,3.7908310434520818,1.5420440979427272,3.581954773583832,1.1263736263736257,0.9982490444338272
164.81037155099966,3.96,1.9,3.74,0.0138415860001259,0.1438390889998118,0.0277325619999828,3.801249794475496,1.5420440979427272,3.5714842852797206,1.1346043956043956,0.9856074056378402
164.86069872200005,3.96,1.9,3.74,0.064168757000516,0.0495574739998119,0.0780597330003729,3.801249794475496,1.5420440979427272,3.5714842852797206,1.1346043956043956,0.9856074056378402
164.91101900499962,3.96,1.9,3.74,0.1144890400000804,0.0998777569993762,0.1283800159999373,3.801249794475496,1.5420440979427272,3.5714842852797206,1.1346043956043956,0.9856074056378402
164.96115706699948,3.95,1.92,3.74,0.0207863429995995,0.0066910739997183,0.0345561499998439,3.7908310434520818,1.566620566697629,3.5714842852797206,1.1430000000000002,0.9983847826086955
165.0114849800002,3.95,1.92,3.74,0.0711142560003281,0.0570189870004469,0.0848840630005725,3.7908310434520818,1.566620566697629,3.5714842852797206,1.1430000000000002,0.9983847826086955
165.0616944149997,3.95,1.92,3.74,0.1213236909998158,0.1072284219999346,0.1350934980000602,3.7908310434520818,1.566620566697629,3.5714842852797206,1.1430000000000002,0.9983847826086955
165.11181550899985,3.94,1.92,3.75,0.0270465370003876,0.0131181770002513,0.0416347939999468,3.780410030671276,1.566620566697629,3.581954773583832,1.13476923076923,1.0110046822742476
165.1621700609994,3.94,1.92,3.75,0.0774010889999772,0.0634727289998409,0.0919893459995364,3.780410030671276,1.566620566697629,3.581954773583832,1.13476923076923,1.0110046822742476
165.21250724199945,3.94,1.92,3.75,0.1277382700000089,0.1138099099998726,0.1423265269995681,3.780410030671276,1.566620566697629,3.581954773583832,1.13476923076923,1.0110046822742476
165.2628240539998,3.93,1.89,3.71,0.0340847790002953,0.0201700569996319,0.0483249779999823,3.769986737377202,1.5297058540778354,3.5400564967243104,1.155,0.9971956521739128
165.31293769700005,3.93,1.89,3.71,0.0841984220005542,0.0702836999998908,0.0984386210002412,3.769986737377202,1.5297058540778354,3.5400564967243104,1.155,0.9971956521739128
165.36309689399968,3.93,1.89,3.73,0.134357619000184,0.1204428969995206,0.0045877359998485,3.769986737377202,1.5297058540778354,3.561011092372502,1.1386483516483517,1.0052292881032008
165.4134222089997,3.95,1.86,3.73,0.0409389559999908,0.0267582709993803,0.0549130509998576,3.7908310434520818,1.4924811556599296,3.561011092372502,1.1262857142857141,0.9819444099378882
165.4637419109995,3.95,1.86,3.73,0.0912586579997878,0.0770779729991772,0.1052327529996546,3.7908310434520818,1.4924811556599296,3.561011092372502,1.1262857142857141,0.9819444099378882
165.51408236899988,3.95,1.86,3.73,0.1415991160001795,0.1274184309995689,0.0113276069996572,3.7908310434520818,1.4924811556599296,3.561011092372502,1.1262857142857141,0.9819444099378882
165.56441696299953,3.96,1.86,3.73,0.0477597149993016,0.0338195690001157,0.0616622009993079,3.801249794475496,1.4924811556599296,3.561011092372502,1.1262857142857141,0.9733465838509311
165.61471228200026,3.96,1.86,3.73,0.0980550340000263,0.0841148880008404,0.1119575200000326,3.801249794475496,1.4924811556599296,3.561011092372502,1.1262857142857141,0.9733465838509311
165.6650408180003,3.93,1.86,3.73,0.004357806000371,0.1344434240008922,0.0183312770004704,3.769986737377202,1.4924811556599296,3.561011092372502,1.1262857142857141,0.9990748447204966
165.71538650799994,3.93,1.87,3.73,0.0547034960000019,0.0408330210002532,0.0686769670001012,3.769986737377202,1.5049252473129688,3.561011092372502,1.1303846153846155,1.0011153846153844
165.76568438399954,3.93,1.87,3.73,0.1050013719996059,0.0911308969998572,0.1189748429997052,3.769986737377202,1.5049252473129688,3.561011092372502,1.1303846153846155,1.0011153846153844
165.81584714099972,3.94,1.87,3.72,0.0112549949999447,0.1412936540000373,0.0251612149995708,3.780410030671276,1.5049252473129688,3.550535170928461,1.1385714285714288,0.9885388198757765
165.8659617650001,3.94,1.88,3.72,0.0613696190002883,0.0474116539999158,0.0752758389999144,3.780410030671276,1.517333186877556,3.550535170928461,1.1426923076923077,0.9905903010033443
165.91624920599952,3.94,1.88,3.72,0.111657059999743,0.0976990949993705,0.1255632799993691,3.780410030671276,1.517333186877556,3.550535170928461,1.1426923076923077,0.9905903010033443
165.96639558399966,3.93,1.86,3.73,0.017825867999818,0.0040602019998914,0.0317761629994493,3.769986737377202,1.4924811556599296,3.561011092372502,1.1262857142857141,0.9990748447204966
166.01658084100018,3.93,1.86,3.73,0.0680111250003392,0.0542454590004126,0.0819614199999705,3.769986737377202,1.4924811556599296,3.561011092372502,1.1262857142857141,0.9990748447204966
166.0668041050003,3.93,1.86,3.73,0.1182343890004631,0.1044687230005365,0.1321846840000944,3.769986737377202,1.4924811556599296,3.561011092372502,1.1262857142857141,0.9990748447204966
166.11695198799953,3.96,1.86,3.76,0.0243841799992878,0.010496996999791,0.0383578339997257,3.801249794475496,1.4924811556599296,3.592422580933373,1.1015934065934068,0.9854780219780214
166.16727957500007,3.96,1.86,3.76,0.074711766999826,0.0608245840003291,0.0886854210002638,3.801249794475496,1.4924811556599296,3.592422580933373,1.1015934065934068,0.9854780219780214
166.2175914290001,3.96,1.86,3.76,0.1250236209998547,0.1111364380003578,0.1389972750002925,3.801249794475496,1.4924811556599296,3.592422580933373,1.1015934065934068,0.9854780219780214
166.26793275799992,3.94,1.84,3.74,0.0314275769997038,0.0175025529997583,0.0453560149999248,3.780410030671276,1.4674808346278323,3.5714842852797206,1.1099450549450551,0.990505255613951
166.31827380199957,3.94,1.84,3.74,0.0817686209993553,0.0678435969994097,0.0956970589995762,3.780410030671276,1.4674808346278323,3.5714842852797206,1.1099450549450551,0.990505255613951
166.36854819699963,3.94,1.84,3.75,0.132043015999443,0.1181179919994974,0.0020486969997364,3.780410030671276,1.4674808346278323,3.581954773583832,1.1017142857142852,0.9945490683229814
166.41888560299958,3.93,1.81,3.75,0.0384011380001538,0.0244565559996772,0.0523861029996624,3.769986737377202,1.4296852800529212,3.581954773583832,1.0896813186813181,0.9971130912565699
166.46923602900006,3.93,1.81,3.75,0.0887515640006313,0.0748069820001546,0.1027365290001398,3.769986737377202,1.4296852800529212,3.581954773583832,1.0896813186813181,0.9971130912565699
166.5193592249998,3.93,1.81,3.73,0.1388747600003625,0.1249301779998859,0.0088117360000978,3.769986737377202,1.4296852800529212,3.561011092372502,1.1061208791208792,0.9890362637362637
166.56968329200026,3.94,1.84,3.73,0.0452441390007152,0.0312150660001861,0.0591358030005721,3.780410030671276,1.4674808346278323,3.561011092372502,1.118153846153846,0.9864722408026753
166.61998506599957,3.94,1.84,3.73,0.0955459130000235,0.0815168399994945,0.1094375769998805,3.780410030671276,1.4674808346278323,3.561011092372502,1.118153846153846,0.9864722408026753
166.67012579499988,3.93,1.84,3.75,0.0017200510001202,0.1316575689997989,0.0157649450002281,3.769986737377202,1.4674808346278323,3.581954773583832,1.1017142857142852,1.0031034161490688
166.72026939900024,3.93,1.84,3.75,0.0518636550004885,0.0376368580000416,0.0659085490005964,3.769986737377202,1.4674808346278323,3.581954773583832,1.1017142857142852,1.0031034161490688
166.77060441499998,3.93,1.84,3.75,0.1021986710002238,0.087971873999777,0.1162435650003317,3.769986737377202,1.4674808346278323,3.581954773583832,1.1017142857142852,1.0031034161490688
166.82074730400018,3.95,1.84,3.73,0.0083055479999529,0.1381147629999759,0.0223218250002901,3.7908310434520818,1.4674808346278323,3.561011092372502,1.118153846153846,0.9778961538461536
166.8711176249999,3.95,1.83,3.73,0.0586758689996713,0.0444567570002618,0.0726921460000085,3.7908310434520818,1.454922678357857,3.561011092372502,1.1141208791208792,0.9758884376493069
166.9214333179998,3.95,1.83,3.73,0.1089915619995736,0.0947724500001641,0.1230078389999107,3.7908310434520818,1.454922678357857,3.561011092372502,1.1141208791208792,0.9758884376493069
166.97162144399954,3.95,1.82,3.73,0.0152209039997615,0.0010368029998062,0.0292063639999469,3.7908310434520818,1.4423245127224316,3.561011092372502,1.11010989010989,0.9738916626851408
167.02171170699967,3.95,1.82,3.73,0.0653111669998907,0.0511270659999354,0.0792966270000761,3.7908310434520818,1.4423245127224316,3.561011092372502,1.11010989010989,0.9738916626851408
167.0720300920002,3.95,1.82,3.73,0.1156295520004278,0.1014454510004725,0.1296150120006132,3.7908310434520818,1.4423245127224316,3.561011092372502,1.11010989010989,0.9738916626851408
167.12236439800017,3.93,1.87,3.72,0.0217554179998842,0.0078070790004858,0.0359615120005401,3.769986737377202,1.5049252473129688,3.550535170928461,1.1385714285714288,0.9970931677018632
167.1725757969998,3.93,1.87,3.72,0.0719668169995202,0.0580184780001218,0.0861729110001761,3.769986737377202,1.5049252473129688,3.550535170928461,1.1385714285714288,0.9970931677018632
167.2228149729999,3.93,1.87,3.72,0.1222059929996248,0.1082576540002264,0.1364120870002807,3.769986737377202,1.5049252473129688,3.550535170928461,1.1385714285714288,0.9970931677018632
167.2731427839999,3.93,1.86,3.74,0.0284988680004971,0.0147365270004229,0.0430870090003736,3.769986737377202,1.4924811556599296,3.5714842852797206,1.1180769230769232,1.0031078595317722
167.32346937500006,3.93,1.86,3.74,0.0788254590006545,0.0650631180005802,0.093413600000531,3.769986737377202,1.4924811556599296,3.5714842852797206,1.1180769230769232,1.0031078595317722
167.3738055519998,3.93,1.86,3.74,0.12916163600039,0.1153992950003157,0.1437497770002664,3.769986737377202,1.4924811556599296,3.5714842852797206,1.1180769230769232,1.0031078595317722
167.42410090799967,3.93,1.84,3.74,0.0355398649999187,0.0216055029995914,0.0498142149999694,3.769986737377202,1.4674808346278323,3.5714842852797206,1.1099450549450551,0.9990596034400383
167.47444229200028,3.93,1.84,3.74,0.085881249000522,0.0719468870001946,0.1001555990005726,3.769986737377202,1.4674808346278323,3.5714842852797206,1.1099450549450551,0.9990596034400383
167.5245841420001,3.93,1.84,3.74,0.1360230990003401,0.1220887370000127,0.1502974490003907,3.769986737377202,1.4674808346278323,3.5714842852797206,1.1099450549450551,0.9990596034400383
167.57492133399955,3.93,1.84,3.74,0.1863602909998007,0.1724259289994734,0.2006346409998514,3.769986737377202,1.4674808346278323,3.5714842852797206,1.1099450549450551,0.9990596034400383
167.62525257699963,3.93,1.84,3.74,0.236691533999874,0.2227571719995467,0.2509658839999247,3.769986737377202,1.4674808346278323,3.5714842852797206,1.1099450549450551,0.9990596034400383
167.6755690989994,3.93,1.84,3.76,0.2870080559996495,0.2730736939993221,0.0129860059996644,3.769986737377202,1.4674808346278323,3.592422580933373,1.0934615384615385,1.0071580267558529
167.725906011,3.96,1.81,3.76,0.0493604490002326,0.0354776900003344,0.0633229180002672,3.801249794475496,1.4296852800529212,3.592422580933373,1.0814285714285716,0.9754394409937884
167.7762042229997,3.96,1.81,3.76,0.0996586609999212,0.085775902000023,0.1136211299999558,3.801249794475496,1.4296852800529212,3.592422580933373,1.0814285714285716,0.9754394409937884
167.8265509820003,3.95,1.81,3.74,0.006097175000832,0.1361226610006269,0.0200050110006486,3.7908310434520818,1.4296852800529212,3.5714842852797206,1.097912087912088,0.9759388437649305
167.87687407399972,3.95,1.85,3.74,0.0564202670002487,0.0428211529997497,0.0703281030000653,3.7908310434520818,1.4800000000000002,3.5714842852797206,1.1140000000000003,0.9839478260869563
167.92715595899972,3.95,1.85,3.74,0.1067021520002526,0.0931030379997537,0.1206099880000692,3.7908310434520818,1.4800000000000002,3.5714842852797206,1.1140000000000003,0.9839478260869563
167.97749810299956,3.92,1.85,3.71,0.0130414509994807,0.1434451819995956,0.0267678669997621,3.759561144601853,1.4800000000000002,3.5400564967243104,1.1385604395604396,0.997544218824654
168.02782140599993,3.92,1.84,3.71,0.0633647539998492,0.0494333510005162,0.0770911700001306,3.759561144601853,1.4674808346278323,3.5400564967243104,1.1345054945054944,0.9955255613951266
168.07814279000013,3.92,1.84,3.71,0.1136861380000482,0.0997547350007153,0.1274125540003297,3.759561144601853,1.4674808346278323,3.5400564967243104,1.1345054945054944,0.9955255613951266
168.1284742150001,3.94,1.87,3.73,0.0200930480004899,0.006145660000584,0.0339971809999042,3.780410030671276,1.5049252473129688,3.561011092372502,1.1303846153846155,0.9925610367892977
168.17879887300023,3.94,1.87,3.73,0.0704177060006259,0.05647031800072,0.0843218390000402,3.780410030671276,1.5049252473129688,3.561011092372502,1.1303846153846155,0.9925610367892977
168.22913724799946,3.94,1.87,3.73,0.120756080999854,0.1068086929999481,0.1346602139992683,3.780410030671276,1.5049252473129688,3.561011092372502,1.1303846153846155,0.9925610367892977
168.27946680500008,3.93,1.87,3.76,0.0271214340000369,0.0131801400002586,0.0410889120003048,3.769986737377202,1.5049252473129688,3.592422580933373,1.105692307692308,1.0132468227424747
168.32962349599984,3.93,1.87,3.76,0.0772781249997933,0.063336831000015,0.0912456030000612,3.769986737377202,1.5049252473129688,3.592422580933373,1.105692307692308,1.0132468227424747
168.37996391999968,3.93,1.87,3.76,0.1276185489996351,0.1136772549998568,0.1415860269999029,3.769986737377202,1.5049252473129688,3.592422580933373,1.105692307692308,1.0132468227424747
168.43009530899965,3.95,1.86,3.74,0.0338121859995226,0.0198744760000408,0.0477147129995501,3.7908310434520818,1.4924811556599296,3.5714842852797206,1.1180769230769232,0.9859774247491639
168.48039424299986,3.95,1.86,3.74,0.0841111199997612,0.0701734100002795,0.0980136469997887,3.7908310434520818,1.4924811556599296,3.5714842852797206,1.1180769230769232,0.9859774247491639
168.53073365,3.95,1.86,3.72,0.134450526999899,0.1205128170004172,0.0043696909997379,3.7908310434520818,1.4924811556599296,3.550535170928461,1.1344725274725274,0.9779221930243671
168.58106165200024,3.96,1.86,3.72,0.0410229180006354,0.0268821540003045,0.05469769299998,3.801249794475496,1.4924811556599296,3.550535170928461,1.1344725274725274,0.96932436693741
168.6312235360001,3.96,1.86,3.72,0.0911848020004981,0.0770440380001673,0.1048595769998428,3.801249794475496,1.4924811556599296,3.550535170928461,1.1344725274725274,0.96932436693741
168.68136699200022,3.96,1.86,3.69,0.1413282580006125,0.1271874940002817,0.0110420520004481,3.801249794475496,1.4924811556599296,3.519090791667643,1.158901098901099,0.9573225035833726
168.7316620639995,3.93,1.87,3.69,0.0473934919991734,0.0332994679993134,0.0613371239996922,3.769986737377202,1.5049252473129688,3.519090791667643,1.1630000000000003,0.9850913043478258
168.78195256100025,3.93,1.87,3.69,0.097683988999961,0.083589965000101,0.1116276210004798,3.769986737377202,1.5049252473129688,3.519090791667643,1.1630000000000003,0.9850913043478258
168.83234239400008,3.92,1.87,3.66,0.0041567380003471,0.1339797979999275,0.0180740189998687,3.759561144601853,1.5049252473129688,3.4876209656440587,1.1872307692307695,0.9817192307692311
168.8824611479995,3.92,1.88,3.66,0.0542754919997605,0.0402191949997359,0.0681927729992821,3.759561144601853,1.517333186877556,3.4876209656440587,1.1913516483516486,0.9837707118967989
168.93279325999993,3.92,1.88,3.66,0.1046076040001935,0.0905513070001688,0.1185248849997151,3.759561144601853,1.517333186877556,3.4876209656440587,1.1913516483516486,0.9837707118967989
168.98293807899972,3.96,1.88,3.65,0.0110254490000443,0.1406961259999661,0.024992081000164,3.801249794475496,1.517333186877556,3.477125249397841,1.1993846153846155,0.9455632107023408
169.03306458299994,3.96,1.92,3.65,0.0611519530002624,0.0466027459997349,0.0751185850003821,3.801249794475496,1.566620566697629,3.477125249397841,1.216087912087912,0.9538785475394167
169.08338978899974,3.96,1.92,3.65,0.11147715900006,0.0969279519995325,0.1254437910001797,3.801249794475496,1.566620566697629,3.477125249397841,1.216087912087912,0.9538785475394167
169.13351246799994,3.96,1.95,3.67,0.017025437000484,0.0032599100004517,0.0312494689997038,3.801249794475496,1.6032467059064863,3.498113777452071,1.2127582417582417,0.9681339942666026
169.18372017399997,3.96,1.95,3.67,0.0672331430005215,0.0534676160004892,0.0814571749997412,3.801249794475496,1.6032467059064863,3.498113777452071,1.2127582417582417,0.9681339942666026
169.23405816800005,3.96,1.95,3.67,0.1175711370005956,0.1038056100005633,0.1317951689998153,3.801249794475496,1.6032467059064863,3.498113777452071,1.2127582417582417,0.9681339942666026
169.2844246679997,3.96,1.92,3.68,0.0239753229998314,0.0100560470000345,0.0382522609997977,3.801249794475496,1.566620566697629,3.5086037108798704,1.1919230769230769,0.965750836120401
169.33473956499984,3.96,1.92,3.68,0.0742902199999662,0.0603709440001694,0.0885671579999325,3.801249794475496,1.566620566697629,3.5086037108798704,1.1919230769230769,0.965750836120401
169.38487548800003,3.96,1.92,3.68,0.1244261430001643,0.1105068670003674,0.1387030810001306,3.801249794475496,1.566620566697629,3.5086037108798704,1.1919230769230769,0.965750836120401
169.43520713999987,3.89,1.95,3.66,0.0307313459998113,0.0168534670001463,0.0450687700003982,3.7282703764614498,1.6032467059064863,3.4876209656440587,1.220813186813187,1.0239048256091732
169.48550642899954,3.89,1.95,3.66,0.0810306349994789,0.0671527559998139,0.0953680590000658,3.7282703764614498,1.6032467059064863,3.4876209656440587,1.220813186813187,1.0239048256091732
169.53576308099946,3.89,1.95,3.65,0.1312872869993953,0.1174094079997303,0.0012896429998363,3.7282703764614498,1.6032467059064863,3.477125249397841,1.2288461538461537,1.0199581939799327
169.58587168400027,3.91,2.04,3.65,0.0374362259999543,0.0236058280006545,0.0513982460006445,3.749133233162033,1.7115782190715094,3.477125249397841,1.2683076923076924,1.0226466555183946
169.63620242999968,3.91,2.04,3.65,0.0877669719993718,0.0739365740000721,0.1017289920000621,3.749133233162033,1.7115782190715094,3.477125249397841,1.2683076923076924,1.0226466555183946
169.68653599200024,3.91,2.04,3.59,0.1381005339999319,0.1242701360006321,0.0081104650007546,3.749133233162033,1.7115782190715094,3.4140884581393025,1.3160439560439556,0.9991936215957957
169.73687409899958,3.91,2.33,3.59,0.0445131179994859,0.030869798999447,0.0584485720000884,3.749133233162033,2.0486092843683004,3.4140884581393025,1.455307692307692,1.0685227424749164
169.7872050799997,3.91,2.33,3.59,0.0948440989996015,0.0812007799995626,0.108779553000204,3.749133233162033,2.0486092843683004,3.4140884581393025,1.455307692307692,1.0685227424749164
169.83733014300014,3.9,2.33,3.57,0.0012316380007177,0.1313258430000132,0.0151365720003013,3.73870298365623,2.0486092843683004,3.393051723743686,1.4710439560439559,1.0692805781175345
169.88746925800024,3.9,2.1,3.57,0.0513707530008105,0.0374649260002115,0.0652756870003941,3.73870298365623,1.7826665420094696,3.393051723743686,1.3590769230769228,1.0135404682274247
169.93760618600027,3.9,2.1,3.57,0.1015076810008395,0.0876018540002405,0.1154126150004231,3.73870298365623,1.7826665420094696,3.393051723743686,1.3590769230769228,1.0135404682274247
169.98789706299976,3.92,2.1,3.57,0.0076535349999176,0.1378927309997379,0.0217072779996669,3.759561144601853,1.7826665420094696,3.393051723743686,1.3590769230769228,0.9965404682274251
170.03823165199992,3.92,2.1,3.57,0.0579881240000759,0.0440818970000691,0.0720418669998252,3.759561144601853,1.7826665420094696,3.393051723743686,1.3590769230769228,0.9965404682274251
170.08856965799987,3.92,2.1,3.57,0.1083261300000231,0.0944199030000163,0.1223798729997724,3.759561144601853,1.7826665420094696,3.393051723743686,1.3590769230769228,0.9965404682274251
170.13889690799988,3.91,2.13,3.53,0.0146797879997393,0.0007172859995989,0.0288162180004292,3.749133233162033,1.8179108889051736,3.3509401665801195,1.404230769230769,0.9966605351170569
170.18922897499942,3.91,2.13,3.53,0.0650118549992839,0.0510493529991435,0.0791482849999738,3.749133233162033,1.8179108889051736,3.3509401665801195,1.404230769230769,0.9966605351170569
170.2395157989995,3.91,2.13,3.53,0.1152986789993519,0.1013361769992116,0.1294351090000418,3.749133233162033,1.8179108889051736,3.3509401665801195,1.404230769230769,0.9966605351170569
170.28963639999984,3.87,2.16,3.48,0.0216029639996122,0.0074911889996656,0.0353767130000051,3.7073980093860976,1.8529705880018712,3.2982267963255647,1.4568901098901101,1.018603989488772
170.33977243000027,3.87,2.16,3.48,0.071738994000043,0.0576272190000963,0.0855127430004358,3.7073980093860976,1.8529705880018712,3.2982267963255647,1.4568901098901101,1.018603989488772
170.3899119789994,3.87,2.16,3.48,0.1218785429991839,0.1077667679992373,0.1356522919995768,3.7073980093860976,1.8529705880018712,3.2982267963255647,1.4568901098901101,1.018603989488772
170.44025234899982,3.93,2.16,3.47,0.0280862979998346,0.0142002940001475,0.0423149259995625,3.769986737377202,1.8529705880018712,3.2876739497705665,1.4645274725274726,0.9639821548017201
170.49058082400006,3.93,2.16,3.47,0.0784147730000768,0.0645287690003897,0.0926434009998047,3.769986737377202,1.8529705880018712,3.2876739497705665,1.4645274725274726,0.9639821548017201
170.54070787299952,3.93,2.16,3.47,0.1285418219995335,0.1146558179998464,0.1427704499992614,3.769986737377202,1.8529705880018712,3.2876739497705665,1.4645274725274726,0.9639821548017201
170.5908443669996,3.93,2.16,3.47,0.1786783159996048,0.1647923119999177,0.1929069439993327,3.769986737377202,1.8529705880018712,3.2876739497705665,1.4645274725274726,0.9639821548017201
170.6411693709997,3.93,2.16,3.47,0.2290033199997196,0.2151173160000326,0.2432319479994475,3.769986737377202,1.8529705880018712,3.2876739497705665,1.4645274725274726,0.9639821548017201
170.69150128899946,3.93,2.16,3.4,0.2793352379994758,0.2654492339997887,0.0053396280000015,3.769986737377202,1.8529705880018712,3.213705026912084,1.5173736263736264,0.9380186096512185
170.74184517599952,3.88,2.15,3.4,0.0420126349999918,0.0274737370000366,0.0556835150000551,3.717835391729978,1.8413038858374249,3.213705026912084,1.5126373626373624,0.9781064261825132
170.79217191999942,3.88,2.15,3.4,0.0923393789998954,0.0778004809999401,0.1060102589999587,3.717835391729978,1.8413038858374249,3.213705026912084,1.5126373626373624,0.9781064261825132
170.84249764699962,3.88,2.15,3.4,0.1426651060000949,0.1281262080001397,0.0124868980001338,3.717835391729978,1.8413038858374249,3.213705026912084,1.5126373626373624,0.9781064261825132
170.89284689499982,3.86,2.28,3.4,0.048983403999955,0.0345008960002815,0.0628361460003361,3.696958209122737,1.9915571796963305,3.213705026912084,1.575923076923077,1.0264377926421413
170.94298867999987,3.86,2.28,3.4,0.0991251890000057,0.0846426810003322,0.1129779310003868,3.696958209122737,1.9915571796963305,3.213705026912084,1.575923076923077,1.0264377926421413
170.9930706039995,3.83,2.28,3.35,0.0054932539997025,0.1347246049999739,0.0193462509996606,3.6656240942027862,1.9915571796963305,3.160759402422145,1.6130109890109896,1.0332924271380795
171.0434096680001,3.83,2.31,3.35,0.0558323180002844,0.0417067400003361,0.0696853150002425,3.6656240942027862,2.025833161936096,3.160759402422145,1.6281428571428576,1.0408254658385092
171.09374036899953,3.83,2.31,3.35,0.1061630189997231,0.0920374409997748,0.1200160159996812,3.6656240942027862,2.025833161936096,3.160759402422145,1.6281428571428576,1.0408254658385092
171.1440634350001,3.87,2.31,3.28,0.0123217420004948,0.1423605070003759,0.0258127679999233,3.7073980093860976,2.025833161936096,3.0864704761264115,1.6791428571428575,0.9822906832298135
171.19439429999966,3.87,2.25,3.28,0.0626526070000181,0.0483555720002186,0.0761436329994467,3.7073980093860976,1.957140771636011,3.0864704761264115,1.6490769230769233,0.9673230769230768
171.2447276060002,3.87,2.25,3.28,0.112985913000557,0.0986888780007575,0.1264769389999855,3.7073980093860976,1.957140771636011,3.0864704761264115,1.6490769230769233,0.9673230769230768
171.294869542,3.86,2.3400000000000003,3.24,0.0188037879997864,0.0049425090001022,0.0328685060003408,3.696958209122737,2.059975728012348,3.0439283828631707,1.7231318681318686,0.9842439082656482
171.3451556959999,3.86,2.3400000000000003,3.24,0.069089941999664,0.0552286629999798,0.0831546600002184,3.696958209122737,2.059975728012348,3.0439283828631707,1.7231318681318686,0.9842439082656482
171.3954918090003,3.86,2.3400000000000003,3.24,0.1194260550000763,0.1055647760003921,0.1334907730006307,3.696958209122737,2.059975728012348,3.0439283828631707,1.7231318681318686,0.9842439082656482
171.44560829500006,3.82,2.41,3.21,0.0253882659999362,0.0114702930004568,0.0397800720002123,3.6551744144431737,2.1391587131393504,3.011976095522672,1.7809340659340658,1.0253780458671766
171.49592949099952,3.82,2.41,3.21,0.0757094619993949,0.0617914889999156,0.0901012679996711,3.6551744144431737,2.1391587131393504,3.011976095522672,1.7809340659340658,1.0253780458671766
171.5462693319996,3.82,2.41,3.21,0.1260493029994904,0.112131330000011,0.1404411089997665,3.6551744144431737,2.1391587131393504,3.011976095522672,1.7809340659340658,1.0253780458671766
171.59660225199968,3.83,2.42,3.15,0.0324210159997164,0.0184577410000201,0.0466734629999336,3.6656240942027862,2.1504185639079663,2.947948439169179,1.8281758241758241,0.9991027472527472
171.6467422200003,3.83,2.42,3.15,0.082560984000338,0.0685977090006417,0.0968134310005552,3.6656240942027862,2.1504185639079663,2.947948439169179,1.8281758241758241,0.9991027472527472
171.69686438699955,3.83,2.42,3.09,0.1326831509995827,0.1187198759998864,0.0028131299995948,3.6656240942027862,2.1504185639079663,2.8837475617675,1.8693186813186808,0.978889082656474
171.74719646299943,3.83,2.44,3.09,0.0390482749999137,0.0251031389998388,0.053145205999499,3.6656240942027862,2.1729012862990347,2.8837475617675,1.8799999999999997,0.9842065217391307
171.79735514000004,3.83,2.44,3.09,0.0892069520004952,0.0752618160004203,0.1033038830000805,3.6656240942027862,2.1729012862990347,2.8837475617675,1.8799999999999997,0.9842065217391307
171.8476843110002,3.83,2.44,3.1,0.1395361230006528,0.125590987000578,0.009480921999966,3.6656240942027862,2.1729012862990347,2.8944602260179706,1.8731978021978017,0.9875484710941235
171.89802058399982,3.87,2.43,3.1,0.0459044019999055,0.0319364690003567,0.0598171949995958,3.7073980093860976,2.161666024158219,2.8944602260179706,1.8678461538461535,0.9514060200668895
171.9483762789996,3.87,2.43,3.1,0.0962600969996856,0.0822921640001368,0.1101728899993759,3.7073980093860976,2.161666024158219,2.8944602260179706,1.8678461538461535,0.9514060200668895
171.99853806200008,3.81,2.43,3.08,0.0022612090006077,0.1324539470006129,0.0163662310005747,3.6447222116369855,2.161666024158219,2.873029759678796,1.8814285714285717,0.9948198757763974
172.04889376200026,3.81,2.51,3.08,0.0526169090007897,0.0394064010006331,0.0667219310007567,3.6447222116369855,2.2512218904408337,2.873029759678796,1.9248571428571426,1.016439751552795
172.09907391700017,3.81,2.51,3.08,0.1027970640006969,0.0895865560005404,0.1169020860006639,3.6447222116369855,2.2512218904408337,2.873029759678796,1.9248571428571426,1.016439751552795
172.14941614799957,3.82,2.51,3.01,0.0093352289995891,0.139928786999917,0.0232776240000021,3.6551744144431737,2.2512218904408337,2.797856322258168,1.9717032967032964,0.9851305542283806
172.19975617199998,3.82,2.52,3.01,0.059675253000023,0.04603014300028,0.073617648000436,3.6551744144431737,2.2623660181323446,2.797856322258168,1.977230769230769,0.9878822742474919
172.25014305700006,3.82,2.52,3.01,0.110062138000103,0.09641702800036,0.1240045330005159,3.6551744144431737,2.2623660181323446,2.797856322258168,1.977230769230769,0.9878822742474919
172.30048325899952,3.79,2.56,2.97,0.0164080300000932,0.0025170459994114,0.0305543209997267,3.623810149552539,2.306837662255409,2.754777667979759,2.0258461538461536,1.0108994983277597
172.35083383799974,3.79,2.56,2.97,0.0667586090003169,0.0528676249996351,0.0809048999999504,3.623810149552539,2.306837662255409,2.754777667979759,2.0258461538461536,1.0108994983277597
172.40116078600022,3.79,2.56,2.97,0.1170855570007916,0.1031945730001098,0.1312318480004251,3.623810149552539,2.306837662255409,2.754777667979759,2.0258461538461536,1.0108994983277597
172.45145053499982,3.8,2.6100000000000003,2.94,0.0234563040003195,0.0095411250003962,0.0375987750003332,3.634267464015272,2.3622023622035435,2.722407023205751,2.0737362637362637,1.007218705207836
172.5017849779997,3.8,2.6100000000000003,2.94,0.0737907470002028,0.0598755680002796,0.0879332180002165,3.634267464015272,2.3622023622035435,2.722407023205751,2.0737362637362637,1.007218705207836
172.55212015399957,3.8,2.6100000000000003,2.94,0.124125923000065,0.1102107440001418,0.1382683940000788,3.634267464015272,2.3622023622035435,2.722407023205751,2.0737362637362637,1.007218705207836
172.60224527599985,3.74,2.62,2.85,0.0303998150002371,0.0163757079999413,0.0441438609996112,3.5714842852797206,2.3732467212660384,2.624957142507283,2.1367472527472526,1.0311198279980893
172.65256105299977,3.74,2.62,2.85,0.0807155920001605,0.0666914849998647,0.0944596379995346,3.5714842852797206,2.3732467212660384,2.624957142507283,2.1367472527472526,1.0311198279980893
172.70290716599993,3.74,2.62,2.83,0.1310617050003202,0.1170375980000244,0.0009721910000735,3.5714842852797206,2.3732467212660384,2.6032287644385,2.1492307692307695,1.024986622073579
172.7532291959997,3.77,2.7,2.83,0.0372992499997053,0.0230574500001239,0.0512942209998072,3.602887730696031,2.4612801547162406,2.6032287644385,2.196,1.023780434782609
172.80354898899986,3.77,2.7,2.83,0.0876190429999042,0.0733772430003227,0.1016140140000061,3.602887730696031,2.4612801547162406,2.6032287644385,2.196,1.023780434782609
172.85388689399952,3.77,2.7,2.78,0.1379569479995552,0.1237151479999738,0.0079160629993566,3.602887730696031,2.4612801547162406,2.5487840238042923,2.226824175824176,1.0086363831820355
172.90419326099982,3.79,2.7,2.78,0.044386182999915,0.0302815140003076,0.0582224299996596,3.623810149552539,2.4612801547162406,2.5487840238042923,2.226824175824176,0.9922016005733398
172.95435454299968,3.79,2.7,2.78,0.0945474649997777,0.0804427960001703,0.1083837119995223,3.623810149552539,2.4612801547162406,2.5487840238042923,2.226824175824176,0.9922016005733398
173.00469095100016,3.74,2.7,2.76,0.0008378970005651,0.1307792040006461,0.014743171000191,3.5714842852797206,2.4612801547162406,2.5269546889487358,2.239,1.02714347826087
173.05503040999974,3.74,2.76,2.76,0.0511773560001529,0.0369361960001697,0.0650826299997788,3.5714842852797206,2.526954688948736,2.5269546889487358,2.2750000000000004,1.0450652173913049
173.1053730220001,3.74,2.76,2.76,0.1015199680005025,0.0872788080005193,0.1154252420001284,3.5714842852797206,2.526954688948736,2.5269546889487358,2.2750000000000004,1.0450652173913049
173.15569028699974,3.74,2.76,2.71,0.1518372330001511,0.1375960730001679,0.0217665299996951,3.5714842852797206,2.526954688948736,2.472245942457991,2.3050549450549456,1.0302990922121362
173.20598011699985,3.74,2.79,2.71,0.2021270630002618,0.0439791859998877,0.0720563599998058,3.5714842852797206,2.559687480924185,2.472245942457991,2.3233516483516485,1.0394076684185383
173.25636766000025,3.74,2.79,2.71,0.2525146060006591,0.0943667290002849,0.1224439030002031,3.5714842852797206,2.559687480924185,2.472245942457991,2.3233516483516485,1.0394076684185383
173.30667734500005,3.74,2.85,2.66,0.3028242910004337,0.0006368650001604,0.0288345240005583,3.5714842852797206,2.624957142507283,2.417333241404668,2.3900439560439564,1.0434240563784045
173.3570141250002,3.74,2.85,2.66,0.3531610710006134,0.0509736450003401,0.079171304000738,3.5714842852797206,2.624957142507283,2.417333241404668,2.3900439560439564,1.0434240563784045
173.4073360020002,3.74,2.85,2.66,0.403482948000601,0.1012955220003277,0.1294931810007256,3.5714842852797206,2.624957142507283,2.417333241404668,2.3900439560439564,1.0434240563784045
173.45755373700013,3.79,2.8400000000000003,2.64,0.0216107610003746,0.007578310000099,0.0357093860002351,3.623810149552539,2.61409640220096,2.395307913400697,2.3954395604395606,0.9936644768275212
173.50787674299954,3.79,2.8400000000000003,2.64,0.0719337669997912,0.0579013159995156,0.0860323919996517,3.623810149552539,2.61409640220096,2.395307913400697,2.3954395604395606,0.9936644768275212
173.55820711399974,3.79,2.8400000000000003,2.64,0.1222641379999913,0.1082316869997157,0.1363627629998518,3.623810149552539,2.61409640220096,2.395307913400697,2.3954395604395606,0.9936644768275212
173.60852543700005,3.79,2.8400000000000003,2.64,0.1725824610002746,0.158550009999999,0.1866810860001351,3.623810149552539,2.61409640220096,2.395307913400697,2.3954395604395606,0.9936644768275212
173.6588409899996,3.79,2.8400000000000003,2.64,0.2228980139998384,0.2088655629995628,0.2369966389996989,3.623810149552539,2.61409640220096,2.395307913400697,2.3954395604395606,0.9936644768275212
173.70918111399988,3.79,2.8400000000000003,2.64,0.2732381380001243,0.2592056869998487,0.2873367629999848,3.623810149552539,2.61409640220096,2.395307913400697,2.3954395604395606,0.9936644768275212
173.75951614599944,3.79,2.89,2.5,0.0355009899994911,0.0215594829996916,0.0492421749995628,3.623810149552539,2.6683328128252666,2.240066963284803,2.506,0.9704869565217397
173.809832336,3.79,2.89,2.5,0.0858171800000491,0.0718756730002496,0.0995583650001208,3.623810149552539,2.6683328128252666,2.240066963284803,2.506,0.9704869565217397
173.85997452499942,3.79,2.89,2.47,0.1359593689994653,0.1220178619996659,0.0060461379998741,3.623810149552539,2.6683328128252666,2.206535746368048,2.5223846153846154,0.9624371237458199
173.9102883610003,3.77,3.01,2.47,0.0425955750006323,0.0285830140001053,0.0563599740007703,3.602887730696031,2.797856322258168,2.206535746368048,2.6001868131868133,1.017603870043001
173.96060570200007,3.77,3.01,2.47,0.0929129160003867,0.0789003549998597,0.1066773150005246,3.602887730696031,2.797856322258168,2.206535746368048,2.6001868131868133,1.017603870043001
174.01093947899972,3.77,3.01,2.41,0.1432466930000373,0.1292341319995102,0.0129171279995716,3.602887730696031,2.797856322258168,2.13915871313935,2.632362637362638,1.001795747730531
174.06127214699973,3.78,3.0700000000000003,2.41,0.0494869499998458,0.035432222000054,0.0632497959995816,3.613350245962879,2.862306762036522,2.13915871313935,2.6724505494505495,1.013546034400382
174.11144203299955,3.78,3.0700000000000003,2.41,0.0996568359996672,0.0856021079998754,0.1134196819994031,3.613350245962879,2.862306762036522,2.13915871313935,2.6724505494505495,1.013546034400382
174.16175616700002,3.8,3.0700000000000003,2.35,0.0059187839997321,0.1359162420003485,0.0197656880000067,3.634267464015272,2.862306762036522,2.071328076379983,2.703835164835165,0.9816483755375064
174.21209071199974,3.8,3.13,2.35,0.0562533289994462,0.0424396259995774,0.0701002329997209,3.634267464015272,2.926567955814455,2.071328076379983,2.744714285714285,1.0019990683229816
174.26223210599983,3.8,3.13,2.35,0.1063947229995392,0.0925810199996703,0.1202416269998138,3.634267464015272,2.926567955814455,2.071328076379983,2.744714285714285,1.0019990683229816
174.31260571599978,3.8,3.13,2.34,0.0128829679997579,0.1429546299996218,0.0266364540002541,3.634267464015272,2.926567955814455,2.059975728012347,2.7498681318681313,0.9994669612995702
174.3627496600002,3.8,3.19,2.34,0.0630269120001685,0.0491624070000398,0.0767803980006647,3.634267464015272,2.990652102802999,2.059975728012347,2.7915384615384617,1.020211538461539
174.41291983700012,3.8,3.19,2.34,0.1131970890000957,0.099332583999967,0.1269505750005919,3.634267464015272,2.990652102802999,2.059975728012347,2.7915384615384617,1.020211538461539
174.46324935099983,3.81,3.27,2.29,0.0194493010003498,0.0055085670001062,0.0332947059996513,3.6447222116369855,3.075841348314311,2.0029977533686854,2.873769230769231,1.0277133779264216
174.51354268900013,3.81,3.27,2.29,0.0697426390006512,0.0558019050004077,0.0835880439999527,3.6447222116369855,3.075841348314311,2.0029977533686854,2.873769230769231,1.0277133779264216
174.56387479899968,3.81,3.27,2.29,0.1200747490001958,0.1061340149999523,0.1339201539994974,3.6447222116369855,3.075841348314311,2.0029977533686854,2.873769230769231,1.0277133779264216
174.6141986040002,3.8,3.3000000000000003,2.22,0.0264965720007239,0.0126571460004925,0.0403177710004456,3.634267464015272,3.107716203259236,1.9225763964014533,2.9301208791208797,1.0297232202580031
174.66452652399948,3.8,3.3000000000000003,2.22,0.0768244920000142,0.0629850659997828,0.0906456909997359,3.634267464015272,3.107716203259236,1.9225763964014533,2.9301208791208797,1.0297232202580031
174.71466795000015,3.8,3.3000000000000003,2.22,0.1269659180006783,0.1131264920004468,0.1407871170004,3.634267464015272,3.107716203259236,1.9225763964014533,2.9301208791208797,1.0297232202580031
174.76478630400015,3.81,3.31,2.22,0.0330266170003596,0.0190680030000294,0.0471126279999225,3.6447222116369855,3.118332887938682,1.9225763964014533,2.937384615384616,1.025067558528428
174.81511237999985,3.81,3.31,2.22,0.0833526930000516,0.0693940789997213,0.0974387039996145,3.6447222116369855,3.118332887938682,1.9225763964014533,2.937384615384616,1.025067558528428
174.86523791299987,3.81,3.31,2.16,0.1334782260000793,0.119519611999749,0.0036528099999486,3.6447222116369855,3.118332887938682,1.8529705880018708,2.9662637362637363,1.0108791208791206
174.91556564799976,3.81,3.31,2.16,0.0398382329995001,0.0255909930001507,0.0539805449998311,3.6447222116369855,3.118332887938682,1.8529705880018708,2.9662637362637363,1.0108791208791206
174.96570617899943,3.81,3.31,2.16,0.08997876399917,0.0757315239998206,0.104121075999501,3.6447222116369855,3.118332887938682,1.8529705880018708,2.9662637362637363,1.0108791208791206
175.01604004699948,3.81,3.31,2.15,0.1403126319992225,0.1260653919998731,0.0102656939998269,3.6447222116369855,3.118332887938682,1.8413038858374249,2.971,1.0085521739130432
175.06636645300023,3.81,3.3600000000000003,2.15,0.0466687710004407,0.0323840940000081,0.0605921000005764,3.6447222116369855,3.1713561767798963,1.8413038858374249,3.007648351648352,1.026796679407549
175.11670551899988,3.81,3.3600000000000003,2.15,0.0970078370000919,0.0827231599996594,0.1109311660002276,3.6447222116369855,3.1713561767798963,1.8413038858374249,3.007648351648352,1.026796679407549
175.1668452269996,3.86,3.3600000000000003,2.13,0.0031142899997576,0.1328628679993926,0.0170936759996038,3.696958209122737,3.1713561767798963,1.8179108889051736,3.0170549450549453,0.9804903965599625
175.21719308999943,3.86,3.46,2.13,0.0534621529996002,0.0392871599997306,0.0674415389994465,3.696958209122737,3.2771176359721967,1.8179108889051736,3.0920000000000005,1.0178000000000003
175.26735166399976,3.86,3.46,2.13,0.1036207269999067,0.0894457340000371,0.117600112999753,3.696958209122737,3.2771176359721967,1.8179108889051736,3.0920000000000005,1.0178000000000003
175.31745653500002,3.84,3.46,2.09,0.0097499260000404,0.139550605000295,0.0237470760002906,3.676071272432024,3.2771176359721967,1.7708754896942922,3.110549450549451,1.0254257047300523
175.36778917099946,3.84,3.46,2.09,0.0600825619994793,0.0458873640000092,0.0740797119997296,3.676071272432024,3.2771176359721967,1.7708754896942922,3.110549450549451,1.0254257047300523
175.41813540600015,3.84,3.46,2.09,0.1104287970001678,0.0962335990006977,0.124425947000418,3.676071272432024,3.2771176359721967,1.7708754896942922,3.110549450549451,1.0254257047300523
175.46827701599975,3.86,3.5,2.11,0.0166092190002018,0.002382994999607,0.0307049789998927,3.696958209122737,3.319322219972023,1.794435844492636,3.131912087912088,1.028451887243192
175.51858767799968,3.86,3.5,2.11,0.0669198810001034,0.0526936569995086,0.0810156409997944,3.696958209122737,3.319322219972023,1.794435844492636,3.131912087912088,1.028451887243192
175.56872954499977,3.86,3.5,2.11,0.1170617480001965,0.1028355239996017,0.1311575079998874,3.696958209122737,3.319322219972023,1.794435844492636,3.131912087912088,1.028451887243192
175.61885084200003,3.87,3.44,2.04,0.0229017190004015,0.0091618269998434,0.0371384770005533,3.7073980093860976,3.255994471739778,1.7115782190715094,3.1180769230769227,0.9815861204013377
175.6690250699994,3.87,3.44,2.04,0.0730759469997792,0.0593360549992212,0.0873127049999311,3.7073980093860976,3.255994471739778,1.7115782190715094,3.1180769230769227,0.9815861204013377
175.7191560479996,3.87,3.44,2.04,0.1232069249999767,0.1094670329994187,0.1374436830001286,3.7073980093860976,3.255994471739778,1.7115782190715094,3.1180769230769227,0.9815861204013377
175.76947036,3.86,3.51,2.08,0.0298797679997733,0.0156859600001553,0.0437166170004275,3.696958209122737,3.329864862122786,1.7590622501776338,3.1534285714285715,1.025500310559007
175.81980550299977,3.86,3.51,2.08,0.0802149109995298,0.0660211029999118,0.094051760000184,3.696958209122737,3.329864862122786,1.7590622501776338,3.1534285714285715,1.025500310559007
175.86996397500025,3.86,3.51,2.08,0.1303733830000055,0.1161795750003875,6.014800055709202e-05,3.696958209122737,3.329864862122786,1.7590622501776338,3.1534285714285715,1.025500310559007
175.92035910399954,3.87,3.45,2.08,0.0367707689993039,0.0226865889999317,0.0504552769998554,3.7073980093860976,3.266557821315888,1.7590622501776338,3.107538461538461,0.9942528428093648
175.97047600099995,3.87,3.45,2.08,0.0868876659997113,0.072803486000339,0.1005721740002627,3.7073980093860976,3.266557821315888,1.7590622501776338,3.107538461538461,0.9942528428093648
176.02058070400017,3.87,3.45,2.08,0.1369923689999268,0.1229081890005545,0.007232846000079,3.7073980093860976,3.266557821315888,1.7590622501776338,3.107538461538461,0.9942528428093648
176.0709038469995,3.84,3.47,2.08,0.0433855659994151,0.0291865139997753,0.057555988999411,3.676071272432024,3.287673949770567,1.7590622501776338,3.1227472527472524,1.0269654801720018
176.1212329230002,3.84,3.47,2.08,0.0937146420001227,0.0795155900004829,0.1078850650001186,3.676071272432024,3.287673949770567,1.7590622501776338,3.1227472527472524,1.0269654801720018
176.17142899600003,3.84,3.47,2.07,0.1439107149999472,0.1297116630003074,0.0135447370003021,3.676071272432024,3.287673949770567,1.7472263734273243,3.127307692307692,1.02472491638796
176.22178295100002,3.78,3.43,2.07,0.0498907999999573,0.036100235000049,0.0638986920002935,3.613350245962879,3.245427552727067,1.7472263734273243,3.0969780219780216,1.0593216674629717
176.27211773399995,3.78,3.43,2.07,0.100225582999883,0.0864350179999746,0.1142334750002191,3.613350245962879,3.245427552727067,1.7472263734273243,3.0969780219780216,1.0593216674629717
176.32225238999945,3.75,3.43,2.11,0.0065227999994021,0.1365696739994746,0.0203950439999971,3.581954773583832,3.245427552727067,1.794435844492636,3.078604395604396,1.0929030578117531
176.3725704870003,3.75,3.5,2.11,0.0568408970002565,0.0431829220005965,0.0707131410008514,3.581954773583832,3.319322219972023,1.794435844492636,3.131912087912088,1.1194410176779734
176.42290226600016,3.75,3.5,2.11,0.1071726760001183,0.0935147010004584,0.1210449200007133,3.581954773583832,3.319322219972023,1.794435844492636,3.131912087912088,1.1194410176779734
176.47301814399998,3.68,3.5,2.15,0.0133297940001284,0.1436305790002734,0.027266131000033,3.508603710879871,3.319322219972023,1.8413038858374249,3.113186813186813,1.1851734352603918
176.5231262289999,3.68,3.5500000000000003,2.15,0.0634378790000482,0.0493708109997896,0.0773742159999528,3.508603710879871,3.3720023724784065,1.8413038858374249,3.1519230769230773,1.204457357859532
176.57349090499974,3.68,3.5500000000000003,2.15,0.1138025549998928,0.0997354869996343,0.1277388919997975,3.508603710879871,3.3720023724784065,1.8413038858374249,3.1519230769230773,1.204457357859532
176.62382101899948,3.68,3.5500000000000003,2.15,0.1641326689996276,0.150065600999369,0.1780690059995322,3.508603710879871,3.3720023724784065,1.8413038858374249,3.1519230769230773,1.204457357859532
176.67415642099968,3.68,3.5500000000000003,2.15,0.2144680709998283,0.2004010029995697,0.2284044079997329,3.508603710879871,3.3720023724784065,1.8413038858374249,3.1519230769230773,1.204457357859532
176.7244870479999,3.68,3.5500000000000003,2.15,0.2647986980000496,0.250731629999791,0.2787350349999542,3.508603710879871,3.3720023724784065,1.8413038858374249,3.1519230769230773,1.204457357859532
176.77481134000027,3.57,3.66,2.17,0.0271907530004682,0.0132688440007768,0.0412403050004286,3.393051723743686,3.4876209656440595,1.8646179233290665,3.2295824175824177,1.3391942904921168
176.82513549099986,3.57,3.66,2.17,0.0775149040000542,0.0635929950003628,0.0915644560000146,3.393051723743686,3.4876209656440595,1.8646179233290665,3.2295824175824177,1.3391942904921168
176.87547887999972,3.57,3.66,2.17,0.1278582929999174,0.1139363840002261,0.1419078449998778,3.393051723743686,3.4876209656440595,1.8646179233290665,3.2295824175824177,1.3391942904921168
176.92582232699988,3.51,3.65,2.18,0.0342094830002679,0.0200652209996405,0.0481579360002797,3.3298648621227853,3.477125249397841,1.8762462524945915,3.216769230769231,1.3837177257525088
176.9760774360002,3.51,3.65,2.18,0.0844645920005859,0.0703203299999586,0.0984130450005977,3.3298648621227853,3.477125249397841,1.8762462524945915,3.216769230769231,1.3837177257525088
177.02618140100003,3.51,3.65,2.21,0.1345685570004207,0.1204242949997933,0.004822826000236,3.3298648621227853,3.477125249397841,1.9110206696946008,3.202296703296703,1.390828141423794
177.07651582000017,3.51,3.7,2.21,0.0413932020001084,0.0267825010005253,0.0551572450003732,3.3298648621227853,3.529575045242699,1.9110206696946008,3.242681318681319,1.4109326564739613
177.12687590399946,3.51,3.7,2.21,0.0917532859994025,0.0771425849998195,0.1055173289996673,3.3298648621227853,3.529575045242699,1.9110206696946008,3.242681318681319,1.4109326564739613
177.17719920699983,3.51,3.7,2.25,0.142076588999771,0.127465888000188,0.0116241699997772,3.3298648621227853,3.529575045242699,1.957140771636011,3.223076923076923,1.4205643812709035
177.22733501899984,3.48,3.75,2.25,0.048006193999754,0.0335388149997015,0.0617599819997849,3.2982267963255647,3.581954773583832,1.957140771636011,3.2640109890109894,1.4637359053989492
177.2776253310003,3.48,3.75,2.25,0.0982965060002243,0.0838291270001718,0.1120502940002552,3.2982267963255647,3.581954773583832,1.957140771636011,3.2640109890109894,1.4637359053989492
177.3279478129998,3.43,3.75,2.29,0.0044432519998736,0.134151608999673,0.0183606709997548,3.245427552727067,3.581954773583832,2.0029977533686854,3.244054945054945,1.511094744386049
177.3782835410002,3.43,3.75,2.29,0.0547789800002647,0.1844873370000641,0.0686963990001459,3.245427552727067,3.581954773583832,2.0029977533686854,3.244054945054945,1.511094744386049
177.4286260660001,3.43,3.75,2.29,0.1051215050001701,0.2348298619999695,0.1190389240000513,3.245427552727067,3.581954773583832,2.0029977533686854,3.244054945054945,1.511094744386049
177.47895631400024,3.43,3.75,2.29,0.1554517530003067,0.2851601100001062,0.1693691720001879,3.245427552727067,3.581954773583832,2.0029977533686854,3.244054945054945,1.511094744386049
177.5292760049997,3.43,3.75,2.29,0.2057714439997653,0.3354798009995647,0.2196888629996465,3.245427552727067,3.581954773583832,2.0029977533686854,3.244054945054945,1.511094744386049
177.57961572800014,3.43,3.75,2.29,0.2561111670001992,0.3858195239999986,0.2700285860000804,3.245427552727067,3.581954773583832,2.0029977533686854,3.244054945054945,1.511094744386049
177.62994170000002,3.34,3.76,2.35,0.018135194000024,0.0042632100003174,0.0324133610001808,3.1501587261596837,3.592422580933374,2.071328076379983,3.221714285714286,1.5964621118012425
177.68028183200022,3.34,3.76,2.35,0.0684753260002253,0.0546033420005187,0.0827534930003821,3.1501587261596837,3.592422580933374,2.071328076379983,3.221714285714286,1.5964621118012425
177.73060367000016,3.34,3.76,2.35,0.1187971640001706,0.104925180000464,0.1330753310003274,3.1501587261596837,3.592422580933374,2.071328076379983,3.221714285714286,1.5964621118012425
177.78092311599994,3.34,3.75,2.4,0.0252237169997897,0.0112042480004674,0.0396481509997102,3.1501587261596837,3.581954773583832,2.12788627515664,3.187362637362638,1.6051761825131388
177.83122654199997,3.34,3.75,2.4,0.0755271429998174,0.0615076740004951,0.0899515769997378,3.1501587261596837,3.581954773583832,2.12788627515664,3.187362637362638,1.6051761825131388
177.88135601500016,3.34,3.75,2.4,0.1256566160000147,0.1116371470006925,0.1400810499999352,3.1501587261596837,3.581954773583832,2.12788627515664,3.187362637362638,1.6051761825131388
177.93167124999945,3.26,3.67,2.4,0.0319498459994065,0.0180526519998238,0.0459122309994199,3.0652079864178874,3.498113777452071,2.12788627515664,3.122131868131868,1.6300939082656472
177.98181271700014,3.26,3.67,2.4,0.0820913130000917,0.068194119000509,0.0960536980001052,3.0652079864178874,3.498113777452071,2.12788627515664,3.122131868131868,1.6300939082656472
178.03213807999964,3.26,3.67,2.41,0.1324166759995932,0.1185194820000106,0.0024044470001172,3.0652079864178874,3.498113777452071,2.13915871313935,3.116846153846154,1.6326908026755853
178.08243993299948,3.26,3.67,2.41,0.0388094399995679,0.0250524299999597,0.0527062999999543,3.0652079864178874,3.498113777452071,2.13915871313935,3.116846153846154,1.6326908026755853
178.13255611299974,3.26,3.67,2.41,0.0889256199998271,0.0751686100002189,0.1028224800002135,3.0652079864178874,3.498113777452071,2.13915871313935,3.116846153846154,1.6326908026755853
178.1828799169998,3.26,3.67,2.46,0.1392494239998996,0.1254924140002913,0.009197065999615,3.0652079864178874,3.498113777452071,2.195335965177084,3.090087912087912,1.6458372431915906
178.23302139799944,3.23,3.7,2.46,0.0454240289991503,0.0314664739998988,0.0593385469992426,3.0332820508485523,3.529575045242699,2.195335965177084,3.1143846153846155,1.6790958193979932
178.28338184899985,3.23,3.7,2.46,0.0957844799995655,0.081826925000314,0.1096989979996578,3.0332820508485523,3.529575045242699,2.195335965177084,3.1143846153846155,1.6790958193979932
178.33370939199995,3.2,3.7,2.5,0.0021145450000403,0.1321544680004081,0.0161697040002763,3.0013163778582226,3.529575045242699,2.240066963284803,3.0925824175824177,1.7107747252747252
178.38384926399976,3.2,3.71,2.5,0.0522544169998582,0.0383227040001656,0.0663095760000942,3.0013163778582226,3.5400564967243104,2.240066963284803,3.1007252747252743,1.7148284519827999
178.43418276099965,3.2,3.71,2.5,0.1025879139997414,0.0886562010000489,0.1166430729999774,3.0013163778582226,3.5400564967243104,2.240066963284803,3.1007252747252743,1.7148284519827999
178.48434819799968,3.16,3.71,2.5,0.008775782000157,0.1388216380000813,0.1668085100000098,2.9586314403791496,3.5400564967243104,2.240066963284803,3.1007252747252743,1.7424806258958427
178.53451064299952,3.16,3.76,2.5,0.0589382269999987,0.0450373949997811,0.2169709549998515,2.9586314403791496,3.592422580933374,2.240066963284803,3.141769230769231,1.7629133779264217
178.58469516900004,3.16,3.76,2.5,0.1091227530005198,0.0952219210003022,0.2671554810003727,2.9586314403791496,3.592422580933374,2.240066963284803,3.141769230769231,1.7629133779264217
178.63483776700014,3.12,3.77,2.5,0.0152911160002986,0.001672361000601,0.3172980790004658,2.915870367488925,3.602887730696031,2.240066963284803,3.1500439560439557,1.7943370998566655
178.6851791250001,3.12,3.77,2.5,0.0656324740002674,0.0520137190005698,0.3676394370004345,2.915870367488925,3.602887730696031,2.240066963284803,3.1500439560439557,1.7943370998566655
178.73550816999978,3.12,3.77,2.5,0.1159615189999385,0.102342764000241,0.4179684820001057,2.915870367488925,3.602887730696031,2.240066963284803,3.1500439560439557,1.7943370998566655
178.78563361800025,3.03,3.79,2.59,0.0222625900005368,0.0081845330005307,0.0360563500007629,2.819361629872976,3.623810149552539,2.3400854685246006,3.1163186813186807,1.8875043000477776
178.83598655900005,3.03,3.79,2.59,0.0726155310003378,0.0585374740003317,0.0864092910005638,2.819361629872976,3.623810149552539,2.3400854685246006,3.1163186813186807,1.8875043000477776
178.88636394700006,3.03,3.79,2.59,0.1229929190003531,0.108914862000347,0.1367866790005791,2.819361629872976,3.623810149552539,2.3400854685246006,3.1163186813186807,1.8875043000477776
178.93669390600007,3.03,3.87,2.63,0.0292350270001406,0.0152927039998758,0.0434622990005664,2.819361629872976,3.7073980093860976,2.3842818625321964,3.1607142857142856,1.9323012422360246
178.98705342799985,3.03,3.87,2.63,0.0795945489999212,0.0656522259996563,0.0938218210003469,2.819361629872976,3.7073980093860976,2.3842818625321964,3.1607142857142856,1.9323012422360246
179.03723076299957,3.03,3.87,2.63,0.1297718839996378,0.1158295609993729,0.1439991560000635,2.819361629872976,3.7073980093860976,2.3842818625321964,3.1607142857142856,1.9323012422360246
179.08758241800024,3.03,3.86,2.65,0.0361509340000338,0.0218650500000876,0.0498518160002277,2.819361629872976,3.696958209122738,2.406324998831205,3.1406153846153853,1.9337737458193978
179.1377230019998,3.03,3.86,2.65,0.086291517999598,0.0720056339996517,0.0999923999997918,2.819361629872976,3.696958209122738,2.406324998831205,3.1406153846153853,1.9337737458193978
179.18790103900028,3.03,3.86,2.65,0.136469555000076,0.1221836710001298,0.006413462000637,2.819361629872976,3.696958209122738,2.406324998831205,3.1406153846153853,1.9337737458193978
179.23819880100018,3.03,3.82,2.65,0.0431568390004031,0.0285740640001677,0.0567112240005371,2.819361629872976,3.655174414443174,2.406324998831205,3.106857142857143,1.91696801242236
179.28836171900002,3.03,3.82,2.65,0.0933197570002448,0.0787369820000094,0.1068741420003789,2.819361629872976,3.655174414443174,2.406324998831205,3.106857142857143,1.91696801242236
179.3386795369997,3.03,3.82,2.67,0.143637574999957,0.1290547999997215,0.0132277789998624,2.819361629872976,3.655174414443174,2.428332761381768,3.095164835164835,1.9227124940277112
179.38900736599953,2.97,3.86,2.67,0.0498450529994443,0.0354113509993112,0.0635556079996604,2.7547776679797598,3.696958209122738,2.428332761381768,3.1289230769230767,1.978648662207358
179.43914941599996,2.97,3.86,2.67,0.0999871029998757,0.0855534009997427,0.1136976580000919,2.7547776679797598,3.696958209122738,2.428332761381768,3.1289230769230767,1.978648662207358
179.48947788500027,2.97,3.86,2.68,0.0057831280000755,0.1358818700000483,0.0202596290000656,2.7547776679797598,3.696958209122738,2.439323676759605,3.1230439560439565,1.981537099856665
179.53981738099992,2.97,3.91,2.68,0.0561226239997267,0.0425336389998847,0.0705991249997168,2.7547776679797598,3.749133233162033,2.439323676759605,3.1657362637362634,2.00279044433827
179.59015554599955,2.97,3.91,2.68,0.1064607889993567,0.0928718039995146,0.1209372899993468,2.7547776679797598,3.749133233162033,2.439323676759605,3.1657362637362634,2.00279044433827
179.6404885920001,2.97,3.91,2.68,0.1567938349999167,0.1432048500000746,0.1712703359999068,2.7547776679797598,3.749133233162033,2.439323676759605,3.1657362637362634,2.00279044433827
179.69081787899995,2.97,3.91,2.68,0.2071231219997571,0.193534136999915,0.2215996229997472,2.7547776679797598,3.749133233162033,2.439323676759605,3.1657362637362634,2.00279044433827
179.74094297200008,2.97,3.91,2.68,0.2572482149998905,0.2436592300000484,0.2717247159998806,2.7547776679797598,3.749133233162033,2.439323676759605,3.1657362637362634,2.00279044433827
179.79134667800008,2.83,3.95,2.76,0.0197730999998384,0.0058997090000048,0.0336791489999086,2.6032287644385,3.7908310434520818,2.5269546889487358,3.1524615384615378,2.131747157190636
179.84154366700022,2.83,3.95,2.76,0.0699700889999803,0.0560966980001467,0.0838761380000505,2.6032287644385,3.7908310434520818,2.5269546889487358,3.1524615384615378,2.131747157190636
179.891865865,2.83,3.95,2.76,0.1202922869997564,0.1064188959999228,0.1341983359998266,2.6032287644385,3.7908310434520818,2.5269546889487358,3.1524615384615378,2.131747157190636
179.94219244800024,2.82,3.96,2.79,0.026849917000618,0.0127332199999727,0.0412427220007884,2.592354142473593,3.801249794475496,2.559687480924185,3.142857142857143,2.151204968944099
179.9925287770002,2.82,3.96,2.79,0.077186246000565,0.0630695489999197,0.0915790510007354,2.592354142473593,3.801249794475496,2.559687480924185,3.142857142857143,2.151204968944099
180.04287332900003,2.82,3.96,2.79,0.1275307980004072,0.113414100999762,0.1419236030005777,2.592354142473593,3.801249794475496,2.559687480924185,3.142857142857143,2.151204968944099
180.09320513500006,2.8,4.08,2.86,0.0336768639999718,0.0197528819999206,0.0478424020002421,2.5705835913270745,3.9261049400137034,2.63581107061944,3.2054175824175832,2.237555709507883
180.143517169,2.8,4.08,2.86,0.0839888979999159,0.0700649159998647,0.0981544360001862,2.5705835913270745,3.9261049400137034,2.63581107061944,3.2054175824175832,2.237555709507883
180.19384037500004,2.8,4.08,2.89,0.1343121039999459,0.1203881219998947,0.0042586760000631,2.5705835913270745,3.9261049400137034,2.6683328128252666,3.186461538461539,2.24686889632107
180.24416143999952,2.73,4.02,2.89,0.0408432409994929,0.0267317929992714,0.0545797409995429,2.4941531628991838,3.863715828059822,2.6683328128252666,3.1330549450549445,2.262357787864309
180.29449401300008,2.73,4.02,2.89,0.0911758140000529,0.0770643659998313,0.1049123140001029,2.4941531628991838,3.863715828059822,2.6683328128252666,3.1330549450549445,2.262357787864309
180.344812755,2.73,4.02,2.89,0.1414945559999978,0.1273831079997762,0.0112599680005587,2.4941531628991838,3.863715828059822,2.6683328128252666,3.1330549450549445,2.262357787864309
180.3951585269997,2.72,3.96,2.89,0.0477036499996756,0.0339451059999191,0.0616057400002318,2.483203576028353,3.801249794475496,2.6683328128252666,3.0804395604395607,2.2420883898709985
180.44549474399992,2.72,3.96,2.89,0.0980398669998976,0.0842813230001411,0.1119419570004538,2.483203576028353,3.801249794475496,2.6683328128252666,3.0804395604395607,2.2420883898709985
180.49583939199965,2.68,3.96,2.92,0.0046149839999998,0.1346259709998776,0.0186493239998526,2.4393236767596056,3.801249794475496,2.700796178907249,3.061285714285715,2.27497701863354
180.54615554199967,2.68,4.05,2.92,0.0549311340000713,0.0409949719996802,0.0689654739999241,2.4393236767596056,3.894919768108196,2.700796178907249,3.140505494505495,2.3144146918299096
180.596320099,2.68,4.05,2.92,0.1050956910003151,0.091159528999924,0.1191300310001679,2.4393236767596056,3.894919768108196,2.700796178907249,3.140505494505495,2.3144146918299096
180.64654538499963,2.67,4.05,2.94,0.0113193729994236,0.1413848149995829,0.0250680150002153,2.428332761381768,3.894919768108196,2.722407023205751,3.127626373626374,2.326557477305303
180.69669643,2.67,4.08,2.94,0.0614704179997716,0.0474411420000251,0.0752190600005633,2.428332761381768,3.9261049400137034,2.722407023205751,3.1544285714285722,2.339900310559006
180.7470405739996,2.67,4.08,2.94,0.1118145619993811,0.0977852859996346,0.1255632040001728,2.428332761381768,3.9261049400137034,2.722407023205751,3.1544285714285722,2.339900310559006
180.7971859070003,2.61,4.04,2.96,0.0178597060003085,0.003966770000261,0.0317154300000765,2.362202362203543,3.884520562437532,2.743993440225396,3.1057692307692304,2.3629372909698994
180.8474060210001,2.61,4.04,2.96,0.0680798200000936,0.0541868840000461,0.0819355439998616,2.362202362203543,3.884520562437532,2.743993440225396,3.1057692307692304,2.3629372909698994
180.89752070800023,2.61,4.04,2.96,0.1181945070002257,0.1043015710001782,0.1320502309999938,2.362202362203543,3.884520562437532,2.743993440225396,3.1057692307692304,2.3629372909698994
180.94764301800024,2.58,4.13,2.97,0.0243076480001036,0.0104536070002723,0.0386413040005209,2.3290126663459776,3.9780397182532,2.754777667979759,3.1800549450549447,2.4232882226469186
180.99773669800012,2.58,4.13,2.97,0.0744013280000217,0.0605472870001904,0.088734984000439,2.3290126663459776,3.9780397182532,2.754777667979759,3.1800549450549447,2.4232882226469186
181.0480674299997,2.58,4.13,2.97,0.1247320599995873,0.110878018999756,0.1390657160000046,2.3290126663459776,3.9780397182532,2.754777667979759,3.1800549450549447,2.4232882226469186
181.09840123100005,2.59,4.17,3.05,0.0313787180002691,0.0169803879998653,0.0450492830004805,2.3400854685246006,4.019552213866614,2.8408449447303523,3.163615384615385,2.4618324414715715
181.1485712120002,2.59,4.17,3.05,0.0815486990004501,0.0671503690000463,0.0952192640006615,2.3400854685246006,4.019552213866614,2.8408449447303523,3.163615384615385,2.4618324414715715
181.19888812699992,2.59,4.17,3.1,0.1318656140001621,0.1174672839997583,0.0017438889999539,2.3400854685246006,4.019552213866614,2.8944602260179706,3.1298241758241754,2.478434209268992
181.2490274989996,2.54,4.23,3.1,0.0378236970000216,0.0235194829992906,0.0518832609996025,2.284622507111405,4.081764324406788,2.8944602260179706,3.185208791208791,2.533886550406116
181.29914315599945,2.54,4.23,3.1,0.0879393539999,0.073635139999169,0.1019989179994809,2.284622507111405,4.081764324406788,2.8944602260179706,3.185208791208791,2.533886550406116
181.3492785709996,2.54,4.23,3.13,0.1380747690000134,0.1237705549992824,0.0081648239993228,2.284622507111405,4.081764324406788,2.926567955814455,3.1646703296703307,2.543977185857621
181.39937592299972,2.53,4.2700000000000005,3.13,0.0444350329998997,0.0298773260001325,0.0582621759995163,2.2734995051681888,4.123202638726358,2.926567955814455,3.202032967032967,2.5680881509794555
181.449688316,2.53,4.2700000000000005,3.13,0.0947474260001399,0.0801897190003728,0.1085745689997566,2.2734995051681888,4.123202638726358,2.926567955814455,3.202032967032967,2.5680881509794555
181.50002342100012,2.49,4.2700000000000005,3.15,0.001080976000594,0.1305248240005312,0.0147923280001123,2.228901074520805,4.123202638726358,2.947948439169179,3.1882307692307696,2.5966953177257523
181.550372015,2.49,4.23,3.15,0.0514295700004368,0.036950546999833,0.065140921999955,2.228901074520805,4.081764324406788,2.947948439169179,3.1508681318681324,2.5780952221691353
181.6006932270002,2.49,4.23,3.15,0.1017507820006358,0.087271759000032,0.115462134000154,2.228901074520805,4.081764324406788,2.947948439169179,3.1508681318681324,2.5780952221691353
181.65101968599996,2.43,4.23,3.15,0.0075197910000497,0.1375982179997663,0.0220494169998346,2.161666024158219,4.081764324406788,2.947948439169179,3.1508681318681324,2.610182178690875
181.70134273500025,2.43,4.23,3.15,0.0578428400003758,0.0441919390004841,0.0723724660001607,2.161666024158219,4.081764324406788,2.947948439169179,3.1508681318681324,2.610182178690875
181.75168089499948,2.43,4.23,3.15,0.1081809999996039,0.0945300989997122,0.1227106259993888,2.161666024158219,4.081764324406788,2.947948439169179,3.1508681318681324,2.610182178690875
181.8017848290001,2.41,4.2700000000000005,3.19,0.0143333910000365,0.0004276449999451,0.0287442910002937,2.1391587131393504,4.123202638726358,2.990652102802999,3.160362637362638,2.6529957477305297
181.852113807,2.41,4.2700000000000005,3.19,0.0646623689999614,0.0507566229998701,0.0790732690002187,2.1391587131393504,4.123202638726358,2.990652102802999,3.160362637362638,2.6529957477305297
181.90239148899943,2.41,4.2700000000000005,3.19,0.1149400509993938,0.1010343049993025,0.1293509509996511,2.1391587131393504,4.123202638726358,2.990652102802999,3.160362637362638,2.6529957477305297
181.9526248739994,2.36,4.2700000000000005,3.21,0.0212201799995455,0.0072885439994934,0.0351103729999522,2.082666559965853,4.123202638726358,3.011976095522672,3.146296703296703,2.6858303153368372
182.0029631739999,2.36,4.2700000000000005,3.21,0.0715584800000215,0.0576268439999694,0.0854486730004282,2.082666559965853,4.123202638726358,3.011976095522672,3.146296703296703,2.6858303153368372
182.0533572940003,2.36,4.2700000000000005,3.21,0.1219526000004407,0.1080209640003886,0.1358427930008474,2.082666559965853,4.123202638726358,3.011976095522672,3.146296703296703,2.6858303153368372
182.10368835400004,2.36,4.33,3.23,0.0283154010003272,0.0147231310002098,0.0425612090002687,2.082666559965853,4.185307635049066,3.0332820508485523,3.1888461538461548,2.7210125418060205
182.1540159999995,2.36,4.33,3.23,0.0786430469997867,0.0650507769996693,0.0928888549997282,2.082666559965853,4.185307635049066,3.0332820508485523,3.1888461538461548,2.7210125418060205
182.2041266939996,2.36,4.33,3.23,0.1287537409998549,0.1151614709997375,0.1429995489997964,2.082666559965853,4.185307635049066,3.0332820508485523,3.1888461538461548,2.7210125418060205
182.25444959200013,2.32,4.38,3.28,0.0351056700001208,0.0212084849999882,0.0494384319999881,2.0372285095197347,4.237015459023014,3.0864704761264115,3.2009340659340664,2.7827584806497847
182.304779479,2.32,4.38,3.28,0.0854355569999825,0.0715383719998499,0.0997683189998497,2.0372285095197347,4.237015459023014,3.0864704761264115,3.2009340659340664,2.7827584806497847
182.3549221909998,2.32,4.38,3.31,0.1355782689997795,0.1216810839996469,0.0055195039994941,2.0372285095197347,4.237015459023014,3.118332887938682,3.1792087912087914,2.7934322025800284
182.40525373499983,2.36,4.38,3.31,0.042267025000001,0.0280546539997885,0.0558510479995675,2.082666559965853,4.237015459023014,3.118332887938682,3.1792087912087914,2.773084376493072
182.4555917839998,2.36,4.38,3.31,0.0926050739999482,0.0783927029997357,0.1061890969995147,2.082666559965853,4.237015459023014,3.118332887938682,3.1792087912087914,2.773084376493072
182.5059225719997,2.36,4.38,3.34,0.1429358619998311,0.1287234909996186,0.012572222000017,2.082666559965853,4.237015459023014,3.1501587261596837,3.1572857142857145,2.783855279503106
182.55622412399956,2.28,4.42,3.34,0.0492941679995055,0.0353277699996397,0.0628737739998541,1.9915571796963296,4.278352486647168,3.1501587261596837,3.195967032967033,2.843459675107502
182.6065095389995,2.28,4.42,3.34,0.0995795829994676,0.0856131849996018,0.1131591889998162,1.9915571796963296,4.278352486647168,3.1501587261596837,3.195967032967033,2.843459675107502
182.656634944,2.28,4.42,3.34,0.1497049879999394,0.1357385900000736,0.163284594000288,1.9915571796963296,4.278352486647168,3.1501587261596837,3.195967032967033,2.843459675107502
182.706956903,2.28,4.42,3.34,0.2000269469999693,0.1860605490001035,0.2136065530003179,1.9915571796963296,4.278352486647168,3.1501587261596837,3.195967032967033,2.843459675107502
182.75727514699972,2.28,4.42,3.34,0.2503451909997238,0.2363787929998579,0.2639247970000724,1.9915571796963296,4.278352486647168,3.1501587261596837,3.195967032967033,2.843459675107502
182.8075661419998,2.22,4.42,3.4,0.0123934359999111,0.2866697879999265,0.0263191530002586,1.922576396401454,4.278352486647168,3.213705026912084,3.1515274725274733,2.894640850453894
182.85770620099996,2.22,4.48,3.4,0.0625334950000251,0.0487495160004982,0.0764592120003726,1.922576396401454,4.340311048761368,3.213705026912084,3.210208791208792,2.923853941710463
182.9078475099996,2.22,4.48,3.4,0.1126748039996528,0.0988908250001259,0.1266005210000003,1.922576396401454,4.340311048761368,3.213705026912084,3.210208791208792,2.923853941710463
182.9579871750002,2.17,4.46,3.41,0.0191429440001229,0.0049258859999099,0.032769305000329,1.8646179233290665,4.319664338811524,3.224282866002919,3.183076923076923,2.9416078595317727
183.00834022900017,2.17,4.46,3.41,0.0694959980000931,0.05527893999988,0.0831223590002991,1.8646179233290665,4.319664338811524,3.224282866002919,3.183076923076923,2.9416078595317727
183.05866980300016,2.17,4.46,3.41,0.1198255720000815,0.1056085139998685,0.1334519330002876,1.8646179233290665,4.319664338811524,3.224282866002919,3.183076923076923,2.9416078595317727
183.108993799,2.13,4.58,3.45,0.0258847499999319,0.0119502190000275,0.0397941809997064,1.8179108889051736,4.4434558622765685,3.2665578213158875,3.272131868131869,3.0344634734830387
183.1593479570001,2.13,4.58,3.45,0.0762389080000502,0.0623043770001459,0.0901483389998247,1.8179108889051736,4.4434558622765685,3.2665578213158875,3.272131868131869,3.0344634734830387
183.20952356099951,2.13,4.58,3.45,0.1264145119994282,0.1124799809995238,0.1403239429992027,1.8179108889051736,4.4434558622765685,3.2665578213158875,3.272131868131869,3.0344634734830387
183.25982512300016,2.17,4.58,3.48,0.0327547540000523,0.0186868130003858,0.0468751680000423,1.8646179233290665,4.4434558622765685,3.2982267963255647,3.2492857142857146,3.0269922360248454
183.3101222059995,2.17,4.58,3.48,0.0830518369994024,0.0689838959997359,0.0971722509993924,1.8646179233290665,4.4434558622765685,3.2982267963255647,3.2492857142857146,3.0269922360248454
183.3604535659997,2.17,4.58,3.53,0.1333831969996026,0.1193152559999362,0.0033293710002908,1.8646179233290665,4.4434558622765685,3.3509401665801195,3.210769230769231,3.0459155518394656
183.41077143199985,2.14,4.5600000000000005,3.53,0.0398556210002425,0.0254339359998994,0.0536472370004048,1.829617446353199,4.422838455110022,3.3509401665801195,3.1906813186813197,3.0499696129957004
183.46111348900013,2.14,4.5600000000000005,3.53,0.0901976780005497,0.0757759930002066,0.1039892940007121,1.829617446353199,4.422838455110022,3.3509401665801195,3.1906813186813197,3.0499696129957004
183.5114786650001,2.14,4.5600000000000005,3.55,0.1405628540005636,0.1261411690002205,0.0105535950006014,1.829617446353199,4.422838455110022,3.372002372478406,3.1751208791208803,3.0576145246058295
183.56181715799997,2.12,4.5600000000000005,3.55,0.0468124500002886,0.032566816000326,0.0608920880004006,1.8061838223170976,4.422838455110022,3.372002372478406,3.1751208791208803,3.066875394171046
183.61211292000007,2.12,4.5600000000000005,3.55,0.0971082120004211,0.0828625780004586,0.1111878500005332,1.8061838223170976,4.422838455110022,3.372002372478406,3.1751208791208803,3.066875394171046
183.662253128,2.1,4.5600000000000005,3.56,0.0029193239997766,0.133002786000361,0.0172023089999129,1.7826665420094696,4.422838455110022,3.3825286399378798,3.1673076923076926,3.0798879598662214
183.71258752299943,2.1,4.6000000000000005,3.56,0.0532537189992581,0.039367227999719,0.0675367039993943,1.7826665420094696,4.464067651817119,3.3825286399378798,3.2075714285714296,3.099932298136646
183.7628936459996,2.1,4.6000000000000005,3.56,0.103559841999413,0.0896733509998739,0.1178428269995492,1.7826665420094696,4.464067651817119,3.3825286399378798,3.2075714285714296,3.099932298136646
183.81323443499969,2.08,4.6000000000000005,3.57,0.009947479999937,0.1400141399999483,0.0243598259994541,1.7590622501776338,4.464067651817119,3.393051723743686,3.1997362637362654,3.1128687052078363
183.8635663730001,2.08,4.6000000000000005,3.57,0.0602794180003911,0.0463677309999184,0.0746917639999082,1.7590622501776338,4.464067651817119,3.393051723743686,3.1997362637362654,3.1128687052078363
183.91389984099987,2.08,4.6000000000000005,3.57,0.1106128860001263,0.0967011989996535,0.1250252319996434,1.7590622501776338,4.464067651817119,3.393051723743686,3.1997362637362654,3.1128687052078363
183.96423959499955,2.06,4.58,3.56,0.0170324299997446,0.0030612559994551,0.0313025269997524,1.7353673962593628,4.4434558622765685,3.3825286399378798,3.1873956043956047,3.107975203057812
184.0145816329996,2.06,4.58,3.56,0.067374467999798,0.0534032939995086,0.0816445649998058,1.7353673962593628,4.4434558622765685,3.3825286399378798,3.1873956043956047,3.107975203057812
184.0647083519998,2.06,4.58,3.56,0.1175011870000162,0.1035300129997267,0.131771284000024,1.7353673962593628,4.4434558622765685,3.3825286399378798,3.1873956043956047,3.107975203057812
184.1150247879996,2.02,5.19,3.56,0.0238239359996441,0.0099030450001009,0.0382363879998592,1.6876907299620982,5.069911241826627,3.3825286399378798,3.842307692307693,3.4517466555183955
184.16537337199952,2.02,5.19,3.56,0.0741725199995926,0.0602516290000494,0.0885849719998077,1.6876907299620982,5.069911241826627,3.3825286399378798,3.842307692307693,3.4517466555183955
184.21569017799996,2.02,5.19,3.56,0.1244893260000026,0.1105684350004594,0.1389017780002177,1.6876907299620982,5.069911241826627,3.3825286399378798,3.842307692307693,3.4517466555183955
184.2660060600001,2.0700000000000003,4.5600000000000005,3.56,0.0308333430002676,0.0169004509998558,0.0449849070000709,1.7472263734273248,4.422838455110022,3.3825286399378798,3.1673076923076926,3.093485785953178
184.31635983100023,2.0700000000000003,4.5600000000000005,3.56,0.0811871140003859,0.0672542219999741,0.0953386780001892,1.7472263734273248,4.422838455110022,3.3825286399378798,3.1673076923076926,3.093485785953178
184.3666275200003,2.0700000000000003,4.5600000000000005,3.6,0.1314548030004516,0.1175219110000398,0.0015629830004399,1.7472263734273248,4.422838455110022,3.4246021666757147,3.1358351648351657,3.1089483755375067
184.41695048600013,2.01,4.46,3.6,0.0380576160005148,0.0238934340004561,0.0518859490002796,1.675708805252273,4.319664338811524,3.4246021666757147,3.0367142857142855,3.0862121118012427
184.46724047499995,2.01,4.46,3.6,0.0883476050003082,0.0741834230002496,0.102175938000073,1.675708805252273,4.319664338811524,3.4246021666757147,3.0367142857142855,3.0862121118012427
184.51755916,2.01,4.46,3.63,0.1386662900004012,0.1245021080003425,0.0083611500003826,1.675708805252273,4.319664338811524,3.4561249977395203,3.0128791208791212,3.09792243191591
184.56788618999963,2.06,4.71,3.63,0.0447831020001103,0.0308821889993851,0.0586881799999901,1.7353673962593628,4.5773354694625565,3.4561249977395203,3.264802197802198,3.2012167462971814
184.6182250189995,2.06,4.71,3.63,0.0951219309999942,0.0812210179992689,0.1090270089998739,1.7353673962593628,4.5773354694625565,3.4561249977395203,3.264802197802198,3.2012167462971814
184.668491034,2.02,4.71,3.61,0.0015665620003346,0.1314870329997575,0.0153377819997331,1.6876907299620982,4.5773354694625565,3.435112807463533,3.2807142857142866,3.211138198757764
184.71881692999975,2.02,4.73,3.61,0.0518924580001112,0.037830737999684,0.0656636779995096,1.6876907299620982,4.597912569851672,3.435112807463533,3.3014615384615396,3.221466722408027
184.76909071799943,2.02,4.73,3.61,0.1021662459997969,0.0881045259993698,0.1159374659991954,1.6876907299620982,4.597912569851672,3.435112807463533,3.3014615384615396,3.221466722408027
184.81921465399955,1.94,4.73,3.65,0.0082032989994331,0.1382284619994607,0.0220952740000939,1.5910688231500232,4.597912569851672,3.477125249397841,3.269549450549451,3.2715800525561396
184.869524451,1.94,4.6000000000000005,3.65,0.0585130959998423,0.044687120999697,0.072405071000503,1.5910688231500232,4.464067651817119,3.477125249397841,3.136263736263738,3.2052269469660777
184.9198516409997,1.94,4.6000000000000005,3.65,0.1088402859995767,0.0950143109994314,0.1227322610002374,1.5910688231500232,4.464067651817119,3.477125249397841,3.136263736263738,3.2052269469660777
184.97014948099968,1.97,4.5200000000000005,3.66,0.0151721459997133,0.0013228440002421,0.0290820589998475,1.627513440804714,4.381586470674749,3.4876209656440587,3.0480549450549463,3.1565099617773535
185.02047563699944,1.97,4.5200000000000005,3.66,0.0654983019994688,0.0516489999999976,0.0794082149996029,1.627513440804714,4.381586470674749,3.4876209656440587,3.0480549450549463,3.1565099617773535
185.0706138989999,1.97,4.5200000000000005,3.66,0.1156365639999421,0.1017872620004709,0.1295464770000762,1.627513440804714,4.381586470674749,3.4876209656440587,3.0480549450549463,3.1565099617773535
185.1209339879997,1.95,4.5,3.68,0.0219831209997209,0.0081065399999715,0.0359121080000477,1.6032467059064863,4.36095173098717,3.5086037108798704,3.012098901098901,3.163088365981844
185.17125769299943,1.95,4.5,3.68,0.0723068259994761,0.0584302449997267,0.0862358129998028,1.6032467059064863,4.36095173098717,3.5086037108798704,3.012098901098901,3.163088365981844
185.221578271,1.95,4.5,3.68,0.1226274040000134,0.108750823000264,0.1365563910003402,1.6032467059064863,4.36095173098717,3.5086037108798704,3.012098901098901,3.163088365981844
185.27189734399963,1.97,4.46,3.73,0.0289746359994751,0.0146952380000584,0.043124028999955,1.627513440804714,4.319664338811524,3.561011092372502,2.9320000000000004,3.154963043478261
185.32207644499977,1.97,4.46,3.73,0.0791537369996149,0.0648743390001982,0.0933031300000948,1.627513440804714,4.319664338811524,3.561011092372502,2.9320000000000004,3.154963043478261
185.3724851019997,1.97,4.46,3.73,0.1295623939995493,0.1152829960001327,0.1437117870000293,1.627513440804714,4.319664338811524,3.561011092372502,2.9320000000000004,3.154963043478261
185.4228117040002,1.9,4.42,3.73,0.0359302590004517,0.0216546330002529,0.0498794330005694,1.5420440979427272,4.278352486647168,3.561011092372502,2.8929670329670336,3.1649770664118497
185.4730749800001,1.9,4.42,3.73,0.0861935350003477,0.0719179090001489,0.1001427090004654,1.5420440979427272,4.278352486647168,3.561011092372502,2.8929670329670336,3.1649770664118497
185.5233992960002,1.9,4.42,3.75,0.1365178510004625,0.1222422250002637,0.006456046000494,1.5420440979427272,4.278352486647168,3.581954773583832,2.876527472527473,3.1730538939321558
185.57371711499945,1.89,4.4,3.75,0.0431331519994273,0.0285960589999376,0.0567738649997409,1.5297058540778354,4.2576871655865,3.581954773583832,2.8571428571428577,3.1675232919254657
185.62403762600024,1.89,4.4,3.75,0.0934536630002185,0.0789165700007288,0.107094376000532,1.5297058540778354,4.2576871655865,3.581954773583832,2.8571428571428577,3.1675232919254657
185.6743774409997,1.89,4.4,3.75,0.1437934779996794,0.1292563850001897,0.157434190999993,1.5297058540778354,4.2576871655865,3.581954773583832,2.8571428571428577,3.1675232919254657
185.72469898999952,1.89,4.4,3.75,0.1941150269994978,0.1795779340000081,0.2077557399998113,1.5297058540778354,4.2576871655865,3.581954773583832,2.8571428571428577,3.1675232919254657
185.77504390000013,1.89,4.4,3.75,0.2444599370001015,0.2299228440006118,0.258100650000415,1.5297058540778354,4.2576871655865,3.581954773583832,2.8571428571428577,3.1675232919254657
185.8252758159997,1.9,4.4,3.78,0.0061655970002902,0.2801547600001868,0.0203878889997213,1.5420440979427272,4.2576871655865,3.613350245962879,2.832318681318682,3.175599952221692
185.87560012299943,1.9,4.3500000000000005,3.78,0.0564899040000455,0.0428401780000058,0.0707121959994765,1.5420440979427272,4.205995720397253,3.613350245962879,2.7842417582417593,3.151666005733398
185.92594005999945,1.9,4.3500000000000005,3.78,0.1068298410000352,0.0931801149999955,0.1210521329994662,1.5420440979427272,4.205995720397253,3.613350245962879,2.7842417582417593,3.151666005733398
185.97608138299984,1.88,4.3500000000000005,3.82,0.0130112070000905,0.1433214380003846,0.0273650469998756,1.517333186877556,4.205995720397253,3.6551744144431737,2.7508351648351654,3.1762962016244622
186.0262332129996,1.88,4.2700000000000005,3.82,0.0631630369998674,0.0495910069994351,0.0775168769996526,1.517333186877556,4.123202638726358,3.6551744144431737,2.6750549450549457,3.1385708313425704
186.0765454379998,1.88,4.2700000000000005,3.82,0.1134752620000654,0.0999032319996331,0.1278291019998505,1.517333186877556,4.123202638726358,3.6551744144431737,2.6750549450549457,3.1385708313425704
186.1268875169999,1.87,4.4,3.8,0.01984474999972,0.0059270789997754,0.0340642609999122,1.5049252473129684,4.2576871655865,3.634267464015272,2.8156593406593418,3.196078236980412
186.17715124499955,1.87,4.4,3.8,0.0701084779993834,0.0561908069994387,0.0843279889995756,1.5049252473129684,4.2576871655865,3.634267464015272,2.8156593406593418,3.196078236980412
186.227366567,1.87,4.4,3.8,0.1203237999998236,0.106406128999879,0.1345433110000158,1.5049252473129684,4.2576871655865,3.634267464015272,2.8156593406593418,3.196078236980412
186.27766658899964,1.86,4.2700000000000005,3.82,0.0266572430000451,0.0127020709996941,0.0405798589999903,1.4924811556599296,4.123202638726358,3.6551744144431737,2.6750549450549457,3.146701266125178
186.3280007200001,1.86,4.2700000000000005,3.82,0.0769913740004994,0.0630362020001484,0.0909139900004447,1.4924811556599296,4.123202638726358,3.6551744144431737,2.6750549450549457,3.146701266125178
186.37835119200008,1.86,4.2700000000000005,3.82,0.1273418460004904,0.1133866740001394,0.1412644620004357,1.4924811556599296,4.123202638726358,3.6551744144431737,2.6750549450549457,3.146701266125178
186.42859794099968,1.88,4.29,3.86,0.0336231720002615,0.0196801439997216,0.0476995439994425,1.517333186877556,4.1439111959596815,3.696958209122737,2.6601098901098905,3.1645220974677493
186.478941376,1.88,4.29,3.86,0.0839666070005478,0.0700235790000078,0.0980429789997288,1.517333186877556,4.1439111959596815,3.696958209122737,2.6601098901098905,3.1645220974677493
186.5290834259995,1.88,4.29,3.88,0.1341086570000698,0.1201656289995298,0.0040541689995734,1.517333186877556,4.1439111959596815,3.717835391729978,2.643098901098901,3.1728796703296704
186.57942907300003,1.87,4.29,3.88,0.0404878890003601,0.0265568180002446,0.0543998160001137,1.5049252473129684,4.1439111959596815,3.717835391729978,2.643098901098901,3.1769557572861915
186.62966820400013,1.87,4.29,3.88,0.0907270200004859,0.0767959490003704,0.1046389470002395,1.5049252473129684,4.1439111959596815,3.717835391729978,2.643098901098901,3.1769557572861915
186.67981275199963,1.87,4.29,3.88,0.1408715679999659,0.1269404969998504,0.0108170489993426,1.5049252473129684,4.1439111959596815,3.717835391729978,2.643098901098901,3.1769557572861915
186.7301428740002,1.83,4.17,3.88,0.0471795560006285,0.0333036700003503,0.0611471709999023,1.454922678357857,4.019552213866614,3.717835391729978,2.531538461538462,3.137505016722408
186.78048358100023,1.83,4.17,3.88,0.0975202630006606,0.0836443770003825,0.1114878779999344,1.454922678357857,4.019552213866614,3.717835391729978,2.531538461538462,3.137505016722408
186.83064735900007,1.86,4.17,3.91,0.0037453599998116,0.1338081550002243,0.0176883929998439,1.4924811556599296,4.019552213866614,3.749133233162033,2.5058571428571432,3.1380897515527955
186.8807847830003,1.86,4.23,3.91,0.0538827840000522,0.0402526360003321,0.0678258170000845,1.4924811556599296,4.081764324406788,3.749133233162033,2.561241758241759,3.165661657907311
186.93110434000027,1.86,4.23,3.91,0.1042023410000183,0.0905721930002982,0.1181453740000506,1.4924811556599296,4.081764324406788,3.749133233162033,2.561241758241759,3.165661657907311
186.98121546899984,1.89,4.23,3.91,0.0103642550002405,0.1406833219998589,0.024285342999974,1.5297058540778354,4.081764324406788,3.749133233162033,2.561241758241759,3.1534333970377455
187.03135512799963,1.89,4.23,3.91,0.0605039140000371,0.0465844390000711,0.0744250019997707,1.5297058540778354,4.081764324406788,3.749133233162033,2.561241758241759,3.1534333970377455
187.0816848479999,1.89,4.23,3.91,0.1108336340003006,0.0969141590003346,0.1247547220000342,1.5297058540778354,4.081764324406788,3.749133233162033,2.561241758241759,3.1534333970377455
187.1319489059997,1.86,4.12,3.93,0.0171271899998828,0.0032092999999804,0.0310492090002298,1.4924811556599296,3.967656739184981,3.769986737377202,2.443076923076923,3.1238795986622074
187.18227471499995,1.86,4.12,3.93,0.0674529990001246,0.0535351090002222,0.0813750180004717,1.4924811556599296,3.967656739184981,3.769986737377202,2.443076923076923,3.1238795986622074
187.23251822699967,1.86,4.12,3.93,0.1176965109998491,0.1037786209999467,0.1316185300001962,1.4924811556599296,3.967656739184981,3.769986737377202,2.443076923076923,3.1238795986622074
187.2827468380001,1.87,4.09,3.95,0.0239651620004224,0.0100392100002864,0.0378840670000499,1.5049252473129684,3.936495903719449,3.790831043452081,2.3986923076923086,3.114859866220735
187.33312347299943,1.87,4.09,3.95,0.0743417969997608,0.0604158449996248,0.0882607019993884,1.5049252473129684,3.936495903719449,3.790831043452081,2.3986923076923086,3.114859866220735
187.3832619280001,1.87,4.09,3.95,0.1244802520004668,0.1105543000003308,0.1383991570000944,1.5049252473129684,3.936495903719449,3.790831043452081,2.3986923076923086,3.114859866220735
187.4335741699997,1.94,4.04,3.99,0.0308282710002458,0.0165755979996902,0.0447403719999783,1.5910688231500232,3.884520562437532,3.8324926614411146,2.319120879120879,3.0807797419971332
187.48391195099973,1.94,4.04,3.99,0.0811660520002988,0.0669133789997431,0.0950781530000313,1.5910688231500232,3.884520562437532,3.8324926614411146,2.319120879120879,3.0807797419971332
187.53399918099967,1.94,4.04,4.010000000000001,0.1312532820002161,0.1170006089996604,0.0011978029997408,1.5910688231500232,3.884520562437532,3.853310265213535,2.301538461538461,3.089418060200669
187.58437814399983,1.88,4.01,4.010000000000001,0.0376586700003827,0.0234116820001872,0.0515767659999255,1.517333186877556,3.8533102652135343,3.853310265213535,2.274999999999999,3.1011195652173917
187.63469638399965,1.88,4.01,4.010000000000001,0.0879769100001794,0.073729921999984,0.1018950059997223,1.517333186877556,3.8533102652135343,3.853310265213535,2.274999999999999,3.1011195652173917
187.6850250489997,1.88,4.01,4.03,0.1383055750002313,0.1240585870000359,0.0082534049997775,1.517333186877556,3.8533102652135343,3.874119254746813,2.2573296703296695,3.1098010750119447
187.7353809489996,1.93,3.97,4.03,0.0444408309995196,0.0304449859995656,0.0586093049996634,1.578860348479244,3.811666302288279,3.874119254746813,2.222252747252747,3.071632345914955
187.78569752099972,1.93,3.97,4.03,0.0947574029996758,0.0807615579997218,0.1089258769998195,1.578860348479244,3.811666302288279,3.874119254746813,2.222252747252747,3.071632345914955
187.83578355200007,1.9,3.97,4.03,0.0008397660003538,0.1308475890000409,0.015046555000481,1.5420440979427272,3.811666302288279,3.874119254746813,2.222252747252747,3.084121476349737
187.88610908200008,1.9,3.93,4.03,0.051165296000363,0.0372113310004351,0.0653720850004901,1.5420440979427272,3.769986737377202,3.874119254746813,2.187527472527472,3.066834328714763
187.9364179459999,1.9,3.93,4.03,0.1014741600001798,0.0875201950002519,0.115680949000307,1.5420440979427272,3.769986737377202,3.874119254746813,2.187527472527472,3.066834328714763
187.98657237799944,1.89,3.93,4.11,0.007628800999555,0.1376746269997966,0.0218861489993287,1.5297058540778354,3.769986737377202,3.957271787481876,2.115967032967032,3.1061118490205453
188.0367134500002,1.89,3.98,4.11,0.0577698730003248,0.04405041300015,0.0720272210000985,1.5297058540778354,3.8220805852310336,3.957271787481876,2.159428571428571,3.1277481366459634
188.0870332079994,1.89,3.98,4.11,0.1080896309995296,0.0943701709993547,0.1223469789993032,1.5297058540778354,3.8220805852310336,3.957271787481876,2.159428571428571,3.1277481366459634
188.1371263029996,1.9,3.94,4.050000000000001,0.0142144869996627,0.0003084089994445,0.0284191069995358,1.5420440979427272,3.780410030671276,3.894919768108197,2.178417582417581,3.079864405160057
188.1874468899996,1.9,3.94,4.050000000000001,0.0645350739996502,0.0506289959994319,0.0787396939995233,1.5420440979427272,3.780410030671276,3.894919768108197,2.178417582417581,3.079864405160057
188.23753278000004,1.9,3.94,4.050000000000001,0.1146209640000961,0.1007148859998778,0.1288255839999692,1.5420440979427272,3.780410030671276,3.894919768108197,2.178417582417581,3.079864405160057
188.287876507,1.86,3.92,4.11,0.0209873439998773,0.0070556830005443,0.0352598159997796,1.4924811556599296,3.759561144601853,3.957271787481876,2.107340659340658,3.1140456760630677
188.33798865599965,1.86,3.92,4.11,0.0710994929995649,0.057167832000232,0.0853719649994673,1.4924811556599296,3.759561144601853,3.957271787481876,2.107340659340658,3.1140456760630677
188.38835858499988,1.86,3.92,4.11,0.1214694219997909,0.1075377610004579,0.1357418939996932,1.4924811556599296,3.759561144601853,3.957271787481876,2.107340659340658,3.1140456760630677
188.43867834699995,1.89,3.94,4.11,0.0278414249996785,0.0139018959998793,0.0420145759999286,1.5297058540778354,3.780410030671276,3.957271787481876,2.124615384615384,3.110417224080268
188.4889949110002,1.89,3.94,4.11,0.0781579889999193,0.0642184600001201,0.0923311400001694,1.5297058540778354,3.780410030671276,3.957271787481876,2.124615384615384,3.110417224080268
188.53935925599944,1.89,3.94,4.11,0.1285223339991716,0.1145828049993724,0.1426954849994217,1.5297058540778354,3.780410030671276,3.957271787481876,2.124615384615384,3.110417224080268
188.5896810940003,1.9,3.9,4.16,0.0348697500003254,0.0209234130006734,0.0490000450008665,1.5420440979427272,3.73870298365623,4.009176972896059,2.0447142857142846,3.11146645962733
188.6400167539996,1.9,3.9,4.16,0.0852054099996166,0.0712590729999647,0.0993357050001577,1.5420440979427272,3.73870298365623,4.009176972896059,2.0447142857142846,3.11146645962733
188.69035708999945,1.9,3.9,4.16,0.1355457459994795,0.1215994089998275,0.1496760410000206,1.5420440979427272,3.73870298365623,4.009176972896059,2.0447142857142846,3.11146645962733
188.74067848899995,1.9,3.9,4.16,0.1858671449999747,0.1719208080003227,0.1999974400005157,1.5420440979427272,3.73870298365623,4.009176972896059,2.0447142857142846,3.11146645962733
188.7908198999994,1.9,3.9,4.16,0.2360085559994331,0.2220622189997811,0.2501388509999742,1.5420440979427272,3.73870298365623,4.009176972896059,2.0447142857142846,3.11146645962733
188.84113860599973,1.9,3.9,4.180000000000001,0.2863272619997588,0.2723809250001068,0.0123163219996058,1.5420440979427272,3.73870298365623,4.029925557625104,2.0263846153846146,3.1204719063545157
188.8914772729995,1.93,3.84,4.180000000000001,0.0489867449996381,0.0348218989993256,0.0626549889993839,1.578860348479244,3.676071272432024,4.029925557625104,1.9753516483516473,3.0825772336359294
188.94181034699977,1.93,3.84,4.180000000000001,0.099319818999902,0.0851549729995895,0.1129880629996478,1.578860348479244,3.676071272432024,4.029925557625104,1.9753516483516473,3.0825772336359294
188.99214353299976,1.9,3.84,4.220000000000001,0.0054099589997349,0.1354881589995784,0.0193504050002957,1.5420440979427272,3.676071272432024,4.071400250528067,1.9384285714285698,3.113206832298138
189.04228207799952,1.9,3.89,4.220000000000001,0.0555485039994891,0.041936388999602,0.0694889500000499,1.5420440979427272,3.7282703764614498,4.071400250528067,1.9809010989010978,3.134350764452939
189.09236736799997,1.9,3.89,4.220000000000001,0.1056337939999139,0.0920216790000267,0.1195742400004746,1.5420440979427272,3.7282703764614498,4.071400250528067,1.9809010989010978,3.134350764452939
189.142687044,1.92,3.89,4.220000000000001,0.0119892660004552,0.1423413550000987,0.0259100849998503,1.566620566697629,3.7282703764614498,4.071400250528067,1.9809010989010978,3.126046416626852
189.1928250660003,1.92,3.82,4.220000000000001,0.0621272880007381,0.0481122870005492,0.0760481070001333,1.566620566697629,3.655174414443174,4.071400250528067,1.9215934065934053,3.0965215002388926
189.2429736389995,1.92,3.82,4.220000000000001,0.1122758609999436,0.0982608599997547,0.1261966799993388,1.566620566697629,3.655174414443174,4.071400250528067,1.9215934065934053,3.0965215002388926
189.29334098399977,1.89,3.81,4.24,0.018737315999715,0.0047800269994695,0.0326569219996599,1.5297058540778354,3.6447222116369855,4.092126586507314,1.894615384615384,3.11390635451505
189.34368076400008,1.89,3.81,4.24,0.0690770960000008,0.0551198069997553,0.0829967019999458,1.5297058540778354,3.6447222116369855,4.092126586507314,1.894615384615384,3.11390635451505
189.39401500500023,1.89,3.81,4.24,0.1194113370002014,0.1054540479999559,0.1333309430001463,1.5297058540778354,3.6447222116369855,4.092126586507314,1.894615384615384,3.11390635451505
189.4443712060001,1.93,3.75,4.28,0.0257742450003206,0.0115185049999126,0.0397126400002889,1.578860348479244,3.581954773583832,4.133557789604495,1.8073186813186812,3.0908825609173443
189.49455890199988,1.93,3.75,4.28,0.0759619410000596,0.0617062009996516,0.0899003360000278,1.578860348479244,3.581954773583832,4.133557789604495,1.8073186813186812,3.0908825609173443
189.5449203239996,1.93,3.75,4.28,0.1263233629997557,0.1120676229993478,0.140261757999724,1.578860348479244,3.581954773583832,4.133557789604495,1.8073186813186812,3.0908825609173443
189.5952547460001,1.94,3.73,4.260000000000001,0.0327987820000998,0.0184289640001225,0.0466134819998842,1.5910688231500232,3.561011092372502,4.112845730148409,1.809648351648351,3.0692705924510277
189.64558946099987,1.94,3.73,4.260000000000001,0.0831334969998351,0.0687636789998578,0.0969481969996195,1.5910688231500232,3.561011092372502,4.112845730148409,1.809648351648351,3.0692705924510277
189.6959178050001,1.94,3.73,4.300000000000001,0.1334618410000985,0.1190920230001211,0.0033157660000142,1.5910688231500232,3.561011092372502,4.15426287083521,1.7720219780219773,3.087756593406594
189.74624551899976,1.96,3.67,4.300000000000001,0.0396828359998835,0.0256274530001974,0.0536434799996641,1.6153946886132813,3.498113777452071,4.15426287083521,1.7232307692307685,3.054988795986622
189.79637452399948,1.96,3.67,4.300000000000001,0.0898118409995731,0.075756457999887,0.1037724849993537,1.6153946886132813,3.498113777452071,4.15426287083521,1.7232307692307685,3.054988795986622
189.8465686769996,1.96,3.67,4.28,0.1400059939996936,0.1259506110000074,0.0099813809993065,1.6153946886132813,3.498113777452071,4.133557789604495,1.7420879120879118,3.0457241997133297
189.89689790099965,1.96,3.66,4.28,0.046386934000111,0.0321296679994702,0.0603106049993584,1.6153946886132813,3.4876209656440595,4.133557789604495,1.7340329670329668,3.0417142379359774
189.94704060299955,1.96,3.66,4.28,0.0965296360000138,0.082272369999373,0.1104533069992612,1.6153946886132813,3.4876209656440595,4.133557789604495,1.7340329670329668,3.0417142379359774
189.9973592739998,1.98,3.66,4.300000000000001,0.0025484340003458,0.132591040999614,0.0167649929999242,1.6396036106327652,3.4876209656440595,4.15426287083521,1.715175824175824,3.0424136168179654
190.04769381499955,1.98,3.65,4.300000000000001,0.0528829750001023,0.0389567459997124,0.0670995339996807,1.6396036106327652,3.477125249397841,4.15426287083521,1.7071428571428564,3.038414596273292
190.09802581300028,1.98,3.65,4.300000000000001,0.1032149730008313,0.0892887440004415,0.1174315320004097,1.6396036106327652,3.477125249397841,4.15426287083521,1.7071428571428564,3.038414596273292
190.14816866,1.95,3.65,4.380000000000001,0.0094165660002545,0.1394315910001751,0.023623506000149,1.6032467059064863,3.477125249397841,4.237015459023015,1.6308351648351636,3.088720114667942
190.1983105299996,1.95,3.61,4.380000000000001,0.0595584359998611,0.0456410099995991,0.0737653759997556,1.6032467059064863,3.435112807463533,4.237015459023015,1.5989230769230756,3.072833444816054
190.2486061439995,1.95,3.61,4.380000000000001,0.1098540499997398,0.0959366239994778,0.1240609899996343,1.6032467059064863,3.435112807463533,4.237015459023015,1.5989230769230756,3.072833444816054
190.29874753700005,2.0,3.5900000000000003,4.41,0.0160244879998572,0.0022407080004995,0.0302418729997953,1.6637006942355947,3.4140884581393025,4.268020618506898,1.5541208791208787,3.057725394171047
190.3488945299996,2.0,3.5900000000000003,4.41,0.0661714809994009,0.0523877010000433,0.080388865999339,1.6637006942355947,3.4140884581393025,4.268020618506898,1.5541208791208787,3.057725394171047
190.39916845199969,2.0,3.5900000000000003,4.41,0.1164454029994885,0.1026616230001309,0.1306627879994266,1.6637006942355947,3.4140884581393025,4.268020618506898,1.5541208791208787,3.057725394171047
190.44947485400007,2.02,3.62,4.470000000000001,0.0227922200001557,0.0090505230000417,0.0367109400003755,1.6876907299620982,3.4456204085766613,4.329988452640492,1.5193406593406584,3.089584806497851
190.4997714470001,2.02,3.62,4.470000000000001,0.0730888130001403,0.0593471160000262,0.0870075330003601,1.6876907299620982,3.4456204085766613,4.329988452640492,1.5193406593406584,3.089584806497851
190.55010619099997,2.02,3.62,4.470000000000001,0.1234235570000237,0.1096818599999096,0.1373422770002434,1.6876907299620982,3.4456204085766613,4.329988452640492,1.5193406593406584,3.089584806497851
190.6004178510002,2.02,3.62,4.470000000000001,0.0298734570005763,0.1599935200001709,0.0438995760005127,1.6876907299620982,3.4456204085766613,4.329988452640492,1.5193406593406584,3.089584806497851
190.65077069200012,2.02,3.62,4.470000000000001,0.0802262980005252,0.2103463610001199,0.0942524170004617,1.6876907299620982,3.4456204085766613,4.329988452640492,1.5193406593406584,3.089584806497851
190.70110386800025,2.02,3.62,4.470000000000001,0.1305594740006199,0.2606795370002146,0.1445855930005564,1.6876907299620982,3.4456204085766613,4.329988452640492,1.5193406593406584,3.089584806497851
190.75143580799977,2.02,3.62,4.470000000000001,0.1808914140001434,0.3110114769997381,0.1949175330000798,1.6876907299620982,3.4456204085766613,4.329988452640492,1.5193406593406584,3.089584806497851
190.80177052699943,2.02,3.62,4.470000000000001,0.2312261329998364,0.3613461959994311,0.2452522519997728,1.6876907299620982,3.4456204085766613,4.329988452640492,1.5193406593406584,3.089584806497851
190.85191305399985,2.02,3.62,4.49,0.2813686600002256,0.4114887229998203,0.007232212999952,1.6876907299620982,3.4456204085766613,4.350632137977193,1.499648351648351,3.0992597228858108
190.9021010710003,2.06,3.51,4.49,0.0436311590001423,0.0295379420003882,0.0574202300003889,1.7353673962593628,3.329864862122786,4.350632137977193,1.413461538461538,3.0386145484949836
190.9524335340002,2.06,3.51,4.49,0.0939636220000466,0.0798704050002925,0.1077526930002932,1.7353673962593628,3.329864862122786,4.350632137977193,1.413461538461538,3.0386145484949836
191.00250259199947,2.1,3.51,4.49,0.0004374289992483,0.1299394629995731,0.0141326609991665,1.7826665420094696,3.329864862122786,4.350632137977193,1.413461538461538,3.020527591973245
191.0527977490001,2.1,3.46,4.49,0.0507325859998673,0.0366951690002679,0.0644278179997854,1.7826665420094696,3.2771176359721967,4.350632137977193,1.3751648351648345,3.0014624940277113
191.1031339359997,2.1,3.46,4.49,0.101068772999497,0.0870313559998976,0.1147640049994151,1.7826665420094696,3.2771176359721967,4.350632137977193,1.3751648351648345,3.0014624940277113
191.15327254800013,2.0900000000000003,3.46,4.53,0.0067303710002306,0.1371699680003075,0.0206686860001354,1.7708754896942926,3.2771176359721967,4.391901638242824,1.3355164835164834,3.0254962494027713
191.20361114600016,2.0900000000000003,3.47,4.53,0.0570689690002836,0.0434221010000328,0.0710072840001885,1.7708754896942926,3.287673949770567,4.391901638242824,1.343131868131868,3.029287386526517
191.253753682,2.0900000000000003,3.47,4.53,0.107211505000123,0.0935646369998721,0.1211498200000278,1.7708754896942926,3.287673949770567,4.391901638242824,1.343131868131868,3.029287386526517
191.30397331699987,2.1,3.47,4.57,0.0134445539997614,0.1437842719997206,0.0273732699997708,1.7826665420094696,3.287673949770567,4.433147865794688,1.303131868131868,3.0443852126134736
191.35433623100016,2.1,3.46,4.57,0.06380746800005,0.0499633540002832,0.0777361840000594,1.7826665420094696,3.2771176359721967,4.433147865794688,1.2955164835164834,3.0405940754897274
191.40452133999952,2.1,3.46,4.57,0.1139925769994079,0.1001484629996412,0.1279212929994173,1.7826665420094696,3.2771176359721967,4.433147865794688,1.2955164835164834,3.0405940754897274
191.4548571429996,2.1,3.42,4.57,0.0203714979998039,0.0064451479993294,0.0344258889999764,1.7826665420094696,3.2348570292982037,4.433147865794688,1.2652747252747252,3.025538939321548
191.50518454699977,2.1,3.42,4.57,0.0706989020000037,0.0567725519995292,0.0847532930001762,1.7826665420094696,3.2348570292982037,4.433147865794688,1.2652747252747252,3.025538939321548
191.5553449859999,2.1,3.42,4.57,0.1208593410001412,0.1069329909996668,0.1349137320003137,1.7826665420094696,3.2348570292982037,4.433147865794688,1.2652747252747252,3.025538939321548
191.60569208200013,2.15,3.43,4.61,0.0272424280001359,0.0129859690005105,0.0413098160006484,1.8413038858374249,3.245427552727067,4.474371464239419,1.2324505494505489,3.0260134257047304
191.65602988699996,2.15,3.43,4.61,0.0775802329999351,0.0633237740003096,0.0916476210004475,1.8413038858374249,3.245427552727067,4.474371464239419,1.2324505494505489,3.0260134257047304
191.70637464999984,2.15,3.43,4.61,0.1279249959998196,0.1136685370001941,0.1419923840003321,1.8413038858374249,3.245427552727067,4.474371464239419,1.2324505494505489,3.0260134257047304
191.75672049100007,2.15,3.43,4.61,0.1782708370001273,0.1640143780005019,0.1923382250006398,1.8413038858374249,3.245427552727067,4.474371464239419,1.2324505494505489,3.0260134257047304
191.807058894,2.15,3.43,4.61,0.2286092399999688,0.2143527810003433,0.2426766280004813,1.8413038858374249,3.245427552727067,4.474371464239419,1.2324505494505489,3.0260134257047304
191.857376508,2.15,3.43,4.680000000000001,0.2789268540000194,0.2646703950003939,0.0049060470000767,1.8413038858374249,3.245427552727067,4.546460161488277,1.16098901098901,3.0611227902532256
191.9074600590002,2.22,3.43,4.680000000000001,0.041308181000204,0.0268451750007443,0.0549895980002475,1.922576396401454,3.245427552727067,4.546460161488277,1.16098901098901,3.027872790253226
191.95766117499988,2.22,3.43,4.680000000000001,0.0915092969999022,0.0770462910004425,0.1051907139999457,1.922576396401454,3.245427552727067,4.546460161488277,1.16098901098901,3.027872790253226
192.0077845730002,2.22,3.43,4.66,0.1416326950002258,0.127169689000766,0.0113335220003136,1.922576396401454,3.245427552727067,4.525870082094713,1.1815164835164835,3.0177875537505976
192.05794244200024,2.19,3.42,4.66,0.0474819430000934,0.0338546610000776,0.0614913910003451,1.887855926706273,3.2348570292982037,4.525870082094713,1.173989010989011,3.0284206163401817
192.10832415699952,2.19,3.42,4.66,0.097863657999369,0.0842363759993531,0.1118731059996207,1.887855926706273,3.2348570292982037,4.525870082094713,1.173989010989011,3.0284206163401817
192.15852538199945,2.23,3.42,4.680000000000001,0.0038664409994453,0.1344376009992629,0.0181177249996835,1.9341147845978528,3.2348570292982037,4.546460161488277,1.1534615384615374,3.019288461538462
192.20885880700007,2.23,3.39,4.680000000000001,0.0541998660000899,0.0404562120002083,0.0684511500003282,1.9341147845978528,3.2031234756093934,4.546460161488277,1.1310109890109878,3.0081119923554716
192.25915465900016,2.23,3.39,4.680000000000001,0.1044957180001802,0.0907520640002985,0.1187470020004184,1.9341147845978528,3.2031234756093934,4.546460161488277,1.1310109890109878,3.0081119923554716
192.3094753710002,2.23,3.39,4.720000000000001,0.0108847380006409,0.1410727760003283,0.0251151270003902,1.9341147845978528,3.2031234756093934,4.587624657706862,1.0896923076923068,3.0284120401337797
192.3598161660002,2.23,3.37,4.720000000000001,0.0612255330006519,0.0475315749999936,0.0754559220004011,1.9341147845978528,3.1819490882162147,4.587624657706862,1.0748351648351642,3.021015766841855
192.41015898000023,2.23,3.37,4.720000000000001,0.1115683470006843,0.0978743890000259,0.1257987360004335,1.9341147845978528,3.1819490882162147,4.587624657706862,1.0748351648351642,3.021015766841855
192.46048297000016,2.22,3.35,4.7,0.0178870180006924,0.0039689080003881,0.031805648000045,1.922576396401454,3.160759402422145,4.567044996493904,1.0807692307692294,3.0083285953177255
192.5108389970001,2.22,3.35,4.7,0.0682430450005995,0.0543249350002952,0.082161674999952,1.922576396401454,3.160759402422145,4.567044996493904,1.0807692307692294,3.0083285953177255
192.5611710459998,2.22,3.35,4.7,0.1185750940003345,0.1046569840000302,0.132493723999687,1.922576396401454,3.160759402422145,4.567044996493904,1.0807692307692294,3.0083285953177255
192.61149017200023,2.23,3.35,4.720000000000001,0.0250750680006603,0.0111431630002698,0.0388678480003363,1.9341147845978528,3.160759402422145,4.587624657706862,1.0600659340659329,3.0136632584806495
192.66183744799943,2.23,3.35,4.720000000000001,0.0754223439998895,0.061490438999499,0.0892151239995655,1.9341147845978528,3.160759402422145,4.587624657706862,1.0600659340659329,3.0136632584806495
192.71216142999947,2.23,3.35,4.720000000000001,0.1257463259998985,0.111814420999508,0.1395391059995745,1.9341147845978528,3.160759402422145,4.587624657706862,1.0600659340659329,3.0136632584806495
192.76248926900007,2.25,3.3600000000000003,4.7,0.0319659980004871,0.018035396000414,0.0462298749998808,1.957140771636011,3.1713561767798963,4.567044996493904,1.0881428571428562,2.9974232919254664
192.8128168659996,2.25,3.3600000000000003,4.7,0.0822935950000101,0.0683629929999369,0.0965574719994037,1.957140771636011,3.1713561767798963,4.567044996493904,1.0881428571428562,2.9974232919254664
192.86315889399972,2.25,3.3600000000000003,4.7,0.1326356230001693,0.1187050210000961,0.0025508979997539,1.957140771636011,3.1713561767798963,4.567044996493904,1.0881428571428562,2.9974232919254664
192.9134916140001,2.24,3.38,4.7,0.0391340760006642,0.0252916099998401,0.0528836180001235,1.945636142756399,3.1925381751828743,4.567044996493904,1.1029560439560426,3.0096781175346394
192.9637283279999,2.24,3.38,4.7,0.0893707900004301,0.075528323999606,0.1031203319998894,1.945636142756399,3.1925381751828743,4.567044996493904,1.1029560439560426,3.0096781175346394
193.0140513819997,2.24,3.38,4.74,0.1396938440002486,0.1258513779994245,0.0095165189995896,1.945636142756399,3.1925381751828743,4.608199214443751,1.0614615384615378,3.030064548494983
193.0643774170003,2.25,3.35,4.74,0.0461021690007328,0.0319977400004063,0.0598425540001699,1.957140771636011,3.160759402422145,4.608199214443751,1.0392747252747243,3.0141389393215476
193.1146713939997,2.25,3.35,4.74,0.0963961460001883,0.0822917169998618,0.1101365309996253,1.957140771636011,3.160759402422145,4.608199214443751,1.0392747252747243,3.0141389393215476
193.1649964090002,2.29,3.35,4.7,0.0025689500007501,0.1326167320003151,0.0165022380006121,2.0029977533686854,3.160759402422145,4.567044996493904,1.0807692307692294,2.9740133779264224
193.21534959899964,2.29,3.31,4.7,0.0529221400001915,0.0390298239999538,0.0668554280000535,2.0029977533686854,3.118332887938682,4.567044996493904,1.0514945054945044,2.9594396559961784
193.26557139600027,2.29,3.31,4.7,0.1031439370008229,0.0892516210005851,0.1170772250006848,2.0029977533686854,3.118332887938682,4.567044996493904,1.0514945054945044,2.9594396559961784
193.3157111410001,2.26,3.31,4.7,0.0093470179999712,0.1393913660003818,0.0232409890004419,1.9686289645334387,3.118332887938682,4.567044996493904,1.0514945054945044,2.9742766125179174
193.365854527,2.26,3.26,4.7,0.0594904039999164,0.0456083030003355,0.073384375000387,1.9686289645334387,3.0652079864178874,4.567044996493904,1.0153956043956032,2.9563056378404213
193.416182637,2.26,3.26,4.7,0.1098185139999259,0.095936413000345,0.1237124850003965,1.9686289645334387,3.0652079864178874,4.567044996493904,1.0153956043956032,2.9563056378404213
193.46650762799985,2.29,3.23,4.61,0.0161667450001914,0.0022848219996376,0.0302686610002638,2.0029977533686854,3.0332820508485523,4.474371464239419,1.0860769230769225,2.8855795986622077
193.5168469709997,2.29,3.23,4.61,0.0665060880000965,0.0526241649995427,0.0806080040001688,2.0029977533686854,3.0332820508485523,4.474371464239419,1.0860769230769225,2.8855795986622077
193.56718114500015,2.29,3.23,4.61,0.1168402620005508,0.102958338999997,0.1309421780006232,2.0029977533686854,3.0332820508485523,4.474371464239419,1.0860769230769225,2.8855795986622077
193.61752877300023,2.4,3.15,4.630000000000001,0.0234789169999203,0.0093350760007524,0.0371645029999854,2.12788627515664,2.947948439169179,4.494974972121648,1.0096813186813174,2.8115587434304827
193.667829127,2.4,3.15,4.630000000000001,0.0737792709996938,0.0596354300005259,0.0874648569997589,2.12788627515664,2.947948439169179,4.494974972121648,1.0096813186813174,2.8115587434304827
193.71818977600012,2.4,3.15,4.630000000000001,0.124139919999834,0.1099960790006662,0.1378255059998991,2.12788627515664,2.947948439169179,4.494974972121648,1.0096813186813174,2.8115587434304827
193.76850625499992,2.4,3.14,4.57,0.0305115649998697,0.0159759220005071,0.0441140909997557,2.12788627515664,2.937260628544903,4.433147865794688,1.0634285714285712,2.7783155279503107
193.8186624990003,2.4,3.14,4.57,0.0806678090002606,0.066132166000898,0.0942703350001465,2.12788627515664,2.937260628544903,4.433147865794688,1.0634285714285712,2.7783155279503107
193.8687544079994,2.4,3.14,4.57,0.1307597179993536,0.1162240749999909,0.000474693999422,2.12788627515664,2.937260628544903,4.433147865794688,1.0634285714285712,2.7783155279503107
193.91907731900028,2.44,3.0900000000000003,4.57,0.0369296210001266,0.0225445820005916,0.050797605000298,2.1729012862990347,2.8837475617675,4.433147865794688,1.0291978021978023,2.7402310797897753
193.96921587299948,2.44,3.0900000000000003,4.57,0.0870681749993309,0.0726831359997959,0.1009361589995023,2.1729012862990347,2.8837475617675,4.433147865794688,1.0291978021978023,2.7402310797897753
194.01950811200004,2.44,3.0900000000000003,4.550000000000001,0.137360413999886,0.122975375000351,0.0072595379997437,2.1729012862990347,2.8837475617675,4.412527620310156,1.0492417582417572,2.730383397037745
194.06984969799944,2.46,3.08,4.550000000000001,0.0438793969997277,0.0293747019995862,0.0576011239991203,2.195335965177084,2.873029759678796,4.412527620310156,1.0424615384615374,2.7163558528428102
194.1201482309998,2.46,3.08,4.550000000000001,0.0941779300001144,0.0796732349999729,0.1078996569995069,2.195335965177084,2.873029759678796,4.412527620310156,1.0424615384615374,2.7163558528428102
194.17028490099983,2.46,3.08,4.53,0.1443146000001434,0.1298099050000019,0.0142218929995578,2.195335965177084,2.873029759678796,4.391901638242824,1.0624175824175823,2.706551361681797
194.220622025,2.49,3.04,4.53,0.0498428760001843,0.0361730490003537,0.0645590169997376,2.228901074520805,2.830106005081788,4.391901638242824,1.0355164835164832,2.677017988533206
194.2709650500001,2.49,3.04,4.53,0.100185901000259,0.0865160740004284,0.1149020419998123,2.228901074520805,2.830106005081788,4.391901638242824,1.0355164835164832,2.677017988533206
194.3213343469997,2.52,3.04,4.49,0.0068343869997988,0.1368853710000621,0.0213858879997133,2.2623660181323446,2.830106005081788,4.350632137977193,1.0751648351648342,2.6412016244624943
194.37152883499948,2.52,2.95,4.49,0.0570288749995597,0.0435684619997118,0.0715803759994742,2.2623660181323446,2.7332032489370417,4.350632137977193,1.0159230769230763,2.6117095317725756
194.4218452699997,2.52,2.95,4.49,0.1073453099998005,0.0938848969999526,0.1218968109997149,2.2623660181323446,2.7332032489370417,4.350632137977193,1.0159230769230763,2.6117095317725756
194.47204726699965,2.57,2.95,4.470000000000001,0.0136093959999925,0.1440868939998836,0.02787687,2.3179301111120667,2.7332032489370417,4.329988452640492,1.035615384615384,2.5743715719063553
194.522375261,2.57,2.96,4.470000000000001,0.0639373900003192,0.0498002599997562,0.0782048640003267,2.3179301111120667,2.743993440225396,4.329988452640492,1.0421098901098895,2.577604706163403
194.5727162940002,2.57,2.96,4.470000000000001,0.1142784230005418,0.1001412929999787,0.1285458970005493,2.3179301111120667,2.743993440225396,4.329988452640492,1.0421098901098895,2.577604706163403
194.6230543129996,2.59,2.91,4.470000000000001,0.0209897159993488,0.006780940999306,0.0345391989994823,2.3400854685246006,2.689981412575188,4.329988452640492,1.0098571428571423,2.550331055900622
194.6733819479996,2.59,2.91,4.470000000000001,0.0713173509993794,0.0571085759993366,0.0848668339995128,2.3400854685246006,2.689981412575188,4.329988452640492,1.0098571428571423,2.550331055900622
194.72373271000012,2.59,2.91,4.470000000000001,0.1216681129999415,0.1074593379998987,0.135217596000075,2.3400854685246006,2.689981412575188,4.329988452640492,1.0098571428571423,2.550331055900622
194.7739604870003,2.59,2.91,4.470000000000001,0.1718958900000871,0.1576871150000443,0.1854453730002205,2.3400854685246006,2.689981412575188,4.329988452640492,1.0098571428571423,2.550331055900622
194.8243431989995,2.59,2.91,4.470000000000001,0.2222786019992781,0.2080698269992353,0.2358280849994116,2.3400854685246006,2.689981412575188,4.329988452640492,1.0098571428571423,2.550331055900622
194.8746303930002,2.59,2.91,4.470000000000001,0.2725657959999807,0.2583570209999379,0.2861152790001142,2.3400854685246006,2.689981412575188,4.329988452640492,1.0098571428571423,2.550331055900622
194.92496829399988,2.7,2.87,4.41,0.0348379679999197,0.0209767309997914,0.0487035790001755,2.4612801547162406,2.646658270347723,4.268020618506898,1.0429999999999993,2.445667391304348
194.9752901490001,2.7,2.87,4.41,0.08515982300014,0.0712985860000117,0.0990254340003957,2.4612801547162406,2.646658270347723,4.268020618506898,1.0429999999999993,2.445667391304348
195.02561270000024,2.7,2.87,4.41,0.1354823740002757,0.1216211370001474,0.0052218810005797,2.4612801547162406,2.646658270347723,4.268020618506898,1.0429999999999993,2.445667391304348
195.07575946399996,2.7,2.8200000000000003,4.41,0.041737727000509,0.0275644189996455,0.0553686450002715,2.4612801547162406,2.5923541424735936,4.268020618506898,1.0117362637362632,2.4301034878165315
195.1260896209997,2.7,2.8200000000000003,4.41,0.0920678840002438,0.0778945759993803,0.1056988020000062,2.4612801547162406,2.5923541424735936,4.268020618506898,1.0117362637362632,2.4301034878165315
195.1764294579998,2.7,2.8200000000000003,4.380000000000001,0.1424077210003815,0.1282344129995181,0.0120863860001918,2.4612801547162406,2.5923541424735936,4.237015459023015,1.0407142857142848,2.41586645962733
195.22676807100012,2.74,2.79,4.380000000000001,0.0485467440003049,0.0348596160001761,0.0624249990005409,2.505094808585096,2.559687480924185,4.237015459023015,1.022219780219779,2.383007238413761
195.2771005229997,2.74,2.79,4.380000000000001,0.0988791959998707,0.085192067999742,0.1127574510001068,2.505094808585096,2.559687480924185,4.237015459023015,1.022219780219779,2.383007238413761
195.3274171869998,2.75,2.79,4.380000000000001,0.0052135440000711,0.1355087319998347,0.0191351319999739,2.516028616689405,2.559687480924185,4.237015459023015,1.022219780219779,2.377039847109413
195.37756031299975,2.75,2.77,4.380000000000001,0.0553566700000374,0.041673589000311,0.0692782579999402,2.516028616689405,2.53787312527636,4.237015459023015,1.0099999999999987,2.370956521739131
195.42767839999945,2.75,2.77,4.380000000000001,0.1054747569996834,0.091791675999957,0.1193963449995862,2.516028616689405,2.53787312527636,4.237015459023015,1.0099999999999987,2.370956521739131
195.47799380000012,2.81,2.77,4.340000000000001,0.0118052739999257,0.1421070760006841,0.025746388000698,2.5814724480420086,2.53787312527636,4.195652511826975,1.0483296703296692,2.3158641184902056
195.52813465300005,2.81,2.68,4.340000000000001,0.0619461269998282,0.0482932180002535,0.0758872410006006,2.5814724480420086,2.4393236767596056,4.195652511826975,0.9944285714285703,2.2890307453416154
195.57848858299985,2.81,2.68,4.340000000000001,0.1123000569996293,0.0986471480000545,0.1262411710004016,2.5814724480420086,2.4393236767596056,4.195652511826975,0.9944285714285703,2.2890307453416154
195.62881018699957,2.81,2.67,4.340000000000001,0.0186735709994536,0.0047563059997628,0.0325921979992926,2.5814724480420086,2.428332761381768,4.195652511826975,0.9885494505494499,2.2861039655996183
195.6791644169998,2.81,2.67,4.340000000000001,0.06902780099972,0.0551105360000292,0.082946427999559,2.5814724480420086,2.428332761381768,4.195652511826975,0.9885494505494499,2.2861039655996183
195.72948095099943,2.81,2.67,4.340000000000001,0.1193443349993685,0.1054270699996777,0.1332629619992076,2.5814724480420086,2.428332761381768,4.195652511826975,0.9885494505494499,2.2861039655996183
195.7796062289999,2.84,2.7,4.340000000000001,0.0257632100001501,0.0111966490003396,0.0395694959997854,2.614096402200959,2.4612801547162406,4.195652511826975,1.006252747252746,2.2764932154801722
195.82993350800007,2.84,2.7,4.340000000000001,0.0760904890003075,0.0615239280004971,0.0898967749999428,2.614096402200959,2.4612801547162406,4.195652511826975,1.006252747252746,2.2764932154801722
195.88024188500003,2.84,2.7,4.340000000000001,0.1263988660002724,0.1118323050004619,0.1402051519999076,2.614096402200959,2.4612801547162406,4.195652511826975,1.006252747252746,2.2764932154801722
195.93057794099968,2.91,2.62,4.32,0.0325139079996006,0.0182353109994437,0.0464390589995673,2.689981412575188,2.3732467212660384,4.174961077662881,0.9785164835164828,2.2001092928810317
195.980694762,2.91,2.62,4.32,0.0826307289999022,0.0683521319997453,0.0965558799998689,2.689981412575188,2.3732467212660384,4.174961077662881,0.9785164835164828,2.2001092928810317
196.030969167,2.91,2.62,4.300000000000001,0.1329051339998841,0.1186265369997272,0.0029944879997856,2.689981412575188,2.3732467212660384,4.15426287083521,0.997461538461538,2.1908015050167218
196.08108722299949,2.88,2.6,4.300000000000001,0.0392791619997296,0.0248015519991895,0.0531125439993047,2.6574988240825244,2.3511486554448235,4.15426287083521,0.9859890109890108,2.2039706163401815
196.13124963100017,2.88,2.6,4.300000000000001,0.0894415700004174,0.0749639599998772,0.1032749519999924,2.6574988240825244,2.3511486554448235,4.15426287083521,0.9859890109890108,2.2039706163401815
196.1815830449996,2.88,2.6,4.300000000000001,0.1397749839998141,0.125297373999274,0.0094690249998166,2.6574988240825244,2.3511486554448235,4.15426287083521,0.9859890109890108,2.2039706163401815
196.231907034,2.92,2.62,4.300000000000001,0.0454757360002986,0.0318396080001548,0.0597930140002063,2.700796178907249,2.3732467212660384,4.15426287083521,0.997461538461538,2.184464548494984
196.28203579599997,2.92,2.62,4.300000000000001,0.0956044980002843,0.0819683700001405,0.109921776000192,2.700796178907249,2.3732467212660384,4.15426287083521,0.997461538461538,2.184464548494984
196.33237346199985,2.97,2.62,4.260000000000001,0.0022597019997192,0.1323060360000454,0.0164148739995653,2.7547776679797598,2.3732467212660384,4.112845730148409,1.0350879120879117,2.1339676779741996
196.38257884499944,2.97,2.5900000000000003,4.260000000000001,0.0524650849993122,0.0383543989992176,0.0666202569991583,2.7547776679797598,2.340085468524601,4.112845730148409,1.0179120879120878,2.125417104634496
196.4328720200001,2.97,2.5900000000000003,4.260000000000001,0.1027582599999732,0.0886475739998786,0.1169134319998193,2.7547776679797598,2.340085468524601,4.112845730148409,1.0179120879120878,2.125417104634496
196.48319693400023,3.0,2.5900000000000003,4.24,0.0089323290003449,0.1389724880000358,0.0231392280002182,2.787095262096364,2.340085468524601,4.092126586507314,1.0365934065934064,2.0967715002388916
196.53352616499976,3.0,2.53,4.24,0.059261559999868,0.0453338850002182,0.0734684589997414,2.787095262096364,2.273499505168189,4.092126586507314,1.0028351648351643,2.079965766841854
196.58385674700003,3.0,2.53,4.24,0.1095921420001104,0.0956644670004607,0.1237990409999838,2.787095262096364,2.273499505168189,4.092126586507314,1.0028351648351643,2.079965766841854
196.63399891399968,3.03,2.52,4.220000000000001,0.0157677249999323,0.0020369489993754,0.0300321009999606,2.819361629872976,2.2623660181323446,4.071400250528067,1.0158791208791196,2.0484050406115624
196.68434436699957,3.03,2.52,4.220000000000001,0.0661131779997958,0.0523824019992389,0.0803775539998241,2.819361629872976,2.2623660181323446,4.071400250528067,1.0158791208791196,2.0484050406115624
196.73448300200016,3.03,2.52,4.220000000000001,0.1162518130004173,0.1025210369998603,0.1305161890004456,2.819361629872976,2.2623660181323446,4.071400250528067,1.0158791208791196,2.0484050406115624
196.7846419919997,3.05,2.45,4.220000000000001,0.0224410319997332,0.008517751999534,0.0363657139996576,2.8408449447303523,2.184124538573751,4.071400250528067,0.9776483516483505,2.016155375059723
196.8349602569997,3.05,2.45,4.220000000000001,0.0727592969997203,0.0588360169995212,0.0866839789996447,2.8408449447303523,2.184124538573751,4.071400250528067,0.9776483516483505,2.016155375059723
196.88510289700025,3.05,2.45,4.220000000000001,0.1229019370002788,0.1089786570000796,0.1368266190002032,2.8408449447303523,2.184124538573751,4.071400250528067,0.9776483516483505,2.016155375059723
196.93544289500005,3.11,2.47,4.2,0.0295629660004124,0.0153502980001576,0.0433681390004494,2.9051678092667896,2.2065357463680484,4.050666611806013,1.0069670329670326,1.9722727185857625
196.98575370700016,3.11,2.47,4.2,0.0798737780005467,0.0656611100002919,0.0936789510005837,2.9051678092667896,2.2065357463680484,4.050666611806013,1.0069670329670326,1.9722727185857625
197.03589217099943,3.11,2.47,4.2,0.1300122419997933,0.1157995739995385,0.1438174149998303,2.9051678092667896,2.2065357463680484,4.050666611806013,1.0069670329670326,1.9722727185857625
197.0862209119996,3.14,2.38,4.2,0.0363318589998016,0.0221648449996791,0.0501562989993544,2.937260628544903,2.1053028285735995,4.050666611806013,0.9589999999999994,1.928013043478261
197.13655659799952,3.14,2.38,4.2,0.0866675449997274,0.0725005309996049,0.1004919849992802,2.937260628544903,2.1053028285735995,4.050666611806013,0.9589999999999994,1.928013043478261
197.1868973339997,3.14,2.38,4.16,0.1370082809999075,0.1228412669997851,0.0067269089995534,2.937260628544903,2.1053028285735995,4.009176972896059,0.9957472527472516,1.9099589584328716
197.2372282529996,3.18,2.37,4.16,0.0434182389999477,0.0292123519993765,0.0570578279994151,2.979983221429275,2.093991403993818,4.009176972896059,0.9905274725274716,1.8798821548017204
197.28739837800003,3.18,2.37,4.16,0.0935883640004249,0.0793824769998536,0.1072279529998923,2.979983221429275,2.093991403993818,4.009176972896059,0.9905274725274716,1.8798821548017204
197.33762864399975,3.18,2.37,4.16,0.1438186300001689,0.1296127429995976,0.0135037720001491,2.979983221429275,2.093991403993818,4.009176972896059,0.9905274725274716,1.8798821548017204
197.3879648109996,3.2,2.37,4.16,0.0498892790001264,0.0359947619999729,0.0638399389999904,3.0013163778582226,2.093991403993818,4.009176972896059,0.9905274725274716,1.866012589584329
197.4382682559999,3.2,2.37,4.16,0.1001927240004079,0.0862982070002544,0.1141433840002719,3.0013163778582226,2.093991403993818,4.009176972896059,0.9905274725274716,1.866012589584329
197.48858150100023,3.23,2.37,4.16,0.0065475060000608,0.1366114520005794,0.0204785120004089,3.0332820508485523,2.093991403993818,4.009176972896059,0.9905274725274716,1.8450451982799814
197.53889796800013,3.23,2.3600000000000003,4.16,0.0568639729999631,0.0431943990006402,0.0707949790003112,3.0332820508485523,2.0826665599658534,4.009176972896059,0.9853296703296697,1.8424575967510757
197.58923605499967,3.23,2.3600000000000003,4.16,0.1072020599995084,0.0935324860001856,0.1211330659998566,3.0332820508485523,2.0826665599658534,4.009176972896059,0.9853296703296697,1.8424575967510757
197.63947594,3.27,2.3600000000000003,4.11,0.0135045460001492,0.1437723710005229,0.0273967240000274,3.075841348314311,2.0826665599658534,3.957271787481876,1.0307692307692304,1.7918720735785951
197.68981261999943,3.27,2.3200000000000003,4.11,0.0638412259995675,0.0497983879995445,0.0777334039994457,3.075841348314311,2.037228509519735,3.957271787481876,1.0101978021978018,1.7816310797897756
197.74015015900025,3.27,2.3200000000000003,4.11,0.1141787650003607,0.1001359270003376,0.1280709430002389,3.075841348314311,2.037228509519735,3.957271787481876,1.0101978021978018,1.7816310797897756
197.79048185200008,3.27,2.3200000000000003,4.11,0.1645104580002225,0.1504676200001995,0.1784026360001007,3.075841348314311,2.037228509519735,3.957271787481876,1.0101978021978018,1.7816310797897756
197.8406233879996,3.27,2.3200000000000003,4.11,0.2146519939997233,0.2006091559997003,0.2285441719996015,3.075841348314311,2.037228509519735,3.957271787481876,1.0101978021978018,1.7816310797897756
197.89075953100016,3.27,2.3200000000000003,4.11,0.2647881370003233,0.2507452990003003,0.2786803150002015,3.075841348314311,2.037228509519735,3.957271787481876,1.0101978021978018,1.7816310797897756
197.94090014099947,3.33,2.22,4.090000000000001,0.0269809100000202,0.0127098839993777,0.0409038119996694,3.1395541084682708,1.922576396401454,3.93649590371945,0.9783296703296693,1.7048967271858584
197.9912352499996,3.33,2.22,4.090000000000001,0.0773160190001363,0.0630449929994938,0.0912389209997854,3.1395541084682708,1.922576396401454,3.93649590371945,0.9783296703296693,1.7048967271858584
198.0413596999997,3.33,2.22,4.090000000000001,0.1274404690002484,0.1131694429996059,0.1413633709998976,3.1395541084682708,1.922576396401454,3.93649590371945,0.9783296703296693,1.7048967271858584
198.09166775299943,3.33,2.23,4.07,0.0337946489999012,0.0195195559999774,0.0477212089999738,3.1395541084682708,1.9341147845978528,3.915711940375594,1.001153846153846,1.698520066889632
198.14199114300027,3.33,2.23,4.07,0.0841180390007139,0.0698429460007901,0.0980445990007865,3.1395541084682708,1.9341147845978528,3.915711940375594,1.001153846153846,1.698520066889632
198.1921343309996,3.33,2.23,4.07,0.1342612270000245,0.1199861340001007,0.0043523399999685,3.1395541084682708,1.9341147845978528,3.915711940375594,1.001153846153846,1.698520066889632
198.2424869489996,3.36,2.19,4.07,0.0406339020000814,0.0263669299993125,0.054704958000002,3.171356176779896,1.887855926706273,3.915711940375594,0.9817252747252748,1.6670327998088867
198.2927811970003,3.36,2.19,4.07,0.0909281500007637,0.0766611779999948,0.1049992060006843,3.171356176779896,1.887855926706273,3.915711940375594,0.9817252747252748,1.6670327998088867
198.34292720099984,3.36,2.19,4.050000000000001,0.1410741540003073,0.1268071819995384,0.0112347670001327,3.171356176779896,1.887855926706273,3.894919768108197,0.9995714285714273,1.6582649068322988
198.3932470259997,3.38,2.17,4.050000000000001,0.0470789659993897,0.0331612979998681,0.0615545919999931,3.1925381751828743,1.8646179233290665,3.894919768108197,0.9899890109890097,1.6388423554706173
198.4435457059999,3.38,2.17,4.050000000000001,0.0973776459995861,0.0834599780000644,0.1118532720001894,3.1925381751828743,1.8646179233290665,3.894919768108197,0.9899890109890097,1.6388423554706173
198.4938752079997,3.45,2.17,4.03,0.0037387929996839,0.1337894799999048,0.018024467000032,3.266557821315888,1.8646179233290665,3.874119254746813,1.0077472527472526,1.5781502627806974
198.5442066099995,3.45,2.17,4.03,0.0540701949994399,0.0401580580000882,0.068355868999788,3.266557821315888,1.8646179233290665,3.874119254746813,1.0077472527472526,1.5781502627806974
198.59450346999984,3.45,2.17,4.03,0.1043670549997841,0.0904549180004323,0.1186527290001322,3.266557821315888,1.8646179233290665,3.874119254746813,1.0077472527472526,1.5781502627806974
198.64464262299956,3.48,2.17,4.010000000000001,0.0108107309997649,0.1405940710001232,0.0247925079993365,3.2982267963255647,1.8646179233290665,3.853310265213535,1.0254175824175817,1.5468709268991883
198.69477530899985,3.48,2.13,4.010000000000001,0.0609434170000895,0.0467702969999663,0.0749251939996611,3.2982267963255647,1.8179108889051736,3.853310265213535,1.0065164835164826,1.5374614667940758
198.7451202989996,3.48,2.13,4.010000000000001,0.1112884069998472,0.097115286999724,0.1252701839994188,3.2982267963255647,1.8179108889051736,3.853310265213535,1.0065164835164826,1.5374614667940758
198.7952416549997,3.5,2.11,4.03,0.0171731729997191,0.0033926790001714,0.031065486999978,3.319322219972023,1.794435844492636,3.874119254746813,0.979527472527472,1.5263299808886766
198.84555882199948,3.5,2.11,4.03,0.0674903399994946,0.0537098459999469,0.0813826539997535,3.319322219972023,1.794435844492636,3.874119254746813,0.979527472527472,1.5263299808886766
198.8957014460002,3.5,2.11,4.03,0.1176329640002222,0.1038524700006746,0.1315252780004812,3.319322219972023,1.794435844492636,3.874119254746813,0.979527472527472,1.5263299808886766
198.94603706599992,3.48,2.08,3.95,0.0239925300002141,0.0102169760002652,0.0379521969998677,3.2982267963255647,1.7590622501776338,3.790831043452081,1.0358681318681324,1.5001604395604393
198.9963763790001,3.48,2.08,3.95,0.0743318430004364,0.0605562890004875,0.08829151000009,3.2982267963255647,1.7590622501776338,3.790831043452081,1.0358681318681324,1.5001604395604393
199.04672189699977,3.48,2.08,3.95,0.1246773610000673,0.1109018070001184,0.1386370279997208,3.2982267963255647,1.7590622501776338,3.790831043452081,1.0358681318681324,1.5001604395604393
199.09701795899943,3.54,2.1,3.95,0.0309954939993986,0.0171762769996348,0.1889330899994092,3.3614728914569576,1.7826665420094696,3.790831043452081,1.0450549450549458,1.458951266125179
199.1473547759997,3.54,2.1,3.95,0.0813323109996417,0.067513093999878,0.2392699069996524,3.3614728914569576,1.7826665420094696,3.790831043452081,1.0450549450549458,1.458951266125179
199.1975686529995,3.54,2.1,3.95,0.1315461879994472,0.1177269709996835,0.2894837839994579,3.3614728914569576,1.7826665420094696,3.790831043452081,1.0450549450549458,1.458951266125179
199.2479038069996,3.57,2.03,3.95,0.0379649890001019,0.0239907039995159,0.3398189379995529,3.393051723743686,1.6996470221784283,3.790831043452081,1.0132857142857148,1.4199509316770178
199.2982325499997,3.57,2.03,3.95,0.0882937320002383,0.0743194469996524,0.3901476809996893,3.393051723743686,1.6996470221784283,3.790831043452081,1.0132857142857148,1.4199509316770178
199.3485445639999,3.57,2.03,3.95,0.138605746000394,0.124631460999808,0.0085773029995834,3.393051723743686,1.6996470221784283,3.790831043452081,1.0132857142857148,1.4199509316770178
199.3988684699998,3.58,2.03,3.95,0.0449511260003419,0.0310237020003114,0.0589012089994867,3.403571653425266,1.6996470221784283,3.790831043452081,1.0132857142857148,1.4121791925465834
199.44920671699947,3.58,2.03,3.95,0.0952893730000141,0.0813619489999837,0.1092394559991589,3.403571653425266,1.6996470221784283,3.790831043452081,1.0132857142857148,1.4121791925465834
199.49953450300015,3.63,2.03,3.95,0.0016610080001555,0.1316897350006911,0.0155249460003688,3.4561249977395203,1.6996470221784283,3.790831043452081,1.0132857142857148,1.3729944099378875
199.5496977189996,3.63,1.97,3.95,0.0518242239995743,0.0378966130001572,0.0656881619997875,3.4561249977395203,1.6275134408047145,3.790831043452081,0.9869120879120886,1.3598649307214523
199.60001733099944,3.63,1.97,3.95,0.1021438359994135,0.0882162249999964,0.1160077739996268,3.4561249977395203,1.6275134408047145,3.790831043452081,0.9869120879120886,1.3598649307214523
199.6503661629995,3.73,1.97,3.91,0.0085263080000004,0.1385650570000507,0.0224341179991824,3.561011092372502,1.6275134408047145,3.749133233162033,1.0214615384615386,1.262890635451505
199.70070678699997,3.73,2.0,3.91,0.0588669320004555,0.0449391629999809,0.0727747419996376,3.561011092372502,1.6637006942355947,3.749133233162033,1.0345494505494508,1.269406139512661
199.7510431379997,3.73,2.0,3.91,0.1092032830001699,0.0952755139996952,0.1231110929993519,3.561011092372502,1.6637006942355947,3.749133233162033,1.0345494505494508,1.269406139512661
199.80136013299943,3.72,1.99,3.88,0.0155446689996097,0.0016215509995163,0.0294706329996188,3.5505351709284616,1.6516658257650063,3.717835391729978,1.0558461538461539,1.2627038461538458
199.8516860640002,3.72,1.99,3.88,0.0658706000003803,0.0519474820002869,0.0797965640003894,3.5505351709284616,1.6516658257650063,3.717835391729978,1.0558461538461539,1.2627038461538458
199.90202501000024,3.72,1.99,3.88,0.1162095460003911,0.1022864280002977,0.1301355100004002,3.5505351709284616,1.6516658257650063,3.717835391729978,1.0558461538461539,1.2627038461538458
199.95235829400008,3.78,1.95,3.9,0.022765550999793,0.0086489630002688,0.0364838410005177,3.613350245962879,1.6032467059064863,3.73870298365623,1.0214285714285714,1.2135698757763975
200.00269400399972,3.78,1.95,3.9,0.073101260999465,0.0589846729999408,0.0868195510001896,3.613350245962879,1.6032467059064863,3.73870298365623,1.0214285714285714,1.2135698757763975
200.05292923599973,3.78,1.95,3.9,0.1233364929994422,0.109219904999918,0.1370547830001669,3.613350245962879,1.6032467059064863,3.73870298365623,1.0214285714285714,1.2135698757763975
200.103274739,3.77,1.9,3.87,0.0297228449999238,0.0152654169996822,0.043636162000439,3.602887730696031,1.5420440979427272,3.7073980093860976,1.0258901098901094,1.1986605112279027
200.15357390400004,3.77,1.9,3.87,0.0800220099999933,0.0655645819997516,0.0939353270005085,3.602887730696031,1.5420440979427272,3.7073980093860976,1.0258901098901094,1.1986605112279027
200.20373477500016,3.77,1.9,3.87,0.1301828810001097,0.1157254529998681,0.144096198000625,3.602887730696031,1.5420440979427272,3.7073980093860976,1.0258901098901094,1.1986605112279027
200.2538509449996,3.82,1.89,3.83,0.0362497939995591,0.0218880279999211,0.049669693999931,3.6551744144431737,1.5297058540778354,3.6656240942027862,1.0555714285714288,1.1387083850931679
200.30415051799991,3.82,1.89,3.83,0.0865493669998613,0.0721876010002233,0.0999692670002332,3.6551744144431737,1.5297058540778354,3.6656240942027862,1.0555714285714288,1.1387083850931679
200.35447584899973,3.82,1.89,3.85,0.1368746979997013,0.1225129320000633,0.006709733000207,3.6551744144431737,1.5297058540778354,3.6865159703980663,1.0386923076923078,1.147001170568562
200.40476441400008,3.88,1.87,3.85,0.04327938500046,0.0288289740001346,0.0569982980005079,3.717835391729978,1.5049252473129688,3.6865159703980663,1.0304285714285717,1.0926698757763975
200.45508450099987,3.88,1.87,3.85,0.0935994720002781,0.0791490609999527,0.107318385000326,3.717835391729978,1.5049252473129688,3.6865159703980663,1.0304285714285717,1.0926698757763975
200.50550806999945,3.88,1.87,3.84,0.1440230409998548,0.1295726299995294,0.013783618999696,3.717835391729978,1.5049252473129688,3.676071272432024,1.0388791208791208,1.0885180840898234
200.55583197400028,3.92,1.79,3.84,0.0498474070000156,0.0359278780006206,0.0641075230005299,3.759561144601853,1.4042791745233565,3.676071272432024,1.0067032967032965,1.038587075967511
200.6061758549995,3.92,1.79,3.84,0.1001912879992232,0.0862717589998283,0.1144514039997375,3.759561144601853,1.4042791745233565,3.676071272432024,1.0067032967032965,1.038587075967511
200.6563264460001,3.95,1.79,3.86,0.0066186060003019,0.13642235000043,0.0206271759998344,3.7908310434520818,1.4042791745233565,3.696958209122737,0.9897802197802201,1.0212384137601527
200.70666103700023,3.95,1.75,3.86,0.0569531970004391,0.0430759780001608,0.0709617669999715,3.7908310434520818,1.3529227620230209,3.696958209122737,0.9742197802197807,1.0134920210224554
200.75704144300016,3.95,1.75,3.86,0.1073336030003702,0.0934563840000919,0.1213421729999026,3.7908310434520818,1.3529227620230209,3.696958209122737,0.9742197802197807,1.0134920210224554
200.807186258,3.95,1.75,3.86,0.1574784180002097,0.1436011989999315,0.1714869879997422,3.7908310434520818,1.3529227620230209,3.696958209122737,0.9742197802197807,1.0134920210224554
200.8573393870001,3.95,1.75,3.86,0.2076315470003464,0.1937543280000682,0.2216401169998789,3.7908310434520818,1.3529227620230209,3.696958209122737,0.9742197802197807,1.0134920210224554
200.9076309980001,3.95,1.75,3.86,0.257923158000267,0.2440459389999887,0.2719317279997995,3.7908310434520818,1.3529227620230209,3.696958209122737,0.9742197802197807,1.0134920210224554
200.95774558099947,3.94,1.77,3.84,0.0199217299996234,0.0059167229992453,0.0337812119996669,3.780410030671276,1.378695035169127,3.676071272432024,0.9988791208791209,1.0176050406115627
201.00786577300005,3.94,1.77,3.84,0.0700419220002004,0.0560369149998223,0.0839014040002439,3.780410030671276,1.378695035169127,3.676071272432024,0.9988791208791209,1.0176050406115627
201.05818867000016,3.94,1.77,3.84,0.120364819000315,0.1063598119999369,0.1342243010003585,3.780410030671276,1.378695035169127,3.676071272432024,0.9988791208791209,1.0176050406115627
201.1085210000001,3.95,1.7799999999999998,3.79,0.0266673020005328,0.0128635640003267,0.0406523070005278,3.7908310434520818,1.391509971218316,3.623810149552539,1.044703296703297,0.9903740324892497
201.15863495299985,3.95,1.7799999999999998,3.79,0.0767812550002418,0.0629775170000357,0.0907662600002368,3.7908310434520818,1.391509971218316,3.623810149552539,1.044703296703297,0.9903740324892497
201.20874621300027,3.95,1.7799999999999998,3.79,0.1268925150006907,0.1130887770004847,0.1408775200006857,3.7908310434520818,1.391509971218316,3.623810149552539,1.044703296703297,0.9903740324892497
201.2590680229996,3.96,1.7799999999999998,3.8,0.0332554970000273,0.0193241050001233,0.0472064149998914,3.801249794475496,1.391509971218316,3.634267464015272,1.0363626373626376,0.985874008600095
201.30936090199972,3.96,1.7799999999999998,3.8,0.0835483760001807,0.0696169840002767,0.0974992940000447,3.801249794475496,1.391509971218316,3.634267464015272,1.0363626373626376,0.985874008600095
201.35968583700011,3.96,1.7799999999999998,3.79,0.1338733110005705,0.1199419190006665,0.0038219910002226,3.801249794475496,1.391509971218316,3.623810149552539,1.044703296703297,0.9817762064022927
201.4100187289996,3.98,1.7599999999999998,3.79,0.0403283489995374,0.0261324610000883,0.0541548829996827,3.8220805852310336,1.3658330791132565,3.623810149552539,1.0369230769230773,0.9606421404682269
201.46019938300012,3.98,1.7599999999999998,3.79,0.0905090030000792,0.0763131150006302,0.1043355370002245,3.8220805852310336,1.3658330791132565,3.623810149552539,1.0369230769230773,0.9606421404682269
201.5103563749999,3.98,1.7599999999999998,3.79,0.1406659949998356,0.1264701070003866,0.0105249019998154,3.8220805852310336,1.3658330791132565,3.623810149552539,1.0369230769230773,0.9606421404682269
201.56068473399955,3.96,1.7799999999999998,3.79,0.0470863139998982,0.0329873900000166,0.0608532609994654,3.801249794475496,1.391509971218316,3.623810149552539,1.044703296703297,0.9817762064022927
201.6110021509994,3.96,1.7799999999999998,3.79,0.0974037309997584,0.0833048069998767,0.1111706779993255,3.801249794475496,1.391509971218316,3.623810149552539,1.044703296703297,0.9817762064022927
201.6611178610001,3.95,1.7799999999999998,3.76,0.0035819190006805,0.1334205170005589,0.0173162900000534,3.7908310434520818,1.391509971218316,3.592422580933373,1.0695934065934067,0.9781454132823696
201.711453848,3.95,1.7799999999999998,3.76,0.0539179060006063,0.039906510000037,0.0676522769999792,3.7908310434520818,1.391509971218316,3.592422580933373,1.0695934065934067,0.9781454132823696
201.7615946750002,3.95,1.7799999999999998,3.76,0.1040587330007838,0.0900473370002146,0.1177931040001567,3.7908310434520818,1.391509971218316,3.592422580933373,1.0695934065934067,0.9781454132823696
201.81183789399984,3.96,1.7799999999999998,3.81,0.0102650580001864,0.1402905559998544,0.0243138109999563,3.801249794475496,1.391509971218316,3.6447222116369855,1.0279999999999998,0.9899826086956518
201.8621454220001,3.96,1.77,3.81,0.0605725860004895,0.0466240450004988,0.0746213390002594,3.801249794475496,1.378695035169127,3.6447222116369855,1.024098901098901,0.9880405398948873
201.912467657,3.96,1.77,3.81,0.1108948210003291,0.0969462800003384,0.124943574000099,3.801249794475496,1.378695035169127,3.6447222116369855,1.024098901098901,0.9880405398948873
201.962586011,3.98,1.81,3.79,0.0168482950002726,0.002982191999763,0.030855103000249,3.8220805852310336,1.4296852800529212,3.623810149552539,1.0565384615384619,0.970407190635451
202.01271159599943,3.98,1.81,3.79,0.0669738799997503,0.0531077769992407,0.0809806879997268,3.8220805852310336,1.4296852800529212,3.623810149552539,1.0565384615384619,0.970407190635451
202.0628460729995,3.98,1.81,3.79,0.117108356999779,0.1032422539992694,0.1311151649997555,3.8220805852310336,1.4296852800529212,3.623810149552539,1.0565384615384619,0.970407190635451
202.11317228000007,3.98,1.7599999999999998,3.76,0.0235093600003892,0.0093019420000928,0.0374840940003196,3.8220805852310336,1.3658330791132565,3.592422580933373,1.061813186813187,0.9484135212613469
202.1635093269997,3.98,1.7599999999999998,3.76,0.0738464070000191,0.0596389889997226,0.0878211409999494,3.8220805852310336,1.3658330791132565,3.592422580933373,1.061813186813187,0.9484135212613469
202.21384064599988,3.98,1.7599999999999998,3.76,0.1241777260001981,0.1099703079999017,0.1381524600001284,3.8220805852310336,1.3658330791132565,3.592422580933373,1.061813186813187,0.9484135212613469
202.2641915730001,3.98,1.7400000000000002,3.82,0.0306011530001342,0.0163557639998543,0.0444564280005579,3.8220805852310336,1.339962686047638,3.6551744144431737,1.0041428571428572,0.9691385093167698
202.31435241300005,3.98,1.7400000000000002,3.82,0.0807619930001237,0.0665166039998439,0.0946172680005474,3.8220805852310336,1.339962686047638,3.6551744144431737,1.0041428571428572,0.9691385093167698
202.36443648400015,3.98,1.7400000000000002,3.79,0.1308460640002522,0.1166006749999724,0.0010874879999391,3.8220805852310336,1.339962686047638,3.623810149552539,1.0292307692307696,0.9568127090300996
202.4147647640002,3.97,1.7400000000000002,3.79,0.0372128940007314,0.022960760999922,0.0514157679999698,3.811666302288279,1.339962686047638,3.623810149552539,1.0292307692307696,0.9654540133779259
202.4649093170001,3.97,1.7400000000000002,3.79,0.0873574470006133,0.0731053139998039,0.1015603209998516,3.811666302288279,1.339962686047638,3.623810149552539,1.0292307692307696,0.9654540133779259
202.51524763399996,3.97,1.7400000000000002,3.82,0.1376957640004548,0.1234436309996453,0.0076416140000219,3.811666302288279,1.339962686047638,3.6551744144431737,1.0041428571428572,0.9777798136645959
202.5655875080001,3.97,1.75,3.82,0.0442560130004494,0.0298127180003575,0.0579814880002231,3.811666302288279,1.3529227620230209,3.6551744144431737,1.0079780219780219,0.9796890587673189
202.61592088,3.97,1.75,3.82,0.0945893850002903,0.0801460900001984,0.108314860000064,3.811666302288279,1.3529227620230209,3.6551744144431737,1.0079780219780219,0.9796890587673189
202.6660109100003,3.96,1.75,3.78,0.0001596390002305,0.1302361200005179,0.0144443430008323,3.801249794475496,1.3529227620230209,3.613350245962879,1.0413846153846151,0.9718958193979931
202.71615921600005,3.96,1.7599999999999998,3.78,0.0503079449999859,0.0364305709999825,0.0645926490005877,3.801249794475496,1.3658330791132565,3.613350245962879,1.0452417582417581,0.9738160057333968
202.766314429,3.96,1.7599999999999998,3.78,0.1004631579999113,0.086585783999908,0.1147478620005131,3.801249794475496,1.3658330791132565,3.613350245962879,1.0452417582417581,0.9738160057333968
202.8165531449995,3.99,1.7599999999999998,3.75,0.0067446189996189,0.1368244999994203,0.0209972389993708,3.8324926614411146,1.3658330791132565,3.581954773583832,1.0700659340659335,0.935695867176302
202.86686952299988,3.99,1.7400000000000002,3.75,0.0570609970000077,0.0433459910000237,0.0713136169997596,3.8324926614411146,1.339962686047638,3.581954773583832,1.0623736263736259,0.9318664357381753
202.91718807100008,3.99,1.7400000000000002,3.75,0.1073795450001853,0.0936645390002013,0.1216321649999372,3.8324926614411146,1.339962686047638,3.581954773583832,1.0623736263736259,0.9318664357381753
202.96732215999964,3.98,1.7400000000000002,3.8,0.0135802429995237,0.1437986279997858,0.0278197299994644,3.8220805852310336,1.339962686047638,3.634267464015272,1.0208901098901102,0.960910511227902
203.01765208300003,3.98,1.7799999999999998,3.8,0.0639101659999141,0.0500408759999118,0.0781496529998548,3.8220805852310336,1.391509971218316,3.634267464015272,1.0363626373626376,0.9686131390348777
203.06798477600023,3.98,1.7799999999999998,3.8,0.1142428590001145,0.1003735690001121,0.1284823460000552,3.8220805852310336,1.391509971218316,3.634267464015272,1.0363626373626376,0.9686131390348777
203.1182790470002,3.97,1.77,3.8,0.0205683430003773,0.006569428000148,0.0344791780007653,3.811666302288279,1.378695035169127,3.634267464015272,1.0324615384615388,0.9753123745819394
203.16836932299972,3.97,1.77,3.8,0.0706586189999143,0.056659703999685,0.0845694540003023,3.811666302288279,1.378695035169127,3.634267464015272,1.0324615384615388,0.9753123745819394
203.2186661630003,3.97,1.77,3.8,0.12095545900047,0.1069565440002406,0.134866294000858,3.811666302288279,1.378695035169127,3.634267464015272,1.0324615384615388,0.9753123745819394
203.26880707799955,3.97,1.7599999999999998,3.81,0.0271268289998261,0.0131987599997955,0.0413387579992559,3.811666302288279,1.3658330791132565,3.6447222116369855,1.0202197802197799,0.9774898471094118
203.31910373400024,3.97,1.7599999999999998,3.81,0.0774234850005086,0.0634954160004781,0.0916354139999384,3.811666302288279,1.3658330791132565,3.6447222116369855,1.0202197802197799,0.9774898471094118
203.3694338389996,3.97,1.7599999999999998,3.81,0.1277535899998838,0.1138255209998533,0.1419655189993136,3.811666302288279,1.3658330791132565,3.6447222116369855,1.0202197802197799,0.9774898471094118
203.41976368,3.98,1.77,3.78,0.0340427310002269,0.0201445490001788,0.0480393839998214,3.8220805852310336,1.378695035169127,3.613350245962879,1.049120879120879,0.9584862637362633
203.46988581699952,3.98,1.77,3.78,0.0841648679997888,0.0702666859997407,0.0981615209993833,3.8220805852310336,1.378695035169127,3.613350245962879,1.049120879120879,0.9584862637362633
203.5202188129997,3.98,1.77,3.75,0.1344978639999681,0.12059968199992,0.0044989719999648,3.8220805852310336,1.378695035169127,3.581954773583832,1.0739450549450544,0.9462900382226468
203.57054184400025,3.98,1.7799999999999998,3.75,0.0411086730000533,0.0269979960003183,0.0548220030004813,3.8220805852310336,1.391509971218316,3.581954773583832,1.0778461538461532,0.9482321070234112
203.6208568760003,3.98,1.7799999999999998,3.75,0.0914237050001247,0.0773130280003897,0.1051370350005527,3.8220805852310336,1.391509971218316,3.581954773583832,1.0778461538461532,0.9482321070234112
203.67118358300013,3.98,1.7799999999999998,3.76,0.1417504119999648,0.1276397350002298,0.0115080340001441,3.8220805852310336,1.391509971218316,3.592422580933373,1.0695934065934067,0.9522867176301955
203.72150813400003,4.01,1.7599999999999998,3.76,0.047925374999977,0.0339514019997295,0.0618325850000474,3.8533102652135343,1.3658330791132565,3.592422580933373,1.061813186813187,0.9223591734352602
203.77180719199987,4.01,1.7599999999999998,3.76,0.0982244329998138,0.0842504599995663,0.1121316429998842,3.8533102652135343,1.3658330791132565,3.592422580933373,1.061813186813187,0.9223591734352602
203.82215035199988,4.01,1.7599999999999998,3.76,0.1485675929998251,0.1345936199995776,0.1624748029998954,3.8533102652135343,1.3658330791132565,3.592422580933373,1.061813186813187,0.9223591734352602
203.87248144899968,4.01,1.7599999999999998,3.76,0.1988986899996234,0.1849247169993759,0.2128058999996938,3.8533102652135343,1.3658330791132565,3.592422580933373,1.061813186813187,0.9223591734352602
203.92258909199973,4.01,1.7599999999999998,3.76,0.2490063329996701,0.2350323599994226,0.2629135429997404,3.8533102652135343,1.3658330791132565,3.592422580933373,1.061813186813187,0.9223591734352602
203.97287341299943,4.340000000000001,1.7599999999999998,3.78,0.0115081419999114,0.2853166809991307,0.025392389999979,4.195652511826975,1.3658330791132565,3.613350245962879,1.0452417582417581,0.6309899187768743
204.02299924499948,4.340000000000001,1.7400000000000002,3.78,0.0616339739999602,0.0477107579999938,0.0755182220000278,4.195652511826975,1.339962686047638,3.613350245962879,1.0375494505494507,0.6271604873387471
204.07337175999965,4.340000000000001,1.7400000000000002,3.78,0.1120064890001231,0.0980832730001566,0.1258907370001907,4.195652511826975,1.339962686047638,3.613350245962879,1.0375494505494507,0.6271604873387471
204.12352858699975,4.53,1.73,3.78,0.018325043999539,0.0042541650000202,0.0319555819996821,4.391901638242824,1.3269513932318695,3.613350245962879,1.0337362637362637,0.4420774008600093
204.1736714640001,4.53,1.73,3.78,0.0684679209998648,0.0543970420003461,0.082098459000008,4.391901638242824,1.3269513932318695,3.613350245962879,1.0337362637362637,0.4420774008600093
204.22378999400007,4.53,1.73,3.78,0.1185864509998282,0.1045155720003094,0.1322169889999713,4.391901638242824,1.3269513932318695,3.613350245962879,1.0337362637362637,0.4420774008600093
204.2740710420003,4.12,1.7599999999999998,3.82,0.0246077600004355,0.0103610300002401,0.038643969000077,3.967656739184981,1.3658330791132565,3.6551744144431737,1.011835164835165,0.8497070711896799
204.324397335,4.12,1.7599999999999998,3.82,0.0749340530001063,0.0606873229999109,0.0889702619997478,3.967656739184981,1.3658330791132565,3.6551744144431737,1.011835164835165,0.8497070711896799
204.37473120899995,4.12,1.7599999999999998,3.82,0.1252679270000953,0.1110211969998999,0.1393041359997369,3.967656739184981,1.3658330791132565,3.6551744144431737,1.011835164835165,0.8497070711896799
204.4250267520001,3.95,1.75,3.8,0.0315903340006116,0.0176691330007088,0.045520024000325,3.7908310434520818,1.3529227620230209,3.634267464015272,1.024725274725275,0.9886784519827995
204.4753623859997,3.95,1.75,3.8,0.0819259680001778,0.068004767000275,0.0958556579998912,3.7908310434520818,1.3529227620230209,3.634267464015272,1.024725274725275,0.9886784519827995
204.5255265119995,3.95,1.75,3.79,0.1320900939999774,0.1181688930000746,0.0020332559997768,3.7908310434520818,1.3529227620230209,3.623810149552539,1.0330659340659343,0.9845806497849973
204.5758388249997,3.98,1.7599999999999998,3.79,0.0384480080001594,0.0242151189995638,0.0523455689999536,3.8220805852310336,1.3658330791132565,3.623810149552539,1.0369230769230773,0.9606421404682269
204.6261581660001,3.98,1.7599999999999998,3.79,0.0887673490005909,0.0745344599999953,0.1026649100003851,3.8220805852310336,1.3658330791132565,3.623810149552539,1.0369230769230773,0.9606421404682269
204.6764855219999,3.98,1.7599999999999998,3.78,0.1390947050003887,0.1248618159997931,0.0090354149997438,3.8220805852310336,1.3658330791132565,3.613350245962879,1.0452417582417581,0.9565551361681796
204.7268006940003,3.99,1.77,3.78,0.0451183820005098,0.031177380000372,0.0593505870001536,3.8324926614411146,1.378695035169127,3.613350245962879,1.049120879120879,0.9498232202580031
204.7771400669999,3.99,1.77,3.78,0.0954577550000976,0.0815167529999598,0.1096899599997414,3.8324926614411146,1.378695035169127,3.613350245962879,1.049120879120879,0.9498232202580031
204.8274576019994,3.97,1.77,3.76,0.0017691969997031,0.1318342879994816,0.0160332460000063,3.811666302288279,1.378695035169127,3.592422580933373,1.065692307692308,0.958985953177257
204.8777723109997,3.97,1.7599999999999998,3.76,0.0520839060000071,0.0382000949994107,0.0663479550003103,3.811666302288279,1.3658330791132565,3.592422580933373,1.061813186813187,0.9570548256091728
204.9281118480003,3.97,1.7599999999999998,3.76,0.102423443000589,0.0885396319999927,0.1166874920008922,3.811666302288279,1.3658330791132565,3.592422580933373,1.061813186813187,0.9570548256091728
204.978400686,3.97,1.7599999999999998,3.75,0.0089003450002564,0.1388284699996802,0.0232808020000447,3.811666302288279,1.3658330791132565,3.581954773583832,1.0700659340659335,0.9530002150023884
205.02869979099975,3.97,1.77,3.75,0.059199450000051,0.045147218999773,0.0735799069998393,3.811666302288279,1.378695035169127,3.581954773583832,1.0739450549450544,0.954931342570473
205.07902634899983,3.97,1.77,3.75,0.1095260080001025,0.0954737769998246,0.1239064649998908,3.811666302288279,1.378695035169127,3.581954773583832,1.0739450549450544,0.954931342570473
205.1291124689997,3.98,1.7599999999999998,3.8,0.0155126159997962,0.0015854490002311,0.0294080080002459,3.8220805852310336,1.3658330791132565,3.634267464015272,1.0285824175824179,0.9647399426660292
205.179427262,3.98,1.7599999999999998,3.8,0.0658274090001214,0.0519002420005563,0.079722801000571,3.8220805852310336,1.3658330791132565,3.634267464015272,1.0285824175824179,0.9647399426660292
205.2295556429999,3.98,1.7599999999999998,3.8,0.1159557900000436,0.1020286230004785,0.1298511820004932,3.8220805852310336,1.3658330791132565,3.634267464015272,1.0285824175824179,0.9647399426660292
205.27988820599967,3.97,1.77,3.79,0.0225347649993636,0.0084891129999959,0.0362849189996268,3.811666302288279,1.378695035169127,3.623810149552539,1.0408021978021984,0.971214572384137
205.3300051799997,3.97,1.77,3.79,0.0726517389994114,0.0586060870000437,0.0864018929996746,3.811666302288279,1.378695035169127,3.623810149552539,1.0408021978021984,0.971214572384137
205.38036419499983,3.97,1.77,3.79,0.1230107539995515,0.1089651020001838,0.1367609079998146,3.811666302288279,1.378695035169127,3.623810149552539,1.0408021978021984,0.971214572384137
205.4305277129997,3.96,1.77,3.78,0.0290113080000082,0.0150697439994473,0.0433194269999148,3.801249794475496,1.378695035169127,3.613350245962879,1.049120879120879,0.9757471333014806
205.48081129899947,3.96,1.77,3.78,0.0792948939997586,0.0653533299991977,0.0936030129996652,3.801249794475496,1.378695035169127,3.613350245962879,1.049120879120879,0.9757471333014806
205.53097171299945,3.96,1.77,3.78,0.1294553079997058,0.1155137439991449,0.1437634269996124,3.801249794475496,1.378695035169127,3.613350245962879,1.049120879120879,0.9757471333014806
205.5813447949995,3.98,1.81,3.81,0.035843078999278,0.0219114819992682,0.0497376059993257,3.8220805852310336,1.4296852800529212,3.6447222116369855,1.0398351648351647,0.9786135929288101
205.63146633399992,3.98,1.81,3.81,0.0859646179997071,0.0720330209996973,0.0998591449997547,3.8220805852310336,1.4296852800529212,3.6447222116369855,1.0398351648351647,0.9786135929288101
205.6817956069999,3.98,1.81,3.81,0.1362938909996955,0.1223622939996857,0.0063739389997863,3.8220805852310336,1.4296852800529212,3.6447222116369855,1.0398351648351647,0.9786135929288101
205.73212204999984,3.98,1.75,3.81,0.0429555170003368,0.0287274499996783,0.0567003819996898,3.8220805852310336,1.3529227620230209,3.6447222116369855,1.016362637362637,0.9669283564261825
205.78242143599985,3.98,1.75,3.81,0.0932549030003428,0.0790268359996844,0.1069997679996959,3.8220805852310336,1.3529227620230209,3.6447222116369855,1.016362637362637,0.9669283564261825
205.8325487989996,3.98,1.75,3.78,0.1433822660001169,0.1291541989994584,0.0130466639993755,3.8220805852310336,1.3529227620230209,3.613350245962879,1.0413846153846151,0.9546349498327757
205.8826684229998,3.97,1.75,3.78,0.0493552360003377,0.035257257000012,0.0631662879995929,3.811666302288279,1.3529227620230209,3.613350245962879,1.0413846153846151,0.9632762541806014
205.93299836200003,3.97,1.75,3.78,0.0996851750005589,0.0855871960002332,0.1134962269998141,3.811666302288279,1.3529227620230209,3.613350245962879,1.0413846153846151,0.9632762541806014
205.9831117690001,3.99,1.75,3.81,0.0060230449998925,0.1357006030002594,0.0196277400000326,3.8324926614411146,1.3529227620230209,3.6447222116369855,1.016362637362637,0.9582653129479216
206.03344720599944,3.99,1.7799999999999998,3.81,0.0563584819992684,0.0426592709991382,0.0699631769994084,3.8324926614411146,1.391509971218316,3.6447222116369855,1.0279999999999998,0.9640586956521741
206.08377863199985,3.99,1.7799999999999998,3.81,0.1066899079996801,0.0929906969995499,0.1202946029998202,3.8324926614411146,1.391509971218316,3.6447222116369855,1.0279999999999998,0.9640586956521741
206.13392205699984,3.98,1.7799999999999998,3.79,0.0125331609997374,0.1431341219995374,0.0262911629997688,3.8220805852310336,1.391509971218316,3.623810149552539,1.044703296703297,0.9645153368370755
206.18425236500025,3.98,1.7799999999999998,3.79,0.062863469000149,0.0493604960001903,0.0766214710001804,3.8220805852310336,1.391509971218316,3.623810149552539,1.044703296703297,0.9645153368370755
206.234588114,3.98,1.7799999999999998,3.79,0.1131992179998633,0.0996962449999045,0.1269572199998947,3.8220805852310336,1.391509971218316,3.623810149552539,1.044703296703297,0.9645153368370755
206.28473833799944,3.98,1.7200000000000002,3.8,0.0193969189995186,0.0053324359996622,0.0333239100000355,3.8220805852310336,1.313887361991126,3.634267464015272,1.0132857142857146,0.9571248447204967
206.3350678629995,3.98,1.7200000000000002,3.8,0.0697264439995706,0.0556619609997142,0.0836534350000874,3.8220805852310336,1.313887361991126,3.634267464015272,1.0132857142857146,0.9571248447204967
206.3851703009996,3.98,1.7200000000000002,3.8,0.1198288819996378,0.1057643989997814,0.1337558730001546,3.8220805852310336,1.313887361991126,3.634267464015272,1.0132857142857146,0.9571248447204967
206.435327786,3.98,1.7799999999999998,3.76,0.0260503979998247,0.0118602160000591,0.0402342229999703,3.8220805852310336,1.391509971218316,3.592422580933373,1.0695934065934067,0.9522867176301955
206.48544204799964,3.98,1.7799999999999998,3.76,0.0761646599994492,0.0619744779996835,0.0903484849995948,3.8220805852310336,1.391509971218316,3.592422580933373,1.0695934065934067,0.9522867176301955
206.5355759220001,3.98,1.7799999999999998,3.76,0.1262985339999431,0.1121083520001775,0.1404823590000887,3.8220805852310336,1.391509971218316,3.592422580933373,1.0695934065934067,0.9522867176301955
206.5859125699999,3.98,1.77,3.81,0.0326756430004024,0.0183958449997589,0.0465167620004649,3.8220805852310336,1.378695035169127,3.6447222116369855,1.024098901098901,0.9707796703296699
206.63605505400028,3.98,1.77,3.81,0.0828181270007917,0.0685383290001482,0.0966592460008541,3.8220805852310336,1.378695035169127,3.6447222116369855,1.024098901098901,0.9707796703296699
206.68619588,3.98,1.77,3.81,0.132958953000525,0.1186791549998815,0.0029155050006011,3.8220805852310336,1.378695035169127,3.6447222116369855,1.024098901098901,0.9707796703296699
206.736548334,3.96,1.7400000000000002,3.81,0.0394387409996852,0.0253364800000781,0.05326795900055,3.801249794475496,1.339962686047638,3.6447222116369855,1.0125274725274724,0.9822799808886764
206.7866895569996,3.96,1.7400000000000002,3.81,0.0895799639993129,0.0754777029997058,0.1034091820001776,3.801249794475496,1.339962686047638,3.6447222116369855,1.0125274725274724,0.9822799808886764
206.83702233500023,3.96,1.7400000000000002,3.81,0.1399127419999786,0.1258104810003715,0.1537419600008434,3.801249794475496,1.339962686047638,3.6447222116369855,1.0125274725274724,0.9822799808886764
206.88719832199968,3.96,1.7400000000000002,3.81,0.1900887289993988,0.1759864679997917,0.2039179470002636,3.801249794475496,1.339962686047638,3.6447222116369855,1.0125274725274724,0.9822799808886764
206.93753572399964,3.96,1.7400000000000002,3.81,0.2404261309993671,0.22632386999976,0.2542553490002319,3.801249794475496,1.339962686047638,3.6447222116369855,1.0125274725274724,0.9822799808886764
206.9876748959996,3.96,1.7400000000000002,3.81,0.0021728239998992,0.2764630419997047,0.0164421489998858,3.801249794475496,1.339962686047638,3.6447222116369855,1.0125274725274724,0.9822799808886764
207.038017719,3.96,1.73,3.81,0.0525156470002912,0.0387800650005374,0.0667849720002777,3.801249794475496,1.3269513932318695,3.6447222116369855,1.0087142857142857,0.9803816770186331
207.0883808819999,3.96,1.73,3.81,0.1028788100002202,0.0891432280004664,0.1171481350002068,3.801249794475496,1.3269513932318695,3.6447222116369855,1.0087142857142857,0.9803816770186331
207.13871415999984,3.98,1.73,3.8,0.0092219859998294,0.1394765060003919,0.0237883239997245,3.8220805852310336,1.3269513932318695,3.634267464015272,1.0170769230769232,0.959012207357859
207.189046554,3.98,1.77,3.8,0.0595543800000086,0.0459694500004843,0.0741207179999037,3.8220805852310336,1.378695035169127,3.634267464015272,1.0324615384615388,0.9666710702341131
207.2393711320001,3.98,1.77,3.8,0.1098789580000811,0.0962940280005568,0.1244452959999762,3.8220805852310336,1.378695035169127,3.634267464015272,1.0324615384615388,0.9666710702341131
207.28951050100025,4.0,1.77,3.78,0.0160610800003269,0.0024074350003502,0.0299765919999117,3.842902548855487,1.378695035169127,3.613350245962879,1.049120879120879,0.9411384376493072
207.3396479840003,4.0,1.77,3.78,0.0661985630003982,0.0525449180004216,0.0801140749999831,3.842902548855487,1.378695035169127,3.613350245962879,1.049120879120879,0.9411384376493072
207.3899845349997,4.0,1.77,3.78,0.1165351139998165,0.1028814689998398,0.1304506259994013,3.842902548855487,1.378695035169127,3.613350245962879,1.049120879120879,0.9411384376493072
207.4403596149996,4.0,1.7599999999999998,3.79,0.0229563829998369,0.0092905369992877,0.0368661490001613,3.842902548855487,1.3658330791132565,3.623810149552539,1.0369230769230773,0.9432943143812708
207.4906885330001,4.0,1.7599999999999998,3.79,0.0732853010003964,0.0596194549998472,0.0871950670007208,3.842902548855487,1.3658330791132565,3.623810149552539,1.0369230769230773,0.9432943143812708
207.54100807099985,4.0,1.7599999999999998,3.79,0.1236048390001087,0.1099389929995595,0.1375146050004332,3.842902548855487,1.3658330791132565,3.623810149552539,1.0369230769230773,0.9432943143812708
207.59135655799943,3.97,1.7599999999999998,3.8,0.0299598189994867,0.0161030369999934,0.0439653069997802,3.811666302288279,1.3658330791132565,3.634267464015272,1.0285824175824179,0.9733812470138549
207.641686078,3.97,1.7599999999999998,3.8,0.0802893390000463,0.066432557000553,0.0942948270003398,3.811666302288279,1.3658330791132565,3.634267464015272,1.0285824175824179,0.9733812470138549
207.69178921999992,3.97,1.7599999999999998,3.79,0.1303924809999443,0.1165356990004511,0.0003445960001045,3.811666302288279,1.3658330791132565,3.623810149552539,1.0369230769230773,0.9692834448160527
207.74212732999968,3.98,1.7799999999999998,3.79,0.0367747319996851,0.022908801000085,0.0506827059998613,3.8220805852310336,1.391509971218316,3.623810149552539,1.044703296703297,0.9645153368370755
207.79244497299987,3.98,1.7799999999999998,3.79,0.0870923749998837,0.0732264440002836,0.1010003490000599,3.8220805852310336,1.391509971218316,3.623810149552539,1.044703296703297,0.9645153368370755
207.84275881800025,3.98,1.7799999999999998,3.79,0.1374062200002299,0.1235402890006298,0.1513141940004061,3.8220805852310336,1.391509971218316,3.623810149552539,1.044703296703297,0.9645153368370755
207.8931545589994,3.98,1.7799999999999998,3.79,0.1878019609994226,0.1739360299998225,0.2017099349995987,3.8220805852310336,1.391509971218316,3.623810149552539,1.044703296703297,0.9645153368370755
207.94349048499956,3.98,1.7799999999999998,3.79,0.2381378869995387,0.2242719559999386,0.2520458609997149,3.8220805852310336,1.391509971218316,3.623810149552539,1.044703296703297,0.9645153368370755
207.9936018139997,3.96,1.7799999999999998,3.8,0.0003849140002785,0.2743832850001126,0.0145497650000834,3.801249794475496,1.391509971218316,3.634267464015272,1.0363626373626376,0.985874008600095
208.043859208,3.96,1.7200000000000002,3.8,0.0506423080005333,0.0366888099997595,0.0648071590003382,3.801249794475496,1.313887361991126,3.634267464015272,1.0132857142857146,0.9743857142857141
208.09415259300025,3.96,1.7200000000000002,3.8,0.1009356930007925,0.0869821950000186,0.1151005440005974,3.801249794475496,1.313887361991126,3.634267464015272,1.0132857142857146,0.9743857142857141
208.1444766690001,3.97,1.7200000000000002,3.81,0.0072797239999999,0.137306270999943,0.0211923340002613,3.811666302288279,1.313887361991126,3.6447222116369855,1.0049230769230768,0.9698747491638791
208.19482881099972,3.97,1.7799999999999998,3.81,0.0576318659996104,0.0438668320002761,0.0715444759998717,3.811666302288279,1.391509971218316,3.6447222116369855,1.0279999999999998,0.9813630434782604
208.24515615899963,3.97,1.7799999999999998,3.81,0.1079592139994929,0.0941941800001586,0.1218718239997542,3.811666302288279,1.391509971218316,3.6447222116369855,1.0279999999999998,0.9813630434782604
208.295400598,3.98,1.7799999999999998,3.75,0.0145481640001889,0.1444386190005389,0.0281348019998404,3.8220805852310336,1.391509971218316,3.581954773583832,1.0778461538461532,0.9482321070234112
208.3455399799996,3.98,1.7599999999999998,3.75,0.0646875459997318,0.0497538800000256,0.0782741839993832,3.8220805852310336,1.3658330791132565,3.581954773583832,1.0700659340659335,0.9443589106545629
208.39585245299983,3.98,1.7599999999999998,3.75,0.1150000190000355,0.1000663530003294,0.1285866569996869,3.8220805852310336,1.3658330791132565,3.581954773583832,1.0700659340659335,0.9443589106545629
208.44618558899947,3.97,1.7599999999999998,3.79,0.0210421519996089,0.0067580729992187,0.0349836159994083,3.811666302288279,1.3658330791132565,3.623810149552539,1.0369230769230773,0.9692834448160527
208.4964893099996,3.97,1.7599999999999998,3.79,0.0713458729997,0.0570617939993098,0.0852873369994995,3.811666302288279,1.3658330791132565,3.623810149552539,1.0369230769230773,0.9692834448160527
208.546631362,3.97,1.7599999999999998,3.79,0.1214879250001104,0.1072038459997202,0.1354293889999098,3.811666302288279,1.3658330791132565,3.623810149552539,1.0369230769230773,0.9692834448160527
208.596773276,3.96,1.77,3.82,0.0276492650000363,0.013607408000098,0.0417839270003241,3.801249794475496,1.378695035169127,3.6551744144431737,1.015714285714286,0.9921599378881981
208.6471150389998,3.96,1.77,3.82,0.0779910279998148,0.0639491709998765,0.0921256900001026,3.801249794475496,1.378695035169127,3.6551744144431737,1.015714285714286,0.9921599378881981
208.697417677,3.96,1.77,3.82,0.1282936659999904,0.1142518090000521,0.1424283280002782,3.801249794475496,1.378695035169127,3.6551744144431737,1.015714285714286,0.9921599378881981
208.747733358,3.98,1.77,3.79,0.0346813599999222,0.0203206810001574,0.0486737150004046,3.8220805852310336,1.378695035169127,3.623810149552539,1.0408021978021984,0.962573268036311
208.79806492999975,3.98,1.77,3.79,0.0850129319996995,0.0706522529999347,0.0990052870001818,3.8220805852310336,1.378695035169127,3.623810149552539,1.0408021978021984,0.962573268036311
208.8484050039997,3.98,1.77,3.78,0.1353530059996046,0.1209923269998398,0.0052839129994026,3.8220805852310336,1.378695035169127,3.613350245962879,1.049120879120879,0.9584862637362633
208.89851621900016,3.98,1.75,3.78,0.0413665530004436,0.0274852729999111,0.0553951279998727,3.8220805852310336,1.3529227620230209,3.613350245962879,1.0413846153846151,0.9546349498327757
208.94880826400004,3.98,1.75,3.78,0.0916585980003219,0.0777773179997893,0.105687172999751,3.8220805852310336,1.3529227620230209,3.613350245962879,1.0413846153846151,0.9546349498327757
208.999150439,3.98,1.75,3.78,0.1420007730002908,0.1281194929997582,0.0122617639999589,3.8220805852310336,1.3529227620230209,3.613350245962879,1.0413846153846151,0.9546349498327757
209.04927357899945,4.01,1.7799999999999998,3.78,0.0479102649997003,0.0340034339997146,0.0623849039993729,3.8533102652135343,1.391509971218316,3.613350245962879,1.053021978021978,0.9343739847109412
209.09960659099943,4.01,1.7799999999999998,3.78,0.0982432769997103,0.0843364459997246,0.1127179159993829,3.8533102652135343,1.391509971218316,3.613350245962879,1.053021978021978,0.9343739847109412
209.14971840899943,3.97,1.7799999999999998,3.8,0.0043871599991689,0.1344482639997295,0.0186495389998526,3.811666302288279,1.391509971218316,3.634267464015272,1.0363626373626376,0.9772544433827036
209.20001732800029,3.97,1.82,3.8,0.0546860790000209,0.0410522120000678,0.0689484580007047,3.811666302288279,1.4423245127224316,3.634267464015272,1.0521868131868135,0.9851321309125649
209.25037817999964,3.97,1.82,3.8,0.1050469309993786,0.0914130639994255,0.1193093100000624,3.811666302288279,1.4423245127224316,3.634267464015272,1.0521868131868135,0.9851321309125649
209.30070579399944,3.98,1.82,3.78,0.0114443119991847,0.1417406779992234,0.0253335089992106,3.8220805852310336,1.4423245127224316,3.613350245962879,1.0688461538461538,0.9683060200668895
209.3510247919994,3.98,1.7799999999999998,3.78,0.0617633099991508,0.0478638099993986,0.0756525069991767,3.8220805852310336,1.391509971218316,3.613350245962879,1.053021978021978,0.9604283325370279
209.40136314400024,3.98,1.7799999999999998,3.78,0.1121016619999863,0.0982021620002342,0.1259908590000122,3.8220805852310336,1.391509971218316,3.613350245962879,1.053021978021978,0.9604283325370279
209.4517076789998,3.98,1.7799999999999998,3.78,0.0184669390000635,0.0045666019996133,0.0326431539997429,3.8220805852310336,1.391509971218316,3.613350245962879,1.053021978021978,0.9604283325370279
209.5020508039997,3.98,1.7799999999999998,3.78,0.0688100639999902,0.05490972699954,0.0829862789996696,3.8220805852310336,1.391509971218316,3.613350245962879,1.053021978021978,0.9604283325370279
209.55239395399985,3.98,1.7799999999999998,3.78,0.1191532140001072,0.105252876999657,0.1333294289997866,3.8220805852310336,1.391509971218316,3.613350245962879,1.053021978021978,0.9604283325370279
209.6027358410001,3.98,1.82,3.81,0.0255571659999986,0.0116140000000086,0.0396743970004536,3.8220805852310336,1.4423245127224316,3.6447222116369855,1.0438241758241757,0.9805994266602962
209.65307304999988,3.98,1.82,3.81,0.0758943749997342,0.0619512089997442,0.0900116060001892,3.8220805852310336,1.4423245127224316,3.6447222116369855,1.0438241758241757,0.9805994266602962
209.703408202,3.98,1.82,3.81,0.1262295269998503,0.1122863609998603,0.1403467580003052,3.8220805852310336,1.4423245127224316,3.6447222116369855,1.0438241758241757,0.9805994266602962
209.75375719800013,3.98,1.7599999999999998,3.78,0.032810929000334,0.0188753279999218,0.0465382920001502,3.8220805852310336,1.3658330791132565,3.613350245962879,1.0452417582417581,0.9565551361681796
209.8039458530002,3.98,1.7599999999999998,3.78,0.0829995840003903,0.0690639829999781,0.0967269470002065,3.8220805852310336,1.3658330791132565,3.613350245962879,1.0452417582417581,0.9565551361681796
209.85424006099947,3.98,1.7599999999999998,3.78,0.1332937919996766,0.1193581909992644,0.1470211549994928,3.8220805852310336,1.3658330791132565,3.613350245962879,1.0452417582417581,0.9565551361681796
209.9043484900003,3.98,1.7599999999999998,3.78,0.1834022210005059,0.1694666200000938,0.1971295840003222,3.8220805852310336,1.3658330791132565,3.613350245962879,1.0452417582417581,0.9565551361681796
209.95468748500025,3.98,1.7599999999999998,3.78,0.2337412160004532,0.2198056150000411,0.2474685790002695,3.8220805852310336,1.3658330791132565,3.613350245962879,1.0452417582417581,0.9565551361681796
210.00501422199977,3.98,1.7599999999999998,3.78,0.2840679529999761,0.270132351999564,0.0098585969999476,3.8220805852310336,1.3658330791132565,3.613350245962879,1.0452417582417581,0.9565551361681796
210.0551300879997,3.98,1.75,3.78,0.0460402070002601,0.0322093559998393,0.0599744629998895,3.8220805852310336,1.3529227620230209,3.613350245962879,1.0413846153846151,0.9546349498327757
210.1054514409998,3.98,1.75,3.78,0.0963615600003322,0.0825307089999114,0.1102958159999616,3.8220805852310336,1.3529227620230209,3.613350245962879,1.0413846153846151,0.9546349498327757
210.1558043140003,3.97,1.75,3.82,0.0027573570005188,0.1328835820004315,0.0166376260003744,3.811666302288279,1.3529227620230209,3.6551744144431737,1.0079780219780219,0.9796890587673189
210.20615583299968,3.97,1.77,3.82,0.0531088759998965,0.0391781419994003,0.0669891449997521,3.811666302288279,1.378695035169127,3.6551744144431737,1.015714285714286,0.9835403726708071
210.2564598150002,3.97,1.77,3.82,0.1034128580004107,0.0894821239999146,0.1172931270002664,3.811666302288279,1.378695035169127,3.6551744144431737,1.015714285714286,0.9835403726708071
210.3066046309996,3.98,1.77,3.79,0.0096887390000119,0.1396269399992888,0.0234777779996875,3.8220805852310336,1.378695035169127,3.623810149552539,1.0408021978021984,0.962573268036311
210.35692373300023,3.98,1.7799999999999998,3.79,0.0600078410006972,0.0459823060000417,0.0737968800003727,3.8220805852310336,1.391509971218316,3.623810149552539,1.044703296703297,0.9645153368370755
210.4072502959998,3.98,1.7799999999999998,3.79,0.1103344040002411,0.0963088689995856,0.1241234429999167,3.8220805852310336,1.391509971218316,3.623810149552539,1.044703296703297,0.9645153368370755
210.45757455700004,3.97,1.75,3.8,0.0165187669999795,0.0026642889997674,0.030638359000477,3.811666302288279,1.3529227620230209,3.634267464015272,1.024725274725275,0.9714610606784512
210.5078959780003,3.97,1.75,3.8,0.066840188000242,0.0529857100000299,0.0809597800007395,3.811666302288279,1.3529227620230209,3.634267464015272,1.024725274725275,0.9714610606784512
210.55818550999996,3.97,1.75,3.8,0.1171297199998662,0.1032752419996541,0.1312493120003637,3.811666302288279,1.3529227620230209,3.634267464015272,1.024725274725275,0.9714610606784512
210.60854391300015,3.98,1.7599999999999998,3.82,0.0235907920005047,0.0093442630004574,0.037499884000681,3.8220805852310336,1.3658330791132565,3.6551744144431737,1.011835164835165,0.972967940754897
210.65889736899956,3.98,1.7599999999999998,3.82,0.0739442479998615,0.0596977189998142,0.0878533400000378,3.8220805852310336,1.3658330791132565,3.6551744144431737,1.011835164835165,0.972967940754897
210.70923266199952,3.98,1.7599999999999998,3.82,0.1242795409998507,0.1100330119998034,0.138188633000027,3.8220805852310336,1.3658330791132565,3.6551744144431737,1.011835164835165,0.972967940754897
210.75956527299968,3.98,1.79,3.79,0.0306371189999481,0.016677171000083,0.0445232869997198,3.8220805852310336,1.4042791745233565,3.623810149552539,1.048626373626374,0.9664683468705204
210.80970154999977,3.98,1.79,3.79,0.0807733960000405,0.0668134480001754,0.0946595639998122,3.8220805852310336,1.4042791745233565,3.623810149552539,1.048626373626374,0.9664683468705204
210.8600034339997,3.98,1.79,3.83,0.1310752800000045,0.1171153320001394,0.0010747970000011,3.8220805852310336,1.4042791745233565,3.6656240942027862,1.0151318681318684,0.9829243430482559
210.91018898199945,3.97,1.7799999999999998,3.83,0.0374094159997184,0.0230631099993843,0.0512603449997186,3.811666302288279,1.391509971218316,3.6656240942027862,1.0112087912087913,0.9896126373626368
210.9606063459996,3.97,1.7799999999999998,3.83,0.0878267799998866,0.0734804739995524,0.1016777089998868,3.811666302288279,1.391509971218316,3.6656240942027862,1.0112087912087913,0.9896126373626368
211.0107081289998,3.97,1.7799999999999998,3.83,0.1379285630000595,0.1235822569997253,0.0083399980003378,3.811666302288279,1.391509971218316,3.6656240942027862,1.0112087912087913,0.9896126373626368
211.061043529,3.96,1.79,3.83,0.0442699639997954,0.0299247530001594,0.0586753980005596,3.801249794475496,1.4042791745233565,3.6656240942027862,1.0151318681318684,1.0001852126134732
211.11137189999957,3.96,1.79,3.83,0.0945983349993184,0.0802531239996824,0.1090037690000826,3.801249794475496,1.4042791745233565,3.6656240942027862,1.0151318681318684,1.0001852126134732
211.1616731209997,3.96,1.79,3.78,0.0007285800002136,0.1305543449998367,0.0147619620001933,3.801249794475496,1.4042791745233565,3.613350245962879,1.056945054945055,0.9796422121356902
211.2120055409996,3.96,1.7799999999999998,3.78,0.0510610000001179,0.0369346589995984,0.0650943820000975,3.801249794475496,1.391509971218316,3.613350245962879,1.053021978021978,0.9776892021022452
211.2623623359996,3.96,1.7799999999999998,3.78,0.1014177950000885,0.087291453999569,0.1154511770000681,3.801249794475496,1.391509971218316,3.613350245962879,1.053021978021978,0.9776892021022452
211.31269118699947,3.98,1.7799999999999998,3.82,0.0075845129995286,0.1376203049994728,0.0218130339999333,3.8220805852310336,1.391509971218316,3.6551744144431737,1.0196153846153846,0.9768411371237454
211.36302391499976,3.98,1.7200000000000002,3.82,0.0579172409998136,0.0442499869996027,0.0721457620002183,3.8220805852310336,1.313887361991126,3.6551744144431737,0.9965384615384617,0.9653528428093645
211.41336796799987,3.98,1.7200000000000002,3.82,0.1082612939999307,0.0945940399997198,0.1224898150003355,3.8220805852310336,1.313887361991126,3.6551744144431737,0.9965384615384617,0.9653528428093645
211.46368361500024,3.97,1.7400000000000002,3.79,0.014603442000407,0.0007519390001107,0.0288460460005808,3.811666302288279,1.339962686047638,3.623810149552539,1.0292307692307696,0.9654540133779259
211.5140158510003,3.97,1.7400000000000002,3.79,0.0649356780004382,0.0510841750001418,0.0791782820006119,3.811666302288279,1.339962686047638,3.623810149552539,1.0292307692307696,0.9654540133779259
211.56412097999964,3.97,1.7400000000000002,3.79,0.1150408069997865,0.1011893039994902,0.1292834109999603,3.811666302288279,1.339962686047638,3.623810149552539,1.0292307692307696,0.9654540133779259
211.6144534240002,3.98,1.7799999999999998,3.8,0.0215343360005135,0.0074568400004864,0.0353172840004845,3.8220805852310336,1.391509971218316,3.634267464015272,1.0363626373626376,0.9686131390348777
211.66477898199992,3.98,1.7799999999999998,3.8,0.0718598940002266,0.0577823980001994,0.0856428420001975,3.8220805852310336,1.391509971218316,3.634267464015272,1.0363626373626376,0.9686131390348777
211.71511206800005,3.98,1.7799999999999998,3.8,0.1221929800003636,0.1081154840003364,0.1359759280003345,3.8220805852310336,1.391509971218316,3.634267464015272,1.0363626373626376,0.9686131390348777
211.76543707200017,3.98,1.79,3.8,0.0284185180007625,0.0146179210005357,0.0426273860002766,3.8220805852310336,1.4042791745233565,3.634267464015272,1.0402857142857145,0.9705661490683226
211.81577406799988,3.98,1.79,3.8,0.0787555140004769,0.0649549170002501,0.092964381999991,3.8220805852310336,1.4042791745233565,3.634267464015272,1.0402857142857145,0.9705661490683226
211.8661056020001,3.98,1.79,3.8,0.129087048000656,0.1152864510004292,0.1432959160001701,3.8220805852310336,1.4042791745233565,3.634267464015272,1.0402857142857145,0.9705661490683226
211.91644005299983,3.98,1.7799999999999998,3.78,0.0354623029998037,0.0214770270004009,0.0494544499997573,3.8220805852310336,1.391509971218316,3.613350245962879,1.053021978021978,0.9604283325370279
211.96677398999964,3.98,1.7799999999999998,3.78,0.0857962399995813,0.0718109640001785,0.0997883869995348,3.8220805852310336,1.391509971218316,3.613350245962879,1.053021978021978,0.9604283325370279
212.01686171300025,3.98,1.7799999999999998,3.8,0.1358839630001966,0.1218986870007938,0.0062215930001912,3.8220805852310336,1.391509971218316,3.634267464015272,1.0363626373626376,0.9686131390348777
212.06718488299973,3.98,1.81,3.8,0.0426475839994964,0.0283096109997131,0.0565447629996924,3.8220805852310336,1.4296852800529212,3.634267464015272,1.0481978021978027,0.9745049928332533
212.11751618000017,3.98,1.81,3.8,0.0929788809999081,0.0786409080001249,0.1068760600001041,3.8220805852310336,1.4296852800529212,3.634267464015272,1.0481978021978027,0.9745049928332533
212.1678508119994,3.98,1.81,3.81,0.1433135129991569,0.1289755399993737,0.0128636179997556,3.8220805852310336,1.4296852800529212,3.6447222116369855,1.0398351648351647,0.9786135929288101
212.2181867950003,3.98,1.77,3.81,0.049453314000857,0.0352540650001174,0.0631996010006332,3.8220805852310336,1.378695035169127,3.6447222116369855,1.024098901098901,0.9707796703296699
212.26848021099977,3.98,1.77,3.81,0.0997467300003336,0.0855474809995939,0.1134930170001098,3.8220805852310336,1.378695035169127,3.6447222116369855,1.024098901098901,0.9707796703296699
212.3188168050001,3.98,1.77,3.79,0.0058767310001712,0.1358840749999217,0.0198422479998043,3.8220805852310336,1.378695035169127,3.623810149552539,1.0408021978021984,0.962573268036311
212.36893243899976,3.98,1.7200000000000002,3.79,0.0559923649998381,0.0423772300000564,0.0699578819994712,3.8220805852310336,1.313887361991126,3.623810149552539,1.021626373626374,0.9530270425226944
212.41927132799992,3.98,1.7200000000000002,3.79,0.1063312539999969,0.0927161190002152,0.1202967709996301,3.8220805852310336,1.313887361991126,3.623810149552539,1.021626373626374,0.9530270425226944
212.4695220829999,3.97,1.7200000000000002,3.78,0.012671653000325,0.1429668740001943,0.0265792489999512,3.811666302288279,1.313887361991126,3.613350245962879,1.0299450549450548,0.9575813425704726
212.51983661400027,3.97,1.7799999999999998,3.78,0.0629861840006924,0.0493322850006734,0.0768937800003186,3.811666302288279,1.391509971218316,3.613350245962879,1.053021978021978,0.9690696368848538
212.57015740399947,3.97,1.7799999999999998,3.78,0.1133069739998973,0.0996530749998783,0.1272145699995235,3.811666302288279,1.391509971218316,3.613350245962879,1.053021978021978,0.9690696368848538
212.62050032200025,3.98,1.79,3.79,0.0196652920003543,0.0057874399999491,0.0335785760007638,3.8220805852310336,1.4042791745233565,3.623810149552539,1.048626373626374,0.9664683468705204
212.67084252199948,3.98,1.79,3.79,0.0700074919996041,0.0561296399991988,0.0839207760000135,3.8220805852310336,1.4042791745233565,3.623810149552539,1.048626373626374,0.9664683468705204
212.72118538999985,3.98,1.79,3.79,0.1203503599999749,0.1064725079995696,0.1342636440003843,3.8220805852310336,1.4042791745233565,3.623810149552539,1.048626373626374,0.9664683468705204
212.7714736329999,3.98,1.7400000000000002,3.79,0.0267161709998617,0.012422110999978,0.0407506840001588,3.8220805852310336,1.339962686047638,3.623810149552539,1.0292307692307696,0.9568127090300996
212.82179147199983,3.98,1.7400000000000002,3.79,0.0770340099998065,0.0627399499999228,0.0910685230001036,3.8220805852310336,1.339962686047638,3.623810149552539,1.0292307692307696,0.9568127090300996
212.8721373549997,3.98,1.7400000000000002,3.79,0.1273798929996701,0.1130858329997863,0.1414144059999671,3.8220805852310336,1.339962686047638,3.623810149552539,1.0292307692307696,0.9568127090300996
212.92247288599992,3.98,1.7400000000000002,3.79,0.1777154239998708,0.163421363999987,0.1917499370001678,3.8220805852310336,1.339962686047638,3.623810149552539,1.0292307692307696,0.9568127090300996
212.97261402299955,3.98,1.7400000000000002,3.79,0.2278565609994984,0.2135625009996147,0.2418910739997954,3.8220805852310336,1.339962686047638,3.623810149552539,1.0292307692307696,0.9568127090300996
213.02293720299983,3.98,1.7400000000000002,3.8,0.2781797409998034,0.2638856809999197,0.0041446559998803,3.8220805852310336,1.339962686047638,3.634267464015272,1.0208901098901102,0.960910511227902
213.0732584159996,3.98,1.7200000000000002,3.8,0.0407204679995629,0.0262889519999589,0.054465868999614,3.8220805852310336,1.313887361991126,3.634267464015272,1.0132857142857146,0.9571248447204967
213.12360214699947,3.98,1.7200000000000002,3.8,0.0910641989994474,0.0766326829998433,0.1048095999994984,3.8220805852310336,1.313887361991126,3.634267464015272,1.0132857142857146,0.9571248447204967
213.17392091700003,3.98,1.7200000000000002,3.8,0.1413829690000057,0.1269514530004016,0.1551283700000567,3.8220805852310336,1.313887361991126,3.634267464015272,1.0132857142857146,0.9571248447204967
213.22424009299996,3.96,1.7799999999999998,3.8,0.0472315830002116,0.0332974969996939,0.2054475459999594,3.801249794475496,1.391509971218316,3.634267464015272,1.0363626373626376,0.985874008600095
213.2745449160002,3.96,1.7799999999999998,3.8,0.0975364060004722,0.0836023199999544,0.2557523690002199,3.801249794475496,1.391509971218316,3.634267464015272,1.0363626373626376,0.985874008600095
213.32488622300025,3.99,1.7799999999999998,3.8,0.0039008250005281,0.1339436270000078,0.3060936760002732,3.8324926614411146,1.391509971218316,3.634267464015272,1.0363626373626376,0.9599500955566173
213.3752076689998,3.99,1.81,3.8,0.0542222710000714,0.040297749000274,0.3564151219998166,3.8324926614411146,1.4296852800529212,3.634267464015272,1.0481978021978027,0.9658419493549925
213.42535158400003,3.99,1.81,3.8,0.1043661860003339,0.0904416640005365,0.4065590370000791,3.8324926614411146,1.4296852800529212,3.634267464015272,1.0481978021978027,0.9658419493549925
213.47555171400015,3.98,1.81,3.81,0.0107161460000497,0.1406417940006576,0.0248551570002746,3.8220805852310336,1.4296852800529212,3.6447222116369855,1.0398351648351647,0.9786135929288101
213.52569298100025,3.98,1.7799999999999998,3.81,0.0608574130001215,0.0471047520004503,0.0749964240003464,3.8220805852310336,1.391509971218316,3.6447222116369855,1.0279999999999998,0.9727217391304346
213.57599078600012,3.98,1.7799999999999998,3.81,0.1111552180000217,0.0974025570003505,0.1252942290002465,3.8220805852310336,1.391509971218316,3.6447222116369855,1.0279999999999998,0.9727217391304346
213.6263578930002,3.98,1.7200000000000002,3.8,0.0174410409999836,0.0034846630005631,0.0313350140004331,3.8220805852310336,1.313887361991126,3.634267464015272,1.0132857142857146,0.9571248447204967
213.6766760239998,3.98,1.7200000000000002,3.8,0.0677591719995689,0.0538027940001484,0.0816531450000184,3.8220805852310336,1.313887361991126,3.634267464015272,1.0132857142857146,0.9571248447204967
213.72701444099948,3.98,1.7200000000000002,3.8,0.1180975889992623,0.1041412109998418,0.1319915619997118,3.8220805852310336,1.313887361991126,3.634267464015272,1.0132857142857146,0.9571248447204967
213.7773790049996,3.98,1.7400000000000002,3.8,0.0244904749997658,0.010527710000133,0.0384143359997324,3.8220805852310336,1.339962686047638,3.634267464015272,1.0208901098901102,0.960910511227902
213.82767248500025,3.98,1.7400000000000002,3.8,0.0747839550003846,0.0608211900007518,0.0887078160003511,3.8220805852310336,1.339962686047638,3.634267464015272,1.0208901098901102,0.960910511227902
213.87800337499996,3.98,1.7400000000000002,3.8,0.1251148450000982,0.1111520800004655,0.1390387060000648,3.8220805852310336,1.339962686047638,3.634267464015272,1.0208901098901102,0.960910511227902
213.92836850899948,3.98,1.81,3.78,0.0315142159997776,0.0176045559992417,0.0455331889997978,3.8220805852310336,1.4296852800529212,3.613350245962879,1.0648571428571427,0.9663201863354036
213.978532739,3.98,1.81,3.78,0.0816784460002963,0.0677687859997604,0.0956974190003165,3.8220805852310336,1.4296852800529212,3.613350245962879,1.0648571428571427,0.9663201863354036
214.0288246529999,3.98,1.81,3.79,0.1319703600001958,0.1180606999996598,0.0019100529998468,3.8220805852310336,1.4296852800529212,3.623810149552539,1.0565384615384619,0.970407190635451
214.07916754599955,3.98,1.73,3.79,0.0383204350000596,0.0245217219999176,0.0522529459994984,3.8220805852310336,1.3269513932318695,3.623810149552539,1.0254175824175829,0.9549144051600569
214.12947435600017,3.98,1.73,3.79,0.0886272450006799,0.0748285320005379,0.1025597560001188,3.8220805852310336,1.3269513932318695,3.623810149552539,1.0254175824175829,0.9549144051600569
214.17981461099956,3.98,1.73,3.79,0.1389675000000352,0.1251687869998932,0.0089137019995177,3.8220805852310336,1.3269513932318695,3.623810149552539,1.0254175824175829,0.9549144051600569
214.23014362399957,3.98,1.7599999999999998,3.79,0.0454893950000041,0.0314532469992627,0.0592427149995273,3.8220805852310336,1.3658330791132565,3.623810149552539,1.0369230769230773,0.9606421404682269
214.2804704299997,3.98,1.7599999999999998,3.79,0.0958162010001615,0.0817800529994201,0.1095695209996847,3.8220805852310336,1.3658330791132565,3.623810149552539,1.0369230769230773,0.9606421404682269
214.33074369099995,3.98,1.7599999999999998,3.8,0.002002719000302,0.1320533139996769,0.0158971609998843,3.8220805852310336,1.3658330791132565,3.634267464015272,1.0285824175824179,0.9647399426660292
214.381055928,3.98,1.79,3.8,0.052314956000373,0.0384155330002613,0.0662093979999554,3.8220805852310336,1.4042791745233565,3.634267464015272,1.0402857142857145,0.9705661490683226
214.4313854129996,3.98,1.79,3.8,0.1026444409999385,0.0887450179998268,0.1165388829995208,3.8220805852310336,1.4042791745233565,3.634267464015272,1.0402857142857145,0.9705661490683226
214.48170585200023,3.98,1.79,3.79,0.0090003929999511,0.1390654570004699,0.022864378000122,3.8220805852310336,1.4042791745233565,3.623810149552539,1.048626373626374,0.9664683468705204
214.5320512139997,3.98,1.7799999999999998,3.79,0.0593457549994127,0.0456491029999597,0.0732097399995836,3.8220805852310336,1.391509971218316,3.623810149552539,1.044703296703297,0.9645153368370755
214.5823961719998,3.98,1.7799999999999998,3.79,0.1096907129995088,0.0959940610000558,0.1235546979996797,3.8220805852310336,1.391509971218316,3.623810149552539,1.044703296703297,0.9645153368370755
214.63248880099945,3.98,1.75,3.79,0.0158089049991758,0.0018959119997816,0.0296818379993055,3.8220805852310336,1.3529227620230209,3.623810149552539,1.0330659340659343,0.9587219541328234
214.68281070600003,3.98,1.75,3.79,0.0661308099997768,0.0522178170003826,0.0800037429999065,3.8220805852310336,1.3529227620230209,3.623810149552539,1.0330659340659343,0.9587219541328234
214.7329551659996,3.98,1.75,3.79,0.1162752699992779,0.1023622769998837,0.1301482029994076,3.8220805852310336,1.3529227620230209,3.623810149552539,1.0330659340659343,0.9587219541328234
214.78328823799984,3.98,1.7400000000000002,3.78,0.0226516659995468,0.0083864640000683,0.0367618059999586,3.8220805852310336,1.339962686047638,3.613350245962879,1.0375494505494507,0.9527257047300522
214.833581117,3.98,1.7400000000000002,3.78,0.0729445449997001,0.0586793430002217,0.0870546850001119,3.8220805852310336,1.339962686047638,3.613350245962879,1.0375494505494507,0.9527257047300522
214.88390331499977,3.98,1.7400000000000002,3.78,0.1232667429994762,0.1090015409999978,0.137376882999888,3.8220805852310336,1.339962686047638,3.613350245962879,1.0375494505494507,0.9527257047300522
214.93424872299968,4.0,1.7799999999999998,3.78,0.0297129350001341,0.0154428779997033,0.0437080439996862,3.842902548855487,1.391509971218316,3.613350245962879,1.053021978021978,0.9430805064500716
214.9845783390001,4.0,1.7799999999999998,3.78,0.0800425510005879,0.0657724940001571,0.09403766000014,3.842902548855487,1.391509971218316,3.613350245962879,1.053021978021978,0.9430805064500716
215.03472168699955,4.0,1.7799999999999998,3.8,0.1301858990000255,0.1159158419995947,9.78600000962615e-05,3.842902548855487,1.391509971218316,3.634267464015272,1.0363626373626376,0.9512653129479214
215.085070012,3.97,1.7400000000000002,3.8,0.0364737669997339,0.0222388330003013,0.05044618500051,3.811666302288279,1.339962686047638,3.634267464015272,1.0208901098901102,0.969551815575728
215.13521292099995,3.97,1.7400000000000002,3.8,0.0866166759997213,0.0723817420002888,0.1005890940004974,3.811666302288279,1.339962686047638,3.634267464015272,1.0208901098901102,0.969551815575728
215.185543224,3.97,1.7400000000000002,3.8,0.136946978999731,0.1227120450002985,0.0068999020004412,3.811666302288279,1.339962686047638,3.634267464015272,1.0208901098901102,0.969551815575728
215.23586348499973,3.97,1.82,3.8,0.0431947329998365,0.0290369969998209,0.0572201630002382,3.811666302288279,1.4423245127224316,3.634267464015272,1.0521868131868135,0.9851321309125649
215.2861963739997,3.97,1.82,3.8,0.0935276219997831,0.0793698859997675,0.1075530520001848,3.811666302288279,1.4423245127224316,3.634267464015272,1.0521868131868135,0.9851321309125649
215.3364241629997,3.97,1.82,3.78,0.1437554109998018,0.1295976749997862,0.0139326250000522,3.811666302288279,1.4423245127224316,3.613350245962879,1.0688461538461538,0.9769473244147151
215.38675820000023,3.98,1.7599999999999998,3.78,0.0499026260004029,0.0359644420004769,0.0642666620005911,3.8220805852310336,1.3658330791132565,3.613350245962879,1.0452417582417581,0.9565551361681796
215.4370977789995,3.98,1.7599999999999998,3.78,0.1002422049996312,0.0863040209997052,0.1146062409998194,3.8220805852310336,1.3658330791132565,3.613350245962879,1.0452417582417581,0.9565551361681796
215.4874394669996,3.99,1.7599999999999998,3.81,0.0066355199996905,0.1366457089998221,0.0208718929998212,3.8324926614411146,1.3658330791132565,3.6447222116369855,1.0202197802197799,0.9601854992833254
215.5377580940003,3.99,1.7400000000000002,3.81,0.0569541470003969,0.0431673610000871,0.0711905200005276,3.8324926614411146,1.339962686047638,3.6447222116369855,1.0125274725274724,0.9563560678451987
215.58809500699957,3.99,1.7400000000000002,3.81,0.1072910599996248,0.093504273999315,0.1215274329997555,3.8324926614411146,1.339962686047638,3.6447222116369855,1.0125274725274724,0.9563560678451987
215.6382255259996,3.98,1.7400000000000002,3.79,0.0137307499999224,0.1436347929993644,0.0273855959994762,3.8220805852310336,1.339962686047638,3.623810149552539,1.0292307692307696,0.9568127090300996
215.6885543689996,3.98,1.7799999999999998,3.79,0.0640595929999108,0.0498215689995049,0.0777144389994646,3.8220805852310336,1.391509971218316,3.623810149552539,1.044703296703297,0.9645153368370755
215.73885722500015,3.98,1.7799999999999998,3.79,0.1143624490005095,0.1001244250001036,0.1280172950000633,3.8220805852310336,1.391509971218316,3.623810149552539,1.044703296703297,0.9645153368370755
215.78919346400016,3.98,1.7400000000000002,3.78,0.0204131890004646,0.0065294760006509,0.0343946680004592,3.8220805852310336,1.339962686047638,3.613350245962879,1.0375494505494507,0.9527257047300522
215.839536855,3.98,1.7400000000000002,3.78,0.0707565800003067,0.0568728670004929,0.0847380590003012,3.8220805852310336,1.339962686047638,3.613350245962879,1.0375494505494507,0.9527257047300522
215.88987527799964,3.98,1.7400000000000002,3.78,0.1210950029999367,0.1072112900001229,0.1350764819999312,3.8220805852310336,1.339962686047638,3.613350245962879,1.0375494505494507,0.9527257047300522
215.94020465099948,3.98,1.7400000000000002,3.78,0.1714243759997771,0.1575406629999634,0.1854058549997717,3.8220805852310336,1.339962686047638,3.613350245962879,1.0375494505494507,0.9527257047300522
215.9903620249997,3.98,1.7400000000000002,3.78,0.2215817500000412,0.2076980370002275,0.2355632290000358,3.8220805852310336,1.339962686047638,3.613350245962879,1.0375494505494507,0.9527257047300522
216.04046900999947,3.98,1.7400000000000002,3.78,0.2716887349997705,0.2578050219999568,0.2856702139997651,3.8220805852310336,1.339962686047638,3.613350245962879,1.0375494505494507,0.9527257047300522
216.090797848,3.98,1.7599999999999998,3.83,0.0341294560003007,0.0201964509997196,0.0480593339998449,3.8220805852310336,1.3658330791132565,3.6656240942027862,1.0034285714285716,0.9770981366459623
216.14091595799985,3.98,1.7599999999999998,3.83,0.0842475660001582,0.0703145609995772,0.0981774439997025,3.8220805852310336,1.3658330791132565,3.6656240942027862,1.0034285714285716,0.9770981366459623
216.19105157400008,3.98,1.7599999999999998,3.8,0.1343831820004197,0.1204501769998387,0.0043209980003666,3.8220805852310336,1.3658330791132565,3.634267464015272,1.0285824175824179,0.9647399426660292
216.2413995879997,3.96,1.7799999999999998,3.8,0.0407280700001138,0.0268154360001062,0.0546690119999766,3.801249794475496,1.391509971218316,3.634267464015272,1.0363626373626376,0.985874008600095
216.29173944000013,3.96,1.7799999999999998,3.8,0.0910679220005477,0.0771552880005401,0.1050088640004105,3.801249794475496,1.391509971218316,3.634267464015272,1.0363626373626376,0.985874008600095
216.34206629500025,3.96,1.7799999999999998,3.79,0.1413947770006416,0.1274821430006341,0.0113451090001035,3.801249794475496,1.391509971218316,3.623810149552539,1.044703296703297,0.9817762064022927
216.39239353999983,3.97,1.77,3.79,0.047900219999974,0.0338400069995259,0.061672353999711,3.811666302288279,1.378695035169127,3.623810149552539,1.0408021978021984,0.971214572384137
216.44272856599943,3.97,1.77,3.79,0.0982352459996036,0.0841750329991555,0.1120073799993406,3.811666302288279,1.378695035169127,3.623810149552539,1.0408021978021984,0.971214572384137
216.4928712459996,3.97,1.77,3.81,0.004272454999409,0.1343177129992909,0.0181476159996236,3.811666302288279,1.378695035169127,3.6447222116369855,1.024098901098901,0.9794209746774961
216.54319602600023,3.97,1.77,3.81,0.0545972350000738,0.0409262470002431,0.0684723960002884,3.811666302288279,1.378695035169127,3.6447222116369855,1.024098901098901,0.9794209746774961
216.59354885799985,3.97,1.77,3.81,0.1049500669996632,0.0912790789998325,0.1188252279998778,3.811666302288279,1.378695035169127,3.6447222116369855,1.024098901098901,0.9794209746774961
216.64367711900013,3.97,1.77,3.8,0.0111082940002233,0.1414073400001143,0.0250197889999981,3.811666302288279,1.378695035169127,3.634267464015272,1.0324615384615388,0.9753123745819394
216.69381186099963,3.97,1.7799999999999998,3.8,0.0612430359997233,0.0473168660000737,0.075154530999498,3.811666302288279,1.391509971218316,3.634267464015272,1.0363626373626376,0.9772544433827036
216.74415791699997,3.97,1.7799999999999998,3.8,0.111589092000031,0.0976629220003815,0.1255005869998058,3.811666302288279,1.391509971218316,3.634267464015272,1.0363626373626376,0.9772544433827036
216.79432386000008,3.98,1.7599999999999998,3.79,0.0177362109998284,0.0038401090005208,0.0317255039999508,3.8220805852310336,1.3658330791132565,3.623810149552539,1.0369230769230773,0.9606421404682269
216.8446216989996,3.98,1.7599999999999998,3.79,0.068034049999369,0.0541379480000614,0.0820233429994914,3.8220805852310336,1.3658330791132565,3.623810149552539,1.0369230769230773,0.9606421404682269
216.8949022070001,3.98,1.7599999999999998,3.79,0.1183145579998381,0.1044184560005305,0.1323038509999605,3.8220805852310336,1.3658330791132565,3.623810149552539,1.0369230769230773,0.9606421404682269
216.94503107299988,3.98,1.7799999999999998,3.79,0.0245184460000018,0.0103018580002753,0.0384463939999477,3.8220805852310336,1.391509971218316,3.623810149552539,1.044703296703297,0.9645153368370755
216.995384502,3.98,1.7799999999999998,3.79,0.0748718750000989,0.0606552870003724,0.0887998230000448,3.8220805852310336,1.391509971218316,3.623810149552539,1.044703296703297,0.9645153368370755
217.04552226400028,3.98,1.7799999999999998,3.79,0.125009637000403,0.1107930490006765,0.1389375850003489,3.8220805852310336,1.391509971218316,3.623810149552539,1.044703296703297,0.9645153368370755
217.0957829910003,3.96,1.7799999999999998,3.8,0.0312749200002144,0.0170501540005716,0.045510679000472,3.801249794475496,1.391509971218316,3.634267464015272,1.0363626373626376,0.985874008600095
217.14613173599992,3.96,1.7799999999999998,3.8,0.0816236649998245,0.0673988990001817,0.095859424000082,3.801249794475496,1.391509971218316,3.634267464015272,1.0363626373626376,0.985874008600095
217.19626894199973,3.96,1.7799999999999998,3.78,0.131760870999642,0.1175361049999992,0.0017168539998237,3.801249794475496,1.391509971218316,3.613350245962879,1.053021978021978,0.9776892021022452
217.24653789700005,3.96,1.7599999999999998,3.78,0.0380902830002014,0.0240583830000105,0.0519858090001434,3.801249794475496,1.3658330791132565,3.613350245962879,1.0452417582417581,0.9738160057333968
217.2966548229997,3.96,1.7599999999999998,3.78,0.0882072089998473,0.0741753089996564,0.1021027349997893,3.801249794475496,1.3658330791132565,3.613350245962879,1.0452417582417581,0.9738160057333968
217.3469822699999,3.96,1.7599999999999998,3.79,0.1385346560000471,0.1245027559998561,0.0087791570003901,3.801249794475496,1.3658330791132565,3.623810149552539,1.0369230769230773,0.9779030100334444
217.3971239800003,3.99,1.7400000000000002,3.79,0.0443885240001691,0.0304451950005386,0.0589208670007792,3.8324926614411146,1.339962686047638,3.623810149552539,1.0292307692307696,0.9481496655518395
217.44741334299945,3.99,1.7400000000000002,3.79,0.0946778869993067,0.0807345579996763,0.1092102299999169,3.8324926614411146,1.339962686047638,3.623810149552539,1.0292307692307696,0.9481496655518395
217.497562476,3.98,1.7400000000000002,3.79,0.0010062829996968,0.1308836910002355,0.015079130000231,3.8220805852310336,1.339962686047638,3.623810149552539,1.0292307692307696,0.9568127090300996
217.54785956700016,3.98,1.7400000000000002,3.79,0.0513033739998718,0.0372451410003122,0.065376221000406,3.8220805852310336,1.339962686047638,3.623810149552539,1.0292307692307696,0.9568127090300996
217.59816026299995,3.98,1.7400000000000002,3.79,0.1016040699996665,0.0875458370001069,0.1156769170002007,3.8220805852310336,1.339962686047638,3.623810149552539,1.0292307692307696,0.9568127090300996
217.6484905110001,3.98,1.7400000000000002,3.81,0.0078230180006357,0.1378760850002436,0.0220699460005562,3.8220805852310336,1.339962686047638,3.6447222116369855,1.0125274725274724,0.9650191113234587
217.698628268,3.98,1.77,3.81,0.0579607750005379,0.0439817200003744,0.0722077030004584,3.8220805852310336,1.378695035169127,3.6447222116369855,1.024098901098901,0.9707796703296699
217.74895925999957,3.98,1.77,3.81,0.1082917670000824,0.0943127119999189,0.1225386950000029,3.8220805852310336,1.378695035169127,3.6447222116369855,1.024098901098901,0.9707796703296699
217.79906335400028,3.97,1.79,3.75,0.0146554580005613,0.0005030420006733,0.0283332150002024,3.811666302288279,1.4042791745233565,3.581954773583832,1.0817692307692304,0.9588264214046819
217.8493810399996,3.97,1.79,3.75,0.0649731439998504,0.0508207279999624,0.0786509009994915,3.811666302288279,1.4042791745233565,3.581954773583832,1.0817692307692304,0.9588264214046819
217.8994813999998,3.97,1.79,3.75,0.1150735040000654,0.1009210880001774,0.1287512609997065,3.811666302288279,1.4042791745233565,3.581954773583832,1.0817692307692304,0.9588264214046819
217.94980530300015,3.97,1.7400000000000002,3.79,0.0212026520002837,0.0072743079999781,0.0350834099999701,3.811666302288279,1.339962686047638,3.623810149552539,1.0292307692307696,0.9654540133779259
218.0001384520001,3.97,1.7400000000000002,3.79,0.0715358010002091,0.0576074569999036,0.0854165589998956,3.811666302288279,1.339962686047638,3.623810149552539,1.0292307692307696,0.9654540133779259
218.05046351500005,3.97,1.7400000000000002,3.79,0.1218608640001548,0.1079325199998493,0.1357416219998413,3.811666302288279,1.339962686047638,3.623810149552539,1.0292307692307696,0.9654540133779259
218.10075359199985,3.98,1.82,3.86,0.0281958830000803,0.0145063549998667,0.042340926000179,3.8220805852310336,1.4423245127224316,3.696958209122737,1.0016813186813192,1.0013043956043952
218.1511191089994,3.98,1.82,3.86,0.0785613999996712,0.0648718719994576,0.0927064429997699,3.8220805852310336,1.4423245127224316,3.696958209122737,1.0016813186813192,1.0013043956043952
218.201459074,3.98,1.82,3.86,0.1289013650002743,0.1152118370000607,0.143046408000373,3.8220805852310336,1.4423245127224316,3.696958209122737,1.0016813186813192,1.0013043956043952
218.25176038500013,3.97,1.77,3.78,0.0354793129999961,0.0212799370001448,0.0493180160001429,3.811666302288279,1.378695035169127,3.613350245962879,1.049120879120879,0.9671275680840896
218.30213087599984,3.97,1.77,3.78,0.0858498039997357,0.0716504279998844,0.0996885069998825,3.811666302288279,1.378695035169127,3.613350245962879,1.049120879120879,0.9671275680840896
218.35227482899973,3.97,1.77,3.81,0.1359937569995963,0.121794380999745,0.005708978000257,3.811666302288279,1.378695035169127,3.6447222116369855,1.024098901098901,0.9794209746774961
218.40234985899951,3.98,1.75,3.81,0.0421489820000715,0.0279189659995608,0.055784008000046,3.8220805852310336,1.3529227620230209,3.6447222116369855,1.016362637362637,0.9669283564261825
218.4527052109997,3.98,1.75,3.81,0.0925043340002957,0.0782743179997851,0.1061393600002702,3.8220805852310336,1.3529227620230209,3.6447222116369855,1.016362637362637,0.9669283564261825
218.50284573999943,3.98,1.75,3.85,0.1426448629999868,0.1284148469994761,0.0122696189991984,3.8220805852310336,1.3529227620230209,3.6865159703980663,0.9826923076923078,0.983470735785953
218.55317067899975,3.97,1.77,3.85,0.0488919760000499,0.0347813759999553,0.0625945579995459,3.811666302288279,1.378695035169127,3.6865159703980663,0.9904285714285715,0.9959633540372668
218.60351162699956,3.97,1.77,3.85,0.0992329239998071,0.0851223239997125,0.1129355059993031,3.811666302288279,1.378695035169127,3.6865159703980663,0.9904285714285715,0.9959633540372668
218.65365417199973,3.98,1.77,3.8,0.0051962819998152,0.1352648689999114,0.0191248139999515,3.8220805852310336,1.378695035169127,3.634267464015272,1.0324615384615388,0.9666710702341131
218.70379395999956,3.98,1.7599999999999998,3.8,0.0553360699996119,0.0417335359998105,0.0692646019997482,3.8220805852310336,1.3658330791132565,3.634267464015272,1.0285824175824179,0.9647399426660292
218.75411729000007,3.98,1.7599999999999998,3.8,0.1056594000001496,0.0920568660003482,0.1195879320002859,3.8220805852310336,1.3658330791132565,3.634267464015272,1.0285824175824179,0.9647399426660292
218.80441721599985,3.97,1.7599999999999998,3.78,0.0120013180003297,0.1423567920001005,0.0260904770002525,3.811666302288279,1.3658330791132565,3.613350245962879,1.0452417582417581,0.9651964405160051
218.8545362229997,3.97,1.73,3.78,0.0621203250002508,0.0484740479996617,0.0762094840001736,3.811666302288279,1.3269513932318695,3.613350245962879,1.0337362637362637,0.9594687052078351
218.9046722739995,3.97,1.73,3.78,0.1122563760000048,0.0986100989994156,0.1263455349999276,3.811666302288279,1.3269513932318695,3.613350245962879,1.0337362637362637,0.9594687052078351
218.9549971369997,3.97,1.73,3.78,0.1625812390002465,0.1489349619996574,0.1766703980001693,3.811666302288279,1.3269513932318695,3.613350245962879,1.0337362637362637,0.9594687052078351
219.0051399710001,3.97,1.73,3.78,0.2127240730005724,0.1990777959999832,0.2268132320004952,3.811666302288279,1.3269513932318695,3.613350245962879,1.0337362637362637,0.9594687052078351
219.05546669700016,3.97,1.73,3.78,0.2630507990006663,0.2494045220000771,0.2771399580005891,3.811666302288279,1.3269513932318695,3.613350245962879,1.0337362637362637,0.9594687052078351
219.10560873299983,3.99,1.75,3.76,0.0252735920003033,0.0110219279995362,0.0393742079995718,3.8324926614411146,1.3529227620230209,3.592422580933373,1.057956043956044,0.9378302914476826
219.1559403029996,3.99,1.75,3.76,0.0756051620001017,0.0613534979993346,0.0897057779993701,3.8324926614411146,1.3529227620230209,3.592422580933373,1.057956043956044,0.9378302914476826
219.2062346849998,3.99,1.75,3.76,0.1258995440002763,0.1116478799995093,0.1400001599995448,3.8324926614411146,1.3529227620230209,3.592422580933373,1.057956043956044,0.9378302914476826
219.25658787700013,3.98,1.81,3.78,0.0323335700004463,0.0179794550003862,0.0461803270000018,3.8220805852310336,1.4296852800529212,3.613350245962879,1.0648571428571427,0.9663201863354036
219.3067294399998,3.98,1.81,3.78,0.0824751330001163,0.0681210180000562,0.0963218899996718,3.8220805852310336,1.4296852800529212,3.613350245962879,1.0648571428571427,0.9663201863354036
219.35706103400025,3.98,1.81,3.81,0.1328067270005704,0.1184526120005102,0.0027049850004914,3.8220805852310336,1.4296852800529212,3.6447222116369855,1.0398351648351647,0.9786135929288101
219.4073887369996,3.97,1.7599999999999998,3.81,0.0392948549997527,0.0248557589993652,0.0530326879998028,3.811666302288279,1.3658330791132565,3.6447222116369855,1.0202197802197799,0.9774898471094118
219.4577211169999,3.97,1.7599999999999998,3.81,0.0896272350000799,0.0751881389996924,0.1033650680001301,3.811666302288279,1.3658330791132565,3.6447222116369855,1.0202197802197799,0.9774898471094118
219.5080546930003,3.97,1.7599999999999998,3.8,0.1399608110004919,0.1255217150001044,0.0097699810003177,3.811666302288279,1.3658330791132565,3.634267464015272,1.0285824175824179,0.9733812470138549
219.55840492199968,3.98,1.81,3.8,0.0458068640000419,0.0319081970001207,0.0601202099996953,3.8220805852310336,1.4296852800529212,3.634267464015272,1.0481978021978027,0.9745049928332533
219.60874168099963,3.98,1.81,3.8,0.096143622999989,0.0822449560000677,0.1104569689996424,3.8220805852310336,1.4296852800529212,3.634267464015272,1.0481978021978027,0.9745049928332533
219.6588842579995,3.97,1.81,3.82,0.0022892939996381,0.1323875329999282,0.01664464499936,3.811666302288279,1.4296852800529212,3.6551744144431737,1.0314505494505495,0.9913742952699468
219.70921990900024,3.97,1.7599999999999998,3.82,0.0526249450003888,0.0390620309999576,0.0669802960001106,3.811666302288279,1.3658330791132565,3.6551744144431737,1.011835164835165,0.9816092451027226
219.7595585580002,3.97,1.7599999999999998,3.82,0.1029635940003572,0.089400679999926,0.1173189450000791,3.811666302288279,1.3658330791132565,3.6551744144431737,1.011835164835165,0.9816092451027226
219.8096757839994,3.96,1.7599999999999998,3.81,0.009165330999167,0.1395179059991278,0.0234600559997488,3.801249794475496,1.3658330791132565,3.6447222116369855,1.0202197802197799,0.9861094123268035
219.859989992,3.96,1.83,3.81,0.0594795389997671,0.0455523159998847,0.0737742640003489,3.801249794475496,1.454922678357857,3.6447222116369855,1.047835164835165,0.9998570711896795
219.9101337439997,3.96,1.83,3.81,0.1096232909994796,0.0956960679995972,0.1239180160000614,3.801249794475496,1.454922678357857,3.6447222116369855,1.047835164835165,0.9998570711896795
219.960272757,3.98,1.7400000000000002,3.83,0.015790946999914,0.0018661960002646,0.0296809620003841,3.8220805852310336,1.339962686047638,3.6656240942027862,0.9957362637362639,0.9732687052078351
220.01058179200027,3.98,1.7400000000000002,3.83,0.0660999820001961,0.0521752310005467,0.0799899970006663,3.8220805852310336,1.339962686047638,3.6656240942027862,0.9957362637362639,0.9732687052078351
220.0608132540001,3.98,1.7400000000000002,3.83,0.1163314440000249,0.1024066930003755,0.1302214590004951,3.8220805852310336,1.339962686047638,3.6656240942027862,0.9957362637362639,0.9732687052078351
220.11116112499985,3.98,1.73,3.82,0.0230636409996805,0.0087842789998831,0.0368906599996989,3.8220805852310336,1.3269513932318695,3.6551744144431737,1.0003296703296705,0.9672402054467267
220.16150351600027,3.98,1.73,3.82,0.0734060320000935,0.0591266700002961,0.087233051000112,3.8220805852310336,1.3269513932318695,3.6551744144431737,1.0003296703296705,0.9672402054467267
220.211837504,3.98,1.73,3.82,0.1237400199997864,0.109460657999989,0.1375670389998049,3.8220805852310336,1.3269513932318695,3.6551744144431737,1.0003296703296705,0.9672402054467267
220.2621825619999,3.96,1.82,3.78,0.0297642710002037,0.0158392639996236,0.0439496560002226,3.801249794475496,1.4423245127224316,3.613350245962879,1.0688461538461538,0.9855668896321068
220.3125169240002,3.96,1.82,3.78,0.0800986330004889,0.0661736259999088,0.0942840180005077,3.801249794475496,1.4423245127224316,3.613350245962879,1.0688461538461538,0.9855668896321068
220.3626224970003,3.96,1.82,3.81,0.1302042060005988,0.1162791990000187,0.0004722350004158,3.801249794475496,1.4423245127224316,3.6447222116369855,1.0438241758241757,0.9978602962255134
220.4129384400003,3.97,1.79,3.81,0.0365549580001243,0.022674499000459,0.0507881780004026,3.811666302288279,1.4042791745233565,3.6447222116369855,1.0319230769230767,0.9833160535117051
220.46327395499972,3.97,1.79,3.81,0.0868904729995847,0.0730100139999194,0.1011236929998631,3.811666302288279,1.4042791745233565,3.6447222116369855,1.0319230769230767,0.9833160535117051
220.5136171510003,3.97,1.79,3.79,0.1372336690001248,0.1233532100004595,0.0071903240004758,3.811666302288279,1.4042791745233565,3.623810149552539,1.048626373626374,0.975109651218346
220.563913299,3.98,1.81,3.79,0.0437766519999058,0.0299989280001682,0.0574864720001642,3.8220805852310336,1.4296852800529212,3.623810149552539,1.0565384615384619,0.970407190635451
220.61420219199957,3.98,1.81,3.79,0.0940655449994665,0.0802878209997288,0.1077753649997248,3.8220805852310336,1.4296852800529212,3.623810149552539,1.0565384615384619,0.970407190635451
220.66434650999963,3.96,1.81,3.79,0.0001018909997583,0.1304321389998222,0.1579196829998181,3.801249794475496,1.4296852800529212,3.623810149552539,1.0565384615384619,0.9876680602006683
220.7145279239994,3.96,1.7400000000000002,3.79,0.0502833049995388,0.0363314869991882,0.2081010969995986,3.801249794475496,1.339962686047638,3.623810149552539,1.0292307692307696,0.9740735785953173
220.7648779559995,3.96,1.7400000000000002,3.79,0.1006333369996355,0.0866815189992848,0.2584511289996953,3.801249794475496,1.339962686047638,3.623810149552539,1.0292307692307696,0.9740735785953173
220.81520589399952,3.98,1.7400000000000002,3.79,0.0069755489994349,0.1370094569992943,0.3087790669997048,3.8220805852310336,1.339962686047638,3.623810149552539,1.0292307692307696,0.9568127090300996
220.86534467299956,3.98,1.75,3.79,0.057114327999443,0.043499222999344,0.3589178459997129,3.8220805852310336,1.3529227620230209,3.623810149552539,1.0330659340659343,0.9587219541328234
220.915674074,3.98,1.75,3.79,0.1074437289998968,0.0938286239997978,0.4092472470001667,3.8220805852310336,1.3529227620230209,3.623810149552539,1.0330659340659343,0.9587219541328234
220.965843553,3.98,1.75,3.81,0.0136450239997429,0.1439981029998307,0.0275676769997517,3.8220805852310336,1.3529227620230209,3.6447222116369855,1.016362637362637,0.9669283564261825
221.0160025799996,3.98,1.7400000000000002,3.81,0.0638040509993516,0.0499218929999187,0.0777267039993603,3.8220805852310336,1.339962686047638,3.6447222116369855,1.0125274725274724,0.9650191113234587
221.06637400599996,3.98,1.7400000000000002,3.81,0.1141754769996623,0.1002933190002295,0.128098129999671,3.8220805852310336,1.339962686047638,3.6447222116369855,1.0125274725274724,0.9650191113234587
221.11670309500005,3.97,1.73,3.81,0.0205392600000777,0.0066225740001755,0.0344570450006358,3.811666302288279,1.3269513932318695,3.6447222116369855,1.0087142857142857,0.9717621118012417
221.1670348589996,3.97,1.73,3.81,0.0708710239996435,0.0569543379997412,0.0847888090002015,3.811666302288279,1.3269513932318695,3.6447222116369855,1.0087142857142857,0.9717621118012417
221.2173674810001,3.97,1.73,3.81,0.12120364600014,0.1072869600002377,0.135121431000698,3.811666302288279,1.3269513932318695,3.6447222116369855,1.0087142857142857,0.9717621118012417
221.2677074029998,3.97,1.79,3.81,0.0275625470003433,0.0132643320002898,0.0417682649995185,3.811666302288279,1.4042791745233565,3.6447222116369855,1.0319230769230767,0.9833160535117051
221.3180390159996,3.97,1.79,3.81,0.0778941600001417,0.0635959450000882,0.0920998779993169,3.811666302288279,1.4042791745233565,3.6447222116369855,1.0319230769230767,0.9833160535117051
221.36837580300016,3.97,1.79,3.81,0.1282309470007021,0.1139327320006486,0.1424366649998774,3.811666302288279,1.4042791745233565,3.6447222116369855,1.0319230769230767,0.9833160535117051
221.4186696199995,3.96,1.73,3.78,0.0345645319994218,0.0202521359997263,0.048509107999962,3.801249794475496,1.3269513932318695,3.613350245962879,1.0337362637362637,0.9680882704252264
221.469000176,3.96,1.73,3.78,0.0848950879999392,0.0705826920002437,0.0988396640004793,3.801249794475496,1.3269513932318695,3.613350245962879,1.0337362637362637,0.9680882704252264
221.5193673120002,3.96,1.73,3.79,0.1352622240001437,0.1209498280004481,0.0052182980007273,3.801249794475496,1.3269513932318695,3.623810149552539,1.0254175824175829,0.9721752747252742
221.56947838299948,3.98,1.75,3.79,0.0411513279996142,0.0271046429998023,0.0553293689999918,3.8220805852310336,1.3529227620230209,3.623810149552539,1.0330659340659343,0.9587219541328234
221.6198304139998,3.98,1.75,3.79,0.0915033589999438,0.0774566740001319,0.1056814000003214,3.8220805852310336,1.3529227620230209,3.623810149552539,1.0330659340659343,0.9587219541328234
221.6701595710001,3.98,1.75,3.82,0.1418325160002496,0.1277858310004376,0.012041675000546,3.8220805852310336,1.3529227620230209,3.6551744144431737,1.0079780219780219,0.9710477544194933
221.72049733899985,3.96,1.79,3.82,0.0480835369999113,0.0342217859997617,0.0623794430002817,3.801249794475496,1.4042791745233565,3.6551744144431737,1.0235384615384615,0.9960550167224078
221.77063991199972,3.96,1.79,3.82,0.098226109999814,0.0843643589996645,0.1125220160001845,3.801249794475496,1.4042791745233565,3.6551744144431737,1.0235384615384615,0.9960550167224078
221.82096415999968,3.98,1.79,3.8,0.004570252999656,0.1346886069995889,0.0189823270002307,3.8220805852310336,1.4042791745233565,3.634267464015272,1.0402857142857145,0.9705661490683226
221.87132746299997,3.98,1.7400000000000002,3.8,0.0549335559999235,0.0412987039999279,0.0693456300004982,3.8220805852310336,1.339962686047638,3.634267464015272,1.0208901098901102,0.960910511227902
221.92162546799955,3.98,1.7400000000000002,3.8,0.1052315609995275,0.0915967089995319,0.1196436350001022,3.8220805852310336,1.339962686047638,3.634267464015272,1.0208901098901102,0.960910511227902
221.971967898,3.98,1.7400000000000002,3.8,0.1555739909999829,0.1419391389999873,0.1699860650005575,3.8220805852310336,1.339962686047638,3.634267464015272,1.0208901098901102,0.960910511227902
222.0220837429997,3.98,1.7400000000000002,3.8,0.2056898359996921,0.1920549839996965,0.2201019100002668,3.8220805852310336,1.339962686047638,3.634267464015272,1.0208901098901102,0.960910511227902
222.07222171099968,3.98,1.7400000000000002,3.8,0.2558278039996366,0.242192951999641,0.2702398780002113,3.8220805852310336,1.339962686047638,3.634267464015272,1.0208901098901102,0.960910511227902
222.1225567109996,3.98,1.7400000000000002,3.81,0.0182896540000001,0.0045749649998469,0.0321494290001282,3.8220805852310336,1.339962686047638,3.6447222116369855,1.0125274725274724,0.9650191113234587
222.1726789209997,3.98,1.7400000000000002,3.81,0.0684118640001543,0.0546971750000011,0.0822716390002824,3.8220805852310336,1.339962686047638,3.6447222116369855,1.0125274725274724,0.9650191113234587
222.22301193800013,3.98,1.7400000000000002,3.81,0.1187448810005662,0.105030192000413,0.1326046560006943,3.8220805852310336,1.339962686047638,3.6447222116369855,1.0125274725274724,0.9650191113234587
222.27336192300027,3.98,1.7599999999999998,3.79,0.0253786150005908,0.0111867800005711,0.0392138209999757,3.8220805852310336,1.3658330791132565,3.623810149552539,1.0369230769230773,0.9606421404682269
222.32365794499947,3.98,1.7599999999999998,3.79,0.0756746369997927,0.061482801999773,0.0895098429991776,3.8220805852310336,1.3658330791132565,3.623810149552539,1.0369230769230773,0.9606421404682269
222.37399112299957,3.98,1.7599999999999998,3.79,0.1260078149998662,0.1118159799998466,0.1398430209992511,3.8220805852310336,1.3658330791132565,3.623810149552539,1.0369230769230773,0.9606421404682269
222.424343359,3.96,1.7799999999999998,3.81,0.0321466400000645,0.0183605350002835,0.0460687400000097,3.801249794475496,1.391509971218316,3.6447222116369855,1.0279999999999998,0.9899826086956518
222.47445811600028,3.96,1.7799999999999998,3.81,0.0822613970003658,0.0684752920005848,0.096183497000311,3.801249794475496,1.391509971218316,3.6447222116369855,1.0279999999999998,0.9899826086956518
222.52459731699943,3.96,1.7799999999999998,3.8,0.132400597999549,0.1186144929997681,0.0024505469991709,3.801249794475496,1.391509971218316,3.634267464015272,1.0363626373626376,0.985874008600095
222.57492785199972,3.98,1.79,3.8,0.0387605189998794,0.0248361009998916,0.0527810819994556,3.8220805852310336,1.4042791745233565,3.634267464015272,1.0402857142857145,0.9705661490683226
222.62505133499965,3.98,1.79,3.8,0.0888840019997587,0.0749595839997709,0.1029045649993349,3.8220805852310336,1.4042791745233565,3.634267464015272,1.0402857142857145,0.9705661490683226
222.675381434,3.98,1.79,3.8,0.1392141010001069,0.1252896830001191,0.009154657000181,3.8220805852310336,1.4042791745233565,3.634267464015272,1.0402857142857145,0.9705661490683226
222.72570297199945,3.97,1.7799999999999998,3.8,0.0455675219991462,0.0316507949992228,0.0594761949996609,3.811666302288279,1.391509971218316,3.634267464015272,1.0363626373626376,0.9772544433827036
222.7760402240001,3.97,1.7799999999999998,3.8,0.0959047739997913,0.0819880469998679,0.109813447000306,3.811666302288279,1.391509971218316,3.634267464015272,1.0363626373626376,0.9772544433827036
222.82636566899964,3.96,1.7799999999999998,3.79,0.0022677789993394,0.1323134919994117,0.0161937749999196,3.801249794475496,1.391509971218316,3.623810149552539,1.044703296703297,0.9817762064022927
